x	y
0.638798970596784	0.583443999592152
3.62062366405083	1.43326252584705
0.280914265118506	0.219720270276628
0.136676224470739	0.0411018975580698
0.381137303786912	0.3142080552978
0.801899003991324	0.340962341726034
0.805863302134345	0.344881526276407
0.423315510192861	0.171523923653337
0.132008056168482	0.0393965941991127
0.382255308355117	0.314320458033135
0.770354618422369	0.597679919632747
1.09022878014898	1.45648722448133
0.288029585095572	0.207843952585112
0.16890241563439	0.129806997294497
1.43575974850663	0.470793566917827
-0.490064294266495	0.585602396636179
0.403333195300033	0.294886788592212
0.827136753751799	0.976014815536535
0.289479916147949	0.183344582775662
0.280912914187082	0.200288966636388
1.05131166712168	0.51832133916075
1.13462302061422	1.37532967795836
0.942489035511985	0.636654750818567
0.18720837771848	0.17852576306902
-0.496159487060163	0.422873477774712
-0.22774807216199	0.250644751038081
0.193648907990568	0.18704328920213
0.315279680664316	0.329289929068605
0.505524711177284	0.184537045848412
0.780143878145306	0.733898964869301
-0.125295658073395	0.0754667274458117
0.142408810066052	0.0542361673425508
0.29946796969712	0.19066630452668
0.449967020466414	0.29990375799991
0.138818714405564	0.0354421828043769
-0.32021514796119	0.149671428070455
0.253038637342553	0.269410963129473
-0.100442440905224	0.0618942607397405
0.0315573520709853	0.0297567096739198
0.583609562676664	0.979733644498208
0.259858080650745	0.273788254112274
0.547541924084851	0.648669709103308
0.329211867601554	0.183184981108425
0.631695917381097	0.57489442526098
1.01179148986041	0.390812379931115
0.138618353811657	0.0265211219118666
1.08799756103979	0.821070459962911
1.04703881822428	0.509972446965714
0.308864733868154	0.183523429807684
0.700598350809815	0.449166139163241
0.178048836847814	0.140452390131698
0.134078792067657	0.0578649460468062
0.132811837596966	0.0630790298402102
0.142749517479736	0.0541127615602385
0.68063533742109	0.315154980378067
0.321621162129518	0.349856714161175
0.120710586678799	0.0978676003117592
0.317504661751484	0.324487630401833
0.253390023138161	0.223831736805964
0.593100455834958	0.660917762251493
0.593180602081494	0.309281164073886
0.325224391211421	0.181407603489313
0.833315717529526	0.74837975484864
0.854378784927731	0.625144861246431
1.35363940679599	1.24233845931432
-1.84116096838096	0.76985134303748
0.702691991414391	0.455190036053034
0.5052829367669	0.182279638609026
-1.3388721766076	0.843406444056368
0.0443615729153485	0.0410359240798435
0.337384047070937	0.328420816137343
0.0250826728748699	0.0262241479921911
0.151182784663806	0.173280441996819
0.352266395052308	0.44116783507723
0.0253828029589237	0.0215679227900557
-0.0267562771860282	0.024753003558775
0.00543140494706607	0.00299373150080641
1.00160728954786	0.37399144253537
1.04580566003061	0.510596983508345
1.35250131426759	1.22917818235068
0.290377717169295	0.2000620859523
0.129576970372072	0.0440312204196401
1.80474378076778	0.699429162315007
1.64127933561091	1.51814141877792
0.128296084606295	0.0384571369192157
0.892055697448667	0.468882537065188
-0.284556870582433	0.330016493461926
-0.00282427833495468	0.00218212119131391
0.177967916011797	0.191031976046457
0.817791272078264	1.605117398202
0.44478101067269	0.523714474248556
0.0397766510121635	0.030768693281311
-0.0341556937273703	0.0288262035515736
0.264506202854175	0.27291024855845
0.322114428839613	0.176233795882876
2.72610678817167	1.67606437306938
-0.50501149487898	0.266461656561193
1.44163458322876	0.897583415485501
0.465968667680523	0.312303571130688
0.0804635721728581	0.0587621055745172
-0.0231474934104473	0.0199303694962733
1.22276999925594	1.34780189673786
0.41287686961946	0.422421590314959
0.41643658128564	0.31697753053209
-0.196130221169153	0.133108105903117
0.0295944913312784	0.0180429249135374
0.172583945689918	0.111253773536315
0.565062157855986	0.449441384000474
0.0975942152703363	0.0763297810538646
0.469504089635025	0.519196232533061
-1.36388914758495	1.78903920083474
0.397296753729148	0.315758468828348
0.160927230926377	0.0991429552476882
-0.149642754747711	0.120227421956718
0.505402864023181	0.534510109548832
0.559711538409752	0.443747000997943
-0.126042297810093	0.0743375886664928
0.289319194670719	0.224402551411629
-0.044474167792921	0.029155391733234
0.0405850939410705	0.0250902510976544
-0.0127335280222396	0.00651773065747776
0.939338958818732	0.931145660780595
0.137033206871248	0.0343903632230145
-0.410395358220692	0.174479031259067
3.25139583150282	1.09209130025117
0.642430262122492	0.204551977387731
0.927971507294548	0.243537608899139
-0.247443196598974	0.0821764216093194
0.135931183146639	0.0408601823442341
0.322674333350866	0.175561056546106
-0.113831435314705	0.0453544005783252
0.14129172143153	0.0347637670468945
1.75517869183856	1.35968078018473
0.688477949006759	0.694151244923406
0.737761710455472	0.714818154890699
0.356836120669245	0.325923559973228
0.277984620788319	0.209568414040395
0.905378865104753	0.779925277179465
0.138818714405564	0.0354421828043769
0.139073148904902	0.0266055202308437
0.138169594891086	0.0265198668009027
-1.16180306616162	0.360626829502971
-0.649319222104321	0.16021039083734
0.83590430469944	0.58245082484715
0.132755613913402	0.0400087413766842
0.647664512342753	0.202249453631059
-1.04991224513861	0.426593579308661
0.714668530993332	0.580064900822642
-0.0487327027785657	0.0229315087181471
-0.169671050411924	0.118683202951196
0.833498998940255	0.75102263660046
0.936114566337481	0.616740911502708
1.63992156238536	1.50032137890923
1.38975100084456	1.06901855725387
0.770714663906788	0.602954807287483
0.922124936246008	0.243516971274684
0.142698404858563	0.0359575700897484
0.137716344096337	0.0264356853006178
-1.80190156331263	0.405310176911618
1.95256933090985	0.464168557061862
2.09022812164202	0.945927753511983
2.7285151056673	1.69349023224091
0.461575182805716	0.311888825075679
-1.15714724515563	0.352620115329855
0.638661759222662	0.201540571310924
0.375552887148619	0.168504458190629
-0.0240905194342674	0.0120291227794388
0.301401565753498	0.178856354964015
1.39316312718081	1.68377688281824
1.13191013941466	1.28883345177185
0.376444554248377	0.169557748542405
0.566660486309163	0.542209079890056
0.707596776831696	0.459633201753526
0.640436322744011	0.449469770632199
0.925335174824177	0.243267565805426
0.139073148904902	0.0266055202308437
-1.80211551800213	0.40518546889285
2.7462498006239	0.778261278020301
0.644424999818512	0.207579266186308
-0.112308593694159	0.0453798461062963
-3.09675293313402	0.963861246988004
-1.29515834308224	0.603610157609632
1.0157137322373	0.387976380499905
0.847025302769583	0.618267030993152
0.133181749058595	0.05758539353645
0.497617611980785	0.309128773396498
1.43108326772595	0.478167346987275
1.7959287507101	0.710356981550796
-1.54109898628274	0.564008735008191
-2.58468514934926	0.681926813759725
1.95256933090985	0.464168557061862
1.95584693887656	0.462330835133922
-0.239280214302503	0.0797093161228399
0.140021318652871	0.0676926869719086
1.79492986711335	0.708745443595502
-1.55047641822889	0.558266521798791
1.06919139213085	0.649607095596336
1.07294116064284	0.650814166453407
-0.686438905246482	0.489459389108754
1.06621672681757	1.21624409745637
0.939168299404749	0.925410468596872
2.74438259751335	0.780038400688451
0.922124936246008	0.243516971274684
0.139073148904902	0.0266055202308437
-3.09216987140428	0.960869115746174
1.95338582999428	0.463576578510391
-1.84610423045024	0.772015626597942
-0.242788883618067	0.0808805347641532
3.24830720791551	1.09477551568481
-1.16255649541829	0.360535388481223
-1.54033413653663	0.562613885619299
0.135062527036147	0.0585764555817885
0.139910029191811	0.0737275274388857
1.10410765182089	0.980057192853605
0.262799008482151	0.240729553286536
0.643416512764724	0.769892549443456
0.260752266759394	0.244833901888511
0.263191540009781	0.220791274331568
0.326133769412994	0.181848147179863
-1.54563063269447	0.560692390639586
2.74438259751335	0.780038400688451
0.138618353811657	0.0265211219118666
0.138169594891086	0.0265198668009027
0.138169594891086	0.0265198668009027
1.01352383527603	0.385779054090432
-0.161323141410888	0.0593428238464744
-1.54058228908419	0.558038570704529
1.79870242510895	0.701115077526403
-0.115102540246308	0.0464062353304709
-0.55949296445045	0.358478472713613
-0.0837324810221098	0.0358726282757933
0.0122846798167778	0.00891121396856868
0.64542681911787	0.206101967608227
0.639329222636839	0.203514926064791
1.95338582999428	0.463576578510391
0.929020853400311	0.244303524147299
-3.09216987140428	0.960869115746174
-1.16152021660948	0.35929571617842
1.26163296008449	0.706604794605791
0.50131905120822	0.180918046026188
1.56281777658614	0.77155062890176
-0.20550324866218	0.110926871059089
1.32520075163422	1.36647352719268
0.149087152065227	0.0790073160662764
0.593547714780342	0.730769267323381
-1.16215049582938	0.354329340870658
-0.649677393302236	0.159121336474823
1.42616742954426	0.471762089576048
0.138169594891086	0.0265198668009027
1.30581051293515	0.583204526982758
-0.0475501907233739	0.0222988130244337
-2.0907818935671	0.980234505113829
3.62467162070288	1.43500145314363
-0.165633878223146	0.0608230448483071
-0.0363551582304313	0.0172662991961678
1.38127371666223	1.04968061366915
1.03620426593045	1.10363211597084
0.179764621446044	0.146348055951173
-0.24494356521077	0.162579442023667
0.778032802186299	0.833355638502667
-0.0776718559678329	0.0622775540306987
1.31750988199552	0.570227547973807
1.95338582999428	0.463576578510391
0.138169594891086	0.0265198668009027
0.139088984871223	0.0347391602259325
3.25602807611411	1.08608283170182
-0.744797769739109	0.261223376171582
-1.05895141231782	0.415927378490263
0.646199645243868	0.204301808848624
-1.16501672782279	0.357025208830094
-1.50725533045148	0.77384007585458
-0.933337980402482	0.660271813711632
0.849616312879416	0.608364750390357
0.175463646433836	0.136285734400799
-0.118741657426786	0.0700469549805189
-0.00928310060108008	0.00471639219874149
0.16926962169835	0.134572512834009
1.3792708702625	1.87694126018201
-0.0815537653148348	0.0605434871467758
-0.525900790857102	0.570006760834678
-0.0534340890079301	0.0350754341782296
1.43108326772595	0.478167346987275
0.642202725024316	0.20486814652215
0.13377964661681	0.0339655613686654
-1.10464232687486	0.763169295044389
-0.649319222104321	0.16021039083734
0.134489699809032	0.0400924429288267
0.138169594891086	0.0265198668009027
0.698806344137351	0.450162198334409
-0.294309638956523	0.186560494449217
0.149402562221746	0.0704247842858518
1.11781374229341	0.980864708799695
0.775218541888266	0.463255120635734
3.2493353238897	1.10864834370629
0.173735704771461	0.134548313176364
-0.861805823059399	1.09709703700477
0.350667819792508	0.32507838504209
0.0844390974916838	0.0616098729341483
0.0226094508114292	0.0186543804911684
0.692155152419701	0.699910197623683
-0.162989113995766	0.143299945232901
0.119243800924158	0.102506509506914
0.510446737234796	0.534101223122913
0.45535988572648	0.416995268484146
1.95256933090985	0.464168557061862
0.137716344096337	0.0264356853006178
0.142698404858563	0.0359575700897484
-0.1638005064279	0.0600618571222791
-2.58468514934926	0.681926813759725
0.131708715990167	0.0395807956970691
0.583778573291416	0.299178827424664
-1.46084352797003	1.54554369750589
0.143382236508702	0.0749677394104173
0.171295443124396	0.116320998918512
-0.0680680511034725	0.0299756545667732
1.64053210111768	1.50603736926283
3.62168394400497	1.42736372029797
1.8007131844382	0.713314573443425
0.463349526524584	0.429515114969297
-0.202774448375831	0.15739573648439
0.0668422552512821	0.0454099735566302
0.0544741877641547	0.0330722095902038
0.528285348019554	0.43538118387845
0.734213231868903	0.71310663104865
-0.223652737402035	0.191885142839285
0.505829897534347	0.520111707450495
-0.0528338163483836	0.0407891327719317
0.844881466183266	0.606576583884848
2.74531503858304	0.788587032684406
1.79893570621489	0.71178866805356
0.149331622911852	0.0788356696126062
-1.16105011316119	0.35650557951397
0.925979622549504	0.243736825113843
0.422404303848247	0.170657988200285
-0.0695201634272713	0.0307122955680069
0.780772095947285	0.469007875946361
1.22769737780744	0.815358013136341
2.33415358443588	1.17925118132188
1.95256933090985	0.464168557061862
0.64519752559114	0.205734411961475
0.592662876460902	0.624132368004359
-0.140313400003702	0.110733037434703
0.263918561906455	0.211838279892304
0.646644533438623	0.574603812290727
-0.360224029449597	0.372586756812631
-0.924674917656103	0.776731706673155
0.0213924751888708	0.0161580057998891
0.0916586769728262	0.0710180247239861
-0.318916106345193	0.265116083654731
0.15522028089683	0.0957778146581131
0.642202725024316	0.20486814652215
2.74438259751335	0.780038400688451
1.75610164968017	0.98053614896779
1.31000962917872	0.587023547729711
0.138169594891086	0.0265198668009027
-0.994380561850817	0.502156564887953
1.23690958536149	0.845760609701969
1.76273892483461	1.75590116984482
2.74438259751335	0.780038400688451
0.168783440876584	0.115512618664648
0.459919718081909	0.504963569022916
-0.359698685803645	0.309284223714438
-0.287284407499585	0.259529845352013
-0.488490779854694	0.460021351689865
-1.03081548580417	1.45029665436376
-0.282848992555059	0.239051725545831
0.419180953375318	0.392639672611082
0.836816428532552	0.873237109437807
0.172584639518088	0.128271531524038
0.992641960749981	0.792931132482165
1.43184622835253	0.479292741706694
0.922124936246008	0.243516971274684
0.93002098112329	0.244423585041229
0.135633414284217	0.0464242544434658
0.509725648789814	0.185898565895246
-1.16076621190063	0.359385238156804
0.800079574854174	0.341914550374125
0.126565388852724	0.0378858273324485
0.142698404858563	0.0359575700897484
1.31421957857318	0.580185170467997
0.633716794775829	0.443991390693055
0.808596719059427	0.341954693942453
1.38656321147327	1.0658536949288
0.819058583810634	0.968900394595429
0.0990702318350209	0.0747296817805922
-0.0252816673631208	0.0169340196401566
0.0225811309529018	0.016104079666573
0.406398240954158	0.318819833177912
0.342125978402238	0.328798807919646
0.177790798444363	0.164916391396032
-0.273456505640702	0.252513156668427
-1.01330067176391	0.902014834425988
0.043851933282902	0.0271053219412963
0.277794195376137	0.210337642636073
-0.498898946395903	0.502960097947506
-1.07997324306518	1.13744674322089
-0.542135647454679	0.210886784915037
4.37682117177711	2.23143970561977
-1.51462332274441	0.772846556574775
0.929020853400311	0.244303524147299
1.4308149383669	0.474993175817053
0.132745121169626	0.0512044927375912
-0.790355727518166	0.344828536987334
0.925979622549504	0.243736825113843
0.130755305563244	0.0449465396920763
0.924819524550708	0.242047041172073
-0.650318276706871	0.160755761640221
0.137420997667979	0.0409326259269069
-0.499095452574074	0.260813593123642
1.94242909463503	1.20758288443579
0.676008126999332	0.319754593790644
0.150146184541255	0.107039697666235
-0.93699377223766	1.15446783958727
-0.102050252815112	0.085027518248115
0.483850767936223	0.427097537388699
0.178513178890879	0.151608606080363
0.0129858609455542	0.0107561928324006
-0.536265608980434	0.526759777984353
0.0469967831917182	0.0290028453762263
0.373860893569028	0.319220768282778
-0.949161515789517	1.10396411826603
-1.04249185284138	1.20136313118514
-0.994411312496346	0.989834555342693
0.285049049865203	0.207339921177958
0.132055155653072	0.0449007949188124
-3.09343711568729	0.972052225554497
1.30745495657921	0.576594767890921
3.61956389250147	1.43028882967321
0.63611382542294	0.202940731306447
0.138818714405564	0.0354421828043769
2.3374174774623	1.18988321932547
0.678016177058057	0.317212663858027
0.429738004776667	0.174027388577235
0.926974875419701	0.246284209674963
2.74438259751335	0.780038400688451
0.138169594891086	0.0265198668009027
0.129299133104508	0.0442965545546769
0.136462089423724	0.0521659852124386
0.144164268993008	0.0767049768470646
0.341211342829714	0.327446869090489
0.367904624463925	0.313619123307708
0.265488929994901	0.249189214809933
-0.0124712555561815	0.00856746742381888
-0.575470490854069	0.533470189474327
0.342516713778809	0.325351906641966
-0.13826278973049	0.122266951544562
-0.122751507231594	0.0973805173916644
0.185030024656735	0.153355044194099
-0.0814590389074194	0.06088363979486
0.094146213054228	0.0681051222803618
0.141397024626689	0.0681567972687863
0.141628868364635	0.0268733845859336
-0.16513715295969	0.0588229592009692
-0.109003280378845	0.0437589916598376
4.15772432340643	2.00809868588151
0.639660215207864	0.203910262751024
1.04640926047309	0.506151918367621
1.21054576674013	1.14838661120353
1.21951933025389	1.34880700722461
1.30675103647863	0.583158549436276
0.134165856084599	0.0576733967679437
0.434096757994358	0.173232953749715
0.505513392981901	0.537333885633931
-0.356821570541025	0.344684769295581
0.0920773708773708	0.071468722462541
-0.114094656166328	0.0823325766529851
0.689830033921831	0.691811480853656
0.190788902016615	0.166662276501028
-0.0158822769363285	0.0107974165940804
-0.204538790657057	0.111053599245018
1.79670337293508	0.712109669548487
0.639660215207864	0.203910262751024
0.139073148904902	0.0266055202308437
0.640658905761581	0.203950748563405
-1.54211096447874	0.565956548030536
-0.162239939886213	0.0592022994236757
1.80373891850601	0.704362478450975
-0.753181884414792	0.264903486950086
0.644424999818512	0.207579266186308
0.777553308579163	0.461805751268052
1.35749817623784	1.23753518492069
2.7489176254429	0.781882431670721
0.141628868364635	0.0268733845859336
0.926329332609966	0.245803896301602
0.00106240967358901	0.000682297592782631
0.430650063286997	0.172599137392809
0.13868877388587	0.0462244586825263
0.78270221760621	0.746671285781158
1.40436734481454	1.73954880216127
0.666139480909018	0.577141491138914
0.573481964723114	0.543796455932122
1.20532194427703	1.65761503764946
0.177729792748118	0.126552451622365
-0.6529675927354	0.647366098671528
-0.474638192252039	0.444195309760358
-0.404450554358689	0.385645705231988
0.0341160893342174	0.0260104050145326
-0.401988340601474	0.323837049334201
0.138344953657057	0.0775127140601179
1.01421910313051	0.386497027111194
3.25706867603825	1.08683794724682
1.43396011234821	0.469223739016395
2.7489176254429	0.781882431670721
0.64342341463051	0.205691875654135
1.01913790541463	0.388060093985107
0.642202725024316	0.20486814652215
0.127549585831426	0.0385072991721353
0.131405301493996	0.0450882414222608
3.17532736041875	2.5554116960771
0.297489323551344	0.172199407089057
0.894564543536702	0.482887348561858
1.57473511727112	1.69249165040458
2.74531503858304	0.788587032684406
0.139073148904902	0.0266055202308437
0.802549426834567	0.341570842109923
-0.0639889795266851	0.0278303208344658
-1.8394585479726	0.760055045271395
0.5052829367669	0.182279638609026
0.423569129688094	0.316160193355136
0.274429998519458	0.216344252003713
1.93560088080213	2.65420413043955
0.389224110460774	0.318074784901168
0.272083645216499	0.202460751070376
0.554803473296469	0.543611151266628
-0.00635117299997548	0.00434557517397714
0.380830122950221	0.307245673170117
-0.740572296238112	0.819532367902734
0.0368891050299266	0.0226521508464236
-0.164717030217209	0.0605798459598444
0.138169594891086	0.0265198668009027
-2.58513149511835	0.689509113042442
0.67621243755849	0.318523629907513
-0.375278197967961	0.109168764094764
-0.649677393302236	0.159121336474823
1.08043047266547	0.662565458889096
-2.09399808074663	0.980549459513818
0.151750696290523	0.0871753795102166
0.525966041076262	0.294092560536832
0.668792108502895	0.309603508688491
0.52362170707229	0.294395358329958
0.604813900431536	0.311764552958976
0.925979622549504	0.243736825113843
-2.58945281070023	0.683631203527574
-0.0408476727230379	0.019341110342724
-0.0403242260029834	0.0193820428990159
0.52730401649837	0.297393674465588
1.35589937174702	1.21821389126664
0.305110228352967	0.182705659046032
0.16447526717524	0.110583984582214
0.1695076890049	0.116695245378245
0.000572029279444046	0.00038769896219875
0.14889162321091	0.0909843042934774
-0.00805915106097937	0.00552028172549319
0.162859044303263	0.110096393235958
0.275556097850452	0.215081828219848
0.367637431912443	0.313139735989338
0.01367255642434	0.00982284098278919
-0.198881118236834	0.155476938277029
0.275036569301814	0.205013040402106
-0.00747561420328821	0.00498474334770995
0.134165856084599	0.0576733967679437
1.43575974850663	0.470793566917827
1.43472489627474	0.470301214618162
0.641431038909059	0.206705899790905
1.79971117079625	0.713547256095307
0.132008056168482	0.0393965941991127
-0.500883690466975	0.261110047777789
-0.0735646559976249	0.0319957735231205
0.140372376872732	0.053616539824629
0.423315510192861	0.171523923653337
0.640405137587851	0.454559080740485
0.427316565804675	0.173552865810992
0.130491514010977	0.0447267681525709
1.95338582999428	0.463576578510391
0.644195640504139	0.203891935709909
1.30322855368266	0.568847326115475
1.35748229903475	1.22259640015223
0.129299133104508	0.0442965545546769
-0.54110730002075	0.208535025061615
0.879917160655317	0.884932449993401
0.417393364153714	0.317412853075118
-0.101955924644113	0.0630722703649584
-0.73022630123526	0.765663226197419
0.455761813674757	0.41805009049779
0.1711067293795	0.127682927111873
-0.0684402660754129	0.0439243975598786
-0.235715074917615	0.182759917311553
-0.248752212892453	0.188740431182624
0.382075287503068	0.314844561982178
0.362370015359033	0.321189297730422
0.0888177819865656	0.0648454667332488
0.165812452535831	0.122610283759554
0.684583238635885	0.79182953752642
0.707219862911584	0.57544384333974
-0.654514463701247	0.160265207029626
1.30581051293515	0.583204526982758
0.137716344096337	0.0264356853006178
0.437728343025791	0.174457926214017
1.76681332009606	1.00366687308257
-0.378051187678928	0.111023447161183
-0.367195240283961	0.107121976389446
0.136087829091375	0.0588774350992748
0.323407611898466	0.179130707171667
0.950046216045929	0.63214155768967
1.1266976692806	1.28254927951739
-0.50689796756919	0.264684642295011
-0.50324514103904	0.264685221070966
0.461016924326502	0.310598554314671
1.94478545260605	1.21867203857753
0.501557396458874	0.181763123331669
0.139576085242422	0.0352987079074651
0.138618353811657	0.0265211219118666
0.641203436908402	0.204828865510354
1.30651499432768	0.576631348210832
-2.13233825099018	1.64435320083203
0.890165575625618	0.483506941346857
-0.690130469057588	0.490863309485925
0.148445831388381	0.0773591771478604
1.21157557491262	1.2815833948189
0.449688801558093	0.429038320352632
0.295268366640447	0.21034533964644
0.236252504536941	0.215688814516106
0.389965715210309	0.410090876323769
0.774555507993166	0.722634279743597
-0.0759442541136042	0.0334346828316316
1.95256933090985	0.464168557061862
-0.990425850069935	0.49184607802885
2.09341097070047	0.951512192253766
1.79870242510895	0.701115077526403
3.62467162070288	1.43500145314363
0.133502874099665	0.0402503094723903
2.75160033023002	0.768358222418302
0.377695211068658	0.16778143835423
0.42391891802808	0.1718634323489
0.29990298369935	0.190653620492158
-0.615347122568745	0.505390252199235
0.312755491391899	0.188112064287318
-0.0159625802559145	0.00816784364113754
1.07575168453648	0.665444902236586
0.266101078610612	0.19718332274064
0.49731270282665	0.313406957125558
0.67901757313456	0.322548276957465
0.499677806509618	0.181395612831858
1.33079812756537	1.38913784809352
1.01595055020248	0.392095167936931
0.138169594891086	0.0265198668009027
-0.649319222104321	0.16021039083734
-1.2341138488866	0.921354732766142
-2.30529021472511	1.19334068721116
0.385587919392971	0.173112781481067
-0.479877372865904	0.321533581288936
1.09640120283032	0.828760806296515
0.778502571963684	0.607665107535668
1.55857748584117	2.1173597290901
0.0847197478943203	0.0620167629465356
-0.0152361613836595	0.0102484211739326
0.0742503535809595	0.0521859828965896
0.286997975529248	0.196133392322938
-0.0372392329198524	0.0178452615371284
0.932732691442677	0.241118375689451
-1.80190156331263	0.405310176911618
2.74531503858304	0.788587032684406
0.922124936246008	0.243516971274684
2.7462498006239	0.778261278020301
0.132754372873048	0.0334623448971025
-0.378051187678928	0.111023447161183
-1.05314945343007	0.432914540626917
0.131769780715528	0.0397831026994758
-1.16504556312909	1.0104280430937
2.05789667773705	2.52849357065248
0.935779888753316	0.621709986187417
0.302803524354903	0.195018948137541
-0.111772179401005	0.0451824261502468
0.355166934835866	0.177696998499278
0.459569284494769	0.310584993453723
0.13724319729822	0.0592223725110485
0.420108973752882	0.164317607408098
3.2493353238897	1.10864834370629
1.42795516831077	0.478570790474717
1.95256933090985	0.464168557061862
0.142698404858563	0.0359575700897484
-0.416481328707706	0.233152633629084
0.893336907426423	0.459009184681211
-0.962052011328693	0.589183814558108
-0.398347055471331	0.317212755430155
0.00252155947894874	0.0014461571481751
0.173949800315627	0.139088287629011
0.821728216175041	0.867461506219098
0.262054638067065	0.210687138358862
-0.866716284892481	0.992556024149343
0.172019382770681	0.137599328997451
0.677153505990631	0.875745767631822
0.0683774991951707	0.0588331196368606
0.333035870059239	0.334560752001798
-0.0237284804020216	0.0157972057567147
-0.413800897279462	0.232061063403694
-1.16577583586829	0.360083099240396
1.95338582999428	0.463576578510391
1.95256933090985	0.464168557061862
0.593180602081494	0.309281164073886
3.91752706378917	1.7353819299003
1.79670337293508	0.712109669548487
0.310934042228674	0.187071669004441
-0.407623964469208	0.286914935886415
0.317640936062573	0.190255580713956
-1.69671709878484	2.42424570056027
0.376796890626774	0.170142176796762
0.881757808415821	0.473376481004409
1.04853061351236	0.513497604131398
-0.0407205265960914	0.0192988261865834
1.42395946891673	0.472583961120929
-1.80211551800213	0.40518546889285
1.95256933090985	0.464168557061862
-1.15790256442372	0.35664499176059
0.67847949391579	0.317410086634964
-0.310868877359392	0.142738320808919
-0.96386271560659	0.585124209374518
-0.553634623918634	0.468231827954192
-0.0977015836885173	0.0607425336394113
0.413893207189357	0.314044091734901
0.482002284648539	0.431087935683147
0.344997915205586	0.331840309732337
0.499730406321916	0.434101617851244
1.42086252225857	1.5801474631013
0.375574748471642	0.319993547401386
0.325728085098878	0.179088304085528
-1.54970392395302	0.554224922030208
0.800731449974192	0.3425296464443
1.01074601962064	0.385312386444489
2.09164939921211	0.92707117741017
0.131531340806028	0.0393848494794365
1.01104201595136	0.385305051110661
-2.48571239975504	1.40939147209092
0.439050491899552	0.173072429766276
-0.421496761893385	0.239235651448288
-0.0377495083660824	0.0180459340478604
1.22612009532185	1.33844829615425
1.47544894596477	1.93063886044567
0.977965690081832	1.27631930158991
0.28942657938757	0.199312178742737
1.42293417334597	0.472946291653134
1.05422744141112	0.503185301404268
-0.75074715029621	0.263334856390217
-1.54970392395302	0.554224922030208
1.95338582999428	0.463576578510391
0.922124936246008	0.243516971274684
0.129032375066658	0.0491949992686883
-0.411306378369193	0.173103709879466
-1.50966683121423	0.766768353866185
0.377886634619791	0.308209537535722
0.533528941376039	0.309579589117101
0.0672502398319084	0.0455946389092322
0.38497502350696	0.319211422780619
0.795942393620032	0.94468782931376
0.891305202082847	1.11519580983106
0.77756958468747	0.609046038679734
0.925335174824177	0.243267565805426
-0.240892370455321	0.0792841914193826
-0.165320765543476	0.0607703071733124
-2.086544009172	0.968456901599087
0.63611382542294	0.202940731306447
-1.53600393536492	1.73862043966633
-1.50632860321369	0.78306390660716
1.23679435130017	1.01647279637794
0.781763280042877	0.46221718911543
0.260830110572658	0.251310243777514
0.459768003603287	0.520977993919045
0.619912399723152	0.663689349815869
0.329597521005219	0.180559526036145
-0.371729277964481	0.109124865696984
1.0056115986486	0.378718929959726
1.01172484601803	0.38539678793708
-0.645977108318167	0.157387277340251
0.139576085242422	0.0352987079074651
-1.80211551800213	0.40518546889285
0.133118174577742	0.0572056752888464
-1.05314945343007	0.432914540626917
1.24282909738142	0.856866964624937
0.071939855125135	0.0506850392434868
-0.346822237632115	0.210914435499757
0.27120384200659	0.210121704125647
0.396519032487947	0.314006835871709
-0.0695095974129482	0.04467582865331
-0.0172272001381737	0.0115085220097844
0.422593527096898	0.399614280076483
0.0484240660439872	0.0385845293925098
0.481776052449948	0.533705158816283
0.0616852460020987	0.051912474707162
1.38400813664823	1.85579290655617
0.503634604531393	0.181750809305392
0.133621657798323	0.0257280473816019
3.62254507579789	1.42030496214698
1.95338582999428	0.463576578510391
0.92732486785368	0.24306890205782
-0.374504096873756	0.109063507862746
-0.627909602853766	0.301785951383737
0.941487833217958	0.918282794287821
0.131405301493996	0.0450882414222608
2.02067457028524	1.88581245431751
0.607208653270927	0.559460984818945
0.102905494795747	0.0831857169170337
0.0966459960324542	0.0756455208722414
0.44259406180354	0.318489448680488
0.635629337071609	0.440291025863898
0.355166934835866	0.177696998499278
0.64519752559114	0.205734411961475
-0.748021070817505	0.259437181730533
0.137033206871248	0.0343903632230145
0.138547275345784	0.0347818496624983
-0.750453159564684	0.266070645067511
-0.376823530104554	0.109528132652308
0.679919807501376	0.32283727045987
0.309478884112708	0.187331691331693
1.23423036812076	1.0203501256194
0.600637759822684	0.452760532034838
0.0389589134098372	0.0297000749497617
-0.494870599812814	0.424841804676486
0.554210694173234	0.633436185460348
0.595870438722232	0.448276136682285
0.0353339947530612	0.027359151013005
0.26105360489909	0.217605238431713
0.315442311339943	0.322760751627243
-0.123954467186724	0.100054340250591
0.609697033886668	0.740705872657715
1.79692786302671	0.707950117880233
2.74531503858304	0.788587032684406
0.925335174824177	0.243267565805426
3.25036486382959	1.10725094810752
0.138618353811657	0.0265211219118666
2.74531503858304	0.788587032684406
0.708966485866647	0.460596006302498
1.01421910313051	0.386497027111194
4.16097877385834	2.02236413708478
1.07121133431914	0.653523679132545
-0.710544402457744	0.629907301283575
0.4922394851207	0.308813616969739
0.285622981670296	0.216268018456126
-1.05035571618026	1.19103339833103
0.267111701197313	0.212184597467194
0.640204384260695	0.202440736609696
0.509725648789814	0.185898565895246
-0.645977108318167	0.157387277340251
0.929020853400311	0.244303524147299
-3.4747598518894	1.2627547738838
-0.991555896170336	0.495824086494421
1.26073501187491	0.703010678778448
0.646409456161387	0.456315550530394
0.277693273232046	0.216471613768699
0.0450666704401619	0.0351281786311498
0.705376462309008	0.712768371084264
-0.0184851817920066	0.0126543464623892
1.42682311163348	0.473648243082631
1.95256933090985	0.464168557061862
1.95256933090985	0.464168557061862
0.595999089977532	0.447408206626002
3.2493353238897	1.10864834370629
0.598725183051261	0.311569423495746
-1.0005373008083	0.505499956038138
-0.480998666645569	0.322623364518399
0.134592794005471	0.0641700415292845
0.713491333441405	0.794956540308637
0.525577707800467	0.533673859565017
-0.100616196409573	0.0741704084261968
0.176311653668396	0.144479005778813
0.417938005853743	0.162261495075712
0.782556946883476	0.468514399004779
-0.544995323112593	0.212530818243473
-0.408348196652589	0.173037028474031
0.929670085417592	0.244778423912617
0.132363076767264	0.0509287700513303
0.463532826109295	0.312816742161407
0.166506618011964	0.118677534675713
0.407796297172152	0.299687298329556
0.159233507733561	0.0947875143507104
0.579667882526514	0.556840920865646
0.0661420013293026	0.0447969376514821
0.0765318089788627	0.0534711621325416
-0.102699619460224	0.0631371159748909
0.694302491185011	0.688828122167221
0.0277651898035561	0.0159453611703885
1.15369792960515	1.61462604146678
1.30393006839883	0.56942177286335
-0.54075591557501	0.210281213474268
1.30486661940995	0.575505252631608
-0.0924828924551528	0.0575862352299796
-1.04569085125238	0.424269012979002
-0.78497299551403	0.350548280281777
-0.809396379426777	0.438120267632925
-0.150153252166723	0.119455840996457
-0.140926197279983	0.0999420095848419
0.583648769282165	0.420656077498612
0.167084369485904	0.138306464890183
0.175262007638224	0.129954128294379
-0.0408476727230379	0.019341110342724
0.323849484057832	0.179922635132115
0.85405175165379	0.939267698606061
-0.155169433385086	0.135977558433564
-0.0230427923451496	0.0153701666636243
0.0608583759422101	0.0420669680031525
0.0321750000971317	0.0185006823712492
2.25592866530419	1.72106009010708
-0.199566859598297	0.135280706548428
0.130755305563244	0.0449465396920763
1.56906586296808	1.69270422702014
0.309962810647918	0.188116955312448
-0.0378450501169769	0.0252604914818553
0.464199829033426	0.427932649409407
0.447282465559946	0.604573606311018
0.392907232211683	0.311549591153023
0.416119892378886	0.318378129958868
0.94259334614731	0.923876465453152
1.07096813930458	1.33888919057142
0.0610952482522267	0.0391475642493872
0.598682459165777	0.44848903855305
-0.0377686788419358	0.0179879244873849
0.863433475693307	1.24584175074674
0.344472581131534	0.330353021759864
0.540035361862243	0.44033391748787
0.350513598383148	0.174724844126286
0.701486565689535	0.456922860344248
0.507843929248147	0.179800053798327
0.847191255636811	0.622285606984744
0.281197943123769	0.211996280438465
0.512906792891857	0.44256655059122
0.505732631998575	0.438479507585033
0.264232360661922	0.230005533903938
0.141550612885612	0.0609177590561122
0.348597644657066	0.175401402678834
0.938896541411351	0.618522267843319
0.134176100343271	0.0517130992440637
0.14533800323339	0.0615988451388986
1.76161460404586	0.998795483303276
1.06844600278791	0.645938258603564
0.148105727131772	0.0703326107573974
0.138818714405564	0.0354421828043769
1.95256933090985	0.464168557061862
1.08131915583172	0.659683649750025
0.97827163152258	0.78138977459095
-0.161290361461974	0.114006755046611
0.589304155211854	0.30537197214916
0.14463997922284	0.0767152518515984
1.2585891844166	0.698069358495208
0.151607964539799	0.089801260009441
0.458339695482866	0.520575869368094
0.409818807947786	0.400258373592397
0.680488477207871	0.322481729208535
0.677914322074604	0.316955307292222
0.434040370694926	0.175087333567687
0.12918993805387	0.0442507386000375
1.47485385213354	1.4565333934601
0.660351162021523	0.679170423717293
0.140442051310278	0.0680077678137664
-3.09280325935961	0.972693856185307
0.538961820408129	0.547564506149271
-1.36170791739667	1.36948728556377
-0.491277923862406	0.42646129040713
-0.0358629468373929	0.0171661255268059
-0.0399813777277277	0.0257493210721567
0.00422093687277855	0.00338615515355408
0.261332647857032	0.22249771033214
0.638379224319693	0.584017388858966
0.312755491391899	0.188112064287318
0.523610483682048	0.626699325120601
0.142977463543012	0.132566723571948
0.0201149813322809	0.0165898200240612
0.0682460200661193	0.0655979637984373
-0.0169081461043394	0.0133063109289339
0.151063619554874	0.151831090053082
-1.2928982781811	1.57693975884799
0.750686461720686	0.823739483791721
0.129840797352239	0.0445844341304171
2.74438259751335	0.780038400688451
0.138818714405564	0.0354421828043769
1.7999374187146	0.711558267279855
1.79692786302671	0.707950117880233
0.546881809246467	0.711986490907964
0.0135950442826957	0.0115508779728427
0.639660215207864	0.203910262751024
0.0145229829078511	0.0119705640387982
0.0574925864346215	0.0470759605010987
1.83740119599816	2.61754601000103
-0.734481330443626	0.767989488076141
0.375765201623173	0.423715427144775
0.263512312938834	0.236758908899235
-0.165320765543476	0.0607703071733124
1.31233879202761	0.574741911330394
1.04610704894877	0.51238392387227
-0.158877939651396	0.166580570107276
-0.365013800457416	0.324146885554339
0.364288152420838	0.331853963719276
0.529871657524237	0.711897132312807
0.0618175134849715	0.0588624714057891
0.380569971570732	0.323195456465334
-0.0940316077586462	0.0758513645640124
0.744821220111772	0.903178372869043
0.508112644743841	0.181052724076496
1.043425570183	0.501092341574248
0.370858135706596	0.428050620658532
0.925107964942718	1.23162269428766
1.64402104072585	1.53352911001303
-0.561113865931004	0.602072557186143
0.321805155793956	0.329822210516898
0.0802494118556596	0.056399854517142
0.173735976900718	0.117976451885965
0.0340973714507821	0.0264010882791476
-0.549296380139703	0.640589140105675
0.450302621872131	0.430085489040154
0.556527347983386	0.438866834713325
0.894913891081836	0.483937032853913
0.558272409902035	0.435613751417014
0.031800040795986	0.0245734874170626
0.288686241577341	0.19759742733125
-0.194841545730325	0.104389655596893
0.852378110150183	0.624332070649227
0.93893264395355	0.619671608130507
0.168151475946489	0.10829647497405
0.164006934418502	0.110635523902261
0.155227040594043	0.0933496243708095
0.314415428466466	0.187799648108989
0.156595615045758	0.0936243318646893
0.856960098300585	0.609145689371205
0.135209818222428	0.0699092630715269
0.348722537389473	0.174368151075072
1.5199685134564	1.27747514505456
0.137399928986305	0.0462783386797431
-1.16180306616162	0.360626829502971
1.95256933090985	0.464168557061862
0.130885327755101	0.0498987245955924
0.534487323336968	0.302111441333152
-0.346318211417933	0.211129675496844
0.784478144522496	0.467114068466933
0.145049309813323	0.0757844027592767
-0.348305128540139	0.252573390685348
0.0510665986375095	0.0411992003197664
-0.390346598144683	0.345200071795874
0.816069249285727	0.952901797287274
0.449073795906471	0.528957700543308
0.159287793556977	0.104029133646671
0.179122995480723	0.138357683435174
0.261301928245408	0.279947334394517
1.06916212503574	1.28085621086904
0.412113859208098	0.431774305840242
0.302540810702197	0.190968400042524
0.150267689817327	0.0922826292326726
0.133158803705053	0.0453642825734633
0.0442696892466441	0.0273733716876949
0.144400696090545	0.0621434930904857
0.639959931430763	0.454713131810744
0.130091169232769	0.0495899742716953
-0.245326990717256	0.121743982485993
1.45423149815016	1.39466289359329
0.485103368488994	0.436233889644201
0.690515885455577	0.697820338003331
0.42082305126293	0.31670901719581
0.367256266166789	0.322435419535111
-1.17384759114081	1.02265846476424
1.55287019109846	0.76925670732367
-1.16680976292454	0.361321943590249
0.0684882641313623	0.0465162726069073
0.173794255030596	0.136140428980051
0.561368982933346	0.634385574665691
-1.24416853134173	0.924931677409418
0.149941163743716	0.0957004739561875
0.241204969302853	0.268475474574778
0.0378498398420237	0.0298678855234475
-0.34360691242481	0.344272414768406
-0.165620023471917	0.11354591689664
0.340135403119962	0.322822237706232
0.171849806461728	0.139975370335437
1.26641614923423	1.93593427494175
0.780772095947285	0.469007875946361
0.170203079736387	0.120988682796469
-0.478375726193585	0.319904022015243
1.220033241151	1.3422507532427
0.376932560222406	0.318763333262245
-0.668444756803306	0.711184483866767
0.478738600553007	0.430080564767064
0.401387594224739	0.320127796817189
0.882154019902973	0.896016864426384
0.291610963839094	0.20800925424565
0.441440825376664	0.316202389996366
0.511515645187954	0.445389804869874
0.270501484587397	0.212262583557818
-0.628460326429952	0.518274062642408
0.53003328263074	0.53113300219847
-0.148122143815455	0.0834193013012239
0.380092949818795	0.313185376970812
1.13192215272972	1.27037047000843
-0.0987794831118856	0.0720771357297943
0.0569771554903045	0.0370625957401197
0.611444792448528	0.659852378998197
1.42822224336494	0.477074019570971
-3.09280325935961	0.972693856185307
0.139847419253076	0.0352678773972538
0.895801610751292	0.482529728447923
0.648438632712042	0.204895256444076
0.532207944864342	0.308453143019487
1.50844862578173	1.23571393597857
0.643631315306349	0.442562271075763
-1.23401222380876	0.937147675508134
-0.579020211162504	0.537222669086903
0.273097040484795	0.222813324295695
0.302333767152329	0.205710221852871
0.422680509731446	0.41986786224989
0.161874441549249	0.114880473741008
0.72047244156086	0.598659655276925
1.95256933090985	0.464168557061862
0.129299133104508	0.0442965545546769
0.427615653400743	0.171494994691856
0.500868635500385	0.434404775174708
0.852077772592217	0.625306078253396
-0.289095052660327	0.263178831267602
0.666684026163084	0.563582854437596
0.731651933493971	0.700791129193701
1.07893479811869	1.44155652789411
0.26162936661478	0.219552673037203
0.560332418955161	0.439240101781382
0.472296295725496	0.428140224314013
0.653941860811015	0.769763603741205
0.856616700587285	1.2823651982797
0.175811683848854	0.136374665445817
0.652146082332385	0.745509857760632
0.103320789028189	0.0812087881495214
0.3545690385977	0.323198550072468
0.274960768992282	0.206568971578334
0.368983509869914	0.32383944308854
0.146434843906426	0.135745532342665
0.764637774113464	1.01961781951654
-0.195591145612022	0.154141065771991
0.282258907552201	0.197731542969181
3.61956389250147	1.43028882967321
0.137790482671227	0.0349173015404508
0.925979622549504	0.243736825113843
-2.08446209432403	0.951312069790022
-0.41610152945368	0.237872973031349
0.498034852252634	0.176226213153255
1.30184132398035	0.572606547674884
0.778049978864786	0.460417114239986
-0.466238026338602	0.436389071320032
-0.808833387623778	0.604802624338613
-0.202265294822339	0.136105793175237
0.0622436423138426	0.0399366046452781
0.32058568562268	0.191849437608477
1.1143576216621	1.1356921770753
0.673877631645732	0.591214010557574
-0.343440674219606	0.204588920808112
0.453569544820116	0.305574885328305
0.142425808142815	0.0356096114179749
0.125944161747299	0.0432199706166619
-0.686497561796623	0.488536813568627
-0.232138814840595	0.151241768494745
0.280714853805865	0.202955551134897
0.432121977218676	0.388131385872648
1.06676350795635	1.67507410602257
-0.0190723492080293	0.0148801455672524
0.0680348834410762	0.0455864264395215
-0.265579165910018	0.246063446878103
0.130895317539991	0.118672994403441
-0.564027742870908	0.709590665783049
-0.394345321688403	0.315467977272191
-1.41956824504747	2.26200834392654
0.570315549339222	0.645872212625887
0.825249847657224	1.15949046544242
0.257810266819876	0.247453791429356
0.182519798059273	0.15883050814877
0.141842768862752	0.0673660059643691
0.139576085242422	0.0352987079074651
-1.80190156331263	0.405310176911618
0.137716344096337	0.0264356853006178
-2.58468514934926	0.681926813759725
0.137716344096337	0.0264356853006178
0.133502874099665	0.0402503094723903
0.136983994683607	0.0594233713524571
2.7285151056673	1.69349023224091
0.500618029906439	0.182017934068643
-2.58513149511835	0.689509113042442
0.324716057641229	0.17796387629084
0.292762957738443	0.202426568660518
-0.248486043587533	0.16478319558155
0.43049817563359	0.30245732581698
0.647523356122684	0.579268286437235
0.350959530575851	0.176792753554896
1.35615616607136	1.23343886880763
0.937881450295843	0.917769037779763
1.34572420086337	1.21295647989312
0.800227672723986	0.341851244617158
0.143634190188002	0.0691358678413954
1.11740766137384	1.11083115808122
0.70590022151381	0.461479387790244
0.656834837708564	0.675937559392512
-0.0252859324130381	0.0171171992171315
0.0402462449288318	0.0309777292646225
0.27093786831495	0.210941121832137
-0.179421653246771	0.14286714818012
0.634605195671196	0.763748630588882
-0.480897231312985	0.513188674224355
-0.265659294203675	0.244685687694155
-0.134982660721327	0.119118043951416
-0.0503778487479044	0.0388709766283274
-0.351179633768223	0.28375298827556
0.489124097447747	0.436131305459668
-0.0699830851638515	0.0445262327816007
0.786335909944058	0.609686273503078
0.138818714405564	0.0354421828043769
0.137790482671227	0.0349173015404508
0.925819939961969	0.242168104656227
0.138169594891086	0.0265198668009027
-0.650318276706871	0.160755761640221
1.95338582999428	0.463576578510391
2.88742759763003	1.93327341151271
0.131769780715528	0.0397831026994758
0.142425808142815	0.0356096114179749
-0.244190797351914	0.0812410173227275
-0.809896978026528	0.626598874882549
-0.936429460426329	0.681175504897518
-0.811305259817803	0.705267874049044
1.2225073222658	1.00652993821578
0.428456415599851	0.306741033926938
1.23884131869025	0.857710464946485
1.26627478925569	0.683644699857131
2.74438259751335	0.780038400688451
0.92732486785368	0.24306890205782
0.69964836683165	0.456964056085049
-0.541486546335587	0.211448846736342
3.04035870206127	2.24555442167502
-0.549109587798216	0.457142439851487
0.315786033977421	0.189736792545764
0.979362084902002	0.800423818171579
1.35424544283829	2.09072885483703
0.248525930806045	0.235465268090403
-0.182180574923947	0.142207179781133
0.0484015605251259	0.0393166208942087
-0.361946586954293	0.326204001977166
0.272464416239865	0.243968178277009
0.0843745339314995	0.0596961448506526
-0.371568600244683	0.335072033631777
-0.464172035186874	0.476951899887207
-0.119217088467582	0.0981541731756401
-0.302893689480774	0.296984765186184
-0.245032327168088	0.227500691170475
-0.796321448303745	0.990906174062732
-0.354675549208637	0.319374304208003
-0.320416220239361	0.286804304362456
-0.544211036377329	0.460875399639125
1.06746398212904	0.643336798604393
0.799821312383683	0.341077504348771
1.42692741367696	0.472854481440801
2.74531503858304	0.788587032684406
0.138618353811657	0.0265211219118666
2.7489176254429	0.781882431670721
0.134249836964903	0.0400890519468039
-1.05314945343007	0.432914540626917
0.805863302134345	0.344881526276407
-0.650318276706871	0.160755761640221
1.04392451247498	0.508766194763748
0.64297517144235	0.450391082387442
-0.0270070092091026	0.0127240501393759
-0.0447759107508238	0.0212293438384268
0.679586781493095	0.322193279624011
0.681586248063569	0.594510766917194
0.132279016539978	0.0392355437606514
1.42682311163348	0.473648243082631
1.95338582999428	0.463576578510391
2.74531503858304	0.788587032684406
-0.655163635992096	0.160369482742199
1.79492986711335	0.708745443595502
-0.170436432703462	0.0617900246191095
0.141550612885612	0.0609177590561122
0.589230033474104	0.300220336094309
-0.49948853239185	0.259127459255589
0.845702542808839	0.61414195476041
-0.255586161129574	0.128858089167338
0.6974674464605	0.451576114743261
0.166559358207445	0.106951133086226
0.487052426608035	0.305312333681435
0.169774559221192	0.133375541112146
-0.326860797056565	0.318941642775691
-0.0699339751474898	0.053349499404447
0.0354933071796073	0.0263217482587501
-0.243628040682986	0.161695563777931
-0.270737577215586	0.205658247462118
0.463787815789611	0.529364096398923
0.591995375508653	0.663221074687522
0.459648593790826	0.503949266195326
-0.477937983299698	0.453620411464289
-0.392373198054588	0.309661611805638
-0.0383654211513854	0.0257376388011456
0.453157628170732	0.300830491034662
-0.612717895026621	0.655134826052115
0.190762632420736	0.15172923595576
-0.359823376860538	0.296503580035556
-0.355946960443524	0.258087120133009
0.343578290299853	0.171518747662216
2.74438259751335	0.780038400688451
0.640204384260695	0.202440736609696
2.74531503858304	0.788587032684406
1.95338582999428	0.463576578510391
0.138169594891086	0.0265198668009027
-1.16680976292454	0.361321943590249
0.13398902342509	0.0516991626437089
1.95338582999428	0.463576578510391
0.143458160699927	0.0358142984417619
-4.41040897472431	2.26173168763664
0.136410468281151	0.0654789499443106
0.311865888875587	0.187364439139853
0.779362928713262	0.741873998223881
1.00590738045294	0.913980096912433
0.585567661520915	0.299173789557443
0.773839393498106	0.456351219590347
1.31000962917872	0.587023547729711
3.62767584574932	1.41430462866463
-1.80190156331263	0.405310176911618
-0.650318276706871	0.160755761640221
2.7489176254429	0.781882431670721
-0.654514463701247	0.160265207029626
0.925979622549504	0.243736825113843
0.500379391071303	0.180303967231713
-0.786764539010616	0.351688453432406
0.12685424655362	0.0433860144624846
-1.60844052776995	1.20178555896928
0.135082410408703	0.0518540068368415
1.06881813966392	0.653621868424896
-2.21776471377387	2.6056074810367
-0.963811800803885	0.598510282864319
1.2571483667668	0.700646344545551
-0.295261543551706	0.187600954082304
-0.19698544075993	0.106463602627733
0.16201904140047	0.103730142089269
-0.797152147259906	0.517097065397832
-1.95069753175806	2.84298378228021
1.01294327308703	0.932223376091097
0.33179735490704	0.183285797504435
0.149271753784822	0.083876495744324
-0.964719126522819	0.59795724590223
-0.342745017092596	0.240366262166852
0.387682596445026	0.321908022739368
0.0258171498725042	0.0150446150167594
-0.170000097791816	0.119176078558015
0.700337248435895	0.708158252952195
1.07011240501773	0.644124453640999
-0.202971946001885	0.139017813846636
1.76650436742015	0.995519639791045
0.79993415790714	0.338364150330313
1.05161155852892	0.512954053774621
1.95338582999428	0.463576578510391
0.925335174824177	0.243267565805426
1.95338582999428	0.463576578510391
0.128296084606295	0.0384571369192157
-0.653515136282054	0.159727161117317
0.800522026534657	0.337948009918291
-0.747307028589907	0.257070168685129
0.800473766880362	0.337564218889536
0.937938527150362	0.611141573529393
0.103816397293853	0.0828418280278114
0.283024274589468	0.190614310385269
0.30664438087061	0.197518047787867
0.490460383913589	0.305980236685966
0.805215646329513	0.344267959117367
0.638330742604929	0.20169714697394
-1.1636728295934	0.354558135670583
0.432008318792815	0.17346976405662
0.513691485276999	0.183176320904422
0.131531340806028	0.0393848494794365
-0.243484148452124	0.0808609088407405
1.42822224336494	0.477074019570971
0.311802409031496	0.185954125053185
0.153944797587614	0.0936966178477288
0.00660716075628296	0.00361307644476994
0.388623491057092	0.322543867611961
-0.486652976832347	0.322782896679883
-1.11649505606262	1.07982932319749
0.0181500544016509	0.0105670397229034
0.367637431912443	0.313139735989338
0.439394795660463	0.425525230388364
0.661661537496405	0.687941696670271
-0.283406220369575	0.24006963847608
-0.171995527537164	0.120929377461067
-0.103032083614842	0.0755805725527197
-0.461675690429442	0.424523654054576
0.39929151558753	0.31463918370183
0.172454214880531	0.132842586674578
0.663452479286405	0.927620628810966
-0.748587784586555	0.885007039422471
0.0065157062643891	0.00478911731092835
-0.212265070583959	0.167344179784997
-0.204406086801542	0.16008699044905
0.0798226076720892	0.0557059486055198
0.602709351728983	0.562816460003618
0.742042915198732	0.824625481267472
-0.289572775920711	0.182034878922833
0.139073148904902	0.0266055202308437
0.639433294916704	0.204223062388441
0.646199645243868	0.204301808848624
-0.411128067213352	0.174677879825121
2.09022812164202	0.945927753511983
0.426693155302289	0.171121365968425
-0.165320765543476	0.0607703071733124
0.352797249109913	0.177555138523587
2.11557953809779	1.45959727558079
0.493907398390853	0.420436311522752
-0.109981144721638	0.0444201689309644
-0.377279345813368	0.110037093431777
-1.29119028559759	0.591258882108285
3.25706867603825	1.08683794724682
0.927971507294548	0.243537608899139
-1.53956972045097	0.556149616231128
-1.0534020476836	0.427456809042585
-0.369739934267753	0.108830229788068
-1.8394585479726	0.760055045271395
1.07578376777698	0.652983171670057
-0.402662337142481	0.28278257300719
0.906163325076766	0.782856501020302
-0.347206395730387	0.211146729892519
-0.0712964902096025	0.0456487033105324
-0.410733451674696	0.287578096199015
0.847634121168495	0.609451248416548
-0.171161571796777	0.119653932508278
-0.810634032448617	0.951654162621829
-0.255006166086028	0.217434013076022
0.0678234059034713	0.0475455940105654
0.510871398361616	0.533813922588581
-0.792263327209139	1.02777014061191
-0.66461155655702	0.702995682021407
0.276729660521256	0.244569340005636
0.317511658136944	0.347533917419991
0.96409631175666	1.26932859055877
0.529842028686036	0.439530201389524
0.528631755486024	0.524821424334544
0.779327782822805	1.01094122254555
-0.0134706270869136	0.00910517261417398
0.172160162227432	0.133159182463536
-0.265539124011628	0.202083954363789
-0.268923634155758	0.202547725767879
0.329211867601554	0.183184981108425
0.926974875419701	0.246284209674963
0.139847419253076	0.0352678773972538
0.139073148904902	0.0266055202308437
0.92732486785368	0.24306890205782
0.92113051285893	0.24102514029113
0.486026356333916	0.304212913312732
0.642430262122492	0.204551977387731
0.137790482671227	0.0349173015404508
3.25036486382959	1.10725094810752
1.30416387964273	0.572388740586321
-0.0301530196331434	0.0203040056250291
-0.782775105759389	0.348783751611011
0.132055155653072	0.0449007949188124
-0.0416466417303343	0.0197149381117765
-3.09739452059542	0.972553736075869
-3.09343711568729	0.972052225554497
1.42692741367696	0.472854481440801
-0.990990817453956	0.494538248405413
-0.164403605220993	0.0602516836701797
-0.542135647454679	0.210886784915037
-0.0677711593138181	0.0296365615975666
0.173652918239566	0.123527293992141
-0.403436283440901	0.325732329624475
0.44196002755175	0.317386497067812
0.297631767202273	0.202703715031542
0.154497855914897	0.0950192899360932
0.306309258248521	0.196196193692148
0.865609072807488	0.839572094973947
-0.556529546981668	0.474500973229364
-0.663674005468093	0.64663237150426
0.462760108183125	0.499268258724309
-0.727047010571666	0.708770879147013
0.169714121146166	0.121118211711754
0.330897263001042	0.340465171919675
0.00894238580615375	0.00647008879932079
-0.464270676291137	0.425924203347825
0.170464574945262	0.142282625045043
0.102884133868256	0.0833074463298933
0.196244515569153	0.194295575794084
0.00351025680988627	0.00262377083147809
-0.240171457187587	0.18481943832435
0.273896724034533	0.224064125680302
-0.497843394498516	0.505863483063554
0.329094461830249	0.31069856476023
-0.194634086109884	0.104216236418359
0.929670085417592	0.244778423912617
1.79570418994076	0.710490111832351
1.42395946891673	0.472583961120929
0.509302174481801	0.436456676330998
0.289992378729468	0.184794942375852
0.385402097434157	0.175234603342564
0.510425175538684	0.184248558920947
0.505524711177284	0.184537045848412
-0.108285199909257	0.0433287834682869
-0.649319222104321	0.16021039083734
-1.54186427014847	0.562391050588268
3.25215396833713	1.09944519815717
0.501557396458874	0.181763123331669
1.7611376530105	1.34918362890146
1.24412533468472	0.845019543168486
-0.612950362124269	0.297127994489133
-0.884729198641465	0.896470573939007
0.13749606644855	0.0591220578615644
-0.353011485419551	0.210753982672809
0.430364613697835	0.31017555883882
0.69964836683165	0.456964056085049
1.35192232837811	1.23213535277587
0.401807077461416	0.313482821330283
0.159175912455118	0.103315981049615
-0.59889914668945	0.594214655224633
0.276738051716092	0.20928182472785
-0.0805650232679458	0.0607231769116717
-0.239539960695729	0.185030488593262
-1.06990055906925	1.11887603981727
0.39526897017297	0.30766720013556
0.0102216373693401	0.00737745538209537
-0.0777744150673063	0.0498230823525292
-0.310165538730649	0.231415780000971
0.157508005222798	0.111284552516767
-0.0225190304895607	0.0150201022471892
0.181431300875922	0.149905586513211
0.161776409263056	0.0995896269346711
-0.0433848655051572	0.0334389440851006
0.538505243868514	0.309568301549242
-0.204323820619057	0.11056913325254
3.25215396833713	1.09944519815717
3.25602807611411	1.08608283170182
3.61956389250147	1.43028882967321
0.138818714405564	0.0354421828043769
0.853744298209353	0.622956613186466
0.393285305789054	0.170224137121409
1.30675103647863	0.583158549436276
0.642430262122492	0.204551977387731
1.00659170771323	0.383129425199669
-1.80583314024352	0.404036831265938
0.138618353811657	0.0265211219118666
0.63611382542294	0.202940731306447
-0.107030676983149	0.0432926976170955
-2.09565077547338	0.983693098482494
-0.31798048673079	0.146631263769122
-0.0927175881985998	0.0574382491586411
-1.95220123813111	1.88344676559179
0.729100670744748	0.601815254320781
0.144578826746239	0.0818005978702557
-0.802459613882569	0.613552383196369
0.285162795521219	0.206518975299135
0.0805693157626073	0.0583174853277416
-0.805365561693407	0.834810907568869
0.437819390019484	0.410784628754675
0.411749529924624	0.313036572894581
-0.124158686803412	0.0905631100771738
-0.812035229898712	0.888319006130127
0.0585908688978725	0.0376386676058916
-0.114356706669588	0.0936293804215043
0.271689955332403	0.217423021215192
-0.287714166428664	0.182567976366988
0.424507786606541	0.31904460782311
-0.517040710555409	0.478997165845544
-0.0652811372766008	0.0480201124345694
-0.402920311260513	0.35611093156964
0.165028023552644	0.107559238888405
0.489534199089927	0.437135828807728
0.643170757757213	0.445417646660339
0.923120742885382	0.240835684941142
-1.80583314024352	0.404036831265938
0.795284689827126	0.332185247077478
0.132755613913402	0.0400087413766842
0.795916309961363	0.338880381128544
0.325690211841483	0.181509801595978
-0.169310736207172	0.0622086261971111
1.00999964610321	0.38485082720045
1.94502347156954	1.20749431328111
1.55570247218897	0.782855365464993
3.91440476331281	1.72518419510354
3.25706867603825	1.08683794724682
1.42925034845688	0.471239687923602
-0.256063403138249	0.129353578875543
1.2613896808141	0.6963254443582
1.54902029058638	0.781201794884634
-0.132162750295546	0.0787202872385739
-0.708041233552804	0.565896761005964
0.0232525954857849	0.0166452186773615
0.279905404655942	0.21148195192256
0.303904083917502	0.196043187670835
0.315006010668816	0.189071424448688
-0.261622528052525	0.198010128869798
-0.584371556157781	0.575945918975894
0.500634429092366	0.431779930796903
-0.591101557236097	0.58297702676939
-0.984317207682146	0.978591899285968
-0.503166041979815	0.502815485807502
-0.660483266908384	0.720699808960439
0.182464287778229	0.135990416164718
0.0715615851901893	0.0481238946335367
-0.49715338892876	0.426463634904672
-1.45241908012221	1.55600165978607
0.077137525358899	0.0540545147259423
1.31382774652282	1.54484102515556
-0.635930392768079	0.573303425020281
-0.512077929016202	0.390952960168966
-0.207484909950535	0.160171786066918
-0.0915278026321266	0.0569876831634618
0.994767656946976	0.801562152881057
1.54915667995414	0.775770930689392
1.7959287507101	0.710356981550796
0.428220694818722	0.173585777710766
3.91752706378917	1.7353819299003
0.922124936246008	0.243516971274684
0.134986889048387	0.0462856031126629
0.83591810838484	0.588164446915822
0.351948363377535	0.177489465865794
0.379939133337919	0.170507972710809
0.130438818140713	0.0492796343647623
-0.32479999569909	0.149379464294699
0.128406336433231	0.0527533480346928
-1.80583314024352	0.404036831265938
0.5029366256476	0.181276920282539
1.60730539636011	1.11763338649697
-0.520782667479849	0.396342825997228
-0.160050064673162	0.0923000065324634
0.691426544215145	0.43092679931126
0.0478318524501923	0.0294129349700308
0.170341089394222	0.116853219145934
0.045621810084779	0.0281342423018324
0.273611090432713	0.215423252977293
0.84108521421799	0.61152500512432
0.696601152428138	0.446106721318742
0.844424009287005	0.609321282514854
0.185950430667468	0.147936316558695
-0.17212420306823	0.120648109950576
-1.57184518558309	1.52579833706719
0.524261104238352	0.436475744352962
0.940893848743821	0.926402126155141
0.0580521826091522	0.0375642418155775
-1.29261148440491	1.42503798997722
-0.308267034433019	0.229415605566507
0.361104436141695	0.312537429191828
-1.26337514878745	1.81350187019014
-0.0967516068389626	0.0598125179250669
1.04968097120128	1.1089361241996
1.00519123609707	1.27385149724023
0.525207414562115	0.438947116133939
0.0368891050299266	0.0226521508464236
0.0762392446546621	0.0554624988101262
0.694414850442455	0.450839193450738
3.25602807611411	1.08608283170182
2.34162975603992	1.17408510591033
1.43287798690679	0.475136223572177
1.00780161245042	0.382676369772637
1.07486309386323	0.665184826170886
0.824607087469747	0.711827137468116
1.07762434764127	0.660302031657146
-0.802560409648547	0.435512154020991
0.393958874055371	0.312366680920643
1.29535742230124	1.65264268678641
0.533581548689236	0.308868058929406
0.702358217439678	0.459774289118775
0.453097111476629	0.433077418408557
0.0211661912207243	0.0162511609813532
0.107360821747027	0.0846816921886396
0.534409333272897	0.445592335912701
0.790236885420748	0.742154992746886
-0.16646970712587	0.11564177233633
0.484148548408443	0.430297528525509
0.68259605973543	0.671707515828268
0.48204002727282	0.297789042938289
-0.252447412843261	0.1281387249355
0.128925533708437	0.0438883757730603
1.88986976132785	1.61089132010813
-1.50420155227119	0.771926412902557
-0.322611923661454	0.150307945378287
-0.628273857022233	0.299711950751009
0.526154526010833	0.440624866823859
-0.512192056868712	0.387901698965955
-0.901318777999322	0.853498252841071
0.84672057812435	0.612538159663612
0.278740909257863	0.217699860469078
-0.395051353155082	0.351635530888044
0.334113078259092	0.324317050111399
-0.228611325530844	0.176169418777529
-0.801440730835974	0.893089888911991
-0.204730630824798	0.160977851903199
0.146022427811205	0.0774473055639761
-0.864073861297926	1.00662126733782
-0.177205702573311	0.12307208611008
-0.903547108004555	0.839885150388927
-0.51772969081684	0.481186930353349
0.912387917579274	1.0175521245528
-0.802957737766295	0.88941651492168
-0.265236516189596	0.224201139147943
0.864161788080139	0.998014273348586
0.152412008840583	0.0928079011388692
-0.451844239232356	0.394306941742209
0.104520089033137	0.0782337699566544
-0.804695389833809	0.763834488683048
-0.631681336182866	0.750915278343335
-0.569314857636664	0.5118318175434
-0.618195095910782	0.500461949034008
-0.301777052319438	0.224350837390182
0.682059634362244	0.316834262020844
-1.51881602064381	0.767199189845328
0.134986889048387	0.0462856031126629
3.25318829374075	1.10976895754928
0.142006644110872	0.0613694693171533
0.601223054240365	0.44867373368711
0.435610189267415	0.175668833000029
0.59698332640387	0.313347175901406
0.498071412578534	0.311389758776712
-0.705350069994593	0.566467569939156
0.774282077580506	0.726502485149911
0.401281542031183	0.315190897251789
0.561918390300869	0.449235448802992
0.467676394329526	0.316021392528007
0.782850817191303	0.838392277787608
0.636133203729014	0.570542608248897
0.155745559755013	0.0956620340310566
-0.1202767826547	0.0876425376157863
0.661650283546158	0.783383360572412
0.515471223652805	0.539342072130313
-0.0661169756944645	0.0420616035934995
0.911901608261946	1.02078250212262
0.510819472712071	0.534842654676462
-0.0722551783461891	0.0314374367172661
-0.649319222104321	0.16021039083734
0.508781691198075	0.185680235788344
1.0056115986486	0.378718929959726
0.504580075605894	0.183905699075097
-4.42048316774765	2.26873147008375
0.798646139226464	0.337504409484904
-0.349030753134333	0.250862362235448
-0.194363431896602	0.104379319069532
1.34113714059455	1.1886481277726
0.0589337556216526	0.0374840439033542
-0.317661871595474	0.262706884428135
0.282203696474891	0.204082918587944
0.00520442520852176	0.00356479386174686
0.134463541274738	0.0692989582663144
-0.876885548868832	0.997801979092467
-0.0695847042095529	0.0530441085190419
0.902918014726891	1.0058355399202
-1.43523735159232	1.77020761713465
-0.307852594989683	0.229151417961993
-0.0739646533940051	0.046994986015471
0.0875458049978087	0.0635343108871275
0.371259627509467	0.316884800968645
1.01264411488144	1.29164968040869
-0.401462969226209	0.358676304972762
-0.0777715195256732	0.0581927791130491
-0.876525368676373	0.870179672132456
0.0975806298070526	0.0784249214075436
-0.097083806830667	0.0719036650563329
-0.881743213487152	0.970639396533966
0.258903438933698	0.213981227156599
-0.00116075491971288	0.000787324124060511
-0.624640297241339	0.733399669961664
-0.854033385999572	1.04897882475028
-0.654514463701247	0.160265207029626
0.133264717489137	0.0398651258030508
3.62062366405083	1.43326252584705
0.431680677694771	0.173490632341558
0.284629635911048	0.206722479091129
0.37545098130369	0.322597972175801
0.721867553608548	0.598805042739908
0.453569544820116	0.305574885328305
0.00482495832635843	0.00330295429996875
0.0787954016546504	0.0574081509937781
-0.310806023669746	0.231054201785876
0.0080331494823366	0.00430872913709098
0.28411808984703	0.213626477578138
0.383800223927691	0.172508044420532
-2.58513149511835	0.689509113042442
0.129668624731429	0.0433959453935169
2.09164939921211	0.92707117741017
-0.750699276625547	0.264252450117151
2.7479767545239	0.782066977880158
-0.236008497146937	0.0772385840822939
-0.105225755632128	0.0417262021159788
0.59458867419715	0.308133203077577
0.143634190188002	0.0691358678413954
0.173409177392279	0.123280829523051
-1.75645909514458	1.92877922438305
-0.119754955670926	0.0872633820931472
0.412944699428768	0.313990321314628
0.148158661356655	0.084703943943178
0.166648394227691	0.114274245936846
0.45472525314628	0.435149507945018
1.01416439601631	1.31628606486366
0.170826191177592	0.131902754309562
0.5796843573149	0.561955384982626
0.722209588751399	0.596357656895965
0.00534271812984274	0.00293600753364572
-0.392990942369766	0.345752373775072
0.00989092976846886	0.00717515975851651
-0.284076957337496	0.238988462656765
-0.285621727850777	0.238011236894211
-0.428783882685825	0.406485935099702
0.524255457556924	0.530259195619669
-0.132754998388679	0.107693457702172
0.93286308752417	1.43847979158017
-0.222151328220284	0.18915067178469
-0.585608622590435	0.536349624263372
0.736703903772082	0.727964775838283
0.318569470671631	0.189727453574541
0.925979622549504	0.243736825113843
0.925979622549504	0.243736825113843
0.138169594891086	0.0265198668009027
0.598461877681462	0.453551374283019
0.828440596396026	0.84601148685875
-0.178524981950204	0.142343747657804
0.431080736644072	0.438850264916031
-0.670583373636213	0.752119626451289
0.513528940488825	0.441681945867496
0.396307126945263	0.314930051867842
-0.165633878223146	0.0608230448483071
0.130755305563244	0.0449465396920763
-0.501849695794127	0.267319298776999
-0.418192676023388	0.175766378873563
-1.80211551800213	0.40518546889285
-2.58468514934926	0.681926813759725
-0.782496399399875	0.346012441587796
0.134215547279229	0.0514177099579029
-0.936429460426329	0.681175504897518
-0.23997851337229	0.0797141941925215
-1.11769453033708	1.08883711335307
-0.544211036377329	0.460875399639125
-0.482243191421089	0.459088513609386
0.264083118188442	0.24145497731834
0.177353376144359	0.163980735462378
1.01435156220148	1.30425739401662
0.0119720753632334	0.00890453915579499
0.0960326281528672	0.0770858404981893
-0.208307316321718	0.162273528456859
-0.216252920768558	0.199718859847002
0.592912673488561	0.66433941575329
0.697940574783629	0.710338621257399
-0.101203543507016	0.0750940572344646
-0.729308722766628	0.762201430122578
0.967990956201681	1.25978268821102
0.0980863150669613	0.0781435159021398
-0.553278190429267	0.473062223813416
-0.683378794090562	0.799220772837724
-1.24822607524966	1.65414542946607
0.948793958647885	1.33948568283996
0.907590629278804	0.786255336022006
0.926974875419701	0.246284209674963
1.43472489627474	0.470301214618162
0.925335174824177	0.243267565805426
0.463457237651073	0.311491572308528
0.774832266181922	0.61180835773728
0.591225552584398	0.303958989494778
0.149970514471955	0.0958276116647285
-0.612926400599418	0.655632225653955
-0.736534767727494	0.763376922807599
1.22582755318363	1.59112519383383
-0.718289397090287	0.646846002414052
0.150693249022238	0.0924974705147837
0.687236751950291	0.317244166298431
0.133606661613399	0.0514748615616714
-1.04921291121102	0.426520143491694
-0.545641755228151	0.213156326519175
0.639433294916704	0.204223062388441
0.924819524550708	0.242047041172073
0.392051133148837	0.174048997062589
0.497585522845331	0.312659569644864
-0.324413198642292	0.150873461232606
0.315534427302637	0.188954652957615
-0.142832515450998	0.101609771938799
-0.803237669173413	0.619753909673071
-0.065701873009113	0.041758915646237
1.29566084142809	1.65393498446458
0.2825088247281	0.204576546081407
0.264699953108966	0.249194362914488
0.722747393916176	0.689671162952944
-0.00450620614332845	0.00319568611053294
0.939856469344746	0.934356145944081
0.387540391150533	0.318472586496395
0.338963684141426	0.325446049538671
0.0940917792131632	0.0708575008555615
0.16144027360183	0.110482260108575
0.969054736963551	1.28578537795009
0.404441057107141	0.408458708542235
0.873457353476421	0.893207963456997
0.177191010263934	0.137091283622486
0.264724275461379	0.204868930760365
-0.315963499590651	0.262537536424819
0.558693548809076	0.443650551889542
0.138169594891086	0.0265198668009027
0.137663849025598	0.0410571652515246
1.30745495657921	0.576594767890921
0.141168720466643	0.026788068800843
1.23784642569224	0.855608430046028
0.926974875419701	0.246284209674963
1.13678328683753	1.28162072993343
0.148716832344051	0.0832191547546358
0.307677926640278	0.183747555506078
0.322874734777216	0.174955259061927
-0.0887030828441236	0.0543035013023907
-0.699123918231753	0.558079708248934
-1.48925336539341	1.03936768475363
-0.501849695794127	0.267319298776999
-0.662743475708409	0.393471048484272
0.502930967277417	0.181333117013942
-0.161323141410888	0.0593428238464744
-3.10137332680345	0.953686224961348
0.131531340806028	0.0393848494794365
0.926329332609966	0.245803896301602
-0.117585980803973	0.0464706687035681
-0.243484148452124	0.0808609088407405
-0.162946453117944	0.0926998380240576
0.0175843631824248	0.0102853069189871
0.153324985125872	0.0806573236372931
1.25109187649243	0.845861587043166
0.589496610873298	0.440257407788339
0.164525937573	0.112982168687163
0.372480534136886	0.319806770153136
0.847640070980212	0.611195379725904
0.387518720950688	0.302653126023666
0.350173215554364	0.303867548566797
0.352923075666991	0.321198232167309
0.261875276945815	0.20238424334269
0.27266890101267	0.213095640355286
0.718797619904602	0.603260956488607
0.285701672018598	0.222396246789726
0.965689254712695	1.05816251262536
-0.941445455330011	1.1443920430936
0.780549278647823	0.735469044679663
0.16503721095119	0.10784422903546
-0.0814394169922046	0.0343170061769372
-1.80190156331263	0.405310176911618
2.55418186188466	1.39805780882684
-0.650959635012338	0.159168476600347
-1.80190156331263	0.405310176911618
1.95256933090985	0.464168557061862
0.141168720466643	0.026788068800843
0.926974875419701	0.246284209674963
1.55570247218897	0.782855365464993
0.65906709682327	0.543544642898489
0.673205779680058	0.313033819267461
0.707130661638734	0.458285179888861
-0.279855314309947	0.233169636836248
0.0694369974952008	0.0463897011542896
-0.218784390376504	0.185694141057408
0.60026485033585	0.312958239507999
0.701018834486638	0.45882024685933
1.74879809718222	1.32065520344156
-0.320337112597726	0.141387213139654
0.946078064071509	0.639863645465915
-0.246989071171801	0.0815311001871286
2.74531503858304	0.788587032684406
-0.650815605433229	0.158518447092606
0.500618029906439	0.182017934068643
0.945636996194088	0.626367660674698
1.21538743383316	1.45770852041816
1.23422499010925	1.02914892709523
0.170874107321177	0.117478936389965
0.0813984454917818	0.0595993212066524
0.0873489258034815	0.0616593331760336
0.285873002092082	0.193229244097114
0.164864599753985	0.106733686507785
-0.735670629144067	0.826110468101724
-0.203606728191347	0.139636281309953
0.654677760812457	0.674252870909237
-0.0954765813860122	0.0595086227884656
-1.11871228893889	1.34235532415139
-0.592555547608193	0.431783407302254
0.412575147820594	0.419689582763721
1.12867612539651	1.26526897071981
0.0570907943059672	0.0369555946847297
-0.0144096188023716	0.0073213259877231
0.49898443235573	0.178007754271525
1.75519890321348	0.978091642528358
0.641657829571976	0.201878292806112
-1.16180306616162	0.360626829502971
1.95256933090985	0.464168557061862
0.644424999818512	0.207579266186308
0.697033759660621	0.450156369632086
-0.232700432877555	0.178189584856609
0.153845804977022	0.0947455877844766
-0.558675027125107	0.347122968085993
0.0556129810334784	0.0361752939221543
-0.474900468208853	0.453749934988457
-0.409991943721864	0.233178469696038
0.152066884413312	0.0914502781343254
-0.243048129599448	0.118730319952966
0.136312874682243	0.0520703340699958
-0.108082987312271	0.0432721314557777
0.130491514010977	0.0447267681525709
0.776607538636664	0.466614224872673
-0.0127585960830867	0.00872788689670571
0.101101909809183	0.0766872604833703
0.121000028775479	0.0982559855064461
0.829297283526042	0.87261057167562
0.157824795561108	0.100951592192546
0.15267531048654	0.0871165652213762
0.950657113701352	0.929436857739871
-0.140942406175153	0.100711543851831
-0.441639817010926	0.379349246150448
-0.664996882854804	0.702437999703866
0.349948756143753	0.324537872241762
-0.618697448348946	0.656564598274961
-0.564001761451264	0.512641373800955
-0.264340414061322	0.200976053347624
-0.0347386055806975	0.023213590370201
-0.0251799809231205	0.0169481495424361
0.929670085417592	0.244778423912617
0.375197097187348	0.166557126552691
0.642202725024316	0.20486814652215
-1.05736215907531	0.428360693277262
0.141628868364635	0.0268733845859336
1.04949426648492	0.516016321322475
0.802485658744588	0.340222262255854
0.162310618475828	0.0981613968847593
0.776582944168087	0.607838465267924
0.83516184040109	0.8753662910433
0.134591946509405	0.0579261095380684
-0.342380233808315	0.207682345894588
0.173435594675489	0.118280363692614
-1.18913609529939	0.659975305537025
-0.0264901312274883	0.0177166819844671
0.958361636925343	1.7267020326872
-0.489377282432707	0.528408898250599
0.438797123658839	0.317257103355795
0.262209422926406	0.240060908095913
-0.0560609234166093	0.0424004667355665
0.352771371453344	0.315053429621004
0.156059096448896	0.0939521646992352
0.0590020365910911	0.0398274253185288
1.30675103647863	0.583158549436276
-0.960988697201818	0.588993893045247
0.137787655534592	0.0660486040468317
-0.193292163581704	0.101986475434634
0.416935475378132	0.314569450322298
0.141818452528163	0.0684951199970843
1.07397484779995	0.663192390518348
1.23962416245091	0.85604592186507
0.292670504338323	0.187409969976932
-0.352215523556188	0.251084711590337
-0.704034513298724	0.56019610031207
0.259592053127891	0.197937791483395
-0.676602210049376	0.710335054167107
-0.200835401797974	0.174044822953508
0.155318025003376	0.180552902803481
-0.000248711951380324	0.000385653168102718
0.103264229381772	0.0812929755537939
0.363340281385885	0.315882300688306
0.944298841684532	0.639229494312398
0.340973152748571	0.317290430513338
0.790625277239839	0.958358116962508
0.862951689925773	0.997485356986358
-0.0950666289568554	0.0589875465520898
-0.100025708343896	0.0739008580553903
-0.0125916043226065	0.00994633180337546
-0.558744434916952	0.351031931509743
-0.411776051091455	0.227164434302649
-0.400639965011259	0.321028595184404
-0.0699506925423846	0.0571911537256776
-0.0658883790103726	0.0418618558307545
-0.100015386389712	0.0796170310111076
0.494008938234153	0.525531092510508
0.0820230945354259	0.0574361783494523
0.272391942068099	0.247232128590488
0.573493335281525	0.547685504391764
0.704062839655227	0.459853197625308
-0.273044536895182	0.206299656192199
0.672409814316637	0.590624753927333
0.63127555109063	0.57279548556179
0.0553093303201845	0.0358868202873372
0.0325955537649922	0.01874733283992
0.664857387503634	0.570582025002724
0.0188303279551793	0.0134860871138056
-0.227919001235765	0.174119029289763
0.97485575404609	1.05724452668887
0.271023835675968	0.218346868035731
1.13709021246689	1.3926270304274
-0.588569337057582	0.58472526960691
-0.132962675235567	0.0933551618112363
0.0169781450880236	0.0125657225682504
-0.565647490172486	0.515694863242872
0.140150182419111	0.135383859503614
-0.200507622475937	0.188030897180115
0.382538489331006	0.172659190283577
0.140495897635385	0.0670939268284211
0.582836188942404	0.283827514707294
1.25288450950533	0.691168848705252
0.600408152753911	0.455299624477004
0.609829079092999	0.566544442182591
0.170035020411303	0.130216241579099
0.860928639418434	0.985690540557342
0.28560183930277	0.205884264517879
0.362580124089107	0.301549313440964
-0.408916272225057	0.173941516536407
2.74438259751335	0.780038400688451
1.23784642569224	0.855608430046028
-1.84561761110929	0.76467611260434
-2.58513149511835	0.689509113042442
0.926974875419701	0.246284209674963
1.7742619100594	1.74828674821468
0.68954086104209	0.691574135608416
-0.322286103878665	0.269089834956879
-0.422365218697389	0.353335092856123
-0.521370919774611	0.400532199529658
-0.396441980814888	0.352320754760052
0.377589671316638	0.318835679362186
0.276738051716092	0.20928182472785
-0.175244146626828	0.138371973528906
0.0285902305841608	0.0214294087390311
0.972044926367602	1.05891585169788
0.590285044628455	0.541712710919423
-0.882974917522007	0.957470931605963
0.728445997872414	0.777005689635847
-0.0415038400726069	0.0318979581218724
-0.490751545939916	0.495805293636547
0.280024417391153	0.212186067353598
-0.685192651742839	0.805260291065334
0.178569673936569	0.137342553893909
0.163861897962387	0.112617733562153
0.926974875419701	0.246284209674963
-0.378051187678928	0.111023447161183
3.2493353238897	1.10864834370629
1.04241308028933	0.504129640351315
0.535413847035048	0.307549373309013
0.1486527096466	0.0947290654003288
0.899951460103426	0.784543956000798
0.676543796411754	0.318693570596001
0.718282477969226	0.601661660339215
0.902213850785946	0.776435662291011
0.481275835217153	0.421511389235153
0.5657807600199	0.446992363297597
1.44197655829195	0.904947505639359
3.25422405878576	1.0988640104023
-0.372967191440885	0.109879462987979
1.95338582999428	0.463576578510391
-1.16076621190063	0.359385238156804
0.927971507294548	0.243537608899139
2.7489176254429	0.781882431670721
0.798352457333502	0.337241992966303
1.55570247218897	0.782855365464993
0.426393633919265	0.172449504151539
0.676543796411754	0.318693570596001
0.351855533995267	0.177414109176794
0.143217043612394	0.0685617850782196
0.631356646663569	0.560315058318446
0.378418700933719	0.308810279445255
-0.301371633806758	0.219853360435971
-0.306901451501396	0.229110410662347
0.32353759342515	0.175775610304843
0.0288266335243768	0.0166119229928816
-0.173478961855209	0.121255316946571
0.167073701206329	0.108301583512884
-0.391365174265775	0.346052144171782
0.780649210890249	0.739001499482209
-0.343071463903236	0.209516423179799
0.393895985008449	0.321899204096132
-0.959622094847714	1.00586897256003
0.0385376290957002	0.023338806776851
0.166532734561727	0.123801462559657
0.774623880214994	0.832908182996954
-0.198099228381439	0.1329978830134
-0.904567345925807	0.832609135581174
-1.69234879490996	0.972309648458818
-1.16180306616162	0.360626829502971
2.74438259751335	0.780038400688451
2.7489176254429	0.781882431670721
0.889817632427664	0.484607505046141
2.38769820217186	1.99402248256361
0.332287632090035	0.181694918829635
0.484900901357148	0.301943131283354
1.23836177193817	0.843038593534495
0.698711862895047	0.452567144715032
0.780707743397437	0.467279309919693
-0.316022080983116	0.146006075452428
2.54457884186562	1.43608686752379
1.23422499010925	1.02914892709523
-0.271215695839528	0.203800115136187
1.28909722738055	1.77998808317546
1.11663305155135	1.13482490485526
-0.474180988162002	0.322244241654996
0.690292021548876	0.689261654231792
0.0707684618014431	0.0491368191939868
0.282028830452707	0.213962227250083
0.302157108684827	0.196854860407456
1.30581051293515	0.583204526982758
0.432008318792815	0.17346976405662
-0.239280214302503	0.0797093161228399
1.00757101741344	0.384130201865198
0.514634173115622	0.182351399478498
-0.233669347970905	0.0757278585341488
1.43184622835253	0.479292741706694
0.341318844635061	0.168741967961198
1.46715562282171	1.45620746984174
0.175840469880744	0.130392235627587
0.4249100078553	0.434279155231798
0.573709451805497	0.642496217365915
0.354597983949437	0.311487847291511
-0.168050816537948	0.116055264099207
0.93494705595224	1.12439622020415
0.767389231236739	1.01373588584003
-1.01833713810637	0.933878205483084
-0.104020256287429	0.0772026968420921
-0.186648066321579	0.173467391866492
-1.92410011675754	3.16561072842151
-0.31908786107572	0.264540268954334
-0.173074648261874	0.136936230567546
0.787095414013223	0.841369081092552
0.702388788405758	0.712995825134753
0.68804388358745	0.801294391580703
-0.590863183765288	0.590474125498172
-1.68718720655691	0.95794253790149
-0.75074715029621	0.263334856390217
1.8007131844382	0.713314573443425
1.43287798690679	0.475136223572177
0.633434137398918	0.4415128957787
0.600575001275784	0.555737636582636
-0.200065421606392	0.107167776520317
0.168324051573479	0.109431032178125
-0.5938586232102	0.434481870668812
0.346836388680473	0.172909792582344
-0.396940290208239	0.162304664820958
1.01595055020248	0.392095167936931
0.135633414284217	0.0464242544434658
1.01567277122693	0.953253847937632
0.631050751499246	0.567731340452914
0.266972800760354	0.215669797902911
0.347837899706598	0.315046782444035
0.165135437188714	0.123740938070789
0.390024264242006	0.318849871004119
-0.147300199501796	0.105762511039181
-0.193400530506507	0.130266821701152
0.165686580521206	0.116324378181691
0.62063645762231	0.677696003602101
-1.00400691473145	0.492334791892232
2.74438259751335	0.780038400688451
-0.786496231567495	0.35210829920392
0.674738698940861	0.318159306432389
0.132755613913402	0.0400087413766842
0.139073148904902	0.0266055202308437
-0.371963944093828	0.110621992809151
1.07622033844704	0.647537011568654
0.414036432979895	0.308509039549227
0.484347836368872	0.298598907652647
0.735533096860911	0.719074007810533
0.141714722411298	0.0712295129681696
1.04666816531786	1.09490483356716
0.464301387894047	0.316057721534258
-0.3602294332897	0.296579184043238
0.779186960021535	0.740450881930839
0.0274394867574882	0.0208098798179188
-0.887322628601503	0.896591146814113
0.284599042751005	0.223420145078255
0.606516686782292	0.566047785598727
-0.569083507492986	0.613055509201492
0.138737738567382	0.130855147859773
1.10011834756654	1.56609601448373
-0.124084529176168	0.0901829301758466
0.0460395547607762	0.0284025430857886
0.418126526734537	0.411088197746088
1.03458019128023	1.41520816394812
-0.211267870340773	0.166470202541937
0.268437562914	0.217318892892878
0.31985425027671	0.175523659457272
0.50457577546401	0.182045166120913
0.138818714405564	0.0354421828043769
0.923120742885382	0.240835684941142
2.7462498006239	0.778261278020301
0.718797619904602	0.603260956488607
0.0681604606725196	0.0455064651668338
0.670442384053773	0.570959171496127
0.914020430761822	1.01629395679312
0.274639307173712	0.202711647167975
0.00999553523515237	0.00526305789185897
0.409563227391548	0.30802742124601
0.153434402618045	0.0926072530819212
-0.923102305482193	0.780358387471852
1.014729443048	0.384082142894649
0.131769780715528	0.0397831026994758
0.431906529378716	0.175733526773866
0.644373497941191	0.455406712016039
0.603038197594309	0.564962491409295
-0.918635102786188	0.783103938681474
-0.288117373430343	0.179735695742422
-0.050042484715146	0.0323012420707644
0.433948953255829	0.307423189891222
0.0561492579756772	0.0364914074929368
0.287247469505232	0.19468745617046
0.169478833562179	0.122665515752478
0.555782886275914	0.437223327488698
0.0203396144734628	0.0118117582046097
-0.557562304394119	0.359237773984332
-0.684866778943095	0.477582156976406
-0.169912448780061	0.0622831802819851
-0.0676622360884758	0.02992921492593
0.141628868364635	0.0268733845859336
0.138547275345784	0.0347818496624983
-0.373501444264572	0.109780204795531
1.43575974850663	0.470793566917827
0.78433484424476	0.613412543922262
0.0320355659965531	0.0195968620268051
0.139831411351566	0.0604737041518335
0.977804147281102	0.775939748737153
1.21763637280054	1.9285212536103
0.738388529556592	0.719071572159143
0.175872375131547	0.144996177762399
0.162189339576128	0.11055554691864
-0.794122904331453	1.067680040387
0.337429135673692	0.337271124789756
0.179596317357577	0.132636316870183
-0.323137004478394	0.291800796407728
0.256508441619109	0.239325805677318
-0.893214263537371	0.831427012857795
0.268292637443406	0.24445978758194
-0.599163927347301	0.597693633972999
0.271467371203264	0.213511627322552
0.69402071712006	0.705366542826948
0.147498881969906	0.0778298328142824
0.929020853400311	0.244303524147299
3.25215396833713	1.09944519815717
1.04853061351236	0.513497604131398
1.01005776396623	0.384301698232896
-0.110905120216736	0.0445697256579797
0.5577515686527	0.434058760988701
0.0051775096618239	0.00285080814039415
0.566306774894441	0.445547907684526
0.47540598152772	0.417240039212177
0.0588614047934574	0.0377690756927803
-0.0906790751565575	0.0558879914803623
-0.23246557238259	0.151432627880904
0.990408731763952	0.802406889048243
0.136830459600047	0.0655384176084928
-0.540837584872468	0.211287314007882
2.10425414613457	0.892632294058333
1.54902029058638	0.781201794884634
0.590333110076841	0.306251610857702
0.669362885078376	0.312953224659921
0.345941728992265	0.171660198701496
-0.128877785661139	0.0770334694767793
-1.16913218177426	0.99942448083427
0.0369011462050894	0.0226108130037285
0.981177777631542	0.799465585263138
0.456527172122197	0.311158689575115
-0.0206464545796692	0.0103934861944775
-0.201897578711023	0.157709344902306
0.135125881955029	0.0580528793614783
-0.810145581268313	0.702273689920946
-0.247688428186081	0.0823916105388393
0.640432049403559	0.206671110179374
2.09585894837114	0.936292485162918
0.132517398019614	0.0400248322660559
0.139073148904902	0.0266055202308437
0.926329332609966	0.245803896301602
0.13377964661681	0.0339655613686654
0.350959530575851	0.176792753554896
0.384863489590947	0.174885684504261
0.0106563878759832	0.00575576405603392
0.60028094258571	0.447104273653591
0.697984643749156	0.451518515670747
0.671128912332867	0.586136299352986
1.11145386073227	0.990021951862145
-0.666366130698674	0.397561324527142
0.460649851556271	0.311428202355495
-0.481608873189368	0.321068799426412
0.642830821387608	0.578823265522194
-0.89534227703343	0.833286192968955
0.025930441083027	0.0150634036455315
0.59493479458605	0.446479224555982
0.0360602964012871	0.0220737613617309
0.174734092744843	0.129191971696023
-0.118931108837435	0.0864871339061646
0.0433136112619036	0.0268014019914284
0.393851827420363	0.312404435596672
0.304701739463764	0.181002545282319
-1.05973279456433	0.851788068740992
0.139073148904902	0.0266055202308437
2.54575867812259	1.4321066058611
0.137716344096337	0.0264356853006178
1.80195797435116	0.697288209820227
0.149068546866524	0.0855890905242957
0.982174992415876	0.796528978283268
0.714590317532071	0.58410862929416
0.158058604581827	0.0817175043499645
1.55479791616394	0.782861546376213
-0.670782508441562	0.385163616163356
-0.0944066087502069	0.0589725299098313
0.130874208255148	0.0563379918698503
-0.906373938773634	0.726021080991265
0.544782735472217	0.311505959198864
-0.19698544075993	0.106463602627733
1.38207632912802	1.03250156932944
0.357854963584736	0.178888034428816
-2.58513149511835	0.689509113042442
0.646660380501026	0.201890156969149
0.942509703067891	0.616486072612498
-1.1667223318261	1.02966416151354
0.297082227034654	0.188626005036876
1.21978656188972	1.1727331745565
0.264480667386367	0.211237121928065
0.94824036267014	0.636817206528623
0.150693249022238	0.0924974705147837
0.167181718532307	0.119307080611036
1.06146340723858	1.24281382462311
-0.994759836236386	0.993756634862912
-0.817318302680536	0.616630406281036
-0.917511546390752	0.770538668891311
-0.120555835311311	0.0475460241498113
0.13377964661681	0.0339655613686654
1.07537934974307	0.663936036393242
-0.0823362889730042	0.0352489394275246
-0.0109185484028997	0.00561092845828552
0.636698307629911	0.446586963936201
0.163283845386278	0.11571623167899
0.401644281206922	0.317136500775426
0.459480697361874	0.434211039287079
-0.026155324617753	0.0174579154727956
0.171924203212023	0.126886091776103
0.455647749464777	0.416301042271382
-0.474900468208853	0.453749934988457
-0.00953363196481391	0.004919784157284
0.0653625927162761	0.0444378401234401
-0.848391395759265	1.09747880159459
-1.01550356894844	1.22374267018263
-0.805577766314535	0.839370819969179
0.0829373492067478	0.058324653974045
0.0537917552166117	0.0348712214144354
0.938745662350779	0.919219374209176
0.158153994810789	0.103182339658651
0.988141560679684	0.786950367095377
-0.0741088072263579	0.0324434328616716
0.639660215207864	0.203910262751024
3.25706867603825	1.08683794724682
1.07335934578837	0.653248602612902
0.313881965714915	0.190330825968767
0.136983994683607	0.0594233713524571
-0.00933249361167061	0.00482380470809829
0.159452097407484	0.0984538796026778
0.524114492366749	0.435857850876267
-0.478970038735179	0.321161321198236
0.396831449028577	0.316161029239713
0.426659429160041	0.302746287515572
-0.0714080870211886	0.0456181784852903
-0.416563784052134	0.23808799073685
0.643647103312532	0.45145089895917
-0.959594895952265	0.577708704259299
-0.0663548494257593	0.0292268737441086
-3.47400814940775	1.26328835340161
1.42822224336494	0.477074019570971
1.52298221633493	1.26722317707949
-0.608103549659397	0.44199021126072
0.0403577633797006	0.0249589447292883
-0.0964876390625572	0.0589857974224316
0.398086819684037	0.312701976547563
-0.41282433897705	0.290321482459374
0.847029501935752	0.615247523055652
-0.251205433217838	0.125430835794812
0.311865888875587	0.187364439139853
0.12865687577515	0.0437318071150248
0.0438265284718717	0.0281076243904365
0.427912885754657	0.174104059517884
1.95256933090985	0.464168557061862
0.00422675247797743	0.00236114770007678
1.01069856034866	0.958013930808603
0.0392802836181898	0.0240558499841925
0.260073571593501	0.207712237570893
1.76318731223703	1.00370787033723
-0.19415094386753	0.103971025772326
0.322655221020405	0.177734582585638
1.61036736500413	2.05167693478537
1.63984700405352	2.37740636473973
0.530477777466296	0.438559216958477
0.0272541197449728	0.0158822695069258
-0.0672508800299244	0.0431944927099517
-0.0639829716664095	0.0482106301849225
0.6974674464605	0.451576114743261
-0.924640699742831	0.775447519990134
0.637023794722965	0.442754689866514
1.67517481553464	1.9201814805109
0.97980939829402	0.801331884160455
0.982099650880859	0.799009259587433
0.3546361927666	0.177878146784366
0.385402097434157	0.175234603342564
0.887037292069543	0.477992287688392
-0.246499246608917	0.0809674801171634
2.74438259751335	0.780038400688451
0.426228994897082	0.167761370750885
-0.1638005064279	0.0600618571222791
0.279070156750893	0.199841656168633
-0.499110778712978	0.259718514880388
0.494262691982425	0.313175682117163
-0.595577776528723	0.436310430178932
-0.203082382816964	0.110291491253304
-1.06254645415759	0.852651828644693
-0.1219094688884	0.0730341534631047
0.474686241209792	0.418718691995011
0.171407908594883	0.117689152341055
-0.148122143815455	0.0834193013012239
-0.350949057974949	0.255087355287148
-0.475127876838826	0.322772395581886
0.588031792171757	0.30658752724309
0.143236302158225	0.0760708521382788
0.134078792067657	0.0578649460468062
-0.165320765543476	0.0607703071733124
0.138169594891086	0.0265198668009027
0.67901757313456	0.322548276957465
1.0285834138073	1.04757487412732
0.783864815537747	0.730040259164118
3.04015687784953	2.22283540022397
0.153479175360351	0.0873729068968217
0.377743240995408	0.310007509522381
0.170987139794301	0.116373748984401
0.370997687750524	0.323798965505237
0.295496092125967	0.189498292392253
0.321070649742007	0.191904725056679
0.0597970368223677	0.0400286832717895
0.172480787899682	0.129033770368592
-0.0425945486562052	0.020136699239111
0.156538762109361	0.101421285554796
-0.279988251817791	0.172914224104479
0.395045302861791	0.311939067928315
1.76841039542078	1.00207926786404
0.37799550534637	0.321519530822678
-0.0404003864285792	0.0264493563121484
-0.811714066118928	0.624576508495309
-0.143476677319712	0.102275393239498
-0.229721053343053	0.174352367145073
0.17837178394764	0.138595875238274
-0.0534340890079301	0.0350754341782296
-0.161223316592983	0.0908090747249549
-0.171995527537164	0.120929377461067
-0.799453582151586	0.814089688399596
0.416268028362187	0.314421351789908
0.482660955572305	0.538277421503
-0.392929424149036	0.349227044986212
-0.454194188609462	0.359173581718544
0.118850263845915	0.101899852889379
0.824714907769234	0.873998623543292
0.425296726417319	0.302069473751469
0.783023672262787	0.611170913273341
-0.367964462335371	0.108363329225903
0.379747837050436	0.171346432234843
-1.99801224080499	1.39638627274981
-1.51003354156156	0.780251715305574
-0.350020207220469	0.212527660399885
0.329180291166552	0.182591255470464
0.266307208109323	0.207230091536526
-0.651768906631755	0.64538348676139
-0.51020078630144	0.38382580708218
0.848096646779586	0.610876898248624
-0.555515569941893	0.348212731755691
0.296617541441586	0.21218600608588
-0.2052325441591	0.109490758931277
-0.197601113464705	0.15364270257951
-0.964373559229203	0.593544286574103
0.632636238524454	0.575433673717942
0.0476483903609136	0.0291669809513845
0.00765493624354232	0.00414966963396392
0.819762579895644	0.719074166448632
-0.801739026152577	0.770324953335203
0.132220142704254	0.0568516061317986
0.12477072485865	0.0424174239993924
0.288837453509995	0.205422639960021
0.346437889080331	0.172232101387871
0.586972923740084	0.437248685050599
0.947349961287268	0.626286251528633
0.519658005671947	0.284997984384762
0.169802229207542	0.131034974946742
0.2866809537202	0.196258487232983
-0.938594251932052	0.693792369539317
0.789163696878053	0.838380369182996
1.30941223160231	1.51881424506918
0.597313621259238	0.449213256267703
0.540256333506185	0.311198145745925
0.881216282624022	0.472783859713719
-0.238832552153591	0.0781764879542639
1.75701656463182	0.980484966640561
0.907465322749086	0.770446380823787
0.918671788720331	1.04026208645899
0.161776409263056	0.0995896269346711
0.154049355745177	0.0879753230912478
1.11003406081428	0.992605632379109
0.435230208705082	0.311637746399979
-0.732693935290297	0.820720617111427
0.940286958813707	0.627940984841811
0.305813213587346	0.183545695256027
-0.44383716015581	0.341450409569942
-0.291310101618371	0.185231262554287
0.30694400226076	0.198656124299514
-0.731530860358409	0.757869821691339
0.601669346536769	0.310173710567107
0.154908641609746	0.0804089224983965
0.69519374233026	0.446716452959732
0.280844878629442	0.20284406600872
0.73832503563544	0.819758385333935
0.412841124926807	0.315110171932196
-0.248838967447544	0.125455474027234
0.0184301385206072	0.0107686539899918
-0.994540738441706	0.503724321988989
-0.964719126522819	0.59795724590223
0.148177756734248	0.090287003867233
0.333169947600183	0.184337464662671
1.64616356289335	1.52361730818291
0.781664218715309	0.469353953045455
0.274199528971394	0.206945033331098
0.432818540013999	0.176395167801005
-1.2688552861441	1.19263941952144
-1.1611750622071	0.995173714806119
-2.0907818935671	0.980234505113829
-0.936980270954797	0.683067193933012
-0.249999418794603	0.163488163058235
-0.341181270168229	0.206307759485056
-0.0528341550189032	0.0340870715160127
-0.0733648124370814	0.0464909895798495
0.137896063531202	0.0531619810144832
1.33147690170944	1.37008219606877
0.465402812986275	0.315284635666813
0.89446385445892	0.768450012821504
0.0751523686168381	0.0538687929343298
0.439239548054734	0.410088935510428
1.26253075405875	0.70781550959232
0.269447846907697	0.219901213360655
0.525628343126662	0.438616813520914
1.0473185286848	0.50559986677109
1.94510869955383	1.21768151523035
0.712488954987269	0.455880984066357
0.422792087027822	0.169350153153985
1.10347006004956	0.990900123384077
0.296303114342726	0.191065911472823
0.88746718579455	0.900885945136933
-0.00109839730064021	0.00042524957467258
0.400333808834008	0.324867437565756
0.309472718082319	0.181593487394979
-0.553783167228458	0.472548632076857
0.839610548098814	0.755989672054594
0.127652719714916	0.0542658897280258
-0.812105833899629	0.628765103410185
-0.328144208596288	0.150986475962441
-0.284948403500835	0.178955674810276
0.166524740608874	0.108584453067077
0.314646276849921	0.188210904564586
-0.812298279696796	0.709482158221672
0.274737784105259	0.195828292712656
1.30701326792851	1.6614976035294
-0.114545410602388	0.0828964093958126
0.08239131047036	0.0577518424543456
0.354201013519973	0.310191380298552
-0.513027815996911	0.386674810674557
0.773916852089632	0.734113077131483
0.14859349048355	0.0845583171710872
1.11800112077303	1.14239405030131
0.302803524354903	0.195018948137541
-0.014851982584955	0.00747245783089882
0.77515740470634	0.729504218853693
-0.162077334989821	0.0927476520367795
-0.920791721701945	0.763823629377169
-0.198366502600069	0.107142839613948
-0.0676622360884758	0.02992921492593
0.741230008323152	0.728878147731169
-0.0390264126004897	0.0181832448697979
0.634841892000394	0.446562666427852
0.847486303487907	0.619572226467607
-0.339959355341752	0.236418457190777
0.166610699903082	0.112760808393383
-0.341004024726082	0.207470094658258
-0.409349575316363	0.287803723315266
0.483638627069802	0.296591303865946
-0.310359019184267	0.14224092617264
0.777075700572772	0.6099623455252
0.603172992729453	0.560585480265944
0.289364162084756	0.183891917363327
0.531728421604161	0.307995628366837
1.21284549072492	1.42820303257232
0.935057545899691	0.918578400487732
0.305499810426536	0.205888050753111
-0.0171121988652478	0.00858843668610055
1.08759858301742	0.795686587387156
0.156601209016369	0.0964949689281273
-1.23733913761217	0.921096345169526
0.0091273110702649	0.00492014857143001
0.00217376413020868	0.00126526998874836
0.722273947981303	0.594715340083714
0.594684916497053	0.311573640098471
-0.0111360458621065	0.00560554748277704
0.463840117838562	0.423246033427377
0.536828972452216	0.444584842123282
-0.0754700987570954	0.0331134529167681
-0.134847904777935	0.0799709342314611
0.142040114607896	0.0737317202344225
-0.617940143019615	0.689907312728511
0.719450571250248	0.596584844594143
0.0325051448775829	0.0197918833447593
0.493520194652902	0.536648277360924
1.52077353158938	1.29587945269586
-0.939042559598009	0.695434594620072
1.22196980601863	1.18707875107387
0.298401137150398	0.193869263207216
-0.124572156430047	0.0735989665788588
0.639959931430763	0.454713131810744
0.973109979595339	0.772448534518247
-0.245965748822388	0.160689417717009
-1.45478717839346	1.5319573356447
0.55075433183225	0.432326513319882
0.494716161227526	0.31316508411707
0.705464307007263	0.459033738233373
0.556793492885572	0.444975509348004
0.160667669544326	0.10291873572942
0.502856486973357	0.424952822212026
0.784151773509396	0.615894538104036
-0.0206464545796692	0.0103934861944775
0.830754515888185	0.752793316050062
-0.516938656233161	0.389586924981222
0.592826161946393	0.450477029288252
0.56678540288159	0.449571919510541
-0.111412544764416	0.045089943788383
0.151236061571656	0.0862070673995735
0.59614795305608	0.454210854532343
-0.044264111582435	0.0210638114695097
0.437422608899092	0.318019487461361
-0.720481078673792	0.636986852101754
-0.879316171671274	0.96788025274837
0.454670516801863	0.423869664609195
0.00275597932335426	0.00158947894949015
0.899798839984081	0.773786840734546
0.0187674248690299	0.0108673852329725
0.90205993576693	0.775901681831566
-0.781575757374397	0.348492799953545
0.719878127863513	0.596573887849995
0.676523432907581	0.594074948441617
0.273097040484795	0.222813324295695
0.311360382523414	0.184747410304684
0.35324594609204	0.178158653157937
0.131019638754062	0.0447751745372152
2.33047383412583	2.62492600037727
0.491772986068792	0.308593322085946
0.539026889600226	0.307231809279967
0.678674585318768	0.58864962844496
0.296869312449077	0.190126222734918
1.45511229927506	0.895839552613018
-0.132872421003306	0.0786905574641224
0.352843693565944	0.178111946589704
0.177358330557516	0.127080628961304
0.276226706798535	0.195715178031882
-0.247404161968719	0.164460910927997
-1.05902323595826	0.859099700619586
0.401537809679109	0.317593647745899
0.559172244968347	0.446387925585365
0.70077095185909	0.702872351279659
0.726593076203181	0.601781190481544
0.601206587042616	0.64186093321507
0.158076096660187	0.0976913342210614
0.150246253113003	0.0860717832649339
0.395259950915205	0.314070685038965
0.270243482753524	0.233231417590778
0.69930723454212	0.450009294442903
-0.923473020980445	0.77440620478087
-0.587831459155052	0.430686684749696
0.694452392229499	0.447881607583491
-1.1096131228349	0.762506531907571
0.799821312383683	0.341077504348771
0.600146393967421	0.443592767139907
0.324781760992693	0.180634988333801
0.145836026347562	0.0836001830210763
0.595200947615593	0.431961220248918
0.780023300531658	0.613310527916227
0.743032074236439	0.718383986268075
0.315313469345419	0.199731222661166
0.934111145572896	0.91480212605466
0.980283738728777	0.801564707361415
0.27781139760319	0.198049416902071
-0.0722410104254629	0.0462774263914615
-0.214213416703468	0.158788753973556
1.32430860080738	1.37598174388323
-0.650881697259138	0.63225564706295
-1.16400025695432	1.0288744850721
0.294406165120318	0.201013166894284
0.63123433747177	0.563028277125141
-0.486413718389467	0.415642804970761
-0.72168119539717	0.637721623730362
-1.06078172050908	1.4284005769557
-0.0344441645122091	0.0231561421877229
-0.80256633309364	0.620118039839744
1.36741068329298	1.98246960254077
-0.498765626129608	0.50951971226442
0.869652309229647	1.00735186076325
0.0820485655929986	0.0579673209252429
0.524399574979659	0.434079798319212
1.566134599057	1.6842539830441
0.0271415470398195	0.0157422861027501
0.642309789769364	0.453801334704533
0.381533849964003	0.171992731032845
0.273482659311359	0.204100033881499
0.142738179971212	0.0684506922239225
-0.264293163265329	0.197910373325816
1.12077803053604	1.11649803662463
-0.1538181009075	0.0882691296513896
0.160489692373414	0.10449072012295
-0.0248340444157016	0.0122057023964655
0.631176655093162	0.57422409817636
0.435320004827733	0.312697307861485
-0.247756605784877	0.162938521260535
0.682635351149078	0.590962707301168
-0.594968262515843	0.441496384979904
-1.06241630196527	0.846286671484965
-0.354236052548655	0.2573666810646
0.416268028362187	0.314421351789908
1.1178095348675	1.13026838979768
0.149068546866524	0.0855890905242957
0.324248656547118	0.177190688908219
-1.0203981278652	0.923836681262828
-0.166794636908551	0.0951600607106107
-0.808264888264316	0.627231361291155
0.0602112861268666	0.0403950890261644
1.22833145296225	1.19496315229576
1.06839850243023	0.645028026469457
0.452196344269913	0.302960764913125
0.807657047620498	0.341688010260639
0.396533824673312	0.326303692847088
0.434460546475502	0.312031964736174
0.471691739743419	0.437770645888054
0.138328344337938	0.0595129844110183
0.38451556062871	0.171183579453882
-0.108285199909257	0.0433287834682869
0.515578957292808	0.18130304927906
0.506468506416984	0.184272460164198
0.92113051285893	0.24102514029113
0.645475507165539	0.457074741683353
0.359677856709099	0.178649499403012
0.452315513984784	0.431102107752423
0.0312210302940467	0.0179846243317615
-0.409600573522616	0.233293358847524
0.457621093627417	0.305707286090518
0.0244411320237555	0.0142719788194897
0.781594616969587	0.609802288978076
-0.201597429333398	0.1373571311144
0.550200115072212	0.431474466765741
-0.207514069824245	0.141888987905229
-0.726257791688079	0.749290678100157
-0.702896458942549	0.571586203441549
0.505398521193619	0.439576940437829
-1.08596157758163	1.39062782043065
-0.287001789246775	0.181355129605802
0.681586248063569	0.594510766917194
0.0405850939410705	0.0250902510976544
-0.345278037893951	0.205389223427629
1.14193060579956	1.41451228456234
0.169760097934985	0.129562891624555
-1.12151208536622	1.33541832223905
0.683233756469153	0.783157141496108
0.598762614958164	0.450788831206093
-0.0315359033785345	0.0211314905916634
-0.102489395913213	0.0633827460151207
0.315266906022278	0.187778069377217
0.31667417687924	0.188090795298222
0.632522829675143	0.569129337046595
0.808596719059427	0.341954693942453
-0.0699086896537586	0.0305288187848021
0.832982996832183	0.752902297544371
0.0268328762961277	0.0156231184435721
0.0868135137624694	0.0634049182619762
0.323407611898466	0.179130707171667
1.55479791616394	0.782861546376213
0.509725648789814	0.185898565895246
0.167786267521399	0.115452905942757
-0.409952251063184	0.289749303030081
0.170157449114746	0.116083018981351
-0.500942510547539	0.264016941654158
-0.00119189340318119	0.000460711135553343
1.07626750769814	0.664196174085665
0.830014472430182	0.750003215035881
0.00500318686662967	0.00276264908263765
0.0266592462331195	0.0154378899438826
0.282623769983368	0.204922953602675
0.454736555325284	0.307430466475899
-0.100553544405366	0.0615492250902755
0.155129961877899	0.104357948770503
0.977968721273632	0.793816057618171
0.267101205707191	0.206293375468754
-0.406708715517979	0.282077601098128
1.11798971909038	0.990400952859804
0.169164454604507	0.110099638678275
0.48740767724737	0.304288084397387
-1.7481483702809	1.89803169738937
1.95353324261769	1.21822507501606
-0.406393994349535	0.226971531019496
-0.65690043165971	0.389484068036863
-0.754670103122347	0.267616103379387
0.638661759222662	0.201540571310924
0.0590060367705059	0.0374762928645205
0.0334591381198756	0.0191977138786899
-0.217608384578853	0.163619906690687
-0.794176676002927	0.803666220375004
1.34462987929321	1.23111012036269
-0.177082955645815	0.122686392405636
0.0235982365188354	0.0137375483017774
-0.138260825432343	0.0976743125522146
0.938063711852955	0.927934939913291
0.294828491637482	0.201593721032028
1.037276992264	1.10174492576584
0.0234872247462741	0.0137112346380925
-0.299882974267072	0.220748268822907
-0.664979535521897	0.397420188897141
-0.44940964724861	0.387631566610789
0.025877872383598	0.0150399631499973
0.775214368193752	0.606684839625181
-0.150543669360617	0.106209269982509
0.290258258058878	0.194625368086344
0.739435999678266	0.709260094510593
0.0639745953867328	0.0433161779888917
0.166410904132785	0.108785533429237
0.595457958318742	0.552006393449825
0.31760035396076	0.19097570167331
0.303262235084122	0.180160276282819
0.145868444672296	0.0690745129023346
0.637016578518162	0.581597831834313
0.286661662293231	0.205933826452354
0.718282477969226	0.601661660339215
0.274812238994696	0.213922728170702
-0.406548768658067	0.285294138979309
0.00156894127476172	0.000969857200401818
0.328247658246033	0.181431753776167
0.694477330724024	0.449048239187814
0.923120742885382	0.240835684941142
-0.242540504674911	0.0808346916156265
0.0341614665823915	0.0208473116963273
0.560623688400572	0.442321347625535
0.982367095667263	0.788581394441377
-0.659185064393687	0.390877999125505
0.87644620193883	0.902145484361822
1.76538973578546	0.984776870596903
0.548160023036408	0.543350426098792
-1.10420447269525	0.748652528773783
0.28055793706921	0.186792266208249
-0.10792713458243	0.0435843718382022
-0.951916932854225	1.09467660074316
-0.266268943445294	0.201699121588014
-1.57194496573509	1.51179434348395
-0.583066695317836	0.532588157840782
-1.3633417010061	1.60613308805211
0.148059019906158	0.085162704493345
-0.157488810990992	0.0900280051730708
0.164216144773825	0.0923244828080757
1.01970876088096	0.965106622959788
0.465152028128926	0.429275055409654
0.985625124123745	0.799385993137963
0.4313034338578	0.175795446056529
0.63611382542294	0.202940731306447
0.386761301236399	0.173281851118828
0.639329222636839	0.203514926064791
0.139465857260545	0.0529100846950272
1.79563632322604	0.704599241543694
0.297457719032051	0.193330328852088
0.945640070565386	0.638283318998873
-0.736088646960325	0.768658778653808
0.440802570504793	0.412667826781645
0.362078703285662	0.318562143194704
0.180704645202295	0.143597044867777
0.144387505003043	0.0819537858370486
-0.0260015405257101	0.0174407283162754
-0.127632493230105	0.0762932838631247
0.166967948589844	0.124140110602673
-0.0176968913294915	0.0120987192070192
-0.0918786653853297	0.0569457233108772
-0.0523620770016646	0.0344183978970019
0.272836198416551	0.205899021231468
0.0514820452738959	0.0333221582455968
-0.310528424623718	0.229481161217072
0.459738550428663	0.42365354340603
-0.0748007112594646	0.0480461110169333
-0.0602329354909847	0.0381839069634139
0.0288266335243768	0.0166119229928816
1.03470408665934	1.06612333886784
0.081193330492648	0.0570039844430141
1.39148444790786	1.06296148872601
-0.0136546474601272	0.0070039157108306
0.524140875937224	0.43679134234429
0.551180263131264	0.432224274331271
-0.152027482159924	0.086443479311686
-0.473316386312984	0.320624777453056
0.381550485539936	0.308965496821309
1.39650580378953	1.69132005260485
0.44542041236167	0.316506276498972
-1.84635936125413	0.772831105281446
2.53803552050467	1.39448187284609
0.986991352380384	0.803967732199318
-0.702411146273689	0.566446181404869
0.964992789711733	1.05573357073918
0.136471825034789	0.0593672744044938
1.12001079180286	1.13072520796835
0.460484977255146	0.304538847974012
0.469287752819972	0.316562610078648
-0.15210277806225	0.0864929383437651
-0.0681549971377887	0.0301311833607795
-0.0746351060988842	0.0327748839147642
1.22889810315936	1.02620775860701
0.0520153149409235	0.0337536837966562
0.145545879674374	0.0774404602238362
1.22949921219799	1.02755898545533
0.428518317050907	0.174046878111496
1.23010731068764	0.824878340275404
0.292105080437671	0.200540525755282
0.438687841724102	0.315086768523209
0.147410238348339	0.084057102971132
0.305787127000576	0.197116042136502
0.61854559609105	0.566397125955363
0.148930119634628	0.0853966611669263
1.25500546280828	0.684246125717309
0.424639403209109	0.169931435175044
-1.54211096447874	0.565956548030536
-0.317452968170975	0.143426564281893
0.981682521824809	0.794262952429369
0.145428009393515	0.069932444925333
0.0764979970960693	0.0554964729155144
-0.0167201782326749	0.00844185720563259
0.280440114928694	0.21244469867835
0.143634190188002	0.0691358678413954
0.128231952882552	0.049380865923928
0.682059634362244	0.316834262020844
0.687435880013609	0.591102379587687
0.486045249097445	0.302942412937944
0.594865176761136	0.55358043504829
0.30825308959891	0.197763426813382
0.937538549524797	0.925241850255216
1.9526404934803	1.21640842000685
0.165667341882779	0.121312588406975
-0.251984020460064	0.126205440626096
0.716382329429286	0.600201027103662
0.693569861355037	0.448138363377494
0.46135492676742	0.315276346247664
-0.457217081241312	0.358788420209856
0.701031454345776	0.460799969692298
0.397992305024041	0.316497905253613
0.603535081880756	0.569839995301371
0.841731514056539	0.610943518350177
0.66171160982978	0.684556543601669
1.40008016904601	1.71492623912796
-0.0708310066154293	0.031305775448192
0.165681161936651	0.101317706320018
1.07891246380742	0.653945121581641
0.463532826109295	0.312816742161407
0.150732733889821	0.0789738393426421
-0.163853108432068	0.0932700251242294
-0.0461726342595624	0.0218578484293554
-0.560646007425524	0.358161308710575
1.75313944723749	1.74325807117097
0.130497434174418	0.0323931512172402
0.13377964661681	0.0339655613686654
-0.667671140681765	0.395482661316614
-0.523903089232754	0.400646844449607
1.56703726404052	1.63429581167663
0.30766231020598	0.185942545975126
-0.0626360678435726	0.0274763429127806
0.15289104309779	0.0858550732902171
0.845518931357878	0.623774960953166
0.174079561160473	0.119301066503973
1.37405580905887	1.8494930927062
0.370875812232509	0.312183519965681
-0.0703451708625279	0.0451622338887668
0.455805979445607	0.305415269204281
1.42473004100985	1.60662875171429
0.498339160516239	0.306776844307462
0.286380945426345	0.178673296773668
1.57467008994233	1.69968767997177
0.536305779717915	0.309640470879259
1.22046312338011	1.19654443103224
0.374458934840357	0.317641884654609
-1.36401224332744	1.59402268786037
0.788439664556619	0.720392189717679
-0.068561043435748	0.0302379538306446
-0.124004772883835	0.074591115674287
-0.162946453117944	0.0926998380240576
0.160797843808502	0.118129548516763
-0.34405914128198	0.209470904779795
0.852064476205352	0.621777049078659
0.781763280042877	0.46221718911543
0.128934561205538	0.0551132900204522
0.0601069696505471	0.0407133892048188
-0.350097249404669	0.254198219926155
-0.113240441021241	0.0670203699649105
0.347332213540102	0.173487779826099
1.38835937458028	1.05853021149368
1.38276150140545	1.88028740298901
0.163039733336176	0.114768136629653
0.141060152697644	0.0796721008162576
-0.208453107660406	0.141629809922577
0.162409855028653	0.0992898312199379
0.32699658863425	0.179174814788945
1.08888862632486	0.811672720582832
1.89660700397017	1.62108656321005
0.324277731581199	0.177336250944748
-0.161751675977925	0.0929654923007035
0.83421972195154	0.764276566565291
-0.234477603661562	0.177679048914722
0.940377824042707	0.921923610646275
-0.271085998240448	0.250206304580228
0.384509989658748	0.174899135225633
-0.120555835311311	0.0475460241498113
0.452521533669393	0.422596840575877
0.31715678436295	0.190800769055766
-0.0680680511034725	0.0299756545667732
0.0340614357568485	0.0208472312298297
-0.251594040685635	0.127239193442495
1.51727063816386	1.28966551684397
-1.10870652185543	0.765326721228268
1.76409178863283	1.00871452403416
0.779780483675919	0.465729776704502
0.786693678575467	0.463953921631826
0.633598042068616	1.0685541434449
0.756226482951467	1.30605951898843
0.136764719408588	0.133000001616978
0.590238779773618	0.436015405186562
0.643482417355143	0.45007232170666
-0.480181313453882	0.406275366138685
0.349202736047459	0.323441045399552
0.603161564741677	0.304114516824779
0.484366072392693	0.29874770422253
0.641431038909059	0.206705899790905
2.33577604148799	1.18742693832559
0.141109942912127	0.0612078552861342
-0.165586432304184	0.0606717374796943
-0.0380963857561693	0.0179583412900668
0.13342584199096	0.0456780844290643
0.141454875625951	0.0671447570176181
0.136755302800809	0.04594880932885
-2.48968787455413	1.42213767590081
1.55909644829167	0.775729844473512
1.31000962917872	0.587023547729711
0.132933464794398	0.0510034511521027
0.296675625319422	0.191371659627164
0.65963287241972	0.685761709612301
0.485253907097423	0.522607876553994
1.25657891485736	0.693048839697632
0.504119448545076	0.18175729938249
0.428825611450252	0.174366674929911
1.25771770082268	0.694361421920023
1.01254068844739	0.386785712184281
0.801899003991324	0.340962341726034
0.348234108487091	0.17263842196061
0.518780614429255	0.539883474963335
0.47912833186286	0.614341076109915
1.08197843906812	1.47060562018985
-0.256965935226025	0.129687556813002
1.43920726728355	0.884320469745859
0.925979622549504	0.243736825113843
0.643116964490613	0.200929236084753
-0.112130933053719	0.0448286059291505
1.014729443048	0.384082142894649
-0.243489732986148	0.0812398100864258
2.09758759763192	0.938434430282536
1.0919648667059	0.824984361619794
3.62573565960846	1.41848408933262
0.884519734791717	0.468959197224253
-0.113204683603912	0.0453536480114972
-0.784052639539007	0.345467191297511
0.13842244264629	0.0346674790325417
-0.75074715029621	0.263334856390217
1.76439045789901	0.99402363642669
1.25109849304976	0.6730268809182
-0.322611923661454	0.150307945378287
0.804954811703476	0.345472225969279
0.353773437493674	0.331895028058062
0.460457028215233	0.604763670116015
0.361354611631425	0.314224036039179
1.01104201595136	0.385305051110661
0.123422811651221	0.0469472913071866
0.533587152713547	0.305555984698929
0.926974875419701	0.246284209674963
0.639660215207864	0.203910262751024
0.135633414284217	0.0464242544434658
0.13364980396347	0.0516208038140005
3.25318829374075	1.10976895754928
0.428825611450252	0.174366674929911
0.944298841684532	0.639229494312398
0.696594112484469	0.70848412910739
1.07069323134769	0.654719750515352
1.79492986711335	0.708745443595502
2.10732308802809	1.45935099345031
0.846440502506022	0.624170170004784
0.134340225825743	0.0459478776911086
0.383444246342965	0.17250982704801
1.55239096568043	0.775447909362186
0.135512437658893	0.0649405176305288
0.493809126198724	0.312222659049902
-0.0718973076227636	0.0317071557320904
-0.410063920396533	0.233505067165154
0.13269968256925	0.0511668869959815
1.047016010608	0.51327505140288
0.639433294916704	0.204223062388441
-0.750453159564684	0.266070645067511
-0.404964609222531	0.171528159493222
-0.249307824194097	0.125196186116279
0.597785099056344	0.310800429825457
0.590422718505613	0.309222451025888
0.889276800093443	0.482533263294224
0.140605369101782	0.0351308802058006
0.384691946812065	0.172513945231079
-0.337129771329054	0.148586663180471
-1.05314521660415	0.421164067559157
1.25983691121266	0.694591426429394
-3.47073410037615	1.25961524031716
0.926329332609966	0.245803896301602
0.510668751789218	0.184537578196263
0.135651198274853	0.0519258653806455
1.02012143775892	0.385701440457898
1.01375799328144	0.385551763829273
1.05472277889527	0.514601317533127
1.556606241661	0.779912172364091
0.99888841144376	1.20402277854181
0.390661320723977	0.320900109117148
-1.61440392443621	1.23327383250816
0.382075287503068	0.314844561982178
1.90021904977212	1.59166891828516
0.0339183477571809	0.0194146915497407
0.328740339951187	0.181643240594106
0.4313034338578	0.175795446056529
0.148350723409474	0.084408722316385
-0.0148117556686097	0.00748496657841269
-2.08981984785612	0.976979991676915
-0.416183275349123	0.237587236992538
-0.243864056477777	0.162070203182354
0.599591751797039	0.56276146070709
0.163456893998119	0.121052611062088
0.842470719595242	0.608886525399728
1.0985249918412	0.820270167400192
-0.256965128406459	0.12975479626718
1.76478976985303	0.983989677189762
-1.05620840716072	0.855685034985183
-0.0408255272739568	0.0192474021311908
0.778049978864786	0.460417114239986
0.327490147487441	0.176574083681568
0.531950379418344	0.440158766933651
0.347332213540102	0.173487779826099
-0.66006882044998	0.390237445627969
0.887383441664308	0.478972445956347
0.12918993805387	0.0442507386000375
-0.243484148452124	0.0808609088407405
1.30675103647863	0.583158549436276
0.933500505452267	0.613087176514763
0.356465677981145	0.178986526499127
0.538091420077946	0.311201242339097
0.803135501392666	0.340827226534189
0.671166329086663	0.315342091616726
0.141622879212106	0.0613794438926938
0.383078213827389	0.173623050496421
1.56281777658614	0.77155062890176
0.555420253526643	0.442093381130638
0.266069574355465	0.231202291973101
0.985318542356636	1.35647837708038
1.22633160414926	1.46204865900973
0.171671825302949	0.1282725935146
-0.395897154285894	0.31419826468274
0.0839326187135893	0.0559444536810983
-0.31831609404044	0.264373985507965
-0.469205314343954	0.31343181179788
0.342371312601577	0.317684220309868
0.0633285132947044	0.0403192711276902
0.936172223693235	0.926890628630026
1.3048691446356	0.580886125685909
0.780143878145306	0.733898964869301
1.29409744032017	1.63649523750058
0.781930810765818	0.729625349192594
0.314163119853779	0.188906455584661
0.330604330310013	0.323201756056326
-0.992602613382449	1.00265150919287
0.0624931162221975	0.0417148038153014
-0.156456494721618	0.0890612194841573
-0.159106662011948	0.0918805838613567
0.0260815771373594	0.0150137091352207
0.548000826422467	0.537218170635989
-0.0448128252858664	0.0211392723720067
0.300719505615319	0.194377423640526
0.153226570274702	0.101369765338159
0.77466975686439	0.589163702383016
0.524670325773877	0.436926483735253
0.145400625900812	0.0833112489072962
0.87874446618251	0.904230199394041
0.993401520313514	0.798796824155204
0.692635706834804	0.447042760313639
1.34646445189667	1.23869860891068
0.130937070394446	0.0555841278161447
0.347788648560509	0.175920613301097
0.296732396565133	0.191450019725282
0.491957559095042	0.310473036644131
0.157912971532422	0.102922042755573
0.724193536760724	0.597684793749049
0.354673592555897	0.177594287897402
0.392731434266953	0.321538077242937
0.162912528333961	0.111914822633745
-0.59369204606909	0.443234850116899
-0.0113419745495524	0.00773717556509255
-0.341012986788948	0.357292922046006
0.719079884205448	0.806273143974625
-0.117953554566597	0.0853631501892718
0.312952680627018	0.189834479851641
0.139576085242422	0.0352987079074651
3.61850462978752	1.41205255014363
1.68820939825577	2.29357270016514
0.137896063531202	0.0531619810144832
0.49684261498643	0.309422614590736
0.153322518184973	0.0945108571905871
0.154695977903736	0.095543905311817
0.398455150813998	0.31410694752563
-0.450291793981097	0.353922941322533
-0.193884182207856	0.103828381802587
-0.000151224093546935	0.0000656190934991782
0.149092337532681	0.0905638975246018
-0.0120775740916228	0.00831342695971973
0.395368174614096	0.309882274852299
0.486760772274179	0.304220511677795
0.158353520457138	0.106819790865179
-0.0162165198397324	0.00818308867849626
0.326089643434227	0.178923536223862
0.808942878913427	0.338801570916659
1.31327961953272	0.580049429236313
0.489809794671027	0.310214168276615
0.440391116080405	0.31571311897014
0.290734208547633	0.180237819404404
0.311606988724245	0.184882530454549
0.452575310755791	0.302416227693157
0.14459401672097	0.0821065650629302
0.439113823371737	0.316236881353418
1.44251935025737	0.898690992261966
0.806771010510594	0.341817317762371
1.6444784922364	1.53025927965878
0.742417931010543	0.812435464281632
0.334694475469099	0.305304802176275
1.04556373199511	1.1055872085455
0.171806644173961	0.127413332505858
0.166887350683226	0.11882828242613
-0.0170194932323069	0.0116177224657136
1.07496511480966	1.3519605029919
-0.659191336056107	0.652605418944228
0.18699933980145	0.158991108333521
0.779610461513737	0.739022044370294
-3.09343711568729	0.972052225554497
1.43472489627474	0.470301214618162
1.79063227897974	0.701853790205257
0.929670085417592	0.244778423912617
0.63657655308952	0.439454248379144
-0.209719653449658	0.112250849085212
-0.589400083101021	0.436692511594682
0.17186159542766	0.122767879542858
0.0476323136243826	0.029001392983673
-0.00109839730064021	0.00042524957467258
0.535507530542066	0.445109160029913
-0.500465123735621	0.260968413457446
0.575390898285177	0.557705425906663
0.82835095697209	0.749361301544246
0.452655066522649	0.297462608849185
0.723555512703879	0.58945677050672
0.142646415571138	0.0682902385375555
0.671735903915543	0.315802699654608
1.42795516831077	0.478570790474717
0.594169419400484	0.311099987304194
0.282028830452707	0.213962227250083
0.63909654488272	0.447671015487647
0.313676699331727	0.186496063760005
0.820890090472553	0.852676072768443
0.366768421077735	0.310227603356661
0.837241824160393	0.757674088189559
0.893837749451377	0.475500804429749
0.533587152713547	0.305555984698929
1.24931445970502	0.841962666834064
0.53719830395031	0.31080395184756
0.41360364987154	0.422745955207268
0.448547491690403	0.422748555986082
0.566126260122635	0.542656229201729
0.788197870531624	0.848256606593936
0.631265800503101	0.674633782222374
0.387569615157747	0.321266513246827
0.553557857626697	0.427497022452763
0.28714222894642	0.195600663055171
-0.620598498255077	0.697778129287192
-0.144474528334021	0.103231316466261
-0.716607611424419	0.685124716692471
0.732050424004316	0.717904464590066
-1.57640952944164	1.5176232525099
-2.58513149511835	0.689509113042442
-0.376278890867832	0.110765860075796
-2.58513149511835	0.689509113042442
2.7462498006239	0.778261278020301
1.95256933090985	0.464168557061862
1.0162597509699	0.946181805034278
0.15470901362773	0.0889290667025916
1.08936866448949	0.824805057578415
0.950100236673924	0.64001131537105
0.597740298213414	0.312522672680781
0.429492148333371	0.172560650886209
1.08935865615065	0.812632401558042
0.298528433047446	0.190294998372187
-0.118992249249324	0.0699506592144873
1.60466311900839	2.02937082510862
-0.940880487870168	0.693615911979616
-0.530298425149736	0.401381519822862
0.309034537959893	0.187427014883094
-0.314213436305974	0.233952744296461
0.17615191540353	0.144812238700673
0.165704105858196	0.107554596976668
0.0478961069048672	0.0307442934975857
-0.553100281581466	0.352826496997941
-0.0755367521105624	0.0332279205744113
0.132055155653072	0.0449007949188124
-0.7554146096534	0.265429935709281
1.40717104100142	1.7587248688223
1.01668895582027	0.954220810393488
0.558269258197125	0.441341693124168
0.048232012914605	0.0312300662114095
-0.0676622360884758	0.02992921492593
2.23807020174993	2.43890708763241
0.988831909878877	0.802827135319296
0.413173603965809	0.311080703920564
0.154503281701337	0.0943212826406082
1.80093935898315	0.704324948653496
0.127239208880002	0.0433350040918735
1.39087455896271	1.7138628523657
0.538091420077946	0.311201242339097
0.250408222307859	0.231412422766324
0.820760269138252	1.1346174924213
0.461565360660963	0.41837287371562
-1.01642971206558	1.24313665928291
1.76744784552461	2.49593930018184
0.368733370129096	0.323514118834123
0.257183447654162	0.212587822007128
-0.75181596701585	0.833133955123686
-0.18755495614028	0.164812990818636
-0.00260426912730301	0.00179080723398184
-0.548586633778189	0.55194732382862
-0.162431503829803	0.13020806409027
0.0589824429950815	0.0380208512349478
-0.252923644072384	0.128637135322424
-1.54211096447874	0.565956548030536
0.137716344096337	0.0264356853006178
0.142425808142815	0.0356096114179749
0.922124936246008	0.243516971274684
0.134526944690639	0.0258144647389653
0.534000016976531	0.304714577548983
0.133621657798323	0.0257280473816019
2.0916792997764	0.947020632233422
0.283717101462002	0.19237627701316
0.142676839361568	0.0684681209138068
0.305116523423796	0.20601264705108
0.0402106364292115	0.024693514046449
1.07308694664784	0.659098122303309
0.641203436908402	0.204828865510354
1.09550134039583	0.82747137159925
0.136402732611651	0.0587480145985185
0.79993415790714	0.338364150330313
0.504580075605894	0.183905699075097
1.31258896173398	0.573358545984578
-0.0377495083660824	0.0180459340478604
-1.17578030890973	0.662598494113297
0.784547659165878	0.738813682617168
1.22470041188838	1.46664591538099
0.428046837534732	0.303535653822068
0.171569751433736	0.132998332982499
1.38175818518947	1.04723656577531
0.287523056087171	0.196442941074493
0.322236442368789	0.190239501133013
0.662064404523116	0.688834251003985
0.568685420067556	0.447647001179708
0.02517210294312	0.0144948277842238
0.288433144188026	0.197214017444583
1.24371887604357	0.85481158948799
-0.0994711431193065	0.0392056665860278
2.08947720126277	0.943612171539552
1.95338582999428	0.463576578510391
0.549152044883997	0.540492361512817
-0.0434270932337197	0.0282538251127396
0.877718227252198	0.888797736253351
-0.045432755476057	0.0298387224089717
0.0819347181844661	0.057890344018651
0.314163119853779	0.188906455584661
0.407563635662451	0.321027112920906
-0.413356802988957	0.289347201625088
0.904966803070345	1.00632111581444
0.169163195861934	0.102576192608083
0.404951191348978	0.302520259014455
1.08845949841493	0.811588247640458
0.428789906675379	0.429771652599106
0.6734589031335	0.572473034168836
-0.32337345082772	0.29148051207238
-0.574402251330381	0.531813676854977
1.52929604867359	1.82596926260063
0.407874544452881	0.304667502817069
-0.300420951071405	0.220295286455059
0.303828319960871	0.194528448042941
-0.879927980969455	0.968489647082449
1.68038640574256	1.92705592025672
0.176587045262366	0.145047979067451
-0.165185416619094	0.114527920372874
0.311420950121974	0.186380045530326
0.137716344096337	0.0264356853006178
2.7479767545239	0.782066977880158
2.74531503858304	0.788587032684406
1.95338582999428	0.463576578510391
0.640105850465034	0.203838328173808
0.137218707006764	0.052840364561039
0.641431038909059	0.206705899790905
0.137790482671227	0.0349173015404508
-0.544726922023982	0.212503767866522
1.02089194577528	0.961061689643999
0.945640070565386	0.638283318998873
-1.11672690226131	1.08833459385947
0.151301665390237	0.0859240050719763
4.16952211096235	1.95293466142323
0.720927111028213	0.596502170252422
0.517487979840498	0.424101707482613
-0.287871716169561	0.184709957741821
0.136889352631788	0.0656532454926697
1.76650436742015	0.995519639791045
-0.408916272225057	0.173941516536407
1.24012098320504	0.859992788968831
1.00901949769953	0.38099981648069
0.146286782233227	0.0698654093196004
-0.993977856855451	0.501317812529576
0.127364007019332	0.0482389848662359
-0.120638468243497	0.0723699513879526
1.4218394965502	1.55575220848556
0.535825594448281	0.309643713739903
-0.297342744895028	0.188539315507345
-0.546258278165895	0.464918293338221
0.425825812387088	0.302220675023466
0.0203706536701658	0.0118309845772675
0.567360001809883	0.541094550022853
1.31034738141161	1.52352875186389
0.0367827397680484	0.0210101102265943
0.163895339660548	0.106033521280846
-0.0680680511034725	0.0299756545667732
1.31000962917872	0.587023547729711
1.42719460355007	0.477448564652232
0.150784834974983	0.0963395164254925
0.146779442627304	0.0841887488842592
0.877896423993503	0.89093790000329
-0.124956481424468	0.0913354512864204
-0.0309601220571771	0.0208062642430209
0.273201506020894	0.214473124412063
0.290061565219808	0.199233040684219
0.439206818737119	0.313778127378674
0.149833247272016	0.078498930032478
-0.401708795895114	0.32427320983263
-0.346602765990726	0.247018689521464
1.22908815111068	1.34964000861488
0.56653277354781	0.452721583554136
1.1154576560098	0.983376994610255
0.884769294879505	0.471349652692135
0.719963224379333	0.595547922354241
0.273990397215472	0.220781209047708
0.0861049444790527	0.0631028058823354
-0.31640269949189	0.264121938343481
-0.034515090903791	0.0267617142004548
0.289561631715236	0.210060113290771
0.1711067293795	0.127682927111873
0.866028377546244	0.991088737272387
-0.0981222475420177	0.0607523266722247
0.171916661470327	0.12861246179823
0.263887604619336	0.222320971339868
-0.120491359343593	0.0881429491651202
-1.26507728831596	1.20547780499299
-0.169218070320566	0.115731873720832
-0.111802426887164	0.0449555909623443
0.141168720466643	0.026788068800843
1.42795516831077	0.478570790474717
-0.655693812882749	0.15727529205589
0.139073148904902	0.0266055202308437
-2.58513149511835	0.689509113042442
-1.54109898628274	0.564008735008191
2.2564463749499	1.72228396730147
0.92113051285893	0.24102514029113
0.137716344096337	0.0264356853006178
2.33577604148799	1.18742693832559
-0.689513061515548	0.486125152600604
0.458176434977705	0.304235360416243
0.833505996162243	0.872168007717271
0.0280962932991051	0.0163269702915433
-0.0722887093195155	0.0316993226511971
0.168976169097114	0.10883035720431
0.15147187475542	0.0797436610699984
1.38207964518517	1.06371525331464
-1.50970933530107	0.790834296107116
-0.247885262104995	0.123989595283126
0.770767139981522	0.718985665699211
0.430390444334658	0.17386344113927
-3.77079928020134	1.52240203576144
0.803785201394883	0.337346626268689
-0.411875745781014	0.17307626466685
0.799563592146441	0.333733529226784
-0.750453159564684	0.266070645067511
-0.804339797847412	0.689939135154128
1.30381177112549	1.64934584188809
-1.26913142048443	1.20767846185224
0.00888974098166598	0.00474586826947229
0.483329254800221	0.428210616272827
-0.229346533355287	0.147652806681471
-1.62699900858523	1.92804177163225
0.0231567313819617	0.013247903381982
0.00526958511127764	0.00286992234187951
-0.0456430902937022	0.0216620938078751
0.925979622549504	0.243736825113843
0.591829396559823	0.310688057891531
0.0404792687396719	0.024998300271664
0.49731270282665	0.313406957125558
-0.494733073365965	0.423489642734886
-0.920641682405032	0.773923817440118
0.640940687339563	0.451454172101169
-0.0391985109043341	0.0254964261266991
-0.93105449553449	0.678979526695757
0.0137689533838905	0.00733046604918216
0.462730336510635	0.315924177659172
0.531438603499446	0.439729063278422
0.427719699748694	0.303823198734507
1.11312952505781	1.12120105493027
0.453569544820116	0.305574885328305
0.477487025842585	0.422249209227184
0.898150867081269	0.779851723046141
0.257639729907493	0.214528879305898
-0.0861356446000028	0.0532216369737054
0.553261886011432	0.440241780415158
-0.236985675842386	0.220041893426912
-0.232299083404164	0.206622253423743
0.0790199095570735	0.0557947972464896
0.0600998331578771	0.0378180802316871
0.262382544981576	0.246993874031114
-0.356420231230986	0.292600244742534
0.262620334407755	0.219464638464151
0.266637006576423	0.224805403984695
0.0717357905325785	0.0506573224328641
1.80273428484614	0.698964218585329
0.428518317050907	0.174046878111496
0.800079574854174	0.341914550374125
0.138547275345784	0.0347818496624983
-0.650318276706871	0.160755761640221
0.64519752559114	0.205734411961475
1.42795516831077	0.478570790474717
-0.111772179401005	0.0451824261502468
0.642650740895789	0.20298545340287
1.77275929533872	0.987948506771117
-2.30500772695039	1.19516871732005
0.297104687119828	0.191273010017728
0.434582596326448	0.31430467054913
-0.0433366154698189	0.0205395838816439
0.137772874053015	0.0720029380835892
0.0221766382044694	0.0128884011766624
2.22368776031052	3.03833807289954
1.44814551999689	0.910021425154128
0.343182263251522	0.166465560156221
0.937547178697283	0.929162376238286
-0.341769689853015	0.20190566255955
0.678115190757382	0.321110111421806
0.131142088064851	0.0445435122752936
0.505524711177284	0.184537045848412
0.133803328560972	0.0629688670497474
-1.04965581966949	0.429420534826054
0.149943158620432	0.0913360028585894
-0.129301892148986	0.0774075867553268
-0.323124016485839	0.150322897462286
-1.05835271433006	0.854284652875164
0.143453521782206	0.0804810189751567
-1.29066625347608	1.41774260614491
0.30927680096894	0.18321776269682
0.556170271512397	0.443266961120136
-0.0936803056968402	0.0584117635852823
0.949320328571433	1.15685752180814
-0.122118043548533	0.0718997044857669
-0.250218191319761	0.124571213822025
-0.236238288273782	0.155055074002243
0.0724466934366357	0.0485776037606799
-0.400495839058158	0.323899628968135
0.0436246378438695	0.0269111614244694
0.600637759822684	0.452760532034838
1.49841112784665	2.39149852060443
-1.02105567935887	0.922035333221971
-0.349974397865744	0.253575760930861
0.0512774735559873	0.0409626462611792
0.27158953687172	0.220368938482222
0.880228866316199	0.89942949504688
0.557397592163844	0.556793869790407
0.521564647860998	0.430011798081342
0.175067968354097	0.140424667424134
0.0419404976205872	0.0259165751079162
2.06307008770417	2.567712541773
0.416963569010247	0.318756187792494
0.511740786698135	0.531038491356435
0.79246812889292	1.04720484950701
0.831384838793119	0.758519409692401
0.772262033341419	0.597267529933688
-0.165633878223146	0.0608230448483071
0.133502874099665	0.0402503094723903
-3.09216987140428	0.960869115746174
0.926974875419701	0.246284209674963
-3.4747598518894	1.2627547738838
0.132363076767264	0.0509287700513303
-1.69199523536141	0.984856688168279
3.92485625909045	1.67118879982546
-0.372732473872603	0.110746709749891
0.889696465053937	0.7538102675966
0.149511739397937	0.0711755101297669
0.883341602567761	0.470807214309909
0.37768898545785	0.170244248173548
0.497585522845331	0.312659569644864
-0.16396168798578	0.093633402328158
1.44494162101872	0.88769271826751
-0.174363767051968	0.0621655001976924
0.52900067821338	0.441271660989586
0.142865520545547	0.0605218451085484
-0.164988899854355	0.0605952762512714
-0.542036345709306	0.210633259955254
1.05440155751561	0.514006068716458
1.55414783644723	0.79255832938947
0.679351020763047	0.321470737969825
-0.410063920396533	0.233505067165154
1.95328738401613	1.21292551678087
0.264815189313163	0.204284051404307
-0.478717914496696	0.32458801673637
-2.00082515247364	1.40717419693013
-0.17589630345014	0.123383590071558
-0.622636965232551	0.303887002294065
-0.938396262916804	1.13153117875317
0.0611511707019363	0.0412169104673981
0.906084007293679	0.781894595566904
0.133502874099665	0.0402503094723903
1.04735831288932	0.514396011297143
0.632794151594364	0.441334786669361
0.304183730104219	0.181506166574022
0.893311191956919	0.765015105118889
-0.0179893625539351	0.00897023405836539
0.0669582430303043	0.0451031648242165
1.21721391561438	1.34206140329833
0.412419120433972	0.314587359104054
-0.633336835132678	0.571377019380432
0.144724455679359	0.0750865146814024
-0.105478764332802	0.0649656919111532
0.630850110047808	0.572497121001562
0.879426516237904	0.890287776993154
-0.000151224093546935	0.0000656190934991782
0.704529731859311	0.461222862934125
0.985566929338186	1.36313572643089
0.680797213361724	0.77378321340615
0.73564575321456	0.712044927192557
0.531827449652756	0.442952212634254
0.0853093621620824	0.0625194321659316
0.777446679850586	0.737506947861202
0.508081388675797	0.18525425523165
2.7489176254429	0.781882431670721
0.929020853400311	0.244303524147299
2.74438259751335	0.780038400688451
0.507411456480791	0.182627863027312
0.13273416326183	0.0446282262586656
1.55909644829167	0.775729844473512
0.925979622549504	0.243736825113843
0.374680286530268	0.161971146835008
-1.20408223290878	1.24107214719496
-0.114564444780422	0.0460703149482727
-0.0218273100916123	0.0108741578761137
0.951014698679036	0.627953532325581
-0.75074715029621	0.263334856390217
-0.540837584872468	0.211287314007882
0.64342341463051	0.205691875654135
0.128231952882552	0.049380865923928
-0.482640286113946	0.323830168238696
-0.811368926727004	0.616492046164301
0.772996923157694	0.457935954218146
-0.190707762396885	0.12525990510637
-0.0180355317363774	0.00910321274457113
-0.0674797705111474	0.0429273274334386
0.422037787052613	0.320135952511702
-0.207008665739793	0.140809027649319
0.266690536649891	0.205056953732664
0.276193018063542	0.217421194619226
0.474401060386937	0.439881234991492
0.939274591095461	0.912330031896725
0.167509295079888	0.113919533733553
-0.0403392248300856	0.0192988516791789
-0.274421091833265	0.207575958714853
-0.990567319600959	1.26443119732664
-1.05952793875943	0.847451157249457
-0.546763234783934	0.464736066185413
0.269351016964604	0.219311547002538
0.0413160732627588	0.0255310158099411
0.286578545973588	0.194641477774311
-0.064927474639409	0.0284698162285851
0.323936090325211	0.175549508406895
0.00499829036850213	0.00275049713004356
0.72343673121366	0.60546528037775
1.22409153193343	1.18902993473534
2.51431163340976	3.28782735728781
0.138169594891086	0.0265198668009027
2.74531503858304	0.788587032684406
1.23146367152437	0.841645527708144
1.79492986711335	0.708745443595502
0.382074230658703	0.17233763635873
0.679586781493095	0.322193279624011
0.135500256447204	0.0577015774722853
-1.05409662448228	0.421844583573188
0.317117470414199	0.190232880631151
0.140213600976277	0.0608520726966992
1.95385666200594	1.23325565102779
0.505514712818863	0.182262620756373
0.93002098112329	0.244423585041229
1.26005949265284	0.697482198003559
-0.248142417567758	0.0817264643962973
-0.249368899211127	0.125151786418908
-0.804134317410414	0.436380131085333
0.312755491391899	0.188112064287318
-0.0795949465050105	0.0346537861303653
1.21945202244337	1.19123241850668
-0.505085740366241	0.268272328991912
-0.809902390467942	0.627628406759498
0.271056920012269	0.203179725549073
0.1572270231263	0.0902187075476332
0.324781760992693	0.180634988333801
0.154698068689696	0.0880639063923383
-0.0710577211076015	0.0454688552744508
-0.516993080096587	0.397149383470268
0.319175929572867	0.189481717069998
0.779151655297917	0.612090565900685
0.387457286791621	0.316214721484024
0.306520507189088	0.183649124637499
0.0014913095561203	0.000903235572124655
0.14496512940871	0.0828312889028637
0.153009606783084	0.0923759753688121
0.531965751339062	0.439024217390542
0.158740596817044	0.0963426427995338
-0.352128623096733	0.256355952590215
0.590947664629257	0.447708860841216
0.297589752111975	0.189609300585713
0.945188160507322	0.640277699261558
0.149517801935834	0.0910306163781887
0.328865864716186	0.179733323516793
0.139073148904902	0.0266055202308437
1.6178989962024	1.09346315990665
-0.0127335280222396	0.00651773065747776
0.529605572831293	0.295444618311474
0.379938469527123	0.170361547493074
0.381181749185143	0.172240019475104
-0.544995323112593	0.212530818243473
0.510425175538684	0.184248558920947
1.94813425489952	1.22029968229272
0.591315525607162	0.31099750979726
0.152069749729158	0.0932251378681855
0.158819769714422	0.101653820002243
0.0403577633797006	0.0249589447292883
-0.559942601627951	0.35907869712055
0.144142997823029	0.0764485803484311
0.442802331463768	0.31623310279666
-0.952874317215771	1.09482261219173
1.12745304008007	1.2574836792788
-0.0363745317892813	0.0174096450138375
0.679619987810376	0.586928030705785
0.147657911701915	0.0764187117078325
0.946078064071509	0.639863645465915
0.164622437731055	0.100661911175883
0.529400394673408	0.444868654863409
0.555883625208891	0.43474323567072
0.433349087261936	0.30662542600719
0.594707444960741	0.548102058124024
0.526996173724937	0.438869696212079
1.22722594064039	1.0262935436279
0.0571003469513613	0.0370589159629838
0.59274838213071	0.44946020477824
0.131256737765601	0.0565061525290237
0.607758537042393	0.566452503465835
0.306136676502646	0.196245684438596
0.495914210716866	0.310473306621033
0.537678060281947	0.309709857050163
0.139579653882622	0.0665007318140886
0.9353218196366	0.921707513357996
0.887579695664797	0.472693843733467
0.777452360815866	0.458474641435023
0.140495897635385	0.0670939268284211
1.55479791616394	0.782861546376213
1.09672695242087	0.803774482388197
1.60630385831916	1.12623748630873
1.88953969001943	1.58089506815572
1.42719460355007	0.477448564652232
0.138710775831454	0.0594516816778369
1.42785193139639	0.469601658503721
1.00976637943184	0.381454911222285
0.643652025841357	0.204814057575745
0.55782268209669	0.440305189548617
0.145313242215907	0.0762892190349137
0.992480933355602	0.796130693383323
0.162409855028653	0.0992898312199379
0.49654796467964	0.428020679167476
-0.450626599217554	0.356255301041864
0.165890073463205	0.114237247573892
-0.200065421606392	0.107167776520317
0.384509989658748	0.174899135225633
0.490094106486556	0.303840686743736
1.22189105124568	0.998636002436784
0.59787536076233	0.313265353712179
0.781664218715309	0.469353953045455
0.81699754378422	1.04337812990608
-0.0466384058186239	0.0219677222078045
0.602006476402332	0.451200521922053
1.75406669549832	1.77271355025255
0.459362366645353	0.304065187651959
0.569150724962106	0.448582746350365
0.33270471773733	0.183977397450836
-1.16152021660948	0.35929571617842
-0.646622749070198	0.158987296788642
0.485571962871353	0.303759821342327
1.65689963310642	1.51252097254205
1.26016345229505	0.701979403502623
1.24563223569958	0.854413991300148
-1.85665429981705	1.66816275453149
0.694445734213187	0.449703018918159
-0.53927097726266	0.20974189922174
0.483438193011146	0.298841697590195
0.132517398019614	0.0400248322660559
0.926974875419701	0.246284209674963
2.54457884186562	1.43608686752379
0.133606661613399	0.0514748615616714
0.136402732611651	0.0587480145985185
0.0729220131102391	0.0491642741744141
1.11042402717647	0.968725722185015
-0.128880573299864	0.0768217254374896
-0.236355617549415	0.154560422045219
0.595998906834658	0.311128765187251
1.07904645662793	0.647678559037856
0.535779600682425	0.448791883003623
0.787359405794382	0.739480841139261
-0.0134073765562542	0.00685100634134622
0.977692859260879	0.780724189935545
1.42912811146139	1.59712398380106
0.144984422134553	0.0697485741598153
0.884999425196193	0.909518457287519
-1.16296658250079	1.0011882769801
0.287671146050006	0.195556793567083
0.00522961243848521	0.00288556655425893
0.538056599386555	0.305569069559617
0.332728247700229	0.183561961450786
1.07261682570474	0.646521439384995
0.486026356333916	0.304212913312732
0.134176100343271	0.0517130992440637
0.888387974329828	0.479986838285812
-0.287019021649909	0.183599946122735
1.0157137322373	0.387976380499905
1.24332488274852	0.860801928716338
0.71109336906126	0.584380094463725
-3.09675293313402	0.963861246988004
1.0507039761577	0.510889322175911
0.138169594891086	0.0265198668009027
0.640646540574881	0.455496300707912
0.779282263502235	0.736768225843817
0.380659208100774	0.172749149895122
1.26375647998189	0.702726917390381
0.43552836548711	0.31624743786784
0.328247658246033	0.181431753776167
0.941530444599462	0.635196411408982
0.329211867601554	0.183184981108425
0.537132283701268	0.31026256028213
0.702358217439678	0.459774289118775
1.10161004626161	0.98454601693464
0.704999028480486	0.460389567661899
0.352797249109913	0.177555138523587
1.38438937221996	1.06329772875786
0.594462590263791	0.306674171195731
0.137269422822428	0.0654229526579736
-0.959748136754413	0.587385323514305
0.153103485043028	0.0922327126074687
1.31024810625553	0.577037468119118
-2.94538633087597	2.00608352653937
-0.0986542209436791	0.060927293869331
-0.165586432304184	0.0606717374796943
-0.118217048102135	0.046334866684007
0.165666166704139	0.09306910259921
1.10145553560248	0.973543474035931
0.733635270497449	0.601938867264736
-0.022374625978592	0.0148991266689742
0.681258995437214	0.315135047763368
0.140919584794549	0.0681808602916171
0.785369971678855	0.468157188278081
0.527102439694207	0.441566502541531
0.461950572427116	0.311723538542338
0.158269664834199	0.0807737524207468
0.461575182805716	0.311888825075679
-0.0363925778427884	0.0173730972620029
-0.0447950392437661	0.0212992694803311
-0.1538181009075	0.0882691296513896
0.780376561528975	0.466035053006428
0.881216282624022	0.472783859713719
0.889482666156602	0.746147342200238
0.711951033058265	0.590173550016223
0.775470259546501	0.613932222760674
0.329676638658938	0.183285115863043
1.44131642921573	0.883591288739718
0.346801026855411	0.174622193872568
0.64519752559114	0.205734411961475
3.62062366405083	1.43326252584705
1.46861156847624	1.45130588000541
0.884421100630243	0.474188547953547
0.8898158199899	0.473281313237588
0.634878060175169	0.578451730004894
0.381181749185143	0.172240019475104
0.778920066968031	0.463620558631708
-0.310165538730649	0.231415780000971
0.5613952351901	0.450124634872999
0.46151385187932	0.312352851354353
0.598575552424511	0.558329193327717
-0.66455532208167	0.397279210081891
0.0441195809502893	0.0283453156054877
-0.0103879904011776	0.00535203675981769
1.23817297585237	1.02421714405897
-0.0708310066154293	0.031305775448192
0.855424695846571	0.623401806360059
0.144400696090545	0.0621434930904857
0.463820448479289	0.312119351373689
0.847486303487907	0.619572226467607
0.719741715725066	0.604351173015648
0.377336180340363	0.170103151768751
-0.312187440468304	0.228574050494832
0.00743463049866888	0.00396450088881733
0.289272939924868	0.207648594928349
0.592119968197792	0.304331683114148
0.310940539573819	0.186270208171248
0.631373918450755	0.436645322771888
-0.0937539276607918	0.0692713901231284
0.368998829778645	0.315707818521004
0.902144256508809	0.777907034152571
0.460918696203651	0.313935212806551
0.307217537408647	0.185109951559013
-0.153109583613361	0.0864881549418082
0.877384244965421	0.904049477920666
0.779485985855204	0.46307389003247
0.535825594448281	0.309643713739903
0.00786300361780314	0.00417882017765151
-0.802867998151573	0.51371656683284
-0.500942510547539	0.264016941654158
-0.240507304228791	0.158898901473537
0.300546809493981	0.191451265169723
0.640685061481695	0.44530886958837
0.160800493080716	0.104759443385339
-0.318413249366042	0.148576123433419
0.138645451473333	0.0668348077285699
0.957558772630494	1.00781710026199
0.297327911672283	0.188180209732242
0.820795049715929	0.864982179738949
0.702256309294907	0.455176283882924
-0.489959357485016	0.315383426967666
1.07486309386323	0.665184826170886
1.14627977943034	1.51167457329634
-0.504593921432897	0.268073104634883
0.483719124708061	0.299897093136295
1.01505974891917	0.930423062417373
-0.248892050855984	0.125306899342208
0.348192550419542	0.176204276959526
1.47198088165889	1.46413033842473
0.0384676831242706	0.0236207427968565
0.716207275077578	0.58684207166412
0.79747062420093	0.336571067175277
-0.117580381639542	0.0857302435967675
0.779523722550704	0.722989749557276
-1.62057714955198	1.9361318427237
-0.152027482159924	0.086443479311686
0.479947189101129	0.427814585120621
0.355511859071429	0.176916216054789
0.158936719261028	0.096757698236368
0.673519389124798	0.582632628671768
0.393368067372594	0.322706512763674
0.131178416214028	0.050298899448081
0.640432049403559	0.206671110179374
0.927971507294548	0.243537608899139
0.888272054281772	0.478070301571506
2.08429028619333	0.934651562790532
1.44705128768807	0.901240116905507
0.445872669797098	0.292226924277512
0.452922962821452	0.305356680798636
-0.0180959145736411	0.00903269317295891
-0.627611350667192	0.703677359802011
0.776227394069198	0.738634858266067
0.323047392137146	0.177971317098074
-0.0649683777891304	0.0282260265304322
0.968558359286112	1.06633091486697
0.46639546984217	0.311892272533911
0.783091960458322	0.465943380947908
-1.55774235058965	1.46332659016838
0.152990106394889	0.0856835601777703
-0.558797637327402	0.472763751053866
0.00575196844325451	0.0031618279093353
-0.500039826825257	0.263237991413251
-0.160406674189867	0.0589738488213368
0.592474260396494	0.438544839726441
0.414392596219504	0.313514218179567
0.140653425674921	0.0606738790206114
0.42391891802808	0.1718634323489
0.432044672988202	0.311816982967182
-0.0713229534329393	0.0316305852915741
0.127622229925179	0.0429459778492959
0.50457577546401	0.182045166120913
0.314822700633103	0.188019025097368
0.536238501807905	0.309864693111396
-1.69086774011608	0.982342295189858
0.769416437167484	0.597795595261895
1.01622512696611	0.949105451376494
0.770730914296941	0.599896932908646
0.508560488635989	0.440894781114722
0.164803795410049	0.121688275956373
-0.340308653023754	0.239036348981238
0.843391506760606	0.763257594417913
1.03864105617848	1.10206381873618
0.526405727734771	0.430526670391656
0.0331061746644515	0.0202850848901908
2.54668915115715	1.42459741234938
3.62360809261866	1.43608472685745
1.95338582999428	0.463576578510391
1.23468630942041	1.02690651712551
-0.596787629007005	0.587827205055991
0.276208153579594	0.208940959449382
-0.240316682935145	0.156979310271576
-0.815153139307999	0.62529865483643
0.043795689773815	0.0281517477029166
0.285712471688475	0.205329118876288
0.157082129106201	0.0889484619755251
0.525486703876013	0.43925019313178
0.157302020720958	0.106197385721293
0.601156755051927	0.313326299747314
1.7999374187146	0.711558267279855
0.804694516036484	0.340900603373708
0.148899056471807	0.0780571923573172
0.532625134297712	0.302697357826642
0.407421153409272	0.30548429034962
0.934111145572896	0.91480212605466
0.673615594565142	0.58344145946517
0.59493479458605	0.446479224555982
0.698232534897888	0.705493626784131
0.596922234810012	0.556099117464192
0.938759972605762	0.916969017005367
0.412172206065392	0.313923705427185
0.946078064071509	0.639863645465915
0.34456797718861	0.172788047174501
1.79971117079625	0.713547256095307
0.795916309961363	0.338880381128544
0.545875901632107	0.539927454588297
0.165997400603231	0.123609084310225
0.178117968949344	0.151407932533488
-0.240216436737828	0.157570658522213
0.0766532856963032	0.0538917007770245
0.709670214625059	0.56231113419833
0.283925201319925	0.212030092441507
0.135459491265475	0.0704678620819983
0.421665116353351	0.315283179945931
0.0340313641500288	0.0195232359116861
0.263754186328766	0.205149427961274
0.291329753784488	0.200462713656758
0.8898158199899	0.473281313237588
1.07397484779995	0.663192390518348
0.523943964810119	0.434032737369324
0.0474143713656898	0.0292304654457538
0.701005047679047	0.458104801617186
0.640886722869342	0.453170629746022
-0.410201222772444	0.285954616212317
0.0425390210051402	0.025985436480485
0.433199097228238	0.314575786223841
0.315934828379359	0.190452092558234
1.07340446876821	0.652392140178008
0.280674019279974	0.198710123758988
1.65223276602795	1.50866727661354
-0.0741422651514142	0.0326106923562931
0.794359610261719	0.334150440841917
1.10036040957054	0.826599874882047
0.361716601658688	0.303568274566761
0.475226395483241	0.424549838702507
1.09501828027603	0.821670566662367
0.162744875354526	0.110644937455866
0.136536751098384	0.0588145613661722
0.00432371533490573	0.00238246262176479
0.148633034930519	0.0848058015578324
0.152261889675725	0.0928552424187236
0.558122486533027	0.447070195335808
0.295665973779619	0.203417395281961
0.277906518433158	0.210165546738753
0.641213156323557	0.56385424361847
0.304845177682465	0.196789367755601
0.302453869520254	0.193492157948502
0.508081388675797	0.18525425523165
0.801383180273715	0.338980745417885
0.677212662154594	0.317491908475002
0.288448658652738	0.20605623045279
0.776062937577609	0.719781155054778
1.89296081675328	1.58974368439144
0.154793410185994	0.108814669568696
0.362370015359033	0.321189297730422
0.53290563561173	0.541877944010595
0.277767945949385	0.204705099827844
0.1584569516693	0.107080682784992
1.06456504071598	1.24818688048943
0.271826356025059	0.219267420012953
0.770015152617794	0.58693308312748
1.11867229617186	1.21052573424959
0.641203436908402	0.204828865510354
-1.05245216258944	0.431815108906743
0.492837950850344	0.303824055656525
0.143499495955147	0.0749251832674855
0.477795269921476	0.288061027646427
-0.0885495001235686	0.0542586570311096
0.532116653831847	0.446822179892052
0.492965485155062	0.418962702273212
-0.12106288269793	0.0725602647457133
0.306654933077857	0.196677844631091
1.3531912584746	1.23401438422954
0.152374998609865	0.0936007119886747
0.371259627509467	0.316884800968645
0.675070079402767	0.317521362750003
0.426659429160041	0.302746287515572
0.372224943329878	0.318564996624523
0.776637451995134	0.609206655146307
0.379289347573987	0.312298368727612
-0.112159473957684	0.0450463769175976
0.379939924847249	0.318543627491674
0.143155562240393	0.0688757413903805
-0.754915023302398	0.265106216530069
-1.54109898628274	0.564008735008191
0.332297187693773	0.17925506743346
0.780213980101236	0.46546588619362
-1.11182097640427	0.762708564217746
0.421441045023282	0.317908469176716
0.308075742876518	0.184084340194486
1.34691305874811	1.23572996321712
0.324292452338677	0.17961322700072
1.08756492581268	0.822432974731495
0.461016924326502	0.310598554314671
0.309310281161372	0.184079796602175
1.25793867782652	0.688439395578364
0.137748053499087	0.0657569526708681
0.427628217437616	0.304140059859714
0.605996817657465	0.566250503424061
0.0469967831917182	0.0290028453762263
0.270857048773236	0.214376615955162
1.23695845402382	0.852289875528921
1.00907487707479	0.37988153605154
0.133269655210264	0.0514052505492531
0.539879429393312	0.309557314492443
0.938041923261237	0.61934302802559
0.895699245781015	0.778967288282703
0.287350281098498	0.208301668606259
-0.0599069145764367	0.0259920179939093
0.275387348868038	0.1948880588709
-0.117676054787616	0.070374280735991
0.296515160971517	0.192417589680154
1.05876575783008	1.2472463416179
0.330995025660395	0.18302889555091
0.594073159569233	0.308887527868253
0.415766323899943	0.314860144935105
0.713841907368577	0.592234753693665
1.55414783644723	0.79255832938947
1.3906481690581	1.07048994939256
0.305274035710335	0.197179913865607
0.776852943473831	1.12045096163719
0.42618488011559	0.572757928881042
0.200726351141814	0.198566029255118
0.415966007654962	0.428525493654797
0.141810784125479	0.0674769218157348
-1.01380249942136	0.921348615081002
0.886311882815399	0.481039165319114
-0.749707900448518	0.266629197702648
-0.371963944093828	0.110621992809151
0.133083947721306	0.0514872556193567
0.353192939513956	0.173697814492391
0.886494783924782	0.478709653891414
0.887199687258106	0.480645526352824
0.08733702892654	0.0631488898279913
0.75634589344445	0.920981315280324
0.170724177782074	0.121780066402716
-0.512020339925128	0.387341155475995
0.0311128789721235	0.0190066399287379
1.01687923326494	0.967412893866893
-0.0412366559200895	0.0197978413886425
1.09286658182105	0.823305022832348
1.22377092029798	1.19057463146724
1.24006623789638	0.833066450792232
1.55414783644723	0.79255832938947
0.133037105859592	0.0510757561308982
0.154698068689696	0.0880639063923383
0.639660215207864	0.203910262751024
0.513240497576747	0.183512318804119
-0.787683926065199	0.349169875920851
0.421800127193901	0.168880055064325
0.595439417241003	0.311940942098591
0.673638406368234	0.317580013534459
1.22065374128026	1.17361079334073
1.16608799251538	2.11755099631669
0.508325950710815	0.183108533971571
0.529079101322968	0.302684678566532
-0.30677825919917	0.228750816425717
-0.668578241195382	0.396516482451822
0.333147671333804	0.18337262276774
-0.80895378096421	0.627149312209819
0.702825517072602	0.459620232964098
0.427307329026678	0.173322868473184
0.306745203901725	0.18384910767904
0.137790482671227	0.0349173015404508
0.590879653502308	0.30740705226431
0.132178724057892	0.0510702765080139
0.126565388852724	0.0378858273324485
-0.0709836198468253	0.0310243484021931
0.533519291448571	0.302779795857193
0.13269968256925	0.0511668869959815
0.504981521514724	0.437591766613126
0.569954876666695	0.446518269645079
0.674997407380015	0.58427278776925
-0.00140624061720789	0.00055049714794537
1.95149986841628	1.21291987218793
0.593041824129712	0.306755362254923
0.53271067411642	0.303032348337983
0.705433697466611	0.461636131273697
0.595287251975498	0.451665063198277
0.278121533878196	0.198798309547852
0.930426545269943	1.23695260670542
0.703330034606186	0.894583076311925
0.101090451621599	0.0793176031958263
0.177661450389588	0.142774428833382
0.168635661921815	0.102399919167157
0.428825611450252	0.174366674929911
0.139123653747129	0.0670084264154567
0.881411883829964	0.466201776955058
0.534480645275435	0.305631607843094
1.556606241661	0.779912172364091
-0.10893038837639	0.0436505557969368
-0.752194007398662	0.261059846312193
-0.747972485615798	0.261954605937602
0.350076878181714	0.176415960628599
-0.0763725913316967	0.0334157346121913
1.01080793058073	0.389781480211188
-0.323124016485839	0.150322897462286
0.129278986113907	0.0386815864932076
0.13269968256925	0.0511668869959815
-0.240928484682292	0.0794592918982822
0.670298405368257	0.309307349974868
0.669032146250281	0.309701003586388
-1.54287595262912	0.564324390459102
1.01155779435024	0.385777953603479
1.95256933090985	0.464168557061862
-1.16605123679474	0.358241254731586
1.31000962917872	0.587023547729711
-1.04918860874569	0.425130851310869
0.432216086405575	0.176459106478166
1.07629714264021	1.45119103917225
-0.10170123611621	0.131771945583827
0.0520002426886488	0.0512654292080099
0.271870185890607	0.264989924316306
0.640432049403559	0.206671110179374
1.01005776396623	0.384301698232896
3.62254507579789	1.42030496214698
-0.654514463701247	0.160265207029626
0.137716344096337	0.0264356853006178
1.95338582999428	0.463576578510391
3.25215396833713	1.09944519815717
1.79570418994076	0.710490111832351
0.139073148904902	0.0266055202308437
2.74531503858304	0.788587032684406
0.926974875419701	0.246284209674963
1.79492986711335	0.708745443595502
0.92113051285893	0.24102514029113
1.12364169140208	1.14350215424788
0.142676839361568	0.0684681209138068
2.3325100448268	1.17874795812717
-0.785291228573989	0.349787734626296
1.31071131737431	0.580370529078579
0.59355754289016	0.308419721427129
0.14268776154043	0.0685343375627423
-0.40948446286418	0.174346422488273
0.452218027212325	0.300575613348716
-0.696445147091692	0.485609376901566
0.140016264913674	0.0668368809160891
0.143504453742169	0.0616658170189631
0.26489615553352	0.221873525922664
0.203147898129911	0.213961767511603
0.414930509885416	0.432411640051672
0.407930556956179	0.429189910014113
1.60881014861691	1.12910670530083
0.432216086405575	0.176459106478166
0.603921388414299	0.312017272029304
1.7959287507101	0.710356981550796
3.91440476331281	1.72518419510354
0.508781691198075	0.185680235788344
1.04735831288932	0.514396011297143
0.130755305563244	0.0449465396920763
2.093644067217	0.946467308542565
1.89072962463297	1.59026651340235
-1.84290267129783	0.7723474188048
-0.800555803404835	0.44379923760272
-0.244428546932055	0.0805963435476292
0.704996523301823	0.461066481883198
0.528979406231189	0.443230420836547
0.486499488612435	0.304559099685998
-0.0777895311604076	0.0338340745776816
-0.0108308673977325	0.00555773699149107
0.0543266780988532	0.0352517021339165
0.96179459516522	1.01936905522601
0.140975434529119	0.0672074332845694
1.55239096568043	0.775447909362186
-0.12159333515731	0.0730278243494261
0.141382589501472	0.0739460689813553
1.01104201595136	0.385305051110661
-0.372967191440885	0.109879462987979
0.13736878168018	0.0597244732636165
0.890705897272587	0.48558707094198
0.795284689827126	0.332185247077478
0.128273953571336	0.0435604712556113
-0.791401001108939	0.350879919431616
-1.184928784904	0.667519552796718
0.324220896668135	0.174200932998756
0.384335511514087	0.173210318245947
0.142135716499994	0.0613770333174805
1.01496655409926	0.392016410565643
0.146664806402744	0.0829666624514718
0.946498630805131	0.632115201828568
0.144016413139906	0.0618355862975993
-0.247920189879615	0.124093423954189
1.07340446876821	0.652392140178008
0.135879697342193	0.040042092096282
1.22814363880187	1.01479035652699
-0.11161928619506	0.0447980855545616
0.67711437897708	0.318354079635132
0.428241289583821	0.174216330191094
0.885424021942075	0.480065836387362
2.25985028562818	1.72858502237915
0.775273599882575	0.458495943294878
0.537132283701268	0.31026256028213
0.943335698087294	0.634661967069497
1.55324176552158	0.789473162707191
1.54576406592416	0.771410399129658
1.79870938672057	0.706124174779807
0.802101586369906	0.338306519357823
1.94992240262625	1.21699685269381
-1.68923771716142	0.965414533763412
0.881757808415821	0.473376481004409
-0.169021373875344	0.0614292502965276
-1.54109898628274	0.564008735008191
-0.372967191440885	0.109879462987979
-0.246744187489769	0.0819875861942725
0.377872391327734	0.165514520535659
0.427316565804675	0.173552865810992
0.945116258948195	0.635301958910681
2.33488941956988	1.16006973915055
0.513937441101234	0.183924106895497
0.169931221524328	0.115424880054926
-0.123862307209726	0.0484586361484635
0.306257064385766	0.184171549602302
0.596228987260839	0.452177341169658
-0.412995427701793	0.173626112250536
0.132755613913402	0.0400087413766842
0.332262850861858	0.183645204397299
0.880327909797598	0.469946828519059
0.503178003100022	0.18139115003774
0.67269119583245	0.31120100265385
0.352752150848074	0.177564836597134
0.380830520088272	0.171419819096383
0.395554376573303	0.324356894678403
1.13852489088415	1.39474639674717
-0.0208895620891447	0.0139729118992651
0.169102050948167	0.126253277306975
0.012145524677391	0.00643520936096836
0.587404163147783	0.440181618669432
-0.209729602658984	0.142651305584161
0.841542271297119	0.612250810181428
-1.05321219730992	0.8312868257461
0.400338675606536	0.315319905445122
0.167307626337748	0.114268071886548
0.669402298651406	0.577069999735691
0.372766117836015	0.164135504664441
-0.707867960581932	0.631723610274891
0.160091721196116	0.0977262294559512
0.877901451940044	0.90208559994639
-0.0197133111719919	0.00997287870104449
0.134176100343271	0.0517130992440637
-0.390987503996732	0.308971165073419
-0.408707844862578	0.287526898214078
0.648034421205998	0.45505598606681
0.00811878444196128	0.00434893981680219
0.769080557865026	0.599112417352802
1.42898338960615	0.478193832396807
0.138375656503241	0.0404207688069331
0.802747172690907	0.339306669845037
-1.18056034976999	0.673277993957225
0.131405301493996	0.0450882414222608
-1.85198270484319	1.17164164116771
-0.249651264382026	0.122467443629478
-0.960151225996099	0.596790300166249
-0.958386432340115	0.586131822008611
0.128800385405616	0.0497090773739998
0.537165983046884	0.311041271705653
-0.319139250406554	0.146691925915673
0.139576085242422	0.0352987079074651
-0.804412182532773	0.612813737154235
0.147175854939678	0.0623176831620195
-0.782775105759389	0.348783751611011
-0.367964462335371	0.108363329225903
1.23424507199519	0.845112307715773
0.640658905761581	0.203950748563405
-0.0384834224688209	0.0183737551027558
0.888582700685324	0.475553104281059
0.351855533995267	0.177414109176794
-1.48147473943207	1.02979418810495
-0.500454394459263	0.267050239825906
0.640432049403559	0.206671110179374
0.505524711177284	0.184537045848412
0.590879653502308	0.30740705226431
0.378227764000028	0.170205318481916
0.430994181149932	0.173808003780719
-0.248387997661862	0.0825807028479737
-1.34450086908864	0.834192143243543
0.595576677833049	0.313354150327011
-0.0923575051468941	0.0570409297099471
0.595870438722232	0.448276136682285
-0.508169623431026	0.261088703346675
0.92732486785368	0.24306890205782
0.925979622549504	0.243736825113843
1.79063227897974	0.701853790205257
0.128463635326266	0.0493757620403598
-2.09399808074663	0.980549459513818
-0.419197114433928	0.237439693877554
0.136471825034789	0.0593672744044938
-0.0708959284935654	0.0311295953444093
0.138169594891086	0.0265198668009027
0.641657829571976	0.201878292806112
0.787436441744739	0.739450349050622
0.146803358592077	0.0701506134202728
-0.618763311534973	0.302466954406303
0.31362609073765	0.187445093292423
-1.20512355786256	1.26128850302253
-1.30094464212702	1.39542460346902
-0.122251756712101	0.0720647125846353
0.140442051310278	0.0680077678137664
0.139964424144334	0.0676637522938998
0.412841124926807	0.315110171932196
0.799290226460679	0.340854272095793
-0.500454394459263	0.267050239825906
-0.698348857697435	0.558540667955966
-0.811433597680907	0.696779712235866
-1.29958646375587	0.592105793469213
-1.80190156331263	0.405310176911618
-1.80211551800213	0.40518546889285
-2.58557826662177	0.681302812577655
-2.58513149511835	0.689509113042442
