x	y	clickSelects
-0.09870423749477	2.23355340790239	1408
-0.0314343074085399	1.46601869267936	17
-0.0209972185796601	1.94078927648586	556
0.0550531257249101	0.792542427995745	17
0.11296145903304	1.12969623516501	67
-0.10983232271809	1.07306394539463	67
-0.06926546790303	0.465378566229971	572
-0.07280539644993	0.477448564652232	67
0.0500895525974501	0.778774959831316	67
0.05324176552158	0.789473162707191	1189
0.0535473297453799	0.771981238300876	1189
-0.0699879229667999	0.472328161227103	601
-0.05416394288337	0.910864209091877	601
-0.0681537716474701	0.479292741706694	120
0.04944428562493	0.778083033060752	31
-0.0730725863230399	0.472854481440801	462
-0.0720448316892299	0.478570790474717	382
-0.0717777566350599	0.477074019570971	382
-0.0730725863230399	0.472854481440801	58
-0.0720448316892299	0.478570790474717	12
-0.0684126948538799	2.18801850713574	17
-0.03569395358168	1.44542918956282	285
-0.11424263104536	1.06581524493349	67
0.11109559482626	1.11822253915267	67
0.0273526929691199	1.29167131741318	572
0.0593870206300999	0.78344810605566	67
0.0578079631572099	0.773305480893515	67
-0.11335750649353	1.06827876202682	1189
0.0189568905901201	1.28890096160702	31
-0.11923586888964	1.05729433456047	601
-0.05836541677124	0.897583415485501	120
0.05239096568043	0.775447909362186	120
-0.0627615070583001	0.881694380364185	31
0.10993714144739	1.11116376747595	31
-0.07280539644993	0.477448564652232	31
-0.0691850616331	0.474993175817053	462
-0.07317688836652	0.473648243082631	382
-0.0699474380288001	0.473890200865325	382
-0.0707496515431201	0.471239687923602	382
-0.0710166103938501	0.478193832396807	382
-0.0720448316892299	0.478570790474717	382
-0.06891673227405	0.478167346987275	382
-0.0730725863230399	0.472854481440801	382
-0.0720448316892299	0.478570790474717	382
-0.06712201309321	0.475136223572177	382
-0.0699474380288001	0.473890200865325	382
-0.0717777566350599	0.477074019570971	1548
-0.06603988765179	0.469223739016395	1366
-0.0717777566350599	0.477074019570971	217
-0.06424025149337	0.470793566917827	217
-0.0717777566350599	0.477074019570971	217
-0.0717777566350599	0.477074019570971	12
-0.0738325704557401	0.471762089576048	1838
-0.07809066276743	0.467369829987504	12
-0.07280539644993	0.477448564652232	107
-0.0770658266540301	0.472946291653134	107
-0.0738325704557401	0.471762089576048	107
-0.0710166103938501	0.478193832396807	495
-0.07280539644993	0.477448564652232	531
-0.0760405310832699	0.472583961120929	531
0.0644360473324199	2.15207474714903	1408
-0.10493589661661	1.04829693333113	119
-0.01724528081569	1.94327164392883	17
-0.11830924961539	1.03205176835617	556
0.04201558146065	0.753769429709984	17
-0.0720448316892299	0.478570790474717	79
-0.0720448316892299	0.478570790474717	113
0.05324176552158	0.789473162707191	121
-0.0552530596349701	0.890653007745976	67
-0.05362198903316	0.912150936562615	67
0.10682022262712	1.11444507093232	67
-0.11026141166792	1.06286782029866	1189
0.0505808284801501	0.77555938050866	601
0.11784791477051	1.10369858462113	502
-0.0717777566350599	0.477074019570971	120
-0.0720448316892299	0.478570790474717	462
-0.0717777566350599	0.477074019570971	54
-0.0717777566350599	0.477074019570971	54
-0.07280539644993	0.477448564652232	382
-0.06712201309321	0.475136223572177	382
-0.05693690627147	0.899952167138894	382
-0.0720448316892299	0.478570790474717	382
-0.0730725863230399	0.472854481440801	382
0.0547361689204	0.769495388984206	382
-0.11649493414832	1.05488385385304	1547
-0.07280539644993	0.477448564652232	764
-0.0707496515431201	0.471239687923602	287
-0.07280539644993	0.477448564652232	107
-0.0699474380288001	0.473890200865325	107
-0.0730725863230399	0.472854481440801	531
-0.07317688836652	0.473648243082631	498
-0.0652751037252599	0.470301214618162	498
0.01071938280536	1.2271431438111	17
-0.10013826136293	1.72633431884694	67
0.10730539636011	1.11763338649697	1189
-0.0550482985028	0.908328416896414	502
-0.0717777566350599	0.477074019570971	601
-0.0717777566350599	0.477074019570971	120
0.0501804258727001	0.774176324231999	120
0.05440363611776	0.780361677510396	54
0.0600305246322299	0.7740873125592	54
-0.06891673227405	0.478167346987275	382
-0.07280539644993	0.477448564652232	2068
-0.0738325704557401	0.471762089576048	1366
-0.0691850616331	0.474993175817053	32
-0.07280539644993	0.477448564652232	32
-0.0710166103938501	0.478193832396807	12
-0.0710166103938501	0.478193832396807	287
-0.0699474380288001	0.473890200865325	1243
-0.0699474380288001	0.473890200865325	107
0.05173884031121	0.784928292248589	285
-0.0681537716474701	0.479292741706694	121
-0.11471425716695	1.04868764130787	67
0.0185110412404299	1.28401649788948	67
0.0457640659241601	0.771410399129658	67
-0.07280539644993	0.477448564652232	67
-0.11743966958931	1.04908945185378	1189
-0.0681537716474701	0.479292741706694	31
0.05173884031121	0.784928292248589	601
-0.0707496515431201	0.471239687923602	601
-0.07317688836652	0.473648243082631	120
-0.0710166103938501	0.478193832396807	31
-0.07280539644993	0.477448564652232	54
0.10829171007831	1.12755164681823	382
-0.0681537716474701	0.479292741706694	382
-0.06712201309321	0.475136223572177	382
-0.0559327105194201	0.902874468546951	1548
-0.0613348698126699	0.892858676693574	1366
-0.0720448316892299	0.478570790474717	58
-0.0710166103938501	0.478193832396807	58
0.10919672889214	1.10976274349329	32
-0.0720448316892299	0.478570790474717	217
-0.0710166103938501	0.478193832396807	217
-0.0710166103938501	0.478193832396807	217
0.0496746038970799	0.771811008207858	1838
-0.0508495337336901	0.906635016822695	764
0.06782462695309	0.743308152635611	764
-0.0720448316892299	0.478570790474717	764
-0.0760405310832699	0.472583961120929	764
-0.0760405310832699	0.472583961120929	1212
-0.0717777566350599	0.477074019570971	495
-0.0717777566350599	0.477074019570971	531
-0.05106190364216	0.88320337996413	67
0.0578727739960401	0.758584490395639	601
0.0508334283573899	0.786182588324621	120
-0.07280539644993	0.477448564652232	120
0.1040164374711	1.10715072510083	382
-0.0681537716474701	0.479292741706694	382
-0.0681537716474701	0.479292741706694	382
-0.0691850616331	0.474993175817053	1548
-0.0738325704557401	0.471762089576048	1
0.056606241661	0.779912172364091	32
-0.06424025149337	0.470793566917827	217
-0.0738325704557401	0.471762089576048	217
-0.0720448316892299	0.478570790474717	1212
-0.0678855588124401	0.474033268230349	107
-0.0720448316892299	0.478570790474717	495
-0.0289930035241399	1.45890497542856	17
-0.0410284602717801	1.42537725271415	17
-0.0720448316892299	0.478570790474717	960
-0.0707496515431201	0.471239687923602	113
-0.11567563953038	1.06039354970827	67
-0.05450583170553	0.909610308903803	67
-0.05293068535692	2.04307671145559	67
-0.0546259358466199	0.884263712378939	31
0.02167011324598	1.29460049790981	601
-0.0652751037252599	0.470301214618162	31
-0.05890688317319	0.902431779745543	462
-0.0717777566350599	0.477074019570971	462
-0.0587054676384899	0.895608179697363	54
-0.0707496515431201	0.471239687923602	382
-0.0699474380288001	0.473890200865325	261
-0.0720448316892299	0.478570790474717	1366
-0.0720448316892299	0.478570790474717	58
-0.07280539644993	0.477448564652232	2472
-0.0681537716474701	0.479292741706694	217
-0.0720448316892299	0.478570790474717	217
-0.0707496515431201	0.471239687923602	217
-0.0720448316892299	0.478570790474717	217
-0.0678855588124401	0.474033268230349	12
-0.07280539644993	0.477448564652232	12
-0.0681537716474701	0.479292741706694	12
-0.0760405310832699	0.472583961120929	107
-0.0717777566350599	0.477074019570971	531
-0.07280539644993	0.477448564652232	17
-0.0738325704557401	0.471762089576048	960
-0.02157590719261	1.95886940939832	285
0.08044768248388	2.43796424518956	67
-0.0550482985028	0.908328416896414	67
-0.05713927117014	0.884028584504488	67
-0.07280539644993	0.477448564652232	67
0.10678640239191	1.11610590333976	31
0.10855689049148	1.10914555849812	31
-0.0565959335432	0.897819638951261	120
-0.06500562329447	0.469713899049653	32
-0.0720448316892299	0.478570790474717	217
-0.0681537716474701	0.479292741706694	217
-0.0717777566350599	0.477074019570971	217
-0.0720448316892299	0.478570790474717	12
-0.0730725863230399	0.472854481440801	2421
-0.06891673227405	0.478167346987275	12
-0.07280539644993	0.477448564652232	107
-0.0717777566350599	0.477074019570971	17
0.0303107257747099	2.26069424593886	285
-0.11520396507578	1.0352467879545	67
-0.07280539644993	0.477448564652232	67
0.0185022779815001	1.81584120622635	67
-0.10270339991683	1.72275269867273	67
-0.0720448316892299	0.478570790474717	67
-0.05782116202135	0.89884378472194	601
-0.06712201309321	0.475136223572177	54
-0.07280539644993	0.477448564652232	1366
-0.0730725863230399	0.472854481440801	58
-0.06926546790303	0.465378566229971	32
-0.0717777566350599	0.477074019570971	32
-0.0710166103938501	0.478193832396807	32
-0.0720448316892299	0.478570790474717	495
-0.0760405310832699	0.472583961120929	6
-0.0681537716474701	0.479292741706694	169
-0.0717777566350599	0.477074019570971	498
-0.0738325704557401	0.471762089576048	498
-0.09520896620966	1.7271620099792	285
-0.06891673227405	0.478167346987275	67
0.05596010072993	0.789495909237653	67
0.056606241661	0.779912172364091	67
-0.11792035481483	1.06371525331464	67
-0.0699879229667999	0.472328161227103	67
-0.10305735534785	1.75296082009179	601
0.0508334283573899	0.786182588324621	462
-0.0652751037252599	0.470301214618162	54
-0.05450583170553	0.909610308903803	382
-0.06891673227405	0.478167346987275	272
-0.0742052468557199	0.469453428525921	1
-0.07280539644993	0.477448564652232	58
-0.0699879229667999	0.472328161227103	58
0.0538925777473001	0.779864833648603	32
-0.0760405310832699	0.472583961120929	1491
-0.0738325704557401	0.471762089576048	217
-0.0710166103938501	0.478193832396807	12
-0.06891673227405	0.478167346987275	337
-0.0720448316892299	0.478570790474717	764
0.0466699065774101	0.772502733813019	12
0.0538033505100699	0.771118615805415	287
-0.0717777566350599	0.477074019570971	1516
-0.0720448316892299	0.478570790474717	1587
-0.0176007311319899	1.96680690103361	121
-0.0964167950396899	1.73087308143536	67
0.1109454935159	1.13190593364086	601
0.0282087596612	1.28881162275642	601
0.0575172163434201	0.783229267431462	601
0.0508334283573899	0.786182588324621	462
0.0508334283573899	0.786182588324621	382
-0.0681537716474701	0.479292741706694	585
-0.0710166103938501	0.478193832396807	1
-0.0717777566350599	0.477074019570971	32
-0.0730725863230399	0.472854481440801	32
-0.0710166103938501	0.478193832396807	32
-0.0710166103938501	0.478193832396807	32
-0.0720448316892299	0.478570790474717	1491
-0.0738325704557401	0.471762089576048	1491
-0.0717777566350599	0.477074019570971	12
-0.07280539644993	0.477448564652232	1113
-0.0710166103938501	0.478193832396807	287
-0.0710166103938501	0.478193832396807	1516
-0.07280539644993	0.477448564652232	1587
-0.0710166103938501	0.478193832396807	127
-0.10621197667352	1.06593508330171	17
-0.0720448316892299	0.478570790474717	17
-0.0720448316892299	0.478570790474717	206
-0.0497693203926901	0.895727207553442	67
0.07306853013118	1.69524252877523	67
-0.0691850616331	0.474993175817053	67
-0.03706443697553	1.45610558858987	67
-0.05173344556674	0.901985120064495	67
-0.11287482858105	1.05296061531186	120
-0.0730725863230399	0.472854481440801	120
-0.0720448316892299	0.478570790474717	407
-0.0523954066007699	0.90874542512987	54
-0.0720448316892299	0.478570790474717	382
-0.0710166103938501	0.478193832396807	382
-0.0681537716474701	0.479292741706694	272
0.10829171007831	1.12755164681823	1
-0.0720448316892299	0.478570790474717	1
-0.0770658266540301	0.472946291653134	32
-0.07809066276743	0.467369829987504	32
-0.06712201309321	0.475136223572177	32
-0.0720448316892299	0.478570790474717	32
-0.0710166103938501	0.478193832396807	217
-0.07280539644993	0.477448564652232	217
-0.0699474380288001	0.473890200865325	217
0.0584522846205799	0.785152960886062	12
0.10792666401534	1.12130030496365	17
-0.0691850616331	0.474993175817053	17
-0.0699879229667999	0.472328161227103	206
0.0500895525974501	0.778774959831316	1202
0.06223574425458	0.74346612996361	67
0.10854254010546	1.08261795610915	67
0.11008129993293	1.11287037302031	67
-0.0710166103938501	0.478193832396807	67
0.10718940088474	1.12500364394142	912
-0.0710166103938501	0.478193832396807	601
-0.0681537716474701	0.479292741706694	31
-0.0707496515431201	0.471239687923602	120
-0.07809066276743	0.467369829987504	462
-0.0691850616331	0.474993175817053	462
0.05687223512352	0.771439580241442	462
0.0514862837782999	0.776653741316405	54
-0.0738325704557401	0.471762089576048	58
-0.0699879229667999	0.472328161227103	337
-0.0707496515431201	0.471239687923602	107
-0.0710166103938501	0.478193832396807	41
-0.11384028441925	1.07084756345947	1202
0.0500895525974501	0.778774959831316	1202
-0.00700337915874005	1.95075761642286	67
-0.04009843912658	1.43124688195943	67
-0.0587054676384899	0.895608179697363	67
-0.0220829482538101	1.94940410237562	67
-0.02132032275647	1.91691123069766	67
-0.06424025149337	0.470793566917827	218
-0.11702070568842	1.06388322664582	54
-0.0550482985028	0.908328416896414	54
-0.05890688317319	0.902431779745543	462
0.0575172163434201	0.783229267431462	462
0.0492735110912199	0.773083861620571	585
-0.0720448316892299	0.478570790474717	585
-0.0717777566350599	0.477074019570971	1
0.0492735110912199	0.773083861620571	58
-0.0720448316892299	0.478570790474717	58
0.0519919355567899	0.76925475596425	32
0.0538925777473001	0.779864833648603	12
-0.07280539644993	0.477448564652232	107
-0.0710166103938501	0.478193832396807	1143
-0.06891673227405	0.478167346987275	1143
-0.07280539644993	0.477448564652232	805
-0.0710166103938501	0.478193832396807	251
-0.0691850616331	0.474993175817053	498
0.0262621283416	2.28810293567901	1872
0.12124688083716	1.11151579448954	17
-0.05173344556674	0.901985120064495	17
-0.0681537716474701	0.479292741706694	1540
-0.06424025149337	0.470793566917827	206
0.0541478364472301	0.79255832938947	285
-0.06891673227405	0.478167346987275	67
-0.0572770140919201	0.886872510740763	67
0.10642109993948	1.11757205951485	67
0.0168253337768101	1.25060293818158	67
-0.05890688317319	0.902431779745543	572
-0.05956727929407	0.889084770114707	67
0.0508334283573899	0.786182588324621	1189
-0.00120067560344994	2.39004435797915	601
-0.0717777566350599	0.477074019570971	601
-0.06603988765179	0.469223739016395	462
-0.0730725863230399	0.472854481440801	462
-0.0770658266540301	0.472946291653134	462
0.0523349170960601	0.780491055902145	272
-0.07280539644993	0.477448564652232	1
-0.0742052468557199	0.469453428525921	58
-0.0720448316892299	0.478570790474717	337
-0.0738325704557401	0.471762089576048	107
-0.07501477661502	0.466870648976945	805
-0.07280539644993	0.477448564652232	1587
0.0766665916796501	1.69420253475032	119
-0.04942604385891	0.90944503896517	119
-0.10936121991165	1.06309152229569	17
-0.0681537716474701	0.479292741706694	17
-0.05185448000311	0.910021425154128	1669
-0.0681537716474701	0.479292741706694	1538
0.0499272437457801	0.785062078842457	601
-0.06891673227405	0.478167346987275	601
-0.0699879229667999	0.472328161227103	120
-0.0681537716474701	0.479292741706694	120
-0.0652751037252599	0.470301214618162	54
0.0172706381638601	1.28966551684397	462
-0.0738325704557401	0.471762089576048	272
0.10600479820933	1.08655793961755	488
0.0501804258727001	0.774176324231999	585
-0.0717777566350599	0.477074019570971	585
-0.0738325704557401	0.471762089576048	217
-0.0738325704557401	0.471762089576048	217
-0.0699879229667999	0.472328161227103	337
-0.07280539644993	0.477448564652232	337
-0.0720448316892299	0.478570790474717	1113
0.0481125729771801	0.771761590408387	1587
-0.0547060013588201	0.89662201260864	119
0.11006056146374	1.13316508829393	119
-0.0443508961828301	0.897058141006377	119
0.04201558146065	0.753769429709984	556
-0.07809066276743	0.467369829987504	17
0.05479791616394	0.782861546376213	285
-0.0710166103938501	0.478193832396807	113
-0.0678855588124401	0.474033268230349	1669
-0.07280539644993	0.477448564652232	1202
-0.07317688836652	0.473648243082631	1202
-0.0691850616331	0.474993175817053	67
0.0251989837398101	1.29601920464227	67
0.10917596688031	1.13177488413413	67
-0.0770658266540301	0.472946291653134	601
-0.06712201309321	0.475136223572177	601
-0.0710166103938501	0.478193832396807	120
-0.0678855588124401	0.474033268230349	462
-0.0699879229667999	0.472328161227103	462
-0.0691850616331	0.474993175817053	462
-0.06926546790303	0.465378566229971	462
-0.05471444322611	0.900864796591822	272
-0.11695288390683	1.03344306372998	488
0.0578727739960401	0.758584490395639	585
-0.0652751037252599	0.470301214618162	585
-0.07280539644993	0.477448564652232	585
-0.06891673227405	0.478167346987275	58
0.05037749003109	0.778108225282062	337
-0.0720448316892299	0.478570790474717	337
-0.0720448316892299	0.478570790474717	12
-0.0770658266540301	0.472946291653134	1113
-0.0681537716474701	0.479292741706694	805
-0.06712201309321	0.475136223572177	1587
-0.05782116202135	0.89884378472194	1872
-0.04055318626987	2.03508734076603	119
-0.0609922819503499	1.58748917196084	1669
-0.0717777566350599	0.477074019570971	1202
0.11561441444196	1.13002115894449	1202
0.0550531257249101	0.792542427995745	67
0.02641455348588	1.28863650466194	67
0.0541478364472301	0.79255832938947	67
0.06918713704243	1.65489101568183	67
-0.04513168469122	1.35967799838489	67
0.10465353541534	1.1102799283727	67
-0.10110916050472	1.73252131688475	67
-0.0730725863230399	0.472854481440801	67
-0.0681537716474701	0.479292741706694	31
0.0508334283573899	0.786182588324621	601
-0.07280539644993	0.477448564652232	601
-0.0691850616331	0.474993175817053	409
-0.0730725863230399	0.472854481440801	409
-0.0710166103938501	0.478193832396807	462
-0.0717777566350599	0.477074019570971	2171
-0.0720448316892299	0.478570790474717	2171
-0.05273820465056	0.912281557043227	462
-0.07280539644993	0.477448564652232	462
0.00891976330783995	1.22474948849791	272
0.0593870206300999	0.78344810605566	488
-0.0691850616331	0.474993175817053	585
-0.0678855588124401	0.474033268230349	58
-0.0691850616331	0.474993175817053	217
0.05596010072993	0.789495909237653	337
-0.0720448316892299	0.478570790474717	337
0.05193669328813	0.761569939932091	12
-0.0681537716474701	0.479292741706694	12
0.0578079631572099	0.773305480893515	107
-0.0738325704557401	0.471762089576048	1143
0.0487676141282201	0.762654331068483	1587
0.0534976127295399	0.780362467629578	17
0.05173884031121	0.784928292248589	17
-0.0710166103938501	0.478193832396807	113
-0.0717777566350599	0.477074019570971	113
-0.0652751037252599	0.470301214618162	113
-0.0717777566350599	0.477074019570971	1669
-0.0730725863230399	0.472854481440801	1202
0.10272870794509	1.08294424483183	67
-0.0756242339386499	1.60741431403158	67
0.04851075015852	0.775082213195586	67
-0.0720448316892299	0.478570790474717	67
0.0538925777473001	0.779864833648603	31
0.05440363611776	0.780361677510396	601
-0.0770658266540301	0.472946291653134	601
-0.0720448316892299	0.478570790474717	601
-0.0691850616331	0.474993175817053	601
-0.06424025149337	0.470793566917827	31
-0.0720448316892299	0.478570790474717	31
-0.0720448316892299	0.478570790474717	409
0.0534976127295399	0.780362467629578	120
-0.0710166103938501	0.478193832396807	120
-0.0720448316892299	0.478570790474717	462
-0.11117982777378	1.02978648240224	462
0.10541865256496	1.12484980229209	272
0.07306853013118	1.69524252877523	585
-0.0720448316892299	0.478570790474717	58
-0.0717777566350599	0.477074019570971	12
-0.0730725863230399	0.472854481440801	1973
-0.05625674788163	0.902868618476487	119
0.0445032179212601	0.756930677238915	17
0.0189568905901201	1.28890096160702	556
-0.0720448316892299	0.478570790474717	17
-0.0681537716474701	0.479292741706694	1669
0.11370822994153	1.11687883965381	1669
0.05479791616394	0.782861546376213	67
-0.0652751037252599	0.470301214618162	67
-0.05836541677124	0.897583415485501	218
-0.06712201309321	0.475136223572177	31
-0.0770658266540301	0.472946291653134	601
-0.0710166103938501	0.478193832396807	601
-0.07280539644993	0.477448564652232	601
-0.0717777566350599	0.477074019570971	601
-0.06891673227405	0.478167346987275	31
-0.06712201309321	0.475136223572177	120
0.0584522846205799	0.785152960886062	54
-0.07569929024394	1.61408122276184	585
0.0557024721889701	0.782855365464993	1939
-0.10888221239727	1.05031349147567	58
-0.0717777566350599	0.477074019570971	58
0.05173884031121	0.784928292248589	58
0.0538925777473001	0.779864833648603	1236
-0.0717777566350599	0.477074019570971	58
-0.0691850616331	0.474993175817053	217
-0.0717777566350599	0.477074019570971	12
-0.05416394288337	0.910864209091877	251
-0.0720448316892299	0.478570790474717	251
0.0150199983828101	1.2671772299086	1202
0.0159021008133999	1.2869448846735	601
-0.0707496515431201	0.471239687923602	31
-0.116955769361	1.05405703483176	462
-0.06065934571606	0.877355746778208	462
-0.1129542467912	1.0709808681734	54
-0.0720448316892299	0.478570790474717	1939
-0.0738325704557401	0.471762089576048	58
0.05479791616394	0.782861546376213	58
0.0550531257249101	0.792542427995745	58
-0.0717777566350599	0.477074019570971	212
-0.0678855588124401	0.474033268230349	217
0.0541478364472301	0.79255832938947	558
-0.0720448316892299	0.478570790474717	12
-0.0770658266540301	0.472946291653134	12
-0.0720448316892299	0.478570790474717	1113
-0.0717777566350599	0.477074019570971	1143
-0.0770658266540301	0.472946291653134	1143
-0.0730725863230399	0.472854481440801	1143
-0.0720448316892299	0.478570790474717	1143
-0.0742052468557199	0.469453428525921	251
-0.0691850616331	0.474993175817053	41
-0.06712201309321	0.475136223572177	41
-0.0699879229667999	0.472328161227103	1540
-0.08104719520898	2.11562769748598	1202
-0.0717777566350599	0.477074019570971	1202
-0.0391171227281	1.42240464041582	67
0.0186324542402401	2.24216527420089	67
-0.0681537716474701	0.479292741706694	67
0.0513103608057199	0.775222255169698	67
-0.12019962041383	1.04171634947738	31
0.05324176552158	0.789473162707191	31
-0.0717777566350599	0.477074019570971	462
0.0501804258727001	0.774176324231999	462
-0.0730725863230399	0.472854481440801	462
-0.0760405310832699	0.472583961120929	58
-0.0587054676384899	0.895608179697363	7
-0.07280539644993	0.477448564652232	58
-0.0717777566350599	0.477074019570971	58
-0.07280539644993	0.477448564652232	58
-0.0738325704557401	0.471762089576048	58
-0.07317688836652	0.473648243082631	12
-0.0720448316892299	0.478570790474717	12
-0.0730725863230399	0.472854481440801	107
-0.0710166103938501	0.478193832396807	1143
-0.07280539644993	0.477448564652232	1143
-0.0699474380288001	0.473890200865325	1143
-0.0720448316892299	0.478570790474717	1143
-0.0710166103938501	0.478193832396807	1143
0.0189355566921801	1.26628001438835	17
-0.11384028441925	1.07084756345947	17
-0.0742052468557199	0.469453428525921	113
-0.0725086305882501	1.60543729598562	1202
-0.11079363849862	1.05078279107941	363
-0.04554385710109	2.04377107454837	67
-0.0691850616331	0.474993175817053	67
0.05173884031121	0.784928292248589	1079
-0.0720448316892299	0.478570790474717	115
-0.11024899915544	1.06901855725387	218
0.0584522846205799	0.785152960886062	601
0.10667337310637	1.11141105817294	31
-0.0499656868804901	0.908177971331969	462
-0.0710166103938501	0.478193832396807	462
-0.0720448316892299	0.478570790474717	54
-0.07280539644993	0.477448564652232	54
-0.0691850616331	0.474993175817053	462
-0.06891673227405	0.478167346987275	462
-0.0720448316892299	0.478570790474717	212
-0.0720448316892299	0.478570790474717	58
-0.0720448316892299	0.478570790474717	58
-0.0681537716474701	0.479292741706694	58
-0.0710166103938501	0.478193832396807	58
-0.07280539644993	0.477448564652232	217
-0.0720448316892299	0.478570790474717	58
-0.07280539644993	0.477448564652232	58
-0.0720448316892299	0.478570790474717	558
-0.0681537716474701	0.479292741706694	12
-0.0691850616331	0.474993175817053	12
-0.07280539644993	0.477448564652232	12
-0.0710166103938501	0.478193832396807	1143
-0.0717777566350599	0.477074019570971	1143
0.0510220935161501	0.778798937917858	6
-0.0730725863230399	0.472854481440801	127
-0.0720448316892299	0.478570790474717	127
-0.0720448316892299	0.478570790474717	452
0.01591489631278	1.82753887500127	17
-0.0699879229667999	0.472328161227103	17
0.1128640549147	1.1131056781638	67
-0.0681537716474701	0.479292741706694	67
0.1109454935159	1.13190593364086	1079
0.0499272437457801	0.785062078842457	115
-0.0707496515431201	0.471239687923602	67
-0.05219686831619	0.899923519313658	67
-0.10683687281919	1.68377688281824	218
-0.0585829186278399	0.875915465670488	31
0.0534976127295399	0.780362467629578	462
-0.0720448316892299	0.478570790474717	272
-0.0738325704557401	0.471762089576048	488
0.0492735110912199	0.773083861620571	7
-0.0699474380288001	0.473890200865325	58
-0.0770658266540301	0.472946291653134	58
-0.07280539644993	0.477448564652232	758
-0.0699474380288001	0.473890200865325	758
0.0514862837782999	0.776653741316405	12
-0.0720448316892299	0.478570790474717	12
-0.0730725863230399	0.472854481440801	12
0.10538213807864	1.09788315325928	107
-0.0720448316892299	0.478570790474717	1143
-0.06891673227405	0.478167346987275	1143
-0.06712201309321	0.475136223572177	1143
-0.0678855588124401	0.474033268230349	1143
-0.0652751037252599	0.470301214618162	169
-0.06712201309321	0.475136223572177	41
-0.0484210013097599	0.885157069891946	17
-0.07106690592667	1.62568240406642	17
-0.06712201309321	0.475136223572177	97
-0.11519489311332	1.06151248716931	113
-0.0613348698126699	0.892858676693574	67
-0.0717777566350599	0.477074019570971	67
-0.0717777566350599	0.477074019570971	115
-0.0710166103938501	0.478193832396807	120
0.05173884031121	0.784928292248589	31
-0.0681537716474701	0.479292741706694	462
-0.0720448316892299	0.478570790474717	462
-0.06712201309321	0.475136223572177	462
-0.0717777566350599	0.477074019570971	54
0.0469554682703801	0.770648218228337	2158
-0.0738325704557401	0.471762089576048	58
0.05259080843722	0.777380091161839	58
-0.07280539644993	0.477448564652232	558
-0.07280539644993	0.477448564652232	1143
-0.07280539644993	0.477448564652232	169
0.0490202905863799	0.781201794884634	17
-0.11121063842229	1.06646987337179	97
0.0550531257249101	0.792542427995745	1079
-0.0691850616331	0.474993175817053	115
-0.06891673227405	0.478167346987275	218
0.0168003890534301	1.28831642679848	601
0.11510624796639	1.10392066086509	31
-0.0710166103938501	0.478193832396807	54
-0.07280539644993	0.477448564652232	272
-0.0681537716474701	0.479292741706694	7
-0.05273820465056	0.912281557043227	58
-0.0681537716474701	0.479292741706694	2158
-0.07809066276743	0.467369829987504	58
-0.0730725863230399	0.472854481440801	58
-0.0720448316892299	0.478570790474717	12
-0.0710166103938501	0.478193832396807	1143
-0.0720448316892299	0.478570790474717	1143
-0.0717777566350599	0.477074019570971	6
-0.0738325704557401	0.471762089576048	2397
-0.0717777566350599	0.477074019570971	127
-0.07280539644993	0.477448564652232	17
-0.0461163640640201	0.899940263757045	17
0.0942327493667501	2.45036450473895	540
0.11016535877855	2.04110570688871	67
-0.0587054676384899	0.895608179697363	67
-0.0681537716474701	0.479292741706694	67
-0.0681537716474701	0.479292741706694	67
-0.1129542467912	1.0709808681734	120
0.0469554682703801	0.770648218228337	462
-0.0738325704557401	0.471762089576048	273
-0.05327964510102	0.91099682350394	462
-0.0699474380288001	0.473890200865325	488
-0.0730725863230399	0.472854481440801	1698
-0.0717777566350599	0.477074019570971	212
-0.0691850616331	0.474993175817053	58
-0.0730725863230399	0.472854481440801	2158
-0.0699879229667999	0.472328161227103	58
-0.0720448316892299	0.478570790474717	58
-0.0710166103938501	0.478193832396807	558
-0.06712201309321	0.475136223572177	558
-0.0717777566350599	0.477074019570971	12
-0.0730725863230399	0.472854481440801	12
-0.0710166103938501	0.478193832396807	12
-0.0730725863230399	0.472854481440801	1143
-0.0730725863230399	0.472854481440801	1143
-0.0710166103938501	0.478193832396807	1143
-0.0681537716474701	0.479292741706694	1143
-0.0710166103938501	0.478193832396807	127
-0.07809066276743	0.467369829987504	41
0.11369825400612	1.11286716389667	17
-0.0995632176710399	1.74425741939333	67
0.0550531257249101	0.792542427995745	1079
-0.05185448000311	0.910021425154128	67
0.04395807946956	0.758599753736892	67
-0.11031292522081	1.06793803826448	601
0.0575172163434201	0.783229267431462	601
-0.03372614126118	1.46151258612816	601
0.02333155434316	1.27101518696108	31
-0.0771145885393301	1.6032125997736	601
0.0550531257249101	0.792542427995745	273
-0.07280539644993	0.477448564652232	462
-0.0710166103938501	0.478193832396807	462
-0.07280539644993	0.477448564652232	23
-0.0738325704557401	0.471762089576048	23
-0.07280539644993	0.477448564652232	58
-0.06891673227405	0.478167346987275	217
-0.0699879229667999	0.472328161227103	558
-0.0710166103938501	0.478193832396807	12
-0.07280539644993	0.477448564652232	12
-0.0699474380288001	0.473890200865325	12
0.056606241661	0.779912172364091	12
-0.06603988765179	0.469223739016395	12
-0.0710166103938501	0.478193832396807	1101
-0.07280539644993	0.477448564652232	107
-0.06603988765179	0.469223739016395	1143
-0.07280539644993	0.477448564652232	1143
-0.0699879229667999	0.472328161227103	1143
-0.0707496515431201	0.471239687923602	2397
0.0203246099087999	1.2932911560212	17
0.0523349170960601	0.780491055902145	1669
-0.01487573999827	1.93555001817637	1669
-0.0710166103938501	0.478193832396807	1202
-0.01580712021372	1.9403539815738	67
-0.116955769361	1.05405703483176	1296
-0.0443508961828301	0.897058141006377	1296
-0.0710166103938501	0.478193832396807	67
-0.0730725863230399	0.472854481440801	67
0.10553714619583	1.11520532991291	944
0.06281777658614	0.77155062890176	218
-0.122429602173	1.03168444221489	601
0.11887567857437	1.12333018665557	601
-0.1147257446432	1.06837021970321	31
-0.11872628333777	1.04968061366915	120
0.0534976127295399	0.780362467629578	462
-0.0699474380288001	0.473890200865325	273
0.0510865687348601	0.772983662632903	462
0.0541478364472301	0.79255832938947	68
-0.06891673227405	0.478167346987275	462
-0.0720448316892299	0.478570790474717	462
-0.0691850616331	0.474993175817053	462
0.0550531257249101	0.792542427995745	462
-0.0738325704557401	0.471762089576048	2158
0.0499272437457801	0.785062078842457	217
-0.0699474380288001	0.473890200865325	58
0.0508334283573899	0.786182588324621	307
-0.0691850616331	0.474993175817053	12
-0.0720448316892299	0.478570790474717	127
-0.0699879229667999	0.472328161227103	127
-0.04942604385891	0.90944503896517	17
-0.0699474380288001	0.473890200865325	79
0.11096620184168	1.11299415326416	285
-0.11477852664241	1.04018242693071	1296
0.02778019353828	1.29676719100538	1296
-0.06712201309321	0.475136223572177	67
-0.0720448316892299	0.478570790474717	115
-0.06891673227405	0.478167346987275	115
0.0541478364472301	0.79255832938947	67
-0.0738325704557401	0.471762089576048	218
-0.11872628333777	1.04968061366915	218
-0.06891673227405	0.478167346987275	1096
-0.07280539644993	0.477448564652232	1096
-0.0699474380288001	0.473890200865325	462
-0.0691850616331	0.474993175817053	462
-0.0770658266540301	0.472946291653134	462
-0.0717777566350599	0.477074019570971	1218
-0.0738325704557401	0.471762089576048	2016
-0.0652751037252599	0.470301214618162	1698
-0.0738325704557401	0.471762089576048	7
-0.06891673227405	0.478167346987275	58
-0.0738325704557401	0.471762089576048	307
-0.06712201309321	0.475136223572177	287
-0.0720448316892299	0.478570790474717	1080
-0.0730725863230399	0.472854481440801	2397
0.0578079631572099	0.773305480893515	127
-0.07501477661502	0.466870648976945	127
-0.0681537716474701	0.479292741706694	441
-0.11026141166792	1.06286782029866	119
-0.0738305506689601	1.62264141819007	17
-0.06500562329447	0.469713899049653	17
-0.0476064137569401	2.02689087371966	285
-0.06500562329447	0.469713899049653	1202
-0.0681537716474701	0.479292741706694	285
-0.01659998314483	2.45619370729801	1200
0.0217146004723701	1.27283179945057	67
0.05259080843722	0.777380091161839	363
-0.0461163640640201	0.899940263757045	363
0.0618830880027601	0.771347496058888	67
0.0508334283573899	0.786182588324621	944
-0.0574806497426299	0.898690992261966	31
-0.04998945761941	0.88470904153512	601
0.02157118923515	1.28360170296546	1096
0.0501804258727001	0.774176324231999	7
-0.0720448316892299	0.478570790474717	212
-0.06891673227405	0.478167346987275	58
-0.06891673227405	0.478167346987275	1080
-0.0707496515431201	0.471239687923602	1143
-0.0707496515431201	0.471239687923602	2397
-0.07317688836652	0.473648243082631	441
-0.02991849500137	1.45402771561189	1669
-0.06891673227405	0.478167346987275	67
0.05440363611776	0.780361677510396	67
-0.1022790809854	1.72459947761957	912
-0.1207291297375	1.87694126018201	218
-0.06891673227405	0.478167346987275	218
0.0575172163434201	0.783229267431462	601
-0.05571745554299	0.894134280547685	31
-0.07280539644993	0.477448564652232	462
0.1109454935159	1.13190593364086	2218
-0.0760405310832699	0.472583961120929	462
-0.06891673227405	0.478167346987275	462
-0.0710166103938501	0.478193832396807	2475
-0.0730725863230399	0.472854481440801	252
0.05324176552158	0.789473162707191	252
0.06654842742683	0.741128093914841	58
-0.06891673227405	0.478167346987275	307
0.04944428562493	0.778083033060752	307
-0.06712201309321	0.475136223572177	12
-0.0720448316892299	0.478570790474717	758
-0.0760405310832699	0.472583961120929	12
-0.07280539644993	0.477448564652232	1143
-0.07280539644993	0.477448564652232	1143
-0.0681537716474701	0.479292741706694	242
-0.0699474380288001	0.473890200865325	441
-0.05782116202135	0.89884378472194	113
0.0231020178802599	1.82709749225966	540
-0.0710166103938501	0.478193832396807	540
0.0499272437457801	0.785062078842457	67
-0.0467764558911099	0.893681068444457	67
0.0501804258727001	0.774176324231999	601
-0.04302702195944	1.42526274342929	31
0.01146953268679	1.24656879597514	601
0.05658181837253	0.775242663331729	462
-0.0717777566350599	0.477074019570971	272
-0.0770658266540301	0.472946291653134	488
-0.07280539644993	0.477448564652232	488
-0.0691850616331	0.474993175817053	1698
-0.0607927327164499	0.884320469745859	7
-0.0738325704557401	0.471762089576048	758
-0.0681537716474701	0.479292741706694	12
-0.0717777566350599	0.477074019570971	12
-0.0678855588124401	0.474033268230349	1143
-0.0717777566350599	0.477074019570971	242
-0.0699879229667999	0.472328161227103	242
-0.07280539644993	0.477448564652232	127
-0.0691850616331	0.474993175817053	441
0.11799124940538	1.1249139245095	17
-0.0118486566626399	1.96986746215015	17
0.0553140457202801	0.777447335571876	1804
-0.0710166103938501	0.478193832396807	79
-0.0738325704557401	0.471762089576048	113
-0.0681537716474701	0.479292741706694	113
-0.07501477661502	0.466870648976945	540
-0.04908994241836	2.0016854287364	67
0.0816601380806199	1.67453506400286	67
-0.0717777566350599	0.477074019570971	1296
-0.11031292522081	1.06793803826448	67
-0.0681537716474701	0.479292741706694	67
-0.0717777566350599	0.477074019570971	67
-0.07214806860361	0.469601658503721	67
-0.0730725863230399	0.472854481440801	115
-0.0730725863230399	0.472854481440801	67
0.02145171612842	1.82722272199271	67
-0.0403339755952801	1.45247393889486	67
-0.11137720915319	1.8533118653659	2187
-0.0592490210088199	0.888404462375143	462
-0.0730725863230399	0.472854481440801	462
-0.0770658266540301	0.472946291653134	272
-0.0691850616331	0.474993175817053	488
-0.0681537716474701	0.479292741706694	561
-0.0720448316892299	0.478570790474717	212
-0.0770658266540301	0.472946291653134	212
-0.0760405310832699	0.472583961120929	252
-0.06891673227405	0.478167346987275	252
-0.0710166103938501	0.478193832396807	758
-0.11563968043387	1.06286440618323	17
-0.07501477661502	0.466870648976945	17
-0.0699474380288001	0.473890200865325	67
-0.05714006279032	0.905086842963566	1296
-0.03550178956539	1.46246282742887	1296
-0.0707496515431201	0.471239687923602	67
0.0501804258727001	0.774176324231999	115
-0.0508495337336901	0.906635016822695	115
-0.0710166103938501	0.478193832396807	462
-0.05416394288337	0.910864209091877	462
-0.0730725863230399	0.472854481440801	23
0.0508334283573899	0.786182588324621	1698
-0.06712201309321	0.475136223572177	212
-0.0652751037252599	0.470301214618162	252
0.0541478364472301	0.79255832938947	252
-0.07280539644993	0.477448564652232	307
-0.07280539644993	0.477448564652232	307
-0.0717777566350599	0.477074019570971	12
-0.0720448316892299	0.478570790474717	12
0.05329487006336	0.771689317259111	170
0.0634588788235999	0.762587148801285	1143
-0.0738325704557401	0.471762089576048	1143
-0.0710166103938501	0.478193832396807	6
0.0538925777473001	0.779864833648603	17
0.0694136074668501	2.16344886746752	67
0.02605538561952	1.28393564355737	1200
0.11332930573327	1.13135282105774	1200
-0.0720448316892299	0.478570790474717	1296
-0.07280539644993	0.477448564652232	67
-0.0681537716474701	0.479292741706694	218
-0.03164505959246	1.46242329116776	601
-0.11206763144393	1.06877890620314	1096
-0.0691850616331	0.474993175817053	462
-0.06891673227405	0.478167346987275	462
-0.06712201309321	0.475136223572177	462
-0.06891673227405	0.478167346987275	462
-0.0730725863230399	0.472854481440801	7
-0.0710166103938501	0.478193832396807	212
-0.07280539644993	0.477448564652232	2475
-0.07280539644993	0.477448564652232	307
-0.07280539644993	0.477448564652232	27
-0.0710166103938501	0.478193832396807	1197
0.0508334283573899	0.786182588324621	6
-0.0720448316892299	0.478570790474717	1632
-0.0760405310832699	0.472583961120929	1632
-0.0681537716474701	0.479292741706694	41
-0.11612040109106	1.06174098558741	17
-0.0560527018019099	0.899076046888398	17
0.0553140457202801	0.777447335571876	1804
0.0634588788235999	0.762587148801285	1804
-0.0717777566350599	0.477074019570971	1782
0.0623866232745001	1.65400601367979	2058
-0.0490819064799399	0.906998237084462	67
-0.0714961922127699	1.62397843604301	67
-0.11343678852673	1.0658536949288	218
-0.0691850616331	0.474993175817053	218
-0.0741695704330001	2.16706974961723	2187
-0.0572770140919201	0.886872510740763	462
-0.0717777566350599	0.477074019570971	462
0.05440363611776	0.780361677510396	462
0.0490202905863799	0.781201794884634	462
-0.0770658266540301	0.472946291653134	58
-0.0717777566350599	0.477074019570971	252
-0.0720448316892299	0.478570790474717	252
-0.07280539644993	0.477448564652232	252
-0.0720448316892299	0.478570790474717	27
-0.0710166103938501	0.478193832396807	1080
-0.0691850616331	0.474993175817053	1143
-0.0738325704557401	0.471762089576048	242
-0.0691850616331	0.474993175817053	113
0.0541478364472301	0.79255832938947	113
0.11524536509154	1.11663139462082	67
-0.11072976331823	1.07158556716084	67
-0.0565959335432	0.897819638951261	363
-0.07280539644993	0.477448564652232	115
-0.05714006279032	0.905086842963566	2187
0.0501804258727001	0.774176324231999	474
-0.06891673227405	0.478167346987275	462
-0.0770658266540301	0.472946291653134	462
0.11057813060786	1.13473085301283	462
-0.0720448316892299	0.478570790474717	61
-0.07280539644993	0.477448564652232	7
0.11042825507805	1.1132266539957	212
-0.0710166103938501	0.478193832396807	58
-0.07809066276743	0.467369829987504	58
-0.0720448316892299	0.478570790474717	612
-0.0720448316892299	0.478570790474717	27
-0.0681537716474701	0.479292741706694	1101
0.0510865687348601	0.772983662632903	229
-0.0730725863230399	0.472854481440801	581
-0.0710166103938501	0.478193832396807	568
-0.11206763144393	1.06877890620314	17
-0.07317688836652	0.473648243082631	113
0.0145335516726901	1.26431352966333	1669
-0.0566002516689801	0.896287715675035	2058
-0.0563932691393201	0.887955911631287	285
-0.0470771045843199	2.05543539207674	67
-0.0720448316892299	0.478570790474717	115
0.116962608692	1.10519566029411	31
0.0678082726292999	1.65478613247143	2187
-0.0691850616331	0.474993175817053	462
-0.0717777566350599	0.477074019570971	462
-0.06891673227405	0.478167346987275	284
0.01454771826447	1.2610010801874	212
0.0519919355567899	0.76925475596425	307
-0.0720448316892299	0.478570790474717	12
-0.07280539644993	0.477448564652232	12
-0.0720448316892299	0.478570790474717	229
-0.07231408002936	2.18063027529967	17
-0.05185448000311	0.910021425154128	17
-0.0699879229667999	0.472328161227103	17
-0.07317688836652	0.473648243082631	2311
-0.0730725863230399	0.472854481440801	67
0.11701412218577	1.10733922127305	285
-0.05185448000311	0.910021425154128	67
-0.08402347942739	2.35037800123647	67
0.0557024721889701	0.782855365464993	115
0.07593476820894	1.69545743092898	2187
0.10792666401534	1.12130030496365	474
-0.0730725863230399	0.472854481440801	462
-0.0717777566350599	0.477074019570971	462
-0.0717777566350599	0.477074019570971	488
-0.0738325704557401	0.471762089576048	23
-0.07280539644993	0.477448564652232	1698
-0.0707496515431201	0.471239687923602	58
-0.0710166103938501	0.478193832396807	58
-0.0681537716474701	0.479292741706694	252
-0.0738325704557401	0.471762089576048	252
-0.07280539644993	0.477448564652232	612
-0.0720448316892299	0.478570790474717	307
-0.07280539644993	0.477448564652232	12
-0.0717777566350599	0.477074019570971	1080
-0.06926546790303	0.465378566229971	242
0.10266863876954	1.09782845818883	17
-0.06891673227405	0.478167346987275	17
-0.0720448316892299	0.478570790474717	17
-0.07280539644993	0.477448564652232	113
0.0179283446918601	1.80668220893577	113
0.0466699065774101	0.772502733813019	2058
-0.0508495337336901	0.906635016822695	67
-0.05273820465056	0.912281557043227	67
-0.05416394288337	0.910864209091877	115
-0.09563265518546	1.73954880216127	218
-0.06603988765179	0.469223739016395	218
0.0747351172711199	1.69249165040458	218
0.11146262737409	1.13346570135336	31
-0.0710166103938501	0.478193832396807	284
-0.0720448316892299	0.478570790474717	284
-0.07280539644993	0.477448564652232	1698
-0.0710166103938501	0.478193832396807	170
-0.0717777566350599	0.477074019570971	666
-0.0699474380288001	0.473890200865325	605
-0.07280539644993	0.477448564652232	2331
-0.0717777566350599	0.477074019570971	2331
-0.07214806860361	0.469601658503721	568
-0.11609417733134	1.05823716062059	17
0.11659243857844	1.1214962789091	17
-0.0761287401041699	1.61239062889695	17
0.0685702726517801	1.69597251230668	285
-0.03231551936301	1.4542374474318	285
0.0553140457202801	0.777447335571876	67
0.10755969251758	1.10753370676427	67
-0.0707496515431201	0.471239687923602	115
-0.0738325704557401	0.471762089576048	601
-0.12105845581784	1.04700258133137	31
0.11006056146374	1.13316508829393	31
-0.0730725863230399	0.472854481440801	462
-0.0717777566350599	0.477074019570971	462
-0.06712201309321	0.475136223572177	462
-0.0681537716474701	0.479292741706694	462
-0.0707496515431201	0.471239687923602	61
-0.0717777566350599	0.477074019570971	252
-0.0720448316892299	0.478570790474717	252
-0.0678855588124401	0.474033268230349	252
-0.0720448316892299	0.478570790474717	307
-0.0710166103938501	0.478193832396807	12
-0.06891673227405	0.478167346987275	12
-0.0730725863230399	0.472854481440801	12
0.0593870206300999	0.78344810605566	12
-0.07280539644993	0.477448564652232	605
0.0593870206300999	0.78344810605566	2058
-0.0710166103938501	0.478193832396807	67
0.10767147519769	1.11388237364862	67
-0.06424025149337	0.470793566917827	218
-0.0652751037252599	0.470301214618162	218
0.02777211713228	1.26688494333601	31
-0.0341671773738901	1.45140836201419	474
-0.0627615070583001	0.881694380364185	474
0.0199704330314501	1.26434128157951	31
0.10501728540832	1.11367971228502	462
-0.0538315421281801	0.902399080424598	68
-0.07280539644993	0.477448564652232	462
-0.06603988765179	0.469223739016395	284
-0.06603988765179	0.469223739016395	284
-0.0652751037252599	0.470301214618162	488
-0.0738325704557401	0.471762089576048	61
-0.07280539644993	0.477448564652232	7
-0.0730725863230399	0.472854481440801	7
0.05440363611776	0.780361677510396	307
-0.07280539644993	0.477448564652232	307
0.10449731752748	1.09559470952236	307
-0.0699879229667999	0.472328161227103	12
-0.07280539644993	0.477448564652232	1101
-0.0720448316892299	0.478570790474717	6
0.10956637967944	1.12457939314553	17
-0.07317688836652	0.473648243082631	17
0.112823124392	1.11498339295003	1052
-0.05043050740135	0.892823265952935	1200
-0.05944783356795	0.892119095201941	67
-0.0691850616331	0.474993175817053	388
-0.0710166103938501	0.478193832396807	31
-0.0312052013803299	1.46915695715761	31
-0.07280539644993	0.477448564652232	462
-0.0720448316892299	0.478570790474717	462
-0.0678855588124401	0.474033268230349	462
-0.0710166103938501	0.478193832396807	488
-0.0760405310832699	0.472583961120929	488
-0.0770658266540301	0.472946291653134	8
-0.0770658266540301	0.472946291653134	23
-0.0710166103938501	0.478193832396807	212
-0.07280539644993	0.477448564652232	58
-0.0738325704557401	0.471762089576048	12
-0.0681537716474701	0.479292741706694	735
-0.0730725863230399	0.472854481440801	1080
-0.0760405310832699	0.472583961120929	6
-0.0720448316892299	0.478570790474717	666
-0.0699474380288001	0.473890200865325	6
-0.0720448316892299	0.478570790474717	605
-0.11836360905114	1.8541714993065	1669
-0.06276901732556	0.877205235068262	67
-0.06500562329447	0.469713899049653	115
-0.0730725863230399	0.472854481440801	388
-0.0710166103938501	0.478193832396807	2363
-0.0652751037252599	0.470301214618162	115
-0.1160696397198	1.05320442843489	115
0.0501804258727001	0.774176324231999	601
-0.07280539644993	0.477448564652232	462
-0.0699879229667999	0.472328161227103	284
-0.07280539644993	0.477448564652232	284
-0.0730725863230399	0.472854481440801	284
0.0600305246322299	0.7740873125592	8
0.05479791616394	0.782861546376213	7
-0.0710166103938501	0.478193832396807	7
-0.0717777566350599	0.477074019570971	212
-0.07280539644993	0.477448564652232	58
-0.0730725863230399	0.472854481440801	252
-0.0717777566350599	0.477074019570971	280
-0.0710166103938501	0.478193832396807	307
-0.0720448316892299	0.478570790474717	229
-0.0699879229667999	0.472328161227103	229
-0.0710166103938501	0.478193832396807	666
-0.0738325704557401	0.471762089576048	605
-0.0717777566350599	0.477074019570971	2331
-0.0710166103938501	0.478193832396807	2063
0.0653177082407199	0.750847044659869	581
-0.0720448316892299	0.478570790474717	441
-0.0710166103938501	0.478193832396807	17
0.0457640659241601	0.771410399129658	17
0.056606241661	0.779912172364091	960
-0.07280539644993	0.477448564652232	960
-0.10224044799761	1.05456183039903	79
-0.06210972046429	0.459380313893167	113
-0.0585638737507099	0.89457651620543	113
-0.0770658266540301	0.472946291653134	388
0.0510865687348601	0.772983662632903	388
0.0585774858411701	2.1173597290901	218
0.105173721589	1.09454505649776	601
-0.11479810285061	1.03499660850704	474
0.0483658284992801	0.769354800829021	462
-0.06891673227405	0.478167346987275	8
-0.0720448316892299	0.478570790474717	8
-0.07280539644993	0.477448564652232	61
-0.0717777566350599	0.477074019570971	61
-0.0681537716474701	0.479292741706694	58
-0.07280539644993	0.477448564652232	252
-0.0720448316892299	0.478570790474717	1080
-0.0720448316892299	0.478570790474717	12
-0.0720448316892299	0.478570790474717	229
-0.0710166103938501	0.478193832396807	229
-0.0710166103938501	0.478193832396807	6
0.0740555005778401	1.68091783251637	17
0.10807527993723	1.12099626580657	67
0.05596010072993	0.789495909237653	1200
-0.05693690627147	0.899952167138894	67
0.0496746038970799	0.771811008207858	115
-0.0720448316892299	0.478570790474717	218
0.06993592589814	1.69615215187828	474
-0.0691850616331	0.474993175817053	462
-0.0710166103938501	0.478193832396807	281
-0.0710166103938501	0.478193832396807	462
-0.0691850616331	0.474993175817053	462
-0.0717777566350599	0.477074019570971	594
-0.0738325704557401	0.471762089576048	8
-0.0760405310832699	0.472583961120929	8
-0.0770658266540301	0.472946291653134	61
-0.07280539644993	0.477448564652232	58
-0.07280539644993	0.477448564652232	280
0.0508334283573899	0.786182588324621	12
-0.0720448316892299	0.478570790474717	12
-0.0699474380288001	0.473890200865325	27
0.0491566799541401	0.775770930689392	12
-0.0707496515431201	0.471239687923602	12
-0.0707496515431201	0.471239687923602	12
-0.0710166103938501	0.478193832396807	242
-0.0717777566350599	0.477074019570971	568
-0.06712201309321	0.475136223572177	113
-0.07214806860361	0.469601658503721	2058
0.05694034736786	0.752204190972238	115
-0.0681537716474701	0.479292741706694	115
-0.0720448316892299	0.478570790474717	388
-0.0720448316892299	0.478570790474717	115
-0.0760405310832699	0.472583961120929	218
-0.07913747774143	1.5801474631013	218
-0.0245510540352301	1.93063886044567	218
-0.06500562329447	0.469713899049653	462
-0.06424025149337	0.470793566917827	462
-0.0720448316892299	0.478570790474717	628
-0.0760405310832699	0.472583961120929	628
-0.06891673227405	0.478167346987275	462
-0.0699879229667999	0.472328161227103	594
0.0514862837782999	0.776653741316405	7
-0.06712201309321	0.475136223572177	15
-0.06712201309321	0.475136223572177	1080
-0.0548266593078299	0.889295609530007	229
-0.07280539644993	0.477448564652232	666
-0.0699879229667999	0.472328161227103	17
0.0541478364472301	0.79255832938947	17
-0.11784161502907	1.85644550080198	113
-0.05714006279032	0.905086842963566	1669
0.10755969251758	1.10753370676427	67
-0.0509708165412299	0.904902348989841	67
-0.0580234417080501	0.904947505639359	1869
-0.0699474380288001	0.473890200865325	115
-0.0770658266540301	0.472946291653134	218
-0.11343678852673	1.0658536949288	31
-0.0694259474958301	1.60950246926775	31
-0.0585638737507099	0.89457651620543	474
-0.1071092260774	1.06271741759088	474
-0.0678855588124401	0.474033268230349	462
-0.07280539644993	0.477448564652232	462
-0.07280539644993	0.477448564652232	8
-0.0699474380288001	0.473890200865325	8
-0.06891673227405	0.478167346987275	2168
-0.0691850616331	0.474993175817053	252
-0.0710166103938501	0.478193832396807	252
-0.0717777566350599	0.477074019570971	1159
-0.0717777566350599	0.477074019570971	12
-0.0710166103938501	0.478193832396807	6
-0.0710166103938501	0.478193832396807	2331
-0.0720448316892299	0.478570790474717	2331
-0.0717777566350599	0.477074019570971	560
-0.0730725863230399	0.472854481440801	17
0.0163563539993901	1.26205613425016	79
-0.0936028286605599	1.75800870919973	67
-0.0572770140919201	0.886872510740763	67
-0.0691850616331	0.474993175817053	115
-0.0720448316892299	0.478570790474717	115
-0.0720448316892299	0.478570790474717	115
-0.0730725863230399	0.472854481440801	115
-0.11599186335177	1.85579290655617	218
0.0177058456085299	1.27448698356964	31
-0.05559741411602	0.896257170029596	31
0.0523349170960601	0.780491055902145	281
-0.06891673227405	0.478167346987275	462
-0.0720448316892299	0.478570790474717	8
-0.06891673227405	0.478167346987275	2215
-0.06712201309321	0.475136223572177	8
-0.07317688836652	0.473648243082631	8
0.10429088610661	1.08658946518589	8
0.0510220935161501	0.778798937917858	280
-0.0678855588124401	0.474033268230349	280
-0.07280539644993	0.477448564652232	12
-0.0707496515431201	0.471239687923602	1159
-0.0717777566350599	0.477074019570971	1159
-0.0720448316892299	0.478570790474717	15
-0.0730725863230399	0.472854481440801	229
-0.0717777566350599	0.477074019570971	666
-0.0720448316892299	0.478570790474717	666
-0.0760405310832699	0.472583961120929	581
0.0146402952084399	1.24067242577675	1052
-0.05106190364216	0.88320337996413	113
-0.0664293602797399	1.62598496434152	1669
-0.0691850616331	0.474993175817053	2058
0.02668815893173	1.82810928047347	67
-0.0550482985028	0.908328416896414	1869
-0.05185448000311	0.910021425154128	115
0.0534976127295399	0.780362467629578	115
-0.0681537716474701	0.479292741706694	115
-0.0206450175775399	1.96293949049403	193
-0.04964332043696	0.893387919162496	835
-0.06221874894826	0.891755340993512	462
0.0499272437457801	0.785062078842457	31
-0.0730725863230399	0.472854481440801	462
-0.05436963802727	0.892156618389316	462
-0.0343684871173	1.45720536179685	68
0.0500895525974501	0.778774959831316	284
-0.0691850616331	0.474993175817053	284
-0.0720448316892299	0.478570790474717	488
-0.0710166103938501	0.478193832396807	8
0.0575172163434201	0.783229267431462	8
-0.0699879229667999	0.472328161227103	642
-0.0720448316892299	0.478570790474717	249
-0.06712201309321	0.475136223572177	249
-0.0717777566350599	0.477074019570971	12
-0.0717777566350599	0.477074019570971	666
-0.0730725863230399	0.472854481440801	666
-0.0717777566350599	0.477074019570971	2331
-0.0717777566350599	0.477074019570971	457
-0.0720448316892299	0.478570790474717	568
-0.05559741411602	0.896257170029596	17
-0.0717777566350599	0.477074019570971	113
-0.0707496515431201	0.471239687923602	113
-0.10983232271809	1.07306394539463	67
0.0678561424264901	1.6604322913044	67
-0.0565959335432	0.897819638951261	67
-0.0678855588124401	0.474033268230349	115
-0.06891673227405	0.478167346987275	115
-0.06500562329447	0.469713899049653	115
0.05324176552158	0.789473162707191	115
-0.07317688836652	0.473648243082631	218
-0.07501477661502	0.466870648976945	284
-0.0742052468557199	0.469453428525921	488
-0.07501477661502	0.466870648976945	8
-0.0742052468557199	0.469453428525921	61
0.0469554682703801	0.770648218228337	8
0.0575172163434201	0.783229267431462	8
-0.0720448316892299	0.478570790474717	642
-0.07280539644993	0.477448564652232	280
-0.06500562329447	0.469713899049653	12
-0.0717777566350599	0.477074019570971	2155
-0.0699474380288001	0.473890200865325	12
-0.0770658266540301	0.472946291653134	12
0.05440363611776	0.780361677510396	12
-0.0760405310832699	0.472583961120929	229
-0.0059252833427601	2.32398112077957	576
-0.06891673227405	0.478167346987275	17
-0.0302740036410301	1.46412660866946	67
-0.0760405310832699	0.472583961120929	1869
-0.10308012890026	1.05651741176164	1869
-0.05625674788163	0.902868618476487	835
-0.11631036660894	1.87683730261355	474
-0.0538315421281801	0.902399080424598	462
0.0189822715008301	1.29042653042406	462
0.0490202905863799	0.781201794884634	68
-0.0720448316892299	0.478570790474717	112
-0.07280539644993	0.477448564652232	1193
-0.0699879229667999	0.472328161227103	488
-0.06500562329447	0.469713899049653	488
-0.0710166103938501	0.478193832396807	8
-0.0681537716474701	0.479292741706694	8
-0.0720448316892299	0.478570790474717	280
-0.0710166103938501	0.478193832396807	12
-0.0707496515431201	0.471239687923602	12
-0.0678855588124401	0.474033268230349	12
-0.0681537716474701	0.479292741706694	2270
-0.0720448316892299	0.478570790474717	1362
-0.0720448316892299	0.478570790474717	90
0.05259080843722	0.777380091161839	1017
-0.0681537716474701	0.479292741706694	17
0.02472945055415	1.29941756841407	67
-0.0305075989044501	1.46301862447626	67
0.0181311976935301	1.26603315849014	115
0.06906586296808	1.69270422702014	218
0.1109454935159	1.13190593364086	474
-0.07280539644993	0.477448564652232	31
0.0508334283573899	0.786182588324621	31
0.0553140457202801	0.777447335571876	31
0.01241280889438	1.26586636165037	281
-0.11695792412355	1.05188273551774	1193
-0.0717777566350599	0.477074019570971	8
-0.0770658266540301	0.472946291653134	1721
-0.05362198903316	0.912150936562615	8
-0.0699474380288001	0.473890200865325	8
-0.0710166103938501	0.478193832396807	8
-0.0717777566350599	0.477074019570971	8
-0.0553897312274201	0.904143268243517	7
-0.0720448316892299	0.478570790474717	642
-0.07280539644993	0.477448564652232	642
-0.0720448316892299	0.478570790474717	229
0.0526434754852001	0.781039269293486	229
-0.06891673227405	0.478167346987275	1362
-0.0730725863230399	0.472854481440801	6
-0.0710166103938501	0.478193832396807	277
-0.0710166103938501	0.478193832396807	581
-0.0613348698126699	0.892858676693574	115
-0.05416394288337	0.910864209091877	115
-0.0707496515431201	0.471239687923602	115
0.0575172163434201	0.783229267431462	31
-0.0681537716474701	0.479292741706694	112
0.0510220935161501	0.778798937917858	284
-0.0681537716474701	0.479292741706694	8
-0.07280539644993	0.477448564652232	58
-0.0699474380288001	0.473890200865325	642
-0.07280539644993	0.477448564652232	280
-0.0710166103938501	0.478193832396807	12
-0.0717777566350599	0.477074019570971	12
-0.0710166103938501	0.478193832396807	2155
-0.0720448316892299	0.478570790474717	12
-0.07280539644993	0.477448564652232	229
-0.0730725863230399	0.472854481440801	17
0.0499272437457801	0.785062078842457	79
0.10590167236585	1.11604232827607	285
-0.11065439481462	1.04963449267409	846
-0.0524112372475001	0.892579716591116	67
-0.11647197014942	1.05158957125806	115
-0.0251461478664601	1.4565333934601	218
-0.0710166103938501	0.478193832396807	835
0.05173884031121	0.784928292248589	31
-0.06891673227405	0.478167346987275	31
-0.06712201309321	0.475136223572177	31
-0.07280539644993	0.477448564652232	8
-0.0770658266540301	0.472946291653134	8
0.0534976127295399	0.780362467629578	61
-0.0717777566350599	0.477074019570971	61
-0.0720448316892299	0.478570790474717	8
-0.0707496515431201	0.471239687923602	642
-0.0720448316892299	0.478570790474717	642
-0.07280539644993	0.477448564652232	642
-0.0730725863230399	0.472854481440801	642
-0.0720448316892299	0.478570790474717	280
-0.07501477661502	0.466870648976945	12
-0.0730725863230399	0.472854481440801	229
-0.06891673227405	0.478167346987275	277
-0.0720448316892299	0.478570790474717	90
-0.0469992100836101	0.896324802968931	119
-0.0720448316892299	0.478570790474717	17
-0.07280539644993	0.477448564652232	220
-0.06891673227405	0.478167346987275	285
-0.10983232271809	1.07306394539463	285
0.06217651996798	0.760268186334815	67
0.0541478364472301	0.79255832938947	67
0.11369825400612	1.11286716389667	67
0.02336986538037	1.2891799898252	67
-0.0699474380288001	0.473890200865325	607
-0.07280539644993	0.477448564652232	607
-0.0720448316892299	0.478570790474717	607
-0.0720448316892299	0.478570790474717	835
-0.0681537716474701	0.479292741706694	835
-0.0730725863230399	0.472854481440801	835
-0.0710166103938501	0.478193832396807	1178
-0.0738325704557401	0.471762089576048	474
-0.0699474380288001	0.473890200865325	474
0.0541478364472301	0.79255832938947	31
0.08451554763739	1.6570010392165	462
-0.0717777566350599	0.477074019570971	462
-0.0710166103938501	0.478193832396807	462
-0.07280539644993	0.477448564652232	145
-0.0710166103938501	0.478193832396807	8
0.0490202905863799	0.781201794884634	8
0.0600305246322299	0.7740873125592	8
-0.0691850616331	0.474993175817053	561
-0.0730725863230399	0.472854481440801	61
-0.07280539644993	0.477448564652232	280
-0.05173344556674	0.901985120064495	67
0.10462376645199	1.97701031887516	67
-0.10333432874743	1.73091118286249	115
-0.07106690592667	1.62568240406642	115
0.0538925777473001	0.779864833648603	835
-0.0717777566350599	0.477074019570971	835
-0.0707496515431201	0.471239687923602	474
-0.0720448316892299	0.478570790474717	474
-0.06712201309321	0.475136223572177	474
-0.05273820465056	0.912281557043227	462
-0.06500562329447	0.469713899049653	284
0.0534976127295399	0.780362467629578	145
0.0514862837782999	0.776653741316405	8
-0.06712201309321	0.475136223572177	8
-0.06891673227405	0.478167346987275	561
-0.0730725863230399	0.472854481440801	12
-0.0710166103938501	0.478193832396807	12
-0.0738325704557401	0.471762089576048	12
-0.07280539644993	0.477448564652232	12
-0.0574806497426299	0.898690992261966	223
0.0457640659241601	0.771410399129658	12
0.0538925777473001	0.779864833648603	90
-0.0720448316892299	0.478570790474717	90
-0.0738325704557401	0.471762089576048	90
-0.04261310623735	2.04322906031689	17
-0.1089342336533	1.07192675451941	220
-0.0710166103938501	0.478193832396807	2305
-0.11735718310074	1.05044732263823	67
0.0706882331646901	1.68424826015177	67
-0.09884813766046	1.72163210729231	67
0.05816203902384	0.773856683030631	115
-0.05308013978115	0.899784327074712	115
0.0199685134564001	1.27747514505456	218
-0.0610040183121701	0.879736797943161	1178
-0.11247180483895	1.06841376788285	1178
-0.06750030914746	0.863753269904659	474
0.0575172163434201	0.783229267431462	474
-0.1129208596835	1.02984578011898	31
-0.0557112695906801	0.89485838223341	462
-0.0691850616331	0.474993175817053	145
-0.0720448316892299	0.478570790474717	8
0.0508334283573899	0.786182588324621	8
-0.0710166103938501	0.478193832396807	61
-0.0707496515431201	0.471239687923602	8
-0.0720448316892299	0.478570790474717	642
-0.0720448316892299	0.478570790474717	280
-0.06891673227405	0.478167346987275	12
-0.0720448316892299	0.478570790474717	229
-0.0710166103938501	0.478193832396807	277
-0.0720448316892299	0.478570790474717	90
0.10266863876954	1.09782845818883	846
-0.0282856604895401	1.46691687743351	67
-0.10941456329036	1.06681983882856	193
-0.0457685018498399	1.39466289359329	218
0.0528701910984599	0.76925670732367	218
0.10829171007831	1.12755164681823	474
-0.0634429835727801	0.874390513241176	462
-0.0730725863230399	0.472854481440801	145
-0.0681537716474701	0.479292741706694	145
-0.0570201093631799	0.8756403909486	8
-0.0613425135613499	0.460406177226235	8
-0.0770658266540301	0.472946291653134	61
-0.07317688836652	0.473648243082631	642
-0.0738325704557401	0.471762089576048	642
-0.0710166103938501	0.478193832396807	642
-0.0717777566350599	0.477074019570971	642
-0.0691850616331	0.474993175817053	642
-0.07809066276743	0.467369829987504	249
-0.0720448316892299	0.478570790474717	642
-0.07280539644993	0.477448564652232	280
-0.0681537716474701	0.479292741706694	280
-0.0710166103938501	0.478193832396807	280
-0.0710166103938501	0.478193832396807	1151
0.0593870206300999	0.78344810605566	12
-0.0717777566350599	0.477074019570971	223
-0.0710166103938501	0.478193832396807	229
-0.0710166103938501	0.478193832396807	229
-0.0710166103938501	0.478193832396807	12
-0.06891673227405	0.478167346987275	12
-0.0720448316892299	0.478570790474717	277
-0.0742052468557199	0.469453428525921	90
-0.0710166103938501	0.478193832396807	90
-0.12105845581784	1.04700258133137	220
-0.0681537716474701	0.479292741706694	79
0.056606241661	0.779912172364091	2058
-0.0717777566350599	0.477074019570971	218
0.00844862578173	1.23571393597857	218
-0.1147257446432	1.06837021970321	835
-0.0499656868804901	0.908177971331969	474
0.116962608692	1.10519566029411	474
-0.12057530609592	1.04810700263471	31
-0.11695792412355	1.05188273551774	31
-0.0678855588124401	0.474033268230349	462
-0.0574806497426299	0.898690992261966	112
-0.0707496515431201	0.471239687923602	112
-0.0760405310832699	0.472583961120929	8
0.0501804258727001	0.774176324231999	61
-0.0710166103938501	0.478193832396807	642
-0.0710166103938501	0.478193832396807	280
-0.0652751037252599	0.470301214618162	280
-0.0720448316892299	0.478570790474717	1151
-0.0681537716474701	0.479292741706694	223
-0.07029737548226	0.46489469838612	90
-0.0710166103938501	0.478193832396807	1169
0.10694042083548	1.10160831055761	113
0.0505808284801501	0.77555938050866	67
-0.06622016356331	1.60410431931393	363
0.056606241661	0.779912172364091	67
0.056606241661	0.779912172364091	115
0.10303576006358	1.109302876637	1178
0.11296145903304	1.12969623516501	31
-0.0691850616331	0.474993175817053	462
-0.06712201309321	0.475136223572177	462
-0.0720448316892299	0.478570790474717	561
-0.0699474380288001	0.473890200865325	8
-0.0691850616331	0.474993175817053	642
-0.0720448316892299	0.478570790474717	642
-0.07280539644993	0.477448564652232	642
-0.0720448316892299	0.478570790474717	280
-0.0490819064799399	0.906998237084462	845
-0.0710166103938501	0.478193832396807	12
0.0496746038970799	0.771811008207858	12
-0.0710166103938501	0.478193832396807	2046
-0.07280539644993	0.477448564652232	229
-0.0720448316892299	0.478570790474717	12
-0.0699474380288001	0.473890200865325	90
-0.0707496515431201	0.471239687923602	457
-0.0742052468557199	0.469453428525921	440
-0.06500562329447	0.469713899049653	220
-0.03058649465758	1.45661756554121	220
0.10678640239191	1.11610590333976	67
-0.07952076737557	2.26097616159628	67
0.0505808284801501	0.77555938050866	67
-0.0720448316892299	0.478570790474717	115
0.0499272437457801	0.785062078842457	115
-0.05185448000311	0.910021425154128	115
0.10932848146976	1.1127705454267	115
-0.0720448316892299	0.478570790474717	462
-0.0710166103938501	0.478193832396807	1123
-0.0760405310832699	0.472583961120929	8
0.0550531257249101	0.792542427995745	561
-0.11558617561792	1.05074498632805	8
-0.0730725863230399	0.472854481440801	334
-0.0742052468557199	0.469453428525921	642
-0.0730725863230399	0.472854481440801	642
-0.0720448316892299	0.478570790474717	642
-0.0720448316892299	0.478570790474717	280
-0.0710166103938501	0.478193832396807	12
-0.0691850616331	0.474993175817053	229
-0.0497693203926901	0.895727207553442	457
-0.0730725863230399	0.472854481440801	90
-0.07746316783444	1.59946691751108	67
-0.0710166103938501	0.478193832396807	115
-0.0681537716474701	0.479292741706694	115
-0.07280539644993	0.477448564652232	193
0.05037749003109	0.778108225282062	462
-0.0699879229667999	0.472328161227103	462
-0.0760405310832699	0.472583961120929	8
-0.0681537716474701	0.479292741706694	12
-0.0730725863230399	0.472854481440801	1414
-0.0720448316892299	0.478570790474717	12
-0.0770658266540301	0.472946291653134	12
-0.06500562329447	0.469713899049653	223
-0.07280539644993	0.477448564652232	2420
-0.0717777566350599	0.477074019570971	12
-0.0717777566350599	0.477074019570971	12
-0.0681537716474701	0.479292741706694	322
0.10816590498031	1.10793601172314	17
0.02473670721494	1.27433515079651	220
0.12161865993771	1.11027050261101	220
0.0454342019582601	0.759785772220335	220
-0.0328009208469799	1.46441285759264	67
-0.12323521378374	1.03816908697417	67
-0.0960564546068701	1.74413224913125	199
-0.1093518309419	1.07048994939256	115
0.1147297645774	1.13300570987089	115
-0.06891673227405	0.478167346987275	115
-0.0710166103938501	0.478193832396807	115
-0.0730725863230399	0.472854481440801	115
-0.0730725863230399	0.472854481440801	218
-0.05030937563599	0.907900097651934	835
0.0229012072125301	1.28784655320414	31
-0.0717777566350599	0.477074019570971	2042
-0.0720448316892299	0.478570790474717	462
-0.05890688317319	0.902431779745543	462
0.1147297645774	1.13300570987089	462
-0.0717777566350599	0.477074019570971	112
-0.0720448316892299	0.478570790474717	145
-0.0707496515431201	0.471239687923602	1123
-0.0717777566350599	0.477074019570971	8
-0.07809066276743	0.467369829987504	1799
-0.07280539644993	0.477448564652232	8
-0.0720448316892299	0.478570790474717	642
-0.0742052468557199	0.469453428525921	642
-0.0699474380288001	0.473890200865325	642
-0.0681537716474701	0.479292741706694	42
-0.07280539644993	0.477448564652232	280
-0.0770658266540301	0.472946291653134	280
-0.07280539644993	0.477448564652232	2046
-0.0720448316892299	0.478570790474717	12
-0.0681537716474701	0.479292741706694	12
-0.06891673227405	0.478167346987275	12
-0.0717777566350599	0.477074019570971	277
-0.07280539644993	0.477448564652232	457
-0.0717777566350599	0.477074019570971	90
-0.07317688836652	0.473648243082631	1169
-0.0681537716474701	0.479292741706694	220
0.0508334283573899	0.786182588324621	2058
-0.0262115021281399	1.45390239834892	67
0.0207540543716001	1.29202100680109	67
0.0186484784890999	1.25229494486277	67
-0.0710166103938501	0.478193832396807	115
-0.0710166103938501	0.478193832396807	115
-0.07317688836652	0.473648243082631	218
-0.0720448316892299	0.478570790474717	835
-0.05625674788163	0.902868618476487	474
0.0534976127295399	0.780362467629578	474
-0.0574806497426299	0.898690992261966	462
-0.06187711126204	0.882779014984158	112
-0.0678855588124401	0.474033268230349	112
-0.0710166103938501	0.478193832396807	8
-0.0770658266540301	0.472946291653134	1799
0.0590964482916701	0.775729844473512	8
0.056606241661	0.779912172364091	8
-0.0720448316892299	0.478570790474717	334
-0.0681537716474701	0.479292741706694	642
-0.06500562329447	0.469713899049653	280
0.0572272994035301	0.76610736129693	280
0.0519919355567899	0.76925475596425	280
-0.0707496515431201	0.471239687923602	12
0.0510220935161501	0.778798937917858	12
-0.0691850616331	0.474993175817053	12
-0.0720448316892299	0.478570790474717	12
0.0392215049626099	0.740515715890032	12
-0.0707496515431201	0.471239687923602	277
-0.0720448316892299	0.478570790474717	17
0.116962608692	1.10519566029411	220
-0.0652751037252599	0.470301214618162	113
-0.07913747774143	1.5801474631013	2058
-0.0613425135613499	0.460406177226235	67
-0.0699879229667999	0.472328161227103	67
0.02472945055415	1.29941756841407	199
0.10730539636011	1.11763338649697	115
0.0519919355567899	0.76925475596425	115
-0.0770658266540301	0.472946291653134	115
-0.0717777566350599	0.477074019570971	31
-0.05327964510102	0.91099682350394	31
-0.07280539644993	0.477448564652232	462
-0.0720448316892299	0.478570790474717	112
0.04851075015852	0.775082213195586	1123
-0.07501477661502	0.466870648976945	1123
-0.0710166103938501	0.478193832396807	8
-0.0720448316892299	0.478570790474717	42
-0.07280539644993	0.477448564652232	280
-0.0681537716474701	0.479292741706694	12
-0.0717777566350599	0.477074019570971	901
-0.0710166103938501	0.478193832396807	793
-0.0710166103938501	0.478193832396807	12
-0.0730725863230399	0.472854481440801	277
-0.0720448316892299	0.478570790474717	277
-0.0691850616331	0.474993175817053	499
-0.0738325704557401	0.471762089576048	597
-0.0699879229667999	0.472328161227103	90
-0.07280539644993	0.477448564652232	220
0.11332930573327	1.13135282105774	79
-0.0720448316892299	0.478570790474717	79
-0.0699879229667999	0.472328161227103	113
0.0145562554773	1.25310883871869	67
-0.0987286916330801	1.72237314761689	67
0.0505808284801501	0.77555938050866	115
-0.0710166103938501	0.478193832396807	115
-0.0699474380288001	0.473890200865325	115
-0.06891673227405	0.478167346987275	115
-0.0717777566350599	0.477074019570971	218
-0.1062730475363	1.06362770967605	31
-0.06891673227405	0.478167346987275	716
-0.0631026820943901	0.888554431570822	31
0.0749246057484301	1.6948274883958	31
-0.0555908704077901	0.894166867027739	31
-0.0720448316892299	0.478570790474717	462
-0.07214806860361	0.469601658503721	462
-0.04888650320908	0.897232126223851	112
-0.0652751037252599	0.470301214618162	112
-0.0738325704557401	0.471762089576048	8
-0.0738325704557401	0.471762089576048	8
-0.06712201309321	0.475136223572177	8
0.0490202905863799	0.781201794884634	8
-0.0717777566350599	0.477074019570971	7
-0.0770658266540301	0.472946291653134	642
-0.0681537716474701	0.479292741706694	901
-0.07317688836652	0.473648243082631	901
-0.0720448316892299	0.478570790474717	12
0.0499272437457801	0.785062078842457	12
0.0575172163434201	0.783229267431462	12
-0.0720448316892299	0.478570790474717	793
-0.0717777566350599	0.477074019570971	220
-0.0469992100836101	0.896324802968931	113
-0.05450583170553	0.909610308903803	113
-0.0661416888264099	1.6140557160323	2058
-0.10025990129556	1.75211064337267	67
-0.05471444322611	0.900864796591822	67
0.05816203902384	0.773856683030631	115
-0.0710166103938501	0.478193832396807	115
-0.0717777566350599	0.477074019570971	115
-0.0340406105069699	1.43107296018064	1178
-0.07280539644993	0.477448564652232	462
-0.0720448316892299	0.478570790474717	462
0.05239096568043	0.775447909362186	299
-0.0699474380288001	0.473890200865325	1123
-0.0720448316892299	0.478570790474717	8
-0.0717777566350599	0.477074019570971	8
0.0541478364472301	0.79255832938947	8
-0.0717777566350599	0.477074019570971	42
-0.07214806860361	0.469601658503721	1151
-0.0710166103938501	0.478193832396807	793
-0.0652751037252599	0.470301214618162	2058
-0.11477653767558	1.06464044495059	67
-0.10765140904691	1.04650959727943	199
-0.0730725863230399	0.472854481440801	218
-0.0760405310832699	0.472583961120929	218
-0.04608370208894	2.07748415355228	31
0.0575172163434201	0.783229267431462	716
0.02256732997805	1.29059719043888	716
0.0163726221920999	1.28829306210437	474
-0.0681537716474701	0.479292741706694	462
0.0492735110912199	0.773083861620571	462
0.0492735110912199	0.773083861620571	462
-0.0678855588124401	0.474033268230349	462
-0.0710166103938501	0.478193832396807	462
-0.06712201309321	0.475136223572177	1123
-0.0770658266540301	0.472946291653134	8
-0.07317688836652	0.473648243082631	8
-0.06500562329447	0.469713899049653	334
-0.0710166103938501	0.478193832396807	7
-0.0717777566350599	0.477074019570971	1221
-0.07280539644993	0.477448564652232	280
0.05239096568043	0.775447909362186	280
-0.0720448316892299	0.478570790474717	12
0.0476024765398	0.771332727138389	901
-0.0738325704557401	0.471762089576048	12
-0.06891673227405	0.478167346987275	793
0.0609480597796599	0.764735281485438	277
-0.0699474380288001	0.473890200865325	277
-0.0699879229667999	0.472328161227103	277
-0.0730725863230399	0.472854481440801	277
-0.0371415650806	1.45328638245674	17
0.0541478364472301	0.79255832938947	285
-0.0560527018019099	0.899076046888398	199
-0.0760405310832699	0.472583961120929	199
-0.07029737548226	0.46489469838612	115
-0.0699474380288001	0.473890200865325	1869
-0.06603988765179	0.469223739016395	115
0.0538925777473001	0.779864833648603	115
-0.0707496515431201	0.471239687923602	139
-0.10579351033087	1.06867532893572	474
-0.0738325704557401	0.471762089576048	112
-0.0720448316892299	0.478570790474717	112
-0.0652751037252599	0.470301214618162	1123
-0.07280539644993	0.477448564652232	1123
-0.07317688836652	0.473648243082631	8
-0.0710166103938501	0.478193832396807	1649
-0.0730725863230399	0.472854481440801	8
-0.0760405310832699	0.472583961120929	642
-0.06891673227405	0.478167346987275	1221
-0.07280539644993	0.477448564652232	642
-0.0710166103938501	0.478193832396807	42
0.0612411683214	0.760059044432667	857
-0.0717777566350599	0.477074019570971	280
-0.07280539644993	0.477448564652232	280
-0.0652751037252599	0.470301214618162	1151
-0.06891673227405	0.478167346987275	1151
-0.0707496515431201	0.471239687923602	12
-0.0710166103938501	0.478193832396807	12
-0.0710166103938501	0.478193832396807	12
-0.07280539644993	0.477448564652232	12
-0.07280539644993	0.477448564652232	277
-0.0738325704557401	0.471762089576048	277
-0.07280539644993	0.477448564652232	597
-0.0720448316892299	0.478570790474717	597
-0.0738325704557401	0.471762089576048	220
0.0510220935161501	0.778798937917858	220
-0.07280539644993	0.477448564652232	1316
-0.0373590565756301	1.45955096050026	2058
-0.06712201309321	0.475136223572177	2058
-0.06712201309321	0.475136223572177	139
-0.0717777566350599	0.477074019570971	139
-0.0710166103938501	0.478193832396807	31
0.10630385831916	1.12623748630873	1178
-0.05416394288337	0.910864209091877	474
-0.0710166103938501	0.478193832396807	2042
-0.07280539644993	0.477448564652232	462
0.05173884031121	0.784928292248589	462
0.0516832273877501	0.768721890850317	112
-0.0681537716474701	0.479292741706694	112
-0.06712201309321	0.475136223572177	1123
0.0618830880027601	0.771347496058888	8
-0.07280539644993	0.477448564652232	1221
-0.0730725863230399	0.472854481440801	280
-0.0717777566350599	0.477074019570971	1151
-0.0730725863230399	0.472854481440801	1151
-0.07280539644993	0.477448564652232	1747
-0.07280539644993	0.477448564652232	901
-0.0738325704557401	0.471762089576048	1570
-0.07280539644993	0.477448564652232	97
0.05596010072993	0.789495909237653	97
0.02624646997002	2.23757200678813	2058
-0.06712201309321	0.475136223572177	2058
-0.05450583170553	0.909610308903803	2058
-0.06891673227405	0.478167346987275	2058
0.0218690041795699	2.28183211474424	1869
-0.0681537716474701	0.479292741706694	1869
0.05816203902384	0.773856683030631	1869
-0.0720448316892299	0.478570790474717	1869
0.0557024721889701	0.782855365464993	218
-0.0707496515431201	0.471239687923602	218
0.0490202905863799	0.781201794884634	218
0.0491566799541401	0.775770930689392	218
-0.04542460494749	0.882331998027843	31
0.05658181837253	0.775242663331729	31
0.01024879427454	1.23813798668254	716
-0.1129542467912	1.0709808681734	474
-0.07280539644993	0.477448564652232	462
-0.0710166103938501	0.478193832396807	284
-0.0710166103938501	0.478193832396807	8
-0.0678855588124401	0.474033268230349	334
-0.0720448316892299	0.478570790474717	1748
-0.0717777566350599	0.477074019570971	1221
0.0491566799541401	0.775770930689392	280
-0.0681537716474701	0.479292741706694	1151
-0.07280539644993	0.477448564652232	12
-0.07280539644993	0.477448564652232	600
-0.0447441989306001	2.08397071763971	285
0.10698475660854	2.0514649039849	285
0.02169231329165	1.27663964507741	67
-0.0290916450904599	1.44558626519589	1029
0.02124411853535	1.29249248124647	1869
-0.04854277898906	0.908259665628721	2291
0.10730539636011	1.11763338649697	218
-0.06712201309321	0.475136223572177	218
0.0221404308911599	1.29122577032192	682
0.11332930573327	1.13135282105774	716
-0.0710166103938501	0.478193832396807	284
0.0508334283573899	0.786182588324621	1123
-0.0681537716474701	0.479292741706694	8
-0.0508495337336901	0.906635016822695	8
-0.0760405310832699	0.472583961120929	1221
-0.0652751037252599	0.470301214618162	294
-0.0717777566350599	0.477074019570971	12
-0.0717777566350599	0.477074019570971	1056
-0.0738325704557401	0.471762089576048	12
-0.07280539644993	0.477448564652232	277
-0.0720448316892299	0.478570790474717	277
-0.0717777566350599	0.477074019570971	322
0.04511289303059	0.770721136679104	97
-0.0681537716474701	0.479292741706694	97
0.11684900240736	2.04423351454892	285
-0.0678855588124401	0.474033268230349	1029
0.10905135738224	1.11103758826652	1869
0.11006056146374	1.13316508829393	139
0.05324176552158	0.789473162707191	139
-0.0423014493973699	1.42990731361646	474
-0.0499656868804901	0.908177971331969	474
-0.11520895855729	1.06325941482153	716
-0.10191532134536	1.72068106555225	474
0.0681350939368901	1.68797110941885	31
-0.0710166103938501	0.478193832396807	2042
0.0496746038970799	0.771811008207858	462
0.10742858079733	1.08872126475617	462
-0.0760405310832699	0.472583961120929	462
0.0584522846205799	0.785152960886062	112
-0.07280539644993	0.477448564652232	534
0.0538925777473001	0.779864833648603	534
-0.0710166103938501	0.478193832396807	112
-0.06891673227405	0.478167346987275	186
-0.0770658266540301	0.472946291653134	186
-0.0710166103938501	0.478193832396807	8
-0.07280539644993	0.477448564652232	8
-0.0760405310832699	0.472583961120929	1383
-0.06712201309321	0.475136223572177	8
-0.0738325704557401	0.471762089576048	1221
-0.06712201309321	0.475136223572177	1221
-0.0699474380288001	0.473890200865325	1221
-0.0720448316892299	0.478570790474717	857
-0.06891673227405	0.478167346987275	280
0.05596010072993	0.789495909237653	280
-0.0738325704557401	0.471762089576048	280
-0.0738325704557401	0.471762089576048	294
-0.0720448316892299	0.478570790474717	1151
-0.0652751037252599	0.470301214618162	1151
-0.0717777566350599	0.477074019570971	12
-0.0710166103938501	0.478193832396807	12
0.0457640659241601	0.771410399129658	12
-0.0730725863230399	0.472854481440801	277
0.0541478364472301	0.79255832938947	277
-0.0720448316892299	0.478570790474717	277
-0.0710166103938501	0.478193832396807	2329
-0.0738325704557401	0.471762089576048	1570
0.0827236910048099	2.34853555947028	67
-0.0888967916013901	1.7452023940408	199
-0.0760405310832699	0.472583961120929	139
-0.07280539644993	0.477448564652232	139
0.10908320114392	2.02999578708231	31
0.04511289303059	0.770721136679104	474
0.0541478364472301	0.79255832938947	462
0.0454342019582601	0.759785772220335	462
-0.05382118969418	0.896765946033174	284
-0.07280539644993	0.477448564652232	334
-0.07280539644993	0.477448564652232	334
-0.0720448316892299	0.478570790474717	1221
-0.0717777566350599	0.477074019570971	12
-0.0730725863230399	0.472854481440801	692
-0.0730725863230399	0.472854481440801	793
-0.07280539644993	0.477448564652232	1048
-0.0699879229667999	0.472328161227103	597
-0.07280539644993	0.477448564652232	322
-0.0770658266540301	0.472946291653134	322
0.05239096568043	0.775447909362186	79
-0.07314890073043	1.59913762613546	67
-0.05693690627147	0.899952167138894	139
-0.06712201309321	0.475136223572177	139
-0.0691850616331	0.474993175817053	682
0.0954459883494301	2.46721121312884	682
0.0754196183388101	1.68784985745293	31
-0.10531408285865	1.06614111777347	474
-0.0720448316892299	0.478570790474717	474
0.0593870206300999	0.78344810605566	462
-0.0720448316892299	0.478570790474717	462
-0.0720448316892299	0.478570790474717	462
-0.07280539644993	0.477448564652232	462
-0.07280539644993	0.477448564652232	534
-0.07809066276743	0.467369829987504	186
-0.06891673227405	0.478167346987275	186
-0.0742052468557199	0.469453428525921	302
-0.0720448316892299	0.478570790474717	435
-0.0720448316892299	0.478570790474717	8
-0.0720448316892299	0.478570790474717	1221
-0.0681537716474701	0.479292741706694	1221
-0.06891673227405	0.478167346987275	1221
-0.06424025149337	0.470793566917827	280
-0.06891673227405	0.478167346987275	569
-0.0738325704557401	0.471762089576048	12
-0.0720448316892299	0.478570790474717	12
-0.07280539644993	0.477448564652232	12
-0.0663668492526599	0.455262516125263	793
-0.0691850616331	0.474993175817053	600
-0.0810101234407199	1.58032315714887	17
0.0185988794869001	1.28313814898033	67
0.11006056146374	1.13316508829393	1029
-0.1110654558496	2.44714805023949	199
0.0510220935161501	0.778798937917858	2291
0.0513103608057199	0.775222255169698	139
-0.0652751037252599	0.470301214618162	218
-0.0681537716474701	0.479292741706694	31
0.07217687792533	1.63603603280542	682
0.02396214177859	1.83116952387527	31
0.0508334283573899	0.786182588324621	462
0.0547361689204	0.769495388984206	462
-0.07809066276743	0.467369829987504	534
-0.0699879229667999	0.472328161227103	534
-0.0681537716474701	0.479292741706694	112
-0.0691850616331	0.474993175817053	284
-0.0681537716474701	0.479292741706694	186
-0.0678855588124401	0.474033268230349	8
-0.07280539644993	0.477448564652232	2003
-0.0717777566350599	0.477074019570971	1221
-0.07280539644993	0.477448564652232	280
-0.0720448316892299	0.478570790474717	280
-0.06712201309321	0.475136223572177	280
0.0510220935161501	0.778798937917858	280
-0.0681537716474701	0.479292741706694	569
-0.0710166103938501	0.478193832396807	569
-0.07280539644993	0.477448564652232	1151
-0.0717777566350599	0.477074019570971	12
-0.0681537716474701	0.479292741706694	12
-0.0710166103938501	0.478193832396807	692
-0.0710166103938501	0.478193832396807	692
0.05596010072993	0.789495909237653	1056
-0.0678855588124401	0.474033268230349	1056
-0.0720448316892299	0.478570790474717	277
-0.0691850616331	0.474993175817053	277
-0.0717777566350599	0.477074019570971	1570
0.0501804258727001	0.774176324231999	17
-0.10851555209214	1.06296148872601	17
-0.10800583158938	1.05586343365039	220
-0.0553897312274201	0.904143268243517	113
-0.04998945761941	0.88470904153512	67
-0.120170313937	1.04618047589492	67
-0.06167609567665	0.883235293855931	199
-0.0457856944041899	0.873254799460979	199
-0.06364595640889	0.878569886369729	199
0.05537769026615	0.7701673605307	139
-0.05767997602275	0.894723988666176	1869
0.0500895525974501	0.778774959831316	139
-0.07280539644993	0.477448564652232	139
-0.0710166103938501	0.478193832396807	139
-0.07280539644993	0.477448564652232	139
0.0596784218197699	0.764527982514553	31
-0.05362198903316	0.912150936562615	31
-0.0981921869358999	1.7488429946968	682
-0.06808468284374	1.59080687745201	31
0.0460222374661601	0.771815254797831	462
0.0612411683214	0.760059044432667	462
-0.0717777566350599	0.477074019570971	112
-0.0720448316892299	0.478570790474717	186
-0.0717777566350599	0.477074019570971	435
0.0534976127295399	0.780362467629578	8
0.0501804258727001	0.774176324231999	8
-0.0681537716474701	0.479292741706694	1221
-0.0720448316892299	0.478570790474717	1221
-0.0738325704557401	0.471762089576048	1221
-0.07280539644993	0.477448564652232	1221
-0.07280539644993	0.477448564652232	569
-0.07280539644993	0.477448564652232	12
-0.0699474380288001	0.473890200865325	1056
-0.0717777566350599	0.477074019570971	793
-0.0730725863230399	0.472854481440801	1389
-0.0691850616331	0.474993175817053	113
-0.07280539644993	0.477448564652232	2058
0.11384544599427	1.13290308531944	67
0.0557024721889701	0.782855365464993	218
-0.0738325704557401	0.471762089576048	31
0.10605689992627	1.09931070309845	31
-0.07280539644993	0.477448564652232	1770
0.0505808284801501	0.77555938050866	31
-0.0710166103938501	0.478193832396807	462
-0.07280539644993	0.477448564652232	534
-0.0720448316892299	0.478570790474717	8
-0.07809066276743	0.467369829987504	1649
-0.0738325704557401	0.471762089576048	8
0.0499272437457801	0.785062078842457	8
-0.0710166103938501	0.478193832396807	334
-0.0710166103938501	0.478193832396807	1221
-0.0730725863230399	0.472854481440801	280
-0.0717777566350599	0.477074019570971	569
0.0466699065774101	0.772502733813019	793
-0.06424025149337	0.470793566917827	1389
-0.0681537716474701	0.479292741706694	560
-0.0699879229667999	0.472328161227103	560
0.10694042083548	1.10160831055761	113
-0.0613348698126699	0.892858676693574	2058
0.0681548150356299	2.13092807802468	285
-0.11923586888964	1.05729433456047	67
-0.05194481545137	0.879711007626854	139
-0.0691850616331	0.474993175817053	139
-0.0720448316892299	0.478570790474717	139
-0.0484210013097599	0.885157069891946	682
-0.0550482985028	0.908328416896414	474
0.05324176552158	0.789473162707191	474
-0.04888650320908	0.897232126223851	462
-0.0681537716474701	0.479292741706694	1176
-0.06891673227405	0.478167346987275	462
0.05037749003109	0.778108225282062	112
-0.06891673227405	0.478167346987275	186
-0.0720448316892299	0.478570790474717	186
-0.0652751037252599	0.470301214618162	186
-0.0699879229667999	0.472328161227103	186
-0.07280539644993	0.477448564652232	8
-0.0699879229667999	0.472328161227103	1005
-0.07280539644993	0.477448564652232	8
-0.0717777566350599	0.477074019570971	2003
-0.07280539644993	0.477448564652232	2003
-0.07280539644993	0.477448564652232	435
-0.0681537716474701	0.479292741706694	8
0.05037749003109	0.778108225282062	8
0.0496746038970799	0.771811008207858	7
-0.0717777566350599	0.477074019570971	334
-0.0699879229667999	0.472328161227103	7
-0.06891673227405	0.478167346987275	1221
-0.0717777566350599	0.477074019570971	1221
-0.0691850616331	0.474993175817053	42
-0.0720448316892299	0.478570790474717	42
0.0575172163434201	0.783229267431462	42
0.0508334283573899	0.786182588324621	280
-0.0730725863230399	0.472854481440801	280
-0.0717777566350599	0.477074019570971	280
-0.0738325704557401	0.471762089576048	569
-0.06891673227405	0.478167346987275	569
-0.0699474380288001	0.473890200865325	1151
-0.0770658266540301	0.472946291653134	1151
-0.06891673227405	0.478167346987275	12
-0.0730725863230399	0.472854481440801	12
-0.0710166103938501	0.478193832396807	914
-0.0720448316892299	0.478570790474717	793
-0.07280539644993	0.477448564652232	600
-0.0691850616331	0.474993175817053	322
0.1109454935159	1.13190593364086	220
-0.0720448316892299	0.478570790474717	220
-0.0348525366036001	1.45165549529409	199
0.02472945055415	1.29941756841407	31
-0.05416394288337	0.910864209091877	474
-0.07317688836652	0.473648243082631	1770
-0.06712201309321	0.475136223572177	186
-0.0710166103938501	0.478193832396807	8
0.0550531257249101	0.792542427995745	302
0.05440363611776	0.780361677510396	2003
-0.07317688836652	0.473648243082631	2003
0.0496746038970799	0.771811008207858	561
-0.0710166103938501	0.478193832396807	1221
0.05195430013803	0.775907452258494	280
0.0499272437457801	0.785062078842457	280
-0.06712201309321	0.475136223572177	352
-0.07280539644993	0.477448564652232	12
-0.0720448316892299	0.478570790474717	190
-0.0678855588124401	0.474033268230349	600
0.11006056146374	1.13316508829393	220
-0.07280539644993	0.477448564652232	220
-0.0717777566350599	0.477074019570971	97
0.0994040742415501	2.01777475614351	113
-0.10313957222058	1.05599628671029	139
-0.0407755289635801	1.45617767176894	139
-0.03369124096064	1.46248254930882	139
-0.10758919999412	1.06523458978944	139
-0.0607927327164499	0.884320469745859	474
-0.07280539644993	0.477448564652232	474
-0.0720448316892299	0.478570790474717	112
-0.0760405310832699	0.472583961120929	284
-0.06926546790303	0.465378566229971	1005
-0.07317688836652	0.473648243082631	2150
-0.07280539644993	0.477448564652232	12
-0.0565959335432	0.897819638951261	12
-0.0717777566350599	0.477074019570971	600
0.02336297448206	1.29289369460251	17
0.0220971772463401	1.28421424445697	220
-0.0678855588124401	0.474033268230349	97
-0.0763822938877301	1.5893119681761	1144
0.06867957837728	1.64861726839569	139
-0.0574806497426299	0.898690992261966	139
-0.0261615044797101	1.4503993695879	193
0.11570822361269	1.11563553359313	1320
-0.0565959335432	0.897819638951261	31
-0.05273820465056	0.912281557043227	112
0.0669843504426999	1.66672795221439	112
-0.11118043806395	1.06400965394077	112
-0.07809066276743	0.467369829987504	8
-0.06424025149337	0.470793566917827	1005
-0.0691850616331	0.474993175817053	8
-0.0720448316892299	0.478570790474717	435
0.0499272437457801	0.785062078842457	435
-0.0760405310832699	0.472583961120929	7
-0.0720448316892299	0.478570790474717	2150
-0.0681537716474701	0.479292741706694	7
-0.0710166103938501	0.478193832396807	7
-0.0563932691393201	0.887955911631287	473
-0.0730725863230399	0.472854481440801	2015
-0.0699879229667999	0.472328161227103	2015
-0.0730725863230399	0.472854481440801	42
-0.0770658266540301	0.472946291653134	280
-0.0707496515431201	0.471239687923602	569
0.0483658284992801	0.769354800829021	569
-0.0681537716474701	0.479292741706694	294
-0.0720448316892299	0.478570790474717	914
-0.0691850616331	0.474993175817053	1583
-0.0710166103938501	0.478193832396807	90
-0.0720448316892299	0.478570790474717	1112
-0.0710166103938501	0.478193832396807	600
-0.0403339755952801	1.45247393889486	220
0.11104367521548	1.10296143286817	97
0.0504262585163	2.12354645664168	113
-0.0707496515431201	0.471239687923602	2058
-0.03665948392448	1.45564430853685	31
-0.04151650092594	1.3994350848884	31
0.10718940088474	1.12500364394142	31
-0.06500562329447	0.469713899049653	112
-0.0710166103938501	0.478193832396807	112
-0.0681537716474701	0.479292741706694	1132
-0.0710166103938501	0.478193832396807	1005
-0.0710166103938501	0.478193832396807	8
-0.07280539644993	0.477448564652232	8
-0.0681537716474701	0.479292741706694	74
-0.07280539644993	0.477448564652232	74
-0.07280539644993	0.477448564652232	435
0.11384544599427	1.13290308531944	7
-0.0760405310832699	0.472583961120929	7
-0.0710166103938501	0.478193832396807	42
-0.0738325704557401	0.471762089576048	569
-0.0710166103938501	0.478193832396807	569
-0.0717777566350599	0.477074019570971	12
-0.07280539644993	0.477448564652232	2426
-0.0678855588124401	0.474033268230349	12
-0.0738325704557401	0.471762089576048	914
-0.0710166103938501	0.478193832396807	663
-0.0681537716474701	0.479292741706694	547
-0.0738325704557401	0.471762089576048	17
0.0496746038970799	0.771811008207858	220
0.0514862837782999	0.776653741316405	17
-0.0681537716474701	0.479292741706694	2058
0.01633003553639	1.26962388158563	285
-0.0523954066007699	0.90874542512987	67
-0.07280539644993	0.477448564652232	1144
-0.10349419621047	1.69132005260485	199
-0.0730725863230399	0.472854481440801	139
-0.0681537716474701	0.479292741706694	139
-0.0580234417080501	0.904947505639359	218
0.0557024721889701	0.782855365464993	218
-0.0547060013588201	0.89662201260864	570
-0.0720448316892299	0.478570790474717	474
-0.12194601359571	1.04584663399972	474
-0.05693690627147	0.899952167138894	474
-0.0678855588124401	0.474033268230349	31
-0.0699879229667999	0.472328161227103	462
-0.0730725863230399	0.472854481440801	112
-0.0742052468557199	0.469453428525921	112
-0.07280539644993	0.477448564652232	112
-0.07280539644993	0.477448564652232	1696
-0.0710166103938501	0.478193832396807	435
-0.06891673227405	0.478167346987275	435
-0.0738325704557401	0.471762089576048	435
0.0505808284801501	0.77555938050866	7
-0.07280539644993	0.477448564652232	7
-0.0699879229667999	0.472328161227103	2150
-0.07280539644993	0.477448564652232	7
-0.06500562329447	0.469713899049653	1221
-0.0730725863230399	0.472854481440801	473
-0.0681537716474701	0.479292741706694	473
-0.0707496515431201	0.471239687923602	2015
0.05479791616394	0.782861546376213	42
-0.0730725863230399	0.472854481440801	569
-0.07280539644993	0.477448564652232	12
-0.0681537716474701	0.479292741706694	2361
-0.07280539644993	0.477448564652232	190
-0.07280539644993	0.477448564652232	1583
-0.0681537716474701	0.479292741706694	2226
-0.0720448316892299	0.478570790474717	17
-0.1089342336533	1.07192675451941	67
0.02695412012429	1.27365849997675	1144
0.11605248548732	2.06424338148622	199
-0.0717777566350599	0.477074019570971	139
-0.0720448316892299	0.478570790474717	139
-0.0710166103938501	0.478193832396807	139
-0.0770658266540301	0.472946291653134	139
-0.0681537716474701	0.479292741706694	218
-0.03284437717829	1.45620746984174	218
-0.06712201309321	0.475136223572177	218
-0.06500562329447	0.469713899049653	31
0.10578739057924	1.11259501523348	31
-0.05308013978115	0.899784327074712	31
0.01842541291675	1.79989414952913	1320
0.02367241809458	1.81029555805102	1320
-0.0691850616331	0.474993175817053	112
0.05173884031121	0.784928292248589	112
-0.11653970979371	1.0650124064402	112
-0.0691850616331	0.474993175817053	112
0.0491566799541401	0.775770930689392	284
-0.0710166103938501	0.478193832396807	851
-0.0717777566350599	0.477074019570971	186
-0.0691850616331	0.474993175817053	8
-0.0720448316892299	0.478570790474717	1005
-0.0738325704557401	0.471762089576048	2150
0.0523349170960601	0.780491055902145	1221
-0.10176197920984	1.05947966556101	42
-0.0720448316892299	0.478570790474717	569
-0.0710166103938501	0.478193832396807	569
-0.07280539644993	0.477448564652232	569
-0.0710166103938501	0.478193832396807	663
-0.07280539644993	0.477448564652232	1056
-0.06891673227405	0.478167346987275	190
-0.0976886226529701	1.72537279898364	17
-0.06891673227405	0.478167346987275	97
-0.0707496515431201	0.471239687923602	2058
0.0255183910200101	1.28343238465062	67
-0.1165532045723	1.04825248010761	199
-0.0720448316892299	0.478570790474717	139
-0.07363855385216	2.16983575107877	570
-0.07809066276743	0.467369829987504	462
-0.0770658266540301	0.472946291653134	635
-0.0681537716474701	0.479292741706694	112
-0.06603988765179	0.469223739016395	112
-0.0738325704557401	0.471762089576048	8
-0.0707496515431201	0.471239687923602	8
-0.06891673227405	0.478167346987275	435
-0.0730725863230399	0.472854481440801	473
-0.0681537716474701	0.479292741706694	569
-0.0730725863230399	0.472854481440801	569
-0.07280539644993	0.477448564652232	569
-0.0720448316892299	0.478570790474717	1056
-0.0738325704557401	0.471762089576048	190
-0.0717777566350599	0.477074019570971	1112
-0.0730725863230399	0.472854481440801	600
0.0584522846205799	0.785152960886062	17
0.05173884031121	0.784928292248589	1144
-0.06424025149337	0.470793566917827	218
0.11509914772809	1.12848373185033	31
0.0490202905863799	0.781201794884634	218
0.11421406089321	1.13145762266747	474
-0.06891673227405	0.478167346987275	112
-0.0720448316892299	0.478570790474717	112
-0.06891673227405	0.478167346987275	112
0.0221404308911599	1.29122577032192	112
-0.0717777566350599	0.477074019570971	74
-0.0717777566350599	0.477074019570971	561
-0.0720448316892299	0.478570790474717	486
-0.0681537716474701	0.479292741706694	473
-0.07809066276743	0.467369829987504	569
-0.0710166103938501	0.478193832396807	12
-0.0720448316892299	0.478570790474717	2426
-0.0710166103938501	0.478193832396807	2426
-0.0681537716474701	0.479292741706694	352
-0.0738325704557401	0.471762089576048	1056
-0.0760405310832699	0.472583961120929	190
-0.0738325704557401	0.471762089576048	190
-0.0720448316892299	0.478570790474717	190
-0.0717777566350599	0.477074019570971	600
-0.0691850616331	0.474993175817053	600
-0.05836541677124	0.897583415485501	119
-0.1160696397198	1.05320442843489	17
-0.0699474380288001	0.473890200865325	17
-0.0691850616331	0.474993175817053	97
0.0572330117628701	0.75793271466948	67
0.0499272437457801	0.785062078842457	199
-0.0303588185039601	1.46093491638946	199
-0.10984033645835	1.06198096921949	199
0.10074659058299	1.09371687252224	139
-0.06712201309321	0.475136223572177	139
-0.07280539644993	0.477448564652232	139
-0.0699474380288001	0.473890200865325	139
-0.0681537716474701	0.479292741706694	1500
0.05479791616394	0.782861546376213	218
-0.11792367087198	1.03250156932944	218
0.10865785750227	1.11306274883859	31
0.0429462775821601	0.752682581505889	31
-0.11031292522081	1.06793803826448	31
-0.0720448316892299	0.478570790474717	274
-0.0717777566350599	0.477074019570971	274
0.0553140457202801	0.777447335571876	112
0.0457640659241601	0.771410399129658	112
0.11281306188836	1.11274762483204	7
-0.07280539644993	0.477448564652232	473
-0.0652751037252599	0.470301214618162	473
-0.0681537716474701	0.479292741706694	280
-0.0770658266540301	0.472946291653134	569
-0.06712201309321	0.475136223572177	569
-0.0710166103938501	0.478193832396807	352
-0.0717777566350599	0.477074019570971	2043
0.056606241661	0.779912172364091	2139
-0.0710166103938501	0.478193832396807	1056
-0.0707496515431201	0.471239687923602	190
0.05324176552158	0.789473162707191	17
-0.05185448000311	0.910021425154128	515
-0.0720448316892299	0.478570790474717	139
-0.0710166103938501	0.478193832396807	139
-0.07317688836652	0.473648243082631	1500
-0.0717777566350599	0.477074019570971	218
-0.0669988481268899	1.59565317638225	570
-0.0574806497426299	0.898690992261966	474
-0.0707496515431201	0.471239687923602	274
-0.0717777566350599	0.477074019570971	635
0.0526434754852001	0.781039269293486	112
-0.05714006279032	0.905086842963566	112
-0.0652751037252599	0.470301214618162	112
-0.0710166103938501	0.478193832396807	2242
-0.0717777566350599	0.477074019570971	74
-0.0681537716474701	0.479292741706694	7
-0.0710166103938501	0.478193832396807	408
-0.0720448316892299	0.478570790474717	408
-0.0720448316892299	0.478570790474717	375
-0.0678855588124401	0.474033268230349	473
0.0541478364472301	0.79255832938947	473
-0.0678855588124401	0.474033268230349	569
-0.0720448316892299	0.478570790474717	12
-0.0720448316892299	0.478570790474717	2043
-0.07280539644993	0.477448564652232	12
-0.0699474380288001	0.473890200865325	1056
-0.0720448316892299	0.478570790474717	190
-0.0730725863230399	0.472854481440801	1112
-0.0710166103938501	0.478193832396807	1112
-0.0717777566350599	0.477074019570971	17
-0.12123493814274	1.84489934836752	2058
-0.07809066276743	0.467369829987504	2058
0.11504615342855	2.06061312133728	515
-0.0720448316892299	0.478570790474717	199
-0.06424025149337	0.470793566917827	139
-0.07501477661502	0.466870648976945	139
-0.0738325704557401	0.471762089576048	139
0.02298221633493	1.26722317707949	218
0.11036736500413	2.05167693478537	218
0.0541478364472301	0.79255832938947	1320
-0.05327964510102	0.91099682350394	474
-0.12417437477956	1.02463401586416	31
-0.0681537716474701	0.479292741706694	274
-0.0710166103938501	0.478193832396807	274
-0.0580244995814201	0.884851105562845	112
-0.11258295777318	1.04527435048724	112
-0.0717777566350599	0.477074019570971	112
-0.0717777566350599	0.477074019570971	112
0.0460222374661601	0.771815254797831	112
-0.0681537716474701	0.479292741706694	112
-0.0707496515431201	0.471239687923602	284
-0.0717777566350599	0.477074019570971	8
-0.0699879229667999	0.472328161227103	74
-0.0699474380288001	0.473890200865325	74
-0.0720448316892299	0.478570790474717	486
0.0514862837782999	0.776653741316405	42
-0.07280539644993	0.477448564652232	569
-0.0710166103938501	0.478193832396807	569
-0.07280539644993	0.477448564652232	339
0.0590964482916701	0.775729844473512	875
-0.0710166103938501	0.478193832396807	190
-0.0699474380288001	0.473890200865325	90
-0.0710166103938501	0.478193832396807	1915
-0.07501477661502	0.466870648976945	2226
-0.07280539644993	0.477448564652232	600
-0.10489469796581	1.06585897761573	17
-0.07280539644993	0.477448564652232	17
-0.06891673227405	0.478167346987275	17
-0.07280539644993	0.477448564652232	396
-0.0942771250707899	1.72835716594022	113
-0.02071814512704	1.87600032650916	2058
-0.0149625127401101	1.93720483518109	67
-0.11512717881135	1.06077364595871	139
-0.06712201309321	0.475136223572177	139
0.0501804258727001	0.774176324231999	139
0.05479791616394	0.782861546376213	264
-0.0717777566350599	0.477074019570971	186
-0.0720448316892299	0.478570790474717	8
-0.06712201309321	0.475136223572177	8
-0.0717777566350599	0.477074019570971	74
-0.0720448316892299	0.478570790474717	486
-0.0710166103938501	0.478193832396807	486
-0.0730725863230399	0.472854481440801	569
-0.0770658266540301	0.472946291653134	569
-0.0738325704557401	0.471762089576048	875
0.0499272437457801	0.785062078842457	875
-0.07280539644993	0.477448564652232	352
-0.0691850616331	0.474993175817053	1056
-0.07809066276743	0.467369829987504	2226
-0.0707496515431201	0.471239687923602	17
0.01728156325792	1.2711688485963	515
0.02550834535448	1.27074469383998	515
0.0134060467177	1.77207935562752	515
0.02688367499818	1.29503304240232	570
-0.11021699907626	1.04646981787588	570
0.05596010072993	0.789495909237653	4
0.0659570631503099	0.742518840500128	274
-0.0717777566350599	0.477074019570971	112
-0.06424025149337	0.470793566917827	264
-0.0678855588124401	0.474033268230349	56
-0.0681537716474701	0.479292741706694	8
-0.0720448316892299	0.478570790474717	8
-0.0681537716474701	0.479292741706694	74
-0.05206595527309	0.897058536686176	74
0.05324176552158	0.789473162707191	74
0.0514862837782999	0.776653741316405	155
-0.0710166103938501	0.478193832396807	74
-0.0717777566350599	0.477074019570971	7
0.05173884031121	0.784928292248589	486
-0.0717777566350599	0.477074019570971	473
-0.0770658266540301	0.472946291653134	473
-0.0681537716474701	0.479292741706694	2026
-0.06891673227405	0.478167346987275	569
-0.06891673227405	0.478167346987275	60
-0.0717777566350599	0.477074019570971	352
-0.0681537716474701	0.479292741706694	352
-0.0770658266540301	0.472946291653134	352
-0.06891673227405	0.478167346987275	1691
-0.0699474380288001	0.473890200865325	1056
-0.0699474380288001	0.473890200865325	90
-0.0738325704557401	0.471762089576048	2226
-0.0691850616331	0.474993175817053	702
-0.0717777566350599	0.477074019570971	73
-0.0691850616331	0.474993175817053	73
-0.0717777566350599	0.477074019570971	396
0.05537769026615	0.7701673605307	396
0.07829248019892	1.69295874827928	285
-0.05657374335495	1.56674221386583	67
0.0466699065774101	0.772502733813019	139
0.0243026850988901	1.29596493734429	139
-0.05382118969418	0.896765946033174	4
0.10590167236585	1.11604232827607	274
-0.11210066799394	1.06225018209869	462
0.0557024721889701	0.782855365464993	112
-0.06603988765179	0.469223739016395	112
-0.0681537716474701	0.479292741706694	186
-0.07809066276743	0.467369829987504	8
-0.10758919999412	1.06523458978944	74
-0.0699879229667999	0.472328161227103	7
-0.07809066276743	0.467369829987504	486
-0.0760405310832699	0.472583961120929	368
-0.0720448316892299	0.478570790474717	12
-0.0730725863230399	0.472854481440801	12
-0.07280539644993	0.477448564652232	1056
-0.07280539644993	0.477448564652232	190
-0.07317688836652	0.473648243082631	90
-0.0738325704557401	0.471762089576048	1088
-0.0738325704557401	0.471762089576048	421
-0.0699474380288001	0.473890200865325	73
0.06918713704243	1.65489101568183	113
-0.0452335922615199	0.900174346618307	139
0.02077353158938	1.29587945269586	218
-0.04488770072494	0.895839552613018	218
-0.11833780346214	1.06235584180823	4
0.04511289303059	0.770721136679104	4
0.0229369440156999	1.29632591348339	4
0.10188235151175	2.02226062058146	31
0.10868136815001	1.12139965942512	474
-0.0550482985028	0.908328416896414	462
-0.0490819064799399	0.906998237084462	140
0.06689102027051	0.74711416264618	74
-0.0720448316892299	0.478570790474717	74
-0.0738325704557401	0.471762089576048	74
0.0508334283573899	0.786182588324621	74
-0.07501477661502	0.466870648976945	74
-0.07501477661502	0.466870648976945	569
-0.0720448316892299	0.478570790474717	339
-0.06500562329447	0.469713899049653	12
-0.0710166103938501	0.478193832396807	150
-0.0691850616331	0.474993175817053	352
-0.0678855588124401	0.474033268230349	1918
-0.0720448316892299	0.478570790474717	1919
-0.0691850616331	0.474993175817053	1301
-0.0710166103938501	0.478193832396807	73
-0.0691850616331	0.474993175817053	17
-0.03480954953341	1.45556168245779	285
-0.1147257446432	1.06837021970321	515
0.02165358754744	1.2891457448146	199
0.0609642654621501	0.766886646811383	139
-0.0469992100836101	0.896324802968931	31
0.0661345990569999	1.6842539830441	218
0.0429462775821601	0.752682581505889	462
-0.1160696397198	1.05320442843489	462
0.0499272437457801	0.785062078842457	74
-0.06424025149337	0.470793566917827	74
-0.0717777566350599	0.477074019570971	486
-0.07029737548226	0.46489469838612	375
-0.06603988765179	0.469223739016395	473
-0.0699474380288001	0.473890200865325	569
-0.0717777566350599	0.477074019570971	569
-0.0738325704557401	0.471762089576048	352
0.0466699065774101	0.772502733813019	352
-0.0707496515431201	0.471239687923602	114
-0.0717777566350599	0.477074019570971	190
-0.0699474380288001	0.473890200865325	190
-0.07501477661502	0.466870648976945	190
-0.0710166103938501	0.478193832396807	17
-0.0678855588124401	0.474033268230349	396
-0.10496679848054	1.7046041224825	2058
-0.0343684871173	1.45720536179685	515
0.01817721492936	1.27123680663723	515
-0.0660626926688901	1.59090064258994	199
-0.07280539644993	0.477448564652232	139
-0.06712201309321	0.475136223572177	31
0.05479791616394	0.782861546376213	218
0.02167011324598	1.29460049790981	570
-0.11166230641479	1.0589728907032	474
-0.05416394288337	0.910864209091877	112
-0.07280539644993	0.477448564652232	112
-0.0710166103938501	0.478193832396807	56
-0.0691850616331	0.474993175817053	8
-0.0760405310832699	0.472583961120929	8
-0.0720448316892299	0.478570790474717	74
-0.06603988765179	0.469223739016395	1848
0.0505808284801501	0.77555938050866	74
-0.0691850616331	0.474993175817053	569
-0.0738325704557401	0.471762089576048	569
-0.07809066276743	0.467369829987504	368
-0.0681537716474701	0.479292741706694	368
-0.07317688836652	0.473648243082631	352
-0.0717777566350599	0.477074019570971	352
-0.0699474380288001	0.473890200865325	190
-0.0717777566350599	0.477074019570971	1088
-0.0710166103938501	0.478193832396807	1088
-0.0720448316892299	0.478570790474717	17
0.0189157039088199	2.26007007229984	113
0.0202248374284899	1.80850160234016	2058
0.11504615342855	2.06061312133728	2058
0.06022937171558	2.11611263654041	2058
-0.04139832666168	1.37647238266168	515
-0.07280539644993	0.477448564652232	139
-0.0720448316892299	0.478570790474717	139
-0.0720448316892299	0.478570790474717	139
-0.11384028441925	1.07084756345947	31
0.116962608692	1.10519566029411	4
-0.11921085341362	1.04474875928814	474
0.11156079179612	1.12120369267417	474
-0.06891673227405	0.478167346987275	462
-0.05327964510102	0.91099682350394	140
-0.0742052468557199	0.469453428525921	135
-0.0770658266540301	0.472946291653134	284
-0.0738325704557401	0.471762089576048	56
-0.05714006279032	0.905086842963566	186
-0.06891673227405	0.478167346987275	186
-0.07280539644993	0.477448564652232	8
-0.0720448316892299	0.478570790474717	74
-0.07280539644993	0.477448564652232	74
-0.0720448316892299	0.478570790474717	74
-0.0699879229667999	0.472328161227103	74
-0.0717777566350599	0.477074019570971	2238
-0.06891673227405	0.478167346987275	569
-0.0717777566350599	0.477074019570971	569
-0.07280539644993	0.477448564652232	12
-0.0720448316892299	0.478570790474717	114
-0.0738325704557401	0.471762089576048	190
-0.07501477661502	0.466870648976945	1088
-0.07280539644993	0.477448564652232	1112
-0.0720448316892299	0.478570790474717	1112
-0.0720448316892299	0.478570790474717	73
-0.0710166103938501	0.478193832396807	17
-0.01639908874864	1.93201069648589	2058
-0.07223599114595	1.60128915903963	2058
-0.11297637979416	1.06502320237832	515
0.0499272437457801	0.785062078842457	139
0.0541478364472301	0.79255832938947	139
-0.0699474380288001	0.473890200865325	139
-0.0691850616331	0.474993175817053	31
0.1147297645774	1.13300570987089	31
-0.10851555209214	1.06296148872601	218
-0.10349419621047	1.69132005260485	218
-0.10755554937495	1.06548355206232	31
0.11109336326129	2.07415158683593	4
0.10126537575925	1.10687848523425	474
-0.05782116202135	0.89884378472194	31
-0.05185448000311	0.910021425154128	112
-0.0707496515431201	0.471239687923602	1219
-0.06891673227405	0.478167346987275	284
-0.0699474380288001	0.473890200865325	1695
-0.0691850616331	0.474993175817053	56
-0.06891673227405	0.478167346987275	74
-0.0699879229667999	0.472328161227103	74
-0.07280539644993	0.477448564652232	1394
-0.0699474380288001	0.473890200865325	486
0.0612411683214	0.760059044432667	473
-0.0652751037252599	0.470301214618162	473
-0.0699474380288001	0.473890200865325	569
-0.0678855588124401	0.474033268230349	569
-0.0678855588124401	0.474033268230349	368
-0.0770658266540301	0.472946291653134	447
-0.0717777566350599	0.477074019570971	352
-0.07317688836652	0.473648243082631	352
-0.07280539644993	0.477448564652232	114
-0.0699879229667999	0.472328161227103	1088
-0.0699474380288001	0.473890200865325	1088
-0.0770658266540301	0.472946291653134	1112
0.0260561527832299	1.84479653218969	17
0.02489710700602	1.83417856432084	17
-0.0710166103938501	0.478193832396807	918
-0.06891673227405	0.478167346987275	396
-0.0284590761921399	1.45405880582384	515
0.0683989679291399	1.66978459740829	515
-0.11169477813521	1.87956988269385	67
-0.0710166103938501	0.478193832396807	199
-0.05362198903316	0.912150936562615	139
-0.06891673227405	0.478167346987275	193
-0.0999198309539899	1.71492623912796	218
0.0670372640405199	1.63429581167663	218
0.11524536509154	1.11663139462082	31
-0.05836541677124	0.897583415485501	474
-0.11345640901587	1.05040036017731	474
-0.06603988765179	0.469223739016395	462
-0.0720448316892299	0.478570790474717	112
0.0587433595831299	0.771678233328882	140
0.06281777658614	0.77155062890176	135
-0.0710166103938501	0.478193832396807	284
-0.0710166103938501	0.478193832396807	74
-0.0699879229667999	0.472328161227103	74
-0.0710166103938501	0.478193832396807	1394
-0.0710166103938501	0.478193832396807	1394
-0.0760405310832699	0.472583961120929	486
-0.07280539644993	0.477448564652232	486
-0.0738325704557401	0.471762089576048	7
-0.0717777566350599	0.477074019570971	42
-0.0720448316892299	0.478570790474717	569
-0.07280539644993	0.477448564652232	447
-0.0738325704557401	0.471762089576048	447
-0.0730725863230399	0.472854481440801	447
-0.0699879229667999	0.472328161227103	114
-0.0691850616331	0.474993175817053	114
0.0491566799541401	0.775770930689392	17
-0.0710166103938501	0.478193832396807	17
-0.12057530609592	1.04810700263471	2058
0.0706882331646901	1.68424826015177	285
-0.0384345596345399	1.45350174482078	515
-0.0726406627801399	1.59945406679099	67
-0.1146997991692	1.04784642562442	199
0.04851075015852	0.775082213195586	139
-0.07526995899015	1.60662875171429	218
0.07467008994233	1.69968767997177	218
-0.11164062541972	1.05853021149368	218
-0.0691850616331	0.474993175817053	31
-0.11723849859455	1.88028740298901	218
0.0172706381638601	1.28966551684397	218
0.04745738219378	0.760252513955755	4
0.10605689992627	1.09931070309845	4
-0.05382118969418	0.896765946033174	474
0.05479791616394	0.782861546376213	462
-0.120170313937	1.04618047589492	698
0.0501804258727001	0.774176324231999	140
-0.05052563133639	0.893146884690206	284
-0.0710166103938501	0.478193832396807	74
-0.0717777566350599	0.477074019570971	74
-0.0710166103938501	0.478193832396807	74
-0.0738325704557401	0.471762089576048	486
-0.0730725863230399	0.472854481440801	473
-0.07280539644993	0.477448564652232	473
-0.0710166103938501	0.478193832396807	60
-0.07280539644993	0.477448564652232	368
-0.0730725863230399	0.472854481440801	368
-0.07280539644993	0.477448564652232	12
-0.0717777566350599	0.477074019570971	12
-0.06891673227405	0.478167346987275	352
-0.0717777566350599	0.477074019570971	114
-0.06712201309321	0.475136223572177	190
-0.0770658266540301	0.472946291653134	1585
-0.0720448316892299	0.478570790474717	90
-0.07809066276743	0.467369829987504	421
-0.0717777566350599	0.477074019570971	17
-0.11735718310074	1.05044732263823	113
-0.06891673227405	0.478167346987275	285
-0.0717777566350599	0.477074019570971	2058
0.11459366068847	1.11532877460534	2058
0.0572272994035301	0.76610736129693	285
-0.0250969466425099	1.46176813089778	515
-0.0717777566350599	0.477074019570971	199
-0.113759617727	1.05056822719944	199
-0.02806667496477	1.46046591699739	139
0.0139075948554499	1.78034402976463	31
0.0590964482916701	0.775729844473512	218
0.0523349170960601	0.780491055902145	31
-0.0652751037252599	0.470301214618162	474
-0.0720448316892299	0.478570790474717	274
0.0557024721889701	0.782855365464993	274
-0.0699474380288001	0.473890200865325	284
-0.06712201309321	0.475136223572177	1090
-0.0604510461165899	0.892005125985514	1090
-0.0770658266540301	0.472946291653134	8
-0.0710166103938501	0.478193832396807	74
-0.11206763144393	1.06877890620314	1394
-0.0710166103938501	0.478193832396807	569
-0.1175018124531	1.04921974479502	60
0.10593545605421	1.11308268825983	368
0.0499272437457801	0.785062078842457	12
-0.06891673227405	0.478167346987275	114
-0.0720448316892299	0.478570790474717	1112
-0.0770658266540301	0.472946291653134	1112
-0.06712201309321	0.475136223572177	396
-0.0529364368585401	0.894616845403179	2058
-0.0627280836158499	1.62017847293695	285
0.1207340497005	1.11004727723584	1867
-0.0607927327164499	0.884320469745859	218
-0.06712201309321	0.475136223572177	4
-0.0720448316892299	0.478570790474717	474
-0.0627615070583001	0.881694380364185	698
0.11332930573327	1.13135282105774	284
-0.05119277284716	0.903239516351666	74
-0.0720448316892299	0.478570790474717	74
-0.0717777566350599	0.477074019570971	7
-0.0717777566350599	0.477074019570971	473
0.0593870206300999	0.78344810605566	368
-0.0717777566350599	0.477074019570971	12
-0.0699474380288001	0.473890200865325	1921
-0.0678855588124401	0.474033268230349	90
-0.0681537716474701	0.479292741706694	17
-0.0770658266540301	0.472946291653134	17
0.0242598132777001	1.29295172940928	285
0.0499272437457801	0.785062078842457	515
0.05239096568043	0.775447909362186	218
0.056606241661	0.779912172364091	218
0.0460222374661601	0.771815254797831	4
-0.0707496515431201	0.471239687923602	474
-0.06891673227405	0.478167346987275	474
0.0226106437343501	1.27163316478474	698
-0.10313957222058	1.05599628671029	698
0.04822347814988	0.767098448060829	135
-0.07280539644993	0.477448564652232	56
-0.0717777566350599	0.477074019570971	186
-0.0720448316892299	0.478570790474717	8
0.0500895525974501	0.778774959831316	74
-0.0691850616331	0.474993175817053	486
-0.07280539644993	0.477448564652232	60
-0.0770658266540301	0.472946291653134	368
-0.06891673227405	0.478167346987275	368
-0.0717777566350599	0.477074019570971	368
-0.0678855588124401	0.474033268230349	12
-0.0691850616331	0.474993175817053	90
-0.0681537716474701	0.479292741706694	73
0.0192295623161001	1.82665075689992	285
0.06281777658614	0.77155062890176	218
-0.11429606667845	1.06576613605417	4
-0.11743908395017	1.06484566219605	4
0.10215039665655	1.10922811518406	4
0.10590167236585	1.11604232827607	140
0.0505808284801501	0.77555938050866	140
0.01633818185298	1.2681776619165	135
0.05440363611776	0.780361677510396	135
-0.0710166103938501	0.478193832396807	56
-0.07501477661502	0.466870648976945	74
0.0514862837782999	0.776653741316405	7
-0.05890688317319	0.902431779745543	7
-0.0563932691393201	0.887955911631287	7
0.0575172163434201	0.783229267431462	7
0.0501804258727001	0.774176324231999	7
-0.0717777566350599	0.477074019570971	486
-0.0699474380288001	0.473890200865325	473
-0.0770658266540301	0.472946291653134	60
0.0508334283573899	0.786182588324621	269
-0.0760405310832699	0.472583961120929	150
-0.0738325704557401	0.471762089576048	114
-0.07214806860361	0.469601658503721	1585
-0.0681537716474701	0.479292741706694	1921
-0.0710166103938501	0.478193832396807	1656
-0.05782116202135	0.89884378472194	285
-0.0316524896199399	1.87671687142953	2058
0.0168494618044699	1.83533624443207	285
-0.03696330734916	1.43559525606601	515
-0.0708217331009999	1.58979505253194	199
0.0510220935161501	0.778798937917858	139
0.05816203902384	0.773856683030631	139
0.06375212291528	0.765588533867306	139
0.01985515554608	1.29194217509662	474
0.0228929626824299	1.27100971981321	474
-0.07280539644993	0.477448564652232	135
0.0562491413466599	0.769246919573989	284
-0.07809066276743	0.467369829987504	8
-0.0710166103938501	0.478193832396807	617
-0.07280539644993	0.477448564652232	74
-0.0699474380288001	0.473890200865325	7
-0.07280539644993	0.477448564652232	7
-0.0717777566350599	0.477074019570971	60
-0.07280539644993	0.477448564652232	60
-0.0720448316892299	0.478570790474717	368
-0.0710166103938501	0.478193832396807	368
-0.0720448316892299	0.478570790474717	368
0.05440363611776	0.780361677510396	368
0.0590964482916701	0.775729844473512	269
-0.0717777566350599	0.477074019570971	269
-0.0738325704557401	0.471762089576048	269
-0.06891673227405	0.478167346987275	269
-0.0720448316892299	0.478570790474717	150
-0.06891673227405	0.478167346987275	352
-0.0730725863230399	0.472854481440801	1585
-0.0699879229667999	0.472328161227103	90
-0.0678855588124401	0.474033268230349	1656
-0.0681537716474701	0.479292741706694	90
0.0526434754852001	0.781039269293486	90
-0.0717777566350599	0.477074019570971	1509
-0.0709888066471101	1.61456196132413	285
0.0775356713676101	1.69763036055923	285
0.11277883851958	2.05694556039049	515
0.116962608692	1.10519566029411	515
0.0134797433707401	1.77456113433756	1869
-0.09878502919839	1.71931183019624	1867
-0.07280539644993	0.477448564652232	139
-0.0574806497426299	0.898690992261966	218
0.04757688619462	0.766421304884915	112
0.10538213807864	1.09788315325928	140
-0.0710166103938501	0.478193832396807	140
-0.0681537716474701	0.479292741706694	284
-0.0710166103938501	0.478193832396807	56
-0.0720448316892299	0.478570790474717	2360
-0.0678855588124401	0.474033268230349	74
-0.06891673227405	0.478167346987275	7
-0.0770658266540301	0.472946291653134	486
-0.0720448316892299	0.478570790474717	7
-0.06603988765179	0.469223739016395	368
-0.0710166103938501	0.478193832396807	368
-0.07280539644993	0.477448564652232	150
-0.0717777566350599	0.477074019570971	114
-0.0720448316892299	0.478570790474717	90
-0.06603988765179	0.469223739016395	90
-0.0738325704557401	0.471762089576048	1509
-0.11923586888964	1.05729433456047	396
0.0592780998840701	2.14350323642518	285
-0.06664849805274	1.61399283647559	285
0.0578079631572099	0.773305480893515	285
-0.0894084609241099	1.7392224163373	67
0.06392562962436	2.18032852276007	67
-0.0710166103938501	0.478193832396807	139
-0.0652751037252599	0.470301214618162	193
-0.0652751037252599	0.470301214618162	218
-0.0720448316892299	0.478570790474717	218
0.01363626559585	1.25737573275822	274
-0.0710166103938501	0.478193832396807	274
0.0575172163434201	0.783229267431462	274
0.05239096568043	0.775447909362186	112
-0.0652751037252599	0.470301214618162	38
-0.0699474380288001	0.473890200865325	38
-0.0710166103938501	0.478193832396807	7
-0.0738325704557401	0.471762089576048	1496
-0.0681537716474701	0.479292741706694	1496
-0.0717777566350599	0.477074019570971	7
-0.0760405310832699	0.472583961120929	74
-0.05138979471127	0.892615674789939	473
-0.0681537716474701	0.479292741706694	569
-0.0691850616331	0.474993175817053	150
-0.0717777566350599	0.477074019570971	90
-0.0678855588124401	0.474033268230349	1112
-0.0720448316892299	0.478570790474717	921
0.10392146568314	1.10711445174254	2058
0.04702937889889	2.488552233037	2058
-0.0720448316892299	0.478570790474717	285
-0.0770658266540301	0.472946291653134	1232
0.10954288735947	1.11441660122293	515
-0.0498559431680901	2.03478084823542	193
0.10466311900839	2.02937082510862	218
-0.09282895899858	1.7587248688223	218
0.0141074357817501	1.27569407637392	4
-0.0738325704557401	0.471762089576048	274
-0.07280539644993	0.477448564652232	698
-0.06500562329447	0.469713899049653	112
-0.04942604385891	0.90944503896517	140
-0.06712201309321	0.475136223572177	38
-0.0760405310832699	0.472583961120929	617
-0.0717777566350599	0.477074019570971	74
-0.0652751037252599	0.470301214618162	74
-0.0691850616331	0.474993175817053	74
-0.0678855588124401	0.474033268230349	74
-0.0720448316892299	0.478570790474717	74
-0.07501477661502	0.466870648976945	569
-0.07280539644993	0.477448564652232	1215
-0.06891673227405	0.478167346987275	165
-0.0699474380288001	0.473890200865325	165
-0.0681537716474701	0.479292741706694	269
-0.0720448316892299	0.478570790474717	211
-0.0681537716474701	0.479292741706694	133
-0.0699879229667999	0.472328161227103	90
-0.0691850616331	0.474993175817053	90
-0.0720448316892299	0.478570790474717	244
-0.0717777566350599	0.477074019570971	73
0.0590964482916701	0.775729844473512	2058
-0.11558617561792	1.05074498632805	199
-0.0717777566350599	0.477074019570971	139
0.05324176552158	0.789473162707191	139
-0.10912544103729	1.7138628523657	218
-0.11824181481053	1.04723656577531	218
0.11008129993293	1.11287037302031	31
0.05687223512352	0.771439580241442	274
-0.0691850616331	0.474993175817053	274
-0.0678855588124401	0.474033268230349	112
-0.0691850616331	0.474993175817053	56
-0.07280539644993	0.477448564652232	56
-0.07280539644993	0.477448564652232	2024
-0.0730725863230399	0.472854481440801	56
-0.0699879229667999	0.472328161227103	617
-0.07280539644993	0.477448564652232	617
-0.07280539644993	0.477448564652232	74
-0.07280539644993	0.477448564652232	2360
-0.06891673227405	0.478167346987275	74
0.0541478364472301	0.79255832938947	368
-0.0738325704557401	0.471762089576048	269
0.0466699065774101	0.772502733813019	1965
-0.0738325704557401	0.471762089576048	90
-0.0720448316892299	0.478570790474717	1380
-0.0710166103938501	0.478193832396807	49
-0.10887144984398	1.05516851464153	17
-0.0720448316892299	0.478570790474717	113
0.02493179503739	2.27798193960733	2058
-0.0385060666875701	1.44470063174563	515
0.10865785750227	1.11306274883859	67
-0.02256876153237	1.91040748443168	199
-0.06891673227405	0.478167346987275	139
0.02929604867359	1.82596926260063	218
-0.0781605034498001	1.55575220848556	218
-0.07280539644993	0.477448564652232	218
-0.0837800817751	1.55429665044935	31
0.0584522846205799	0.785152960886062	112
-0.0720448316892299	0.478570790474717	38
-0.0678855588124401	0.474033268230349	38
-0.07280539644993	0.477448564652232	8
-0.0730725863230399	0.472854481440801	74
-0.06891673227405	0.478167346987275	7
-0.0738325704557401	0.471762089576048	473
-0.0681537716474701	0.479292741706694	1215
-0.0720448316892299	0.478570790474717	269
0.0457640659241601	0.771410399129658	269
-0.0717777566350599	0.477074019570971	133
-0.0710166103938501	0.478193832396807	244
-0.06891673227405	0.478167346987275	49
-0.0730725863230399	0.472854481440801	285
0.0496746038970799	0.771811008207858	139
-0.0710166103938501	0.478193832396807	139
-0.0710166103938501	0.478193832396807	925
-0.0720448316892299	0.478570790474717	218
-0.11792035481483	1.06371525331464	218
0.0802281067457999	1.69459001551682	31
-0.07280539644993	0.477448564652232	140
-0.06891673227405	0.478167346987275	2360
-0.0720448316892299	0.478570790474717	74
-0.07280539644993	0.477448564652232	74
-0.0730725863230399	0.472854481440801	74
0.0557024721889701	0.782855365464993	74
-0.0717777566350599	0.477074019570971	74
0.0466699065774101	0.772502733813019	569
-0.07280539644993	0.477448564652232	165
-0.0720448316892299	0.478570790474717	165
-0.0710166103938501	0.478193832396807	269
-0.06712201309321	0.475136223572177	150
-0.0710166103938501	0.478193832396807	133
-0.0707496515431201	0.471239687923602	133
-0.06712201309321	0.475136223572177	133
-0.0681537716474701	0.479292741706694	1509
-0.0720448316892299	0.478570790474717	49
-0.05030937563599	0.907900097651934	17
0.0513103608057199	0.775222255169698	17
-0.07280539644993	0.477448564652232	396
0.0466699065774101	0.772502733813019	1232
0.01714448831868	1.25549841909354	515
-0.0720448316892299	0.478570790474717	218
-0.05185448000311	0.910021425154128	218
-0.00158887215334991	2.39149852060443	218
-0.0681537716474701	0.479292741706694	274
-0.0699474380288001	0.473890200865325	284
-0.07280539644993	0.477448564652232	284
-0.06926546790303	0.465378566229971	284
0.05259080843722	0.777380091161839	276
-0.0699474380288001	0.473890200865325	2360
-0.0710166103938501	0.478193832396807	74
0.05259080843722	0.777380091161839	74
0.0466699065774101	0.772502733813019	569
-0.0681537716474701	0.479292741706694	133
-0.07280539644993	0.477448564652232	211
-0.0720448316892299	0.478570790474717	90
-0.0720448316892299	0.478570790474717	2108
-0.0720448316892299	0.478570790474717	244
-0.07280539644993	0.477448564652232	17
0.0587433595831299	0.771678233328882	17
-0.0720448316892299	0.478570790474717	113
-0.0710166103938501	0.478193832396807	285
0.0896823699299001	2.44526940526498	515
0.10917596688031	1.13177488413413	199
0.0481125729771801	0.771761590408387	2428
-0.06712201309321	0.475136223572177	1004
-0.05505837898128	0.88769271826751	218
0.0541478364472301	0.79255832938947	218
-0.0476595825056001	0.904010444712752	31
0.0469554682703801	0.770648218228337	140
0.0519919355567899	0.76925475596425	140
-0.0699879229667999	0.472328161227103	140
-0.0720448316892299	0.478570790474717	74
0.0508334283573899	0.786182588324621	74
-0.0707496515431201	0.471239687923602	569
-0.0710166103938501	0.478193832396807	569
-0.0699879229667999	0.472328161227103	150
-0.0678855588124401	0.474033268230349	90
-0.0710166103938501	0.478193832396807	90
-0.0738325704557401	0.471762089576048	2108
0.08737192604854	2.38587765090931	396
-0.11702070568842	1.06388322664582	285
-0.10527860465688	1.7391751942604	515
0.0457640659241601	0.771410399129658	139
0.0590964482916701	0.775729844473512	139
0.06281777658614	0.77155062890176	139
0.0590964482916701	0.775729844473512	218
0.07686447864095	1.69879834804718	31
-0.05450583170553	0.909610308903803	4
-0.11520895855729	1.06325941482153	31
-0.10086764598787	1.69843699646984	274
-0.0681537716474701	0.479292741706694	274
-0.0717777566350599	0.477074019570971	274
-0.0543644350400501	0.868921413111517	140
-0.07280539644993	0.477448564652232	203
-0.0707496515431201	0.471239687923602	38
-0.07280539644993	0.477448564652232	74
-0.07317688836652	0.473648243082631	74
0.0550531257249101	0.792542427995745	74
0.05239096568043	0.775447909362186	569
-0.0717777566350599	0.477074019570971	569
-0.0738325704557401	0.471762089576048	1215
-0.06891673227405	0.478167346987275	60
-0.0770658266540301	0.472946291653134	987
-0.06891673227405	0.478167346987275	133
-0.0691850616331	0.474993175817053	133
-0.0710166103938501	0.478193832396807	133
-0.07809066276743	0.467369829987504	133
-0.0720448316892299	0.478570790474717	1693
0.05507665518961	2.15957067534172	17
-0.0720448316892299	0.478570790474717	17
-0.06891673227405	0.478167346987275	17
-0.0745996440382799	1.55878241812532	2058
-0.06891673227405	0.478167346987275	515
-0.07280539644993	0.477448564652232	193
0.10541865256496	1.12484980229209	484
0.11658590876376	1.08836192976863	4
-0.11429606667845	1.06576613605417	274
-0.0652751037252599	0.470301214618162	274
-0.0720448316892299	0.478570790474717	274
-0.0720448316892299	0.478570790474717	274
-0.04888650320908	0.897232126223851	140
-0.0691850616331	0.474993175817053	135
-0.0678855588124401	0.474033268230349	56
-0.07280539644993	0.477448564652232	2073
-0.06603988765179	0.469223739016395	2141
-0.0720448316892299	0.478570790474717	74
-0.0720448316892299	0.478570790474717	74
-0.06712201309321	0.475136223572177	74
-0.07280539644993	0.477448564652232	74
-0.0770658266540301	0.472946291653134	74
-0.0720448316892299	0.478570790474717	1215
-0.0710166103938501	0.478193832396807	987
-0.0710166103938501	0.478193832396807	150
-0.0770658266540301	0.472946291653134	133
-0.06891673227405	0.478167346987275	133
-0.12058057930084	1.02294210248138	285
0.0510865687348601	0.772983662632903	1094
-0.0720448316892299	0.478570790474717	515
-0.04234444333999	1.43279013285083	515
0.0575397755193701	0.771653479704986	285
0.11259471195434	1.10667875491339	199
-0.07280539644993	0.477448564652232	925
-0.06891673227405	0.478167346987275	2428
-0.06891673227405	0.478167346987275	1004
0.1178989962024	1.09346315990665	218
-0.0378452840469601	1.46017317755937	31
-0.0657132863336301	1.61226954975054	31
-0.0585829186278399	0.875915465670488	31
-0.06891673227405	0.478167346987275	203
-0.0707496515431201	0.471239687923602	56
-0.0717777566350599	0.477074019570971	56
-0.06712201309321	0.475136223572177	38
-0.06891673227405	0.478167346987275	38
-0.0699474380288001	0.473890200865325	38
-0.0760405310832699	0.472583961120929	1907
-0.06891673227405	0.478167346987275	1986
-0.0738325704557401	0.471762089576048	74
-0.0720448316892299	0.478570790474717	74
-0.0720448316892299	0.478570790474717	74
-0.0720448316892299	0.478570790474717	74
0.0584522846205799	0.785152960886062	569
-0.0707496515431201	0.471239687923602	1215
-0.07501477661502	0.466870648976945	60
-0.0681537716474701	0.479292741706694	368
-0.0717777566350599	0.477074019570971	165
-0.0742052468557199	0.469453428525921	987
0.0541478364472301	0.79255832938947	133
-0.07280539644993	0.477448564652232	90
-0.07280539644993	0.477448564652232	90
0.0510220935161501	0.778798937917858	2108
-0.0770658266540301	0.472946291653134	2108
-0.0720448316892299	0.478570790474717	1793
-0.0585638737507099	0.89457651620543	17
-0.07280539644993	0.477448564652232	921
-0.07280539644993	0.477448564652232	113
-0.0691850616331	0.474993175817053	2058
0.10126537575925	1.10687848523425	285
0.0557024721889701	0.782855365464993	139
-0.06891673227405	0.478167346987275	925
-0.0394076586629799	1.45651809334001	193
-0.1071092260774	1.06271741759088	22
0.05479791616394	0.782861546376213	218
0.10630385831916	1.12623748630873	218
-0.07280539644993	0.477448564652232	218
-0.07214806860361	0.469601658503721	218
-0.11424263104536	1.06581524493349	31
-0.11118043806395	1.06400965394077	274
-0.0707496515431201	0.471239687923602	274
0.0499272437457801	0.785062078842457	274
-0.0560527018019099	0.899076046888398	140
-0.07280539644993	0.477448564652232	56
-0.07214806860361	0.469601658503721	38
0.0499272437457801	0.785062078842457	74
-0.0710166103938501	0.478193832396807	74
0.0523349170960601	0.780491055902145	74
-0.0730725863230399	0.472854481440801	74
-0.0699879229667999	0.472328161227103	569
-0.07280539644993	0.477448564652232	569
-0.0730725863230399	0.472854481440801	1215
-0.06891673227405	0.478167346987275	165
0.04944428562493	0.778083033060752	987
-0.0760405310832699	0.472583961120929	133
-0.0691850616331	0.474993175817053	90
-0.0738325704557401	0.471762089576048	844
-0.07280539644993	0.477448564652232	2108
-0.0720448316892299	0.478570790474717	1693
-0.10537396133694	1.06084858688687	396
-0.12350481664828	1.86489106350132	2058
0.0256684128781901	1.27631631905489	2058
0.0510865687348601	0.772983662632903	94
-0.0717777566350599	0.477074019570971	94
-0.0710166103938501	0.478193832396807	139
-0.07809066276743	0.467369829987504	139
-0.0708718885386099	1.59712398380106	218
-0.0539421041225101	0.878128441925262	4
-0.0678855588124401	0.474033268230349	274
0.0508334283573899	0.786182588324621	274
-0.1129542467912	1.0709808681734	274
-0.0717777566350599	0.477074019570971	112
0.05440363611776	0.780361677510396	112
-0.0678855588124401	0.474033268230349	135
-0.0770658266540301	0.472946291653134	96
-0.06603988765179	0.469223739016395	74
-0.0707496515431201	0.471239687923602	74
-0.0720448316892299	0.478570790474717	74
-0.0717777566350599	0.477074019570971	1215
-0.0770658266540301	0.472946291653134	1215
-0.0707496515431201	0.471239687923602	165
-0.05185448000311	0.910021425154128	987
-0.07280539644993	0.477448564652232	1788
-0.0717777566350599	0.477074019570971	2108
-0.0717777566350599	0.477074019570971	1112
-0.0717777566350599	0.477074019570971	396
0.12123403739031	2.03103885819901	17
-0.10877546551312	1.70608671192759	285
-0.06891673227405	0.478167346987275	2058
-0.0717777566350599	0.477074019570971	94
0.04851075015852	0.775082213195586	139
-0.0742052468557199	0.469453428525921	139
-0.0707496515431201	0.471239687923602	139
-0.06603988765179	0.469223739016395	139
-0.0707496515431201	0.471239687923602	484
-0.11561062778004	1.06329772875786	218
-0.0717777566350599	0.477074019570971	274
-0.0707496515431201	0.471239687923602	744
-0.0717777566350599	0.477074019570971	112
-0.0710166103938501	0.478193832396807	112
-0.0710166103938501	0.478193832396807	135
-0.07317688836652	0.473648243082631	38
-0.0738325704557401	0.471762089576048	38
-0.0770658266540301	0.472946291653134	74
0.06032142178957	0.776009176330242	74
-0.0738325704557401	0.471762089576048	74
-0.0717777566350599	0.477074019570971	74
0.05694034736786	0.752204190972238	569
-0.0691850616331	0.474993175817053	60
-0.0730725863230399	0.472854481440801	60
-0.0720448316892299	0.478570790474717	844
0.10859076469184	1.10936377332918	94
-0.05219686831619	0.899923519313658	285
0.05479791616394	0.782861546376213	484
-0.11212040455669	1.04414824969124	31
-0.0678855588124401	0.474033268230349	744
0.0578079631572099	0.773305480893515	274
-0.0717777566350599	0.477074019570971	112
-0.0710166103938501	0.478193832396807	140
-0.0699879229667999	0.472328161227103	56
-0.07280539644993	0.477448564652232	38
0.0510220935161501	0.778798937917858	74
-0.0770658266540301	0.472946291653134	74
0.0496746038970799	0.771811008207858	74
-0.06712201309321	0.475136223572177	74
-0.0681537716474701	0.479292741706694	569
0.05596010072993	0.789495909237653	987
-0.0681537716474701	0.479292741706694	133
-0.0717777566350599	0.477074019570971	133
-0.0720448316892299	0.478570790474717	2108
-0.0710166103938501	0.478193832396807	2108
-0.10485539578188	1.04172401864973	17
-0.0699474380288001	0.473890200865325	113
0.0185022779815001	1.81584120622635	285
-0.04544826236012	2.07586379844193	451
0.11347793154629	1.11341005732071	1869
-0.06891673227405	0.478167346987275	573
-0.0586835707842699	0.883591288739718	218
-0.03138843152376	1.45130588000541	218
0.0207540543716001	1.29202100680109	484
-0.0378452840469601	1.46017317755937	484
-0.0760405310832699	0.472583961120929	135
-0.0678855588124401	0.474033268230349	964
-0.0652751037252599	0.470301214618162	38
-0.0652751037252599	0.470301214618162	74
-0.0691850616331	0.474993175817053	74
-0.06891673227405	0.478167346987275	74
-0.0710166103938501	0.478193832396807	569
-0.07280539644993	0.477448564652232	569
-0.0742052468557199	0.469453428525921	987
-0.06891673227405	0.478167346987275	987
-0.0720448316892299	0.478570790474717	90
-0.0738325704557401	0.471762089576048	2058
0.10997316535435	2.04218993071266	515
-0.05348628724127	0.891041569834478	573
-0.0681537716474701	0.479292741706694	139
-0.0565959335432	0.897819638951261	139
0.05596010072993	0.789495909237653	22
-0.042096820889	1.4265723642808	193
0.0596784218197699	0.764527982514553	484
0.0584522846205799	0.785152960886062	31
-0.0720448316892299	0.478570790474717	274
-0.06603988765179	0.469223739016395	274
0.11021186964957	1.11686569270552	112
0.0510865687348601	0.772983662632903	106
-0.0738325704557401	0.471762089576048	964
-0.0678855588124401	0.474033268230349	964
-0.07280539644993	0.477448564652232	964
-0.07809066276743	0.467369829987504	38
-0.06891673227405	0.478167346987275	38
-0.0707496515431201	0.471239687923602	647
0.0550531257249101	0.792542427995745	647
-0.0691850616331	0.474993175817053	38
-0.0770658266540301	0.472946291653134	74
-0.0681537716474701	0.479292741706694	74
0.04511289303059	0.770721136679104	74
0.0541478364472301	0.79255832938947	569
-0.06712201309321	0.475136223572177	133
-0.0720448316892299	0.478570790474717	244
-0.0720448316892299	0.478570790474717	1112
-0.0710166103938501	0.478193832396807	396
-0.10983232271809	1.07306394539463	1869
-0.0717777566350599	0.477074019570971	573
-0.0699879229667999	0.472328161227103	573
-0.0691850616331	0.474993175817053	573
-0.07280539644993	0.477448564652232	925
-0.0691850616331	0.474993175817053	193
0.0334973678414501	1.81394603004904	484
0.10956637967944	1.12457939314553	31
-0.0550482985028	0.908328416896414	274
-0.07280539644993	0.477448564652232	744
0.11156079179612	1.12120369267417	140
-0.0717777566350599	0.477074019570971	964
-0.0699879229667999	0.472328161227103	38
0.11230955166996	1.10176938723234	74
-0.0720448316892299	0.478570790474717	74
-0.0760405310832699	0.472583961120929	569
-0.0738325704557401	0.471762089576048	569
-0.0738325704557401	0.471762089576048	60
-0.07280539644993	0.477448564652232	84
-0.0720448316892299	0.478570790474717	133
0.05259080843722	0.777380091161839	133
-0.0699879229667999	0.472328161227103	844
-0.0691850616331	0.474993175817053	844
-0.0760405310832699	0.472583961120929	844
-0.0699879229667999	0.472328161227103	959
-0.0710166103938501	0.478193832396807	17
-0.11746986261328	1.02998636883778	876
-0.05173344556674	0.901985120064495	876
0.0143510839540599	1.78143259194176	2058
-0.00528776582051993	1.95419303604473	285
-0.0499656868804901	0.908177971331969	515
-0.0529364368585401	0.894616845403179	515
0.05440363611776	0.780361677510396	515
-0.00965967030468007	1.9550902322021	451
-0.0717777566350599	0.477074019570971	193
-0.0720448316892299	0.478570790474717	193
0.0203003955858101	1.82342024188941	22
-0.02801911834111	1.46413033842473	218
-0.0770658266540301	0.472946291653134	135
-0.06891673227405	0.478167346987275	135
-0.0738325704557401	0.471762089576048	56
-0.0717777566350599	0.477074019570971	38
-0.0613425135613499	0.460406177226235	38
-0.06891673227405	0.478167346987275	56
0.0578079631572099	0.773305480893515	569
-0.0720448316892299	0.478570790474717	60
-0.0710166103938501	0.478193832396807	165
-0.0699474380288001	0.473890200865325	987
-0.07280539644993	0.477448564652232	987
-0.0717777566350599	0.477074019570971	987
-0.06603988765179	0.469223739016395	133
-0.0707496515431201	0.471239687923602	90
-0.0760405310832699	0.472583961120929	73
0.0526434754852001	0.781039269293486	876
-0.05890977837066	0.883769361024557	909
-0.0730725863230399	0.472854481440801	451
-0.10984033645835	1.06198096921949	451
-0.0710166103938501	0.478193832396807	139
-0.0691850616331	0.474993175817053	925
0.04511289303059	0.770721136679104	193
-0.0529487123119301	0.901240116905507	218
-0.0707496515431201	0.471239687923602	274
-0.0710166103938501	0.478193832396807	274
-0.07214806860361	0.469601658503721	135
-0.0699879229667999	0.472328161227103	56
-0.0710166103938501	0.478193832396807	56
-0.0717777566350599	0.477074019570971	74
-0.0681537716474701	0.479292741706694	7
-0.06926546790303	0.465378566229971	569
-0.0678855588124401	0.474033268230349	165
-0.0691850616331	0.474993175817053	165
-0.0691850616331	0.474993175817053	165
0.0587433595831299	0.771678233328882	987
-0.0681537716474701	0.479292741706694	133
-0.0730725863230399	0.472854481440801	133
-0.0699474380288001	0.473890200865325	90
-0.0652751037252599	0.470301214618162	90
-0.0738325704557401	0.471762089576048	49
-0.07280539644993	0.477448564652232	396
0.10553714619583	1.11520532991291	396
-0.10363164959304	1.71917728621884	451
-0.05571745554299	0.894134280547685	573
-0.0760405310832699	0.472583961120929	139
-0.0681537716474701	0.479292741706694	925
0.10653029292255	2.02844458084298	4
-0.0425380000405	1.42527259919717	31
-0.0710166103938501	0.478193832396807	274
-0.0720448316892299	0.478570790474717	274
-0.05693690627147	0.899952167138894	112
-0.11384028441925	1.07084756345947	140
-0.07280539644993	0.477448564652232	964
-0.0738325704557401	0.471762089576048	106
-0.0707496515431201	0.471239687923602	38
0.11146262737409	1.13346570135336	74
0.10682022262712	1.11444507093232	74
-0.12323521378374	1.03816908697417	74
-0.0720448316892299	0.478570790474717	60
-0.0691850616331	0.474993175817053	74
0.0491566799541401	0.775770930689392	74
-0.0681537716474701	0.479292741706694	60
-0.0720448316892299	0.478570790474717	133
-0.0730725863230399	0.472854481440801	133
-0.07280539644993	0.477448564652232	90
0.0501804258727001	0.774176324231999	925
-0.0691850616331	0.474993175817053	22
-0.07280539644993	0.477448564652232	274
-0.07809066276743	0.467369829987504	274
-0.11968750305077	1.04728163096161	140
-0.0717777566350599	0.477074019570971	1904
-0.0699474380288001	0.473890200865325	38
-0.07280539644993	0.477448564652232	56
-0.0710166103938501	0.478193832396807	74
-0.0720448316892299	0.478570790474717	165
0.056606241661	0.779912172364091	987
-0.0710166103938501	0.478193832396807	133
0.0550531257249101	0.792542427995745	90
-0.0681537716474701	0.479292741706694	1693
-0.0699474380288001	0.473890200865325	49
-0.05944783356795	0.892119095201941	396
0.0534976127295399	0.780362467629578	113
-0.0720448316892299	0.478570790474717	285
-0.0699879229667999	0.472328161227103	1305
-0.0717777566350599	0.477074019570971	22
-0.12430773767793	1.86271293660443	22
-0.10896643545354	1.05338608798511	4
-0.10803549558517	1.06801871741164	4
0.1225035900593	1.1062275514225	274
0.11519809922628	2.07216617398496	274
-0.0730725863230399	0.472854481440801	274
-0.0691850616331	0.474993175817053	274
-0.0710166103938501	0.478193832396807	112
-0.0720448316892299	0.478570790474717	56
-0.07809066276743	0.467369829987504	1697
-0.07501477661502	0.466870648976945	2233
-0.0730725863230399	0.472854481440801	74
-0.0547060013588201	0.89662201260864	60
-0.07280539644993	0.477448564652232	60
-0.0720448316892299	0.478570790474717	616
-0.0717777566350599	0.477074019570971	74
0.05593617805507	0.763735038767944	60
0.0514862837782999	0.776653741316405	899
-0.0720448316892299	0.478570790474717	2304
0.0550531257249101	0.792542427995745	60
0.05173884031121	0.784928292248589	987
-0.06891673227405	0.478167346987275	133
-0.07280539644993	0.477448564652232	133
-0.07280539644993	0.477448564652232	133
-0.0730725863230399	0.472854481440801	90
-0.06891673227405	0.478167346987275	225
0.02077353158938	1.29587945269586	626
-0.0691850616331	0.474993175817053	285
-0.11024899915544	1.06901855725387	94
-0.11702070568842	1.06388322664582	515
-0.03896639889639	1.43560440082674	515
-0.0681537716474701	0.479292741706694	925
-0.0738325704557401	0.471762089576048	318
0.0496746038970799	0.771811008207858	1004
-0.0631026820943901	0.888554431570822	1004
0.10377026788074	1.10204913907589	22
-0.0359900855322599	1.46926146809071	484
0.0704325165691799	1.70218643088501	4
0.10969397091784	1.13333925128269	4
0.05324176552158	0.789473162707191	4
-0.07472698898829	1.60618729406613	274
-0.0681537716474701	0.479292741706694	274
0.05687223512352	0.771439580241442	274
-0.0760405310832699	0.472583961120929	135
-0.0699879229667999	0.472328161227103	356
-0.0720448316892299	0.478570790474717	56
-0.0717777566350599	0.477074019570971	1904
-0.0730725863230399	0.472854481440801	74
0.10956637967944	1.12457939314553	7
-0.07280539644993	0.477448564652232	1566
0.05239096568043	0.775447909362186	327
-0.0717777566350599	0.477074019570971	987
-0.0738325704557401	0.471762089576048	133
-0.0710166103938501	0.478193832396807	1924
-0.05273820465056	0.912281557043227	2058
0.11570822361269	1.11563553359313	94
0.05479791616394	0.782861546376213	139
-0.07280539644993	0.477448564652232	925
-0.0742052468557199	0.469453428525921	22
0.0251572834969001	1.29006373217634	4
0.0508334283573899	0.786182588324621	274
-0.05151122883273	0.903643033176106	112
-0.0678855588124401	0.474033268230349	112
-0.0730725863230399	0.472854481440801	112
-0.0738325704557401	0.471762089576048	135
-0.0717777566350599	0.477074019570971	964
-0.0707496515431201	0.471239687923602	356
0.05596010072993	0.789495909237653	74
-0.1129542467912	1.0709808681734	74
-0.0720448316892299	0.478570790474717	232
-0.06891673227405	0.478167346987275	74
-0.0469992100836101	0.896324802968931	74
-0.0681537716474701	0.479292741706694	74
-0.05979038572935	0.897030328965715	569
0.0508334283573899	0.786182588324621	327
-0.0720448316892299	0.478570790474717	60
-0.0730725863230399	0.472854481440801	609
-0.0720448316892299	0.478570790474717	987
-0.0717777566350599	0.477074019570971	987
-0.0720448316892299	0.478570790474717	90
-0.0717777566350599	0.477074019570971	844
-0.0699474380288001	0.473890200865325	90
-0.0717777566350599	0.477074019570971	396
0.0496746038970799	0.771811008207858	285
0.0554285421738301	2.1237233500607	94
-0.06221874894826	0.891755340993512	515
0.0538925777473001	0.779864833648603	285
0.05596010072993	0.789495909237653	274
-0.10887144984398	1.05516851464153	140
-0.0717777566350599	0.477074019570971	135
-0.05382118969418	0.896765946033174	964
-0.07809066276743	0.467369829987504	74
-0.0730725863230399	0.472854481440801	2299
-0.07280539644993	0.477448564652232	2304
-0.0707496515431201	0.471239687923602	84
-0.0720448316892299	0.478570790474717	844
-0.0699474380288001	0.473890200865325	1129
-0.0691850616331	0.474993175817053	366
-0.07280539644993	0.477448564652232	366
-0.0681537716474701	0.479292741706694	396
0.0207657560679	1.24871814026172	515
-0.11297637979416	1.06502320237832	515
-0.0681537716474701	0.479292741706694	1305
-0.0760405310832699	0.472583961120929	1305
0.06375212291528	0.765588533867306	22
0.10932848146976	1.1127705454267	22
-0.0720448316892299	0.478570790474717	1004
-0.0717777566350599	0.477074019570971	1004
-0.06891673227405	0.478167346987275	274
-0.06891673227405	0.478167346987275	112
0.10026073506014	1.087463402653	112
-0.07280539644993	0.477448564652232	689
-0.0730725863230399	0.472854481440801	689
-0.0652751037252599	0.470301214618162	689
-0.07280539644993	0.477448564652232	689
-0.0742052468557199	0.469453428525921	964
-0.0627615070583001	0.881694380364185	74
0.05173884031121	0.784928292248589	74
-0.0699879229667999	0.472328161227103	74
-0.0710166103938501	0.478193832396807	74
-0.0730725863230399	0.472854481440801	74
-0.06891673227405	0.478167346987275	569
-0.0730725863230399	0.472854481440801	1640
-0.0720448316892299	0.478570790474717	1640
0.0499272437457801	0.785062078842457	2299
-0.0707496515431201	0.471239687923602	609
-0.07280539644993	0.477448564652232	987
-0.0681537716474701	0.479292741706694	84
-0.07214806860361	0.469601658503721	90
-0.0770658266540301	0.472946291653134	90
-0.0717777566350599	0.477074019570971	765
-0.11031956208417	1.04751954799913	94
-0.0726406627801399	1.59945406679099	285
0.0510865687348601	0.772983662632903	1305
-0.05767997602275	0.894723988666176	1305
-0.0717777566350599	0.477074019570971	925
0.0726121609342001	1.65873596150492	22
0.0541478364472301	0.79255832938947	218
0.11131396034253	1.10934481540494	274
-0.0691850616331	0.474993175817053	159
-0.0730725863230399	0.472854481440801	964
-0.0681537716474701	0.479292741706694	356
0.0505808284801501	0.77555938050866	356
0.0541478364472301	0.79255832938947	1904
-0.12009074979542	1.031163265807	56
-0.07280539644993	0.477448564652232	74
-0.0699474380288001	0.473890200865325	74
-0.0720448316892299	0.478570790474717	2177
-0.0710166103938501	0.478193832396807	569
-0.0720448316892299	0.478570790474717	84
0.05173884031121	0.784928292248589	133
-0.0710166103938501	0.478193832396807	765
-0.0691850616331	0.474993175817053	17
-0.0760405310832699	0.472583961120929	1931
-0.06891673227405	0.478167346987275	1931
-0.06221874894826	0.891755340993512	285
0.0911910514327099	2.49354919508444	285
0.0483658284992801	0.769354800829021	451
-0.05745508387403	1.56646548600051	1869
-0.00746129381826011	1.95277940100464	22
0.0516832273877501	0.768721890850317	22
-0.1093518309419	1.07048994939256	218
-0.07809066276743	0.467369829987504	4
-0.07280539644993	0.477448564652232	4
-0.06712201309321	0.475136223572177	74
-0.0717777566350599	0.477074019570971	74
-0.0710166103938501	0.478193832396807	60
0.0584522846205799	0.785152960886062	327
-0.0699879229667999	0.472328161227103	90
-0.05327964510102	0.91099682350394	90
-0.07317688836652	0.473648243082631	225
-0.0760405310832699	0.472583961120929	225
-0.0710166103938501	0.478193832396807	693
-0.0678855588124401	0.474033268230349	921
-0.0707496515431201	0.471239687923602	97
-0.11338742785236	1.04424449939516	1898
0.0229012072125301	1.28784655320414	285
0.05324176552158	0.789473162707191	94
-0.10980440390432	1.05349993662773	451
-0.05362198903316	0.912150936562615	318
-0.08471974737206	1.55201958800172	22
0.0541478364472301	0.79255832938947	218
0.05173884031121	0.784928292248589	4
0.10364925277358	1.1129413288089	274
-0.0720448316892299	0.478570790474717	356
0.05324176552158	0.789473162707191	356
0.0514862837782999	0.776653741316405	356
0.05479791616394	0.782861546376213	56
-0.0720448316892299	0.478570790474717	56
0.0541478364472301	0.79255832938947	1625
-0.10717148827532	1.06341914453156	74
-0.0699879229667999	0.472328161227103	60
0.056606241661	0.779912172364091	987
-0.0717777566350599	0.477074019570971	987
-0.0720448316892299	0.478570790474717	693
-0.0287009403471099	1.87513323352813	396
-0.0678855588124401	0.474033268230349	921
-0.0643142681934099	1.6148409168716	285
-0.0574831122624	0.89614252874237	451
-0.05308013978115	0.899784327074712	1869
-0.0710166103938501	0.478193832396807	318
-0.06712201309321	0.475136223572177	22
-0.06221874894826	0.891755340993512	22
-0.0564757954015001	0.888904328894296	4
-0.03543560633066	1.41637209846191	274
0.11747697996044	1.1233986976796	274
-0.11824181481053	1.04723656577531	112
-0.05471444322611	0.900864796591822	689
-0.0720448316892299	0.478570790474717	1086
-0.0678855588124401	0.474033268230349	1086
-0.0710166103938501	0.478193832396807	1086
-0.0738325704557401	0.471762089576048	356
-0.0681537716474701	0.479292741706694	356
-0.0760405310832699	0.472583961120929	56
0.0466699065774101	0.772502733813019	56
-0.06167609567665	0.883235293855931	74
0.0198775845080801	1.29452339506382	74
0.0587433595831299	0.771678233328882	74
-0.07280539644993	0.477448564652232	74
-0.0710166103938501	0.478193832396807	1211
-0.07280539644993	0.477448564652232	569
0.05173884031121	0.784928292248589	60
0.0501804258727001	0.774176324231999	90
-0.0699879229667999	0.472328161227103	90
-0.0710166103938501	0.478193832396807	90
0.0541478364472301	0.79255832938947	765
-0.0717777566350599	0.477074019570971	1129
-0.0681537716474701	0.479292741706694	626
-0.06891673227405	0.478167346987275	626
-0.0512774404059	2.05956082265577	451
-0.11249646043977	1.06614653833565	318
0.0593870206300999	0.78344810605566	22
0.056606241661	0.779912172364091	218
0.0638991633016099	1.64756972621608	56
0.06217651996798	0.760268186334815	56
-0.06712201309321	0.475136223572177	1086
0.10767147519769	1.11388237364862	356
-0.0574806497426299	0.898690992261966	56
0.05195430013803	0.775907452258494	1486
0.10969397091784	1.13333925128269	1625
0.01506500408895	1.2424439902802	60
-0.0699474380288001	0.473890200865325	2177
-0.0710166103938501	0.478193832396807	569
-0.0681537716474701	0.479292741706694	569
-0.06891673227405	0.478167346987275	569
-0.0717777566350599	0.477074019570971	327
-0.0585638737507099	0.89457651620543	327
0.0492735110912199	0.773083861620571	765
-0.0720448316892299	0.478570790474717	765
-0.0710166103938501	0.478193832396807	626
-0.0720448316892299	0.478570790474717	626
-0.0730725863230399	0.472854481440801	97
0.0457640659241601	0.771410399129658	1898
-0.07280539644993	0.477448564652232	1898
-0.0770658266540301	0.472946291653134	285
-0.0730725863230399	0.472854481440801	285
0.04944428562493	0.778083033060752	451
0.0557024721889701	0.782855365464993	451
-0.03420940209372	1.45711654754969	451
-0.00198977252500998	2.33712742332065	1869
0.0499272437457801	0.785062078842457	318
-0.07317688836652	0.473648243082631	318
-0.0760405310832699	0.472583961120929	4
-0.0681537716474701	0.479292741706694	4
0.0534976127295399	0.780362467629578	274
-0.0581608093624899	0.883734076078182	1486
0.02336986538037	1.2891799898252	821
0.0538925777473001	0.779864833648603	1964
-0.0699879229667999	0.472328161227103	84
-0.0717777566350599	0.477074019570971	2036
-0.07280539644993	0.477448564652232	765
-0.06891673227405	0.478167346987275	765
-0.0691850616331	0.474993175817053	626
-0.07280539644993	0.477448564652232	396
-0.05450583170553	0.909610308903803	1898
0.11008129993293	1.11287037302031	1156
-0.05782116202135	0.89884378472194	1156
-0.11072976331823	1.07158556716084	94
-0.1146997991692	1.04784642562442	94
-0.0583660358612601	0.893680513892052	285
-0.05979038572935	0.897030328965715	515
-0.1146438303883	1.04568985451201	236
-0.0352936849119401	1.45857514251465	318
0.0189568905901201	1.28890096160702	318
0.08681522052022	1.66958387353625	318
0.11082325682658	1.10833047350856	101
0.10881014861691	1.12910670530083	218
-0.11424263104536	1.06581524493349	477
-0.0720448316892299	0.478570790474717	4
-0.03420940209372	1.45711654754969	274
-0.11561062778004	1.06329772875786	112
0.0177058456085299	1.27448698356964	135
-0.12146252534272	1.04695047065446	56
-0.0681537716474701	0.479292741706694	232
-0.07280539644993	0.477448564652232	232
0.0469554682703801	0.770648218228337	232
-0.07280539644993	0.477448564652232	60
-0.0717777566350599	0.477074019570971	2177
0.0457640659241601	0.771410399129658	1964
-0.0720448316892299	0.478570790474717	133
-0.0678855588124401	0.474033268230349	765
-0.0678855588124401	0.474033268230349	765
-0.0720448316892299	0.478570790474717	285
0.0476024765398	0.771332727138389	1156
-0.07214806860361	0.469601658503721	451
0.0499272437457801	0.785062078842457	451
0.0541478364472301	0.79255832938947	318
-0.0590446535426701	0.878001432073118	318
0.05239096568043	0.775447909362186	218
0.01945339629398	1.28707094849339	4
-0.0580244995814201	0.884851105562845	112
0.0510865687348601	0.772983662632903	56
-0.0717777566350599	0.477074019570971	1086
-0.07280539644993	0.477448564652232	56
-0.0742052468557199	0.469453428525921	56
-0.0574806497426299	0.898690992261966	74
-0.07280539644993	0.477448564652232	232
-0.07280539644993	0.477448564652232	232
-0.0699474380288001	0.473890200865325	340
-0.0720448316892299	0.478570790474717	60
-0.07280539644993	0.477448564652232	569
-0.0699474380288001	0.473890200865325	821
-0.0730725863230399	0.472854481440801	1964
-0.0681537716474701	0.479292741706694	1457
-0.0699474380288001	0.473890200865325	327
-0.0730725863230399	0.472854481440801	84
-0.0717777566350599	0.477074019570971	133
-0.0710166103938501	0.478193832396807	693
-0.10941456329036	1.06681983882856	285
-0.1062730475363	1.06362770967605	236
-0.05958982171489	0.889688334717327	236
-0.05693690627147	0.899952167138894	285
-0.11335750649353	1.06827876202682	285
-0.0717777566350599	0.477074019570971	285
0.07678518912441	1.68111593246897	1869
0.11045172247443	1.1246950593717	4
0.11509914772809	1.12848373185033	4
-0.06712201309321	0.475136223572177	4
-0.0760405310832699	0.472583961120929	4
-0.116955769361	1.05405703483176	4
-0.1093518309419	1.07048994939256	159
-0.0681537716474701	0.479292741706694	56
-0.0639663555251799	0.864343742260151	56
0.0538925777473001	0.779864833648603	232
-0.0720448316892299	0.478570790474717	616
-0.0678855588124401	0.474033268230349	60
-0.07280539644993	0.477448564652232	569
-0.0710166103938501	0.478193832396807	821
0.0572330117628701	0.75793271466948	327
0.0476024765398	0.771332727138389	327
-0.0710166103938501	0.478193832396807	981
-0.0707496515431201	0.471239687923602	854
-0.0717777566350599	0.477074019570971	84
-0.0720448316892299	0.478570790474717	90
0.0492735110912199	0.773083861620571	90
-0.0730725863230399	0.472854481440801	90
-0.0678855588124401	0.474033268230349	17
-0.06603988765179	0.469223739016395	292
0.01408662056647	1.24019412685722	285
-0.0550482985028	0.908328416896414	236
0.0913042506703201	2.48368474682293	285
-0.0631026820943901	0.888554431570822	101
-0.05153515095637	0.880627809620702	22
0.05324176552158	0.789473162707191	218
0.0457640659241601	0.771410399129658	218
-0.0710166103938501	0.478193832396807	1714
-0.06500562329447	0.469713899049653	4
-0.0964167950396899	1.73087308143536	159
-0.11875416035798	1.04453223568991	56
-0.0710166103938501	0.478193832396807	1086
-0.1147257446432	1.06837021970321	74
-0.07317688836652	0.473648243082631	232
-0.0699474380288001	0.473890200865325	60
-0.0710166103938501	0.478193832396807	616
-0.07214806860361	0.469601658503721	340
-0.0707496515431201	0.471239687923602	84
-0.0699474380288001	0.473890200865325	133
-0.0720448316892299	0.478570790474717	133
-0.0717777566350599	0.477074019570971	396
-0.0496211358844501	0.892997324990223	17
-0.07280539644993	0.477448564652232	285
-0.0538315421281801	0.902399080424598	94
-0.0580244995814201	0.884851105562845	285
-0.0609927704487401	0.881960703652672	236
-0.11384028441925	1.07084756345947	318
-0.12309729674757	1.83166394291823	22
0.0541478364472301	0.79255832938947	101
-0.00602109878306001	1.96369531128248	1106
-0.0681537716474701	0.479292741706694	4
-0.0710166103938501	0.478193832396807	4
0.0541478364472301	0.79255832938947	4
-0.0681537716474701	0.479292741706694	4
0.0501804258727001	0.774176324231999	4
-0.0538315421281801	0.902399080424598	159
0.11047792442032	1.0872900085213	112
0.04395807946956	0.758599753736892	1486
-0.0717777566350599	0.477074019570971	74
-0.0760405310832699	0.472583961120929	74
-0.0681537716474701	0.479292741706694	74
-0.0681537716474701	0.479292741706694	569
-0.0717777566350599	0.477074019570971	569
-0.06712201309321	0.475136223572177	84
-0.0720448316892299	0.478570790474717	1887
0.0541478364472301	0.79255832938947	84
-0.05890688317319	0.902431779745543	90
-0.05219686831619	0.899923519313658	90
-0.06891673227405	0.478167346987275	225
-0.0720448316892299	0.478570790474717	366
0.0490202905863799	0.781201794884634	1156
0.11146262737409	1.13346570135336	94
-0.0681537716474701	0.479292741706694	94
-0.10752569517774	1.04108588210416	285
0.02281653318155	1.84793746425662	285
-0.03284437717829	1.45620746984174	451
-0.11609417733134	1.05823716062059	1869
0.1041332418053	1.10876546649546	715
0.0575397755193701	0.771653479704986	4
-0.05043050740135	0.892823265952935	4
-0.05185448000311	0.910021425154128	4
-0.12105845581784	1.04700258133137	159
0.0578079631572099	0.773305480893515	56
0.0526434754852001	0.781039269293486	56
-0.0523954066007699	0.90874542512987	56
0.0584522846205799	0.785152960886062	74
-0.0717777566350599	0.477074019570971	569
-0.0720448316892299	0.478570790474717	569
0.05173884031121	0.784928292248589	327
0.05259080843722	0.777380091161839	84
0.0541478364472301	0.79255832938947	133
-0.07280539644993	0.477448564652232	133
0.0513103608057199	0.775222255169698	90
-0.0745449370748299	1.59523432760348	94
0.0154095489938799	1.8178979710477	22
-0.06434904691455	1.59762363139736	4
-0.05484685749759	0.892026072177784	4
-0.0524112372475001	0.892579716591116	159
-0.0572770140919201	0.886872510740763	112
-0.0738325704557401	0.471762089576048	1137
-0.0691850616331	0.474993175817053	56
-0.0730725863230399	0.472854481440801	56
0.05440363611776	0.780361677510396	56
-0.06891673227405	0.478167346987275	56
-0.0730725863230399	0.472854481440801	56
0.0538925777473001	0.779864833648603	74
-0.0720448316892299	0.478570790474717	60
-0.07280539644993	0.477448564652232	569
-0.0720448316892299	0.478570790474717	327
-0.0572770140919201	0.886872510740763	327
-0.0717777566350599	0.477074019570971	84
-0.07280539644993	0.477448564652232	133
-0.0710166103938501	0.478193832396807	133
-0.0720448316892299	0.478570790474717	133
-0.07280539644993	0.477448564652232	90
-0.06891673227405	0.478167346987275	765
0.0460222374661601	0.771815254797831	90
-0.0730725863230399	0.472854481440801	765
-0.0710166103938501	0.478193832396807	693
-0.0707496515431201	0.471239687923602	275
-0.0691850616331	0.474993175817053	366
0.0229369440156999	1.29632591348339	94
-0.09402687456685	1.75994825792759	236
0.0510220935161501	0.778798937917858	2415
-0.11198946263362	1.05310819485188	1327
-0.07280539644993	0.477448564652232	159
-0.11384028441925	1.07084756345947	56
-0.0720448316892299	0.478570790474717	1703
-0.0710166103938501	0.478193832396807	1484
-0.0738325704557401	0.471762089576048	56
-0.0717777566350599	0.477074019570971	56
-0.0730725863230399	0.472854481440801	136
-0.0760405310832699	0.472583961120929	569
0.05173884031121	0.784928292248589	569
-0.07280539644993	0.477448564652232	84
-0.0717777566350599	0.477074019570971	133
-0.0738325704557401	0.471762089576048	2364
-0.0760405310832699	0.472583961120929	84
-0.0720448316892299	0.478570790474717	133
-0.07280539644993	0.477448564652232	765
-0.0707496515431201	0.471239687923602	765
-0.0710166103938501	0.478193832396807	765
-0.07280539644993	0.477448564652232	1148
-0.0691850616331	0.474993175817053	275
-0.0499656868804901	0.908177971331969	396
-0.0710166103938501	0.478193832396807	94
-0.0652751037252599	0.470301214618162	285
-0.06712201309321	0.475136223572177	189
-0.12105201560999	1.02973109692311	22
-0.0563932691393201	0.887955911631287	101
-0.11561062778004	1.06329772875786	1106
-0.0710166103938501	0.478193832396807	218
-0.05416394288337	0.910864209091877	860
0.0217146004723701	1.27283179945057	4
-0.1089342336533	1.07192675451941	4
-0.07501477661502	0.466870648976945	4
0.10630385831916	1.12623748630873	4
-0.06712201309321	0.475136223572177	159
-0.0717777566350599	0.477074019570971	4
-0.07280539644993	0.477448564652232	112
-0.0720448316892299	0.478570790474717	112
-0.07280539644993	0.477448564652232	112
-0.0717777566350599	0.477074019570971	1137
-0.06424025149337	0.470793566917827	1137
-0.0710166103938501	0.478193832396807	56
-0.0717777566350599	0.477074019570971	2370
-0.0678855588124401	0.474033268230349	340
-0.06603988765179	0.469223739016395	569
-0.07280539644993	0.477448564652232	569
-0.07280539644993	0.477448564652232	327
-0.0717777566350599	0.477074019570971	327
-0.0710166103938501	0.478193832396807	64
-0.0760405310832699	0.472583961120929	133
-0.0738325704557401	0.471762089576048	84
-0.07280539644993	0.477448564652232	765
0.0661100389587499	2.15379354385686	305
-0.0250969466425099	1.46176813089778	305
-0.0453266404728201	1.41333472809111	236
0.10956637967944	1.12457939314553	236
-0.0738325704557401	0.471762089576048	318
0.0584522846205799	0.785152960886062	715
0.0526434754852001	0.781039269293486	4
0.04511289303059	0.770721136679104	4
0.11384544599427	1.13290308531944	4
0.05259080843722	0.777380091161839	4
0.056606241661	0.779912172364091	4
-0.0559327105194201	0.902874468546951	4
-0.0710166103938501	0.478193832396807	112
-0.0720448316892299	0.478570790474717	112
-0.0699879229667999	0.472328161227103	56
-0.0681537716474701	0.479292741706694	136
-0.0720448316892299	0.478570790474717	74
-0.07280539644993	0.477448564652232	60
-0.0699474380288001	0.473890200865325	569
-0.0770658266540301	0.472946291653134	728
-0.07280539644993	0.477448564652232	64
-0.0730725863230399	0.472854481440801	133
-0.0717777566350599	0.477074019570971	133
-0.0699474380288001	0.473890200865325	1935
0.0572330117628701	0.75793271466948	285
-0.0720448316892299	0.478570790474717	97
0.10881014861691	1.12910670530083	236
-0.11113638655076	1.06478553781221	236
-0.11784131712075	1.0529098243205	451
-0.0162295886600401	1.93111075690988	101
-0.0707496515431201	0.471239687923602	4
-0.05890688317319	0.902431779745543	265
-0.0707496515431201	0.471239687923602	4
0.056606241661	0.779912172364091	4
-0.0720448316892299	0.478570790474717	1137
-0.06712201309321	0.475136223572177	370
-0.0710166103938501	0.478193832396807	56
0.0514862837782999	0.776653741316405	74
-0.06712201309321	0.475136223572177	60
0.0550531257249101	0.792542427995745	569
-0.07280539644993	0.477448564652232	569
-0.0720448316892299	0.478570790474717	327
-0.0720448316892299	0.478570790474717	327
-0.07280539644993	0.477448564652232	84
-0.0717777566350599	0.477074019570971	367
-0.07280539644993	0.477448564652232	1148
-0.0699474380288001	0.473890200865325	693
0.0541478364472301	0.79255832938947	17
-0.0760405310832699	0.472583961120929	17
-0.11206763144393	1.06877890620314	285
0.0469554682703801	0.770648218228337	305
-0.1129542467912	1.0709808681734	94
-0.0681537716474701	0.479292741706694	94
-0.06603988765179	0.469223739016395	1759
0.06159048598252	0.755959172030932	94
-0.0652751037252599	0.470301214618162	94
0.056606241661	0.779912172364091	285
0.0538033505100699	0.771118615805415	236
-0.0730725863230399	0.472854481440801	236
-0.0499656868804901	0.908177971331969	451
-0.0730725863230399	0.472854481440801	318
-0.0710166103938501	0.478193832396807	318
-0.0730725863230399	0.472854481440801	873
-0.07280539644993	0.477448564652232	1106
-0.0720448316892299	0.478570790474717	22
0.10917596688031	1.13177488413413	860
-0.0555908704077901	0.894166867027739	1327
-0.11031956208417	1.04751954799913	4
-0.0710166103938501	0.478193832396807	4
-0.06712201309321	0.475136223572177	4
-0.0678855588124401	0.474033268230349	4
-0.0710166103938501	0.478193832396807	4
-0.0678855588124401	0.474033268230349	112
-0.0720448316892299	0.478570790474717	112
-0.07280539644993	0.477448564652232	112
-0.0720448316892299	0.478570790474717	1784
-0.0760405310832699	0.472583961120929	74
-0.07280539644993	0.477448564652232	74
-0.0730725863230399	0.472854481440801	60
-0.0730725863230399	0.472854481440801	575
-0.0710166103938501	0.478193832396807	575
-0.07501477661502	0.466870648976945	60
-0.0691850616331	0.474993175817053	569
-0.07317688836652	0.473648243082631	64
-0.0717777566350599	0.477074019570971	64
-0.0720448316892299	0.478570790474717	84
-0.0720448316892299	0.478570790474717	133
0.0510865687348601	0.772983662632903	133
-0.0720448316892299	0.478570790474717	133
-0.0717777566350599	0.477074019570971	765
0.0499272437457801	0.785062078842457	305
-0.06891673227405	0.478167346987275	839
-0.10340888180021	1.73115493772933	94
-0.12283298760592	1.04263152813319	236
0.0499272437457801	0.785062078842457	236
-0.0699879229667999	0.472328161227103	873
-0.0720448316892299	0.478570790474717	1106
-0.0681537716474701	0.479292741706694	1106
-0.05693690627147	0.899952167138894	22
-0.0681537716474701	0.479292741706694	1027
-0.0717777566350599	0.477074019570971	171
-0.07280539644993	0.477448564652232	370
-0.0678855588124401	0.474033268230349	56
-0.0699474380288001	0.473890200865325	1484
0.0514862837782999	0.776653741316405	1612
-0.06500562329447	0.469713899049653	74
-0.0691850616331	0.474993175817053	74
-0.0707496515431201	0.471239687923602	74
-0.0699474380288001	0.473890200865325	575
-0.0546259358466199	0.884263712378939	569
0.0492735110912199	0.773083861620571	569
-0.0681537716474701	0.479292741706694	133
-0.06891673227405	0.478167346987275	133
-0.0720448316892299	0.478570790474717	133
-0.0707496515431201	0.471239687923602	128
-0.1160696397198	1.05320442843489	17
0.0600305246322299	0.7740873125592	305
0.0508334283573899	0.786182588324621	839
0.0189822715008301	1.29042653042406	94
-0.0770658266540301	0.472946291653134	94
-0.07214806860361	0.469601658503721	94
-0.05131365703933	0.897754287048091	236
0.0200860465124	1.84100469444249	236
0.0550531257249101	0.792542427995745	236
-0.05273820465056	0.912281557043227	236
-0.04753756627127	0.895101448623185	285
0.10215039665655	1.10922811518406	451
0.0643925621733601	0.756812950903572	873
-0.06500562329447	0.469713899049653	873
0.0185110412404299	1.28401649788948	22
-0.04052212907687	1.42970041005919	112
-0.0717777566350599	0.477074019570971	56
-0.07280539644993	0.477448564652232	370
-0.0720448316892299	0.478570790474717	56
-0.0720448316892299	0.478570790474717	136
-0.0717777566350599	0.477074019570971	1612
-0.0720448316892299	0.478570790474717	74
0.0499272437457801	0.785062078842457	232
-0.0720448316892299	0.478570790474717	232
-0.0710166103938501	0.478193832396807	74
-0.0678855588124401	0.474033268230349	575
-0.0699474380288001	0.473890200865325	575
0.0584522846205799	0.785152960886062	575
-0.0717777566350599	0.477074019570971	569
-0.0707496515431201	0.471239687923602	569
-0.0707496515431201	0.471239687923602	569
-0.0738325704557401	0.471762089576048	327
-0.0710166103938501	0.478193832396807	64
-0.06891673227405	0.478167346987275	133
-0.0710166103938501	0.478193832396807	133
-0.0710166103938501	0.478193832396807	142
-0.0717777566350599	0.477074019570971	225
-0.0730725863230399	0.472854481440801	285
-0.07214806860361	0.469601658503721	2314
-0.07280539644993	0.477448564652232	4
-0.07317688836652	0.473648243082631	17
-0.0720448316892299	0.478570790474717	305
-0.0691850616331	0.474993175817053	305
-0.0699879229667999	0.472328161227103	285
-0.0691850616331	0.474993175817053	839
-0.07280539644993	0.477448564652232	236
-0.0717777566350599	0.477074019570971	236
-0.0720448316892299	0.478570790474717	189
-0.0710166103938501	0.478193832396807	250
-0.07501477661502	0.466870648976945	4
-0.06891673227405	0.478167346987275	4
-0.10266082889558	1.06093600610919	17
-0.0770658266540301	0.472946291653134	305
0.0575397755193701	0.771653479704986	17
-0.11477653767558	1.06464044495059	305
0.05329487006336	0.771689317259111	94
-0.0691850616331	0.474993175817053	94
-0.07280539644993	0.477448564652232	236
-0.0730725863230399	0.472854481440801	236
0.0634588788235999	0.762587148801285	451
-0.0710166103938501	0.478193832396807	860
0.05351304541734	0.769930773141108	4
-0.0717777566350599	0.477074019570971	4
-0.0681537716474701	0.479292741706694	983
-0.0691850616331	0.474993175817053	4
-0.0707496515431201	0.471239687923602	112
-0.07280539644993	0.477448564652232	112
-0.07280539644993	0.477448564652232	1137
-0.0720448316892299	0.478570790474717	74
-0.0738325704557401	0.471762089576048	575
0.05037749003109	0.778108225282062	94
-0.0730725863230399	0.472854481440801	236
-0.0699474380288001	0.473890200865325	236
-0.0710166103938501	0.478193832396807	451
-0.0730725863230399	0.472854481440801	451
-0.06891673227405	0.478167346987275	1128
-0.0699474380288001	0.473890200865325	860
-0.0717777566350599	0.477074019570971	253
-0.05308013978115	0.899784327074712	4
-0.0738325704557401	0.471762089576048	4
-0.0699879229667999	0.472328161227103	4
-0.0691850616331	0.474993175817053	4
-0.0681537716474701	0.479292741706694	112
-0.0699879229667999	0.472328161227103	370
-0.0707496515431201	0.471239687923602	569
-0.0717777566350599	0.477074019570971	707
-0.06891673227405	0.478167346987275	133
-0.07280539644993	0.477448564652232	133
-0.11254983663792	1.06368276598224	305
-0.05958982171489	0.889688334717327	94
0.0505808284801501	0.77555938050866	94
-0.0717777566350599	0.477074019570971	94
-0.06712201309321	0.475136223572177	285
-0.0699474380288001	0.473890200865325	1961
0.04420955275129	0.767002796647347	236
0.0541478364472301	0.79255832938947	236
-0.07280539644993	0.477448564652232	451
-0.07280539644993	0.477448564652232	1128
-0.0699879229667999	0.472328161227103	101
0.0505808284801501	0.77555938050866	11
0.04944428562493	0.778083033060752	253
0.0499272437457801	0.785062078842457	253
-0.06891673227405	0.478167346987275	4
-0.0720448316892299	0.478570790474717	4
-0.06891673227405	0.478167346987275	112
-0.0710166103938501	0.478193832396807	330
-0.0681537716474701	0.479292741706694	74
-0.0720448316892299	0.478570790474717	60
-0.07501477661502	0.466870648976945	569
-0.0720448316892299	0.478570790474717	765
-0.0717777566350599	0.477074019570971	94
0.0643925621733601	0.756812950903572	236
-0.05131365703933	0.897754287048091	236
-0.0717777566350599	0.477074019570971	852
-0.0730725863230399	0.472854481440801	451
0.0508334283573899	0.786182588324621	451
-0.0760405310832699	0.472583961120929	451
-0.04854277898906	0.908259665628721	451
-0.0730725863230399	0.472854481440801	101
-0.0760405310832699	0.472583961120929	860
-0.0691850616331	0.474993175817053	265
0.05239096568043	0.775447909362186	4
-0.0699879229667999	0.472328161227103	1137
-0.07280539644993	0.477448564652232	74
-0.0738325704557401	0.471762089576048	232
-0.0717777566350599	0.477074019570971	232
-0.0710166103938501	0.478193832396807	60
-0.07280539644993	0.477448564652232	569
-0.0742052468557199	0.469453428525921	64
-0.10845998399295	2.35516710057042	305
-0.06891673227405	0.478167346987275	94
0.0534976127295399	0.780362467629578	236
0.0234554597537699	1.82254910500377	853
-0.0720448316892299	0.478570790474717	1128
0.0513103608057199	0.775222255169698	1291
-0.06712201309321	0.475136223572177	1866
-0.0681537716474701	0.479292741706694	11
-0.1147257446432	1.06837021970321	253
-0.0738325704557401	0.471762089576048	265
-0.0717777566350599	0.477074019570971	112
0.0499272437457801	0.785062078842457	112
-0.0760405310832699	0.472583961120929	1137
-0.0717777566350599	0.477074019570971	370
-0.06712201309321	0.475136223572177	136
-0.0678855588124401	0.474033268230349	136
0.0618830880027601	0.771347496058888	575
0.0510865687348601	0.772983662632903	575
-0.07280539644993	0.477448564652232	575
-0.0699879229667999	0.472328161227103	707
-0.06712201309321	0.475136223572177	707
-0.0720448316892299	0.478570790474717	765
-0.0710166103938501	0.478193832396807	17
0.10777316581889	1.10898851418797	285
-0.07501477661502	0.466870648976945	305
0.06159048598252	0.755959172030932	94
-0.0717777566350599	0.477074019570971	94
-0.07280539644993	0.477448564652232	1893
-0.0639866678271299	0.882706489020534	236
-0.0681537716474701	0.479292741706694	1128
-0.0710166103938501	0.478193832396807	1291
-0.0720448316892299	0.478570790474717	189
-0.07214806860361	0.469601658503721	101
-0.0720448316892299	0.478570790474717	101
0.056606241661	0.779912172364091	101
-0.0738325704557401	0.471762089576048	4
-0.0730725863230399	0.472854481440801	4
-0.0691850616331	0.474993175817053	4
-0.0760405310832699	0.472583961120929	4
-0.06891673227405	0.478167346987275	2021
-0.06500562329447	0.469713899049653	330
0.0526434754852001	0.781039269293486	982
-0.0717777566350599	0.477074019570971	74
-0.07280539644993	0.477448564652232	74
-0.0730725863230399	0.472854481440801	575
-0.0770658266540301	0.472946291653134	569
-0.0652751037252599	0.470301214618162	707
-0.0720448316892299	0.478570790474717	1666
-0.07280539644993	0.477448564652232	133
-0.0717777566350599	0.477074019570971	1861
-0.07280539644993	0.477448564652232	367
0.0572272994035301	0.76610736129693	305
0.0572272994035301	0.76610736129693	305
-0.0707496515431201	0.471239687923602	1085
-0.0691850616331	0.474993175817053	1085
-0.0720448316892299	0.478570790474717	1646
-0.07317688836652	0.473648243082631	94
0.0510865687348601	0.772983662632903	94
-0.0720448316892299	0.478570790474717	236
-0.07280539644993	0.477448564652232	236
-0.07317688836652	0.473648243082631	792
-0.0710166103938501	0.478193832396807	852
-0.0720448316892299	0.478570790474717	1291
-0.0717777566350599	0.477074019570971	1291
0.0590964482916701	0.775729844473512	101
-0.0717777566350599	0.477074019570971	11
-0.0717777566350599	0.477074019570971	11
-0.0652751037252599	0.470301214618162	160
0.0469554682703801	0.770648218228337	247
-0.0720448316892299	0.478570790474717	247
-0.0730725863230399	0.472854481440801	4
-0.06712201309321	0.475136223572177	278
-0.0717777566350599	0.477074019570971	4
-0.0678855588124401	0.474033268230349	4
-0.0717777566350599	0.477074019570971	330
-0.0738325704557401	0.471762089576048	232
-0.0681537716474701	0.479292741706694	1312
-0.06891673227405	0.478167346987275	569
-0.0681537716474701	0.479292741706694	374
-0.07280539644993	0.477448564652232	133
-0.0720448316892299	0.478570790474717	765
-0.0738325704557401	0.471762089576048	236
-0.0691850616331	0.474993175817053	236
-0.0720448316892299	0.478570790474717	451
-0.0738325704557401	0.471762089576048	320
-0.0691850616331	0.474993175817053	250
-0.0717777566350599	0.477074019570971	11
-0.06891673227405	0.478167346987275	4
-0.06603988765179	0.469223739016395	278
-0.0710166103938501	0.478193832396807	278
-0.0681537716474701	0.479292741706694	4
-0.07501477661502	0.466870648976945	330
-0.0678855588124401	0.474033268230349	305
-0.07280539644993	0.477448564652232	94
-0.0710166103938501	0.478193832396807	11
-0.07809066276743	0.467369829987504	11
-0.0720448316892299	0.478570790474717	247
-0.0717777566350599	0.477074019570971	278
-0.0717777566350599	0.477074019570971	4
-0.0720448316892299	0.478570790474717	797
-0.06891673227405	0.478167346987275	305
-0.0707496515431201	0.471239687923602	305
-0.06603988765179	0.469223739016395	236
-0.06424025149337	0.470793566917827	853
-0.07280539644993	0.477448564652232	236
-0.06891673227405	0.478167346987275	11
-0.07280539644993	0.477448564652232	11
-0.06891673227405	0.478167346987275	247
-0.0710166103938501	0.478193832396807	247
-0.0691850616331	0.474993175817053	271
-0.0730725863230399	0.472854481440801	278
-0.0681537716474701	0.479292741706694	4
-0.0707496515431201	0.471239687923602	4
-0.0720448316892299	0.478570790474717	74
-0.06712201309321	0.475136223572177	1312
-0.0717777566350599	0.477074019570971	305
0.05324176552158	0.789473162707191	797
0.0680547817189601	1.68036111426278	1153
-0.0710166103938501	0.478193832396807	1085
0.0575172163434201	0.783229267431462	94
-0.0720448316892299	0.478570790474717	94
-0.0681537716474701	0.479292741706694	853
-0.0699474380288001	0.473890200865325	451
-0.0717777566350599	0.477074019570971	83
-0.06603988765179	0.469223739016395	83
-0.07280539644993	0.477448564652232	83
-0.0720448316892299	0.478570790474717	1128
-0.0717777566350599	0.477074019570971	11
0.0526434754852001	0.781039269293486	320
-0.07280539644993	0.477448564652232	101
-0.06424025149337	0.470793566917827	101
-0.0707496515431201	0.471239687923602	271
-0.0717777566350599	0.477074019570971	278
-0.0691850616331	0.474993175817053	4
-0.0742052468557199	0.469453428525921	4
-0.06891673227405	0.478167346987275	4
-0.07280539644993	0.477448564652232	370
-0.06603988765179	0.469223739016395	2243
-0.0720448316892299	0.478570790474717	60
-0.07280539644993	0.477448564652232	133
-0.10441554411242	1.0633459194455	305
-0.0681537716474701	0.479292741706694	94
-0.0499656868804901	0.908177971331969	285
0.10829171007831	1.12755164681823	236
0.11057813060786	1.13473085301283	853
-0.0710166103938501	0.478193832396807	236
-0.0681537716474701	0.479292741706694	83
-0.11563968043387	1.06286440618323	101
-0.0738325704557401	0.471762089576048	1917
0.0501804258727001	0.774176324231999	1284
-0.07280539644993	0.477448564652232	247
-0.0699879229667999	0.472328161227103	271
-0.0681537716474701	0.479292741706694	1179
-0.0720448316892299	0.478570790474717	2243
-0.0707496515431201	0.471239687923602	2243
-0.0699879229667999	0.472328161227103	136
-0.06891673227405	0.478167346987275	74
-0.0720448316892299	0.478570790474717	74
-0.0720448316892299	0.478570790474717	1312
-0.07280539644993	0.477448564652232	569
-0.0770658266540301	0.472946291653134	60
-0.0691850616331	0.474993175817053	765
-0.07280539644993	0.477448564652232	305
-0.0770658266540301	0.472946291653134	94
-0.0770658266540301	0.472946291653134	236
-0.06424025149337	0.470793566917827	451
-0.0681537716474701	0.479292741706694	1404
-0.0717777566350599	0.477074019570971	1284
-0.0717777566350599	0.477074019570971	278
0.05324176552158	0.789473162707191	4
-0.0681537716474701	0.479292741706694	4
-0.06891673227405	0.478167346987275	4
-0.0717777566350599	0.477074019570971	1137
-0.06891673227405	0.478167346987275	74
-0.0742052468557199	0.469453428525921	232
-0.0730725863230399	0.472854481440801	1312
-0.0681537716474701	0.479292741706694	1979
-0.0730725863230399	0.472854481440801	305
-0.07280539644993	0.477448564652232	305
-0.0652751037252599	0.470301214618162	11
-0.0681537716474701	0.479292741706694	1284
-0.06500562329447	0.469713899049653	305
0.0550531257249101	0.792542427995745	305
-0.07280539644993	0.477448564652232	305
0.0499272437457801	0.785062078842457	305
-0.07317688836652	0.473648243082631	94
-0.0699474380288001	0.473890200865325	236
-0.0717777566350599	0.477074019570971	549
-0.06891673227405	0.478167346987275	451
-0.0720448316892299	0.478570790474717	451
-0.0742052468557199	0.469453428525921	451
-0.06891673227405	0.478167346987275	1404
-0.07280539644993	0.477448564652232	253
-0.0717777566350599	0.477074019570971	278
-0.0717777566350599	0.477074019570971	278
-0.0738325704557401	0.471762089576048	2244
-0.07317688836652	0.473648243082631	285
0.11384544599427	1.13290308531944	94
0.05173884031121	0.784928292248589	1128
-0.0505054322988601	0.894116244598655	11
0.12267528794781	2.04729428985951	11
0.1036524498492	2.02235570047092	11
0.0491566799541401	0.775770930689392	4
0.056606241661	0.779912172364091	4
0.11244488258851	1.12815236230667	4
0.0510865687348601	0.772983662632903	924
-0.07280539644993	0.477448564652232	171
-0.0710166103938501	0.478193832396807	136
-0.0652751037252599	0.470301214618162	720
0.0508334283573899	0.786182588324621	232
0.0499272437457801	0.785062078842457	74
-0.0720448316892299	0.478570790474717	60
0.05173884031121	0.784928292248589	64
-0.11212040455669	1.04414824969124	765
0.0483658284992801	0.769354800829021	765
-0.07280539644993	0.477448564652232	765
-0.06712201309321	0.475136223572177	225
-0.06891673227405	0.478167346987275	225
-0.0710166103938501	0.478193832396807	366
-0.0691850616331	0.474993175817053	792
-0.0710166103938501	0.478193832396807	792
0.11332930573327	1.13135282105774	451
-0.06712201309321	0.475136223572177	1291
0.04420955275129	0.767002796647347	1291
-0.0681537716474701	0.479292741706694	101
0.10553714619583	1.11520532991291	11
0.0982798784636001	1.05698952035775	247
0.0501804258727001	0.774176324231999	4
0.0469554682703801	0.770648218228337	4
-0.0710166103938501	0.478193832396807	1532
-0.0730725863230399	0.472854481440801	1137
-0.0691850616331	0.474993175817053	370
-0.0717777566350599	0.477074019570971	136
-0.06891673227405	0.478167346987275	163
-0.0742052468557199	0.469453428525921	232
-0.0710166103938501	0.478193832396807	232
-0.0681537716474701	0.479292741706694	74
-0.06712201309321	0.475136223572177	233
-0.0681537716474701	0.479292741706694	60
-0.0678855588124401	0.474033268230349	664
-0.06891673227405	0.478167346987275	60
-0.0710166103938501	0.478193832396807	295
-0.0699474380288001	0.473890200865325	1285
-0.0738325704557401	0.471762089576048	1285
-0.0710166103938501	0.478193832396807	60
-0.0691850616331	0.474993175817053	707
-0.0717777566350599	0.477074019570971	64
-0.0681537716474701	0.479292741706694	765
-0.0730725863230399	0.472854481440801	366
-0.0720448316892299	0.478570790474717	797
-0.0770658266540301	0.472946291653134	797
-0.07280539644993	0.477448564652232	305
0.11384544599427	1.13290308531944	305
-0.05471444322611	0.900864796591822	305
-0.0760405310832699	0.472583961120929	94
0.06032142178957	0.776009176330242	94
-0.0499656868804901	0.908177971331969	285
-0.0691850616331	0.474993175817053	451
-0.05958982171489	0.889688334717327	451
-0.05890977837066	0.883769361024557	11
-0.0717777566350599	0.477074019570971	11
-0.0730725863230399	0.472854481440801	247
0.04944428562493	0.778083033060752	1235
-0.0681537716474701	0.479292741706694	1235
0.05324176552158	0.789473162707191	271
-0.0720448316892299	0.478570790474717	434
0.0631115300253	0.754534290433052	4
0.0538033505100699	0.771118615805415	836
-0.0760405310832699	0.472583961120929	4
-0.0681537716474701	0.479292741706694	330
-0.0717777566350599	0.477074019570971	330
-0.0738325704557401	0.471762089576048	4
-0.0717777566350599	0.477074019570971	330
-0.0720448316892299	0.478570790474717	171
-0.0681537716474701	0.479292741706694	163
-0.0717777566350599	0.477074019570971	233
-0.07280539644993	0.477448564652232	167
-0.0681537716474701	0.479292741706694	167
-0.0717777566350599	0.477074019570971	797
-0.06891673227405	0.478167346987275	305
-0.0710166103938501	0.478193832396807	305
-0.0717777566350599	0.477074019570971	94
-0.06926546790303	0.465378566229971	94
-0.0717777566350599	0.477074019570971	94
-0.0678855588124401	0.474033268230349	451
-0.0760405310832699	0.472583961120929	83
-0.0738325704557401	0.471762089576048	101
0.0575172163434201	0.783229267431462	11
-0.0710166103938501	0.478193832396807	11
-0.0681537716474701	0.479292741706694	247
-0.0710166103938501	0.478193832396807	247
-0.0691850616331	0.474993175817053	233
-0.11968750305077	1.04728163096161	17
-0.0699474380288001	0.473890200865325	1477
-0.116955769361	1.05405703483176	549
-0.0681537716474701	0.479292741706694	549
-0.05890977837066	0.883769361024557	451
0.0662523303399401	0.755571545021167	451
-0.07280539644993	0.477448564652232	1291
-0.0730725863230399	0.472854481440801	11
-0.06891673227405	0.478167346987275	11
0.0584522846205799	0.785152960886062	11
-0.11113638655076	1.06478553781221	247
0.10917596688031	1.13177488413413	247
0.10740779136775	1.11976442756672	271
-0.05693690627147	0.899952167138894	278
-0.12057530609592	1.04810700263471	278
-0.11832555242347	1.04794864249874	4
-0.0742052468557199	0.469453428525921	330
-0.0681537716474701	0.479292741706694	1137
-0.07809066276743	0.467369829987504	163
-0.0710166103938501	0.478193832396807	163
-0.07280539644993	0.477448564652232	163
-0.0720448316892299	0.478570790474717	74
-0.06424025149337	0.470793566917827	74
-0.0720448316892299	0.478570790474717	233
0.0491566799541401	0.775770930689392	2408
-0.06891673227405	0.478167346987275	569
-0.0681537716474701	0.479292741706694	569
-0.07317688836652	0.473648243082631	1285
-0.0710166103938501	0.478193832396807	26
-0.0717777566350599	0.477074019570971	225
-0.11789010531314	1.03924515312016	94
0.0508334283573899	0.786182588324621	549
-0.03213555457387	1.47081145064441	285
0.0508334283573899	0.786182588324621	549
-0.0720448316892299	0.478570790474717	1291
-0.0691850616331	0.474993175817053	1291
-0.0681537716474701	0.479292741706694	1291
-0.07501477661502	0.466870648976945	11
-0.06603988765179	0.469223739016395	11
-0.05714006279032	0.905086842963566	11
0.02145040130844	1.84636463797519	11
-0.06603988765179	0.469223739016395	11
0.11850541705846	1.10888365272224	11
-0.11971768889195	1.05617563035122	247
-0.11735718310074	1.05044732263823	247
0.11984975974184	1.10553316069894	271
0.01680992556175	1.27442178408384	278
0.0541478364472301	0.79255832938947	4
-0.06424025149337	0.470793566917827	4
-0.0681537716474701	0.479292741706694	924
-0.0691850616331	0.474993175817053	308
-0.07280539644993	0.477448564652232	136
0.04108455227754	0.752700360309456	163
0.0514862837782999	0.776653741316405	2408
-0.0678855588124401	0.474033268230349	64
-0.0717777566350599	0.477074019570971	64
-0.0717777566350599	0.477074019570971	84
-0.0738325704557401	0.471762089576048	26
0.04420955275129	0.767002796647347	26
-0.06891673227405	0.478167346987275	623
-0.06926546790303	0.465378566229971	285
-0.0730725863230399	0.472854481440801	285
-0.0699879229667999	0.472328161227103	1291
-0.0717777566350599	0.477074019570971	83
-0.0770658266540301	0.472946291653134	1291
-0.07214806860361	0.469601658503721	1291
-0.07809066276743	0.467369829987504	1291
-0.0691850616331	0.474993175817053	11
-0.0585638737507099	0.89457651620543	11
0.1100824448115	2.04927149258961	271
0.02813363037026	1.82866580421279	1235
-0.0717777566350599	0.477074019570971	4
-0.07280539644993	0.477448564652232	171
-0.0691850616331	0.474993175817053	308
-0.0760405310832699	0.472583961120929	163
-0.0717777566350599	0.477074019570971	232
-0.07280539644993	0.477448564652232	74
-0.06712201309321	0.475136223572177	74
-0.0678855588124401	0.474033268230349	664
-0.0681537716474701	0.479292741706694	664
-0.05625409455421	0.881194429341896	664
-0.06891673227405	0.478167346987275	60
-0.0699474380288001	0.473890200865325	295
-0.0738325704557401	0.471762089576048	295
-0.06891673227405	0.478167346987275	623
-0.07280539644993	0.477448564652232	285
0.0538925777473001	0.779864833648603	1929
0.04745738219378	0.760252513955755	451
0.06834484208989	1.67776667307912	451
0.0534976127295399	0.780362467629578	1291
-0.0707496515431201	0.471239687923602	1291
-0.0710166103938501	0.478193832396807	1291
0.05687223512352	0.771439580241442	11
0.10917596688031	1.13177488413413	11
0.11887567857437	1.12333018665557	11
-0.0738325704557401	0.471762089576048	11
-0.0717777566350599	0.477074019570971	11
0.0508334283573899	0.786182588324621	11
-0.05273820465056	0.912281557043227	4
-0.0720448316892299	0.478570790474717	4
-0.0760405310832699	0.472583961120929	4
-0.0681537716474701	0.479292741706694	919
-0.0710166103938501	0.478193832396807	171
-0.0691850616331	0.474993175817053	171
-0.06891673227405	0.478167346987275	759
-0.0720448316892299	0.478570790474717	74
-0.0699474380288001	0.473890200865325	233
-0.0730725863230399	0.472854481440801	64
-0.07280539644993	0.477448564652232	383
-0.07280539644993	0.477448564652232	225
-0.0738325704557401	0.471762089576048	167
-0.07280539644993	0.477448564652232	843
-0.06891673227405	0.478167346987275	305
-0.0730725863230399	0.472854481440801	285
0.11612957836653	1.11376953298516	549
-0.0591198571924501	0.875588687906999	549
0.056606241661	0.779912172364091	549
-0.0416067565856599	1.42404906104618	451
-0.0710166103938501	0.478193832396807	1291
-0.0710166103938501	0.478193832396807	1291
-0.0766856973941299	1.57877788470592	11
0.0492735110912199	0.773083861620571	11
-0.04998945761941	0.88470904153512	11
0.11384544599427	1.13290308531944	271
0.10652421105518	1.10424457952582	271
0.10694042083548	1.10160831055761	271
-0.0730725863230399	0.472854481440801	278
-0.0738325704557401	0.471762089576048	4
0.0508334283573899	0.786182588324621	4
-0.0681537716474701	0.479292741706694	919
-0.0678855588124401	0.474033268230349	171
-0.0720448316892299	0.478570790474717	136
0.05440363611776	0.780361677510396	163
-0.07280539644993	0.477448564652232	233
-0.0691850616331	0.474993175817053	233
-0.07280539644993	0.477448564652232	233
-0.0699474380288001	0.473890200865325	664
0.0499272437457801	0.785062078842457	60
-0.0720448316892299	0.478570790474717	84
-0.0720448316892299	0.478570790474717	26
-0.0707496515431201	0.471239687923602	383
-0.0710166103938501	0.478193832396807	765
0.0510865687348601	0.772983662632903	285
0.02294954040491	1.80097034633164	451
0.0514862837782999	0.776653741316405	1291
-0.0717777566350599	0.477074019570971	11
-0.0720448316892299	0.478570790474717	11
0.0289260362775099	1.80089743404799	11
0.01980796680129	1.80942233785135	4
-0.0627615070583001	0.881694380364185	4
-0.0717777566350599	0.477074019570971	4
-0.0720448316892299	0.478570790474717	919
-0.0717777566350599	0.477074019570971	171
-0.0691850616331	0.474993175817053	171
0.0499272437457801	0.785062078842457	449
-0.0730725863230399	0.472854481440801	136
-0.0717777566350599	0.477074019570971	136
-0.0710166103938501	0.478193832396807	1949
-0.0738325704557401	0.471762089576048	664
-0.0710166103938501	0.478193832396807	64
-0.0710166103938501	0.478193832396807	64
-0.0770658266540301	0.472946291653134	64
-0.0691850616331	0.474993175817053	64
-0.07214806860361	0.469601658503721	64
-0.0717777566350599	0.477074019570971	26
-0.0681537716474701	0.479292741706694	623
-0.06712201309321	0.475136223572177	225
-0.07198904544929	2.16194521307561	285
-0.0538315421281801	0.902399080424598	1291
0.11133739618559	1.12176329225485	1291
0.1053095362119	2.06708289137284	1291
0.1025481991892	1.09307217813713	1291
-0.06894896764706	1.60984214554669	11
0.11380058407624	2.04441380203625	11
-0.0651926128448199	0.868160084117226	4
0.0490202905863799	0.781201794884634	245
-0.05450583170553	0.909610308903803	171
-0.0508495337336901	0.906635016822695	171
0.0590964482916701	0.775729844473512	449
-0.0524112372475001	0.892579716591116	308
-0.0760405310832699	0.472583961120929	308
-0.0710166103938501	0.478193832396807	136
-0.0604510461165899	0.892005125985514	136
-0.0738325704557401	0.471762089576048	163
-0.0720448316892299	0.478570790474717	163
0.0593870206300999	0.78344810605566	245
0.0508334283573899	0.786182588324621	245
-0.0707496515431201	0.471239687923602	245
0.05259080843722	0.777380091161839	60
-0.0691850616331	0.474993175817053	233
-0.0691850616331	0.474993175817053	295
-0.07280539644993	0.477448564652232	295
-0.07280539644993	0.477448564652232	26
-0.07280539644993	0.477448564652232	383
-0.0717777566350599	0.477074019570971	383
-0.0681537716474701	0.479292741706694	765
-0.0681537716474701	0.479292741706694	843
-0.0770658266540301	0.472946291653134	305
-0.0976307649805499	2.22942185192448	285
0.10881014861691	1.12910670530083	285
0.0491566799541401	0.775770930689392	285
-0.0587054676384899	0.895608179697363	2160
-0.0717777566350599	0.477074019570971	271
-0.0730725863230399	0.472854481440801	278
-0.0720448316892299	0.478570790474717	88
0.05239096568043	0.775447909362186	4
-0.0738325704557401	0.471762089576048	4
-0.0710166103938501	0.478193832396807	4
-0.06712201309321	0.475136223572177	4
0.05324176552158	0.789473162707191	171
-0.0720448316892299	0.478570790474717	171
-0.0717777566350599	0.477074019570971	171
0.0159252423378999	1.24773698486766	308
-0.0720448316892299	0.478570790474717	136
-0.0717777566350599	0.477074019570971	163
-0.0710166103938501	0.478193832396807	245
-0.06891673227405	0.478167346987275	245
-0.05065220346456	0.891212773637663	60
-0.0681537716474701	0.479292741706694	64
-0.0730725863230399	0.472854481440801	64
-0.0720448316892299	0.478570790474717	383
0.0541478364472301	0.79255832938947	383
-0.0720448316892299	0.478570790474717	383
-0.0720448316892299	0.478570790474717	225
-0.08370357848807	2.20154640050852	285
0.0238328819396501	1.29936627062778	285
-0.0305075989044501	1.46301862447626	1291
0.02511626679362	1.84699181871035	1291
-0.02839532956599	2.46592309170699	11
-0.05782116202135	0.89884378472194	88
-0.05925023321634	0.89435459715547	88
0.01728156325792	1.2711688485963	871
-0.0678855588124401	0.474033268230349	330
-0.0538315421281801	0.902399080424598	171
0.11057813060786	1.13473085301283	245
-0.0720448316892299	0.478570790474717	245
-0.0717777566350599	0.477074019570971	308
-0.06424025149337	0.470793566917827	245
-0.0717777566350599	0.477074019570971	74
-0.0710166103938501	0.478193832396807	245
-0.0720448316892299	0.478570790474717	233
-0.07280539644993	0.477448564652232	843
0.11384544599427	1.13290308531944	64
0.06281777658614	0.77155062890176	64
0.02333155434316	1.27101518696108	64
-0.0738325704557401	0.471762089576048	843
0.1147297645774	1.13300570987089	133
-0.07280539644993	0.477448564652232	26
-0.06891673227405	0.478167346987275	843
-0.07280539644993	0.477448564652232	383
-0.0720448316892299	0.478570790474717	383
-0.0405331846560999	2.37387898250095	305
-0.06891673227405	0.478167346987275	285
0.11207780403113	1.12273085327157	285
-0.11833780346214	1.06235584180823	285
-0.11723849859455	1.88028740298901	451
-0.04854277898906	0.908259665628721	11
-0.06712201309321	0.475136223572177	4
-0.0710166103938501	0.478193832396807	4
-0.0720448316892299	0.478570790474717	245
-0.0717777566350599	0.477074019570971	308
-0.06891673227405	0.478167346987275	28
-0.0720448316892299	0.478570790474717	136
-0.06712201309321	0.475136223572177	74
-0.0499656868804901	0.908177971331969	64
-0.0710166103938501	0.478193832396807	245
-0.0717777566350599	0.477074019570971	64
-0.0770658266540301	0.472946291653134	64
-0.0730725863230399	0.472854481440801	843
0.0499272437457801	0.785062078842457	843
0.0483658284992801	0.769354800829021	1510
0.0553140457202801	0.777447335571876	383
-0.0699879229667999	0.472328161227103	843
-0.07280539644993	0.477448564652232	843
-0.0730725863230399	0.472854481440801	225
0.0508334283573899	0.786182588324621	285
0.0538925777473001	0.779864833648603	549
-0.0699879229667999	0.472328161227103	1291
-0.0681537716474701	0.479292741706694	1291
0.10704351741988	1.10574018947306	11
0.0541478364472301	0.79255832938947	11
-0.0717777566350599	0.477074019570971	247
-0.05613655057499	0.886160837862887	278
-0.0707496515431201	0.471239687923602	278
-0.0720448316892299	0.478570790474717	4
0.05259080843722	0.777380091161839	4
-0.0681537716474701	0.479292741706694	136
-0.0760405310832699	0.472583961120929	136
-0.0730725863230399	0.472854481440801	74
-0.0691850616331	0.474993175817053	128
-0.0710166103938501	0.478193832396807	245
-0.0717777566350599	0.477074019570971	60
-0.0720448316892299	0.478570790474717	64
-0.0720448316892299	0.478570790474717	843
-0.0720448316892299	0.478570790474717	946
-0.0760405310832699	0.472583961120929	305
-0.07214806860361	0.469601658503721	11
-0.0720448316892299	0.478570790474717	4
-0.06712201309321	0.475136223572177	2197
-0.07280539644993	0.477448564652232	676
-0.07809066276743	0.467369829987504	285
-0.0717777566350599	0.477074019570971	549
0.0229369440156999	1.29632591348339	451
-0.0742052468557199	0.469453428525921	1291
-0.0592490210088199	0.888404462375143	11
-0.0720448316892299	0.478570790474717	11
-0.06891673227405	0.478167346987275	11
-0.0699474380288001	0.473890200865325	4
-0.06603988765179	0.469223739016395	4
-0.06891673227405	0.478167346987275	4
-0.0730725863230399	0.472854481440801	128
-0.0710166103938501	0.478193832396807	245
-0.0720448316892299	0.478570790474717	843
-0.07280539644993	0.477448564652232	843
-0.07280539644993	0.477448564652232	843
-0.0730725863230399	0.472854481440801	843
-0.0717777566350599	0.477074019570971	285
-0.06712201309321	0.475136223572177	946
-0.0717777566350599	0.477074019570971	2197
0.0500895525974501	0.778774959831316	2197
-0.0681537716474701	0.479292741706694	549
-0.0678855588124401	0.474033268230349	549
-0.0710166103938501	0.478193832396807	549
-0.0497693203926901	0.895727207553442	549
-0.0720448316892299	0.478570790474717	451
-0.0681537716474701	0.479292741706694	76
-0.0681537716474701	0.479292741706694	11
-0.0699474380288001	0.473890200865325	1059
-0.0627615070583001	0.881694380364185	1059
-0.0681537716474701	0.479292741706694	168
-0.06603988765179	0.469223739016395	136
-0.0720448316892299	0.478570790474717	714
-0.0699879229667999	0.472328161227103	843
0.0913042506703201	2.48368474682293	305
0.0497871881301699	0.75330350524865	285
-0.0523954066007699	0.90874542512987	676
-0.07280539644993	0.477448564652232	2197
-0.0699474380288001	0.473890200865325	549
-0.0730725863230399	0.472854481440801	76
0.05351304541734	0.769930773141108	76
-0.0652751037252599	0.470301214618162	451
-0.06891673227405	0.478167346987275	451
-0.0730725863230399	0.472854481440801	76
-0.06424025149337	0.470793566917827	1291
-0.0707496515431201	0.471239687923602	76
-0.0720448316892299	0.478570790474717	11
-0.0730725863230399	0.472854481440801	1059
-0.0699474380288001	0.473890200865325	271
-0.07280539644993	0.477448564652232	278
-0.07280539644993	0.477448564652232	4
-0.0770658266540301	0.472946291653134	168
-0.0720448316892299	0.478570790474717	168
-0.0681537716474701	0.479292741706694	136
-0.06891673227405	0.478167346987275	245
-0.0738325704557401	0.471762089576048	245
-0.07280539644993	0.477448564652232	285
-0.0681537716474701	0.479292741706694	285
-0.0770658266540301	0.472946291653134	285
-0.0691850616331	0.474993175817053	285
0.0528965222055999	0.760546211571193	676
-0.0681537716474701	0.479292741706694	2197
-0.06891673227405	0.478167346987275	76
-0.0760405310832699	0.472583961120929	11
-0.0681537716474701	0.479292741706694	11
-0.0710166103938501	0.478193832396807	2160
-0.0691850616331	0.474993175817053	4
-0.0720448316892299	0.478570790474717	4
-0.0760405310832699	0.472583961120929	4
-0.0770658266540301	0.472946291653134	168
-0.07280539644993	0.477448564652232	843
-0.0699474380288001	0.473890200865325	305
0.05351304541734	0.769930773141108	305
-0.07280539644993	0.477448564652232	305
-0.07280539644993	0.477448564652232	11
-0.0770658266540301	0.472946291653134	946
0.0490202905863799	0.781201794884634	285
-0.06500562329447	0.469713899049653	2197
-0.0710166103938501	0.478193832396807	451
-0.0678855588124401	0.474033268230349	451
-0.0717777566350599	0.477074019570971	76
-0.0717777566350599	0.477074019570971	451
-0.0652751037252599	0.470301214618162	451
-0.0710166103938501	0.478193832396807	11
0.05440363611776	0.780361677510396	11
-0.0738325704557401	0.471762089576048	11
-0.07280539644993	0.477448564652232	278
-0.07280539644993	0.477448564652232	278
-0.0717777566350599	0.477074019570971	4
-0.07280539644993	0.477448564652232	168
-0.07809066276743	0.467369829987504	245
-0.0730725863230399	0.472854481440801	136
-0.0742052468557199	0.469453428525921	136
-0.0710166103938501	0.478193832396807	245
-0.0730725863230399	0.472854481440801	64
-0.0652751037252599	0.470301214618162	843
0.10380654524831	1.08788923230091	2197
0.05537769026615	0.7701673605307	858
0.1128640549147	1.1131056781638	83
-0.0699474380288001	0.473890200865325	76
-0.07280539644993	0.477448564652232	76
-0.07215708638205	1.60347745079895	968
-0.0717777566350599	0.477074019570971	11
-0.05416394288337	0.910864209091877	2198
0.04511289303059	0.770721136679104	4
-0.07280539644993	0.477448564652232	4
-0.0717777566350599	0.477074019570971	4
-0.0717777566350599	0.477074019570971	4
-0.0681537716474701	0.479292741706694	4
-0.0678855588124401	0.474033268230349	245
-0.07809066276743	0.467369829987504	245
-0.07280539644993	0.477448564652232	136
-0.0710166103938501	0.478193832396807	136
-0.06424025149337	0.470793566917827	245
-0.0720448316892299	0.478570790474717	245
-0.0720448316892299	0.478570790474717	245
-0.0717777566350599	0.477074019570971	233
-0.07280539644993	0.477448564652232	714
-0.07280539644993	0.477448564652232	245
-0.0720448316892299	0.478570790474717	843
-0.0760405310832699	0.472583961120929	285
0.11244488258851	1.12815236230667	285
-0.0699474380288001	0.473890200865325	858
-0.0678855588124401	0.474033268230349	549
-0.0681537716474701	0.479292741706694	792
-0.0730725863230399	0.472854481440801	76
-0.0499656868804901	0.908177971331969	451
-0.0717777566350599	0.477074019570971	1291
-0.05484685749759	0.892026072177784	364
0.0510220935161501	0.778798937917858	794
-0.07280539644993	0.477448564652232	271
-0.0691850616331	0.474993175817053	271
-0.07280539644993	0.477448564652232	278
0.0448614621208501	0.767687898006736	4
-0.06891673227405	0.478167346987275	245
-0.0720448316892299	0.478570790474717	737
-0.06891673227405	0.478167346987275	245
-0.0720448316892299	0.478570790474717	714
-0.06891673227405	0.478167346987275	843
-0.0760405310832699	0.472583961120929	843
-0.11833780346214	1.06235584180823	225
-0.07280539644993	0.477448564652232	645
0.0523349170960601	0.780491055902145	1250
-0.07214806860361	0.469601658503721	1250
-0.0710166103938501	0.478193832396807	858
-0.07280539644993	0.477448564652232	968
-0.0770658266540301	0.472946291653134	1081
-0.0730725863230399	0.472854481440801	913
-0.0730725863230399	0.472854481440801	913
-0.0742052468557199	0.469453428525921	245
-0.0738325704557401	0.471762089576048	285
-0.0699879229667999	0.472328161227103	645
-0.0770658266540301	0.472946291653134	285
-0.0681537716474701	0.479292741706694	1250
-0.06891673227405	0.478167346987275	76
-0.0699474380288001	0.473890200865325	271
-0.0710166103938501	0.478193832396807	946
-0.0738325704557401	0.471762089576048	648
0.0457640659241601	0.771410399129658	648
-0.07280539644993	0.477448564652232	858
-0.0681537716474701	0.479292741706694	549
-0.07214806860361	0.469601658503721	76
-0.07501477661502	0.466870648976945	401
-0.0652751037252599	0.470301214618162	2176
-0.0738325704557401	0.471762089576048	364
-0.06712201309321	0.475136223572177	11
-0.0720448316892299	0.478570790474717	4
-0.0681537716474701	0.479292741706694	549
-0.06712201309321	0.475136223572177	76
-0.0720448316892299	0.478570790474717	364
-0.07029737548226	0.46489469838612	364
-0.07280539644993	0.477448564652232	1115
-0.06891673227405	0.478167346987275	285
-0.0717777566350599	0.477074019570971	794
-0.0720448316892299	0.478570790474717	1099
-0.0730725863230399	0.472854481440801	549
0.05173884031121	0.784928292248589	285
-0.06210972046429	0.459380313893167	285
-0.07280539644993	0.477448564652232	1771
-0.05416394288337	0.910864209091877	1250
-0.0730725863230399	0.472854481440801	1250
-0.0738325704557401	0.471762089576048	858
-0.07280539644993	0.477448564652232	858
-0.0691850616331	0.474993175817053	285
-0.07280539644993	0.477448564652232	549
-0.0681537716474701	0.479292741706694	451
-0.0691850616331	0.474993175817053	401
-0.0720448316892299	0.478570790474717	401
-0.0742052468557199	0.469453428525921	76
0.0496746038970799	0.771811008207858	76
-0.06712201309321	0.475136223572177	76
-0.0738325704557401	0.471762089576048	1338
-0.06424025149337	0.470793566917827	11
-0.0720448316892299	0.478570790474717	4
-0.0681537716474701	0.479292741706694	4
-0.0717777566350599	0.477074019570971	4
-0.0730725863230399	0.472854481440801	245
-0.0710166103938501	0.478193832396807	245
-0.0652751037252599	0.470301214618162	737
-0.0738325704557401	0.471762089576048	245
-0.07280539644993	0.477448564652232	245
-0.0678855588124401	0.474033268230349	1099
-0.0730725863230399	0.472854481440801	1771
0.0481125729771801	0.771761590408387	1099
0.0483658284992801	0.769354800829021	1250
-0.0681537716474701	0.479292741706694	1250
-0.0720448316892299	0.478570790474717	285
-0.06891673227405	0.478167346987275	76
-0.06500562329447	0.469713899049653	76
-0.07214806860361	0.469601658503721	11
-0.0699879229667999	0.472328161227103	11
-0.0681537716474701	0.479292741706694	4
0.0578079631572099	0.773305480893515	4
-0.0738325704557401	0.471762089576048	843
-0.06891673227405	0.478167346987275	645
-0.0760405310832699	0.472583961120929	1250
-0.06712201309321	0.475136223572177	76
-0.0717777566350599	0.477074019570971	1152
-0.0738325704557401	0.471762089576048	11
-0.0710166103938501	0.478193832396807	4
-0.06891673227405	0.478167346987275	1115
-0.0720448316892299	0.478570790474717	1099
-0.0707496515431201	0.471239687923602	645
-0.0738325704557401	0.471762089576048	285
-0.0710166103938501	0.478193832396807	11
-0.06926546790303	0.465378566229971	1160
-0.07280539644993	0.477448564652232	11
-0.0770658266540301	0.472946291653134	4
-0.0720448316892299	0.478570790474717	245
-0.0730725863230399	0.472854481440801	245
-0.0738325704557401	0.471762089576048	245
-0.05327964510102	0.91099682350394	1250
-0.07280539644993	0.477448564652232	2199
-0.07280539644993	0.477448564652232	858
-0.06712201309321	0.475136223572177	285
-0.0720448316892299	0.478570790474717	451
-0.0770658266540301	0.472946291653134	451
-0.0730725863230399	0.472854481440801	451
-0.0742052468557199	0.469453428525921	76
-0.0770658266540301	0.472946291653134	401
0.11421406089321	1.13145762266747	11
-0.0730725863230399	0.472854481440801	4
-0.07809066276743	0.467369829987504	4
-0.0691850616331	0.474993175817053	4
-0.0678855588124401	0.474033268230349	260
-0.06891673227405	0.478167346987275	4
-0.0717777566350599	0.477074019570971	4
-0.07280539644993	0.477448564652232	245
0.0490202905863799	0.781201794884634	245
-0.0699879229667999	0.472328161227103	245
-0.0678855588124401	0.474033268230349	245
-0.0717777566350599	0.477074019570971	843
-0.05782116202135	0.89884378472194	4
0.02167011324598	1.29460049790981	4
-0.0574806497426299	0.898690992261966	4
0.11082325682658	1.10833047350856	4
0.0491566799541401	0.775770930689392	245
0.0607734958446899	1.61878652898911	245
0.0508334283573899	0.786182588324621	1007
-0.05138979471127	0.892615674789939	98
-0.0720448316892299	0.478570790474717	245
-0.06500562329447	0.469713899049653	98
-0.05273820465056	0.912281557043227	245
0.0516832273877501	0.768721890850317	28
0.11458377819238	1.11002962269758	28
-0.07280539644993	0.477448564652232	245
-0.0770658266540301	0.472946291653134	245
-0.0730725863230399	0.472854481440801	245
0.0541478364472301	0.79255832938947	245
-0.06891673227405	0.478167346987275	233
-0.07280539644993	0.477448564652232	233
-0.06891673227405	0.478167346987275	843
-0.0699474380288001	0.473890200865325	843
-0.0717777566350599	0.477074019570971	128
0.0500895525974501	0.778774959831316	451
-0.06603988765179	0.469223739016395	11
0.0505808284801501	0.77555938050866	4
-0.0770658266540301	0.472946291653134	4
-0.07280539644993	0.477448564652232	278
0.0299256855263099	1.28482578110945	4
-0.11121063842229	1.06646987337179	98
-0.0188885423473399	1.92368212101108	245
0.0575397755193701	0.771653479704986	245
-0.0717777566350599	0.477074019570971	245
-0.06891673227405	0.478167346987275	245
-0.0710166103938501	0.478193832396807	245
-0.0710166103938501	0.478193832396807	233
0.01676278950382	1.24719370406596	233
-0.0710166103938501	0.478193832396807	64
-0.0707496515431201	0.471239687923602	843
-0.0710166103938501	0.478193832396807	259
-0.07280539644993	0.477448564652232	843
-0.0691850616331	0.474993175817053	128
-0.05537349844875	0.897830680231258	285
-0.0717777566350599	0.477074019570971	2199
-0.0710166103938501	0.478193832396807	451
-0.0720448316892299	0.478570790474717	4
-0.0717777566350599	0.477074019570971	1227
-0.05450583170553	0.909610308903803	168
0.0189822715008301	1.29042653042406	1007
-0.0710166103938501	0.478193832396807	98
0.01500444989022	1.28285800194236	245
-0.10001436309139	1.044691979134	98
-0.0710166103938501	0.478193832396807	1126
-0.0720448316892299	0.478570790474717	259
-0.10263268317954	1.75101668884868	1099
-0.07214806860361	0.469601658503721	2199
-0.0555908704077901	0.894166867027739	285
-0.05782116202135	0.89884378472194	285
-0.0565959335432	0.897819638951261	285
-0.12234916112637	1.04373076665933	285
0.0513103608057199	0.775222255169698	401
-0.0497693203926901	0.895727207553442	589
0.056606241661	0.779912172364091	365
0.0457640659241601	0.771410399129658	364
0.0457640659241601	0.771410399129658	364
0.0538925777473001	0.779864833648603	4
-0.0710166103938501	0.478193832396807	4
-0.0720448316892299	0.478570790474717	4
-0.06891673227405	0.478167346987275	4
-0.0691850616331	0.474993175817053	2325
0.05173884031121	0.784928292248589	2325
-0.06500562329447	0.469713899049653	2325
-0.0710166103938501	0.478193832396807	260
-0.07280539644993	0.477448564652232	28
-0.0720448316892299	0.478570790474717	245
-0.0710166103938501	0.478193832396807	245
-0.0717777566350599	0.477074019570971	233
-0.07317688836652	0.473648243082631	64
-0.0691850616331	0.474993175817053	259
-0.0681537716474701	0.479292741706694	1091
0.02472945055415	1.29941756841407	1099
-0.11429606667845	1.06576613605417	1099
-0.0469992100836101	0.896324802968931	1099
0.11096620184168	1.11299415326416	285
-0.11424263104536	1.06581524493349	285
0.0538925777473001	0.779864833648603	451
-0.06750030914746	0.863753269904659	285
-0.1147257446432	1.06837021970321	589
0.0508334283573899	0.786182588324621	401
-0.07809066276743	0.467369829987504	401
-0.0720448316892299	0.478570790474717	11
-0.06712201309321	0.475136223572177	364
-0.07280539644993	0.477448564652232	364
-0.07280539644993	0.477448564652232	364
-0.0730725863230399	0.472854481440801	4
-0.0720448316892299	0.478570790474717	4
-0.0717777566350599	0.477074019570971	4
-0.0717777566350599	0.477074019570971	1227
0.0538033505100699	0.771118615805415	2325
0.0220030029289	1.28260681385494	168
-0.0681537716474701	0.479292741706694	28
-0.06891673227405	0.478167346987275	28
-0.0717777566350599	0.477074019570971	28
-0.11971768889195	1.05617563035122	28
-0.0681537716474701	0.479292741706694	64
-0.11210066799394	1.06225018209869	1099
-0.0730725863230399	0.472854481440801	285
0.0557024721889701	0.782855365464993	285
-0.0691850616331	0.474993175817053	401
0.0505808284801501	0.77555938050866	11
0.11296145903304	1.12969623516501	1117
-0.0720448316892299	0.478570790474717	4
-0.07280539644993	0.477448564652232	4
-0.07280539644993	0.477448564652232	168
-0.06712201309321	0.475136223572177	168
-0.0710166103938501	0.478193832396807	28
-0.0681537716474701	0.479292741706694	28
-0.0770658266540301	0.472946291653134	233
-0.0699474380288001	0.473890200865325	64
-0.06891673227405	0.478167346987275	64
-0.0148919078560401	1.96713521650866	423
0.11057813060786	1.13473085301283	98
-0.0710166103938501	0.478193832396807	98
0.0514862837782999	0.776653741316405	1455
0.0168003890534301	1.28831642679848	28
-0.04942604385891	0.90944503896517	28
0.0550531257249101	0.792542427995745	233
0.0587433595831299	0.771678233328882	233
0.05173884031121	0.784928292248589	64
-0.0720448316892299	0.478570790474717	64
-0.0730725863230399	0.472854481440801	158
-0.0681537716474701	0.479292741706694	1033
-0.0760405310832699	0.472583961120929	91
-0.06712201309321	0.475136223572177	91
-0.06891673227405	0.478167346987275	259
-0.06712201309321	0.475136223572177	1091
-0.0646981053336599	2.17369699057861	589
0.0466699065774101	0.772502733813019	423
0.11747697996044	1.1233986976796	11
-0.10403805492721	1.05405919807108	11
-0.0742052468557199	0.469453428525921	11
0.11333659646118	1.10356253100996	4
-0.05282780397512	0.87011548356631	168
-0.06712201309321	0.475136223572177	2161
-0.0710166103938501	0.478193832396807	1065
-0.07501477661502	0.466870648976945	304
-0.11792035481483	1.06371525331464	304
-0.06891673227405	0.478167346987275	2088
0.05324176552158	0.789473162707191	28
0.10642109993948	1.11757205951485	636
0.0514862837782999	0.776653741316405	64
0.05259080843722	0.777380091161839	64
0.05239096568043	0.775447909362186	225
-0.07280539644993	0.477448564652232	225
-0.0332852078781001	1.46316584732623	285
0.0600305246322299	0.7740873125592	589
-0.0760405310832699	0.472583961120929	401
-0.0720448316892299	0.478570790474717	401
-0.0720448316892299	0.478570790474717	423
-0.0730725863230399	0.472854481440801	423
0.0429462775821601	0.752682581505889	11
0.06644569695396	1.64469438967859	11
-0.0805799938846401	1.57653382394683	4
-0.06603988765179	0.469223739016395	4
0.0229369440156999	1.29632591348339	4
-0.11024899915544	1.06901855725387	4
-0.0710166103938501	0.478193832396807	1065
-0.07280539644993	0.477448564652232	304
-0.06891673227405	0.478167346987275	1455
-0.0720448316892299	0.478570790474717	636
-0.06712201309321	0.475136223572177	636
-0.0681537716474701	0.479292741706694	233
-0.0720448316892299	0.478570790474717	233
-0.0699474380288001	0.473890200865325	64
-0.0710166103938501	0.478193832396807	1578
-0.07280539644993	0.477448564652232	91
-0.0720448316892299	0.478570790474717	225
-0.0681537716474701	0.479292741706694	225
-0.0699474380288001	0.473890200865325	225
-0.07280539644993	0.477448564652232	285
-0.0738325704557401	0.471762089576048	401
-0.0681537716474701	0.479292741706694	423
-0.0710166103938501	0.478193832396807	423
-0.07214806860361	0.469601658503721	1065
-0.0681537716474701	0.479292741706694	1065
-0.0730725863230399	0.472854481440801	304
-0.06891673227405	0.478167346987275	1455
-0.0681537716474701	0.479292741706694	1455
-0.0720448316892299	0.478570790474717	1455
-0.0699474380288001	0.473890200865325	2088
0.0557024721889701	0.782855365464993	519
0.0514862837782999	0.776653741316405	245
0.0499272437457801	0.785062078842457	245
0.0514862837782999	0.776653741316405	194
-0.05273820465056	0.912281557043227	57
-0.07280539644993	0.477448564652232	233
-0.0720448316892299	0.478570790474717	64
0.0550531257249101	0.792542427995745	64
0.0557024721889701	0.782855365464993	64
-0.0717777566350599	0.477074019570971	64
-0.0699879229667999	0.472328161227103	64
-0.07280539644993	0.477448564652232	1578
0.0478883727047801	0.766951201950055	1470
-0.0720448316892299	0.478570790474717	1470
0.0541478364472301	0.79255832938947	91
-0.06712201309321	0.475136223572177	91
-0.0717777566350599	0.477074019570971	225
-0.07280539644993	0.477448564652232	225
-0.0699474380288001	0.473890200865325	285
-0.0720448316892299	0.478570790474717	285
-0.06750552124111	1.61049189520992	285
-0.0699474380288001	0.473890200865325	401
0.10553714619583	1.11520532991291	423
0.0490202905863799	0.781201794884634	423
-0.10669167750015	1.06847070489838	11
-0.06221874894826	0.891755340993512	11
-0.03006733606771	1.45608660343258	11
0.0144314663832099	2.24217660314924	11
-0.0710166103938501	0.478193832396807	4
0.0476024765398	0.771332727138389	168
0.0514862837782999	0.776653741316405	304
-0.0717777566350599	0.477074019570971	2088
-0.0738325704557401	0.471762089576048	28
0.1183618473934	1.12182165715717	28
0.02688367499818	1.29503304240232	28
-0.0717777566350599	0.477074019570971	591
-0.0717777566350599	0.477074019570971	233
0.0534976127295399	0.780362467629578	64
-0.0717777566350599	0.477074019570971	64
0.02778019353828	1.29676719100538	64
0.0578079631572099	0.773305480893515	64
-0.0710166103938501	0.478193832396807	225
-0.0717777566350599	0.477074019570971	225
-0.0710166103938501	0.478193832396807	225
0.0550531257249101	0.792542427995745	285
-0.11558617561792	1.05074498632805	589
0.07399615447152	1.69664110800774	589
-0.0710166103938501	0.478193832396807	401
0.0505808284801501	0.77555938050866	423
-0.0710166103938501	0.478193832396807	423
-0.0720448316892299	0.478570790474717	423
0.0490202905863799	0.781201794884634	168
0.0588048514703701	0.758790873700465	168
-0.0652751037252599	0.470301214618162	245
0.10553714619583	1.11520532991291	57
-0.0730725863230399	0.472854481440801	207
-0.0691850616331	0.474993175817053	207
-0.0710166103938501	0.478193832396807	64
-0.0710166103938501	0.478193832396807	64
-0.0738325704557401	0.471762089576048	64
-0.0720448316892299	0.478570790474717	64
-0.0678855588124401	0.474033268230349	1578
-0.0717777566350599	0.477074019570971	1470
-0.0720448316892299	0.478570790474717	91
-0.0730725863230399	0.472854481440801	225
-0.12060899649713	1.04782555033818	645
-0.0760405310832699	0.472583961120929	589
0.0514862837782999	0.776653741316405	423
0.05195430013803	0.775907452258494	423
0.0448614621208501	0.767687898006736	423
-0.0710166103938501	0.478193832396807	4
0.0806621030254	1.69647791576822	260
-0.0699879229667999	0.472328161227103	1425
0.0457640659241601	0.771410399129658	4
0.0584522846205799	0.785152960886062	4
-0.0717777566350599	0.477074019570971	168
-0.0770658266540301	0.472946291653134	168
-0.0738325704557401	0.471762089576048	98
-0.0720448316892299	0.478570790474717	28
-0.0681537716474701	0.479292741706694	519
-0.0730725863230399	0.472854481440801	591
-0.0707496515431201	0.471239687923602	245
-0.07280539644993	0.477448564652232	1579
-0.0720448316892299	0.478570790474717	91
-0.07280539644993	0.477448564652232	225
0.0501804258727001	0.774176324231999	589
-0.0710166103938501	0.478193832396807	401
-0.0720448316892299	0.478570790474717	401
-0.06891673227405	0.478167346987275	401
0.05689453791152	0.780961513779423	423
-0.10983232271809	1.07306394539463	168
-0.0710166103938501	0.478193832396807	168
-0.07501477661502	0.466870648976945	168
-0.07809066276743	0.467369829987504	98
-0.07809066276743	0.467369829987504	304
-0.0770658266540301	0.472946291653134	98
-0.07280539644993	0.477448564652232	519
0.0492735110912199	0.773083861620571	519
-0.06891673227405	0.478167346987275	28
0.0460222374661601	0.771815254797831	194
-0.0720448316892299	0.478570790474717	64
-0.0720448316892299	0.478570790474717	64
-0.0738325704557401	0.471762089576048	1470
-0.0678855588124401	0.474033268230349	158
-0.0720448316892299	0.478570790474717	259
-0.0691850616331	0.474993175817053	1110
-0.0710166103938501	0.478193832396807	225
-0.0710166103938501	0.478193832396807	401
-0.06891673227405	0.478167346987275	423
-0.1062730475363	1.06362770967605	11
-0.06712201309321	0.475136223572177	328
0.0734146831545499	1.66863830111567	376
-0.0490819064799399	0.906998237084462	4
-0.0730725863230399	0.472854481440801	168
-0.0720448316892299	0.478570790474717	168
-0.0720448316892299	0.478570790474717	168
-0.0652751037252599	0.470301214618162	168
-0.06891673227405	0.478167346987275	1065
-0.0710166103938501	0.478193832396807	519
0.0499272437457801	0.785062078842457	28
-0.0710166103938501	0.478193832396807	28
0.0541478364472301	0.79255832938947	57
0.0523349170960601	0.780491055902145	57
-0.05185448000311	0.910021425154128	57
-0.05227422164923	0.888125468809446	64
-0.0717777566350599	0.477074019570971	64
-0.0691850616331	0.474993175817053	64
-0.0760405310832699	0.472583961120929	1579
-0.0710166103938501	0.478193832396807	721
-0.0717777566350599	0.477074019570971	259
-0.0707496515431201	0.471239687923602	225
0.11244488258851	1.12815236230667	285
0.0286448079858199	1.81207154313349	285
-0.0691850616331	0.474993175817053	423
0.10844634848555	1.1002980190403	11
-0.0691850616331	0.474993175817053	11
-0.07280539644993	0.477448564652232	583
-0.0730725863230399	0.472854481440801	168
-0.0738325704557401	0.471762089576048	168
-0.0634267998745	0.864671546591208	168
0.0501804258727001	0.774176324231999	98
-0.0710166103938501	0.478193832396807	1744
0.10678640239191	1.11610590333976	28
0.05239096568043	0.775447909362186	519
-0.0720448316892299	0.478570790474717	28
-0.0710166103938501	0.478193832396807	28
0.0514862837782999	0.776653741316405	57
0.11384544599427	1.13290308531944	57
-0.0572770140919201	0.886872510740763	57
-0.06603988765179	0.469223739016395	207
-0.0699879229667999	0.472328161227103	207
-0.06712201309321	0.475136223572177	207
-0.07280539644993	0.477448564652232	64
-0.0770658266540301	0.472946291653134	64
-0.0699879229667999	0.472328161227103	91
0.10541865256496	1.12484980229209	158
-0.0730725863230399	0.472854481440801	91
-0.0476595825056001	0.904010444712752	1470
-0.0770658266540301	0.472946291653134	1470
-0.0707496515431201	0.471239687923602	259
-0.07280539644993	0.477448564652232	225
-0.11875534763767	1.02803800296671	285
-0.0699879229667999	0.472328161227103	423
-0.0720448316892299	0.478570790474717	423
-0.0738325704557401	0.471762089576048	328
-0.0580234417080501	0.904947505639359	11
-0.05219686831619	0.899923519313658	1116
-0.0710166103938501	0.478193832396807	1629
-0.0760405310832699	0.472583961120929	519
-0.0720448316892299	0.478570790474717	28
-0.07280539644993	0.477448564652232	57
-0.06712201309321	0.475136223572177	207
0.0541478364472301	0.79255832938947	91
-0.0717777566350599	0.477074019570971	1470
0.0469554682703801	0.770648218228337	1470
-0.07280539644993	0.477448564652232	259
-0.0691850616331	0.474993175817053	225
-0.0710166103938501	0.478193832396807	225
-0.07285416953284	1.5890627127582	285
0.06695002631479	2.13222283994586	285
0.05324176552158	0.789473162707191	285
-0.07280539644993	0.477448564652232	423
-0.0717777566350599	0.477074019570971	423
0.05351304541734	0.769930773141108	11
0.0534976127295399	0.780362467629578	11
-0.0720448316892299	0.478570790474717	364
-0.01089531528079	1.94113002144663	11
-0.07215708638205	1.60347745079895	4
-0.0720448316892299	0.478570790474717	168
-0.0720448316892299	0.478570790474717	168
-0.0691850616331	0.474993175817053	168
-0.0710166103938501	0.478193832396807	369
-0.11477653767558	1.06464044495059	304
0.10453378394352	1.12065890271037	28
-0.0652751037252599	0.470301214618162	28
-0.1146997991692	1.04784642562442	57
0.05324176552158	0.789473162707191	57
-0.1237193781854	1.03707897999877	207
-0.0720448316892299	0.478570790474717	394
0.0550531257249101	0.792542427995745	394
-0.0710166103938501	0.478193832396807	64
-0.07280539644993	0.477448564652232	64
-0.07280539644993	0.477448564652232	270
-0.0730725863230399	0.472854481440801	91
-0.0730725863230399	0.472854481440801	158
-0.0720448316892299	0.478570790474717	1579
0.1109454935159	1.13190593364086	91
0.05816203902384	0.773856683030631	91
-0.0710166103938501	0.478193832396807	259
-0.07280539644993	0.477448564652232	225
-0.0699474380288001	0.473890200865325	225
0.10755969251758	1.10753370676427	589
-0.0717777566350599	0.477074019570971	423
-0.0389216708197	1.46156275082955	11
0.0490202905863799	0.781201794884634	168
-0.0522904876988699	0.879719537231173	98
-0.06891673227405	0.478167346987275	98
-0.0730725863230399	0.472854481440801	304
-0.06712201309321	0.475136223572177	1524
0.0508334283573899	0.786182588324621	28
-0.06603988765179	0.469223739016395	28
-0.0717777566350599	0.477074019570971	207
-0.0699879229667999	0.472328161227103	158
-0.11113638655076	1.06478553781221	11
-0.1214730759709	1.03982329214537	4
0.0163726221920999	1.28829306210437	168
-0.0720448316892299	0.478570790474717	369
0.0168003890534301	1.28831642679848	304
-0.07280539644993	0.477448564652232	28
-0.11391943008216	1.04870727415027	28
-0.05782116202135	0.89884378472194	57
-0.0691850616331	0.474993175817053	57
-0.0681537716474701	0.479292741706694	57
0.0487676141282201	0.762654331068483	57
-0.0720448316892299	0.478570790474717	64
0.0510865687348601	0.772983662632903	91
0.0499272437457801	0.785062078842457	91
0.05479791616394	0.782861546376213	91
-0.0717777566350599	0.477074019570971	91
0.0490202905863799	0.781201794884634	91
-0.0717777566350599	0.477074019570971	225
0.0505808284801501	0.77555938050866	72
0.0234651822846399	1.28352247373153	285
-0.05484685749759	0.892026072177784	589
-0.0681537716474701	0.479292741706694	178
-0.06891673227405	0.478167346987275	423
-0.0710166103938501	0.478193832396807	423
-0.0710166103938501	0.478193832396807	328
0.11547941625482	1.10990126239624	11
-0.0768740402822501	1.57167894017009	4
0.0189298515523699	1.81374321382157	168
-0.06891673227405	0.478167346987275	168
0.11133739618559	1.12176329225485	369
-0.0710166103938501	0.478193832396807	304
-0.07317688836652	0.473648243082631	2201
-0.07317688836652	0.473648243082631	28
-0.06891673227405	0.478167346987275	28
-0.12323649517646	1.01457724635658	28
0.0526434754852001	0.781039269293486	57
0.05324176552158	0.789473162707191	57
-0.07280539644993	0.477448564652232	64
0.0483658284992801	0.769354800829021	64
0.05173884031121	0.784928292248589	64
0.0499272437457801	0.785062078842457	64
-0.07280539644993	0.477448564652232	64
-0.07501477661502	0.466870648976945	213
-0.05836541677124	0.897583415485501	91
-0.0678855588124401	0.474033268230349	91
-0.0720448316892299	0.478570790474717	259
-0.0720448316892299	0.478570790474717	225
-0.07280539644993	0.477448564652232	225
-0.1146997991692	1.04784642562442	285
-0.10058735185095	2.34801382964748	364
-0.0720448316892299	0.478570790474717	328
-0.10136399694878	2.34765964860646	11
-0.05625674788163	0.902868618476487	1741
0.05479791616394	0.782861546376213	304
-0.0710166103938501	0.478193832396807	304
-0.07280539644993	0.477448564652232	28
0.0541478364472301	0.79255832938947	57
0.0492735110912199	0.773083861620571	207
-0.07280539644993	0.477448564652232	207
-0.07280539644993	0.477448564652232	207
0.0538925777473001	0.779864833648603	64
-0.0523954066007699	0.90874542512987	91
-0.0720448316892299	0.478570790474717	91
-0.06712201309321	0.475136223572177	91
-0.0717777566350599	0.477074019570971	259
0.04946663282216	0.758950492821241	72
-0.0710166103938501	0.478193832396807	178
0.05324176552158	0.789473162707191	168
-0.06712201309321	0.475136223572177	369
-0.0707496515431201	0.471239687923602	369
-0.06424025149337	0.470793566917827	1744
-0.06424025149337	0.470793566917827	304
0.0538925777473001	0.779864833648603	304
-0.06221874894826	0.891755340993512	304
-0.06712201309321	0.475136223572177	28
-0.0720448316892299	0.478570790474717	28
-0.07280539644993	0.477448564652232	57
-0.0710166103938501	0.478193832396807	207
-0.11335750649353	1.06827876202682	207
-0.06712201309321	0.475136223572177	394
-0.11291650402773	1.05428286157448	91
0.0510865687348601	0.772983662632903	213
-0.06500562329447	0.469713899049653	91
0.0538033505100699	0.771118615805415	91
-0.0717777566350599	0.477074019570971	91
-0.0699879229667999	0.472328161227103	723
-0.07280539644993	0.477448564652232	259
-0.07280539644993	0.477448564652232	225
-0.0720448316892299	0.478570790474717	423
-0.07317688836652	0.473648243082631	423
-0.0681537716474701	0.479292741706694	365
-0.1169457899813	1.86634155965587	364
0.01500444989022	1.28285800194236	11
0.11484444713623	2.0300079614029	4
0.0508334283573899	0.786182588324621	416
-0.06424025149337	0.470793566917827	168
-0.0681537716474701	0.479292741706694	369
-0.07280539644993	0.477448564652232	98
0.05479791616394	0.782861546376213	57
0.0505808284801501	0.77555938050866	207
-0.0720448316892299	0.478570790474717	57
-0.0710166103938501	0.478193832396807	64
-0.0681537716474701	0.479292741706694	213
0.0534976127295399	0.780362467629578	91
-0.0738325704557401	0.471762089576048	225
0.0510220935161501	0.778798937917858	423
-0.0730725863230399	0.472854481440801	364
0.0609480597796599	0.764735281485438	328
0.0500895525974501	0.778774959831316	1306
-0.0699879229667999	0.472328161227103	168
0.05479791616394	0.782861546376213	168
-0.06891673227405	0.478167346987275	907
-0.07317688836652	0.473648243082631	1855
-0.0717777566350599	0.477074019570971	304
-0.05118327251094	0.886877462107142	304
-0.0710166103938501	0.478193832396807	1938
-0.06891673227405	0.478167346987275	28
-0.0691850616331	0.474993175817053	64
-0.0720448316892299	0.478570790474717	64
-0.0681537716474701	0.479292741706694	2182
0.10074659058299	1.09371687252224	2182
-0.0710166103938501	0.478193832396807	225
-0.0691850616331	0.474993175817053	225
-0.0699879229667999	0.472328161227103	225
-0.07317688836652	0.473648243082631	72
-0.0707496515431201	0.471239687923602	72
-0.09496316517944	1.76354487468395	285
-0.0720448316892299	0.478570790474717	178
-0.0720448316892299	0.478570790474717	178
-0.0710166103938501	0.478193832396807	868
-0.04942604385891	0.90944503896517	328
-0.06712201309321	0.475136223572177	328
0.0265650724217199	1.27354013156956	328
0.05259080843722	0.777380091161839	11
-0.06891673227405	0.478167346987275	1306
-0.06891673227405	0.478167346987275	168
-0.0710166103938501	0.478193832396807	98
-0.07280539644993	0.477448564652232	907
-0.0720448316892299	0.478570790474717	28
-0.0707496515431201	0.471239687923602	28
-0.0699474380288001	0.473890200865325	729
-0.0681537716474701	0.479292741706694	57
0.0499272437457801	0.785062078842457	57
0.0541478364472301	0.79255832938947	207
-0.07280539644993	0.477448564652232	1043
-0.0717777566350599	0.477074019570971	64
-0.0720448316892299	0.478570790474717	64
-0.0717777566350599	0.477074019570971	91
-0.0730725863230399	0.472854481440801	91
-0.0720448316892299	0.478570790474717	259
-0.07280539644993	0.477448564652232	259
0.0505808284801501	0.77555938050866	2182
-0.0691850616331	0.474993175817053	225
-0.0710166103938501	0.478193832396807	225
-0.0760405310832699	0.472583961120929	72
0.02856109095536	1.80957914982392	589
-0.0710166103938501	0.478193832396807	423
-0.0678855588124401	0.474033268230349	423
-0.06891673227405	0.478167346987275	422
-0.0717777566350599	0.477074019570971	168
-0.0540029645033799	0.868865980309945	168
-0.0699879229667999	0.472328161227103	168
-0.0699474380288001	0.473890200865325	369
-0.06712201309321	0.475136223572177	304
0.0499272437457801	0.785062078842457	304
0.0584522846205799	0.785152960886062	304
0.05173884031121	0.784928292248589	28
-0.0720448316892299	0.478570790474717	57
0.0541478364472301	0.79255832938947	729
0.0491566799541401	0.775770930689392	57
-0.0730725863230399	0.472854481440801	207
-0.0710166103938501	0.478193832396807	64
0.0593870206300999	0.78344810605566	64
-0.06891673227405	0.478167346987275	64
0.0550531257249101	0.792542427995745	213
-0.0730725863230399	0.472854481440801	91
-0.0742052468557199	0.469453428525921	91
-0.0720448316892299	0.478570790474717	91
0.0584522846205799	0.785152960886062	655
0.0508334283573899	0.786182588324621	91
0.0550531257249101	0.792542427995745	2182
-0.0742052468557199	0.469453428525921	2182
0.05440363611776	0.780361677510396	225
-0.0699879229667999	0.472328161227103	225
0.0501804258727001	0.774176324231999	72
-0.07317688836652	0.473648243082631	72
-0.0761732210155399	2.10051280525867	72
-0.07280539644993	0.477448564652232	178
-0.0730725863230399	0.472854481440801	178
-0.0720448316892299	0.478570790474717	423
-0.0691850616331	0.474993175817053	423
0.05479791616394	0.782861546376213	868
-0.05732221347198	1.98965718007207	364
0.11223718751598	2.03823373419307	260
-0.0678855588124401	0.474033268230349	168
-0.07280539644993	0.477448564652232	98
-0.0770658266540301	0.472946291653134	110
-0.0681537716474701	0.479292741706694	28
-0.0681537716474701	0.479292741706694	57
-0.0710166103938501	0.478193832396807	57
0.05173884031121	0.784928292248589	387
-0.0710166103938501	0.478193832396807	57
-0.06603988765179	0.469223739016395	922
-0.0720448316892299	0.478570790474717	91
-0.07280539644993	0.477448564652232	91
-0.0717777566350599	0.477074019570971	321
-0.0720448316892299	0.478570790474717	225
-0.10579351033087	1.06867532893572	285
0.0541478364472301	0.79255832938947	178
0.0534976127295399	0.780362467629578	178
0.02360997608797	1.81610725645248	328
-0.0710166103938501	0.478193832396807	11
-0.0730725863230399	0.472854481440801	11
0.10749433970273	2.07036476876111	4
-0.0851496719176601	1.54545331614629	1276
-0.0730725863230399	0.472854481440801	168
0.0634588788235999	0.762587148801285	98
-0.07317688836652	0.473648243082631	907
-0.0717777566350599	0.477074019570971	98
-0.0760405310832699	0.472583961120929	304
-0.0710166103938501	0.478193832396807	304
-0.07280539644993	0.477448564652232	110
-0.0720448316892299	0.478570790474717	110
-0.0581608093624899	0.883734076078182	110
-0.0720448316892299	0.478570790474717	855
-0.06500562329447	0.469713899049653	729
-0.0720448316892299	0.478570790474717	64
-0.0681537716474701	0.479292741706694	64
-0.07280539644993	0.477448564652232	1037
-0.0717777566350599	0.477074019570971	91
-0.0717777566350599	0.477074019570971	259
-0.0720448316892299	0.478570790474717	225
-0.0720448316892299	0.478570790474717	589
-0.04942604385891	0.90944503896517	178
-0.06712201309321	0.475136223572177	178
-0.0742052468557199	0.469453428525921	423
-0.0681537716474701	0.479292741706694	868
0.03129007631266	1.28545064622769	11
-0.0730725863230399	0.472854481440801	4
-0.0710166103938501	0.478193832396807	834
-0.0681537716474701	0.479292741706694	1306
-0.0738325704557401	0.471762089576048	168
-0.0720448316892299	0.478570790474717	98
-0.07280539644993	0.477448564652232	2257
-0.0710166103938501	0.478193832396807	28
-0.0717777566350599	0.477074019570971	57
-0.0717777566350599	0.477074019570971	57
-0.0710166103938501	0.478193832396807	57
-0.0710166103938501	0.478193832396807	741
-0.0710166103938501	0.478193832396807	64
-0.0720448316892299	0.478570790474717	213
-0.0710166103938501	0.478193832396807	179
-0.07280539644993	0.477448564652232	225
-0.0197134255654901	1.96397174231353	645
-0.0730725863230399	0.472854481440801	72
0.11197965668668	1.11701884163659	589
0.05440363611776	0.780361677510396	178
-0.0720448316892299	0.478570790474717	423
-0.0280200427037201	1.9036470125133	11
0.0185589854050401	1.2799146846305	4
-0.04800375338719	0.896100134785529	168
-0.0710166103938501	0.478193832396807	168
-0.05471444322611	0.900864796591822	168
-0.07280539644993	0.477448564652232	98
-0.06891673227405	0.478167346987275	2027
-0.0691850616331	0.474993175817053	1938
-0.0720448316892299	0.478570790474717	110
-0.0681537716474701	0.479292741706694	57
-0.07280539644993	0.477448564652232	729
-0.0730725863230399	0.472854481440801	2172
-0.07280539644993	0.477448564652232	2452
-0.0730725863230399	0.472854481440801	64
-0.05327964510102	0.91099682350394	91
-0.0710166103938501	0.478193832396807	91
-0.0681537716474701	0.479292741706694	225
-0.0720448316892299	0.478570790474717	81
-0.10489469796581	1.06585897761573	72
-0.06621126802276	1.92085110068559	589
-0.0381071597932801	1.42108263392525	589
0.0123674379613601	1.24889782305929	95
0.0491566799541401	0.775770930689392	95
0.05440363611776	0.780361677510396	178
0.0510220935161501	0.778798937917858	178
-0.05890688317319	0.902431779745543	868
-0.0720448316892299	0.478570790474717	4
-0.05185448000311	0.910021425154128	4
0.0614586941337001	1.65014719357352	1276
-0.0720448316892299	0.478570790474717	1306
-0.0652751037252599	0.470301214618162	559
-0.0720448316892299	0.478570790474717	907
-0.0717777566350599	0.477074019570971	907
-0.06891673227405	0.478167346987275	2234
0.0584522846205799	0.785152960886062	304
-0.0742052468557199	0.469453428525921	110
-0.07280539644993	0.477448564652232	110
-0.0572770140919201	0.886872510740763	57
-0.0717777566350599	0.477074019570971	729
0.0541478364472301	0.79255832938947	57
0.11006056146374	1.13316508829393	57
-0.0678855588124401	0.474033268230349	207
-0.0720448316892299	0.478570790474717	64
-0.0678855588124401	0.474033268230349	64
-0.07280539644993	0.477448564652232	91
-0.0738325704557401	0.471762089576048	1742
-0.0707496515431201	0.471239687923602	1742
-0.0707496515431201	0.471239687923602	225
-0.0678855588124401	0.474033268230349	81
-0.04195763559162	1.41604569197402	72
0.0221224952399	1.29048575498746	72
-0.0717777566350599	0.477074019570971	72
-0.1160696397198	1.05320442843489	72
0.01544263128754	1.26581183294738	72
0.05596010072993	0.789495909237653	285
0.0513103608057199	0.775222255169698	589
0.06526356996747	1.68083491807099	589
-0.06891673227405	0.478167346987275	2390
-0.0710166103938501	0.478193832396807	178
-0.0760405310832699	0.472583961120929	178
-0.0770658266540301	0.472946291653134	423
0.0499272437457801	0.785062078842457	328
-0.05308013978115	0.899784327074712	11
-0.0710166103938501	0.478193832396807	834
-0.07280539644993	0.477448564652232	1306
0.05324176552158	0.789473162707191	168
0.10706385285834	1.08879210582877	943
-0.07280539644993	0.477448564652232	907
-0.0720448316892299	0.478570790474717	98
-0.07280539644993	0.477448564652232	2234
-0.0710166103938501	0.478193832396807	110
-0.0681537716474701	0.479292741706694	28
-0.0742052468557199	0.469453428525921	28
-0.0717777566350599	0.477074019570971	729
-0.07280539644993	0.477448564652232	57
-0.0710166103938501	0.478193832396807	57
0.05258021309025	0.762234031531953	57
0.11323263086843	1.12181235988981	57
-0.07280539644993	0.477448564652232	207
-0.0710166103938501	0.478193832396807	64
-0.0691850616331	0.474993175817053	64
-0.0720448316892299	0.478570790474717	64
-0.0717777566350599	0.477074019570971	1037
-0.0717777566350599	0.477074019570971	213
-0.0770658266540301	0.472946291653134	91
-0.0738325704557401	0.471762089576048	225
-0.0710166103938501	0.478193832396807	225
-0.0710166103938501	0.478193832396807	225
-0.0720448316892299	0.478570790474717	321
-0.06891673227405	0.478167346987275	81
-0.0720448316892299	0.478570790474717	868
0.06526356996747	1.68083491807099	4
-0.0691850616331	0.474993175817053	834
0.04851075015852	0.775082213195586	69
0.11109559482626	1.11822253915267	69
-0.07029737548226	0.46489469838612	168
-0.0699474380288001	0.473890200865325	98
-0.0760405310832699	0.472583961120929	907
-0.0717777566350599	0.477074019570971	304
-0.0699474380288001	0.473890200865325	110
-0.0699474380288001	0.473890200865325	855
0.05596010072993	0.789495909237653	28
0.10779668823239	1.11450985057666	28
-0.0717777566350599	0.477074019570971	57
0.0508334283573899	0.786182588324621	57
-0.0557112695906801	0.89485838223341	57
0.0492735110912199	0.773083861620571	57
0.0538925777473001	0.779864833648603	57
-0.0652751037252599	0.470301214618162	207
-0.0691850616331	0.474993175817053	2452
-0.0681537716474701	0.479292741706694	2452
-0.07317688836652	0.473648243082631	741
-0.0738325704557401	0.471762089576048	64
-0.0720448316892299	0.478570790474717	64
-0.0691850616331	0.474993175817053	64
-0.07280539644993	0.477448564652232	1037
0.05816203902384	0.773856683030631	91
-0.0678855588124401	0.474033268230349	179
0.0519919355567899	0.76925475596425	2456
-0.07280539644993	0.477448564652232	225
0.0640072047306499	1.64951344886583	589
-0.06891673227405	0.478167346987275	95
-0.11743908395017	1.06484566219605	328
-0.10803549558517	1.06801871741164	11
-0.10845401452793	1.06936308032174	4
-0.07280539644993	0.477448564652232	4
-0.0742052468557199	0.469453428525921	834
-0.0699879229667999	0.472328161227103	834
-0.0574806497426299	0.898690992261966	168
-0.0707496515431201	0.471239687923602	98
-0.0720448316892299	0.478570790474717	2027
-0.06891673227405	0.478167346987275	2027
0.01544263128754	1.26581183294738	28
0.04201558146065	0.753769429709984	57
-0.0720448316892299	0.478570790474717	729
-0.0346207568341199	1.46546594824282	57
-0.05436963802727	0.892156618389316	57
-0.0710166103938501	0.478193832396807	64
-0.0699879229667999	0.472328161227103	64
-0.06891673227405	0.478167346987275	64
-0.0634429835727801	0.874390513241176	64
-0.0738325704557401	0.471762089576048	225
-0.07317688836652	0.473648243082631	81
-0.11480614045696	1.04855429224358	589
-0.0691850616331	0.474993175817053	95
-0.12195056921486	1.8244006201509	328
-0.0681537716474701	0.479292741706694	69
-0.0738325704557401	0.471762089576048	69
-0.0681537716474701	0.479292741706694	168
0.0501804258727001	0.774176324231999	2027
-0.0707496515431201	0.471239687923602	2027
-0.04942604385891	0.90944503896517	28
0.0501804258727001	0.774176324231999	1957
-0.0710166103938501	0.478193832396807	57
-0.0760405310832699	0.472583961120929	57
0.11057813060786	1.13473085301283	57
-0.0710166103938501	0.478193832396807	207
-0.07280539644993	0.477448564652232	64
-0.0738325704557401	0.471762089576048	64
-0.06891673227405	0.478167346987275	91
-0.0760405310832699	0.472583961120929	117
-0.07280539644993	0.477448564652232	117
-0.0738325704557401	0.471762089576048	225
-0.0717777566350599	0.477074019570971	81
0.11370822994153	1.11687883965381	72
-0.10755554937495	1.06548355206232	589
-0.0661416888264099	1.6140557160323	589
0.0572272994035301	0.76610736129693	328
0.0154752432826399	1.2841999560672	328
-0.11343678852673	1.0658536949288	328
-0.0738325704557401	0.471762089576048	834
-0.0681537716474701	0.479292741706694	69
-0.0678855588124401	0.474033268230349	168
0.05537769026615	0.7701673605307	168
-0.06891673227405	0.478167346987275	168
-0.04665420349271	0.898709285512951	98
-0.0707496515431201	0.471239687923602	820
-0.0699474380288001	0.473890200865325	44
-0.0738325704557401	0.471762089576048	373
-0.0681537716474701	0.479292741706694	57
0.05298646108828	0.771155088677583	57
-0.0710166103938501	0.478193832396807	1315
-0.0710166103938501	0.478193832396807	64
-0.07280539644993	0.477448564652232	64
0.05329487006336	0.771689317259111	213
-0.07317688836652	0.473648243082631	1678
-0.0710166103938501	0.478193832396807	2028
-0.0691850616331	0.474993175817053	321
-0.0717777566350599	0.477074019570971	81
-0.06891673227405	0.478167346987275	81
0.11006056146374	1.13316508829393	72
0.0741371867453	1.67455729871151	589
-0.11881934902928	1.06122876726811	589
-0.05693690627147	0.899952167138894	589
0.11021186964957	1.11686569270552	589
0.09662912782993	1.07025727141022	589
0.11436148270456	1.11651695724915	589
0.0282037152816901	1.28331940918874	95
-0.06891673227405	0.478167346987275	178
0.0557024721889701	0.782855365464993	178
-0.0678855588124401	0.474033268230349	95
-0.05571745554299	0.894134280547685	95
-0.0119169263579699	1.93216884173809	11
0.0510220935161501	0.778798937917858	868
0.11524536509154	1.11663139462082	328
-0.11784131712075	1.0529098243205	328
-0.0457709144751499	0.89894500006228	168
-0.0710166103938501	0.478193832396807	98
-0.0550482985028	0.908328416896414	943
-0.0710166103938501	0.478193832396807	57
-0.0699879229667999	0.472328161227103	57
-0.0720448316892299	0.478570790474717	57
-0.07280539644993	0.477448564652232	57
0.056606241661	0.779912172364091	57
-0.0717777566350599	0.477074019570971	57
-0.0691850616331	0.474993175817053	57
-0.0717777566350599	0.477074019570971	64
-0.0717777566350599	0.477074019570971	213
-0.0738325704557401	0.471762089576048	2028
-0.06424025149337	0.470793566917827	225
0.01902866400746	1.26139262144318	589
-0.12461950528447	1.02383718722399	95
0.0510220935161501	0.778798937917858	178
-0.0691850616331	0.474993175817053	95
-0.10887144984398	1.05516851464153	417
-0.08187073978814	1.54989760525767	376
-0.05362198903316	0.912150936562615	260
-0.0678855588124401	0.474033268230349	69
0.0538925777473001	0.779864833648603	168
-0.05131365703933	0.897754287048091	168
-0.07809066276743	0.467369829987504	943
-0.0720448316892299	0.478570790474717	629
-0.06926546790303	0.465378566229971	629
-0.07280539644993	0.477448564652232	820
-0.0717777566350599	0.477074019570971	820
0.10288734387313	1.0864666885025	98
-0.06712201309321	0.475136223572177	28
-0.07280539644993	0.477448564652232	373
-0.11384028441925	1.07084756345947	57
-0.06891673227405	0.478167346987275	729
-0.0710166103938501	0.478193832396807	57
0.0593870206300999	0.78344810605566	57
-0.0730725863230399	0.472854481440801	57
0.05173884031121	0.784928292248589	213
-0.06712201309321	0.475136223572177	91
-0.0710166103938501	0.478193832396807	91
-0.0710166103938501	0.478193832396807	225
-0.0678855588124401	0.474033268230349	321
0.0313774630138499	1.76288556068503	589
-0.0375831936939199	1.45164501362298	589
-0.0698857824399399	1.60182522010733	589
0.1118514342688	1.11015008885053	589
-0.07280539644993	0.477448564652232	95
0.0534976127295399	0.780362467629578	328
-0.0681537716474701	0.479292741706694	69
-0.0770658266540301	0.472946291653134	98
-0.0717777566350599	0.477074019570971	820
-0.0717777566350599	0.477074019570971	28
-0.0599094256522501	0.88349706497963	110
-0.10803549558517	1.06801871741164	28
-0.0738325704557401	0.471762089576048	28
-0.07280539644993	0.477448564652232	533
-0.04542460494749	0.882331998027843	28
0.10755969251758	1.10753370676427	57
-0.0547060013588201	0.89662201260864	57
-0.0770658266540301	0.472946291653134	207
-0.0717777566350599	0.477074019570971	64
-0.0707496515431201	0.471239687923602	91
-0.0710166103938501	0.478193832396807	91
-0.07809066276743	0.467369829987504	225
-0.0681537716474701	0.479292741706694	321
0.0641425128717701	2.17157243151025	72
0.0466699065774101	0.772502733813019	95
-0.05714006279032	0.905086842963566	365
-0.10188219621191	1.6938304359139	328
-0.0553897312274201	0.904143268243517	328
0.0499272437457801	0.785062078842457	417
-0.05131365703933	0.897754287048091	11
0.04944428562493	0.778083033060752	69
0.0569123632587201	1.60286661247708	69
-0.11121063842229	1.06646987337179	98
-0.0730725863230399	0.472854481440801	98
0.04420955275129	0.767002796647347	1165
-0.0770658266540301	0.472946291653134	98
-0.05416394288337	0.910864209091877	28
-0.0720448316892299	0.478570790474717	373
-0.0720448316892299	0.478570790474717	57
-0.0717777566350599	0.477074019570971	57
-0.0681537716474701	0.479292741706694	57
-0.0770658266540301	0.472946291653134	64
0.05259080843722	0.777380091161839	64
-0.0720448316892299	0.478570790474717	91
-0.0681537716474701	0.479292741706694	117
0.0466699065774101	0.772502733813019	117
-0.0707496515431201	0.471239687923602	117
-0.0678855588124401	0.474033268230349	259
-0.06891673227405	0.478167346987275	81
-0.0720448316892299	0.478570790474717	671
0.1147297645774	1.13300570987089	365
-0.05327964510102	0.91099682350394	422
-0.0720448316892299	0.478570790474717	11
-0.0717777566350599	0.477074019570971	729
-0.0707496515431201	0.471239687923602	619
-0.06891673227405	0.478167346987275	57
0.0538925777473001	0.779864833648603	64
-0.0717777566350599	0.477074019570971	91
-0.05979038572935	0.897030328965715	179
-0.06221874894826	0.891755340993512	179
-0.0720448316892299	0.478570790474717	179
-0.11161847759854	1.06732588330994	117
-0.0717777566350599	0.477074019570971	2456
-0.0710166103938501	0.478193832396807	81
0.05816203902384	0.773856683030631	72
0.10593545605421	1.11308268825983	365
-0.0710166103938501	0.478193832396807	11
-0.07280539644993	0.477448564652232	11
-0.0707496515431201	0.471239687923602	376
-0.0710166103938501	0.478193832396807	11
-0.07501477661502	0.466870648976945	4
0.05479791616394	0.782861546376213	1739
-0.06712201309321	0.475136223572177	260
-0.07280539644993	0.477448564652232	69
-0.0710166103938501	0.478193832396807	69
-0.0717777566350599	0.477074019570971	69
0.0508334283573899	0.786182588324621	98
-0.0726564644411201	2.13392053695249	44
0.10251785100912	1.09609896418931	28
-0.0717777566350599	0.477074019570971	373
0.0510865687348601	0.772983662632903	28
-0.0652751037252599	0.470301214618162	28
-0.0307992442159599	1.45929392928655	57
-0.05925023321634	0.89435459715547	57
-0.07809066276743	0.467369829987504	64
0.0514862837782999	0.776653741316405	117
0.0508334283573899	0.786182588324621	225
-0.0607927327164499	0.884320469745859	72
0.05419799279199	0.762919276974334	72
-0.0543644350400501	0.868921413111517	727
-0.0538315421281801	0.902399080424598	589
0.04511289303059	0.770721136679104	589
-0.11121063842229	1.06646987337179	589
-0.10941456329036	1.06681983882856	95
0.0508334283573899	0.786182588324621	95
-0.05416394288337	0.910864209091877	95
-0.0678855588124401	0.474033268230349	4
-0.0681537716474701	0.479292741706694	4
0.0492735110912199	0.773083861620571	69
-0.11520895855729	1.06325941482153	98
-0.0770658266540301	0.472946291653134	1957
-0.0717777566350599	0.477074019570971	729
-0.0770658266540301	0.472946291653134	57
-0.0730725863230399	0.472854481440801	57
-0.07280539644993	0.477448564652232	57
-0.0678855588124401	0.474033268230349	57
-0.0681537716474701	0.479292741706694	57
-0.0707496515431201	0.471239687923602	57
0.0587433595831299	0.771678233328882	57
-0.0720448316892299	0.478570790474717	207
0.05239096568043	0.775447909362186	64
0.0203246099087999	1.2932911560212	64
-0.0717777566350599	0.477074019570971	91
0.05173884031121	0.784928292248589	117
-0.07280539644993	0.477448564652232	2028
-0.0720448316892299	0.478570790474717	2028
-0.0710166103938501	0.478193832396807	81
0.0177530949865901	1.25220940872123	727
0.05949457997242	2.15420591910745	95
0.12124688083716	1.11151579448954	95
-0.11432316239478	1.06571544108862	95
0.10605689992627	1.09931070309845	11
-0.05308013978115	0.899784327074712	417
0.0544455386771401	0.771794175900807	11
-0.0678855588124401	0.474033268230349	4
-0.01377949993591	1.92992829099421	69
-0.03580291399808	1.42590455898214	98
0.10682022262712	1.11444507093232	98
0.05440363611776	0.780361677510396	57
-0.0707496515431201	0.471239687923602	619
-0.0710166103938501	0.478193832396807	57
-0.07501477661502	0.466870648976945	207
-0.0717777566350599	0.477074019570971	64
0.0550531257249101	0.792542427995745	64
-0.07280539644993	0.477448564652232	64
-0.0720448316892299	0.478570790474717	64
-0.0720448316892299	0.478570790474717	91
-0.0738325704557401	0.471762089576048	91
-0.0720448316892299	0.478570790474717	91
-0.07280539644993	0.477448564652232	91
-0.06891673227405	0.478167346987275	2028
-0.0770658266540301	0.472946291653134	225
-0.06712201309321	0.475136223572177	225
0.0726336511552399	1.69333910016289	72
0.05037749003109	0.778108225282062	95
-0.0770658266540301	0.472946291653134	95
-0.0681537716474701	0.479292741706694	95
0.0697610231547501	1.68443895335545	95
-0.00971626033752004	1.94957004940898	328
-0.11735718310074	1.05044732263823	11
-0.11291650402773	1.05428286157448	11
-0.120170313937	1.04618047589492	4
-0.06500562329447	0.469713899049653	69
-0.05925023321634	0.89435459715547	98
-0.0710166103938501	0.478193832396807	98
-0.0699474380288001	0.473890200865325	98
-0.0720448316892299	0.478570790474717	2283
-0.0678855588124401	0.474033268230349	28
-0.0574806497426299	0.898690992261966	28
-0.0585638737507099	0.89457651620543	57
0.0499272437457801	0.785062078842457	729
-0.0699474380288001	0.473890200865325	729
-0.05327964510102	0.91099682350394	57
0.0460222374661601	0.771815254797831	57
-0.07214806860361	0.469601658503721	64
-0.0717777566350599	0.477074019570971	91
-0.0717777566350599	0.477074019570971	91
-0.07280539644993	0.477448564652232	91
-0.0730725863230399	0.472854481440801	179
-0.06712201309321	0.475136223572177	179
-0.0717777566350599	0.477074019570971	81
0.10740779136775	1.11976442756672	95
-0.0717777566350599	0.477074019570971	328
-0.0691850616331	0.474993175817053	422
-0.0708217331009999	1.58979505253194	11
-0.0348525366036001	1.45165549529409	4
0.06755841491236	1.6914213850464	4
0.0215339680378099	1.26422782518757	69
0.0557024721889701	0.782855365464993	168
-0.07317688836652	0.473648243082631	168
-0.0730725863230399	0.472854481440801	98
-0.06603988765179	0.469223739016395	98
-0.0297071447297199	1.45957449633731	98
-0.0770658266540301	0.472946291653134	98
-0.1183344883539	1.04086633327231	28
0.05440363611776	0.780361677510396	57
0.05324176552158	0.789473162707191	729
-0.1160696397198	1.05320442843489	57
0.0500895525974501	0.778774959831316	619
-0.1115855257666	1.06622893708916	57
0.0541478364472301	0.79255832938947	207
0.0508334283573899	0.786182588324621	64
0.0499272437457801	0.785062078842457	91
-0.0710166103938501	0.478193832396807	2028
-0.07280539644993	0.477448564652232	225
-0.0742598992319601	1.62093780804803	255
-0.0314343074085399	1.46601869267936	589
-0.0490819064799399	0.906998237084462	95
-0.0232674191862501	1.94818483430286	95
0.0168003890534301	1.28831642679848	1525
-0.0391675710228301	1.43410857713452	11
-0.11432316239478	1.06571544108862	98
-0.05890977837066	0.883769361024557	98
-0.06500562329447	0.469713899049653	98
-0.0730725863230399	0.472854481440801	98
-0.07280539644993	0.477448564652232	2283
-0.0720448316892299	0.478570790474717	917
0.05419799279199	0.762919276974334	57
-0.0720448316892299	0.478570790474717	57
0.0501804258727001	0.774176324231999	64
0.05440363611776	0.780361677510396	91
0.0460222374661601	0.771815254797831	179
-0.07280539644993	0.477448564652232	2028
-0.0707496515431201	0.471239687923602	81
0.0538033505100699	0.771118615805415	95
0.0590964482916701	0.775729844473512	95
-0.0730725863230399	0.472854481440801	95
-0.0760405310832699	0.472583961120929	328
0.10002524132211	1.9841150454971	11
-0.0754481824296001	1.595929278338	11
0.01528076480942	1.80086574827862	11
-0.07317688836652	0.473648243082631	98
0.04511289303059	0.770721136679104	98
-0.0720448316892299	0.478570790474717	291
0.04511289303059	0.770721136679104	291
-0.0710166103938501	0.478193832396807	1162
-0.0681537716474701	0.479292741706694	98
-0.0717777566350599	0.477074019570971	44
-0.0720448316892299	0.478570790474717	378
-0.07280539644993	0.477448564652232	378
0.0501804258727001	0.774176324231999	57
0.0612411683214	0.760059044432667	57
-0.07280539644993	0.477448564652232	207
0.0496746038970799	0.771811008207858	207
0.0510865687348601	0.772983662632903	64
-0.0557112695906801	0.89485838223341	91
-0.0574806497426299	0.898690992261966	91
-0.0738325704557401	0.471762089576048	91
-0.0720448316892299	0.478570790474717	1875
0.0496746038970799	0.771811008207858	91
-0.0699474380288001	0.473890200865325	81
-0.0738325704557401	0.471762089576048	81
-0.07280539644993	0.477448564652232	81
-0.0710166103938501	0.478193832396807	81
-0.04854277898906	0.908259665628721	72
0.02426842556228	1.29092866942842	72
-0.0681537716474701	0.479292741706694	942
0.06325867680792	1.65733714549634	589
0.07443074631665	1.68820269616332	589
-0.11791252676035	1.03201464563919	1525
-0.0720448316892299	0.478570790474717	328
0.02562665034051	1.29648855708725	11
-0.05693690627147	0.899952167138894	11
-0.0710166103938501	0.478193832396807	98
0.05596010072993	0.789495909237653	98
0.0490202905863799	0.781201794884634	291
-0.0770658266540301	0.472946291653134	1162
-0.0770658266540301	0.472946291653134	98
-0.0730725863230399	0.472854481440801	28
-0.0730725863230399	0.472854481440801	28
-0.0699879229667999	0.472328161227103	57
0.0593870206300999	0.78344810605566	57
0.0499272437457801	0.785062078842457	64
-0.0699474380288001	0.473890200865325	64
-0.0730725863230399	0.472854481440801	64
-0.0720448316892299	0.478570790474717	91
0.0501804258727001	0.774176324231999	91
-0.0720448316892299	0.478570790474717	91
0.0469554682703801	0.770648218228337	91
-0.0760405310832699	0.472583961120929	91
-0.0691850616331	0.474993175817053	91
-0.0710166103938501	0.478193832396807	174
-0.05925023321634	0.89435459715547	179
-0.0710166103938501	0.478193832396807	179
0.056606241661	0.779912172364091	179
-0.0770658266540301	0.472946291653134	321
-0.11254983663792	1.06368276598224	72
-0.0770658266540301	0.472946291653134	255
-0.0432700681074401	1.43039284022377	95
-0.0678855588124401	0.474033268230349	95
-0.0710166103938501	0.478193832396807	95
-0.0710166103938501	0.478193832396807	1195
0.07760199539641	1.69207485981306	95
0.11799124940538	1.1249139245095	11
-0.0717777566350599	0.477074019570971	69
0.0499272437457801	0.785062078842457	1781
-0.0681537716474701	0.479292741706694	1781
-0.1160696397198	1.05320442843489	98
-0.0681537716474701	0.479292741706694	1376
-0.07809066276743	0.467369829987504	917
-0.0555095759180699	0.887122302549502	28
-0.05714006279032	0.905086842963566	57
-0.0681537716474701	0.479292741706694	57
-0.07280539644993	0.477448564652232	57
-0.0717777566350599	0.477074019570971	619
-0.0691850616331	0.474993175817053	207
-0.0559327105194201	0.902874468546951	1451
0.0505808284801501	0.77555938050866	91
-0.0720448316892299	0.478570790474717	91
-0.07280539644993	0.477448564652232	179
-0.0691850616331	0.474993175817053	179
0.10031411388483	2.03242237435293	72
-0.10936121991165	1.06309152229569	589
-0.0717777566350599	0.477074019570971	95
-0.06712201309321	0.475136223572177	95
-0.0760405310832699	0.472583961120929	1195
-0.0681537716474701	0.479292741706694	1195
0.0154044399240401	1.78987751101008	11
-0.0738325704557401	0.471762089576048	69
-0.07280539644993	0.477448564652232	69
0.0541478364472301	0.79255832938947	291
-0.0717777566350599	0.477074019570971	378
-0.0720448316892299	0.478570790474717	57
-0.0720448316892299	0.478570790474717	57
0.11244488258851	1.12815236230667	57
0.05173884031121	0.784928292248589	207
-0.0710166103938501	0.478193832396807	91
-0.0550482985028	0.908328416896414	91
-0.0730725863230399	0.472854481440801	179
-0.06891673227405	0.478167346987275	225
0.10993714144739	1.11116376747595	942
0.0550531257249101	0.792542427995745	942
-0.0717777566350599	0.477074019570971	185
0.05479791616394	0.782861546376213	1195
0.0491566799541401	0.775770930689392	328
-0.0432700681074401	1.43039284022377	11
-0.03536218499266	1.44874380497773	11
0.0238328819396501	1.29936627062778	11
-0.11520895855729	1.06325941482153	69
0.0460222374661601	0.771815254797831	69
-0.0730725863230399	0.472854481440801	69
-0.0717777566350599	0.477074019570971	69
-0.0557112695906801	0.89485838223341	44
-0.0652751037252599	0.470301214618162	1376
-0.0707496515431201	0.471239687923602	1133
-0.11743966958931	1.04908945185378	917
0.0541478364472301	0.79255832938947	57
0.0550531257249101	0.792542427995745	57
0.0584522846205799	0.785152960886062	57
-0.0710166103938501	0.478193832396807	64
-0.07280539644993	0.477448564652232	64
-0.0730725863230399	0.472854481440801	91
-0.06891673227405	0.478167346987275	91
-0.0710166103938501	0.478193832396807	179
-0.0710166103938501	0.478193832396807	225
-0.06891673227405	0.478167346987275	81
-0.0720448316892299	0.478570790474717	81
-0.05693690627147	0.899952167138894	942
-0.0710166103938501	0.478193832396807	95
-0.06891673227405	0.478167346987275	1122
0.10829171007831	1.12755164681823	2179
-0.05767997602275	0.894723988666176	11
-0.0761287401041699	1.61239062889695	4
-0.0720448316892299	0.478570790474717	69
-0.0720448316892299	0.478570790474717	69
-0.0681537716474701	0.479292741706694	69
0.0476024765398	0.771332727138389	69
0.10829171007831	1.12755164681823	69
-0.06891673227405	0.478167346987275	2053
-0.07280539644993	0.477448564652232	2032
0.11192820217916	1.10965503085579	1376
-0.0699879229667999	0.472328161227103	917
-0.0730725863230399	0.472854481440801	378
0.0523349170960601	0.780491055902145	57
-0.0587054676384899	0.895608179697363	729
0.0538925777473001	0.779864833648603	57
-0.0770658266540301	0.472946291653134	207
-0.0742052468557199	0.469453428525921	64
0.0538925777473001	0.779864833648603	64
-0.0720448316892299	0.478570790474717	64
0.0448614621208501	0.767687898006736	91
-0.07280539644993	0.477448564652232	179
-0.07280539644993	0.477448564652232	329
-0.0760405310832699	0.472583961120929	179
-0.0565959335432	0.897819638951261	255
0.0211996907546801	1.2881642586449	589
-0.0770658266540301	0.472946291653134	1122
-0.10842894904742	1.69747422182751	95
0.06189969995852	1.60133415745281	11
0.0172706381638601	1.28966551684397	11
-0.0565959335432	0.897819638951261	4
0.10553714619583	1.11520532991291	291
-0.0717777566350599	0.477074019570971	1162
-0.0691850616331	0.474993175817053	378
-0.0720448316892299	0.478570790474717	378
0.0514862837782999	0.776653741316405	57
-0.05693690627147	0.899952167138894	57
0.10905135738224	1.11103758826652	57
-0.06891673227405	0.478167346987275	64
-0.0710166103938501	0.478193832396807	361
0.0508334283573899	0.786182588324621	1451
-0.07809066276743	0.467369829987504	174
-0.07280539644993	0.477448564652232	81
-0.0717777566350599	0.477074019570971	81
-0.07280539644993	0.477448564652232	81
-0.0717777566350599	0.477074019570971	81
0.0510220935161501	0.778798937917858	72
-0.11384028441925	1.07084756345947	72
-0.07809066276743	0.467369829987504	1122
-0.0710166103938501	0.478193832396807	185
-0.0720448316892299	0.478570790474717	1195
0.0308620455697399	1.2624891372429	95
-0.0691850616331	0.474993175817053	328
-0.03665948392448	1.45564430853685	11
0.01194122358365	1.26455414471431	11
0.07686447864095	1.69879834804718	4
-0.0647427794075901	1.60957134850069	11
-0.05327964510102	0.91099682350394	69
-0.0691850616331	0.474993175817053	69
-0.11424263104536	1.06581524493349	69
0.0590964482916701	0.775729844473512	291
-0.06712201309321	0.475136223572177	917
-0.07280539644993	0.477448564652232	917
0.0460222374661601	0.771815254797831	917
-0.0652751037252599	0.470301214618162	28
0.0490202905863799	0.781201794884634	57
-0.07280539644993	0.477448564652232	57
-0.07501477661502	0.466870648976945	57
-0.0730725863230399	0.472854481440801	57
0.05479791616394	0.782861546376213	57
0.10954288735947	1.11441660122293	57
0.11332930573327	1.13135282105774	57
0.0499272437457801	0.785062078842457	57
0.0508334283573899	0.786182588324621	64
-0.0720448316892299	0.478570790474717	1411
-0.06891673227405	0.478167346987275	91
-0.06891673227405	0.478167346987275	179
-0.0717777566350599	0.477074019570971	329
-0.06891673227405	0.478167346987275	123
-0.0699879229667999	0.472328161227103	81
-0.10270339991683	1.72275269867273	72
0.10956637967944	1.12457939314553	2344
-0.0256335784542701	1.43024767636007	589
-0.0720448316892299	0.478570790474717	95
-0.0720448316892299	0.478570790474717	1122
0.0538925777473001	0.779864833648603	185
-0.0770658266540301	0.472946291653134	95
-0.0699474380288001	0.473890200865325	69
-0.05516855003074	0.896104191265479	57
0.05173884031121	0.784928292248589	191
-0.07280539644993	0.477448564652232	191
0.0550531257249101	0.792542427995745	57
0.0575397755193701	0.771653479704986	57
-0.0609927704487401	0.881960703652672	57
-0.0730725863230399	0.472854481440801	1411
-0.0710166103938501	0.478193832396807	64
-0.07280539644993	0.477448564652232	64
-0.0710166103938501	0.478193832396807	64
0.10449731752748	1.09559470952236	361
0.0550531257249101	0.792542427995745	91
-0.0691850616331	0.474993175817053	174
-0.0730725863230399	0.472854481440801	81
-0.07280539644993	0.477448564652232	81
0.05689453791152	0.780961513779423	72
-0.11210066799394	1.06225018209869	72
-0.0452335922615199	0.900174346618307	589
-0.0710166103938501	0.478193832396807	1122
0.10865785750227	1.11306274883859	2179
0.10272870794509	1.08294424483183	4
-0.0738325704557401	0.471762089576048	69
-0.06712201309321	0.475136223572177	69
-0.0730725863230399	0.472854481440801	69
-0.07317688836652	0.473648243082631	69
-0.0710166103938501	0.478193832396807	69
-0.11291650402773	1.05428286157448	98
0.0203484405033501	1.29114256962638	69
0.06217651996798	0.760268186334815	69
0.11057813060786	1.13473085301283	291
0.0541478364472301	0.79255832938947	44
-0.0710166103938501	0.478193832396807	1376
-0.07280539644993	0.477448564652232	44
-0.07214806860361	0.469601658503721	917
-0.0720448316892299	0.478570790474717	28
0.0508334283573899	0.786182588324621	57
-0.0699474380288001	0.473890200865325	57
-0.06891673227405	0.478167346987275	91
-0.0770658266540301	0.472946291653134	91
-0.07280539644993	0.477448564652232	91
-0.0681537716474701	0.479292741706694	1402
-0.0681537716474701	0.479292741706694	329
-0.0707496515431201	0.471239687923602	81
-0.0717777566350599	0.477074019570971	225
0.0572272994035301	0.76610736129693	1122
-0.0691850616331	0.474993175817053	1214
-0.0710166103938501	0.478193832396807	1214
0.05324176552158	0.789473162707191	1122
-0.1246051856738	1.02845677193725	11
-0.0433453424155801	0.884373442484954	4
-0.0766049961354001	1.6118304518411	69
0.05195430013803	0.775907452258494	44
-0.06891673227405	0.478167346987275	1376
-0.0678855588124401	0.474033268230349	917
-0.0691850616331	0.474993175817053	378
-0.07280539644993	0.477448564652232	378
-0.07280539644993	0.477448564652232	191
0.05037749003109	0.778108225282062	57
-0.0639866678271299	0.882706489020534	191
-0.0601350976702799	0.888449033583722	118
0.05593617805507	0.763735038767944	64
-0.0710166103938501	0.478193832396807	64
-0.0717777566350599	0.477074019570971	179
0.0499272437457801	0.785062078842457	1402
-0.0770658266540301	0.472946291653134	225
-0.07280539644993	0.477448564652232	81
0.0584522846205799	0.785152960886062	548
0.11469136303634	2.07281103220329	255
-0.0191186032706701	1.92746923155518	255
0.10718480160493	2.06268532593507	589
-0.0371415650806	1.45328638245674	589
-0.0699879229667999	0.472328161227103	1214
-0.0717777566350599	0.477074019570971	1122
-0.0720448316892299	0.478570790474717	1195
-0.0754481824296001	1.595929278338	95
0.10691234026984	1.09982294467977	422
-0.04854277898906	0.908259665628721	4
-0.0720448316892299	0.478570790474717	1670
-0.0717777566350599	0.477074019570971	69
0.05173884031121	0.784928292248589	28
-0.0730725863230399	0.472854481440801	191
0.0492735110912199	0.773083861620571	191
-0.07214806860361	0.469601658503721	57
0.0501804258727001	0.774176324231999	57
-0.0601350976702799	0.888449033583722	57
-0.07317688836652	0.473648243082631	118
-0.06891673227405	0.478167346987275	64
0.0508334283573899	0.786182588324621	64
-0.0720448316892299	0.478570790474717	91
-0.0710166103938501	0.478193832396807	179
-0.0717777566350599	0.477074019570971	179
-0.0707496515431201	0.471239687923602	179
-0.0606166512609001	1.61094890875893	548
-0.0378522016651399	2.42019661155105	548
-0.0555095759180699	0.887122302549502	2344
-0.0720448316892299	0.478570790474717	1214
-0.0681537716474701	0.479292741706694	881
-0.0738325704557401	0.471762089576048	1122
-0.0717777566350599	0.477074019570971	328
0.10704351741988	1.10574018947306	11
0.06638136719746	1.65998035325673	4
-0.0701790051157101	1.60458799753443	4
-0.0468516363042599	0.871799559007068	4
0.11109559482626	1.11822253915267	11
-0.0710166103938501	0.478193832396807	11
-0.0699474380288001	0.473890200865325	98
-0.0742052468557199	0.469453428525921	44
-0.06891673227405	0.478167346987275	917
0.05596010072993	0.789495909237653	917
-0.0476595825056001	0.904010444712752	57
0.02562665034051	1.29648855708725	57
-0.0720448316892299	0.478570790474717	57
0.0510865687348601	0.772983662632903	64
0.0587433595831299	0.771678233328882	64
-0.0760405310832699	0.472583961120929	64
-0.0699879229667999	0.472328161227103	91
-0.0717777566350599	0.477074019570971	91
-0.0710166103938501	0.478193832396807	91
0.0499272437457801	0.785062078842457	1402
-0.07280539644993	0.477448564652232	329
-0.0720448316892299	0.478570790474717	81
-0.0699879229667999	0.472328161227103	81
0.10522744734212	2.05626909917025	255
0.023407016897	1.29294249085456	1122
-0.0515290011521701	0.888510509869664	1122
0.0286773392156501	1.2951955703728	1122
-0.0738305506689601	1.62264141819007	422
-0.09547455474777	1.76189633013696	11
0.0550531257249101	0.792542427995745	1670
-0.0574806497426299	0.898690992261966	69
0.0177058456085299	1.27448698356964	44
-0.0742052468557199	0.469453428525921	917
0.0609480597796599	0.764735281485438	28
0.11436148270456	1.11651695724915	191
0.11296145903304	1.12969623516501	57
-0.1115855257666	1.06622893708916	57
0.05239096568043	0.775447909362186	57
-0.07280539644993	0.477448564652232	57
0.01817721492936	1.27123680663723	57
-0.0720448316892299	0.478570790474717	118
0.0593870206300999	0.78344810605566	64
0.0508334283573899	0.786182588324621	91
-0.07280539644993	0.477448564652232	91
-0.07214806860361	0.469601658503721	175
-0.0710166103938501	0.478193832396807	179
-0.0710166103938501	0.478193832396807	81
-0.10363164959304	1.71917728621884	95
-0.0557112695906801	0.89485838223341	422
0.02472945055415	1.29941756841407	138
-0.0679342100642599	1.5973171891969	11
-0.11735718310074	1.05044732263823	11
-0.0371415650806	1.45328638245674	11
-0.0710166103938501	0.478193832396807	69
-0.08059315320598	2.11565127334633	69
-0.0730725863230399	0.472854481440801	44
-0.0717777566350599	0.477074019570971	44
0.0618830880027601	0.771347496058888	28
-0.0717777566350599	0.477074019570971	28
-0.06891673227405	0.478167346987275	28
-0.0738325704557401	0.471762089576048	28
-0.0681537716474701	0.479292741706694	28
0.0508334283573899	0.786182588324621	57
0.11332930573327	1.13135282105774	57
-0.0717777566350599	0.477074019570971	57
-0.0717777566350599	0.477074019570971	118
0.05173884031121	0.784928292248589	64
0.10501728540832	1.11367971228502	64
-0.05693690627147	0.899952167138894	64
0.0505808284801501	0.77555938050866	64
-0.0720448316892299	0.478570790474717	64
-0.0717777566350599	0.477074019570971	91
-0.0681537716474701	0.479292741706694	91
-0.07280539644993	0.477448564652232	91
-0.07280539644993	0.477448564652232	175
-0.0681537716474701	0.479292741706694	1402
0.0500895525974501	0.778774959831316	329
-0.0691850616331	0.474993175817053	329
-0.0760405310832699	0.472583961120929	81
-0.0710166103938501	0.478193832396807	81
0.02157118923515	1.28360170296546	589
0.0820940439523801	1.66830710538641	95
-0.0730725863230399	0.472854481440801	422
-0.06712201309321	0.475136223572177	44
-0.0770658266540301	0.472946291653134	917
0.0259383159934701	1.27793859563897	191
-0.0717777566350599	0.477074019570971	191
-0.0681537716474701	0.479292741706694	57
0.0590964482916701	0.775729844473512	57
-0.0508495337336901	0.906635016822695	57
0.10969397091784	1.13333925128269	57
-0.0652751037252599	0.470301214618162	64
-0.0730725863230399	0.472854481440801	64
-0.0720448316892299	0.478570790474717	64
-0.06712201309321	0.475136223572177	64
-0.0710166103938501	0.478193832396807	64
0.10443883164787	1.0957912288603	125
-0.0707496515431201	0.471239687923602	123
-0.0707496515431201	0.471239687923602	329
-0.0710166103938501	0.478193832396807	81
-0.06712201309321	0.475136223572177	81
-0.04767566392917	2.01701532637453	72
-0.10983232271809	1.07306394539463	1122
-0.0524112372475001	0.892579716591116	1122
-0.11961066835239	1.04408797594743	95
0.0238328819396501	1.29936627062778	422
-0.0461163640640201	0.899940263757045	422
-0.06603988765179	0.469223739016395	422
0.0189286602887799	1.24541512065559	138
-0.05327964510102	0.91099682350394	11
0.0198775845080801	1.29452339506382	1264
0.05173884031121	0.784928292248589	291
-0.0770658266540301	0.472946291653134	44
-0.0717777566350599	0.477074019570971	44
0.0526434754852001	0.781039269293486	593
0.0508334283573899	0.786182588324621	191
-0.06712201309321	0.475136223572177	57
-0.0730725863230399	0.472854481440801	57
0.0514862837782999	0.776653741316405	64
-0.0717777566350599	0.477074019570971	64
-0.0717777566350599	0.477074019570971	91
-0.06712201309321	0.475136223572177	123
-0.0710166103938501	0.478193832396807	81
-0.0402904868105101	1.45352816485225	260
-0.108486078332	1.05833842694737	11
0.07086740072423	1.69758599933738	188
0.0481125729771801	0.771761590408387	44
0.0505808284801501	0.77555938050866	593
0.10605689992627	1.09931070309845	378
-0.05151122883273	0.903643033176106	191
-0.04942604385891	0.90944503896517	191
0.0541478364472301	0.79255832938947	57
0.0487676141282201	0.762654331068483	57
-0.0717777566350599	0.477074019570971	57
-0.0691850616331	0.474993175817053	118
-0.06891673227405	0.478167346987275	64
0.05173884031121	0.784928292248589	64
-0.0717777566350599	0.477074019570971	64
0.0516832273877501	0.768721890850317	175
0.05239096568043	0.775447909362186	668
-0.0738325704557401	0.471762089576048	668
-0.0710166103938501	0.478193832396807	123
0.05092735423161	2.11072061229143	72
0.0457640659241601	0.771410399129658	255
-0.05416394288337	0.910864209091877	255
0.0499272437457801	0.785062078842457	1122
0.05479791616394	0.782861546376213	1122
-0.0691850616331	0.474993175817053	95
0.0229473924171999	1.80014722000246	544
0.0246880938407801	1.8345157848338	422
-0.11923586888964	1.05729433456047	11
-0.07809066276743	0.467369829987504	69
-0.11735718310074	1.05044732263823	291
-0.0681537716474701	0.479292741706694	44
-0.06891673227405	0.478167346987275	593
-0.0710166103938501	0.478193832396807	593
-0.0770658266540301	0.472946291653134	593
-0.0717777566350599	0.477074019570971	28
-0.06424025149337	0.470793566917827	28
0.04944428562493	0.778083033060752	378
-0.05052563133639	0.893146884690206	191
-0.0710166103938501	0.478193832396807	191
0.0513103608057199	0.775222255169698	191
0.0575172163434201	0.783229267431462	118
0.0460222374661601	0.771815254797831	64
-0.0707496515431201	0.471239687923602	64
-0.0717777566350599	0.477074019570971	64
-0.07501477661502	0.466870648976945	64
-0.06891673227405	0.478167346987275	123
-0.0738325704557401	0.471762089576048	668
0.05195430013803	0.775907452258494	329
-0.0707496515431201	0.471239687923602	123
-0.0691850616331	0.474993175817053	81
-0.0730725863230399	0.472854481440801	81
-0.0726644767884299	1.60305772308032	72
0.0466699065774101	0.772502733813019	1122
0.0508334283573899	0.786182588324621	95
0.0538925777473001	0.779864833648603	95
-0.0681537716474701	0.479292741706694	95
-0.03662364773052	1.4524198896857	138
-0.11031292522081	1.06793803826448	260
-0.0710166103938501	0.478193832396807	11
0.03056355161636	1.83437626565957	69
0.0609480597796599	0.764735281485438	69
0.10593545605421	1.11308268825983	291
-0.0720448316892299	0.478570790474717	44
-0.05713927117014	0.884028584504488	191
-0.06603988765179	0.469223739016395	125
-0.0681537716474701	0.479292741706694	125
0.05173884031121	0.784928292248589	175
-0.06712201309321	0.475136223572177	81
-0.00606780983508992	1.94667667357916	255
-0.0681537716474701	0.479292741706694	1122
0.05479791616394	0.782861546376213	11
-0.0699474380288001	0.473890200865325	291
-0.0717777566350599	0.477074019570971	44
-0.0681537716474701	0.479292741706694	28
0.0492735110912199	0.773083861620571	191
0.05816203902384	0.773856683030631	543
-0.06424025149337	0.470793566917827	57
-0.0720448316892299	0.478570790474717	118
0.05329487006336	0.771689317259111	64
0.0541478364472301	0.79255832938947	64
-0.07280539644993	0.477448564652232	175
-0.07280539644993	0.477448564652232	175
-0.0717777566350599	0.477074019570971	175
-0.0355740717356201	1.44582489349348	72
0.07243220063328	1.66848984190465	1122
-0.11609417733134	1.05823716062059	2050
0.05351304541734	0.769930773141108	11
-0.05362198903316	0.912150936562615	11
-0.0691850616331	0.474993175817053	11
0.05687223512352	0.771439580241442	11
0.0273526929691199	1.29167131741318	11
0.07550044398862	1.69356148932157	188
-0.0691850616331	0.474993175817053	57
0.04851075015852	0.775082213195586	57
-0.0717777566350599	0.477074019570971	118
-0.0681537716474701	0.479292741706694	125
-0.07280539644993	0.477448564652232	64
-0.07214806860361	0.469601658503721	64
-0.0720448316892299	0.478570790474717	125
-0.0298733734221199	1.46421376812809	589
0.10682022262712	1.11444507093232	1122
-0.0625595131035199	0.88010420661249	1122
-0.0508495337336901	0.906635016822695	544
0.0497871881301699	0.75330350524865	1118
-0.11743908395017	1.06484566219605	11
-0.0710166103938501	0.478193832396807	1264
-0.11558617561792	1.05074498632805	69
-0.0976824460079999	1.74114636982427	28
0.0457640659241601	0.771410399129658	191
0.0596784218197699	0.764527982514553	191
0.05239096568043	0.775447909362186	191
-0.0717777566350599	0.477074019570971	57
-0.05925023321634	0.89435459715547	934
-0.0720448316892299	0.478570790474717	1800
0.0541478364472301	0.79255832938947	1800
-0.0770658266540301	0.472946291653134	179
-0.0710166103938501	0.478193832396807	939
-0.0710166103938501	0.478193832396807	817
-0.0717777566350599	0.477074019570971	81
0.0993011518669899	2.4607233312705	548
-0.05185448000311	0.910021425154128	589
0.11332930573327	1.13135282105774	589
-0.04942604385891	0.90944503896517	95
-0.1156270101236	1.03766196015873	95
-0.05693690627147	0.899952167138894	544
0.0194266179059599	1.2902457823414	544
0.05259080843722	0.777380091161839	1118
0.0534976127295399	0.780362467629578	11
-0.0720448316892299	0.478570790474717	11
0.0587433595831299	0.771678233328882	2091
-0.0710166103938501	0.478193832396807	11
-0.0585638737507099	0.89457651620543	28
-0.0710166103938501	0.478193832396807	191
-0.0710166103938501	0.478193832396807	543
-0.0678855588124401	0.474033268230349	57
-0.0691850616331	0.474993175817053	57
0.02256732997805	1.29059719043888	64
-0.0770658266540301	0.472946291653134	125
-0.0681537716474701	0.479292741706694	934
-0.06891673227405	0.478167346987275	64
-0.0710166103938501	0.478193832396807	64
-0.0720448316892299	0.478570790474717	82
-0.0699879229667999	0.472328161227103	620
-0.11687315032583	1.03568773377154	255
-0.0699474380288001	0.473890200865325	72
-0.0717777566350599	0.477074019570971	72
0.0600305246322299	0.7740873125592	2344
-0.04665420349271	0.898709285512951	589
-0.0730725863230399	0.472854481440801	589
-0.06712201309321	0.475136223572177	95
-0.06712201309321	0.475136223572177	306
-0.0710166103938501	0.478193832396807	2050
-0.11355841105973	1.66206487926705	422
-0.0717777566350599	0.477074019570971	544
-0.0378970977280699	2.06122476518119	422
-0.0730725863230399	0.472854481440801	1118
-0.06424025149337	0.470793566917827	11
0.0163726221920999	1.28829306210437	44
-0.0699474380288001	0.473890200865325	44
0.11234746090059	1.12939006017436	191
-0.06891673227405	0.478167346987275	57
-0.06891673227405	0.478167346987275	57
-0.0613425135613499	0.460406177226235	118
-0.0720448316892299	0.478570790474717	934
-0.1098950034875	1.04972813035891	125
-0.0699879229667999	0.472328161227103	333
-0.05273820465056	0.912281557043227	72
0.0575172163434201	0.783229267431462	95
0.10667337310637	1.11141105817294	306
-0.06891673227405	0.478167346987275	95
-0.0699879229667999	0.472328161227103	2050
0.0508334283573899	0.786182588324621	422
-0.06603988765179	0.469223739016395	138
0.0550531257249101	0.792542427995745	11
-0.0730725863230399	0.472854481440801	11
-0.0699474380288001	0.473890200865325	11
-0.0720448316892299	0.478570790474717	11
-0.06500562329447	0.469713899049653	1264
-0.0730725863230399	0.472854481440801	1264
-0.0710166103938501	0.478193832396807	260
0.0233272144376899	1.84225304293648	28
-0.10090577482883	1.71035791621586	28
-0.0717777566350599	0.477074019570971	191
-0.0717777566350599	0.477074019570971	57
-0.0523954066007699	0.90874542512987	125
0.10364925277358	1.1129413288089	125
-0.0720448316892299	0.478570790474717	125
-0.0720448316892299	0.478570790474717	82
-0.0710166103938501	0.478193832396807	123
-0.06712201309321	0.475136223572177	123
-0.0720448316892299	0.478570790474717	81
0.10777316581889	1.10898851418797	72
-0.0490819064799399	0.906998237084462	255
-0.0560527018019099	0.899076046888398	2344
0.0185589854050401	1.2799146846305	255
0.0593870206300999	0.78344810605566	589
-0.07214806860361	0.469601658503721	306
-0.0699879229667999	0.472328161227103	1013
-0.07809066276743	0.467369829987504	422
-0.0678855588124401	0.474033268230349	11
-0.0681537716474701	0.479292741706694	11
-0.11520895855729	1.06325941482153	44
0.02336297448206	1.29289369460251	28
-0.0717777566350599	0.477074019570971	1897
0.05173884031121	0.784928292248589	191
-0.06891673227405	0.478167346987275	191
-0.0681537716474701	0.479292741706694	57
-0.07809066276743	0.467369829987504	57
-0.0717777566350599	0.477074019570971	934
-0.0717777566350599	0.477074019570971	179
-0.0738325704557401	0.471762089576048	333
-0.0461163640640201	0.899940263757045	1238
-0.0720448316892299	0.478570790474717	589
-0.06603988765179	0.469223739016395	95
-0.11031292522081	1.06793803826448	306
-0.0730725863230399	0.472854481440801	95
-0.11477653767558	1.06464044495059	422
0.0505808284801501	0.77555938050866	544
0.0460222374661601	0.771815254797831	1118
-0.07280539644993	0.477448564652232	138
-0.0681537716474701	0.479292741706694	11
0.11622336840315	1.11713449078223	44
-0.0529757882152	1.98447494862532	593
-0.07280539644993	0.477448564652232	1897
-0.11792035481483	1.06371525331464	256
-0.0738325704557401	0.471762089576048	125
-0.06603988765179	0.469223739016395	125
-0.11335750649353	1.06827876202682	179
-0.0681537716474701	0.479292741706694	123
0.11347793154629	1.11341005732071	548
-0.05836541677124	0.897583415485501	548
-0.05782116202135	0.89884378472194	255
-0.0730725863230399	0.472854481440801	2085
-0.0691850616331	0.474993175817053	2344
-0.0681537716474701	0.479292741706694	95
-0.07280539644993	0.477448564652232	95
-0.0717777566350599	0.477074019570971	95
-0.06712201309321	0.475136223572177	1013
-0.06712201309321	0.475136223572177	422
-0.0720448316892299	0.478570790474717	544
-0.0770658266540301	0.472946291653134	1118
-0.0707496515431201	0.471239687923602	1118
-0.0710166103938501	0.478193832396807	11
-0.0601084860521099	0.879132137590456	11
-0.06891673227405	0.478167346987275	11
0.0593870206300999	0.78344810605566	291
-0.06712201309321	0.475136223572177	191
0.0550531257249101	0.792542427995745	191
-0.05890688317319	0.902431779745543	191
-0.0760405310832699	0.472583961120929	543
-0.0720448316892299	0.478570790474717	57
-0.07809066276743	0.467369829987504	57
-0.0710166103938501	0.478193832396807	2
-0.07280539644993	0.477448564652232	123
0.04822347814988	0.767098448060829	306
-0.0710166103938501	0.478193832396807	138
0.05037749003109	0.778108225282062	188
-0.0710166103938501	0.478193832396807	44
-0.0699879229667999	0.472328161227103	191
-0.0738325704557401	0.471762089576048	191
0.0513103608057199	0.775222255169698	191
-0.0770658266540301	0.472946291653134	191
-0.0699474380288001	0.473890200865325	57
-0.0760405310832699	0.472583961120929	57
-0.0678855588124401	0.474033268230349	57
-0.0730725863230399	0.472854481440801	608
-0.05836541677124	0.897583415485501	2
0.05596010072993	0.789495909237653	64
-0.0717777566350599	0.477074019570971	64
-0.0738325704557401	0.471762089576048	64
0.0510220935161501	0.778798937917858	179
-0.07317688836652	0.473648243082631	123
-0.05362198903316	0.912150936562615	589
0.11096620184168	1.11299415326416	95
0.0508334283573899	0.786182588324621	11
-0.0717777566350599	0.477074019570971	11
-0.04753756627127	0.895101448623185	69
-0.0681537716474701	0.479292741706694	44
0.05324176552158	0.789473162707191	593
-0.0717777566350599	0.477074019570971	125
-0.06712201309321	0.475136223572177	179
-0.06484975379827	0.867055086776871	123
-0.0691850616331	0.474993175817053	9
0.09986147502252	1.08896816455961	95
0.05173884031121	0.784928292248589	191
-0.0710166103938501	0.478193832396807	57
-0.0730725863230399	0.472854481440801	125
-0.0717777566350599	0.477074019570971	64
-0.0720448316892299	0.478570790474717	9
0.0550531257249101	0.792542427995745	95
0.0590964482916701	0.775729844473512	95
-0.0687249480515599	0.847669326231685	422
0.0194066232525301	1.28807341642305	422
-0.11875534763767	1.02803800296671	138
0.0490202905863799	0.781201794884634	11
0.10829171007831	1.12755164681823	1932
0.10821333729544	2.04699026237791	188
-0.0720448316892299	0.478570790474717	1134
-0.0652751037252599	0.470301214618162	44
-0.1093518309419	1.07048994939256	28
-0.0710166103938501	0.478193832396807	191
-0.0699879229667999	0.472328161227103	191
-0.0760405310832699	0.472583961120929	57
-0.0717777566350599	0.477074019570971	57
0.0528861698823899	0.767713381593108	57
0.0508334283573899	0.786182588324621	57
-0.0652751037252599	0.470301214618162	64
-0.0717777566350599	0.477074019570971	77
-0.0730725863230399	0.472854481440801	2402
-0.0717777566350599	0.477074019570971	2402
-0.0717777566350599	0.477074019570971	82
-0.0710166103938501	0.478193832396807	125
0.0492735110912199	0.773083861620571	123
-0.0720448316892299	0.478570790474717	9
-0.0720448316892299	0.478570790474717	309
-0.11657409071539	1.05268316169167	589
-0.11254983663792	1.06368276598224	941
-0.0260251192593499	1.461795708985	95
0.11259471195434	1.10667875491339	95
0.0584522846205799	0.785152960886062	95
0.05479791616394	0.782861546376213	95
-0.0693439246863099	1.60301186828796	422
-0.05648045331342	0.885453148702343	11
-0.05362198903316	0.912150936562615	11
0.0513103608057199	0.775222255169698	11
0.0631115300253	0.754534290433052	1932
-0.0681537716474701	0.479292741706694	69
-0.0770658266540301	0.472946291653134	69
-0.0770658266540301	0.472946291653134	69
-0.07280539644993	0.477448564652232	44
-0.0710166103938501	0.478193832396807	44
-0.11519489311332	1.06151248716931	44
-0.0717777566350599	0.477074019570971	256
0.02477238400342	1.27624331850272	191
-0.07280539644993	0.477448564652232	191
-0.0699879229667999	0.472328161227103	191
-0.06891673227405	0.478167346987275	191
-0.0574806497426299	0.898690992261966	57
-0.05693690627147	0.899952167138894	57
-0.0717777566350599	0.477074019570971	57
-0.0720448316892299	0.478570790474717	2402
-0.0710166103938501	0.478193832396807	2402
-0.0730725863230399	0.472854481440801	82
-0.0720448316892299	0.478570790474717	82
-0.0678855588124401	0.474033268230349	82
-0.0717777566350599	0.477074019570971	123
-0.0760405310832699	0.472583961120929	2469
0.02472945055415	1.29941756841407	95
-0.0760405310832699	0.472583961120929	95
-0.11561062778004	1.06329772875786	306
-0.05714006279032	0.905086842963566	95
-0.0699879229667999	0.472328161227103	1932
-0.0691850616331	0.474993175817053	69
-0.0720448316892299	0.478570790474717	44
-0.0565959335432	0.897819638951261	28
0.11421406089321	1.13145762266747	256
0.0519919355567899	0.76925475596425	57
-0.07280539644993	0.477448564652232	64
-0.0678855588124401	0.474033268230349	64
0.05173884031121	0.784928292248589	2402
-0.0720448316892299	0.478570790474717	2402
-0.07280539644993	0.477448564652232	1683
0.05259080843722	0.777380091161839	123
-0.0699474380288001	0.473890200865325	541
0.11421406089321	1.13145762266747	95
-0.12057530609592	1.04810700263471	95
0.11384544599427	1.13290308531944	138
-0.0467764558911099	0.893681068444457	11
-0.0508495337336901	0.906635016822695	188
0.0500895525974501	0.778774959831316	188
0.0508334283573899	0.786182588324621	69
-0.07280539644993	0.477448564652232	77
-0.0707496515431201	0.471239687923602	64
-0.0710166103938501	0.478193832396807	64
-0.0720448316892299	0.478570790474717	2469
-0.06500562329447	0.469713899049653	81
-0.0254876678256399	1.44281228067274	255
-0.05625674788163	0.902868618476487	589
0.0229369440156999	1.29632591348339	95
0.11244488258851	1.12815236230667	95
0.10844543059728	1.10522912596395	95
-0.06891673227405	0.478167346987275	95
0.05258021309025	0.762234031531953	95
0.10038069766595	1.10200403658649	422
0.10829171007831	1.12755164681823	11
-0.0738325704557401	0.471762089576048	11
0.0590964482916701	0.775729844473512	69
0.0541478364472301	0.79255832938947	44
0.04511289303059	0.770721136679104	191
-0.0707496515431201	0.471239687923602	57
-0.0707496515431201	0.471239687923602	57
0.0553140457202801	0.777447335571876	57
-0.0720448316892299	0.478570790474717	57
-0.0738325704557401	0.471762089576048	57
-0.0681537716474701	0.479292741706694	2
-0.07501477661502	0.466870648976945	82
-0.0678855588124401	0.474033268230349	82
0.0588048514703701	0.758790873700465	350
-0.0717777566350599	0.477074019570971	123
-0.07317688836652	0.473648243082631	81
0.07084787804741	2.15991092676676	255
0.10453378394352	1.12065890271037	95
-0.0539634699884799	0.897318330466655	11
0.04729514622797	0.757114434154818	138
0.10694042083548	1.10160831055761	11
-0.0587054676384899	0.895608179697363	468
-0.0699879229667999	0.472328161227103	11
-0.0312052013803299	1.46915695715761	414
-0.05450583170553	0.909610308903803	69
-0.12057530609592	1.04810700263471	69
-0.0730725863230399	0.472854481440801	28
0.10343437588248	1.09194868916127	191
-0.0770658266540301	0.472946291653134	191
0.04745738219378	0.760252513955755	191
-0.0681537716474701	0.479292741706694	191
-0.02850661909065	1.46743489105573	191
0.0578079631572099	0.773305480893515	57
-0.0710166103938501	0.478193832396807	64
-0.06891673227405	0.478167346987275	64
0.05239096568043	0.775447909362186	125
-0.07280539644993	0.477448564652232	82
-0.10817776248225	2.48542686364458	255
0.01680992556175	1.27442178408384	95
0.0304735138207	1.28067360112434	11
0.05816203902384	0.773856683030631	11
-0.04753756627127	0.895101448623185	138
-0.05207623402446	0.892298157711733	11
0.0499272437457801	0.785062078842457	1815
0.05658181837253	0.775242663331729	69
-0.06891673227405	0.478167346987275	98
0.11006056146374	1.13316508829393	75
0.10074659058299	1.09371687252224	28
-0.0691850616331	0.474993175817053	191
0.05596010072993	0.789495909237653	191
-0.0742052468557199	0.469453428525921	57
-0.0720448316892299	0.478570790474717	2
-0.1089342336533	1.07192675451941	2
-0.0707496515431201	0.471239687923602	64
-0.07280539644993	0.477448564652232	64
-0.0710166103938501	0.478193832396807	82
-0.0699474380288001	0.473890200865325	82
-0.0710166103938501	0.478193832396807	82
-0.0720448316892299	0.478570790474717	123
-0.0707496515431201	0.471239687923602	541
-0.07280539644993	0.477448564652232	9
-0.0717777566350599	0.477074019570971	2163
-0.05030937563599	0.907900097651934	255
-0.0453266404728201	1.41333472809111	589
-0.04854277898906	0.908259665628721	941
0.05537769026615	0.7701673605307	941
-0.0559123726850399	0.887693153898973	95
0.0457640659241601	0.771410399129658	422
0.0501804258727001	0.774176324231999	422
-0.0717777566350599	0.477074019570971	11
-0.07280539644993	0.477448564652232	11
-0.0699474380288001	0.473890200865325	11
0.02077353158938	1.29587945269586	188
0.0499272437457801	0.785062078842457	188
-0.07214806860361	0.469601658503721	191
-0.0678855588124401	0.474033268230349	57
-0.07280539644993	0.477448564652232	2
-0.0440045637537301	0.886572072476209	125
-0.0565959335432	0.897819638951261	125
-0.0699474380288001	0.473890200865325	541
-0.0691850616331	0.474993175817053	9
-0.0678855588124401	0.474033268230349	9
0.0457640659241601	0.771410399129658	255
-0.05436963802727	0.892156618389316	589
-0.0699474380288001	0.473890200865325	95
-0.0720448316892299	0.478570790474717	95
-0.0681537716474701	0.479292741706694	11
0.0550531257249101	0.792542427995745	11
-0.05693690627147	0.899952167138894	188
0.02473670721494	1.27433515079651	201
-0.07280539644993	0.477448564652232	44
-0.0720448316892299	0.478570790474717	191
-0.0382335041228701	1.43370242105448	191
-0.0699879229667999	0.472328161227103	57
-0.0717777566350599	0.477074019570971	57
-0.0699879229667999	0.472328161227103	57
-0.0699879229667999	0.472328161227103	57
-0.0717777566350599	0.477074019570971	57
-0.0710166103938501	0.478193832396807	57
-0.0760405310832699	0.472583961120929	33
0.0492735110912199	0.773083861620571	64
-0.0681537716474701	0.479292741706694	64
-0.0557112695906801	0.89485838223341	350
0.0514862837782999	0.776653741316405	123
-0.12331691467822	1.02855783107949	123
-0.0691850616331	0.474993175817053	541
-0.05693690627147	0.899952167138894	9
-0.0710166103938501	0.478193832396807	81
-0.06167609567665	0.883235293855931	95
0.04822347814988	0.767098448060829	422
0.0557024721889701	0.782855365464993	11
0.0593870206300999	0.78344810605566	468
-0.0574806497426299	0.898690992261966	191
0.05687223512352	0.771439580241442	191
-0.07214806860361	0.469601658503721	57
-0.0699879229667999	0.472328161227103	57
-0.0717777566350599	0.477074019570971	57
-0.07809066276743	0.467369829987504	82
-0.0742052468557199	0.469453428525921	82
-0.0720448316892299	0.478570790474717	541
-0.0691850616331	0.474993175817053	9
0.10908320114392	2.02999578708231	1997
-0.0581608093624899	0.883734076078182	95
-0.11206763144393	1.06877890620314	11
0.0457640659241601	0.771410399129658	11
-0.07013021731868	1.6270857767856	11
-0.0681537716474701	0.479292741706694	69
0.0190302731155001	1.26066070782088	44
-0.0601084860521099	0.879132137590456	44
-0.0720448316892299	0.478570790474717	44
-0.06891673227405	0.478167346987275	44
-0.0717777566350599	0.477074019570971	1201
0.0773609203687899	1.69669316584269	1108
0.0541433893171199	0.74111068962974	125
0.05479791616394	0.782861546376213	64
-0.06891673227405	0.478167346987275	125
-0.0717777566350599	0.477074019570971	125
-0.0742052468557199	0.469453428525921	125
-0.0717777566350599	0.477074019570971	82
-0.06424025149337	0.470793566917827	82
-0.0738325704557401	0.471762089576048	350
-0.0720448316892299	0.478570790474717	350
-0.0720448316892299	0.478570790474717	104
-0.0710166103938501	0.478193832396807	104
-0.06424025149337	0.470793566917827	541
-0.0652751037252599	0.470301214618162	1997
0.05816203902384	0.773856683030631	514
-0.0770658266540301	0.472946291653134	514
-0.0760405310832699	0.472583961120929	514
-0.07280539644993	0.477448564652232	514
0.04944428562493	0.778083033060752	514
-0.11113638655076	1.06478553781221	95
0.0572330117628701	0.75793271466948	11
-0.05416394288337	0.910864209091877	188
-0.0691850616331	0.474993175817053	201
-0.0681537716474701	0.479292741706694	44
-0.0770658266540301	0.472946291653134	44
0.0534976127295399	0.780362467629578	44
0.03129007631266	1.28545064622769	191
-0.05713927117014	0.884028584504488	256
-0.0710166103938501	0.478193832396807	2
0.0478883727047801	0.766951201950055	1108
0.05324176552158	0.789473162707191	618
-0.07809066276743	0.467369829987504	82
-0.07280539644993	0.477448564652232	350
0.0534976127295399	0.780362467629578	350
-0.0710166103938501	0.478193832396807	104
-0.0720448316892299	0.478570790474717	9
-0.0720448316892299	0.478570790474717	2163
-0.0717777566350599	0.477074019570971	81
-0.07317688836652	0.473648243082631	104
0.10969397091784	1.13333925128269	72
-0.06603988765179	0.469223739016395	514
0.11042825507805	1.1132266539957	11
-0.07939434935226	1.5836141847476	11
-0.07280539644993	0.477448564652232	11
-0.0691850616331	0.474993175817053	188
-0.06891673227405	0.478167346987275	188
0.0500895525974501	0.778774959831316	414
0.0496746038970799	0.771811008207858	414
-0.1111609557973	1.05963715193134	69
-0.0710166103938501	0.478193832396807	69
0.05537769026615	0.7701673605307	44
-0.0720448316892299	0.478570790474717	44
-0.07280539644993	0.477448564652232	44
-0.0720448316892299	0.478570790474717	28
0.0505808284801501	0.77555938050866	256
-0.0720448316892299	0.478570790474717	82
-0.07280539644993	0.477448564652232	350
-0.06424025149337	0.470793566917827	350
-0.0738325704557401	0.471762089576048	541
-0.0770658266540301	0.472946291653134	9
0.05324176552158	0.789473162707191	255
-0.0730725863230399	0.472854481440801	514
-0.0707496515431201	0.471239687923602	514
-0.06712201309321	0.475136223572177	129
-0.11743908395017	1.06484566219605	422
-0.1214730759709	1.03982329214537	11
-0.02015022773483	1.41084343979864	11
0.05596010072993	0.789495909237653	11
-0.0691850616331	0.474993175817053	11
0.0544455386771401	0.771794175900807	415
0.05694034736786	0.752204190972238	415
-0.11072976331823	1.07158556716084	415
-0.0717777566350599	0.477074019570971	188
-0.0720448316892299	0.478570790474717	188
0.0151068192305399	1.26614307949458	414
0.0553140457202801	0.777447335571876	414
0.05259080843722	0.777380091161839	414
0.11057813060786	1.13473085301283	414
-0.07280539644993	0.477448564652232	201
-0.0717777566350599	0.477074019570971	201
-0.0681537716474701	0.479292741706694	201
-0.0699879229667999	0.472328161227103	28
-0.0710166103938501	0.478193832396807	191
0.11561441444196	1.13002115894449	57
-0.0760405310832699	0.472583961120929	2
0.0499272437457801	0.785062078842457	33
-0.0720448316892299	0.478570790474717	125
-0.0710166103938501	0.478193832396807	125
-0.0738325704557401	0.471762089576048	125
-0.07280539644993	0.477448564652232	82
-0.06712201309321	0.475136223572177	104
-0.06926546790303	0.465378566229971	104
-0.0710166103938501	0.478193832396807	2163
-0.10056236842832	1.73085689746789	72
0.10501728540832	1.11367971228502	72
-0.0710166103938501	0.478193832396807	514
-0.05348628724127	0.891041569834478	514
-0.0720448316892299	0.478570790474717	514
-0.0580234417080501	0.904947505639359	95
-0.08010225895977	1.55918256465771	422
0.1218801860399	2.27562989918681	11
0.0136534422610599	1.25336851594292	11
0.0168003890534301	1.28831642679848	188
0.0496746038970799	0.771811008207858	44
-0.06891673227405	0.478167346987275	44
0.0460222374661601	0.771815254797831	44
-0.0720448316892299	0.478570790474717	1913
0.0516832273877501	0.768721890850317	28
-0.0681537716474701	0.479292741706694	28
-0.0710166103938501	0.478193832396807	2
-0.06926546790303	0.465378566229971	125
-0.0710166103938501	0.478193832396807	125
-0.0550482985028	0.908328416896414	72
-0.02806667496477	1.46046591699739	1997
-0.0770658266540301	0.472946291653134	514
0.0514862837782999	0.776653741316405	11
0.0294333116410701	1.26374756097224	468
-0.0710166103938501	0.478193832396807	201
0.10969397091784	1.13333925128269	201
-0.0574806497426299	0.898690992261966	44
0.0500895525974501	0.778774959831316	44
-0.06891673227405	0.478167346987275	44
-0.0742052468557199	0.469453428525921	28
0.0538925777473001	0.779864833648603	2
0.0508334283573899	0.786182588324621	1807
-0.0770658266540301	0.472946291653134	125
-0.0699879229667999	0.472328161227103	9
-0.0710166103938501	0.478193832396807	1082
-0.11609306914582	1.05378862689302	72
-0.0678855588124401	0.474033268230349	1997
-0.0720448316892299	0.478570790474717	514
-0.0720448316892299	0.478570790474717	514
-0.07280539644993	0.477448564652232	95
-0.0681537716474701	0.479292741706694	95
-0.0720448316892299	0.478570790474717	129
-0.06891673227405	0.478167346987275	95
-0.07280539644993	0.477448564652232	188
-0.0717777566350599	0.477074019570971	188
-0.05416394288337	0.910864209091877	414
-0.06712201309321	0.475136223572177	414
-0.0691850616331	0.474993175817053	69
-0.0560527018019099	0.899076046888398	44
0.10355356430049	1.09791220461124	256
-0.0770658266540301	0.472946291653134	77
-0.0681537716474701	0.479292741706694	77
-0.07501477661502	0.466870648976945	618
-0.0720448316892299	0.478570790474717	125
0.0496746038970799	0.771811008207858	82
-0.07280539644993	0.477448564652232	678
-0.0717777566350599	0.477074019570971	678
0.05239096568043	0.775447909362186	9
-0.0681537716474701	0.479292741706694	104
-0.0681537716474701	0.479292741706694	255
-0.0770658266540301	0.472946291653134	514
-0.0710166103938501	0.478193832396807	514
-0.06891673227405	0.478167346987275	95
-0.0720448316892299	0.478570790474717	1084
0.0726336511552399	1.69333910016289	1675
-0.07809066276743	0.467369829987504	415
-0.0760405310832699	0.472583961120929	188
0.11234746090059	1.12939006017436	414
0.10917596688031	1.13177488413413	44
-0.07501477661502	0.466870648976945	201
-0.07029737548226	0.46489469838612	44
-0.07280539644993	0.477448564652232	44
-0.0707496515431201	0.471239687923602	44
0.05173884031121	0.784928292248589	28
0.0524977452092601	2.13576062831761	256
0.0541478364472301	0.79255832938947	256
0.11146262737409	1.13346570135336	57
-0.11480614045696	1.04855429224358	57
-0.0567961418453999	0.892579630415911	2
-0.12097913737723	1.03446690705352	2
-0.0583660358612601	0.893680513892052	77
-0.0720448316892299	0.478570790474717	2
-0.0710166103938501	0.478193832396807	350
-0.06712201309321	0.475136223572177	104
-0.0681537716474701	0.479292741706694	678
-0.06712201309321	0.475136223572177	9
-0.0730725863230399	0.472854481440801	9
0.02302795842102	1.82466291203201	95
-0.0580234417080501	0.904947505639359	131
-0.0720448316892299	0.478570790474717	415
0.0519919355567899	0.76925475596425	28
-0.0738325704557401	0.471762089576048	28
0.0499272437457801	0.785062078842457	823
-0.0560527018019099	0.899076046888398	191
0.0550531257249101	0.792542427995745	191
-0.11247180483895	1.06841376788285	256
-0.05382118969418	0.896765946033174	57
-0.0730725863230399	0.472854481440801	2
-0.0699879229667999	0.472328161227103	1807
0.0575172163434201	0.783229267431462	82
-0.06891673227405	0.478167346987275	125
0.05593617805507	0.763735038767944	125
-0.0710166103938501	0.478193832396807	81
-0.07523670047486	1.60294896789352	72
-0.06603988765179	0.469223739016395	255
-0.0410284602717801	1.42537725271415	2478
0.0500895525974501	0.778774959831316	514
-0.0699474380288001	0.473890200865325	514
-0.06891673227405	0.478167346987275	131
-0.0707496515431201	0.471239687923602	415
-0.05030937563599	0.907900097651934	414
-0.0720448316892299	0.478570790474717	201
-0.0720448316892299	0.478570790474717	69
-0.0691850616331	0.474993175817053	44
-0.06712201309321	0.475136223572177	44
-0.0574806497426299	0.898690992261966	25
-0.0710166103938501	0.478193832396807	28
-0.0730725863230399	0.472854481440801	28
-0.0587054676384899	0.895608179697363	256
-0.0603318540184501	0.886855972598008	57
0.05440363611776	0.780361677510396	2
0.0496746038970799	0.771811008207858	2
-0.07280539644993	0.477448564652232	2
-0.0710166103938501	0.478193832396807	77
0.0550531257249101	0.792542427995745	77
-0.06712201309321	0.475136223572177	2
0.0513103608057199	0.775222255169698	2
-0.0717777566350599	0.477074019570971	2
-0.0707496515431201	0.471239687923602	2
-0.1129542467912	1.0709808681734	2
-0.0681537716474701	0.479292741706694	125
-0.0691850616331	0.474993175817053	82
0.0593870206300999	0.78344810605566	82
-0.07280539644993	0.477448564652232	82
-0.0738325704557401	0.471762089576048	350
-0.0717777566350599	0.477074019570971	1083
-0.0681537716474701	0.479292741706694	9
-0.0720448316892299	0.478570790474717	104
-0.0538315421281801	0.902399080424598	255
-0.0707496515431201	0.471239687923602	514
0.10749433970273	2.07036476876111	468
-0.07214806860361	0.469601658503721	414
-0.03779185009233	1.42705239791674	188
-0.07214806860361	0.469601658503721	332
-0.0681537716474701	0.479292741706694	44
0.11369825400612	1.11286716389667	44
-0.0681537716474701	0.479292741706694	44
-0.07317688836652	0.473648243082631	1138
-0.07280539644993	0.477448564652232	28
-0.06121593365084	0.875673490790557	938
0.0133101713048001	1.26825991468606	191
-0.0607927327164499	0.884320469745859	823
-0.0742052468557199	0.469453428525921	256
0.11296145903304	1.12969623516501	256
-0.0717777566350599	0.477074019570971	256
0.11183076272112	1.12784404487393	1809
-0.11518292785997	1.05028451586704	57
-0.0710166103938501	0.478193832396807	1807
-0.0691850616331	0.474993175817053	125
0.0508334283573899	0.786182588324621	82
-0.0717777566350599	0.477074019570971	678
-0.0717777566350599	0.477074019570971	9
0.05479791616394	0.782861546376213	9
-0.0738325704557401	0.471762089576048	9
-0.0699879229667999	0.472328161227103	9
-0.06891673227405	0.478167346987275	9
-0.0717777566350599	0.477074019570971	81
-0.06187711126204	0.882779014984158	255
0.04853471947127	0.767629019817882	255
-0.0283378738429101	1.44232821318861	129
-0.0560527018019099	0.899076046888398	95
-0.0720448316892299	0.478570790474717	131
-0.0673076274675399	2.14407620534281	422
-0.1147257446432	1.06837021970321	11
-0.05131365703933	0.897754287048091	415
-0.10579351033087	1.06867532893572	44
-0.0730725863230399	0.472854481440801	332
-0.0720448316892299	0.478570790474717	44
-0.0717777566350599	0.477074019570971	44
-0.0710166103938501	0.478193832396807	75
-0.07809066276743	0.467369829987504	44
-0.0678855588124401	0.474033268230349	44
-0.0760405310832699	0.472583961120929	116
0.0492735110912199	0.773083861620571	44
-0.0699474380288001	0.473890200865325	256
-0.0742052468557199	0.469453428525921	256
0.0141074357817501	1.27569407637392	57
-0.11031292522081	1.06793803826448	2
-0.0691850616331	0.474993175817053	2
-0.0707496515431201	0.471239687923602	1807
-0.07280539644993	0.477448564652232	82
-0.0720448316892299	0.478570790474717	39
-0.0730725863230399	0.472854481440801	123
-0.0720448316892299	0.478570790474717	104
-0.11255507547064	1.04669963604098	2478
-0.0362180438556701	1.4572922314678	2478
0.0185292590366799	1.28391909488046	941
-0.05416394288337	0.910864209091877	255
-0.07280539644993	0.477448564652232	514
0.05929867757134	2.14560602315855	129
-0.0681537716474701	0.479292741706694	131
-0.04572915289906	2.04897648357619	131
0.10626730208998	1.09796277173373	422
-0.0314343074085399	1.46601869267936	11
0.06720520696725	1.67966822283094	11
-0.07280539644993	0.477448564652232	415
-0.04942604385891	0.90944503896517	44
-0.0678855588124401	0.474033268230349	332
-0.0678855588124401	0.474033268230349	332
-0.0730725863230399	0.472854481440801	44
-0.0678855588124401	0.474033268230349	116
-0.06891673227405	0.478167346987275	938
-0.0717777566350599	0.477074019570971	1809
-0.05273820465056	0.912281557043227	256
-0.07280539644993	0.477448564652232	82
0.10501728540832	1.11367971228502	1083
-0.07280539644993	0.477448564652232	1083
-0.0720448316892299	0.478570790474717	104
-0.0992328455928799	2.33589859183514	72
-0.11346839226327	1.03787375503734	941
0.05259080843722	0.777380091161839	514
0.01765988575598	1.24508802364767	131
-0.05836541677124	0.897583415485501	11
-0.10941456329036	1.06681983882856	468
-0.0710166103938501	0.478193832396807	415
-0.0710166103938501	0.478193832396807	415
0.105173721589	1.09454505649776	69
-0.0720448316892299	0.478570790474717	44
-0.0678855588124401	0.474033268230349	1138
0.11421406089321	1.13145762266747	256
-0.0717777566350599	0.477074019570971	256
0.10917596688031	1.13177488413413	57
0.0528701910984599	0.76925670732367	2
-0.0760405310832699	0.472583961120929	2
-0.0720448316892299	0.478570790474717	77
-0.0681537716474701	0.479292741706694	2
-0.0717777566350599	0.477074019570971	2
-0.0710166103938501	0.478193832396807	82
-0.0720448316892299	0.478570790474717	82
0.0501804258727001	0.774176324231999	82
-0.0678855588124401	0.474033268230349	82
-0.07280539644993	0.477448564652232	82
-0.0710166103938501	0.478193832396807	82
-0.0720448316892299	0.478570790474717	350
-0.07280539644993	0.477448564652232	350
-0.0720448316892299	0.478570790474717	1520
-0.0681537716474701	0.479292741706694	81
-0.0343684871173	1.45720536179685	72
0.05239096568043	0.775447909362186	514
-0.0371010271955301	1.44559588934073	131
0.0143353284672201	1.77834778516257	11
-0.0681537716474701	0.479292741706694	11
-0.06712201309321	0.475136223572177	415
0.0481125729771801	0.771761590408387	414
-0.11518292785997	1.05028451586704	69
0.0514862837782999	0.776653741316405	44
-0.0691850616331	0.474993175817053	44
-0.0720448316892299	0.478570790474717	44
-0.06221874894826	0.891755340993512	938
-0.1147257446432	1.06837021970321	256
0.06375212291528	0.765588533867306	1809
0.0674732235390501	1.66405942031846	57
-0.0681537716474701	0.479292741706694	2
0.0513103608057199	0.775222255169698	77
-0.0720448316892299	0.478570790474717	2
-0.0681537716474701	0.479292741706694	2
-0.0717777566350599	0.477074019570971	82
-0.07317688836652	0.473648243082631	9
-0.120170313937	1.04618047589492	72
-0.0681537716474701	0.479292741706694	514
-0.07280539644993	0.477448564652232	129
-0.0541759276551099	0.892195392884521	129
0.05239096568043	0.775447909362186	129
0.0669843504426999	1.66672795221439	129
-0.0710166103938501	0.478193832396807	131
0.05258021309025	0.762234031531953	415
0.1147297645774	1.13300570987089	415
0.0492735110912199	0.773083861620571	75
-0.0681537716474701	0.479292741706694	19
-0.0710166103938501	0.478193832396807	44
-0.0730725863230399	0.472854481440801	256
0.0433054343720201	0.757926763715923	256
0.04851075015852	0.775082213195586	256
0.0510220935161501	0.778798937917858	256
0.0460222374661601	0.771815254797831	1809
-0.11343678852673	1.0658536949288	57
0.0550531257249101	0.792542427995745	57
0.0562491413466599	0.769246919573989	153
-0.0678855588124401	0.474033268230349	2
0.0541478364472301	0.79255832938947	2
-0.0710166103938501	0.478193832396807	542
-0.07280539644993	0.477448564652232	542
-0.06891673227405	0.478167346987275	77
-0.0720448316892299	0.478570790474717	2
-0.0710166103938501	0.478193832396807	1807
-0.0720448316892299	0.478570790474717	82
0.05239096568043	0.775447909362186	877
-0.07280539644993	0.477448564652232	39
-0.07809066276743	0.467369829987504	2194
-0.06891673227405	0.478167346987275	104
-0.07280539644993	0.477448564652232	1083
-0.06712201309321	0.475136223572177	9
0.04944428562493	0.778083033060752	941
0.11050871910982	2.03608729452157	129
0.11057813060786	1.13473085301283	131
0.11570822361269	1.11563553359313	11
0.06281777658614	0.77155062890176	11
-0.12109222933161	1.03362331320743	415
-0.10541529765371	1.03201265814283	44
-0.1071092260774	1.06271741759088	75
0.0463648455940899	0.759826887271404	19
-0.10851555209214	1.06296148872601	25
-0.0707496515431201	0.471239687923602	938
-0.11824181481053	1.04723656577531	256
-0.0720448316892299	0.478570790474717	1809
-0.07280539644993	0.477448564652232	1809
0.05173884031121	0.784928292248589	153
0.11057813060786	1.13473085301283	2
-0.11291650402773	1.05428286157448	776
0.0541478364472301	0.79255832938947	77
0.0220437350923399	1.25818143797451	2
-0.0717777566350599	0.477074019570971	125
-0.0738325704557401	0.471762089576048	39
-0.0681537716474701	0.479292741706694	1041
0.11146262737409	1.13346570135336	514
0.10969397091784	1.13333925128269	11
0.0710027473121699	1.68593445981648	422
-0.11202081153999	1.05707760643501	468
-0.11074080488637	1.06175617003479	415
-0.0452335922615199	0.900174346618307	44
-0.05151122883273	0.903643033176106	44
0.11207780403113	1.12273085327157	44
0.10303576006358	1.109302876637	44
0.10553714619583	1.11520532991291	256
0.10829171007831	1.12755164681823	823
-0.06891673227405	0.478167346987275	77
-0.07317688836652	0.473648243082631	125
-0.07280539644993	0.477448564652232	125
-0.0717777566350599	0.477074019570971	125
0.0508334283573899	0.786182588324621	104
-0.0691850616331	0.474993175817053	818
-0.0730725863230399	0.472854481440801	2373
0.11156079179612	1.12120369267417	255
-0.0710166103938501	0.478193832396807	514
-0.0730725863230399	0.472854481440801	129
0.05479791616394	0.782861546376213	414
-0.11743908395017	1.06484566219605	44
0.0508334283573899	0.786182588324621	44
-0.0707496515431201	0.471239687923602	44
-0.0730725863230399	0.472854481440801	44
-0.06500562329447	0.469713899049653	44
-0.06712201309321	0.475136223572177	44
-0.0681537716474701	0.479292741706694	938
-0.06221874894826	0.891755340993512	256
-0.0710166103938501	0.478193832396807	823
0.0584522846205799	0.785152960886062	823
-0.0710166103938501	0.478193832396807	33
-0.0720448316892299	0.478570790474717	2
-0.0710166103938501	0.478193832396807	2
-0.0717777566350599	0.477074019570971	125
-0.06712201309321	0.475136223572177	39
-0.0720448316892299	0.478570790474717	39
-0.0707496515431201	0.471239687923602	818
-0.0730725863230399	0.472854481440801	818
-0.0717777566350599	0.477074019570971	9
-0.0717777566350599	0.477074019570971	1041
0.0505808284801501	0.77555938050866	514
0.05687223512352	0.771439580241442	514
-0.0681537716474701	0.479292741706694	44
-0.0742052468557199	0.469453428525921	44
-0.0652751037252599	0.470301214618162	44
-0.06891673227405	0.478167346987275	25
0.02162691983174	1.2626460409098	25
-0.0560527018019099	0.899076046888398	256
-0.0707496515431201	0.471239687923602	256
0.11570822361269	1.11563553359313	57
-0.0613425135613499	0.460406177226235	2
-0.07280539644993	0.477448564652232	2
-0.07280539644993	0.477448564652232	2
-0.0717777566350599	0.477074019570971	39
-0.0720448316892299	0.478570790474717	104
0.0194066232525301	1.28807341642305	2086
0.10501728540832	1.11367971228502	2086
0.0541478364472301	0.79255832938947	514
-0.06891673227405	0.478167346987275	514
-0.0770658266540301	0.472946291653134	514
-0.07280539644993	0.477448564652232	514
-0.0717777566350599	0.477074019570971	415
-0.06167609567665	0.883235293855931	468
-0.0717777566350599	0.477074019570971	44
-0.0710166103938501	0.478193832396807	44
-0.0691850616331	0.474993175817053	44
0.0584522846205799	0.785152960886062	44
-0.0717777566350599	0.477074019570971	256
-0.0717777566350599	0.477074019570971	823
0.0508334283573899	0.786182588324621	823
-0.07280539644993	0.477448564652232	125
-0.0720448316892299	0.478570790474717	125
-0.07317688836652	0.473648243082631	9
0.0505808284801501	0.77555938050866	414
-0.04800375338719	0.896100134785529	238
-0.0691850616331	0.474993175817053	44
-0.07280539644993	0.477448564652232	44
-0.05450583170553	0.909610308903803	153
-0.11566615703521	1.04537082380325	153
-0.0699879229667999	0.472328161227103	542
-0.0699879229667999	0.472328161227103	2
0.0460222374661601	0.771815254797831	1807
-0.07280539644993	0.477448564652232	125
0.0535473297453799	0.771981238300876	125
0.05173884031121	0.784928292248589	39
0.05239096568043	0.775447909362186	39
-0.07809066276743	0.467369829987504	9
-0.0770658266540301	0.472946291653134	1041
0.0490202905863799	0.781201794884634	514
-0.07317688836652	0.473648243082631	514
-0.0720448316892299	0.478570790474717	514
-0.0976886226529701	1.72537279898364	129
-0.10713749907386	1.72914513843314	131
-0.0710166103938501	0.478193832396807	414
-0.0720448316892299	0.478570790474717	44
-0.07280539644993	0.477448564652232	19
-0.06424025149337	0.470793566917827	1489
-0.0720448316892299	0.478570790474717	44
-0.0742052468557199	0.469453428525921	44
-0.0720448316892299	0.478570790474717	44
-0.113759617727	1.05056822719944	44
0.0578079631572099	0.773305480893515	256
-0.0720448316892299	0.478570790474717	2
0.0469554682703801	0.770648218228337	542
-0.07280539644993	0.477448564652232	2
-0.0707496515431201	0.471239687923602	2
-0.0699474380288001	0.473890200865325	2
-0.06891673227405	0.478167346987275	1807
-0.0678855588124401	0.474033268230349	39
-0.0681537716474701	0.479292741706694	39
-0.11335750649353	1.06827876202682	255
-0.0720448316892299	0.478570790474717	131
0.0557024721889701	0.782855365464993	131
0.10541865256496	1.12484980229209	131
0.10215039665655	1.10922811518406	131
0.10553714619583	1.11520532991291	44
0.11510624796639	1.10392066086509	239
-0.0678855588124401	0.474033268230349	44
0.11244488258851	1.12815236230667	957
-0.05219686831619	0.899923519313658	414
0.0508334283573899	0.786182588324621	238
-0.0691850616331	0.474993175817053	44
0.0483658284992801	0.769354800829021	44
-0.0717777566350599	0.477074019570971	25
0.05324176552158	0.789473162707191	823
-0.04888650320908	0.897232126223851	256
-0.0652751037252599	0.470301214618162	77
-0.06891673227405	0.478167346987275	2
-0.0707496515431201	0.471239687923602	125
-0.0720448316892299	0.478570790474717	2460
-0.0720448316892299	0.478570790474717	2460
-0.07501477661502	0.466870648976945	39
-0.0738325704557401	0.471762089576048	39
-0.0710166103938501	0.478193832396807	9
0.0534976127295399	0.780362467629578	255
0.10465353541534	1.1102799283727	255
-0.0699474380288001	0.473890200865325	514
-0.0699474380288001	0.473890200865325	514
-0.06712201309321	0.475136223572177	422
-0.0699474380288001	0.473890200865325	422
-0.0699474380288001	0.473890200865325	422
-0.0710166103938501	0.478193832396807	239
0.0603054776991301	0.75367230119028	957
-0.0720448316892299	0.478570790474717	414
-0.0681537716474701	0.479292741706694	44
-0.0681537716474701	0.479292741706694	44
-0.06891673227405	0.478167346987275	44
-0.0652751037252599	0.470301214618162	44
-0.0717777566350599	0.477074019570971	256
-0.0699474380288001	0.473890200865325	256
-0.06891673227405	0.478167346987275	153
-0.0770658266540301	0.472946291653134	33
-0.0720448316892299	0.478570790474717	33
-0.0717777566350599	0.477074019570971	2
-0.0717777566350599	0.477074019570971	2
-0.0720448316892299	0.478570790474717	39
0.0491566799541401	0.775770930689392	422
0.0499272437457801	0.785062078842457	44
0.02167011324598	1.29460049790981	44
-0.11961066835239	1.04408797594743	957
0.10859076469184	1.10936377332918	414
-0.06221874894826	0.891755340993512	238
0.05298646108828	0.771155088677583	44
-0.07280539644993	0.477448564652232	256
-0.07280539644993	0.477448564652232	153
-0.0717777566350599	0.477074019570971	2
-0.0730725863230399	0.472854481440801	2
-0.0760405310832699	0.472583961120929	2
-0.0730725863230399	0.472854481440801	1807
-0.0717777566350599	0.477074019570971	39
0.0541478364472301	0.79255832938947	39
-0.0717777566350599	0.477074019570971	39
-0.0720448316892299	0.478570790474717	1520
0.1109454935159	1.13190593364086	129
-0.07304090508758	1.55498054178568	422
0.05658181837253	0.775242663331729	422
-0.05571745554299	0.894134280547685	256
-0.07501477661502	0.466870648976945	153
0.0557024721889701	0.782855365464993	153
0.0501804258727001	0.774176324231999	153
0.0476024765398	0.771332727138389	33
-0.06712201309321	0.475136223572177	39
-0.0717777566350599	0.477074019570971	2407
-0.0730725863230399	0.472854481440801	2285
-0.0730725863230399	0.472854481440801	129
-0.0438141912985099	0.885335146120358	1565
0.10355356430049	1.09791220461124	129
-0.0073751553958199	1.96843801525584	422
-0.05327964510102	0.91099682350394	131
0.11384544599427	1.13290308531944	131
0.10630385831916	1.12623748630873	1089
-0.0699879229667999	0.472328161227103	44
-0.0738325704557401	0.471762089576048	44
-0.05505837898128	0.88769271826751	44
-0.06424025149337	0.470793566917827	406
0.0466699065774101	0.772502733813019	153
0.0550531257249101	0.792542427995745	153
-0.0717777566350599	0.477074019570971	153
-0.0699879229667999	0.472328161227103	153
-0.0691850616331	0.474993175817053	153
-0.0710166103938501	0.478193832396807	153
0.05173884031121	0.784928292248589	2
-0.0717777566350599	0.477074019570971	2
-0.0710166103938501	0.478193832396807	157
-0.0720448316892299	0.478570790474717	39
-0.07280539644993	0.477448564652232	104
0.0233064361750801	2.26970460787977	255
-0.0976092334288301	1.72864969036018	358
0.1109454935159	1.13190593364086	129
-0.04854277898906	0.908259665628721	44
-0.05890688317319	0.902431779745543	1480
0.10553714619583	1.11520532991291	44
0.10600479820933	1.08655793961755	44
-0.11065439481462	1.04963449267409	19
0.10678640239191	1.11610590333976	44
-0.0738325704557401	0.471762089576048	44
-0.03311316759336	1.43957158327354	44
-0.0720448316892299	0.478570790474717	256
-0.0717777566350599	0.477074019570971	153
0.05239096568043	0.775447909362186	153
-0.0717777566350599	0.477074019570971	2
-0.10447422915986	1.05448441079792	2
0.0508334283573899	0.786182588324621	2
0.11421406089321	1.13145762266747	2
-0.1165532045723	1.04825248010761	2
-0.0678855588124401	0.474033268230349	1830
0.05816203902384	0.773856683030631	1415
-0.07280539644993	0.477448564652232	157
-0.0720448316892299	0.478570790474717	157
-0.07280539644993	0.477448564652232	157
-0.0717777566350599	0.477074019570971	39
-0.0710166103938501	0.478193832396807	39
-0.0720448316892299	0.478570790474717	2406
-0.0717777566350599	0.477074019570971	978
-0.0730725863230399	0.472854481440801	978
-0.0717777566350599	0.477074019570971	978
0.0624933712270599	2.18512901328221	255
-0.0717777566350599	0.477074019570971	129
-0.07280539644993	0.477448564652232	2114
-0.04964332043696	0.893387919162496	131
0.05479791616394	0.782861546376213	131
0.0514862837782999	0.776653741316405	422
-0.0710166103938501	0.478193832396807	44
-0.0681537716474701	0.479292741706694	44
-0.0710166103938501	0.478193832396807	1480
-0.0770658266540301	0.472946291653134	1480
-0.0730725863230399	0.472854481440801	44
-0.10493589661661	1.04829693333113	238
0.0492735110912199	0.773083861620571	44
0.0572272994035301	0.76610736129693	44
0.04944428562493	0.778083033060752	660
0.0491566799541401	0.775770930689392	25
-0.0699879229667999	0.472328161227103	153
-0.0707496515431201	0.471239687923602	153
0.11710714589313	1.12300874426816	2
-0.0707496515431201	0.471239687923602	77
-0.0717777566350599	0.477074019570971	77
-0.0717777566350599	0.477074019570971	2
-0.0678855588124401	0.474033268230349	2
0.0476024765398	0.771332727138389	2
-0.0720448316892299	0.478570790474717	39
-0.0707496515431201	0.471239687923602	104
-0.0720448316892299	0.478570790474717	978
0.0510865687348601	0.772983662632903	2114
-0.00423502613260007	2.33354424757081	131
0.0213440436316299	2.23897953757828	131
0.0508334283573899	0.786182588324621	131
-0.0678855588124401	0.474033268230349	1089
-0.0691850616331	0.474993175817053	1480
0.0541478364472301	0.79255832938947	44
-0.0681537716474701	0.479292741706694	44
0.0544455386771401	0.771794175900807	414
-0.0560527018019099	0.899076046888398	44
-0.11161847759854	1.06732588330994	44
-0.0720448316892299	0.478570790474717	660
0.0572330117628701	0.75793271466948	256
-0.0681537716474701	0.479292741706694	153
-0.0710166103938501	0.478193832396807	153
-0.0678855588124401	0.474033268230349	77
-0.0710166103938501	0.478193832396807	2
-0.0738325704557401	0.471762089576048	157
0.10532444051134	1.09124653309447	39
-0.0720448316892299	0.478570790474717	104
0.11710714589313	1.12300874426816	514
0.0722841483638701	1.64640590777408	1565
0.0550531257249101	0.792542427995745	44
-0.06221874894826	0.891755340993512	44
-0.06712201309321	0.475136223572177	1480
-0.0707496515431201	0.471239687923602	44
0.0501804258727001	0.774176324231999	44
0.10215039665655	1.10922811518406	44
-0.11703687021288	1.03171610549151	238
0.0584522846205799	0.785152960886062	44
0.05259080843722	0.777380091161839	428
-0.05416394288337	0.910864209091877	256
-0.06891673227405	0.478167346987275	256
-0.0691850616331	0.474993175817053	153
0.0460222374661601	0.771815254797831	33
-0.06891673227405	0.478167346987275	33
-0.07280539644993	0.477448564652232	157
-0.07280539644993	0.477448564652232	39
-0.0720448316892299	0.478570790474717	39
-0.06712201309321	0.475136223572177	39
0.04822347814988	0.767098448060829	104
-0.0710166103938501	0.478193832396807	104
-0.0681537716474701	0.479292741706694	104
-0.0710166103938501	0.478193832396807	104
-0.0710166103938501	0.478193832396807	978
0.0457640659241601	0.771410399129658	358
-0.0717777566350599	0.477074019570971	129
-0.0431078821609101	1.41997132279171	129
0.0220971772463401	1.28421424445697	44
-0.0452335922615199	0.900174346618307	44
0.11747697996044	1.1233986976796	44
-0.05890688317319	0.902431779745543	468
-0.05471444322611	0.900864796591822	44
0.11057813060786	1.13473085301283	44
0.11146262737409	1.13346570135336	44
-0.0343684871173	1.45720536179685	238
-0.0681537716474701	0.479292741706694	44
-0.0720448316892299	0.478570790474717	44
-0.0574831122624	0.89614252874237	153
-0.0557112695906801	0.89485838223341	153
-0.05416394288337	0.910864209091877	153
0.0575397755193701	0.771653479704986	153
0.05173884031121	0.784928292248589	2
0.0550531257249101	0.792542427995745	33
0.0562491413466599	0.769246919573989	125
-0.0720448316892299	0.478570790474717	157
-0.0742052468557199	0.469453428525921	1852
-0.0699474380288001	0.473890200865325	104
-0.07480798446999	1.57858552823975	131
-0.0745132075736901	1.59974290785267	131
-0.07280539644993	0.477448564652232	44
-0.10806928407462	1.06021258833882	44
0.0575172163434201	0.783229267431462	44
-0.12097913737723	1.03446690705352	44
-0.0738325704557401	0.471762089576048	44
0.01544263128754	1.26581183294738	44
-0.0710166103938501	0.478193832396807	660
0.0457640659241601	0.771410399129658	256
0.11332930573327	1.13135282105774	256
0.10630385831916	1.12623748630873	256
-0.0707496515431201	0.471239687923602	1830
-0.0720448316892299	0.478570790474717	1830
-0.07280539644993	0.477448564652232	2
-0.05362198903316	0.912150936562615	2
-0.0760405310832699	0.472583961120929	1415
-0.0720448316892299	0.478570790474717	125
-0.0717777566350599	0.477074019570971	104
-0.0730725863230399	0.472854481440801	978
0.056606241661	0.779912172364091	514
0.11234746090059	1.12939006017436	129
-0.04185966071099	1.43639247573052	131
0.10340399528377	1.09398670098327	131
0.0541478364472301	0.79255832938947	44
-0.120170313937	1.04618047589492	44
0.0499272437457801	0.785062078842457	44
-0.11660123240147	1.04716608632727	44
-0.05327964510102	0.91099682350394	44
-0.0580244995814201	0.884851105562845	44
-0.07280539644993	0.477448564652232	660
0.0538925777473001	0.779864833648603	256
0.11045172247443	1.1246950593717	256
-0.0717777566350599	0.477074019570971	153
-0.07280539644993	0.477448564652232	33
-0.0717777566350599	0.477074019570971	39
-0.06500562329447	0.469713899049653	39
-0.07317688836652	0.473648243082631	104
-0.0699474380288001	0.473890200865325	104
-0.0770658266540301	0.472946291653134	104
-0.06712201309321	0.475136223572177	104
-0.0720448316892299	0.478570790474717	104
-0.0738325704557401	0.471762089576048	104
-0.07280539644993	0.477448564652232	104
-0.0678855588124401	0.474033268230349	978
-0.0707496515431201	0.471239687923602	353
-0.11525711897442	1.04999568881287	129
-0.03682503532884	1.42496486379459	2114
-0.10355903732961	1.05898370780578	131
-0.05693690627147	0.899952167138894	422
0.02472945055415	1.29941756841407	44
0.10626730208998	1.09796277173373	44
-0.04542460494749	0.882331998027843	238
-0.0471210724065201	0.892008194022158	238
0.05479791616394	0.782861546376213	238
0.0128388573217799	1.26694479666434	19
0.0490202905863799	0.781201794884634	44
0.12264334306265	1.09623795189491	25
0.0501804258727001	0.774176324231999	2
-0.07280539644993	0.477448564652232	2
-0.0710166103938501	0.478193832396807	2
0.0510865687348601	0.772983662632903	157
0.0466699065774101	0.772502733813019	125
-0.0730725863230399	0.472854481440801	353
-0.0730725863230399	0.472854481440801	978
0.0510865687348601	0.772983662632903	514
-0.05416394288337	0.910864209091877	129
0.0448614621208501	0.767687898006736	1565
-0.03668511340654	1.43301637228572	1565
-0.03761682003497	1.42822200344045	422
-0.0309479640411101	1.46137177974602	1089
-0.08932022104021	1.7433466196973	44
-0.11653970979371	1.0650124064402	44
0.11006056146374	1.13316508829393	44
-0.11743908395017	1.06484566219605	468
-0.0581608093624899	0.883734076078182	44
-0.05782116202135	0.89884378472194	468
-0.0496211358844501	0.892997324990223	44
-0.11561062778004	1.06329772875786	44
0.0448614621208501	0.767687898006736	238
0.0260959133010099	1.29311392327925	44
0.10642109993948	1.11757205951485	153
-0.0770658266540301	0.472946291653134	1833
0.05816203902384	0.773856683030631	2
-0.07280539644993	0.477448564652232	2
-0.0738325704557401	0.471762089576048	125
0.0492735110912199	0.773083861620571	125
-0.0681537716474701	0.479292741706694	2
-0.07280539644993	0.477448564652232	39
-0.0710166103938501	0.478193832396807	104
0.05239096568043	0.775447909362186	104
-0.0720448316892299	0.478570790474717	141
0.10652421105518	1.10424457952582	358
0.04944428562493	0.778083033060752	358
0.10491887124354	1.08871597319081	44
-0.0529487123119301	0.901240116905507	422
0.0508334283573899	0.786182588324621	44
-0.1146997991692	1.04784642562442	44
0.10303576006358	1.109302876637	44
0.0159021008133999	1.2869448846735	44
0.05479791616394	0.782861546376213	44
0.0448614621208501	0.767687898006736	44
-0.0760405310832699	0.472583961120929	44
0.0526434754852001	0.781039269293486	44
-0.0730725863230399	0.472854481440801	19
-0.0738325704557401	0.471762089576048	2458
-0.0717777566350599	0.477074019570971	44
0.0448614621208501	0.767687898006736	660
-0.0699474380288001	0.473890200865325	2
0.0483658284992801	0.769354800829021	2
-0.06712201309321	0.475136223572177	2
-0.0720448316892299	0.478570790474717	39
-0.0717777566350599	0.477074019570971	293
-0.0691850616331	0.474993175817053	104
-0.0707496515431201	0.471239687923602	353
0.10303576006358	1.109302876637	129
0.01989624141271	1.2735813893216	129
0.05258021309025	0.762234031531953	454
0.06613363796887	2.11093660627863	131
0.02262010534326	1.8051716201103	422
0.05630949757229	0.76302276532101	44
0.0590964482916701	0.775729844473512	44
-0.05273820465056	0.912281557043227	44
0.04944428562493	0.778083033060752	468
0.0508334283573899	0.786182588324621	44
0.10682022262712	1.11444507093232	468
-0.05261742091206	0.891071762211587	44
-0.1093518309419	1.07048994939256	44
0.0508334283573899	0.786182588324621	44
0.0203246099087999	1.2932911560212	44
-0.0699474380288001	0.473890200865325	44
0.06689102027051	0.74711416264618	44
0.05259080843722	0.777380091161839	25
0.0229012072125301	1.28784655320414	428
0.11170970316751	1.10194872815474	153
-0.05693690627147	0.899952167138894	196
-0.0691850616331	0.474993175817053	840
-0.0717777566350599	0.477074019570971	2
0.0501804258727001	0.774176324231999	2
-0.0720448316892299	0.478570790474717	39
-0.0710166103938501	0.478193832396807	2
-0.07280539644993	0.477448564652232	1409
-0.05030937563599	0.907900097651934	129
-0.05308013978115	0.899784327074712	129
0.10730539636011	1.11763338649697	129
0.0984470797016399	2.0142650646289	1565
-0.05450583170553	0.909610308903803	131
-0.10713440108422	1.05363797107053	422
-0.0581608093624899	0.883734076078182	422
-0.08871835598502	1.68146483034074	44
0.05324176552158	0.789473162707191	44
0.10064471381409	1.05311137908405	44
-0.0770658266540301	0.472946291653134	44
0.0514862837782999	0.776653741316405	153
-0.0717777566350599	0.477074019570971	1833
0.0612411683214	0.760059044432667	1833
-0.0717777566350599	0.477074019570971	2
-0.0770658266540301	0.472946291653134	293
-0.0738325704557401	0.471762089576048	141
-0.0717777566350599	0.477074019570971	141
-0.07280539644993	0.477448564652232	104
-0.0710166103938501	0.478193832396807	353
0.0244695877615699	1.82808419066088	255
-0.02284423736825	1.94596037923427	2462
-0.07898900024833	1.59266228322351	255
-0.0681537716474701	0.479292741706694	131
0.0735033097458	1.68681216394529	422
0.07112343067469	1.68613784721347	44
0.06331538404503	1.65520681566257	44
0.07186347543957	1.68728160534205	44
-0.06712201309321	0.475136223572177	44
0.0550531257249101	0.792542427995745	44
0.0497871881301699	0.75330350524865	44
-0.0720448316892299	0.478570790474717	44
-0.06891673227405	0.478167346987275	44
-0.0742052468557199	0.469453428525921	44
-0.11110351956979	1.05101909009099	428
0.1147297645774	1.13300570987089	153
-0.05308013978115	0.899784327074712	153
0.05259080843722	0.777380091161839	153
-0.0555095759180699	0.887122302549502	1833
-0.0717777566350599	0.477074019570971	840
-0.0720448316892299	0.478570790474717	2
-0.07280539644993	0.477448564652232	2
-0.07280539644993	0.477448564652232	141
-0.0691850616331	0.474993175817053	141
-0.0681537716474701	0.479292741706694	104
-0.0318755298548501	2.41370532177226	255
-0.0532935465805	0.893700728671311	358
-0.0730725863230399	0.472854481440801	454
-0.0710166103938501	0.478193832396807	454
0.0754196183388101	1.68784985745293	129
-0.0359900855322599	1.46926146809071	422
-0.0720448316892299	0.478570790474717	44
0.11156079179612	1.12120369267417	468
-0.05516855003074	0.896104191265479	44
-0.0678855588124401	0.474033268230349	44
-0.0691850616331	0.474993175817053	44
-0.0438141912985099	0.885335146120358	804
0.0590964482916701	0.775729844473512	804
0.10678640239191	1.11610590333976	25
0.1041332418053	1.10876546649546	428
0.0466699065774101	0.772502733813019	2193
-0.0720448316892299	0.478570790474717	153
-0.0691850616331	0.474993175817053	153
-0.0452335922615199	0.900174346618307	153
0.0508334283573899	0.786182588324621	705
-0.11303214138498	1.04664074323563	153
0.0534976127295399	0.780362467629578	1833
-0.06712201309321	0.475136223572177	2
-0.0738325704557401	0.471762089576048	2
-0.0720448316892299	0.478570790474717	1777
-0.0710166103938501	0.478193832396807	39
-0.0710166103938501	0.478193832396807	39
-0.0717777566350599	0.477074019570971	680
-0.0691850616331	0.474993175817053	2095
-0.0738325704557401	0.471762089576048	141
-0.0720448316892299	0.478570790474717	353
-0.0303588185039601	1.46093491638946	72
0.04767079412485	2.0810445090066	255
0.0618830880027601	0.771347496058888	358
0.0149129658049101	1.76469148780501	44
-0.03236017669126	1.46607030356145	44
0.0237552826946099	1.84416751914884	44
-0.11031292522081	1.06793803826448	44
-0.0691850616331	0.474993175817053	44
-0.0710166103938501	0.478193832396807	44
0.0593870206300999	0.78344810605566	44
-0.0730725863230399	0.472854481440801	25
0.10730539636011	1.11763338649697	153
-0.06891673227405	0.478167346987275	153
-0.0580244995814201	0.884851105562845	153
0.0508334283573899	0.786182588324621	1833
-0.06424025149337	0.470793566917827	2
0.05689453791152	0.780961513779423	39
0.0541478364472301	0.79255832938947	2095
-0.0699879229667999	0.472328161227103	59
-0.0710166103938501	0.478193832396807	59
-0.0707496515431201	0.471239687923602	141
-0.07280539644993	0.477448564652232	104
-0.07280539644993	0.477448564652232	353
-0.0720448316892299	0.478570790474717	353
-0.0691850616331	0.474993175817053	353
0.0538033505100699	0.771118615805415	358
-0.06891673227405	0.478167346987275	358
0.05324176552158	0.789473162707191	44
-0.0553897312274201	0.904143268243517	468
-0.04854277898906	0.908259665628721	238
-0.0710166103938501	0.478193832396807	44
-0.06891673227405	0.478167346987275	19
-0.0730725863230399	0.472854481440801	44
-0.0560527018019099	0.899076046888398	428
-0.0312052013803299	1.46915695715761	428
0.0496746038970799	0.771811008207858	153
-0.0574806497426299	0.898690992261966	153
-0.0586835707842699	0.883591288739718	1833
0.05173884031121	0.784928292248589	1833
-0.0613348698126699	0.892858676693574	1833
-0.07280539644993	0.477448564652232	840
0.0499272437457801	0.785062078842457	2
0.0481125729771801	0.771761590408387	2
-0.0463186089064001	0.881370251608576	2
0.0534976127295399	0.780362467629578	2
-0.0720448316892299	0.478570790474717	343
-0.0717777566350599	0.477074019570971	59
-0.07280539644993	0.477448564652232	59
-0.0691850616331	0.474993175817053	104
0.0508334283573899	0.786182588324621	353
-0.06712201309321	0.475136223572177	353
0.0466699065774101	0.772502733813019	454
-0.0770658266540301	0.472946291653134	454
-0.0565959335432	0.897819638951261	131
0.0659457884152901	1.65848617633989	468
-0.10758919999412	1.06523458978944	44
-0.07280539644993	0.477448564652232	44
-0.07317688836652	0.473648243082631	19
-0.07280539644993	0.477448564652232	44
-0.0720448316892299	0.478570790474717	44
-0.0742052468557199	0.469453428525921	44
0.0291458156449	1.29183927079542	428
0.07686447864095	1.69879834804718	153
0.04511289303059	0.770721136679104	153
-0.0717777566350599	0.477074019570971	840
0.05324176552158	0.789473162707191	494
0.05351304541734	0.769930773141108	1777
-0.0710166103938501	0.478193832396807	2
0.0499272437457801	0.785062078842457	2
-0.0710166103938501	0.478193832396807	343
-0.07280539644993	0.477448564652232	104
-0.0720448316892299	0.478570790474717	353
-0.11210066799394	1.06225018209869	358
0.11384544599427	1.13290308531944	131
-0.10289719021775	2.18521401409849	131
-0.11520895855729	1.06325941482153	44
0.0620730708649999	2.17805921052623	468
-0.10728019116259	1.67803456775514	44
-0.0710166103938501	0.478193832396807	44
0.0508334283573899	0.786182588324621	44
-0.06712201309321	0.475136223572177	44
-0.0473420914109901	0.873038376262279	44
-0.07501477661502	0.466870648976945	44
-0.0710166103938501	0.478193832396807	1926
-0.0760405310832699	0.472583961120929	44
-0.07280539644993	0.477448564652232	237
-0.06891673227405	0.478167346987275	44
-0.0691850616331	0.474993175817053	153
0.0273113428790701	1.29035803211693	153
0.05259080843722	0.777380091161839	153
-0.06500562329447	0.469713899049653	1833
0.0514862837782999	0.776653741316405	1833
-0.0738325704557401	0.471762089576048	840
0.0541478364472301	0.79255832938947	840
-0.0720448316892299	0.478570790474717	840
-0.0691850616331	0.474993175817053	840
-0.0717777566350599	0.477074019570971	494
0.10590167236585	1.11604232827607	2
-0.0717777566350599	0.477074019570971	2
-0.0681537716474701	0.479292741706694	680
-0.07280539644993	0.477448564652232	141
-0.0720448316892299	0.478570790474717	104
0.10969397091784	1.13333925128269	129
-0.0699879229667999	0.472328161227103	131
-0.06830577418158	1.62286562235491	44
-0.06712201309321	0.475136223572177	44
-0.0720448316892299	0.478570790474717	468
-0.11561062778004	1.06329772875786	44
-0.0691850616331	0.474993175817053	468
-0.0691850616331	0.474993175817053	468
-0.1115855257666	1.06622893708916	468
0.0603054776991301	0.75367230119028	44
-0.07214806860361	0.469601658503721	44
-0.0738325704557401	0.471762089576048	238
-0.07280539644993	0.477448564652232	44
-0.0717777566350599	0.477074019570971	1145
0.0541478364472301	0.79255832938947	25
-0.0717777566350599	0.477074019570971	25
-0.0730725863230399	0.472854481440801	176
-0.0717777566350599	0.477074019570971	428
0.10718940088474	1.12500364394142	153
0.10694042083548	1.10160831055761	153
-0.05173344556674	0.901985120064495	153
-0.0691850616331	0.474993175817053	2
0.0499272437457801	0.785062078842457	2
-0.07280539644993	0.477448564652232	2
0.10803865933595	1.09131080952893	2
0.01856592597407	1.77268799109063	129
-0.06424025149337	0.470793566917827	44
0.0550531257249101	0.792542427995745	44
-0.0587054676384899	0.895608179697363	44
0.0541478364472301	0.79255832938947	1926
-0.0691850616331	0.474993175817053	19
-0.06891673227405	0.478167346987275	1925
-0.0720448316892299	0.478570790474717	44
-0.06891673227405	0.478167346987275	153
-0.12146252534272	1.04695047065446	153
-0.116955769361	1.05405703483176	153
0.11197965668668	1.11701884163659	153
0.10313146752979	1.09964230000743	1833
0.0177058456085299	1.27448698356964	1833
0.0528701910984599	0.76925670732367	840
-0.0730725863230399	0.472854481440801	840
-0.06712201309321	0.475136223572177	840
-0.07280539644993	0.477448564652232	2
-0.0681537716474701	0.479292741706694	2
0.05596010072993	0.789495909237653	2
-0.0678855588124401	0.474033268230349	343
-0.0717777566350599	0.477074019570971	59
-0.07280539644993	0.477448564652232	59
-0.0742052468557199	0.469453428525921	141
-0.0770658266540301	0.472946291653134	141
-0.0720448316892299	0.478570790474717	129
0.0251989837398101	1.29601920464227	129
-0.06891673227405	0.478167346987275	44
-0.07214806860361	0.469601658503721	44
-0.07280539644993	0.477448564652232	44
-0.0373590565756301	1.45955096050026	468
-0.04619305770922	1.36791969862602	468
0.0618830880027601	0.771347496058888	44
-0.06424025149337	0.470793566917827	1926
0.0514862837782999	0.776653741316405	44
-0.0720448316892299	0.478570790474717	44
-0.0717777566350599	0.477074019570971	44
-0.0720448316892299	0.478570790474717	19
-0.0678855588124401	0.474033268230349	25
-0.05484685749759	0.892026072177784	25
0.0505808284801501	0.77555938050866	153
-0.12057530609592	1.04810700263471	153
-0.05327964510102	0.91099682350394	153
-0.0717777566350599	0.477074019570971	2
-0.0678855588124401	0.474033268230349	840
-0.0720448316892299	0.478570790474717	2
-0.0720448316892299	0.478570790474717	2
-0.07280539644993	0.477448564652232	494
-0.0717777566350599	0.477074019570971	2
-0.0691850616331	0.474993175817053	2
-0.0720448316892299	0.478570790474717	2
-0.0681537716474701	0.479292741706694	680
-0.0707496515431201	0.471239687923602	2170
-0.07280539644993	0.477448564652232	59
-0.06712201309321	0.475136223572177	59
-0.0738325704557401	0.471762089576048	141
-0.0742052468557199	0.469453428525921	104
-0.0691850616331	0.474993175817053	104
-0.0720448316892299	0.478570790474717	104
0.11045172247443	1.1246950593717	99
0.10984804618981	1.09861407002616	129
-0.10806928407462	1.06021258833882	422
0.01500444989022	1.28285800194236	44
0.10792666401534	1.12130030496365	44
-0.0691850616331	0.474993175817053	1725
-0.0760405310832699	0.472583961120929	44
-0.0720448316892299	0.478570790474717	19
-0.0710166103938501	0.478193832396807	1145
0.0575172163434201	0.783229267431462	176
-0.0336827170101099	1.42884085468055	25
0.0478883727047801	0.766951201950055	153
-0.0717777566350599	0.477074019570971	2
-0.0738325704557401	0.471762089576048	2
-0.06891673227405	0.478167346987275	840
-0.0699879229667999	0.472328161227103	840
-0.0717777566350599	0.477074019570971	494
0.0508334283573899	0.786182588324621	2
-0.0720448316892299	0.478570790474717	2
-0.0560527018019099	0.899076046888398	680
-0.0710166103938501	0.478193832396807	141
0.0222648902845	2.24125149868217	129
-0.1160696397198	1.05320442843489	131
-0.0720448316892299	0.478570790474717	44
-0.0681537716474701	0.479292741706694	44
-0.0691850616331	0.474993175817053	44
-0.07280539644993	0.477448564652232	44
-0.07317688836652	0.473648243082631	44
-0.0710166103938501	0.478193832396807	44
-0.06187711126204	0.882779014984158	44
-0.0681537716474701	0.479292741706694	237
-0.06891673227405	0.478167346987275	1145
-0.0699474380288001	0.473890200865325	153
0.0505808284801501	0.77555938050866	153
0.11156079179612	1.12120369267417	153
0.05479791616394	0.782861546376213	840
-0.0738325704557401	0.471762089576048	2
-0.0710166103938501	0.478193832396807	343
-0.0717777566350599	0.477074019570971	353
-0.0720448316892299	0.478570790474717	104
0.0490202905863799	0.781201794884634	99
-0.0691850616331	0.474993175817053	454
-0.0770658266540301	0.472946291653134	454
-0.11881934902928	1.06122876726811	131
0.0704325165691799	1.70218643088501	422
0.0787998392489999	1.68900695569646	422
0.02562665034051	1.29648855708725	44
0.11048118879692	2.05333346810184	468
-0.0652751037252599	0.470301214618162	44
-0.0681537716474701	0.479292741706694	44
-0.0720448316892299	0.478570790474717	44
0.11421406089321	1.13145762266747	44
-0.0710166103938501	0.478193832396807	44
-0.0681537716474701	0.479292741706694	44
-0.0497693203926901	0.895727207553442	44
0.0492735110912199	0.773083861620571	1145
0.05173884031121	0.784928292248589	153
-0.05219686831619	0.899923519313658	234
-0.0691850616331	0.474993175817053	2
-0.0720448316892299	0.478570790474717	2
-0.0720448316892299	0.478570790474717	2
-0.0710166103938501	0.478193832396807	2
-0.0720448316892299	0.478570790474717	343
-0.0710166103938501	0.478193832396807	1067
0.10907501607325	1.11064910280925	99
-0.0710166103938501	0.478193832396807	129
-0.0652751037252599	0.470301214618162	454
0.05816203902384	0.773856683030631	131
-0.10340888180021	1.73115493772933	422
-0.0289930035241399	1.45890497542856	422
0.11561441444196	1.13002115894449	468
-0.04051001290363	0.874842178717586	44
-0.0499656868804901	0.908177971331969	44
-0.0699879229667999	0.472328161227103	44
-0.0730725863230399	0.472854481440801	824
-0.0710166103938501	0.478193832396807	19
-0.04819819401086	0.902763125963225	1014
-0.0760405310832699	0.472583961120929	1014
-0.0770658266540301	0.472946291653134	1014
-0.07809066276743	0.467369829987504	19
-0.0681537716474701	0.479292741706694	237
-0.06603988765179	0.469223739016395	176
0.0460222374661601	0.771815254797831	153
-0.11653970979371	1.0650124064402	153
-0.11785636914939	1.04945413681696	234
-0.07280539644993	0.477448564652232	2
-0.07029737548226	0.46489469838612	840
-0.0699474380288001	0.473890200865325	494
-0.0760405310832699	0.472583961120929	494
-0.0720448316892299	0.478570790474717	2
-0.0710166103938501	0.478193832396807	2
0.05596010072993	0.789495909237653	2
-0.07280539644993	0.477448564652232	141
-0.06891673227405	0.478167346987275	141
-0.0710166103938501	0.478193832396807	104
0.0534976127295399	0.780362467629578	454
0.04201558146065	0.753769429709984	454
-0.04286381947523	2.04840754556241	99
-0.07157358114501	1.61352887830353	131
0.10590167236585	1.11604232827607	131
-0.02284423736825	1.94596037923427	131
0.0490202905863799	0.781201794884634	44
-0.07809066276743	0.467369829987504	44
0.05324176552158	0.789473162707191	44
-0.0770658266540301	0.472946291653134	44
-0.0720448316892299	0.478570790474717	25
-0.11833780346214	1.06235584180823	153
-0.11161847759854	1.06732588330994	2
-0.07214806860361	0.469601658503721	2
-0.0678855588124401	0.474033268230349	2
-0.0710166103938501	0.478193832396807	840
0.04851075015852	0.775082213195586	840
-0.0730725863230399	0.472854481440801	840
-0.0691850616331	0.474993175817053	2
-0.0720448316892299	0.478570790474717	2
-0.0738325704557401	0.471762089576048	59
-0.0707496515431201	0.471239687923602	141
0.05329487006336	0.771689317259111	129
-0.0699474380288001	0.473890200865325	454
-0.06712201309321	0.475136223572177	454
0.07037078176377	1.67077337628829	2264
-0.07280539644993	0.477448564652232	44
-0.0717777566350599	0.477074019570971	44
-0.0717777566350599	0.477074019570971	405
-0.0681537716474701	0.479292741706694	824
0.0534976127295399	0.780362467629578	44
-0.0760405310832699	0.472583961120929	176
-0.0699474380288001	0.473890200865325	153
-0.0720448316892299	0.478570790474717	153
-0.0710166103938501	0.478193832396807	153
-0.0552530596349701	0.890653007745976	153
0.05329487006336	0.771689317259111	2
-0.0699474380288001	0.473890200865325	343
-0.0681537716474701	0.479292741706694	2170
-0.07280539644993	0.477448564652232	59
-0.0760405310832699	0.472583961120929	59
-0.0699879229667999	0.472328161227103	104
-0.07280539644993	0.477448564652232	104
0.05259080843722	0.777380091161839	104
-0.0691850616331	0.474993175817053	99
-0.0720448316892299	0.478570790474717	131
-0.07317688836652	0.473648243082631	44
-0.0316956055919599	1.46704760514575	44
-0.0707496515431201	0.471239687923602	1014
-0.02757926236082	1.46577555447794	342
-0.0720448316892299	0.478570790474717	153
-0.0717777566350599	0.477074019570971	840
0.05687223512352	0.771439580241442	2
-0.06500562329447	0.469713899049653	494
-0.07280539644993	0.477448564652232	459
0.0469554682703801	0.770648218228337	2
0.0550531257249101	0.792542427995745	2
-0.0717777566350599	0.477074019570971	59
-0.0707496515431201	0.471239687923602	59
-0.0560527018019099	0.899076046888398	59
-0.0717777566350599	0.477074019570971	1067
0.0514862837782999	0.776653741316405	99
0.0508334283573899	0.786182588324621	454
-0.07280539644993	0.477448564652232	99
-0.0699879229667999	0.472328161227103	99
-0.0294331374324499	1.4658632301759	129
0.01633818185298	1.2681776619165	131
0.0578079631572099	0.773305480893515	131
-0.0722934794953301	1.58218550608349	422
-0.0678855588124401	0.474033268230349	44
0.04944428562493	0.778083033060752	1596
-0.0469992100836101	0.896324802968931	44
-0.0691850616331	0.474993175817053	44
-0.0742052468557199	0.469453428525921	824
-0.0681537716474701	0.479292741706694	824
-0.07317688836652	0.473648243082631	176
-0.0720448316892299	0.478570790474717	176
-0.0730725863230399	0.472854481440801	342
0.10969397091784	1.13333925128269	234
-0.0691850616331	0.474993175817053	2
-0.06712201309321	0.475136223572177	2
0.0550531257249101	0.792542427995745	840
-0.0720448316892299	0.478570790474717	680
-0.07280539644993	0.477448564652232	59
-0.07214806860361	0.469601658503721	59
-0.0720448316892299	0.478570790474717	59
0.0252175331001101	2.25780365635809	72
-0.0681537716474701	0.479292741706694	72
0.01241280889438	1.26586636165037	131
-0.11121063842229	1.06646987337179	44
-0.07280539644993	0.477448564652232	44
0.0550531257249101	0.792542427995745	44
0.11006056146374	1.13316508829393	237
-0.06891673227405	0.478167346987275	237
-0.0710166103938501	0.478193832396807	237
-0.0738325704557401	0.471762089576048	237
-0.0699879229667999	0.472328161227103	176
-0.05227422164923	0.888125468809446	176
0.10782428403022	1.10168266144996	153
-0.0699879229667999	0.472328161227103	2
0.05479791616394	0.782861546376213	2
0.0584522846205799	0.785152960886062	2
-0.05362198903316	0.912150936562615	2
-0.0717777566350599	0.477074019570971	2
-0.05925023321634	0.89435459715547	2
-0.0730725863230399	0.472854481440801	14
-0.0691850616331	0.474993175817053	59
-0.0717777566350599	0.477074019570971	59
-0.0720448316892299	0.478570790474717	945
0.0513103608057199	0.775222255169698	99
0.10678640239191	1.11610590333976	454
0.0147713924792501	1.80756660731477	2264
-0.11753272302756	1.86471965893355	2264
-0.0532935465805	0.893700728671311	44
-0.0699474380288001	0.473890200865325	44
-0.0730725863230399	0.472854481440801	44
-0.0691850616331	0.474993175817053	44
-0.11872628333777	1.04968061366915	44
-0.0699879229667999	0.472328161227103	44
-0.0720448316892299	0.478570790474717	237
-0.0707496515431201	0.471239687923602	25
-0.0691850616331	0.474993175817053	153
-0.0699879229667999	0.472328161227103	153
-0.04600378813716	1.41507004294664	234
-0.0720448316892299	0.478570790474717	2
-0.0720448316892299	0.478570790474717	2
-0.0720448316892299	0.478570790474717	424
-0.0738325704557401	0.471762089576048	2
0.10730539636011	1.11763338649697	59
-0.0681537716474701	0.479292741706694	59
0.0538925777473001	0.779864833648603	141
-0.07280539644993	0.477448564652232	104
0.0526434754852001	0.781039269293486	99
0.0492735110912199	0.773083861620571	454
-0.07280539644993	0.477448564652232	454
0.0625248525548301	0.762381298188905	129
-0.0652751037252599	0.470301214618162	131
-0.07280539644993	0.477448564652232	131
-0.07280539644993	0.477448564652232	44
-0.1129542467912	1.0709808681734	44
0.0575172163434201	0.783229267431462	44
-0.0657332131255599	0.867830571446481	44
0.0557024721889701	0.782855365464993	19
-0.07280539644993	0.477448564652232	824
0.0584522846205799	0.785152960886062	44
-0.0720448316892299	0.478570790474717	237
0.05239096568043	0.775447909362186	153
-0.03256101099617	1.42361707637623	153
0.1221310515148	1.11173726809875	2
-0.07280539644993	0.477448564652232	840
0.05329487006336	0.771689317259111	840
0.0508334283573899	0.786182588324621	2
-0.07280539644993	0.477448564652232	2
0.05658181837253	0.775242663331729	2
0.0541478364472301	0.79255832938947	99
-0.10758919999412	1.06523458978944	131
-0.120170313937	1.04618047589492	869
0.05173884031121	0.784928292248589	44
0.10642109993948	1.11757205951485	44
-0.1089342336533	1.07192675451941	44
-0.05362198903316	0.912150936562615	44
-0.0710166103938501	0.478193832396807	19
-0.0717777566350599	0.477074019570971	237
-0.0710166103938501	0.478193832396807	153
-0.1089342336533	1.07192675451941	153
0.10718940088474	1.12500364394142	2
-0.06891673227405	0.478167346987275	2
0.06217651996798	0.760268186334815	2
-0.0691850616331	0.474993175817053	603
-0.0730725863230399	0.472854481440801	343
-0.0770658266540301	0.472946291653134	1067
-0.0770658266540301	0.472946291653134	59
-0.0717777566350599	0.477074019570971	141
-0.0717777566350599	0.477074019570971	141
0.0505808284801501	0.77555938050866	99
-0.0710166103938501	0.478193832396807	99
-0.05273820465056	0.912281557043227	99
-0.0699879229667999	0.472328161227103	99
0.0510865687348601	0.772983662632903	99
0.0659457884152901	1.65848617633989	2264
-0.0714961922127699	1.62397843604301	44
-0.0738325704557401	0.471762089576048	44
-0.0710166103938501	0.478193832396807	44
0.0600305246322299	0.7740873125592	44
-0.05767997602275	0.894723988666176	44
-0.0720448316892299	0.478570790474717	19
-0.0720448316892299	0.478570790474717	824
0.10917596688031	1.13177488413413	19
-0.0681537716474701	0.479292741706694	342
-0.05416394288337	0.910864209091877	342
-0.10845401452793	1.06936308032174	153
-0.0452335922615199	0.900174346618307	2
-0.05273820465056	0.912281557043227	2
0.10465353541534	1.1102799283727	2
-0.0710166103938501	0.478193832396807	459
-0.0720448316892299	0.478570790474717	2
-0.0742052468557199	0.469453428525921	1982
0.10324954183922	1.10055484039557	99
0.1118514342688	1.11015008885053	99
-0.06891673227405	0.478167346987275	99
-0.1207291297375	1.87694126018201	99
0.03043167549481	1.80965155009311	422
-0.0495466117759	2.02494800904941	2264
-0.0699474380288001	0.473890200865325	44
-0.0738325704557401	0.471762089576048	44
-0.06891673227405	0.478167346987275	824
-0.06712201309321	0.475136223572177	342
-0.0717777566350599	0.477074019570971	342
-0.0770658266540301	0.472946291653134	342
0.1118514342688	1.11015008885053	153
-0.07280539644993	0.477448564652232	2
-0.0720448316892299	0.478570790474717	2
-0.05416394288337	0.910864209091877	2
-0.0717777566350599	0.477074019570971	2
0.0499272437457801	0.785062078842457	2
-0.06712201309321	0.475136223572177	14
0.11332930573327	1.13135282105774	59
-0.05693690627147	0.899952167138894	99
0.0519919355567899	0.76925475596425	99
-0.0710166103938501	0.478193832396807	99
-0.0720448316892299	0.478570790474717	129
0.0273046330253199	1.28317754607251	131
0.0721417316539299	1.690546926126	422
-0.0672877229265001	1.61353927059996	44
0.0454342019582601	0.759785772220335	44
-0.07280539644993	0.477448564652232	44
0.0510220935161501	0.778798937917858	1880
-0.06891673227405	0.478167346987275	687
-0.0652751037252599	0.470301214618162	44
-0.0730725863230399	0.472854481440801	237
-0.0699474380288001	0.473890200865325	237
0.0492735110912199	0.773083861620571	342
0.11332930573327	1.13135282105774	2
0.11924704050876	1.11632929809609	2
0.05173884031121	0.784928292248589	2
-0.0710166103938501	0.478193832396807	2
-0.0720448316892299	0.478570790474717	1531
0.0596784218197699	0.764527982514553	72
-0.07280539644993	0.477448564652232	99
0.10642109993948	1.11757205951485	99
0.10266863876954	1.09782845818883	99
0.0177848107669101	1.83976151345303	131
0.02080585823763	1.82168330112724	565
-0.03577670694232	1.45037985376485	44
-0.0547060013588201	0.89662201260864	338
0.05440363611776	0.780361677510396	71
-0.0516791301274999	0.857786788273144	44
0.0490202905863799	0.781201794884634	153
0.04511289303059	0.770721136679104	153
0.11369825400612	1.11286716389667	153
-0.0720448316892299	0.478570790474717	2
0.0618830880027601	0.771347496058888	2
0.0500895525974501	0.778774959831316	2
-0.0681537716474701	0.479292741706694	2
0.11021186964957	1.11686569270552	2
-0.07317688836652	0.473648243082631	2
-0.0681537716474701	0.479292741706694	2
-0.0699474380288001	0.473890200865325	2
-0.0717777566350599	0.477074019570971	2
0.0553140457202801	0.777447335571876	72
-0.04854277898906	0.908259665628721	99
-0.1093518309419	1.07048994939256	99
0.1117504528697	2.02782913545181	129
-0.0577009577105101	0.877375291186968	2264
0.0189822715008301	1.29042653042406	338
0.0535473297453799	0.771981238300876	44
0.01321105798471	1.26449901362443	44
0.10905135738224	1.11103758826652	44
0.10266863876954	1.09782845818883	237
-0.0717777566350599	0.477074019570971	237
0.0550531257249101	0.792542427995745	342
-0.11384028441925	1.07084756345947	153
-0.11074080488637	1.06175617003479	153
-0.0717777566350599	0.477074019570971	2
0.0600305246322299	0.7740873125592	2
-0.0681537716474701	0.479292741706694	343
-0.0730725863230399	0.472854481440801	977
0.0553140457202801	0.777447335571876	977
-0.10669167750015	1.06847070489838	1180
-0.11834985677708	1.84558941390457	129
-0.0471921435692999	0.885064104136237	422
-0.05273820465056	0.912281557043227	44
-0.11966892062252	1.03800553037563	44
0.0508334283573899	0.786182588324621	824
-0.09849064225176	2.38090540741784	342
-0.0699879229667999	0.472328161227103	153
-0.0730725863230399	0.472854481440801	153
-0.07317688836652	0.473648243082631	2
0.0544455386771401	0.771794175900807	2
-0.11743966958931	1.04908945185378	2
0.05479791616394	0.782861546376213	2
0.11332930573327	1.13135282105774	2
-0.07280539644993	0.477448564652232	2
-0.0717777566350599	0.477074019570971	2
-0.0652751037252599	0.470301214618162	2
0.1183618473934	1.12182165715717	2
-0.07280539644993	0.477448564652232	59
-0.05362198903316	0.912150936562615	59
-0.06603988765179	0.469223739016395	104
-0.11601115010996	1.05241226921474	99
0.11021186964957	1.11686569270552	129
-0.10098658622458	1.72900201430664	565
0.0541478364472301	0.79255832938947	422
0.11570822361269	1.11563553359313	422
-0.07336728770197	1.61116433762818	44
-0.11653970979371	1.0650124064402	44
-0.11792367087198	1.03250156932944	71
0.0483658284992801	0.769354800829021	1880
-0.10001436309139	1.044691979134	824
-0.05273820465056	0.912281557043227	237
0.0584522846205799	0.785152960886062	237
-0.0681537716474701	0.479292741706694	237
-0.0760405310832699	0.472583961120929	237
-0.06712201309321	0.475136223572177	237
-0.0328009208469799	1.46441285759264	237
-0.10403805492721	1.05405919807108	153
-0.06891673227405	0.478167346987275	234
0.0499272437457801	0.785062078842457	153
-0.07280539644993	0.477448564652232	153
0.0541478364472301	0.79255832938947	153
0.0508334283573899	0.786182588324621	2
-0.10983232271809	1.07306394539463	2
0.0448614621208501	0.767687898006736	2
0.0501804258727001	0.774176324231999	2
-0.06712201309321	0.475136223572177	2
-0.0720448316892299	0.478570790474717	2
-0.0710166103938501	0.478193832396807	2
-0.0730725863230399	0.472854481440801	2
0.0508334283573899	0.786182588324621	2
-0.0707496515431201	0.471239687923602	2
-0.0710166103938501	0.478193832396807	2
0.0457640659241601	0.771410399129658	14
-0.0699474380288001	0.473890200865325	977
-0.0730725863230399	0.472854481440801	977
-0.0720448316892299	0.478570790474717	14
-0.11743908395017	1.06484566219605	422
0.0634588788235999	0.762587148801285	422
0.04853471947127	0.767629019817882	422
-0.05273820465056	0.912281557043227	237
0.06834484208989	1.67776667307912	237
0.0466699065774101	0.772502733813019	153
0.12124688083716	1.11151579448954	153
-0.0707496515431201	0.471239687923602	153
-0.0720448316892299	0.478570790474717	153
-0.0720448316892299	0.478570790474717	1873
-0.0699879229667999	0.472328161227103	2
-0.11206763144393	1.06877890620314	2
-0.0760405310832699	0.472583961120929	2
-0.0699474380288001	0.473890200865325	104
-0.0073751553958199	1.96843801525584	99
-0.05362198903316	0.912150936562615	129
0.0584522846205799	0.785152960886062	565
-0.0586835707842699	0.883591288739718	44
-0.0326249232286699	1.4654438985709	44
-0.0710166103938501	0.478193832396807	44
-0.0508495337336901	0.906635016822695	153
0.0508334283573899	0.786182588324621	2
0.0478883727047801	0.766951201950055	2
-0.07280539644993	0.477448564652232	2
0.05173884031121	0.784928292248589	2
-0.0720448316892299	0.478570790474717	2
0.0476024765398	0.771332727138389	14
-0.06891673227405	0.478167346987275	977
-0.0699474380288001	0.473890200865325	977
-0.0710166103938501	0.478193832396807	59
-0.07280539644993	0.477448564652232	59
-0.0720448316892299	0.478570790474717	104
-0.10355903732961	1.05898370780578	131
0.11045172247443	1.1246950593717	338
-0.05273820465056	0.912281557043227	44
-0.0339937318150001	1.46420002266196	44
-0.0681537716474701	0.479292741706694	342
-0.0717777566350599	0.477074019570971	153
-0.0710166103938501	0.478193832396807	153
0.05324176552158	0.789473162707191	2
-0.06891673227405	0.478167346987275	2
-0.07280539644993	0.477448564652232	2
-0.12105845581784	1.04700258133137	2
-0.06712201309321	0.475136223572177	2
0.0492735110912199	0.773083861620571	2
-0.0681537716474701	0.479292741706694	2
-0.06891673227405	0.478167346987275	2
-0.0710166103938501	0.478193832396807	14
-0.07280539644993	0.477448564652232	1454
0.05173884031121	0.784928292248589	104
0.04420955275129	0.767002796647347	99
0.0590964482916701	0.775729844473512	129
-0.10983232271809	1.07306394539463	422
-0.11792035481483	1.06371525331464	422
-0.02991849500137	1.45402771561189	338
-0.0409321575833099	1.43403308764106	44
-0.0699879229667999	0.472328161227103	237
0.05259080843722	0.777380091161839	342
-0.0720448316892299	0.478570790474717	153
0.0492735110912199	0.773083861620571	2
-0.06891673227405	0.478167346987275	2
-0.0710166103938501	0.478193832396807	14
-0.0699474380288001	0.473890200865325	59
-0.0699879229667999	0.472328161227103	59
-0.06891673227405	0.478167346987275	59
-0.06891673227405	0.478167346987275	104
-0.0707496515431201	0.471239687923602	1454
0.0769738056981799	1.66348984826649	458
-0.0574831122624	0.89614252874237	422
-0.10579351033087	1.06867532893572	44
-0.11247180483895	1.06841376788285	44
-0.06712201309321	0.475136223572177	237
0.04944428562493	0.778083033060752	237
-0.0681537716474701	0.479292741706694	237
-0.0710166103938501	0.478193832396807	237
-0.0717777566350599	0.477074019570971	342
0.06526356996747	1.68083491807099	342
0.10630385831916	1.12623748630873	153
-0.0587054676384899	0.895608179697363	153
-0.0720448316892299	0.478570790474717	70
0.0534976127295399	0.780362467629578	2166
-0.07280539644993	0.477448564652232	2
-0.06891673227405	0.478167346987275	2
0.0526434754852001	0.781039269293486	2
-0.0720448316892299	0.478570790474717	2
-0.0720448316892299	0.478570790474717	1277
-0.0681537716474701	0.479292741706694	14
-0.0710166103938501	0.478193832396807	14
-0.0691850616331	0.474993175817053	104
-0.1147257446432	1.06837021970321	458
0.02094139561637	1.84521612204437	44
-0.11113638655076	1.06478553781221	44
-0.0710166103938501	0.478193832396807	44
-0.0587054676384899	0.895608179697363	71
-0.0710166103938501	0.478193832396807	44
-0.07317688836652	0.473648243082631	1880
-0.0652751037252599	0.470301214618162	237
-0.0699474380288001	0.473890200865325	342
0.10501728540832	1.11367971228502	153
0.01985515554608	1.29194217509662	234
0.0578079631572099	0.773305480893515	153
0.05816203902384	0.773856683030631	2
-0.05416394288337	0.910864209091877	2
0.0508334283573899	0.786182588324621	2
-0.06891673227405	0.478167346987275	2
-0.0717777566350599	0.477074019570971	2
-0.0717777566350599	0.477074019570971	590
-0.0678855588124401	0.474033268230349	977
-0.0710166103938501	0.478193832396807	29
-0.0738325704557401	0.471762089576048	59
-0.0699879229667999	0.472328161227103	59
-0.11920479191532	1.03481676062118	458
-0.04141797527544	1.43281611267021	458
-0.0455786252597501	0.888095981569818	99
0.11141646251528	2.0581981690541	131
-0.11743908395017	1.06484566219605	422
-0.05362198903316	0.912150936562615	44
0.0541478364472301	0.79255832938947	44
-0.0717777566350599	0.477074019570971	44
-0.0770658266540301	0.472946291653134	44
0.01902866400746	1.26139262144318	19
-0.06603988765179	0.469223739016395	237
0.0155788654500499	1.24231385934875	342
-0.06891673227405	0.478167346987275	153
-0.04854277898906	0.908259665628721	153
-0.0565959335432	0.897819638951261	153
-0.0557112695906801	0.89485838223341	2
-0.0707496515431201	0.471239687923602	2
-0.0720448316892299	0.478570790474717	2
-0.0770658266540301	0.472946291653134	2
-0.0770658266540301	0.472946291653134	2
-0.0699474380288001	0.473890200865325	977
-0.07280539644993	0.477448564652232	14
-0.06712201309321	0.475136223572177	29
-0.0738325704557401	0.471762089576048	59
-0.0717777566350599	0.477074019570971	940
-0.0730725863230399	0.472854481440801	940
-0.1009260539683	1.72113403677856	458
-0.10621197667352	1.06593508330171	131
-0.04975026063692	2.05604281487674	44
-0.05273820465056	0.912281557043227	44
0.0229369440156999	1.29632591348339	44
0.0238328819396501	1.29936627062778	44
0.0225912997522699	1.27386663144116	19
0.10868136815001	1.12139965942512	234
0.056606241661	0.779912172364091	2
0.10465353541534	1.1102799283727	2
-0.0707496515431201	0.471239687923602	2
0.0492735110912199	0.773083861620571	2
-0.0707496515431201	0.471239687923602	204
-0.0678855588124401	0.474033268230349	2
-0.0699879229667999	0.472328161227103	2
-0.0717777566350599	0.477074019570971	2
-0.0742052468557199	0.469453428525921	2
-0.06891673227405	0.478167346987275	977
-0.06712201309321	0.475136223572177	29
-0.0770658266540301	0.472946291653134	831
-0.0710166103938501	0.478193832396807	59
-0.05416394288337	0.910864209091877	99
-0.10984033645835	1.06198096921949	99
-0.1146997991692	1.04784642562442	44
-0.0699879229667999	0.472328161227103	44
-0.0720448316892299	0.478570790474717	44
-0.05185448000311	0.910021425154128	44
0.0578079631572099	0.773305480893515	71
-0.0580234417080501	0.904947505639359	237
-0.12331691467822	1.02855783107949	237
0.10881014861691	1.12910670530083	237
0.0508334283573899	0.786182588324621	342
0.11146262737409	1.13346570135336	234
-0.0678855588124401	0.474033268230349	153
-0.0717777566350599	0.477074019570971	2
-0.0717777566350599	0.477074019570971	2166
-0.0720448316892299	0.478570790474717	2166
-0.07280539644993	0.477448564652232	2
-0.0720448316892299	0.478570790474717	2
-0.0652751037252599	0.470301214618162	1277
-0.0691850616331	0.474993175817053	977
-0.0678855588124401	0.474033268230349	977
-0.07280539644993	0.477448564652232	59
-0.0681537716474701	0.479292741706694	940
0.11459366068847	1.11532877460534	99
0.10969397091784	1.13333925128269	99
0.1054940210177	2.02667420563254	129
-0.0452335922615199	0.900174346618307	131
0.0203246099087999	1.2932911560212	131
0.11524536509154	1.11663139462082	44
-0.0760405310832699	0.472583961120929	44
-0.0738325704557401	0.471762089576048	44
0.0625248525548301	0.762381298188905	44
-0.05185448000311	0.910021425154128	44
-0.0738325704557401	0.471762089576048	44
0.0499272437457801	0.785062078842457	44
-0.07280539644993	0.477448564652232	44
-0.0522904876988699	0.879719537231173	44
-0.0710166103938501	0.478193832396807	44
0.05173884031121	0.784928292248589	44
0.0538033505100699	0.771118615805415	44
-0.0587054676384899	0.895608179697363	71
-0.11653970979371	1.0650124064402	237
0.06970568445576	1.67526070802209	153
-0.07280539644993	0.477448564652232	153
0.05479791616394	0.782861546376213	153
0.0510865687348601	0.772983662632903	153
-0.0720448316892299	0.478570790474717	234
-0.0699879229667999	0.472328161227103	2
-0.06891673227405	0.478167346987275	204
-0.0710166103938501	0.478193832396807	2
-0.0710166103938501	0.478193832396807	2
-0.0678855588124401	0.474033268230349	2166
-0.0730725863230399	0.472854481440801	590
-0.0730725863230399	0.472854481440801	1277
-0.0770658266540301	0.472946291653134	29
0.11607762905871	1.1033491369249	99
0.0501804258727001	0.774176324231999	99
-0.0490819064799399	0.906998237084462	44
-0.0428093127697	0.885555909957004	44
0.10715280927292	1.09584478385436	44
0.0575397755193701	0.771653479704986	44
0.0463648455940899	0.759826887271404	44
-0.07280539644993	0.477448564652232	44
-0.0538315421281801	0.902399080424598	237
0.0523349170960601	0.780491055902145	237
0.0618830880027601	0.771347496058888	237
-0.0760405310832699	0.472583961120929	342
-0.0770658266540301	0.472946291653134	153
-0.0707496515431201	0.471239687923602	234
0.0519919355567899	0.76925475596425	153
-0.0699474380288001	0.473890200865325	2
-0.0681537716474701	0.479292741706694	204
-0.0720448316892299	0.478570790474717	590
-0.0720448316892299	0.478570790474717	1100
-0.0699879229667999	0.472328161227103	2
0.0514862837782999	0.776653741316405	14
-0.07280539644993	0.477448564652232	29
-0.0717777566350599	0.477074019570971	59
-0.07280539644993	0.477448564652232	29
-0.10531408285865	1.06614111777347	458
-0.11343678852673	1.0658536949288	99
-0.09589874075119	1.76385439305956	131
0.0534976127295399	0.780362467629578	16
-0.0691850616331	0.474993175817053	44
0.0526434754852001	0.781039269293486	44
-0.07280539644993	0.477448564652232	44
-0.11339658930045	1.06725303422696	44
-0.06603988765179	0.469223739016395	44
-0.0678855588124401	0.474033268230349	44
-0.0730725863230399	0.472854481440801	44
0.0500895525974501	0.778774959831316	44
-0.07317688836652	0.473648243082631	44
-0.10485539578188	1.04172401864973	71
0.0508334283573899	0.786182588324621	237
0.06032142178957	0.776009176330242	237
-0.0717777566350599	0.477074019570971	342
-0.0717777566350599	0.477074019570971	153
-0.07280539644993	0.477448564652232	2
0.0508334283573899	0.786182588324621	2
-0.07280539644993	0.477448564652232	2
-0.06712201309321	0.475136223572177	1100
0.05173884031121	0.784928292248589	2
-0.0720448316892299	0.478570790474717	2
-0.06424025149337	0.470793566917827	1277
-0.0720448316892299	0.478570790474717	1181
-0.0717777566350599	0.477074019570971	14
-0.0699879229667999	0.472328161227103	29
-0.06221874894826	0.891755340993512	99
-0.11113638655076	1.06478553781221	129
-0.0720448316892299	0.478570790474717	131
-0.0574806497426299	0.898690992261966	16
-0.0717777566350599	0.477074019570971	44
-0.06603988765179	0.469223739016395	44
0.0550531257249101	0.792542427995745	44
0.0510865687348601	0.772983662632903	44
-0.0560527018019099	0.899076046888398	44
0.0448614621208501	0.767687898006736	44
0.0185292590366799	1.28391909488046	44
-0.0613425135613499	0.460406177226235	237
0.0490202905863799	0.781201794884634	237
-0.07280539644993	0.477448564652232	237
-0.07280539644993	0.477448564652232	237
-0.0681537716474701	0.479292741706694	237
-0.06891673227405	0.478167346987275	153
-0.0681537716474701	0.479292741706694	153
0.056606241661	0.779912172364091	153
-0.0699879229667999	0.472328161227103	2
-0.07280539644993	0.477448564652232	204
0.0508334283573899	0.786182588324621	204
-0.06712201309321	0.475136223572177	204
-0.06891673227405	0.478167346987275	204
0.05593617805507	0.763735038767944	2
-0.0720448316892299	0.478570790474717	2
-0.0742052468557199	0.469453428525921	1277
-0.0691850616331	0.474993175817053	1277
-0.0720448316892299	0.478570790474717	1534
0.0199267699413901	1.2539664201355	99
-0.05273820465056	0.912281557043227	99
0.05440363611776	0.780361677510396	99
-0.0707496515431201	0.471239687923602	129
0.0469554682703801	0.770648218228337	44
-0.0717777566350599	0.477074019570971	44
-0.06891673227405	0.478167346987275	44
-0.0710166103938501	0.478193832396807	44
-0.0710166103938501	0.478193832396807	44
-0.0678855588124401	0.474033268230349	44
-0.0681537716474701	0.479292741706694	71
-0.0717285744982299	1.60875260401666	71
0.0541478364472301	0.79255832938947	19
0.11146262737409	1.13346570135336	19
-0.04854277898906	0.908259665628721	237
-0.0710166103938501	0.478193832396807	237
0.11021186964957	1.11686569270552	237
0.0584522846205799	0.785152960886062	342
0.11976043303136	1.11782058860545	153
0.0505808284801501	0.77555938050866	1393
0.0492735110912199	0.773083861620571	153
-0.0678855588124401	0.474033268230349	153
0.0557024721889701	0.782855365464993	153
-0.0707496515431201	0.471239687923602	153
-0.06712201309321	0.475136223572177	2
-0.0738325704557401	0.471762089576048	2
-0.0707496515431201	0.471239687923602	1248
-0.0710166103938501	0.478193832396807	2166
-0.0681537716474701	0.479292741706694	1100
-0.0717777566350599	0.477074019570971	2
-0.07280539644993	0.477448564652232	1277
-0.06712201309321	0.475136223572177	1181
-0.0738325704557401	0.471762089576048	14
-0.0710166103938501	0.478193832396807	14
-0.0691850616331	0.474993175817053	1513
-0.0720448316892299	0.478570790474717	161
-0.0681537716474701	0.479292741706694	458
-0.0720448316892299	0.478570790474717	458
-0.06500562329447	0.469713899049653	129
-0.07317688836652	0.473648243082631	131
-0.06500562329447	0.469713899049653	71
-0.06891673227405	0.478167346987275	237
-0.0681537716474701	0.479292741706694	2
-0.11381284046783	1.04263077569564	971
-0.10983232271809	1.07306394539463	129
0.11510624796639	1.10392066086509	44
0.05239096568043	0.775447909362186	44
-0.10980440390432	1.05349993662773	44
-0.0707496515431201	0.471239687923602	44
0.05479791616394	0.782861546376213	463
-0.04895997541571	0.871981181166555	71
0.04944428562493	0.778083033060752	237
-0.06712201309321	0.475136223572177	237
-0.07280539644993	0.477448564652232	153
-0.0699879229667999	0.472328161227103	153
-0.0678855588124401	0.474033268230349	2
-0.0720448316892299	0.478570790474717	1100
-0.0707496515431201	0.471239687923602	1534
-0.0681537716474701	0.479292741706694	29
-0.0681537716474701	0.479292741706694	1513
-0.0717777566350599	0.477074019570971	29
-0.11652639442979	1.84389443323775	458
-0.11117361275803	1.05391299910114	99
0.1041332418053	1.10876546649546	44
-0.0600024177890699	0.87125089681442	44
-0.0318296724239999	1.44665950109596	182
-0.11687315032583	1.03568773377154	182
-0.0720448316892299	0.478570790474717	44
-0.1071092260774	1.06271741759088	44
0.09489232010251	1.64885297223079	44
-0.10669167750015	1.06847070489838	237
-0.11072976331823	1.07158556716084	237
0.0243026850988901	1.29596493734429	237
0.0550531257249101	0.792542427995745	153
-0.0581608093624899	0.883734076078182	153
-0.0710166103938501	0.478193832396807	153
-0.0699879229667999	0.472328161227103	2
-0.11832555242347	1.04794864249874	2
0.12036303004319	1.10699201169317	2
-0.0707496515431201	0.471239687923602	2
-0.0717777566350599	0.477074019570971	1707
-0.0691850616331	0.474993175817053	1534
-0.0717777566350599	0.477074019570971	59
-0.0720448316892299	0.478570790474717	59
0.11384544599427	1.13290308531944	99
0.0391338123541301	2.26986939013472	131
-0.06891673227405	0.478167346987275	182
0.0505808284801501	0.77555938050866	44
-0.0557112695906801	0.89485838223341	44
0.1025481991892	1.09307217813713	44
-0.0550482985028	0.908328416896414	44
-0.05505837898128	0.88769271826751	237
-0.11111614602921	1.04950349129446	153
-0.0760405310832699	0.472583961120929	2
-0.0563932691393201	0.887955911631287	2
-0.0738325704557401	0.471762089576048	2
-0.0707496515431201	0.471239687923602	2
0.0514862837782999	0.776653741316405	2
-0.06891673227405	0.478167346987275	204
-0.0738325704557401	0.471762089576048	1100
-0.07280539644993	0.477448564652232	2
0.0496746038970799	0.771811008207858	2
0.0557024721889701	0.782855365464993	1277
0.0538925777473001	0.779864833648603	14
0.11333659646118	1.10356253100996	1534
-0.0717777566350599	0.477074019570971	59
0.02468781272684	1.2683405183581	129
0.01596423938845	1.24523204829595	131
-0.06188648418143	0.879582746048355	16
0.0490202905863799	0.781201794884634	71
0.05909815460552	0.752418947821535	237
-0.0710166103938501	0.478193832396807	237
-0.0613348698126699	0.892858676693574	153
-0.06712201309321	0.475136223572177	153
-0.0720448316892299	0.478570790474717	153
-0.0681537716474701	0.479292741706694	1100
-0.06712201309321	0.475136223572177	1277
-0.0710166103938501	0.478193832396807	1534
-0.0770658266540301	0.472946291653134	59
-0.02757926236082	1.46577555447794	458
-0.11429606667845	1.06576613605417	99
-0.1071092260774	1.06271741759088	99
-0.0523954066007699	0.90874542512987	44
-0.05782116202135	0.89884378472194	44
0.0534976127295399	0.780362467629578	1829
0.10969397091784	1.13333925128269	44
-0.11612040109106	1.06174098558741	44
0.0119770625185001	1.24186914244833	44
-0.0582373707530299	0.877048626716004	237
-0.0720448316892299	0.478570790474717	153
-0.0717777566350599	0.477074019570971	153
0.05596010072993	0.789495909237653	153
-0.0467764558911099	0.893681068444457	2
0.0553140457202801	0.777447335571876	2
-0.06891673227405	0.478167346987275	2
-0.12146252534272	1.04695047065446	426
-0.0529364368585401	0.894616845403179	204
-0.0691850616331	0.474993175817053	246
-0.0738325704557401	0.471762089576048	1100
0.0510865687348601	0.772983662632903	2
0.0578079631572099	0.773305480893515	2
-0.0681537716474701	0.479292741706694	14
-0.0760405310832699	0.472583961120929	14
-0.0699879229667999	0.472328161227103	1534
-0.0770658266540301	0.472946291653134	837
-0.06891673227405	0.478167346987275	831
-0.0298733734221199	1.46421376812809	458
-0.10313904641442	1.7350839005915	99
0.0291068042918401	1.2838006704764	129
0.11244488258851	1.12815236230667	44
0.02336297448206	1.29289369460251	508
-0.11031292522081	1.06793803826448	44
-0.0355494286193301	1.46549101788668	44
0.06898719200537	1.67421557751515	44
0.02996677930696	1.25430520439055	71
0.10730539636011	1.11763338649697	237
0.10996033877899	1.10266846288793	342
-0.0563932691393201	0.887955911631287	153
0.0587433595831299	0.771678233328882	153
-0.11832555242347	1.04794864249874	153
0.0172706381638601	1.28966551684397	153
0.0190685832967601	1.28447361871714	2
0.0541478364472301	0.79255832938947	2
0.0496746038970799	0.771811008207858	2
-0.06712201309321	0.475136223572177	2
-0.0691850616331	0.474993175817053	2
0.0550531257249101	0.792542427995745	2
-0.0720448316892299	0.478570790474717	204
-0.0707496515431201	0.471239687923602	204
-0.0699474380288001	0.473890200865325	204
-0.0717777566350599	0.477074019570971	204
-0.07280539644993	0.477448564652232	246
-0.0699879229667999	0.472328161227103	2
-0.07280539644993	0.477448564652232	2
-0.0717777566350599	0.477074019570971	2
-0.0730725863230399	0.472854481440801	831
-0.0574831122624	0.89614252874237	99
0.10630385831916	1.12623748630873	131
0.10718940088474	1.12500364394142	131
0.11082325682658	1.10833047350856	44
-0.1093518309419	1.07048994939256	44
-0.10579351033087	1.06867532893572	44
0.01500444989022	1.28285800194236	44
0.05239096568043	0.775447909362186	508
0.02472945055415	1.29941756841407	44
-0.05362198903316	0.912150936562615	19
0.0534976127295399	0.780362467629578	71
-0.0550482985028	0.908328416896414	237
-0.06891673227405	0.478167346987275	237
-0.0738325704557401	0.471762089576048	237
-0.0717777566350599	0.477074019570971	237
-0.0720448316892299	0.478570790474717	237
0.05687223512352	0.771439580241442	342
0.0578079631572099	0.773305480893515	550
0.0483658284992801	0.769354800829021	153
-0.05782116202135	0.89884378472194	2
-0.0681537716474701	0.479292741706694	204
-0.0691850616331	0.474993175817053	204
-0.07280539644993	0.477448564652232	204
-0.0707496515431201	0.471239687923602	2
-0.07809066276743	0.467369829987504	2
-0.0730725863230399	0.472854481440801	2
-0.06891673227405	0.478167346987275	1608
-0.07280539644993	0.477448564652232	14
-0.0699879229667999	0.472328161227103	1032
-0.07280539644993	0.477448564652232	757
-0.05043050740135	0.892823265952935	458
-0.0263046309275901	1.45837191426331	99
0.0492735110912199	0.773083861620571	99
-0.0469992100836101	0.896324802968931	971
0.0181311976935301	1.26603315849014	129
-0.0523954066007699	0.90874542512987	44
-0.0673153716658299	1.61182396024944	44
0.10715280927292	1.09584478385436	182
-0.0391570502427501	0.87077729363964	463
-0.0559123726850399	0.887693153898973	71
-0.06424025149337	0.470793566917827	71
-0.0699474380288001	0.473890200865325	237
0.0476024765398	0.771332727138389	237
0.05816203902384	0.773856683030631	237
-0.07317688836652	0.473648243082631	237
-0.0681537716474701	0.479292741706694	237
-0.0691850616331	0.474993175817053	237
-0.0720448316892299	0.478570790474717	153
0.10730539636011	1.11763338649697	153
-0.0678855588124401	0.474033268230349	153
0.0575172163434201	0.783229267431462	153
-0.0681537716474701	0.479292741706694	2
-0.07280539644993	0.477448564652232	2
-0.0738325704557401	0.471762089576048	246
-0.0699474380288001	0.473890200865325	2
-0.0717777566350599	0.477074019570971	2
-0.05450583170553	0.909610308903803	2
-0.0720448316892299	0.478570790474717	40
-0.07501477661502	0.466870648976945	1608
-0.0738325704557401	0.471762089576048	1032
-0.0710166103938501	0.478193832396807	29
-0.0557112695906801	0.89485838223341	99
0.0500895525974501	0.778774959831316	99
-0.1147257446432	1.06837021970321	131
-0.0691850616331	0.474993175817053	131
0.0737367337384001	1.69989656212977	129
0.08309049257886	1.68748887524075	131
0.05324176552158	0.789473162707191	44
0.0180592590222901	1.2825847987417	44
0.0550531257249101	0.792542427995745	182
-0.05273820465056	0.912281557043227	44
-0.0583660358612601	0.893680513892052	44
-0.10621197667352	1.06593508330171	44
-0.1115855257666	1.06622893708916	44
0.10718940088474	1.12500364394142	71
-0.0742052468557199	0.469453428525921	237
-0.0681537716474701	0.479292741706694	237
-0.0730725863230399	0.472854481440801	237
-0.07317688836652	0.473648243082631	237
-0.0720448316892299	0.478570790474717	237
-0.0742052468557199	0.469453428525921	237
0.0514862837782999	0.776653741316405	153
0.05689453791152	0.780961513779423	153
-0.05890688317319	0.902431779745543	153
0.0499272437457801	0.785062078842457	633
-0.0547060013588201	0.89662201260864	153
0.04851075015852	0.775082213195586	426
0.0522428953690199	0.767041412343095	2
-0.0691850616331	0.474993175817053	2
-0.07280539644993	0.477448564652232	246
-0.0710166103938501	0.478193832396807	2
0.05351304541734	0.769930773141108	14
-0.07280539644993	0.477448564652232	40
-0.0770658266540301	0.472946291653134	1032
-0.0720448316892299	0.478570790474717	757
0.10678640239191	1.11610590333976	99
-0.12097913737723	1.03446690705352	99
-0.1093518309419	1.07048994939256	99
0.04108455227754	0.752700360309456	99
0.0719345126577899	1.69308658837581	131
0.1053095362119	2.06708289137284	131
-0.04888650320908	0.897232126223851	508
0.10578739057924	1.11259501523348	44
0.02124411853535	1.29249248124647	182
-0.0730725863230399	0.472854481440801	35
0.0538925777473001	0.779864833648603	237
0.02333155434316	1.27101518696108	342
0.0572272994035301	0.76610736129693	153
-0.04888650320908	0.897232126223851	153
-0.0707496515431201	0.471239687923602	153
-0.05436963802727	0.892156618389316	153
-0.0770658266540301	0.472946291653134	153
0.05440363611776	0.780361677510396	70
-0.0710166103938501	0.478193832396807	1248
-0.0707496515431201	0.471239687923602	204
-0.0550482985028	0.908328416896414	204
-0.0730725863230399	0.472854481440801	204
-0.0707496515431201	0.471239687923602	204
-0.0710166103938501	0.478193832396807	246
-0.07280539644993	0.477448564652232	2
-0.0710166103938501	0.478193832396807	40
-0.0770658266540301	0.472946291653134	1608
-0.0681537716474701	0.479292741706694	14
-0.0710166103938501	0.478193832396807	14
-0.0607927327164499	0.884320469745859	99
0.04757688619462	0.766421304884915	99
-0.0793398419017499	1.59444124063919	99
0.0685702726517801	1.69597251230668	99
-0.10585333427335	1.04407721105852	99
-0.0720448316892299	0.478570790474717	129
-0.10936121991165	1.06309152229569	131
0.05440363611776	0.780361677510396	131
-0.11609417733134	1.05823716062059	44
-0.10983232271809	1.07306394539463	44
-0.05362198903316	0.912150936562615	44
-0.0724658114393	1.61494553759164	44
0.0670636039977599	1.68704478384904	44
-0.05362198903316	0.912150936562615	44
-0.05308013978115	0.899784327074712	463
-0.05030937563599	0.907900097651934	44
-0.0720448316892299	0.478570790474717	71
-0.0738325704557401	0.471762089576048	71
-0.06891673227405	0.478167346987275	237
-0.06500562329447	0.469713899049653	237
-0.06603988765179	0.469223739016395	126
-0.0691850616331	0.474993175817053	153
-0.0587054676384899	0.895608179697363	153
-0.0760405310832699	0.472583961120929	2
-0.0738325704557401	0.471762089576048	426
0.0501804258727001	0.774176324231999	204
0.0508334283573899	0.786182588324621	246
-0.06712201309321	0.475136223572177	2
-0.0720448316892299	0.478570790474717	2
-0.06891673227405	0.478167346987275	2
-0.07809066276743	0.467369829987504	928
-0.0710166103938501	0.478193832396807	2259
-0.10984033645835	1.06198096921949	458
0.0487676141282201	0.762654331068483	99
-0.0563932691393201	0.887955911631287	99
-0.0720448316892299	0.478570790474717	99
0.05324176552158	0.789473162707191	99
0.05037749003109	0.778108225282062	99
0.0541478364472301	0.79255832938947	99
0.10258242681834	2.00789752833697	99
0.01723437048167	1.26824921975555	129
-0.11072976331823	1.07158556716084	44
-0.0742052468557199	0.469453428525921	44
-0.0691850616331	0.474993175817053	44
-0.0742052468557199	0.469453428525921	71
0.11192820217916	1.10965503085579	71
-0.0681537716474701	0.479292741706694	237
-0.0699474380288001	0.473890200865325	237
0.0510220935161501	0.778798937917858	773
-0.0699474380288001	0.473890200865325	2
-0.0707496515431201	0.471239687923602	2
-0.0717777566350599	0.477074019570971	426
-0.0717777566350599	0.477074019570971	204
-0.0710166103938501	0.478193832396807	204
-0.0710166103938501	0.478193832396807	2
0.10203296698767	1.09272331472455	99
-0.0681537716474701	0.479292741706694	99
0.10465353541534	1.1102799283727	508
-0.0490819064799399	0.906998237084462	44
-0.0717777566350599	0.477074019570971	2120
-0.0710166103938501	0.478193832396807	2120
-0.07280539644993	0.477448564652232	237
0.0483658284992801	0.769354800829021	237
0.0460222374661601	0.771815254797831	426
-0.0681537716474701	0.479292741706694	426
-0.0707496515431201	0.471239687923602	204
-0.07280539644993	0.477448564652232	2
0.0491566799541401	0.775770930689392	2
-0.11432316239478	1.06571544108862	14
-0.0691850616331	0.474993175817053	99
0.05351304541734	0.769930773141108	99
0.08663883052261	2.47555329452057	131
-0.0720448316892299	0.478570790474717	131
-0.11775744779411	1.03257341030729	44
-0.0258916967164899	1.41271766922103	508
-0.07809066276743	0.467369829987504	44
0.0538033505100699	0.771118615805415	463
-0.0501790700653699	0.883449335706573	44
-0.0717777566350599	0.477074019570971	71
-0.0720448316892299	0.478570790474717	71
-0.06712201309321	0.475136223572177	237
-0.0717777566350599	0.477074019570971	237
-0.07280539644993	0.477448564652232	237
0.0575172163434201	0.783229267431462	237
-0.0710166103938501	0.478193832396807	153
-0.0553897312274201	0.904143268243517	204
0.0460222374661601	0.771815254797831	2
-0.0720448316892299	0.478570790474717	2
-0.07280539644993	0.477448564652232	2
-0.0720448316892299	0.478570790474717	14
0.0550531257249101	0.792542427995745	14
-0.0710166103938501	0.478193832396807	40
-0.0720448316892299	0.478570790474717	14
-0.07280539644993	0.477448564652232	226
-0.0738325704557401	0.471762089576048	29
0.0753590096439101	1.6864207960771	1639
-0.10447422915986	1.05448441079792	44
-0.0707496515431201	0.471239687923602	1923
-0.06891673227405	0.478167346987275	44
-0.0681537716474701	0.479292741706694	71
-0.0770658266540301	0.472946291653134	71
-0.0710166103938501	0.478193832396807	71
0.0505808284801501	0.77555938050866	237
-0.0699474380288001	0.473890200865325	237
-0.0699474380288001	0.473890200865325	237
-0.0710166103938501	0.478193832396807	237
-0.0720448316892299	0.478570790474717	237
-0.0730725863230399	0.472854481440801	237
-0.0710166103938501	0.478193832396807	237
-0.0720448316892299	0.478570790474717	237
-0.03577670694232	1.45037985376485	342
-0.11254983663792	1.06368276598224	153
-0.0720448316892299	0.478570790474717	153
-0.07280539644993	0.477448564652232	2
-0.0699879229667999	0.472328161227103	70
-0.06424025149337	0.470793566917827	2
0.0593870206300999	0.78344810605566	2
-0.0720448316892299	0.478570790474717	40
-0.0681537716474701	0.479292741706694	99
0.11230955166996	1.10176938723234	99
-0.10455919372117	1.71294891696002	99
-0.0681537716474701	0.479292741706694	131
-0.0717777566350599	0.477074019570971	131
0.06217651996798	0.760268186334815	958
0.0751046115996099	1.67432693567053	44
-0.0768740402822501	1.57167894017009	44
-0.12057530609592	1.04810700263471	44
-0.06712201309321	0.475136223572177	1923
0.05816203902384	0.773856683030631	44
-0.0710166103938501	0.478193832396807	44
0.11183076272112	1.12784404487393	182
0.0457640659241601	0.771410399129658	237
-0.0720448316892299	0.478570790474717	237
-0.0720448316892299	0.478570790474717	342
-0.11647197014942	1.05158957125806	153
-0.0508495337336901	0.906635016822695	153
0.0211845766321801	1.27053396286978	2
-0.0681537716474701	0.479292741706694	2
-0.0720448316892299	0.478570790474717	2
-0.06891673227405	0.478167346987275	426
-0.06891673227405	0.478167346987275	426
-0.11832555242347	1.04794864249874	426
-0.0717777566350599	0.477074019570971	40
-0.06424025149337	0.470793566917827	579
-0.06891673227405	0.478167346987275	29
-0.0691850616331	0.474993175817053	1604
-0.0720448316892299	0.478570790474717	29
-0.11897093581493	1.84644019950225	1639
0.0224719347334399	1.28393188635392	99
-0.0306592847557201	1.42081218894804	131
-0.0770658266540301	0.472946291653134	1923
-0.06891673227405	0.478167346987275	44
0.0508334283573899	0.786182588324621	71
0.0505808284801501	0.77555938050866	71
0.05687223512352	0.771439580241442	71
-0.0730725863230399	0.472854481440801	71
-0.0691850616331	0.474993175817053	71
-0.0681537716474701	0.479292741706694	237
-0.0720448316892299	0.478570790474717	2316
-0.0699474380288001	0.473890200865325	126
-0.06364595640889	0.878569886369729	773
0.0505808284801501	0.77555938050866	1599
0.0499272437457801	0.785062078842457	2
-0.0710166103938501	0.478193832396807	70
-0.06891673227405	0.478167346987275	426
-0.0707496515431201	0.471239687923602	1157
-0.0717777566350599	0.477074019570971	204
-0.0738325704557401	0.471762089576048	204
-0.0720448316892299	0.478570790474717	40
-0.0760405310832699	0.472583961120929	40
-0.0699474380288001	0.473890200865325	109
-0.0760405310832699	0.472583961120929	29
0.10969397091784	1.13333925128269	2099
0.0198775845080801	1.29452339506382	99
-0.10489469796581	1.06585897761573	131
0.0277061046859299	1.8134798895013	131
-0.12316935386464	1.83376817780735	44
-0.10936121991165	1.06309152229569	44
-0.0730725863230399	0.472854481440801	1923
0.05440363611776	0.780361677510396	44
-0.07280539644993	0.477448564652232	44
-0.0699879229667999	0.472328161227103	237
-0.0681537716474701	0.479292741706694	237
-0.0720448316892299	0.478570790474717	237
-0.0681537716474701	0.479292741706694	126
-0.0581429849544799	0.87530686174911	126
-0.11335750649353	1.06827876202682	153
-0.0548266593078299	0.889295609530007	773
0.0203028395901601	1.28942113768371	153
0.10730539636011	1.11763338649697	153
-0.0770658266540301	0.472946291653134	426
-0.0699879229667999	0.472328161227103	204
0.0496746038970799	0.771811008207858	246
-0.0720448316892299	0.478570790474717	109
-0.06891673227405	0.478167346987275	29
-0.07214806860361	0.469601658503721	1427
-0.07280539644993	0.477448564652232	1604
-0.0717777566350599	0.477074019570971	131
-0.0539634699884799	0.897318330466655	44
0.05037749003109	0.778108225282062	44
0.01902866400746	1.26139262144318	44
0.0575172163434201	0.783229267431462	44
0.0550531257249101	0.792542427995745	182
-0.11743908395017	1.06484566219605	44
-0.0720448316892299	0.478570790474717	237
0.1041332418053	1.10876546649546	153
0.0593870206300999	0.78344810605566	153
-0.11206763144393	1.06877890620314	426
-0.0710166103938501	0.478193832396807	204
0.05239096568043	0.775447909362186	53
-0.07501477661502	0.466870648976945	246
-0.0738325704557401	0.471762089576048	246
-0.06603988765179	0.469223739016395	40
-0.07280539644993	0.477448564652232	40
0.0501804258727001	0.774176324231999	2099
-0.0681537716474701	0.479292741706694	2099
-0.0717777566350599	0.477074019570971	29
-0.0738325704557401	0.471762089576048	29
-0.0738325704557401	0.471762089576048	1604
0.0342849112913199	1.27233531649166	99
-0.11609417733134	1.05823716062059	131
-0.04009843912658	1.43124688195943	131
0.10501728540832	1.11367971228502	131
-0.11161847759854	1.06732588330994	44
-0.0294782736622401	1.43114480938035	44
-0.0760405310832699	0.472583961120929	44
-0.0461163640640201	0.899940263757045	44
-0.06276901732556	0.877205235068262	71
0.05479791616394	0.782861546376213	182
-0.0681537716474701	0.479292741706694	71
-0.07280539644993	0.477448564652232	71
-0.0652751037252599	0.470301214618162	237
-0.07280539644993	0.477448564652232	237
0.0225119786522701	1.28663827276049	237
0.05351304541734	0.769930773141108	237
-0.06891673227405	0.478167346987275	237
-0.0652751037252599	0.470301214618162	237
0.05324176552158	0.789473162707191	237
0.0550531257249101	0.792542427995745	342
0.0541478364472301	0.79255832938947	153
-0.0730725863230399	0.472854481440801	153
0.0505808284801501	0.77555938050866	153
0.05596010072993	0.789495909237653	426
0.05816203902384	0.773856683030631	1311
-0.0760405310832699	0.472583961120929	40
-0.0720448316892299	0.478570790474717	109
-0.0720448316892299	0.478570790474717	1604
0.05479791616394	0.782861546376213	1639
-0.11424263104536	1.06581524493349	1639
0.0466699065774101	0.772502733813019	458
-0.1214730759709	1.03982329214537	99
-0.11345640901587	1.05040036017731	99
-0.0373032894029199	1.4313554091133	131
0.11458377819238	1.11002962269758	44
-0.0720448316892299	0.478570790474717	182
-0.10936121991165	1.06309152229569	44
-0.0710166103938501	0.478193832396807	182
-0.06500562329447	0.469713899049653	71
0.1109454935159	1.13190593364086	342
-0.0497693203926901	0.895727207553442	153
0.1118514342688	1.11015008885053	153
0.05596010072993	0.789495909237653	153
-0.11512717881135	1.06077364595871	153
0.0557024721889701	0.782855365464993	70
-0.0770658266540301	0.472946291653134	70
-0.0710166103938501	0.478193832396807	2
-0.06891673227405	0.478167346987275	70
0.0508334283573899	0.786182588324621	1311
-0.07317688836652	0.473648243082631	53
-0.0710166103938501	0.478193832396807	40
-0.0738325704557401	0.471762089576048	40
-0.0691850616331	0.474993175817053	14
-0.0710166103938501	0.478193832396807	109
-0.0652751037252599	0.470301214618162	29
-0.07809066276743	0.467369829987504	458
-0.0401652665708301	2.05309360333274	99
-0.07280539644993	0.477448564652232	131
-0.05836541677124	0.897583415485501	131
-0.0720448316892299	0.478570790474717	182
-0.0699879229667999	0.472328161227103	44
-0.0720448316892299	0.478570790474717	44
-0.11647197014942	1.05158957125806	1668
-0.0699474380288001	0.473890200865325	71
-0.07809066276743	0.467369829987504	71
-0.0710166103938501	0.478193832396807	71
-0.07280539644993	0.477448564652232	237
-0.0730725863230399	0.472854481440801	237
-0.0717777566350599	0.477074019570971	237
0.05658181837253	0.775242663331729	342
-0.0720448316892299	0.478570790474717	342
-0.06891673227405	0.478167346987275	342
-0.07280539644993	0.477448564652232	70
-0.0760405310832699	0.472583961120929	53
0.0508334283573899	0.786182588324621	246
-0.0691850616331	0.474993175817053	29
-0.07280539644993	0.477448564652232	29
-0.11558617561792	1.05074498632805	458
-0.0904539039188901	1.70422293421184	1639
-0.0496211358844501	0.892997324990223	99
-0.04964332043696	0.893387919162496	131
-0.0717777566350599	0.477074019570971	44
-0.06712201309321	0.475136223572177	44
0.0514862837782999	0.776653741316405	71
-0.0710166103938501	0.478193832396807	71
-0.0710166103938501	0.478193832396807	342
-0.07280539644993	0.477448564652232	342
-0.0699879229667999	0.472328161227103	342
0.04851075015852	0.775082213195586	342
0.10682022262712	1.11444507093232	153
-0.04007999526019	1.4312996184219	1599
0.02562665034051	1.29648855708725	153
-0.0710166103938501	0.478193832396807	70
-0.07280539644993	0.477448564652232	70
-0.0499656868804901	0.908177971331969	45
0.0550531257249101	0.792542427995745	246
-0.0717777566350599	0.477074019570971	109
-0.0710166103938501	0.478193832396807	806
-0.0707496515431201	0.471239687923602	29
0.0735614633897399	1.69473693784662	1639
0.02077353158938	1.29587945269586	1639
0.10453378394352	1.12065890271037	99
-0.00804403337487991	2.37344299170206	99
0.0550531257249101	0.792542427995745	574
-0.03480954953341	1.45556168245779	99
-0.11525711897442	1.04999568881287	131
0.07628810080177	1.68140004484681	44
0.0203484405033501	1.29114256962638	44
-0.06221874894826	0.891755340993512	44
-0.0738325704557401	0.471762089576048	237
-0.0592490210088199	0.888404462375143	153
-0.11653970979371	1.0650124064402	773
-0.0710166103938501	0.478193832396807	53
-0.07317688836652	0.473648243082631	40
-0.0699474380288001	0.473890200865325	109
0.0538033505100699	0.771118615805415	458
-0.11510281222949	1.03600857703555	458
-0.0362180438556701	1.4572922314678	574
0.11192820217916	1.10965503085579	44
0.0618830880027601	0.771347496058888	71
-0.0720448316892299	0.478570790474717	71
-0.0717777566350599	0.477074019570971	2323
-0.0691850616331	0.474993175817053	237
-0.07809066276743	0.467369829987504	237
-0.07317688836652	0.473648243082631	237
-0.06712201309321	0.475136223572177	237
-0.06712201309321	0.475136223572177	237
-0.07317688836652	0.473648243082631	237
0.0541478364472301	0.79255832938947	153
0.06714702000659	1.67056837500691	773
0.05440363611776	0.780361677510396	153
-0.0710166103938501	0.478193832396807	70
-0.0710166103938501	0.478193832396807	2
0.10605689992627	1.09931070309845	45
0.0499272437457801	0.785062078842457	53
-0.0717777566350599	0.477074019570971	53
-0.04888650320908	0.897232126223851	53
-0.0691850616331	0.474993175817053	739
-0.0730725863230399	0.472854481440801	40
-0.0707496515431201	0.471239687923602	109
-0.0760405310832699	0.472583961120929	806
-0.01501514690602	2.33367195519286	458
0.0758538850361501	1.68973472760563	458
0.0190302731155001	1.26066070782088	458
-0.0165801585818099	1.96499302163043	458
0.10706715690781	2.06821400607218	47
-0.116955769361	1.05405703483176	44
-0.0699474380288001	0.473890200865325	44
-0.0568171774984001	0.891267840376033	44
-0.0707496515431201	0.471239687923602	44
-0.0678855588124401	0.474033268230349	182
-0.05836541677124	0.897583415485501	71
0.0659570631503099	0.742518840500128	2323
0.056606241661	0.779912172364091	2323
-0.0613425135613499	0.460406177226235	237
-0.0590446535426701	0.878001432073118	237
-0.0499656868804901	0.908177971331969	35
0.0487676141282201	0.762654331068483	237
-0.0490819064799399	0.906998237084462	342
-0.0720448316892299	0.478570790474717	153
0.05440363611776	0.780361677510396	70
-0.05836541677124	0.897583415485501	2
-0.05308013978115	0.899784327074712	426
-0.0710166103938501	0.478193832396807	53
-0.04488770072494	0.895839552613018	53
-0.0720448316892299	0.478570790474717	53
-0.07280539644993	0.477448564652232	40
-0.07280539644993	0.477448564652232	40
-0.0760405310832699	0.472583961120929	40
-0.0710166103938501	0.478193832396807	40
-0.0681537716474701	0.479292741706694	29
-0.06891673227405	0.478167346987275	806
-0.04044521567459	1.42280480199595	216
0.05479791616394	0.782861546376213	44
0.05816203902384	0.773856683030631	44
-0.05362198903316	0.912150936562615	237
-0.05714006279032	0.905086842963566	2211
0.11887567857437	1.12333018665557	35
-0.07280539644993	0.477448564652232	237
0.11421406089321	1.13145762266747	126
-0.07280539644993	0.477448564652232	153
-0.06891673227405	0.478167346987275	153
-0.0634429835727801	0.874390513241176	70
-0.0720448316892299	0.478570790474717	426
0.0490202905863799	0.781201794884634	53
-0.07280539644993	0.477448564652232	53
-0.0710166103938501	0.478193832396807	53
-0.06891673227405	0.478167346987275	739
-0.0760405310832699	0.472583961120929	246
0.0510865687348601	0.772983662632903	109
-0.0710166103938501	0.478193832396807	109
-0.0720448316892299	0.478570790474717	806
0.04851075015852	0.775082213195586	1686
0.0119770625185001	1.24186914244833	44
-0.0707496515431201	0.471239687923602	44
0.10816590498031	1.10793601172314	44
-0.11563968043387	1.06286440618323	71
-0.0652751037252599	0.470301214618162	71
-0.06712201309321	0.475136223572177	237
-0.07280539644993	0.477448564652232	237
-0.0699879229667999	0.472328161227103	35
0.11006056146374	1.13316508829393	164
-0.0624407109382701	1.61107761275039	153
0.10626730208998	1.09796277173373	70
-0.07280539644993	0.477448564652232	109
-0.0717777566350599	0.477074019570971	29
-0.07317688836652	0.473648243082631	29
-0.07280539644993	0.477448564652232	1282
-0.07280539644993	0.477448564652232	29
-0.06712201309321	0.475136223572177	29
-0.10083494141611	2.27271901672863	458
-0.00691343600650995	1.93289486820319	458
-0.06485683535267	1.57646662902203	47
-0.03413151442339	1.46622352864239	131
-0.0289930035241399	1.45890497542856	44
0.0145562554773	1.25310883871869	44
-0.06661673205696	0.866773959702335	44
-0.05362198903316	0.912150936562615	182
-0.0760405310832699	0.472583961120929	71
-0.0681537716474701	0.479292741706694	71
-0.0730725863230399	0.472854481440801	71
-0.07809066276743	0.467369829987504	164
0.05596010072993	0.789495909237653	153
-0.11473899531274	1.05817118708537	153
-0.0601084860521099	0.879132137590456	153
0.10580449458491	1.09171139973958	153
-0.0730725863230399	0.472854481440801	70
-0.0678855588124401	0.474033268230349	70
0.0499272437457801	0.785062078842457	70
-0.06891673227405	0.478167346987275	45
-0.07280539644993	0.477448564652232	40
-0.06712201309321	0.475136223572177	29
-0.07501477661502	0.466870648976945	29
-0.06891673227405	0.478167346987275	71
0.0541478364472301	0.79255832938947	71
-0.06926546790303	0.465378566229971	71
-0.0681537716474701	0.479292741706694	237
-0.05138979471127	0.892615674789939	237
-0.0541759276551099	0.892195392884521	237
-0.11297637979416	1.06502320237832	342
-0.05450583170553	0.909610308903803	153
-0.06067394792481	0.885543797709986	70
0.05816203902384	0.773856683030631	70
-0.05516855003074	0.896104191265479	70
-0.0707496515431201	0.471239687923602	426
-0.0730725863230399	0.472854481440801	53
0.0584522846205799	0.785152960886062	53
0.10203296698767	1.09272331472455	53
-0.06424025149337	0.470793566917827	40
-0.06891673227405	0.478167346987275	109
0.0535473297453799	0.771981238300876	109
-0.0730725863230399	0.472854481440801	109
-0.0710166103938501	0.478193832396807	29
0.0840010676837899	2.44877869172777	161
-0.11923586888964	1.05729433456047	99
-0.09632303732791	1.75820799394036	216
-0.0562736861636599	0.892506383944371	131
-0.05362198903316	0.912150936562615	44
-0.07280539644993	0.477448564652232	44
-0.0720448316892299	0.478570790474717	71
-0.0738325704557401	0.471762089576048	71
0.10868136815001	1.12139965942512	153
-0.0587054676384899	0.895608179697363	70
0.0492735110912199	0.773083861620571	70
-0.0720448316892299	0.478570790474717	426
-0.0742052468557199	0.469453428525921	426
-0.0557112695906801	0.89485838223341	53
-0.06891673227405	0.478167346987275	29
-0.0717777566350599	0.477074019570971	29
-0.07280539644993	0.477448564652232	266
0.11533991729783	1.10328810083678	458
-0.0565959335432	0.897819638951261	458
0.02079396067201	1.27654715927252	215
-0.0694732997149401	1.59204609099875	529
0.0168583487932199	1.24990382808776	44
-0.0707496515431201	0.471239687923602	182
-0.0433453424155801	0.884373442484954	182
-0.0720448316892299	0.478570790474717	44
-0.0461163640640201	0.899940263757045	44
-0.07280539644993	0.477448564652232	2119
-0.0720448316892299	0.478570790474717	237
-0.0720448316892299	0.478570790474717	237
-0.0720448316892299	0.478570790474717	342
-0.0580234417080501	0.904947505639359	153
-0.0691850616331	0.474993175817053	53
-0.0707496515431201	0.471239687923602	739
-0.0678855588124401	0.474033268230349	109
-0.06891673227405	0.478167346987275	29
-0.06891673227405	0.478167346987275	1686
-0.0710166103938501	0.478193832396807	131
-0.0681537716474701	0.479292741706694	131
-0.11566615703521	1.04537082380325	529
-0.10531408285865	1.06614111777347	248
-0.0710166103938501	0.478193832396807	71
0.0541478364472301	0.79255832938947	35
-0.0508495337336901	0.906635016822695	237
0.10465353541534	1.1102799283727	426
-0.0717777566350599	0.477074019570971	426
0.0534976127295399	0.780362467629578	45
-0.0730725863230399	0.472854481440801	40
-0.0710166103938501	0.478193832396807	109
-0.0707496515431201	0.471239687923602	29
0.0534976127295399	0.780362467629578	1686
0.0273526929691199	1.29167131741318	216
0.0612411683214	0.760059044432667	47
0.11710714589313	1.12300874426816	44
0.01766520733319	1.26871689364094	215
-0.11164062541972	1.05853021149368	44
0.0547361689204	0.769495388984206	182
0.05596010072993	0.789495909237653	182
0.0224324461683301	1.26930808238875	44
0.1109454935159	1.13190593364086	1668
-0.0717777566350599	0.477074019570971	1571
0.0505808284801501	0.77555938050866	237
-0.0681537716474701	0.479292741706694	237
-0.07280539644993	0.477448564652232	164
0.056606241661	0.779912172364091	153
-0.0738325704557401	0.471762089576048	426
-0.0681537716474701	0.479292741706694	2279
-0.0490819064799399	0.906998237084462	53
-0.0720448316892299	0.478570790474717	739
-0.0730725863230399	0.472854481440801	50
-0.0710166103938501	0.478193832396807	109
-0.06712201309321	0.475136223572177	926
0.02029785988347	1.26007529351764	47
-0.0713001752360201	1.60696813317204	44
0.05239096568043	0.775447909362186	71
-0.07280539644993	0.477448564652232	1571
-0.0730725863230399	0.472854481440801	35
0.0499272437457801	0.785062078842457	237
0.0466699065774101	0.772502733813019	240
0.0526434754852001	0.781039269293486	164
-0.0539634699884799	0.897318330466655	164
-0.06424025149337	0.470793566917827	153
0.05440363611776	0.780361677510396	426
0.04853471947127	0.767629019817882	426
-0.07280539644993	0.477448564652232	50
-0.0699474380288001	0.473890200865325	50
-0.0707496515431201	0.471239687923602	50
-0.0730725863230399	0.472854481440801	803
-0.0738325704557401	0.471762089576048	266
-0.0720448316892299	0.478570790474717	71
-0.0699879229667999	0.472328161227103	237
-0.0738325704557401	0.471762089576048	35
-0.06891673227405	0.478167346987275	237
0.0550531257249101	0.792542427995745	237
-0.10983232271809	1.07306394539463	153
0.0490202905863799	0.781201794884634	426
0.0505808284801501	0.77555938050866	45
-0.0720448316892299	0.478570790474717	53
-0.0652751037252599	0.470301214618162	53
-0.0699879229667999	0.472328161227103	109
-0.07280539644993	0.477448564652232	109
-0.0681537716474701	0.479292741706694	29
-0.0707496515431201	0.471239687923602	29
-0.0730725863230399	0.472854481440801	266
0.0171425435027801	1.80731665935901	216
0.0645764336140899	1.63117469294813	529
-0.0738325704557401	0.471762089576048	71
0.10859076469184	1.10936377332918	71
-0.07280539644993	0.477448564652232	71
0.04511289303059	0.770721136679104	1571
-0.0699474380288001	0.473890200865325	35
-0.0710166103938501	0.478193832396807	35
-0.07029737548226	0.46489469838612	20
-0.0760405310832699	0.472583961120929	35
0.0508334283573899	0.786182588324621	164
-0.06891673227405	0.478167346987275	70
0.0587433595831299	0.771678233328882	351
0.0550531257249101	0.792542427995745	426
-0.06603988765179	0.469223739016395	53
-0.06891673227405	0.478167346987275	50
-0.0699879229667999	0.472328161227103	109
0.07323896211778	1.67121759243176	131
-0.05450583170553	0.909610308903803	47
-0.10669167750015	1.06847070489838	44
-0.0681537716474701	0.479292741706694	248
-0.0691850616331	0.474993175817053	248
0.0159146433267801	1.27203595667889	1279
-0.06712201309321	0.475136223572177	35
0.0538033505100699	0.771118615805415	20
0.0273113428790701	1.29035803211693	153
-0.0681537716474701	0.479292741706694	351
-0.0720448316892299	0.478570790474717	426
-0.0710166103938501	0.478193832396807	109
-0.0730725863230399	0.472854481440801	63
-0.02465760080152	1.46340067755435	47
0.0541478364472301	0.79255832938947	182
-0.06891673227405	0.478167346987275	71
-0.0691850616331	0.474993175817053	35
0.05479791616394	0.782861546376213	20
0.0584522846205799	0.785152960886062	20
-0.07809066276743	0.467369829987504	988
0.0623311252546199	1.65346789423796	240
-0.07029737548226	0.46489469838612	153
0.10340399528377	1.09398670098327	153
-0.0717777566350599	0.477074019570971	153
-0.0710166103938501	0.478193832396807	70
-0.0730725863230399	0.472854481440801	426
0.0541478364472301	0.79255832938947	53
-0.07280539644993	0.477448564652232	50
-0.0717777566350599	0.477074019570971	50
-0.0699879229667999	0.472328161227103	109
-0.07280539644993	0.477448564652232	63
-0.0720448316892299	0.478570790474717	266
-0.07280539644993	0.477448564652232	266
-0.06603988765179	0.469223739016395	266
-0.0710166103938501	0.478193832396807	266
-0.0730725863230399	0.472854481440801	266
0.10792666401534	1.12130030496365	47
0.11197965668668	1.11701884163659	131
0.0492735110912199	0.773083861620571	47
0.0150199983828101	1.2671772299086	44
0.0550531257249101	0.792542427995745	529
-0.05782116202135	0.89884378472194	248
-0.07280539644993	0.477448564652232	71
0.11119448132286	1.10786784164401	71
0.0510865687348601	0.772983662632903	20
-0.05782116202135	0.89884378472194	35
0.0133101713048001	1.26825991468606	240
0.10340399528377	1.09398670098327	153
0.10803865933595	1.09131080952893	153
0.05440363611776	0.780361677510396	70
-0.0523954066007699	0.90874542512987	1544
-0.06500562329447	0.469713899049653	50
-0.0720448316892299	0.478570790474717	109
-0.07280539644993	0.477448564652232	109
-0.07317688836652	0.473648243082631	109
-0.07214806860361	0.469601658503721	266
-0.07280539644993	0.477448564652232	266
0.0276238737319401	1.81658114353186	99
-0.03208501940469	1.43918145894165	131
-0.0681537716474701	0.479292741706694	35
-0.06891673227405	0.478167346987275	988
-0.07280539644993	0.477448564652232	156
0.0538925777473001	0.779864833648603	164
-0.0720448316892299	0.478570790474717	279
0.0499272437457801	0.785062078842457	70
-0.0550482985028	0.908328416896414	70
-0.0730725863230399	0.472854481440801	426
-0.0710166103938501	0.478193832396807	426
-0.0717777566350599	0.477074019570971	1544
-0.0699879229667999	0.472328161227103	53
-0.0742052468557199	0.469453428525921	50
-0.0681537716474701	0.479292741706694	109
-0.0730725863230399	0.472854481440801	109
-0.0770658266540301	0.472946291653134	266
0.0181311976935301	1.26603315849014	47
-0.122429602173	1.03168444221489	44
0.0510865687348601	0.772983662632903	44
-0.0717777566350599	0.477074019570971	71
-0.0691850616331	0.474993175817053	35
-0.0730725863230399	0.472854481440801	20
0.0466699065774101	0.772502733813019	20
0.0499272437457801	0.785062078842457	988
0.06032142178957	0.776009176330242	35
0.05193669328813	0.761569939932091	164
0.056606241661	0.779912172364091	662
0.0541478364472301	0.79255832938947	70
-0.0681537716474701	0.479292741706694	70
0.0501804258727001	0.774176324231999	351
-0.0678855588124401	0.474033268230349	426
-0.0720448316892299	0.478570790474717	1544
-0.0720448316892299	0.478570790474717	109
-0.07280539644993	0.477448564652232	109
-0.07280539644993	0.477448564652232	109
-0.06891673227405	0.478167346987275	131
-0.0550482985028	0.908328416896414	131
-0.0720448316892299	0.478570790474717	44
0.0584522846205799	0.785152960886062	44
-0.0707496515431201	0.471239687923602	44
0.0534976127295399	0.780362467629578	44
-0.11695288390683	1.03344306372998	182
-0.0471210724065201	0.892008194022158	182
-0.10755554937495	1.06548355206232	1419
-0.0606804814387301	0.874946126149308	248
-0.0539634699884799	0.897318330466655	35
0.1147297645774	1.13300570987089	35
0.10501728540832	1.11367971228502	20
-0.05693690627147	0.899952167138894	35
-0.1071092260774	1.06271741759088	20
-0.0678855588124401	0.474033268230349	156
0.0483658284992801	0.769354800829021	164
0.04853471947127	0.767629019817882	279
-0.05693690627147	0.899952167138894	70
0.0541478364472301	0.79255832938947	426
-0.06424025149337	0.470793566917827	1689
-0.0710166103938501	0.478193832396807	842
-0.0720448316892299	0.478570790474717	317
-0.0974943475613801	1.72801452466078	99
0.0547361689204	0.769495388984206	216
0.10917596688031	1.13177488413413	47
0.06561348869832	0.744906914629965	131
0.0492735110912199	0.773083861620571	44
0.0544455386771401	0.771794175900807	44
0.0154314748188	1.26827951839506	799
0.0501804258727001	0.774176324231999	44
-0.0738325704557401	0.471762089576048	44
-0.0681537716474701	0.479292741706694	44
-0.07809066276743	0.467369829987504	44
-0.0730725863230399	0.472854481440801	44
-0.0681537716474701	0.479292741706694	248
0.0505808284801501	0.77555938050866	182
-0.0681537716474701	0.479292741706694	268
-0.0699474380288001	0.473890200865325	268
-0.0710166103938501	0.478193832396807	182
-0.05382118969418	0.896765946033174	71
0.0510220935161501	0.778798937917858	71
-0.06603988765179	0.469223739016395	20
0.0584522846205799	0.785152960886062	35
-0.0770658266540301	0.472946291653134	1927
-0.07317688836652	0.473648243082631	662
-0.06891673227405	0.478167346987275	279
-0.06712201309321	0.475136223572177	279
-0.0710166103938501	0.478193832396807	847
-0.0720448316892299	0.478570790474717	902
0.0541478364472301	0.79255832938947	45
-0.06891673227405	0.478167346987275	426
-0.0681537716474701	0.479292741706694	53
-0.0770658266540301	0.472946291653134	246
-0.0730725863230399	0.472854481440801	266
-0.06603988765179	0.469223739016395	266
-0.0678855588124401	0.474033268230349	266
0.0975061092201099	2.44220910906611	99
0.0541478364472301	0.79255832938947	216
0.0501804258727001	0.774176324231999	216
0.04944428562493	0.778083033060752	216
-0.07280539644993	0.477448564652232	47
-0.07280539644993	0.477448564652232	44
-0.0760405310832699	0.472583961120929	44
-0.07501477661502	0.466870648976945	248
-0.0770658266540301	0.472946291653134	248
-0.0613348698126699	0.892858676693574	268
-0.0566002516689801	0.896287715675035	182
-0.0572770140919201	0.886872510740763	71
-0.0681537716474701	0.479292741706694	35
-0.07280539644993	0.477448564652232	156
-0.0710166103938501	0.478193832396807	153
-0.07214806860361	0.469601658503721	662
-0.07809066276743	0.467369829987504	153
-0.0760405310832699	0.472583961120929	279
0.04851075015852	0.775082213195586	426
-0.06712201309321	0.475136223572177	426
0.0557024721889701	0.782855365464993	426
-0.0717777566350599	0.477074019570971	45
-0.0678855588124401	0.474033268230349	246
0.04511289303059	0.770721136679104	109
-0.07280539644993	0.477448564652232	109
-0.06891673227405	0.478167346987275	266
-0.11375415713775	2.48082969831097	99
-0.11784131712075	1.0529098243205	747
0.11332930573327	1.13135282105774	216
0.10954288735947	1.11441660122293	216
-0.0738325704557401	0.471762089576048	216
-0.07280539644993	0.477448564652232	131
-0.05890977837066	0.883769361024557	545
-0.07280539644993	0.477448564652232	799
-0.07280539644993	0.477448564652232	44
0.0534976127295399	0.780362467629578	44
0.0562491413466599	0.769246919573989	268
-0.0717777566350599	0.477074019570971	35
-0.0691850616331	0.474993175817053	156
0.0194066232525301	1.28807341642305	53
-0.0699474380288001	0.473890200865325	842
-0.0678855588124401	0.474033268230349	109
-0.0730725863230399	0.472854481440801	216
-0.0681537716474701	0.479292741706694	131
0.05596010072993	0.789495909237653	44
-0.0720448316892299	0.478570790474717	44
-0.0717777566350599	0.477074019570971	44
-0.0730725863230399	0.472854481440801	799
-0.0707496515431201	0.471239687923602	799
-0.0710166103938501	0.478193832396807	1076
-0.0710166103938501	0.478193832396807	44
-0.06712201309321	0.475136223572177	44
-0.0292166360058099	1.46692508714791	248
-0.06891673227405	0.478167346987275	1419
0.0460222374661601	0.771815254797831	248
0.0203484405033501	1.29114256962638	35
-0.0760405310832699	0.472583961120929	156
-0.0710166103938501	0.478193832396807	240
-0.0710166103938501	0.478193832396807	279
-0.0720448316892299	0.478570790474717	847
-0.04665420349271	0.898709285512951	902
-0.0691850616331	0.474993175817053	426
0.0600305246322299	0.7740873125592	426
-0.06712201309321	0.475136223572177	53
-0.0717777566350599	0.477074019570971	842
-0.11249646043977	1.06614653833565	50
-0.07280539644993	0.477448564652232	109
0.0715585284832401	1.67780209009869	747
-0.05273820465056	0.912281557043227	747
-0.0710166103938501	0.478193832396807	216
-0.0717777566350599	0.477074019570971	529
-0.0710166103938501	0.478193832396807	529
-0.0710166103938501	0.478193832396807	1076
-0.05471444322611	0.900864796591822	44
-0.06500562329447	0.469713899049653	44
-0.0717777566350599	0.477074019570971	268
-0.0543644350400501	0.868921413111517	71
0.0187209442702401	1.8409920386063	1278
-0.12331691467822	1.02855783107949	35
0.05173884031121	0.784928292248589	20
-0.0717777566350599	0.477074019570971	1102
-0.0710166103938501	0.478193832396807	153
-0.06500562329447	0.469713899049653	662
-0.07280539644993	0.477448564652232	70
-0.0691850616331	0.474993175817053	70
0.0492735110912199	0.773083861620571	426
-0.0730725863230399	0.472854481440801	426
-0.0710166103938501	0.478193832396807	426
-0.07280539644993	0.477448564652232	1689
-0.0720448316892299	0.478570790474717	53
-0.11432316239478	1.06571544108862	53
-0.06712201309321	0.475136223572177	53
-0.0717777566350599	0.477074019570971	842
-0.0699474380288001	0.473890200865325	842
-0.06500562329447	0.469713899049653	63
-0.07280539644993	0.477448564652232	266
0.0238769853162699	1.27331314954221	747
0.10215039665655	1.10922811518406	747
-0.0630294423831601	1.5772963844976	747
-0.06891673227405	0.478167346987275	131
0.0550531257249101	0.792542427995745	545
-0.0678855588124401	0.474033268230349	529
-0.07280539644993	0.477448564652232	44
-0.0691850616331	0.474993175817053	44
-0.0691850616331	0.474993175817053	44
-0.04721266332508	0.879095978149691	248
-0.0710166103938501	0.478193832396807	182
-0.0720448316892299	0.478570790474717	268
-0.0710166103938501	0.478193832396807	268
-0.11210908140331	1.87763813214858	20
-0.0699474380288001	0.473890200865325	20
-0.0717777566350599	0.477074019570971	20
-0.1062730475363	1.06362770967605	20
-0.0717777566350599	0.477074019570971	1102
-0.0604510461165899	0.892005125985514	153
-0.0717777566350599	0.477074019570971	153
-0.0710166103938501	0.478193832396807	70
-0.0681537716474701	0.479292741706694	426
-0.0710166103938501	0.478193832396807	1689
-0.0710166103938501	0.478193832396807	1689
-0.0600024177890699	0.87125089681442	50
-0.07280539644993	0.477448564652232	63
0.01965786338582	1.83908864714349	747
0.0211996907546801	1.2881642586449	216
-0.0720448316892299	0.478570790474717	216
-0.0691850616331	0.474993175817053	545
0.10770532561456	1.11325494893267	529
-0.07501477661502	0.466870648976945	1076
0.0510220935161501	0.778798937917858	1076
-0.0652751037252599	0.470301214618162	44
-0.07214806860361	0.469601658503721	44
-0.0720448316892299	0.478570790474717	248
0.0584522846205799	0.785152960886062	268
0.05239096568043	0.775447909362186	71
-0.0720448316892299	0.478570790474717	20
-0.0699879229667999	0.472328161227103	156
-0.0730725863230399	0.472854481440801	153
-0.06891673227405	0.478167346987275	153
-0.0678855588124401	0.474033268230349	902
-0.06067394792481	0.885543797709986	70
-0.0699879229667999	0.472328161227103	426
-0.0717777566350599	0.477074019570971	53
-0.0710166103938501	0.478193832396807	53
-0.0710166103938501	0.478193832396807	461
0.10792666401534	1.12130030496365	50
-0.0699879229667999	0.472328161227103	216
0.05324176552158	0.789473162707191	47
0.05173884031121	0.784928292248589	47
-0.0699879229667999	0.472328161227103	47
0.0541478364472301	0.79255832938947	47
-0.0691850616331	0.474993175817053	47
-0.0710166103938501	0.478193832396807	545
0.0523349170960601	0.780491055902145	1318
-0.0678855588124401	0.474033268230349	44
-0.05416394288337	0.910864209091877	248
-0.0760405310832699	0.472583961120929	248
0.056606241661	0.779912172364091	248
0.0483658284992801	0.769354800829021	268
-0.05944783356795	0.892119095201941	71
-0.0681537716474701	0.479292741706694	20
-0.11930100589957	1.04661896599799	20
-0.0520517443016499	0.889724136235029	20
0.0184870594219899	1.27023717826574	35
-0.0707496515431201	0.471239687923602	156
-0.0699879229667999	0.472328161227103	153
-0.07809066276743	0.467369829987504	153
-0.0720448316892299	0.478570790474717	153
-0.0678855588124401	0.474033268230349	662
-0.0720448316892299	0.478570790474717	70
-0.07214806860361	0.469601658503721	1494
-0.06891673227405	0.478167346987275	70
-0.0720448316892299	0.478570790474717	1689
-0.0681537716474701	0.479292741706694	461
-0.06891673227405	0.478167346987275	50
0.0194350516404	1.81553705165573	747
0.11006056146374	1.13316508829393	99
-0.0717777566350599	0.477074019570971	749
-0.0335533987552199	1.46047197873594	47
-0.0720448316892299	0.478570790474717	44
-0.07809066276743	0.467369829987504	529
-0.0678855588124401	0.474033268230349	1076
-0.07029737548226	0.46489469838612	1076
-0.0717777566350599	0.477074019570971	44
-0.07280539644993	0.477448564652232	248
-0.07280539644993	0.477448564652232	248
0.0514862837782999	0.776653741316405	20
-0.07280539644993	0.477448564652232	1882
-0.0710166103938501	0.478193832396807	1102
-0.06891673227405	0.478167346987275	662
-0.0681537716474701	0.479292741706694	426
-0.0574806497426299	0.898690992261966	426
-0.10984033645835	1.06198096921949	842
-0.0652751037252599	0.470301214618162	50
-0.0514052399616201	2.04842908102654	747
-0.03231551936301	1.4542374474318	747
-0.06707695059132	1.61578702935601	747
-0.0710166103938501	0.478193832396807	216
-0.06891673227405	0.478167346987275	47
-0.06712201309321	0.475136223572177	124
-0.0699879229667999	0.472328161227103	1318
0.0609480597796599	0.764735281485438	1076
-0.0678855588124401	0.474033268230349	44
-0.0730725863230399	0.472854481440801	248
-0.0770658266540301	0.472946291653134	268
-0.0671186575764899	1.59370149767745	20
-0.0681537716474701	0.479292741706694	20
-0.0760405310832699	0.472583961120929	20
-0.11563968043387	1.06286440618323	20
-0.06891673227405	0.478167346987275	1882
0.10969397091784	1.13333925128269	1102
0.11598456589454	1.12182029378369	164
-0.0710166103938501	0.478193832396807	153
-0.0681537716474701	0.479292741706694	70
-0.06891673227405	0.478167346987275	426
-0.0678855588124401	0.474033268230349	50
-0.0738325704557401	0.471762089576048	1473
-0.0770658266540301	0.472946291653134	266
-0.0681537716474701	0.479292741706694	266
0.0260959133010099	1.29311392327925	747
0.04944428562493	0.778083033060752	216
-0.07317688836652	0.473648243082631	216
0.056606241661	0.779912172364091	47
0.02336297448206	1.29289369460251	47
-0.06891673227405	0.478167346987275	124
-0.0574806497426299	0.898690992261966	1318
0.0492735110912199	0.773083861620571	44
0.0541478364472301	0.79255832938947	44
0.0553140457202801	0.777447335571876	44
-0.0678855588124401	0.474033268230349	44
0.10578739057924	1.11259501523348	248
0.11008129993293	1.11287037302031	248
-0.0508495337336901	0.906635016822695	248
0.0501804258727001	0.774176324231999	71
0.11109559482626	1.11822253915267	20
-0.0717777566350599	0.477074019570971	20
0.10590167236585	1.11604232827607	20
-0.06891673227405	0.478167346987275	20
-0.0720448316892299	0.478570790474717	153
-0.0738325704557401	0.471762089576048	153
-0.07317688836652	0.473648243082631	1494
-0.0678855588124401	0.474033268230349	1494
-0.0550482985028	0.908328416896414	520
0.0538925777473001	0.779864833648603	70
-0.0681537716474701	0.479292741706694	426
-0.06500562329447	0.469713899049653	45
-0.07280539644993	0.477448564652232	53
-0.0717777566350599	0.477074019570971	53
-0.06500562329447	0.469713899049653	53
-0.0717777566350599	0.477074019570971	461
-0.06891673227405	0.478167346987275	317
-0.02222679616641	1.88762859686313	99
-0.0717777566350599	0.477074019570971	216
0.056606241661	0.779912172364091	216
-0.05273820465056	0.912281557043227	216
-0.07280539644993	0.477448564652232	47
0.0541478364472301	0.79255832938947	545
-0.0691850616331	0.474993175817053	545
0.056606241661	0.779912172364091	124
0.0584522846205799	0.785152960886062	124
-0.0717777566350599	0.477074019570971	529
-0.0760405310832699	0.472583961120929	44
-0.0508495337336901	0.906635016822695	44
-0.05767997602275	0.894723988666176	248
0.0590964482916701	0.775729844473512	248
-0.05625674788163	0.902868618476487	248
-0.0720448316892299	0.478570790474717	71
-0.07280539644993	0.477448564652232	1494
-0.0760405310832699	0.472583961120929	1494
-0.0707496515431201	0.471239687923602	45
-0.07280539644993	0.477448564652232	45
-0.07280539644993	0.477448564652232	50
-0.0710166103938501	0.478193832396807	317
-0.07317688836652	0.473648243082631	143
-0.0710166103938501	0.478193832396807	143
-0.11653970979371	1.0650124064402	47
-0.07501477661502	0.466870648976945	124
-0.0720448316892299	0.478570790474717	124
-0.0707496515431201	0.471239687923602	124
-0.0681537716474701	0.479292741706694	124
-0.0500872157212799	0.893834308468638	124
-0.0587054676384899	0.895608179697363	1318
-0.01555419229334	1.94332363718771	1076
0.0541478364472301	0.79255832938947	20
0.10730539636011	1.11763338649697	20
0.10770532561456	1.11325494893267	20
0.0590964482916701	0.775729844473512	156
-0.07280539644993	0.477448564652232	153
-0.0678855588124401	0.474033268230349	153
-0.0717777566350599	0.477074019570971	1494
-0.0707496515431201	0.471239687923602	1494
0.0523349170960601	0.780491055902145	1494
-0.11657409071539	1.05268316169167	1494
-0.0738325704557401	0.471762089576048	520
-0.0717777566350599	0.477074019570971	70
-0.0717777566350599	0.477074019570971	426
-0.0730725863230399	0.472854481440801	461
-0.06891673227405	0.478167346987275	50
-0.0643096756014401	0.867383973607211	99
-0.0457709144751499	0.89894500006228	749
0.11436148270456	1.11651695724915	1990
0.10956637967944	1.12457939314553	124
-0.06500562329447	0.469713899049653	1318
0.11045172247443	1.1246950593717	44
0.10907501607325	1.11064910280925	44
-0.0717777566350599	0.477074019570971	148
-0.11784131712075	1.0529098243205	182
-0.0710166103938501	0.478193832396807	35
-0.07501477661502	0.466870648976945	156
-0.0523954066007699	0.90874542512987	467
-0.0770658266540301	0.472946291653134	219
-0.0563932691393201	0.887955911631287	70
-0.0720448316892299	0.478570790474717	70
0.0466699065774101	0.772502733813019	45
-0.0760405310832699	0.472583961120929	1556
0.0496746038970799	0.771811008207858	771
-0.0710166103938501	0.478193832396807	771
-0.07280539644993	0.477448564652232	53
-0.07317688836652	0.473648243082631	45
-0.0720448316892299	0.478570790474717	461
-0.0717777566350599	0.477074019570971	842
-0.07280539644993	0.477448564652232	50
-0.0710166103938501	0.478193832396807	1028
0.11784386845706	1.10406269423964	747
-0.06825445130069	1.62031144587135	747
0.0688899536487599	1.64244616676767	747
0.05440363611776	0.780361677510396	216
0.0600305246322299	0.7740873125592	216
-0.11647197014942	1.05158957125806	99
-0.06712201309321	0.475136223572177	1990
-0.0610040183121701	0.879736797943161	124
-0.0717777566350599	0.477074019570971	124
0.04511289303059	0.770721136679104	124
-0.0678855588124401	0.474033268230349	886
-0.04600378813716	1.41507004294664	44
-0.0710166103938501	0.478193832396807	148
-0.0717777566350599	0.477074019570971	182
-0.0710166103938501	0.478193832396807	148
-0.0720448316892299	0.478570790474717	44
-0.0738325704557401	0.471762089576048	248
0.0538925777473001	0.779864833648603	248
-0.0710166103938501	0.478193832396807	248
0.05479791616394	0.782861546376213	248
-0.0730725863230399	0.472854481440801	248
-0.0699474380288001	0.473890200865325	523
-0.0717777566350599	0.477074019570971	71
-0.06891673227405	0.478167346987275	1278
0.0476024765398	0.771332727138389	35
-0.0760405310832699	0.472583961120929	1572
-0.0699474380288001	0.473890200865325	1102
-0.06891673227405	0.478167346987275	1102
-0.07317688836652	0.473648243082631	164
0.0510865687348601	0.772983662632903	153
0.0593870206300999	0.78344810605566	1494
-0.0699474380288001	0.473890200865325	520
-0.0717777566350599	0.477074019570971	70
-0.0717777566350599	0.477074019570971	976
-0.0681537716474701	0.479292741706694	1556
-0.0681537716474701	0.479292741706694	1556
-0.0717777566350599	0.477074019570971	1220
-0.0652751037252599	0.470301214618162	63
-0.07280539644993	0.477448564652232	1028
-0.0710166103938501	0.478193832396807	266
-0.04331209168615	2.03550485988957	747
0.0795943135492201	1.65895603093604	216
0.08009275232743	1.67909114945799	216
0.04201558146065	0.753769429709984	216
-0.0681537716474701	0.479292741706694	99
0.0514862837782999	0.776653741316405	749
0.05239096568043	0.775447909362186	124
-0.0678855588124401	0.474033268230349	148
0.0550531257249101	0.792542427995745	71
-0.0770658266540301	0.472946291653134	20
0.0575172163434201	0.783229267431462	156
0.05596010072993	0.789495909237653	156
-0.0720448316892299	0.478570790474717	156
-0.0717777566350599	0.477074019570971	153
-0.06500562329447	0.469713899049653	1494
-0.06424025149337	0.470793566917827	520
-0.07280539644993	0.477448564652232	53
-0.06891673227405	0.478167346987275	317
-0.04895997541571	0.871981181166555	216
0.05596010072993	0.789495909237653	216
-0.0691850616331	0.474993175817053	749
0.05259080843722	0.777380091161839	749
-0.0710166103938501	0.478193832396807	124
0.04851075015852	0.775082213195586	124
-0.0681537716474701	0.479292741706694	124
0.0538925777473001	0.779864833648603	886
-0.07809066276743	0.467369829987504	44
0.0492735110912199	0.773083861620571	182
-0.0585638737507099	0.89457651620543	182
-0.0631026820943901	0.888554431570822	248
0.0466699065774101	0.772502733813019	248
0.0499272437457801	0.785062078842457	523
-0.05140802092977	0.889568786792926	268
-0.07029737548226	0.46489469838612	71
0.04851075015852	0.775082213195586	71
0.0557024721889701	0.782855365464993	20
-0.06891673227405	0.478167346987275	20
-0.05613655057499	0.886160837862887	231
-0.0681537716474701	0.479292741706694	156
-0.0710166103938501	0.478193832396807	156
-0.0710166103938501	0.478193832396807	156
-0.06891673227405	0.478167346987275	164
0.056606241661	0.779912172364091	18
-0.06891673227405	0.478167346987275	1648
-0.0707496515431201	0.471239687923602	1494
-0.0770658266540301	0.472946291653134	771
-0.0717777566350599	0.477074019570971	2216
0.0538925777473001	0.779864833648603	1220
-0.0681537716474701	0.479292741706694	461
-0.0710166103938501	0.478193832396807	50
-0.07280539644993	0.477448564652232	45
-0.0738325704557401	0.471762089576048	1791
0.0233198421298499	2.26617335195149	747
0.0500895525974501	0.778774959831316	216
0.0155356073119599	1.26020468202482	216
-0.119235671746	1.03680268037976	47
0.0510220935161501	0.778798937917858	47
-0.0710166103938501	0.478193832396807	749
-0.0710166103938501	0.478193832396807	124
0.0541478364472301	0.79255832938947	529
0.0578079631572099	0.773305480893515	44
-0.0742052468557199	0.469453428525921	44
-0.0710166103938501	0.478193832396807	44
-0.06424025149337	0.470793566917827	71
-0.0699474380288001	0.473890200865325	20
-0.0742052468557199	0.469453428525921	20
0.0513103608057199	0.775222255169698	156
-0.07501477661502	0.466870648976945	156
-0.0760405310832699	0.472583961120929	156
-0.06500562329447	0.469713899049653	1494
0.05173884031121	0.784928292248589	520
-0.0717777566350599	0.477074019570971	520
-0.07317688836652	0.473648243082631	70
-0.06712201309321	0.475136223572177	2337
-0.07280539644993	0.477448564652232	2337
-0.0770658266540301	0.472946291653134	2159
-0.07280539644993	0.477448564652232	461
-0.07214806860361	0.469601658503721	50
-0.0652751037252599	0.470301214618162	63
0.11547241956529	2.05812078597197	99
-0.09955118592502	1.72856550216104	47
-0.0699879229667999	0.472328161227103	124
-0.07317688836652	0.473648243082631	529
0.0590964482916701	0.775729844473512	44
-0.0707496515431201	0.471239687923602	148
-0.1016177413907	1.74958508395915	248
-0.06891673227405	0.478167346987275	248
-0.07809066276743	0.467369829987504	268
0.07610500257626	1.69289291939063	20
-0.0770658266540301	0.472946291653134	20
-0.04800375338719	0.896100134785529	20
-0.07280539644993	0.477448564652232	20
-0.0720448316892299	0.478570790474717	467
-0.0681537716474701	0.479292741706694	219
-0.0717777566350599	0.477074019570971	1494
-0.0710166103938501	0.478193832396807	520
-0.0738325704557401	0.471762089576048	520
0.04511289303059	0.770721136679104	976
-0.0678855588124401	0.474033268230349	842
-0.0691850616331	0.474993175817053	842
-0.0710166103938501	0.478193832396807	50
-0.0730725863230399	0.472854481440801	50
-0.0710166103938501	0.478193832396807	1791
-0.03558962092666	2.43902850908389	747
-0.0460491575942601	2.01947567725764	747
-0.11249646043977	1.06614653833565	747
0.06148429212004	2.15170097806718	99
-0.0681537716474701	0.479292741706694	124
0.0508334283573899	0.786182588324621	124
-0.05714006279032	0.905086842963566	124
-0.0691850616331	0.474993175817053	886
0.0796588958246101	1.68735904826478	44
0.0500895525974501	0.778774959831316	148
0.0505808284801501	0.77555938050866	182
-0.05450583170553	0.909610308903803	182
-0.0555908704077901	0.894166867027739	248
-0.10266082889558	1.06093600610919	523
0.0505808284801501	0.77555938050866	156
-0.06424025149337	0.470793566917827	1167
0.0553140457202801	0.777447335571876	18
-0.0720448316892299	0.478570790474717	467
-0.0710166103938501	0.478193832396807	219
-0.0717777566350599	0.477074019570971	153
-0.0720448316892299	0.478570790474717	1494
0.0541478364472301	0.79255832938947	1494
-0.0710166103938501	0.478193832396807	55
-0.0738325704557401	0.471762089576048	55
-0.0770658266540301	0.472946291653134	70
-0.0681537716474701	0.479292741706694	70
-0.0710166103938501	0.478193832396807	461
-0.0526030087723399	0.886986882174042	842
-0.07280539644993	0.477448564652232	154
0.02824894086418	1.29339671191169	216
0.0478883727047801	0.766951201950055	216
-0.05450583170553	0.909610308903803	216
0.0514862837782999	0.776653741316405	216
0.0575172163434201	0.783229267431462	47
-0.0710166103938501	0.478193832396807	749
-0.0710166103938501	0.478193832396807	749
-0.06891673227405	0.478167346987275	749
-0.06603988765179	0.469223739016395	124
-0.07280539644993	0.477448564652232	124
0.0501804258727001	0.774176324231999	124
-0.07317688836652	0.473648243082631	124
0.0538033505100699	0.771118615805415	148
0.0584522846205799	0.785152960886062	20
-0.0559327105194201	0.902874468546951	164
-0.06500562329447	0.469713899049653	219
-0.0720448316892299	0.478570790474717	153
-0.0738325704557401	0.471762089576048	1494
0.0505808284801501	0.77555938050866	70
-0.0699474380288001	0.473890200865325	520
-0.0681537716474701	0.479292741706694	520
-0.0770658266540301	0.472946291653134	1354
-0.0770658266540301	0.472946291653134	70
-0.07280539644993	0.477448564652232	2216
-0.0699474380288001	0.473890200865325	461
-0.0678855588124401	0.474033268230349	461
-0.0717777566350599	0.477074019570971	50
-0.07280539644993	0.477448564652232	154
0.10956637967944	1.12457939314553	747
-0.0730725863230399	0.472854481440801	47
-0.06891673227405	0.478167346987275	124
-0.07501477661502	0.466870648976945	124
-0.07317688836652	0.473648243082631	124
-0.0720448316892299	0.478570790474717	124
-0.0720448316892299	0.478570790474717	529
-0.0730725863230399	0.472854481440801	124
-0.06891673227405	0.478167346987275	124
-0.0691850616331	0.474993175817053	2217
0.0508334283573899	0.786182588324621	148
-0.0770658266540301	0.472946291653134	148
-0.0707496515431201	0.471239687923602	148
-0.0770658266540301	0.472946291653134	268
0.0550531257249101	0.792542427995745	182
-0.06712201309321	0.475136223572177	20
0.0792964465819499	1.69285989109515	20
-0.0328356474743501	1.43120676610431	20
0.01545598653957	1.25913614610345	156
-0.0720448316892299	0.478570790474717	1167
-0.06891673227405	0.478167346987275	1167
-0.0720448316892299	0.478570790474717	18
-0.0699879229667999	0.472328161227103	467
-0.07280539644993	0.477448564652232	219
0.0476024765398	0.771332727138389	219
-0.0760405310832699	0.472583961120929	219
-0.07501477661502	0.466870648976945	153
-0.06891673227405	0.478167346987275	70
-0.0691850616331	0.474993175817053	70
-0.0730725863230399	0.472854481440801	461
-0.06891673227405	0.478167346987275	842
-0.0760405310832699	0.472583961120929	842
-0.0717777566350599	0.477074019570971	50
-0.0717777566350599	0.477074019570971	317
-0.0691850616331	0.474993175817053	1028
-0.12056497273999	2.20382563763953	747
0.0141074357817501	1.27569407637392	747
-0.10887144984398	1.05516851464153	747
-0.06051511451001	2.18026950966133	99
0.0508334283573899	0.786182588324621	216
-0.0707496515431201	0.471239687923602	124
-0.06891673227405	0.478167346987275	124
-0.0720448316892299	0.478570790474717	124
0.0557024721889701	0.782855365464993	124
-0.07809066276743	0.467369829987504	124
0.0522428953690199	0.767041412343095	44
0.0457640659241601	0.771410399129658	148
0.0550531257249101	0.792542427995745	248
-0.06424025149337	0.470793566917827	523
-0.05416394288337	0.910864209091877	248
-0.0564757954015001	0.888904328894296	248
0.04944428562493	0.778083033060752	248
-0.0691850616331	0.474993175817053	1047
-0.0710166103938501	0.478193832396807	1047
-0.04488770072494	0.895839552613018	182
-0.0699879229667999	0.472328161227103	20
-0.06891673227405	0.478167346987275	156
-0.0710166103938501	0.478193832396807	156
-0.06603988765179	0.469223739016395	156
-0.0720448316892299	0.478570790474717	467
-0.06891673227405	0.478167346987275	520
-0.07809066276743	0.467369829987504	70
0.05596010072993	0.789495909237653	55
-0.06926546790303	0.465378566229971	771
0.0508334283573899	0.786182588324621	461
-0.0707496515431201	0.471239687923602	461
-0.0691850616331	0.474993175817053	50
-0.0717777566350599	0.477074019570971	50
-0.11518292785997	1.05028451586704	99
-0.0681537716474701	0.479292741706694	216
0.02668815893173	1.82810928047347	99
-0.0678855588124401	0.474033268230349	124
-0.0720448316892299	0.478570790474717	44
-0.0691850616331	0.474993175817053	148
-0.05119277284716	0.903239516351666	182
-0.07280539644993	0.477448564652232	248
-0.0720448316892299	0.478570790474717	1047
-0.0652751037252599	0.470301214618162	523
-0.0720448316892299	0.478570790474717	20
-0.0710166103938501	0.478193832396807	35
0.01761609305145	1.27688903002628	20
-0.0710166103938501	0.478193832396807	156
-0.05714006279032	0.905086842963566	164
-0.07280539644993	0.477448564652232	771
0.0575172163434201	0.783229267431462	50
-0.0699474380288001	0.473890200865325	50
0.0541478364472301	0.79255832938947	317
0.0692702122451701	1.68358333851238	99
0.12301554168174	1.10768125956786	216
0.05687223512352	0.771439580241442	1109
0.0550531257249101	0.792542427995745	99
-0.0710166103938501	0.478193832396807	124
0.0499272437457801	0.785062078842457	124
-0.0717777566350599	0.477074019570971	124
-0.0691850616331	0.474993175817053	124
0.0499272437457801	0.785062078842457	124
-0.07280539644993	0.477448564652232	124
-0.0720448316892299	0.478570790474717	148
0.0550531257249101	0.792542427995745	148
-0.0699474380288001	0.473890200865325	148
-0.0710166103938501	0.478193832396807	148
-0.11297637979416	1.06502320237832	182
-0.0652751037252599	0.470301214618162	248
-0.06424025149337	0.470793566917827	248
-0.0710166103938501	0.478193832396807	1047
-0.07280539644993	0.477448564652232	1047
0.05440363611776	0.780361677510396	523
-0.11074080488637	1.06175617003479	20
-0.0681537716474701	0.479292741706694	20
0.0496746038970799	0.771811008207858	20
-0.0710166103938501	0.478193832396807	156
-0.0717777566350599	0.477074019570971	156
-0.0681537716474701	0.479292741706694	467
-0.0720448316892299	0.478570790474717	153
-0.06424025149337	0.470793566917827	153
-0.07280539644993	0.477448564652232	153
-0.0730725863230399	0.472854481440801	153
-0.0681537716474701	0.479292741706694	70
0.05173884031121	0.784928292248589	520
-0.06891673227405	0.478167346987275	70
-0.0678855588124401	0.474033268230349	70
-0.0699474380288001	0.473890200865325	50
-0.05327964510102	0.91099682350394	216
-0.01713671378613	2.31917353245491	99
-0.0720448316892299	0.478570790474717	124
0.05239096568043	0.775447909362186	124
-0.07214806860361	0.469601658503721	529
-0.06484975379827	0.867055086776871	44
-0.07280539644993	0.477448564652232	148
-0.0710166103938501	0.478193832396807	248
-0.07280539644993	0.477448564652232	2129
-0.0699879229667999	0.472328161227103	20
-0.07280539644993	0.477448564652232	231
0.0541478364472301	0.79255832938947	156
-0.0710166103938501	0.478193832396807	156
-0.0717777566350599	0.477074019570971	156
-0.0432700681074401	1.43039284022377	156
-0.0730725863230399	0.472854481440801	467
-0.0652751037252599	0.470301214618162	467
-0.0699879229667999	0.472328161227103	467
-0.0678855588124401	0.474033268230349	467
-0.0691850616331	0.474993175817053	467
0.0508334283573899	0.786182588324621	55
-0.0699879229667999	0.472328161227103	461
-0.0710166103938501	0.478193832396807	461
-0.0710166103938501	0.478193832396807	461
-0.1146997991692	1.04784642562442	45
-0.0720448316892299	0.478570790474717	63
-0.0367362687641499	1.41261609666138	747
-0.0604510461165899	0.892005125985514	99
0.0584522846205799	0.785152960886062	807
-0.0730725863230399	0.472854481440801	1109
0.0140774178376999	1.7345970986361	99
-0.06926546790303	0.465378566229971	99
-0.0681537716474701	0.479292741706694	99
-0.0717777566350599	0.477074019570971	124
-0.0699474380288001	0.473890200865325	124
-0.06712201309321	0.475136223572177	2217
-0.0730725863230399	0.472854481440801	182
-0.0710166103938501	0.478193832396807	248
-0.0710166103938501	0.478193832396807	248
-0.0699474380288001	0.473890200865325	248
0.0534976127295399	0.780362467629578	1047
0.05239096568043	0.775447909362186	20
0.0780921539564501	1.68197849309052	20
-0.0738325704557401	0.471762089576048	20
-0.0699879229667999	0.472328161227103	219
-0.0681537716474701	0.479292741706694	153
-0.06712201309321	0.475136223572177	520
-0.0726406627801399	1.59945406679099	70
-0.07214806860361	0.469601658503721	461
-0.0717777566350599	0.477074019570971	842
-0.0717777566350599	0.477074019570971	317
-0.08669160020556	1.69812718345534	747
0.11332930573327	1.13135282105774	747
-0.11424263104536	1.06581524493349	99
0.0496746038970799	0.771811008207858	99
-0.0681537716474701	0.479292741706694	216
-0.07214806860361	0.469601658503721	916
-0.0681537716474701	0.479292741706694	99
-0.06603988765179	0.469223739016395	124
-0.0699879229667999	0.472328161227103	124
-0.0681537716474701	0.479292741706694	148
0.05419799279199	0.762919276974334	148
-0.0717777566350599	0.477074019570971	148
-0.0720448316892299	0.478570790474717	248
0.10792666401534	1.12130030496365	248
0.0467402477924701	2.09007121457426	182
0.11607762905871	1.1033491369249	35
0.0618830880027601	0.771347496058888	20
-0.0730725863230399	0.472854481440801	156
-0.0717777566350599	0.477074019570971	156
-0.0710166103938501	0.478193832396807	164
-0.1089342336533	1.07192675451941	18
-0.0720448316892299	0.478570790474717	520
0.11096620184168	1.11299415326416	520
-0.06712201309321	0.475136223572177	520
-0.0720448316892299	0.478570790474717	2057
-0.0730725863230399	0.472854481440801	2057
-0.0691850616331	0.474993175817053	461
-0.0681537716474701	0.479292741706694	842
-0.0707496515431201	0.471239687923602	317
0.0508334283573899	0.786182588324621	99
-0.0601350976702799	0.888449033583722	99
-0.0678855588124401	0.474033268230349	916
-0.06891673227405	0.478167346987275	916
-0.07280539644993	0.477448564652232	99
-0.11611093869853	1.85465364520273	47
-0.06500562329447	0.469713899049653	124
-0.0720448316892299	0.478570790474717	124
-0.0717777566350599	0.477074019570971	124
-0.0710166103938501	0.478193832396807	44
-0.07280539644993	0.477448564652232	44
-0.07809066276743	0.467369829987504	148
0.0500895525974501	0.778774959831316	20
-0.0699879229667999	0.472328161227103	467
-0.0717777566350599	0.477074019570971	639
-0.0730725863230399	0.472854481440801	639
-0.0738325704557401	0.471762089576048	520
0.0575172163434201	0.783229267431462	70
-0.0720448316892299	0.478570790474717	55
-0.0691850616331	0.474993175817053	55
-0.0717777566350599	0.477074019570971	297
-0.07280539644993	0.477448564652232	842
-0.06424025149337	0.470793566917827	317
-0.0681537716474701	0.479292741706694	154
-0.0717777566350599	0.477074019570971	916
-0.0652751037252599	0.470301214618162	99
-0.05693690627147	0.899952167138894	99
-0.0681537716474701	0.479292741706694	47
-0.0770658266540301	0.472946291653134	47
-0.0717777566350599	0.477074019570971	124
-0.0710166103938501	0.478193832396807	124
-0.0720448316892299	0.478570790474717	124
-0.0710166103938501	0.478193832396807	124
-0.0760405310832699	0.472583961120929	124
-0.05185448000311	0.910021425154128	44
-0.07809066276743	0.467369829987504	148
-0.07280539644993	0.477448564652232	148
-0.0720448316892299	0.478570790474717	148
-0.0720448316892299	0.478570790474717	148
0.0496746038970799	0.771811008207858	248
0.05658181837253	0.775242663331729	20
-0.07280539644993	0.477448564652232	20
-0.0497693203926901	0.895727207553442	20
-0.12461950528447	1.02383718722399	20
-0.0720448316892299	0.478570790474717	20
-0.0707496515431201	0.471239687923602	18
-0.07317688836652	0.473648243082631	2044
-0.07280539644993	0.477448564652232	153
-0.0699474380288001	0.473890200865325	520
-0.0710166103938501	0.478193832396807	520
-0.06712201309321	0.475136223572177	70
-0.06891673227405	0.478167346987275	70
-0.0710166103938501	0.478193832396807	297
-0.0720448316892299	0.478570790474717	916
0.0557024721889701	0.782855365464993	99
-0.0691850616331	0.474993175817053	1868
-0.07809066276743	0.467369829987504	47
0.05037749003109	0.778108225282062	47
-0.04488770072494	0.895839552613018	124
-0.0681537716474701	0.479292741706694	524
-0.11161847759854	1.06732588330994	1114
-0.0710166103938501	0.478193832396807	2129
-0.0136091983268001	1.91854528830994	20
-0.0720448316892299	0.478570790474717	20
-0.11429606667845	1.06576613605417	20
-0.07029737548226	0.46489469838612	20
-0.0770658266540301	0.472946291653134	156
-0.06695866608436	0.864082706844052	18
-0.0720448316892299	0.478570790474717	467
-0.06424025149337	0.470793566917827	862
-0.0720448316892299	0.478570790474717	862
-0.0678855588124401	0.474033268230349	55
-0.0717777566350599	0.477074019570971	63
-0.0710166103938501	0.478193832396807	916
-0.0730725863230399	0.472854481440801	916
-0.06500562329447	0.469713899049653	916
0.0588048514703701	0.758790873700465	124
-0.0720448316892299	0.478570790474717	524
-0.06500562329447	0.469713899049653	47
-0.0699879229667999	0.472328161227103	47
0.056606241661	0.779912172364091	124
-0.0699474380288001	0.473890200865325	124
-0.0681537716474701	0.479292741706694	124
-0.0691850616331	0.474993175817053	124
-0.0720448316892299	0.478570790474717	44
-0.06603988765179	0.469223739016395	44
-0.0691850616331	0.474993175817053	148
0.0510220935161501	0.778798937917858	148
0.0541478364472301	0.79255832938947	1831
0.0550531257249101	0.792542427995745	1114
-0.06712201309321	0.475136223572177	248
-0.07809066276743	0.467369829987504	248
0.0499272437457801	0.785062078842457	35
-0.0710166103938501	0.478193832396807	20
-0.0691850616331	0.474993175817053	20
0.10932848146976	1.1127705454267	20
0.05329487006336	0.771689317259111	231
-0.0610450529283799	1.60573210733611	20
0.0550531257249101	0.792542427995745	20
-0.0707496515431201	0.471239687923602	231
-0.06891673227405	0.478167346987275	156
-0.0770658266540301	0.472946291653134	467
-0.0720448316892299	0.478570790474717	970
-0.0710166103938501	0.478193832396807	153
-0.0681537716474701	0.479292741706694	153
-0.07280539644993	0.477448564652232	862
-0.0681537716474701	0.479292741706694	862
0.0505808284801501	0.77555938050866	520
-0.0707496515431201	0.471239687923602	297
-0.0710166103938501	0.478193832396807	661
-0.0662839711038701	0.852016640435226	661
-0.0720448316892299	0.478570790474717	63
-0.07280539644993	0.477448564652232	63
-0.06603988765179	0.469223739016395	2308
-0.0720448316892299	0.478570790474717	2308
-0.0563932691393201	0.887955911631287	916
-0.12097913737723	1.03446690705352	99
0.0514862837782999	0.776653741316405	124
-0.07280539644993	0.477448564652232	44
-0.0720448316892299	0.478570790474717	44
-0.07214806860361	0.469601658503721	44
0.0587433595831299	0.771678233328882	182
-0.07280539644993	0.477448564652232	182
0.0490202905863799	0.781201794884634	828
0.0508334283573899	0.786182588324621	20
0.0528701910984599	0.76925670732367	20
0.05258021309025	0.762234031531953	156
0.11421406089321	1.13145762266747	18
-0.0760405310832699	0.472583961120929	153
-0.0720448316892299	0.478570790474717	153
0.05440363611776	0.780361677510396	1847
-0.06424025149337	0.470793566917827	219
-0.0720448316892299	0.478570790474717	70
-0.0681537716474701	0.479292741706694	297
-0.0707496515431201	0.471239687923602	297
-0.0707496515431201	0.471239687923602	45
-0.07280539644993	0.477448564652232	45
-0.0717777566350599	0.477074019570971	63
-0.06500562329447	0.469713899049653	63
0.05596010072993	0.789495909237653	20
-0.0699474380288001	0.473890200865325	420
-0.0760405310832699	0.472583961120929	18
-0.06891673227405	0.478167346987275	970
-0.06891673227405	0.478167346987275	70
0.05658181837253	0.775242663331729	297
-0.0678855588124401	0.474033268230349	661
-0.0710166103938501	0.478193832396807	45
-0.0720448316892299	0.478570790474717	661
-0.0717777566350599	0.477074019570971	63
0.0454342019582601	0.759785772220335	182
-0.06500562329447	0.469713899049653	248
-0.0710166103938501	0.478193832396807	20
-0.0738325704557401	0.471762089576048	20
-0.0730725863230399	0.472854481440801	231
-0.0720448316892299	0.478570790474717	20
0.0505808284801501	0.77555938050866	231
-0.0681537716474701	0.479292741706694	420
0.0600305246322299	0.7740873125592	156
-0.0720448316892299	0.478570790474717	21
-0.0699474380288001	0.473890200865325	99
-0.05450583170553	0.909610308903803	2386
0.05596010072993	0.789495909237653	248
-0.0710166103938501	0.478193832396807	248
0.0553140457202801	0.777447335571876	248
-0.07809066276743	0.467369829987504	828
-0.0699879229667999	0.472328161227103	420
-0.07280539644993	0.477448564652232	420
0.05324176552158	0.789473162707191	1847
-0.0720448316892299	0.478570790474717	520
-0.0678855588124401	0.474033268230349	45
0.0523349170960601	0.780491055902145	63
0.0550531257249101	0.792542427995745	47
-0.0681537716474701	0.479292741706694	182
-0.06926546790303	0.465378566229971	20
0.0526434754852001	0.781039269293486	156
0.05658181837253	0.775242663331729	18
-0.0710166103938501	0.478193832396807	70
-0.05944783356795	0.892119095201941	70
0.0510220935161501	0.778798937917858	70
-0.0717777566350599	0.477074019570971	45
-0.0730725863230399	0.472854481440801	661
-0.06424025149337	0.470793566917827	661
-0.0681537716474701	0.479292741706694	154
-0.0720448316892299	0.478570790474717	21
-0.06500562329447	0.469713899049653	99
-0.0294331374324499	1.4658632301759	44
-0.0730725863230399	0.472854481440801	182
-0.0681537716474701	0.479292741706694	1831
-0.0710166103938501	0.478193832396807	20
0.0526434754852001	0.781039269293486	20
0.0575172163434201	0.783229267431462	231
0.06281777658614	0.77155062890176	885
0.05173884031121	0.784928292248589	18
-0.0717777566350599	0.477074019570971	45
-0.0699474380288001	0.473890200865325	45
-0.06603988765179	0.469223739016395	661
-0.0509708165412299	0.904902348989841	248
-0.0710166103938501	0.478193832396807	20
0.05596010072993	0.789495909237653	231
0.0519919355567899	0.76925475596425	231
0.0557024721889701	0.782855365464993	231
-0.0613348698126699	0.892858676693574	18
0.0534976127295399	0.780362467629578	219
-0.0699879229667999	0.472328161227103	998
-0.11210066799394	1.06225018209869	18
-0.0720448316892299	0.478570790474717	18
-0.06424025149337	0.470793566917827	45
-0.07280539644993	0.477448564652232	348
-0.0720448316892299	0.478570790474717	63
0.05173884031121	0.784928292248589	63
-0.0720448316892299	0.478570790474717	63
-0.0699879229667999	0.472328161227103	63
-0.05416394288337	0.910864209091877	99
-0.03372614126118	1.46151258612816	44
-0.0529364368585401	0.894616845403179	182
-0.07280539644993	0.477448564652232	248
-0.0490819064799399	0.906998237084462	248
-0.0539634699884799	0.897318330466655	248
-0.0707496515431201	0.471239687923602	20
-0.0681537716474701	0.479292741706694	20
-0.07280539644993	0.477448564652232	231
-0.05922425951094	0.87379976103159	231
-0.0565959335432	0.897819638951261	885
0.11244488258851	1.12815236230667	153
-0.0699879229667999	0.472328161227103	18
0.0550531257249101	0.792542427995745	18
-0.0707496515431201	0.471239687923602	45
0.0541478364472301	0.79255832938947	45
0.05479791616394	0.782861546376213	348
-0.07280539644993	0.477448564652232	21
-0.0699879229667999	0.472328161227103	21
-0.11424263104536	1.06581524493349	44
0.0510865687348601	0.772983662632903	20
0.0773609203687899	1.69669316584269	20
-0.05273820465056	0.912281557043227	20
-0.04595678967444	0.870235805934212	20
-0.05713927117014	0.884028584504488	18
0.11332930573327	1.13135282105774	18
0.1040164374711	1.10715072510083	219
-0.05471444322611	0.900864796591822	219
-0.10845401452793	1.06936308032174	219
0.0492735110912199	0.773083861620571	219
0.0499272437457801	0.785062078842457	18
-0.04942604385891	0.90944503896517	18
-0.05308013978115	0.899784327074712	297
-0.0699879229667999	0.472328161227103	348
-0.07280539644993	0.477448564652232	63
0.11814252090277	2.05357737178683	44
-0.0710166103938501	0.478193832396807	248
0.10215039665655	1.10922811518406	248
-0.0710166103938501	0.478193832396807	248
0.05324176552158	0.789473162707191	313
0.02380004128575	1.28959360804779	248
-0.0738325704557401	0.471762089576048	20
-0.0770658266540301	0.472946291653134	20
-0.06603988765179	0.469223739016395	20
-0.05030937563599	0.907900097651934	20
-0.0681537716474701	0.479292741706694	20
-0.0730725863230399	0.472854481440801	20
-0.0508495337336901	0.906635016822695	20
-0.07280539644993	0.477448564652232	20
-0.0699474380288001	0.473890200865325	20
0.05193669328813	0.761569939932091	20
-0.0710166103938501	0.478193832396807	420
-0.0678855588124401	0.474033268230349	70
0.0496746038970799	0.771811008207858	45
0.0492735110912199	0.773083861620571	348
-0.04819819401086	0.902763125963225	348
0.05816203902384	0.773856683030631	348
-0.0720448316892299	0.478570790474717	348
-0.0710166103938501	0.478193832396807	63
-0.0699879229667999	0.472328161227103	63
0.05324176552158	0.789473162707191	99
-0.05207623402446	0.892298157711733	99
-0.0409802412406399	1.41086662773617	44
-0.0681537716474701	0.479292741706694	248
-0.07809066276743	0.467369829987504	20
-0.0681537716474701	0.479292741706694	20
-0.0720448316892299	0.478570790474717	231
0.05816203902384	0.773856683030631	18
0.0499272437457801	0.785062078842457	18
-0.037993476429	1.460201860274	219
0.10630385831916	1.12623748630873	219
-0.0710166103938501	0.478193832396807	18
-0.0710166103938501	0.478193832396807	18
-0.0717777566350599	0.477074019570971	45
-0.0691850616331	0.474993175817053	45
0.0505808284801501	0.77555938050866	348
-0.07280539644993	0.477448564652232	661
-0.0717777566350599	0.477074019570971	661
-0.0710166103938501	0.478193832396807	63
-0.0720448316892299	0.478570790474717	63
-0.06891673227405	0.478167346987275	63
-0.0730725863230399	0.472854481440801	63
-0.0720448316892299	0.478570790474717	63
-0.0707496515431201	0.471239687923602	63
-0.0710166103938501	0.478193832396807	154
-0.07280539644993	0.477448564652232	20
-0.0720448316892299	0.478570790474717	20
-0.11432316239478	1.06571544108862	231
-0.11612040109106	1.06174098558741	18
-0.11339658930045	1.06725303422696	18
-0.06424025149337	0.470793566917827	18
0.05351304541734	0.769930773141108	953
-0.12105845581784	1.04700258133137	45
0.0584522846205799	0.785152960886062	348
-0.0717777566350599	0.477074019570971	348
-0.0691850616331	0.474993175817053	63
0.0119770625185001	1.24186914244833	182
-0.0945518041136499	1.71640856338665	44
0.0177260618364301	1.25072273101448	248
0.05324176552158	0.789473162707191	248
0.04851075015852	0.775082213195586	20
-0.05273820465056	0.912281557043227	20
-0.0720448316892299	0.478570790474717	20
-0.0720448316892299	0.478570790474717	20
-0.10800583158938	1.05586343365039	231
-0.0710166103938501	0.478193832396807	18
-0.1147257446432	1.06837021970321	18
-0.0770658266540301	0.472946291653134	18
-0.05273820465056	0.912281557043227	953
-0.0710166103938501	0.478193832396807	63
0.02255375555274	1.28302143231691	99
-0.0447648348035099	0.862876853346674	47
-0.07280539644993	0.477448564652232	431
-0.0710166103938501	0.478193832396807	248
-0.0730725863230399	0.472854481440801	248
0.06281777658614	0.77155062890176	313
0.0483658284992801	0.769354800829021	182
-0.0699474380288001	0.473890200865325	20
-0.0738325704557401	0.471762089576048	20
-0.07280539644993	0.477448564652232	20
-0.06891673227405	0.478167346987275	20
-0.05273820465056	0.912281557043227	219
-0.0742052468557199	0.469453428525921	18
-0.0738325704557401	0.471762089576048	63
0.05173884031121	0.784928292248589	99
-0.07317688836652	0.473648243082631	248
0.06654842742683	0.741128093914841	248
-0.0717777566350599	0.477074019570971	313
-0.10888221239727	1.05031349147567	231
-0.0373089998187299	1.43135692377289	18
-0.05382118969418	0.896765946033174	18
-0.0691850616331	0.474993175817053	63
0.05479791616394	0.782861546376213	99
0.05239096568043	0.775447909362186	99
0.10947653953121	1.10210483121126	99
0.0697486048776299	1.66228211600479	1868
-0.07317688836652	0.473648243082631	313
-0.06891673227405	0.478167346987275	248
-0.0760405310832699	0.472583961120929	182
0.10779668823239	1.11450985057666	20
-0.0770658266540301	0.472946291653134	20
-0.07280539644993	0.477448564652232	18
0.0508334283573899	0.786182588324621	231
-0.0738325704557401	0.471762089576048	18
-0.0565959335432	0.897819638951261	791
-0.0720448316892299	0.478570790474717	348
0.05298646108828	0.771155088677583	348
0.0483658284992801	0.769354800829021	63
-0.07317688836652	0.473648243082631	63
-0.06891673227405	0.478167346987275	2392
-0.04942604385891	0.90944503896517	99
-0.11702070568842	1.06388322664582	99
-0.0393629452800299	1.45484026892554	44
-0.0770658266540301	0.472946291653134	182
0.0590964482916701	0.775729844473512	248
-0.11743966958931	1.04908945185378	248
-0.06891673227405	0.478167346987275	182
-0.07280539644993	0.477448564652232	20
0.0231020178802599	1.82709749225966	231
-0.07280539644993	0.477448564652232	18
0.0584522846205799	0.785152960886062	219
-0.0691850616331	0.474993175817053	70
-0.1160696397198	1.05320442843489	953
-0.0710166103938501	0.478193832396807	45
-0.0681537716474701	0.479292741706694	63
-0.0760405310832699	0.472583961120929	63
-0.0707496515431201	0.471239687923602	2392
0.0326168470044601	1.28518660453003	44
-0.0652751037252599	0.470301214618162	44
0.04851075015852	0.775082213195586	20
-0.0717777566350599	0.477074019570971	20
-0.0681537716474701	0.479292741706694	420
-0.02831897142645	1.44079974018008	231
0.10682022262712	1.11444507093232	18
0.0671232568253499	1.68345891826772	18
-0.06500562329447	0.469713899049653	348
-0.05173344556674	0.901985120064495	45
-0.07317688836652	0.473648243082631	45
-0.0678855588124401	0.474033268230349	45
-0.0710166103938501	0.478193832396807	661
-0.0720448316892299	0.478570790474717	63
0.01985515554608	1.29194217509662	44
0.10919672889214	1.10976274349329	248
0.0584522846205799	0.785152960886062	248
0.12161865993771	1.11027050261101	248
0.0534976127295399	0.780362467629578	248
-0.0681537716474701	0.479292741706694	1580
-0.0738325704557401	0.471762089576048	18
-0.0710166103938501	0.478193832396807	420
0.0541478364472301	0.79255832938947	18
-0.0730725863230399	0.472854481440801	51
0.0492735110912199	0.773083861620571	953
-0.0607927327164499	0.884320469745859	45
-0.07280539644993	0.477448564652232	63
0.0513103608057199	0.775222255169698	2473
-0.0717777566350599	0.477074019570971	2473
-0.0717777566350599	0.477074019570971	1794
-0.0691850616331	0.474993175817053	2392
0.02472945055415	1.29941756841407	44
0.05596010072993	0.789495909237653	248
-0.0720448316892299	0.478570790474717	205
0.0550531257249101	0.792542427995745	20
-0.0707496515431201	0.471239687923602	20
-0.0710166103938501	0.478193832396807	420
0.0538033505100699	0.771118615805415	18
0.0593870206300999	0.78344810605566	18
-0.11335750649353	1.06827876202682	18
-0.0717777566350599	0.477074019570971	18
-0.0707496515431201	0.471239687923602	18
-0.0601350976702799	0.888449033583722	51
-0.05362198903316	0.912150936562615	51
0.06503099849932	1.651235018097	45
-0.0770658266540301	0.472946291653134	661
-0.07214806860361	0.469601658503721	63
-0.0738325704557401	0.471762089576048	1794
-0.0717777566350599	0.477074019570971	21
-0.11343678852673	1.0658536949288	47
-0.0435149124405501	1.40454464936191	44
-0.0717777566350599	0.477074019570971	44
-0.06500562329447	0.469713899049653	248
-0.0681537716474701	0.479292741706694	296
0.11296145903304	1.12969623516501	1155
0.0508334283573899	0.786182588324621	18
-0.0707496515431201	0.471239687923602	18
-0.0717777566350599	0.477074019570971	18
-0.0574806497426299	0.898690992261966	18
-0.0770658266540301	0.472946291653134	18
-0.0710166103938501	0.478193832396807	18
0.0514862837782999	0.776653741316405	45
-0.0691850616331	0.474993175817053	63
-0.0760405310832699	0.472583961120929	63
-0.0707496515431201	0.471239687923602	1794
-0.0681537716474701	0.479292741706694	99
0.0141074357817501	1.27569407637392	47
-0.11026141166792	1.06286782029866	44
-0.07809066276743	0.467369829987504	44
0.0593870206300999	0.78344810605566	20
0.05324176552158	0.789473162707191	20
-0.0681537716474701	0.479292741706694	20
-0.0717777566350599	0.477074019570971	296
-0.0720448316892299	0.478570790474717	5
-0.0699879229667999	0.472328161227103	231
-0.0574806497426299	0.898690992261966	18
0.04729514622797	0.757114434154818	219
-0.05362198903316	0.912150936562615	45
-0.05416394288337	0.910864209091877	953
-0.07280539644993	0.477448564652232	63
-0.0681537716474701	0.479292741706694	63
-0.0738325704557401	0.471762089576048	21
0.0541478364472301	0.79255832938947	746
0.10956637967944	1.12457939314553	248
0.11234746090059	1.12939006017436	20
-0.0610040183121701	0.879736797943161	20
-0.0730725863230399	0.472854481440801	18
0.0541478364472301	0.79255832938947	18
0.10865785750227	1.11306274883859	18
0.04851075015852	0.775082213195586	18
-0.0730725863230399	0.472854481440801	63
-0.0770658266540301	0.472946291653134	45
-0.0720448316892299	0.478570790474717	63
-0.0699879229667999	0.472328161227103	63
0.0189822715008301	1.29042653042406	99
0.0510865687348601	0.772983662632903	47
-0.07280539644993	0.477448564652232	44
-0.0613425135613499	0.460406177226235	44
-0.06500562329447	0.469713899049653	44
-0.07280539644993	0.477448564652232	44
0.07916048558321	1.68647852263365	182
0.0528701910984599	0.76925670732367	182
-0.0720448316892299	0.478570790474717	182
-0.07280539644993	0.477448564652232	182
-0.0699474380288001	0.473890200865325	231
-0.0529364368585401	0.894616845403179	18
-0.0681537716474701	0.479292741706694	18
0.0538925777473001	0.779864833648603	45
-0.0717777566350599	0.477074019570971	301
-0.06500562329447	0.469713899049653	45
0.10642109993948	1.11757205951485	45
-0.07280539644993	0.477448564652232	953
-0.0710166103938501	0.478193832396807	1452
-0.07501477661502	0.466870648976945	1452
-0.06891673227405	0.478167346987275	45
-0.0720448316892299	0.478570790474717	45
-0.06736796565629	1.62616860996688	63
0.05440363611776	0.780361677510396	63
-0.05944783356795	0.892119095201941	1690
-0.05471444322611	0.900864796591822	936
-0.0699879229667999	0.472328161227103	44
0.05596010072993	0.789495909237653	44
0.0609642654621501	0.766886646811383	44
-0.0452335922615199	0.900174346618307	182
-0.0710166103938501	0.478193832396807	420
-0.0508495337336901	0.906635016822695	18
-0.11558617561792	1.05074498632805	18
-0.0720448316892299	0.478570790474717	18
0.0457640659241601	0.771410399129658	18
-0.05362198903316	0.912150936562615	18
-0.0717777566350599	0.477074019570971	1452
-0.0720448316892299	0.478570790474717	1452
-0.0720448316892299	0.478570790474717	45
0.0466699065774101	0.772502733813019	63
-0.0720448316892299	0.478570790474717	1654
-0.06603988765179	0.469223739016395	770
-0.12154170559551	1.03281928074032	99
-0.0691850616331	0.474993175817053	47
-0.0720448316892299	0.478570790474717	44
-0.0717777566350599	0.477074019570971	44
0.02077353158938	1.29587945269586	403
0.0538925777473001	0.779864833648603	182
0.05816203902384	0.773856683030631	248
-0.11384028441925	1.07084756345947	182
0.0590964482916701	0.775729844473512	182
-0.06424025149337	0.470793566917827	18
-0.0720448316892299	0.478570790474717	18
-0.07809066276743	0.467369829987504	45
-0.0730725863230399	0.472854481440801	1654
-0.06891673227405	0.478167346987275	63
-0.05471444322611	0.900864796591822	99
-0.0652751037252599	0.470301214618162	44
-0.0730725863230399	0.472854481440801	44
-0.0720448316892299	0.478570790474717	44
-0.0678855588124401	0.474033268230349	44
0.0532132660182001	0.74089835904184	248
0.0550531257249101	0.792542427995745	182
0.0457640659241601	0.771410399129658	182
-0.0717777566350599	0.477074019570971	182
-0.0720448316892299	0.478570790474717	2466
-0.12383927915872	1.81126305483429	20
0.10917596688031	1.13177488413413	20
-0.0710166103938501	0.478193832396807	18
-0.0717777566350599	0.477074019570971	18
-0.0738325704557401	0.471762089576048	18
-0.0490819064799399	0.906998237084462	18
-0.0699879229667999	0.472328161227103	18
-0.0707496515431201	0.471239687923602	444
-0.0720448316892299	0.478570790474717	219
-0.0720448316892299	0.478570790474717	18
0.0514862837782999	0.776653741316405	63
-0.0710166103938501	0.478193832396807	63
-0.0710166103938501	0.478193832396807	1265
0.0492735110912199	0.773083861620571	99
0.0330842636958399	1.28191118976854	99
-0.0691850616331	0.474993175817053	44
-0.0760405310832699	0.472583961120929	44
0.11659243857844	1.1214962789091	1671
-0.0378452840469601	1.46017317755937	2466
-0.06712201309321	0.475136223572177	296
-0.05471444322611	0.900864796591822	18
-0.07170922765947	2.16298618813792	420
0.0550531257249101	0.792542427995745	18
-0.0720448316892299	0.478570790474717	51
-0.0691850616331	0.474993175817053	18
-0.0720448316892299	0.478570790474717	47
-0.0760405310832699	0.472583961120929	44
0.05479791616394	0.782861546376213	44
-0.07280539644993	0.477448564652232	44
0.11384544599427	1.13290308531944	44
-0.0730725863230399	0.472854481440801	403
0.0618830880027601	0.771347496058888	403
-0.06891673227405	0.478167346987275	20
0.0526434754852001	0.781039269293486	231
-0.0691850616331	0.474993175817053	18
-0.0717777566350599	0.477074019570971	18
-0.0770658266540301	0.472946291653134	5
-0.07280539644993	0.477448564652232	18
-0.07280539644993	0.477448564652232	18
-0.07280539644993	0.477448564652232	18
-0.06891673227405	0.478167346987275	219
-0.0717777566350599	0.477074019570971	18
-0.0681537716474701	0.479292741706694	18
-0.0707496515431201	0.471239687923602	45
-0.07280539644993	0.477448564652232	359
0.0584522846205799	0.785152960886062	63
-0.0730725863230399	0.472854481440801	47
0.0514862837782999	0.776653741316405	44
-0.10349834990441	1.03620843122694	182
-0.0532935465805	0.893700728671311	18
0.0557024721889701	0.782855365464993	45
-0.0609927704487401	0.881960703652672	63
-0.07280539644993	0.477448564652232	63
-0.11387678461006	1.06612598938892	99
-0.0193615184458	1.92646132741422	47
0.0508334283573899	0.786182588324621	44
-0.11520895855729	1.06325941482153	20
0.02124411853535	1.29249248124647	20
0.0514862837782999	0.776653741316405	296
-0.0699474380288001	0.473890200865325	18
0.11021186964957	1.11686569270552	18
-0.06891673227405	0.478167346987275	18
0.0185988794869001	1.28313814898033	51
-0.0550482985028	0.908328416896414	63
-0.0730725863230399	0.472854481440801	63
0.0510220935161501	0.778798937917858	10
-0.0720448316892299	0.478570790474717	1944
-0.06712201309321	0.475136223572177	63
-0.0678855588124401	0.474033268230349	63
-0.0833503592292899	1.55065465334716	99
-0.07280539644993	0.477448564652232	44
0.0496746038970799	0.771811008207858	44
0.1147297645774	1.13300570987089	182
-0.11520895855729	1.06325941482153	44
0.10682022262712	1.11444507093232	20
-0.0678855588124401	0.474033268230349	20
-0.0691850616331	0.474993175817053	20
0.11057813060786	1.13473085301283	18
0.1128640549147	1.1131056781638	18
-0.0710166103938501	0.478193832396807	18
0.0538925777473001	0.779864833648603	5
-0.0717777566350599	0.477074019570971	63
-0.0760405310832699	0.472583961120929	63
-0.0710166103938501	0.478193832396807	63
-0.0717777566350599	0.477074019570971	63
-0.0699879229667999	0.472328161227103	63
-0.07280539644993	0.477448564652232	63
-0.0681537716474701	0.479292741706694	1265
0.01985515554608	1.29194217509662	44
0.10678640239191	1.11610590333976	44
-0.04942604385891	0.90944503896517	20
-0.0770658266540301	0.472946291653134	20
-0.0730725863230399	0.472854481440801	20
-0.0720448316892299	0.478570790474717	18
0.05173884031121	0.784928292248589	18
-0.06424025149337	0.470793566917827	18
0.05239096568043	0.775447909362186	5
-0.0361762906595799	1.44686949152104	18
-0.0547060013588201	0.89662201260864	509
0.10779668823239	1.11450985057666	63
-0.0699879229667999	0.472328161227103	63
-0.0710166103938501	0.478193832396807	63
-0.0730725863230399	0.472854481440801	63
0.05173884031121	0.784928292248589	63
-0.06712201309321	0.475136223572177	1265
-0.0717777566350599	0.477074019570971	2247
0.11207780403113	1.12273085327157	99
-0.0717777566350599	0.477074019570971	182
-0.0574806497426299	0.898690992261966	18
0.0483658284992801	0.769354800829021	18
0.0499272437457801	0.785062078842457	18
-0.0678855588124401	0.474033268230349	51
0.11369825400612	1.11286716389667	51
-0.05713927117014	0.884028584504488	18
-0.10845401452793	1.06936308032174	63
-0.0710166103938501	0.478193832396807	63
-0.06891673227405	0.478167346987275	63
-0.07501477661502	0.466870648976945	63
-0.0681537716474701	0.479292741706694	1265
-0.0730725863230399	0.472854481440801	1265
-0.0681537716474701	0.479292741706694	2247
-0.11425866054912	1.04545692392099	47
0.0587433595831299	0.771678233328882	44
-0.11743265064556	1.04230632651076	44
-0.06712201309321	0.475136223572177	296
0.0508334283573899	0.786182588324621	296
-0.0770658266540301	0.472946291653134	296
-0.0730725863230399	0.472854481440801	5
-0.0717777566350599	0.477074019570971	5
0.05440363611776	0.780361677510396	18
0.10215039665655	1.10922811518406	5
-0.05471444322611	0.900864796591822	18
-0.0770658266540301	0.472946291653134	1862
-0.07280539644993	0.477448564652232	63
-0.0717777566350599	0.477074019570971	63
-0.0681537716474701	0.479292741706694	21
0.0476024765398	0.771332727138389	2247
-0.0641028652625999	2.16115314708201	47
-0.04888658981547	1.9587118653362	44
0.0557024721889701	0.782855365464993	182
0.0510220935161501	0.778798937917858	20
0.11421406089321	1.13145762266747	20
-0.0345718899220899	1.45949434978115	18
0.11421406089321	1.13145762266747	18
-0.0394076586629799	1.45651809334001	18
-0.0473328311197101	1.39884949966864	18
0.0483658284992801	0.769354800829021	51
-0.0699474380288001	0.473890200865325	1862
-0.0710166103938501	0.478193832396807	63
0.0496746038970799	0.771811008207858	1265
0.11535444056415	2.02057697835229	47
0.0201673188721101	1.82166573719089	44
-0.10845401452793	1.06936308032174	44
-0.05273820465056	0.912281557043227	44
0.0625248525548301	0.762381298188905	44
-0.07280539644993	0.477448564652232	44
-0.0730725863230399	0.472854481440801	18
0.0584522846205799	0.785152960886062	18
-0.0580234417080501	0.904947505639359	18
-0.0275304992530601	1.44916261195421	18
-0.05925023321634	0.89435459715547	63
0.0226106437343501	1.27163316478474	63
-0.0738325704557401	0.471762089576048	63
-0.07317688836652	0.473648243082631	63
-0.11609417733134	1.05823716062059	63
-0.0770658266540301	0.472946291653134	63
-0.0710166103938501	0.478193832396807	63
-0.0691850616331	0.474993175817053	63
-0.0717777566350599	0.477074019570971	63
0.04511289303059	0.770721136679104	63
-0.0717777566350599	0.477074019570971	2247
-0.11567563953038	1.06039354970827	44
-0.03501236750254	1.4362763700031	44
0.02778019353828	1.29676719100538	44
-0.0681537716474701	0.479292741706694	44
0.0476024765398	0.771332727138389	182
-0.0730725863230399	0.472854481440801	20
-0.0760405310832699	0.472583961120929	20
-0.11930100589957	1.04661896599799	18
0.0478883727047801	0.766951201950055	18
0.0587433595831299	0.771678233328882	18
0.04851075015852	0.775082213195586	18
-0.06891673227405	0.478167346987275	1206
-0.11840173676608	1.04903997152071	63
-0.05890977837066	0.883769361024557	63
-0.0730725863230399	0.472854481440801	63
-0.0710166103938501	0.478193832396807	63
-0.06891673227405	0.478167346987275	63
-0.06712201309321	0.475136223572177	63
-0.0730725863230399	0.472854481440801	21
-0.0678855588124401	0.474033268230349	2247
-0.07809066276743	0.467369829987504	44
-0.07280539644993	0.477448564652232	182
-0.07280539644993	0.477448564652232	44
0.0476024765398	0.771332727138389	182
-0.0770658266540301	0.472946291653134	20
-0.0717777566350599	0.477074019570971	20
-0.0720448316892299	0.478570790474717	18
-0.0717777566350599	0.477074019570971	18
0.05440363611776	0.780361677510396	5
0.0145984315216501	1.25630405474858	18
0.11436148270456	1.11651695724915	63
-0.07280539644993	0.477448564652232	63
0.10917596688031	1.13177488413413	1265
-0.05065220346456	0.891212773637663	99
-0.04800375338719	0.896100134785529	47
0.0538925777473001	0.779864833648603	44
-0.0681537716474701	0.479292741706694	182
-0.0681537716474701	0.479292741706694	182
-0.06424025149337	0.470793566917827	20
-0.07280539644993	0.477448564652232	18
-0.0730725863230399	0.472854481440801	18
-0.07280539644993	0.477448564652232	18
-0.04800375338719	0.896100134785529	5
-0.11971768889195	1.05617563035122	18
0.10553714619583	1.11520532991291	18
-0.0720448316892299	0.478570790474717	63
-0.0760405310832699	0.472583961120929	63
0.05440363611776	0.780361677510396	63
-0.0699474380288001	0.473890200865325	63
0.0541478364472301	0.79255832938947	21
-0.0760405310832699	0.472583961120929	2247
-0.03872701683276	1.41703363660382	44
0.0448614621208501	0.767687898006736	44
0.0308221162361999	1.2887568876064	44
-0.1152194404647	1.05705845661542	182
0.0553140457202801	0.777447335571876	182
-0.07280539644993	0.477448564652232	182
-0.0717777566350599	0.477074019570971	1313
-0.0720448316892299	0.478570790474717	296
0.10215039665655	1.10922811518406	5
0.0550531257249101	0.792542427995745	18
-0.10941456329036	1.06681983882856	18
-0.1089342336533	1.07192675451941	18
-0.03872701683276	1.41703363660382	18
-0.0699474380288001	0.473890200865325	18
-0.0691850616331	0.474993175817053	18
-0.06891673227405	0.478167346987275	45
-0.07749497718965	1.59267664104401	301
0.0237900718669699	1.27108889824568	732
-0.05925023321634	0.89435459715547	63
-0.07280539644993	0.477448564652232	63
0.0238328819396501	1.29936627062778	63
-0.0717777566350599	0.477074019570971	63
0.0490202905863799	0.781201794884634	21
-0.05185448000311	0.910021425154128	99
-0.0730725863230399	0.472854481440801	99
-0.0981961369431801	1.73653570797004	44
-0.07317688836652	0.473648243082631	44
-0.0730725863230399	0.472854481440801	44
0.0499272437457801	0.785062078842457	44
0.0575172163434201	0.783229267431462	44
-0.07280539644993	0.477448564652232	706
0.05596010072993	0.789495909237653	296
-0.0710166103938501	0.478193832396807	296
-0.0691850616331	0.474993175817053	18
-0.0652751037252599	0.470301214618162	18
0.0499272437457801	0.785062078842457	18
0.0547361689204	0.769495388984206	45
0.11332930573327	1.13135282105774	18
-0.0710166103938501	0.478193832396807	732
-0.0720448316892299	0.478570790474717	10
-0.0699879229667999	0.472328161227103	63
0.0508334283573899	0.786182588324621	63
-0.07523670047486	1.60294896789352	99
-0.0403339755952801	1.45247393889486	99
-0.07367648776284	1.57009287637844	99
-0.0359900855322599	1.46926146809071	99
0.0499272437457801	0.785062078842457	1164
-0.05416394288337	0.910864209091877	44
-0.11824181481053	1.04723656577531	44
-0.10623418378296	1.05559566032168	44
-0.1089935656268	1.70727673900089	18
-0.03942810403631	1.43431402357955	18
0.04853471947127	0.767629019817882	18
0.04420955275129	0.767002796647347	63
-0.0710166103938501	0.478193832396807	10
-0.0699879229667999	0.472328161227103	63
-0.0717777566350599	0.477074019570971	63
-0.0720448316892299	0.478570790474717	63
-0.06891673227405	0.478167346987275	21
-0.0707496515431201	0.471239687923602	63
-0.07280539644993	0.477448564652232	289
-0.07280539644993	0.477448564652232	99
-0.02850661909065	1.46743489105573	99
0.0523349170960601	0.780491055902145	296
0.0550531257249101	0.792542427995745	296
-0.0710166103938501	0.478193832396807	296
-0.0710166103938501	0.478193832396807	948
0.05440363611776	0.780361677510396	18
-0.07280539644993	0.477448564652232	18
-0.07314890073043	1.59913762613546	18
-0.0289930035241399	1.45890497542856	18
-0.0691850616331	0.474993175817053	18
-0.0720448316892299	0.478570790474717	45
0.01544263128754	1.26581183294738	1400
-0.10983232271809	1.07306394539463	63
-0.0717777566350599	0.477074019570971	63
0.10770532561456	1.11325494893267	63
-0.05273820465056	0.912281557043227	63
0.0954459883494301	2.46721121312884	99
-0.0392129547484401	1.44378395463212	44
-0.07280539644993	0.477448564652232	44
-0.0699474380288001	0.473890200865325	1313
-0.0720448316892299	0.478570790474717	296
0.05239096568043	0.775447909362186	1983
-0.07500190150988	1.58525417748213	18
-0.0125152243496101	1.88789461038923	18
-0.0557112695906801	0.89485838223341	18
-0.0738325704557401	0.471762089576048	18
0.0172706381638601	1.28966551684397	1400
-0.0699879229667999	0.472328161227103	63
-0.0717777566350599	0.477074019570971	63
0.0500895525974501	0.778774959831316	21
-0.06891673227405	0.478167346987275	44
0.0466699065774101	0.772502733813019	1441
-0.0717777566350599	0.477074019570971	296
-0.0691850616331	0.474993175817053	296
-0.0681537716474701	0.479292741706694	18
-0.05767997602275	0.894723988666176	5
-0.12195404227243	1.02953496217629	18
-0.0601084860521099	0.879132137590456	18
-0.0691850616331	0.474993175817053	63
-0.07809066276743	0.467369829987504	1818
-0.0710166103938501	0.478193832396807	63
-0.0678855588124401	0.474033268230349	63
0.05298646108828	0.771155088677583	21
-0.07280539644993	0.477448564652232	63
0.05687223512352	0.771439580241442	289
-0.06891673227405	0.478167346987275	21
-0.000537917290049927	2.35648372627144	44
0.05479791616394	0.782861546376213	182
-0.0720448316892299	0.478570790474717	1313
0.0500895525974501	0.778774959831316	18
-0.0710166103938501	0.478193832396807	18
0.0476024765398	0.771332727138389	5
0.05440363611776	0.780361677510396	18
-0.0678855588124401	0.474033268230349	45
0.01633818185298	1.2681776619165	63
-0.0738325704557401	0.471762089576048	10
-0.0678855588124401	0.474033268230349	1150
0.04511289303059	0.770721136679104	99
0.07443074631665	1.68820269616332	99
-0.0710166103938501	0.478193832396807	182
-0.0720448316892299	0.478570790474717	296
-0.07317688836652	0.473648243082631	725
-0.0613348698126699	0.892858676693574	18
0.02124411853535	1.29249248124647	18
-0.05571745554299	0.894134280547685	51
-0.0681537716474701	0.479292741706694	18
-0.06712201309321	0.475136223572177	18
-0.07280539644993	0.477448564652232	45
0.0500895525974501	0.778774959831316	301
-0.11431782325231	1.0491224658447	490
-0.06891673227405	0.478167346987275	63
-0.0717777566350599	0.477074019570971	63
-0.0572770140919201	0.886872510740763	21
-0.0710166103938501	0.478193832396807	21
-0.07280539644993	0.477448564652232	289
-0.06891673227405	0.478167346987275	182
0.0538033505100699	0.771118615805415	44
-0.0681537716474701	0.479292741706694	296
-0.0720448316892299	0.478570790474717	296
0.05037749003109	0.778108225282062	296
-0.07317688836652	0.473648243082631	296
-0.0681537716474701	0.479292741706694	296
-0.07280539644993	0.477448564652232	296
-0.06603988765179	0.469223739016395	18
-0.0720448316892299	0.478570790474717	18
0.04946663282216	0.758950492821241	18
0.06956239703848	1.66617756496632	18
-0.0699474380288001	0.473890200865325	18
0.0550531257249101	0.792542427995745	490
0.0557024721889701	0.782855365464993	21
0.0590964482916701	0.775729844473512	63
-0.06891673227405	0.478167346987275	63
-0.0309479640411101	1.46137177974602	44
0.0448614621208501	0.767687898006736	182
-0.0539634699884799	0.897318330466655	182
-0.06891673227405	0.478167346987275	1263
-0.11881934902928	1.06122876726811	296
-0.0720448316892299	0.478570790474717	861
-0.0699879229667999	0.472328161227103	296
-0.0681537716474701	0.479292741706694	5
-0.0699474380288001	0.473890200865325	1275
0.0255183910200101	1.28343238465062	18
-0.0738325704557401	0.471762089576048	51
0.0490202905863799	0.781201794884634	18
-0.0738325704557401	0.471762089576048	490
-0.0613348698126699	0.892858676693574	99
-0.0554875094432501	2.03638353687942	44
0.10881014861691	1.12910670530083	13
-0.0563932691393201	0.887955911631287	182
-0.0710166103938501	0.478193832396807	587
0.0499272437457801	0.785062078842457	296
0.0575172163434201	0.783229267431462	296
-0.06891673227405	0.478167346987275	296
-0.0720448316892299	0.478570790474717	296
-0.0691850616331	0.474993175817053	296
-0.0710166103938501	0.478193832396807	685
-0.07280539644993	0.477448564652232	685
-0.11202081153999	1.05707760643501	18
-0.07280539644993	0.477448564652232	51
-0.07280539644993	0.477448564652232	63
-0.05483472535153	0.88923069306655	21
-0.0963622093627099	2.25263916804385	99
0.0194066232525301	1.28807341642305	44
-0.07280539644993	0.477448564652232	44
-0.11785636914939	1.04945413681696	44
-0.0710166103938501	0.478193832396807	44
0.11057813060786	1.13473085301283	587
-0.0720448316892299	0.478570790474717	587
-0.0710166103938501	0.478193832396807	685
-0.0720448316892299	0.478570790474717	99
0.0534976127295399	0.780362467629578	18
-0.0328009208469799	1.46441285759264	45
-0.0710166103938501	0.478193832396807	45
0.0501804258727001	0.774176324231999	63
-0.0770658266540301	0.472946291653134	63
-0.0717777566350599	0.477074019570971	21
0.05173884031121	0.784928292248589	1150
-0.0678855588124401	0.474033268230349	1150
0.0625248525548301	0.762381298188905	21
-0.0717777566350599	0.477074019570971	44
-0.0691850616331	0.474993175817053	182
-0.06221874894826	0.891755340993512	182
-0.06712201309321	0.475136223572177	44
0.05687223512352	0.771439580241442	13
0.0578079631572099	0.773305480893515	296
-0.0730725863230399	0.472854481440801	296
-0.0710166103938501	0.478193832396807	241
-0.0699474380288001	0.473890200865325	685
-0.07501477661502	0.466870648976945	5
0.05329487006336	0.771689317259111	18
-0.07280539644993	0.477448564652232	18
0.11235250991026	2.05944742573803	18
-0.11429606667845	1.06576613605417	18
0.05630949757229	0.76302276532101	571
-0.11735718310074	1.05044732263823	45
-0.06167609567665	0.883235293855931	45
-0.0699879229667999	0.472328161227103	63
-0.0720448316892299	0.478570790474717	21
-0.0707496515431201	0.471239687923602	289
-0.0691850616331	0.474993175817053	289
0.0281339564530101	1.82090382210095	99
-0.0730725863230399	0.472854481440801	587
-0.0691850616331	0.474993175817053	18
-0.05836541677124	0.897583415485501	18
0.02856103861573	1.83473737644442	45
-0.07280539644993	0.477448564652232	63
-0.06603988765179	0.469223739016395	1988
-0.0717777566350599	0.477074019570971	497
-0.11429606667845	1.06576613605417	1835
-0.0710166103938501	0.478193832396807	1835
0.0578079631572099	0.773305480893515	21
-0.0710166103938501	0.478193832396807	289
0.0129779356239801	1.79535756064973	47
-0.07280539644993	0.477448564652232	44
-0.07280539644993	0.477448564652232	44
0.0185988794869001	1.28313814898033	182
-0.0717777566350599	0.477074019570971	1263
-0.0720448316892299	0.478570790474717	241
0.05329487006336	0.771689317259111	296
0.05173884031121	0.784928292248589	5
-0.0681537716474701	0.479292741706694	18
0.10792666401534	1.12130030496365	18
0.05596010072993	0.789495909237653	18
0.0557024721889701	0.782855365464993	497
-0.0681537716474701	0.479292741706694	1835
0.0490202905863799	0.781201794884634	289
0.11045172247443	1.1246950593717	1559
0.11006056146374	1.13316508829393	63
0.05687223512352	0.771439580241442	63
-0.07280539644993	0.477448564652232	1569
-0.0720448316892299	0.478570790474717	1835
-0.0717777566350599	0.477074019570971	289
0.0151068192305399	1.26614307949458	99
-0.07280539644993	0.477448564652232	99
-0.0710166103938501	0.478193832396807	44
-0.0710166103938501	0.478193832396807	44
-0.0720448316892299	0.478570790474717	44
-0.0717777566350599	0.477074019570971	44
0.0510220935161501	0.778798937917858	44
-0.06891673227405	0.478167346987275	44
-0.06891673227405	0.478167346987275	44
0.0625248525548301	0.762381298188905	44
-0.0678855588124401	0.474033268230349	13
-0.0717777566350599	0.477074019570971	1559
-0.11117361275803	1.05391299910114	296
-0.0717777566350599	0.477074019570971	18
-0.0717777566350599	0.477074019570971	130
-0.07317688836652	0.473648243082631	130
-0.0691850616331	0.474993175817053	18
-0.0710166103938501	0.478193832396807	18
-0.0627615070583001	0.881694380364185	51
-0.0681537716474701	0.479292741706694	63
-0.0710166103938501	0.478193832396807	63
-0.0730725863230399	0.472854481440801	1835
-0.0738325704557401	0.471762089576048	289
-0.07317688836652	0.473648243082631	412
0.0655100922996299	1.63561444249911	44
-0.0499656868804901	0.908177971331969	13
0.0508334283573899	0.786182588324621	2416
-0.0681537716474701	0.479292741706694	99
-0.0613348698126699	0.892858676693574	18
0.0575172163434201	0.783229267431462	130
-0.05782116202135	0.89884378472194	18
-0.0604510461165899	0.892005125985514	571
-0.06712201309321	0.475136223572177	571
-0.0720448316892299	0.478570790474717	63
0.10626730208998	1.09796277173373	63
-0.0710166103938501	0.478193832396807	63
-0.0710166103938501	0.478193832396807	63
-0.0691850616331	0.474993175817053	289
-0.0681537716474701	0.479292741706694	99
-0.0710166103938501	0.478193832396807	99
-0.0710166103938501	0.478193832396807	44
-0.0717777566350599	0.477074019570971	412
-0.07809066276743	0.467369829987504	44
-0.07280539644993	0.477448564652232	44
-0.0652751037252599	0.470301214618162	537
-0.0681537716474701	0.479292741706694	2253
0.0534976127295399	0.780362467629578	2253
-0.0580234417080501	0.904947505639359	44
0.05687223512352	0.771439580241442	1559
0.05193669328813	0.761569939932091	2416
-0.05185448000311	0.910021425154128	296
-0.07280539644993	0.477448564652232	717
-0.07809066276743	0.467369829987504	717
0.0541478364472301	0.79255832938947	18
-0.07214806860361	0.469601658503721	18
-0.0720448316892299	0.478570790474717	18
0.0557024721889701	0.782855365464993	51
-0.0707496515431201	0.471239687923602	571
-0.10984033645835	1.06198096921949	63
-0.06712201309321	0.475136223572177	1899
-0.07280539644993	0.477448564652232	99
-0.0760405310832699	0.472583961120929	44
-0.0678855588124401	0.474033268230349	44
-0.0730725863230399	0.472854481440801	44
-0.0730725863230399	0.472854481440801	44
-0.0691850616331	0.474993175817053	44
-0.0717777566350599	0.477074019570971	44
-0.0730725863230399	0.472854481440801	99
-0.0681537716474701	0.479292741706694	296
-0.02877720434599	1.46319976678557	5
-0.0720448316892299	0.478570790474717	18
-0.10984033645835	1.06198096921949	18
-0.07280539644993	0.477448564652232	571
-0.05327964510102	0.91099682350394	63
-0.0717777566350599	0.477074019570971	99
-0.0717777566350599	0.477074019570971	99
-0.0652751037252599	0.470301214618162	99
0.0510865687348601	0.772983662632903	44
-0.0742052468557199	0.469453428525921	44
-0.0738325704557401	0.471762089576048	44
-0.06188648418143	0.879582746048355	13
-0.07280539644993	0.477448564652232	44
-0.0214206729987401	1.93885966996597	99
-0.07280539644993	0.477448564652232	18
-0.06891673227405	0.478167346987275	18
-0.0699474380288001	0.473890200865325	18
-0.06891673227405	0.478167346987275	63
-0.06891673227405	0.478167346987275	63
0.0448614621208501	0.767687898006736	63
-0.06712201309321	0.475136223572177	99
-0.0710166103938501	0.478193832396807	44
0.0508334283573899	0.786182588324621	44
0.10868136815001	1.12139965942512	13
-0.0710166103938501	0.478193832396807	99
-0.0508495337336901	0.906635016822695	18
-0.0314343074085399	1.46601869267936	18
-0.07501477661502	0.466870648976945	5
0.0692702122451701	1.68358333851238	5
-0.0914562165035699	1.73376600883107	18
0.11006056146374	1.13316508829393	571
-0.07280539644993	0.477448564652232	63
-0.0699879229667999	0.472328161227103	63
-0.0730725863230399	0.472854481440801	289
-0.0760405310832699	0.472583961120929	44
-0.06500562329447	0.469713899049653	44
-0.07501477661502	0.466870648976945	412
-0.0710166103938501	0.478193832396807	44
-0.0710166103938501	0.478193832396807	44
-0.0720448316892299	0.478570790474717	258
-0.0678855588124401	0.474033268230349	44
-0.0305075989044501	1.46301862447626	2416
0.10303576006358	1.109302876637	99
0.1050510262174	1.10899072153534	99
-0.0541759276551099	0.892195392884521	99
0.04745738219378	0.760252513955755	18
-0.0681537716474701	0.479292741706694	349
-0.0681537716474701	0.479292741706694	18
-0.0717777566350599	0.477074019570971	18
-0.06891673227405	0.478167346987275	130
-0.0720448316892299	0.478570790474717	130
-0.0699879229667999	0.472328161227103	130
-0.0699474380288001	0.473890200865325	18
-0.0330650643446699	1.46920129427772	18
-0.0707496515431201	0.471239687923602	63
0.1147297645774	1.13300570987089	63
-0.0446963701890499	0.88833462853228	99
0.04757688619462	0.766421304884915	44
0.11045172247443	1.1246950593717	44
0.06782462695309	0.743308152635611	412
0.02472945055415	1.29941756841407	44
0.11016535877855	2.04110570688871	44
0.0172573583375999	1.26216620004385	44
0.01842541291675	1.79989414952913	44
0.11384544599427	1.13290308531944	717
-0.0699879229667999	0.472328161227103	63
-0.0555095759180699	0.887122302549502	346
-0.0681537716474701	0.479292741706694	63
-0.0699879229667999	0.472328161227103	63
-0.0707496515431201	0.471239687923602	63
0.05173884031121	0.784928292248589	63
-0.0699879229667999	0.472328161227103	497
-0.06891673227405	0.478167346987275	1899
-0.06891673227405	0.478167346987275	289
-0.0699474380288001	0.473890200865325	44
-0.06891673227405	0.478167346987275	44
-0.11530372379651	2.45944351969203	99
-0.0710166103938501	0.478193832396807	717
-0.0717777566350599	0.477074019570971	349
0.0534976127295399	0.780362467629578	349
0.0575397755193701	0.771653479704986	130
-0.0567961418453999	0.892579630415911	2196
0.0550531257249101	0.792542427995745	51
-0.10489469796581	1.06585897761573	571
-0.0738325704557401	0.471762089576048	45
-0.07280539644993	0.477448564652232	63
-0.0707496515431201	0.471239687923602	63
-0.0707496515431201	0.471239687923602	63
-0.0707496515431201	0.471239687923602	21
-0.0560527018019099	0.899076046888398	99
-0.0604510461165899	0.892005125985514	44
0.06281777658614	0.77155062890176	44
-0.06187711126204	0.882779014984158	44
-0.0508713254839499	0.881209233419943	44
0.10956637967944	1.12457939314553	44
-0.0951244755540499	1.7453338375327	182
0.0534976127295399	0.780362467629578	349
-0.07317688836652	0.473648243082631	18
-0.0710166103938501	0.478193832396807	130
-0.0699879229667999	0.472328161227103	130
-0.0710166103938501	0.478193832396807	63
-0.0699474380288001	0.473890200865325	63
-0.0770658266540301	0.472946291653134	63
-0.0760405310832699	0.472583961120929	63
-0.06500562329447	0.469713899049653	21
-0.06712201309321	0.475136223572177	497
-0.0710166103938501	0.478193832396807	497
-0.0720448316892299	0.478570790474717	21
-0.0699474380288001	0.473890200865325	21
-0.0699474380288001	0.473890200865325	21
-0.05362198903316	0.912150936562615	99
0.11799124940538	1.1249139245095	44
0.0476024765398	0.771332727138389	44
-0.0547060013588201	0.89662201260864	258
0.05195430013803	0.775907452258494	537
-0.03879825922782	0.858660967486518	537
-0.04800375338719	0.896100134785529	44
-0.0985462785011599	1.7198606969173	99
-0.0532935465805	0.893700728671311	349
0.0550531257249101	0.792542427995745	2196
0.10932848146976	1.1127705454267	2196
0.05440363611776	0.780361677510396	571
0.01826546233722	1.75154687015692	63
-0.0717777566350599	0.477074019570971	63
-0.06712201309321	0.475136223572177	497
0.06281777658614	0.77155062890176	21
-0.0710166103938501	0.478193832396807	21
0.0238328819396501	1.29936627062778	258
-0.0738325704557401	0.471762089576048	99
0.10465353541534	1.1102799283727	5
-0.02748459980129	1.41091404411956	130
0.0508334283573899	0.786182588324621	45
-0.11206763144393	1.06877890620314	63
-0.0717777566350599	0.477074019570971	63
-0.07317688836652	0.473648243082631	497
0.0541478364472301	0.79255832938947	497
-0.0587054676384899	0.895608179697363	44
-0.0572770140919201	0.886872510740763	44
0.0492735110912199	0.773083861620571	13
0.05596010072993	0.789495909237653	44
-0.0559327105194201	0.902874468546951	44
0.05329487006336	0.771689317259111	130
0.07700139069307	1.66517477721284	18
0.11384544599427	1.13290308531944	63
-0.0717777566350599	0.477074019570971	63
0.0572272994035301	0.76610736129693	63
-0.05327964510102	0.91099682350394	497
-0.0691850616331	0.474993175817053	497
-0.07280539644993	0.477448564652232	21
-0.0707496515431201	0.471239687923602	21
-0.0738325704557401	0.471762089576048	21
-0.0710166103938501	0.478193832396807	289
-0.06891673227405	0.478167346987275	289
-0.08907664748445	1.72470280758028	47
0.11244488258851	1.12815236230667	258
-0.07280539644993	0.477448564652232	195
0.05195430013803	0.775907452258494	195
-0.07280539644993	0.477448564652232	18
0.05479791616394	0.782861546376213	18
-0.11558617561792	1.05074498632805	63
0.10730539636011	1.11763338649697	63
-0.06891673227405	0.478167346987275	63
-0.0678855588124401	0.474033268230349	63
-0.05836541677124	0.897583415485501	63
0.10969397091784	1.13333925128269	63
0.0501804258727001	0.774176324231999	21
-0.0681537716474701	0.479292741706694	21
-0.0710166103938501	0.478193832396807	21
0.0578079631572099	0.773305480893515	21
-0.09632303732791	1.75820799394036	44
-0.03372614126118	1.46151258612816	258
-0.0757472760367599	1.57994767562719	44
-0.0691850616331	0.474993175817053	182
-0.0529487123119301	0.901240116905507	296
0.0505808284801501	0.77555938050866	195
-0.0352936849119401	1.45857514251465	349
0.112823124392	1.11498339295003	5
-0.04052212907687	1.42970041005919	63
0.0500895525974501	0.778774959831316	63
-0.0720448316892299	0.478570790474717	63
-0.05173344556674	0.901985120064495	63
0.0510865687348601	0.772983662632903	63
-0.0499656868804901	0.908177971331969	21
-0.11303214138498	1.04664074323563	497
0.0557024721889701	0.782855365464993	21
0.05479791616394	0.782861546376213	21
0.11006056146374	1.13316508829393	433
0.0137766827191099	1.24702170286011	44
0.0750660030241601	1.6815546465409	44
-0.120170313937	1.04618047589492	44
0.08063840836497	1.64687718230646	296
-0.0697011003231001	1.61954000421747	99
-0.1147257446432	1.06837021970321	5
-0.04888650320908	0.897232126223851	18
-0.0710166103938501	0.478193832396807	18
0.0764302420635901	1.69689713799693	717
0.08159455712757	1.69434245386577	130
-0.0322076733030301	1.43853240981668	63
-0.07280539644993	0.477448564652232	63
-0.05979510612553	0.88064626505722	63
0.0523349170960601	0.780491055902145	497
-0.0720448316892299	0.478570790474717	21
0.0553140457202801	0.777447335571876	21
0.11347793154629	1.11341005732071	21
0.0541478364472301	0.79255832938947	21
0.05333733131012	2.09362015915112	47
-0.0643096756014401	0.867383973607211	44
-0.04819819401086	0.902763125963225	13
-0.0716487705278701	1.59301079150104	44
-0.0730725863230399	0.472854481440801	99
-0.07809066276743	0.467369829987504	99
0.10678640239191	1.11610590333976	99
-0.10266082889558	1.06093600610919	130
0.11509914772809	1.12848373185033	63
-0.1062730475363	1.06362770967605	63
0.0541478364472301	0.79255832938947	21
0.10480751321515	1.10243874938523	21
0.0534976127295399	0.780362467629578	44
0.0189822715008301	1.29042653042406	13
-0.11921085341362	1.04474875928814	44
0.10480751321515	1.10243874938523	44
-0.0710166103938501	0.478193832396807	182
-0.0730725863230399	0.472854481440801	228
-0.0710166103938501	0.478193832396807	5
-0.0546259358466199	0.884263712378939	5
-0.11653970979371	1.0650124064402	51
-0.10941456329036	1.06681983882856	45
-0.05713927117014	0.884028584504488	63
-0.0699879229667999	0.472328161227103	63
-0.0681537716474701	0.479292741706694	497
0.0584522846205799	0.785152960886062	497
-0.0508495337336901	0.906635016822695	21
-0.0523954066007699	0.90874542512987	433
-0.05836541677124	0.897583415485501	44
0.0679934557517099	1.68688002668229	44
0.0311975470721499	1.25223437490328	99
0.11384544599427	1.13290308531944	195
0.0641870596270999	1.65853848909517	349
-0.05261742091206	0.891071762211587	349
-0.0362180438556701	1.4572922314678	349
0.10881014861691	1.12910670530083	5
0.0429462775821601	0.752682581505889	130
-0.05106190364216	0.88320337996413	66
-0.0585638737507099	0.89457651620543	45
0.0508334283573899	0.786182588324621	63
0.0185589854050401	1.2799146846305	63
0.10590167236585	1.11604232827607	63
-0.0574806497426299	0.898690992261966	63
0.11509914772809	1.12848373185033	63
0.10453378394352	1.12065890271037	21
-0.0499656868804901	0.908177971331969	44
-0.07357736809784	1.60090108973937	13
-0.05782116202135	0.89884378472194	296
-0.0720448316892299	0.478570790474717	99
0.10630385831916	1.12623748630873	99
-0.1175018124531	1.04921974479502	66
0.0505808284801501	0.77555938050866	63
0.11119448132286	1.10786784164401	63
0.0593870206300999	0.78344810605566	63
-0.05308013978115	0.899784327074712	752
0.056606241661	0.779912172364091	63
-0.12146252534272	1.04695047065446	63
-0.0717777566350599	0.477074019570971	497
0.10948431978823	2.04640137489484	47
0.0303485811428399	1.82712105434208	47
0.11747697996044	1.1233986976796	44
0.0469554682703801	0.770648218228337	182
0.06159048598252	0.755959172030932	195
-0.0574831122624	0.89614252874237	195
0.0168003890534301	1.28831642679848	130
0.11421406089321	1.13145762266747	63
-0.0699474380288001	0.473890200865325	63
-0.0710166103938501	0.478193832396807	497
-0.0720448316892299	0.478570790474717	497
0.0372618669540601	2.25791191874418	99
0.0194266179059599	1.2902457823414	44
-0.04405372916644	1.37653438613065	13
0.0590964482916701	0.775729844473512	99
0.06217651996798	0.760268186334815	195
-0.04488770072494	0.895839552613018	5
-0.10573238574786	1.05083596203947	18
-0.1147257446432	1.06837021970321	66
-0.11512717881135	1.06077364595871	51
-0.0574806497426299	0.898690992261966	63
-0.0730725863230399	0.472854481440801	21
-0.05030937563599	0.907900097651934	44
-0.06221874894826	0.891755340993512	296
-0.0362180438556701	1.4572922314678	18
0.0514862837782999	0.776653741316405	349
0.0761667624537099	1.70044514041339	66
-0.06891673227405	0.478167346987275	66
-0.07214806860361	0.469601658503721	571
-0.0720448316892299	0.478570790474717	63
0.05173884031121	0.784928292248589	63
0.0510865687348601	0.772983662632903	63
-0.07280539644993	0.477448564652232	63
-0.0699879229667999	0.472328161227103	497
-0.0710166103938501	0.478193832396807	497
0.0534976127295399	0.780362467629578	497
0.05259080843722	0.777380091161839	21
-0.06891673227405	0.478167346987275	21
-0.0717777566350599	0.477074019570971	21
-0.0738325704557401	0.471762089576048	21
-0.05327964510102	0.91099682350394	44
-0.11567563953038	1.06039354970827	13
-0.0512620870464799	2.0269641917234	228
-0.1175018124531	1.04921974479502	195
-0.07280539644993	0.477448564652232	349
0.0499272437457801	0.785062078842457	66
-0.0738325704557401	0.471762089576048	130
0.0508334283573899	0.786182588324621	130
0.07872654115328	1.69484790166434	51
0.04944428562493	0.778083033060752	571
0.0812261201698901	1.67457729340518	63
-0.07501477661502	0.466870648976945	63
0.0553140457202801	0.777447335571876	63
-0.0534445568741999	2.04068393034955	63
0.0501804258727001	0.774176324231999	21
0.05630949757229	0.76302276532101	44
0.0510865687348601	0.772983662632903	44
-0.0389216708197	1.46156275082955	296
0.0749852878024	1.67593474541171	5
-0.0710166103938501	0.478193832396807	349
0.0499272437457801	0.785062078842457	51
-0.07280539644993	0.477448564652232	63
-0.06891673227405	0.478167346987275	63
-0.0770658266540301	0.472946291653134	63
-0.07280539644993	0.477448564652232	63
-0.0681537716474701	0.479292741706694	63
-0.06424025149337	0.470793566917827	63
-0.0738325704557401	0.471762089576048	21
-0.0717777566350599	0.477074019570971	21
-0.02446590413321	1.92026170046846	44
-0.11113638655076	1.06478553781221	44
0.0172573583375999	1.26216620004385	296
-0.0232874771450899	1.92349794295413	296
-0.07020868864937	1.59337030388218	5
-0.0720448316892299	0.478570790474717	63
-0.0389860988973401	1.43592068536285	21
-0.0720448316892299	0.478570790474717	63
-0.0707496515431201	0.471239687923602	497
-0.0699879229667999	0.472328161227103	21
0.0172706381638601	1.28966551684397	44
-0.0309479640411101	1.46137177974602	13
-0.06712201309321	0.475136223572177	99
0.0491566799541401	0.775770930689392	410
0.11008129993293	1.11287037302031	195
0.10993714144739	1.11116376747595	66
0.05596010072993	0.789495909237653	66
0.0460222374661601	0.771815254797831	571
0.0508334283573899	0.786182588324621	63
0.0547361689204	0.769495388984206	63
0.0541478364472301	0.79255832938947	63
-0.0547060013588201	0.89662201260864	63
-0.07809066276743	0.467369829987504	63
-0.11432316239478	1.06571544108862	21
-0.05119277284716	0.903239516351666	296
0.11710714589313	1.12300874426816	296
-0.10351635991765	1.05694961111187	296
-0.0720448316892299	0.478570790474717	99
-0.10717148827532	1.06341914453156	66
0.02077353158938	1.29587945269586	63
-0.0699474380288001	0.473890200865325	21
-0.0770658266540301	0.472946291653134	222
-0.0652751037252599	0.470301214618162	21
-0.0717777566350599	0.477074019570971	44
-0.0580234417080501	0.904947505639359	44
0.0679934557517099	1.68688002668229	44
-0.07280539644993	0.477448564652232	228
-0.0691850616331	0.474993175817053	228
0.10844543059728	1.10522912596395	296
-0.0738325704557401	0.471762089576048	410
-0.0678855588124401	0.474033268230349	5
-0.0681537716474701	0.479292741706694	5
0.11234746090059	1.12939006017436	349
0.0678561424264901	1.6604322913044	66
-0.06242525676458	0.879252501535924	63
-0.0452335922615199	0.900174346618307	63
0.0476024765398	0.771332727138389	21
-0.07280539644993	0.477448564652232	497
-0.0691850616331	0.474993175817053	222
-0.07280539644993	0.477448564652232	222
-0.0720448316892299	0.478570790474717	21
-0.05714006279032	0.905086842963566	21
-0.11335750649353	1.06827876202682	44
-0.0691850616331	0.474993175817053	228
-0.0720448316892299	0.478570790474717	296
-0.07317688836652	0.473648243082631	103
0.0514862837782999	0.776653741316405	410
-0.0770658266540301	0.472946291653134	5
-0.0681537716474701	0.479292741706694	571
-0.03774355736227	1.43005701098404	571
0.0666283286960301	1.69159244228939	63
-0.05362198903316	0.912150936562615	63
-0.04942604385891	0.90944503896517	21
-0.1129542467912	1.0709808681734	21
0.05479791616394	0.782861546376213	222
-0.0738325704557401	0.471762089576048	21
0.02281653318155	1.84793746425662	1049
0.0111498454177901	1.23608259084576	44
-0.0373590565756301	1.45955096050026	44
0.0501804258727001	0.774176324231999	296
0.05479791616394	0.782861546376213	228
-0.03594245922488	1.43910572080458	66
0.0158663320864401	1.24710224969048	66
-0.11784131712075	1.0529098243205	51
-0.0395991146572401	1.43208118905832	571
-0.0710166103938501	0.478193832396807	571
-0.04800375338719	0.896100134785529	571
0.0492735110912199	0.773083861620571	21
-0.0717777566350599	0.477074019570971	63
0.0519919355567899	0.76925475596425	21
-0.07280539644993	0.477448564652232	21
-0.0710166103938501	0.478193832396807	21
0.0553140457202801	0.777447335571876	44
-0.07317688836652	0.473648243082631	37
-0.0710166103938501	0.478193832396807	37
-0.07280539644993	0.477448564652232	44
-0.06891673227405	0.478167346987275	44
-0.0681537716474701	0.479292741706694	296
-0.05471444322611	0.900864796591822	296
-0.0738325704557401	0.471762089576048	296
0.11296145903304	1.12969623516501	228
-0.0730725863230399	0.472854481440801	99
-0.0720448316892299	0.478570790474717	410
-0.11381570593518	1.05282639001036	748
-0.11384028441925	1.07084756345947	66
-0.11792035481483	1.06371525331464	66
-0.04067466290509	1.4202380743477	63
-0.0738325704557401	0.471762089576048	63
0.0490202905863799	0.781201794884634	222
-0.0720448316892299	0.478570790474717	21
0.02167011324598	1.29460049790981	47
-0.0710166103938501	0.478193832396807	44
-0.0699474380288001	0.473890200865325	37
0.04944428562493	0.778083033060752	296
-0.0691850616331	0.474993175817053	103
-0.06891673227405	0.478167346987275	235
-0.0738325704557401	0.471762089576048	571
-0.0699879229667999	0.472328161227103	63
0.01544263128754	1.26581183294738	63
0.05173884031121	0.784928292248589	63
-0.0770658266540301	0.472946291653134	21
-0.0717777566350599	0.477074019570971	93
0.10770532561456	1.11325494893267	222
-0.0678855588124401	0.474033268230349	47
-0.0585638737507099	0.89457651620543	44
-0.0770658266540301	0.472946291653134	44
-0.0627615070583001	0.881694380364185	103
-0.06891673227405	0.478167346987275	103
-0.0760405310832699	0.472583961120929	99
-0.07809066276743	0.467369829987504	410
0.0541478364472301	0.79255832938947	235
0.0557024721889701	0.782855365464993	5
-0.06891673227405	0.478167346987275	51
0.023407016897	1.29294249085456	63
0.0190693101739801	1.80412802376632	63
-0.05836541677124	0.897583415485501	63
0.0541478364472301	0.79255832938947	63
0.0514862837782999	0.776653741316405	48
-0.0738325704557401	0.471762089576048	21
-0.0509708165412299	0.904902348989841	44
-0.0760405310832699	0.472583961120929	37
-0.11653970979371	1.0650124064402	37
-0.0720448316892299	0.478570790474717	103
-0.0720448316892299	0.478570790474717	410
-0.0691850616331	0.474993175817053	235
-0.0710166103938501	0.478193832396807	222
-0.0710166103938501	0.478193832396807	21
-0.05025218234325	2.05515619280687	1049
0.0137371321761199	1.2670364214486	44
-0.0717777566350599	0.477074019570971	296
-0.0770658266540301	0.472946291653134	296
-0.0699474380288001	0.473890200865325	296
-0.0681537716474701	0.479292741706694	103
-0.0717777566350599	0.477074019570971	103
-0.0691850616331	0.474993175817053	410
0.10580449458491	1.09171139973958	235
0.05596010072993	0.789495909237653	51
-0.05890688317319	0.902431779745543	571
0.0510220935161501	0.778798937917858	21
0.0593870206300999	0.78344810605566	21
-0.10717148827532	1.06341914453156	21
-0.12009225639318	1.03560293788267	93
0.02256732997805	1.29059719043888	48
-0.07280539644993	0.477448564652232	103
0.0541478364472301	0.79255832938947	103
0.0159021008133999	1.2869448846735	571
0.0704325165691799	1.70218643088501	63
0.06544788865734	1.65541339772872	21
0.07399615447152	1.69664110800774	21
0.04511289303059	0.770721136679104	222
0.0469554682703801	0.770648218228337	222
-0.0681537716474701	0.479292741706694	21
-0.0681537716474701	0.479292741706694	103
-0.0699879229667999	0.472328161227103	410
-0.06891673227405	0.478167346987275	410
0.0587433595831299	0.771678233328882	235
0.0454342019582601	0.759785772220335	235
-0.10562879318116	1.71964147701246	748
-0.06881363026471	1.60844918201331	66
0.02124411853535	1.29249248124647	571
0.04745738219378	0.760252513955755	571
-0.06603988765179	0.469223739016395	1975
-0.0423014493973699	1.42990731361646	63
0.05324176552158	0.789473162707191	63
-0.0699474380288001	0.473890200865325	63
-0.06891673227405	0.478167346987275	63
-0.06891673227405	0.478167346987275	63
-0.10713610797603	1.06065599857816	21
0.0557024721889701	0.782855365464993	222
0.0469554682703801	0.770648218228337	222
0.05596010072993	0.789495909237653	222
-0.0720448316892299	0.478570790474717	44
-0.0717777566350599	0.477074019570971	44
-0.0710166103938501	0.478193832396807	296
-0.0717777566350599	0.477074019570971	296
-0.07280539644993	0.477448564652232	410
-0.0710166103938501	0.478193832396807	103
0.0508334283573899	0.786182588324621	235
-0.0742052468557199	0.469453428525921	235
-0.0386752616524499	1.4321020758106	748
-0.0389216708197	1.46156275082955	748
0.0291458156449	1.29183927079542	571
0.0519919355567899	0.76925475596425	63
-0.0770658266540301	0.472946291653134	21
0.11561441444196	1.13002115894449	93
-0.11879065867182	1.04441743119155	93
-0.0770658266540301	0.472946291653134	21
0.0505808284801501	0.77555938050866	47
-0.11430207498762	1.03834205934801	47
-0.11743908395017	1.06484566219605	13
-0.0720448316892299	0.478570790474717	296
-0.0681537716474701	0.479292741706694	296
-0.0691850616331	0.474993175817053	103
-0.0678855588124401	0.474033268230349	235
-0.0770658266540301	0.472946291653134	571
0.10593545605421	1.11308268825983	571
-0.1147257446432	1.06837021970321	571
-0.11206763144393	1.06877890620314	21
-0.11832555242347	1.04794864249874	21
-0.120170313937	1.04618047589492	21
-0.0720448316892299	0.478570790474717	63
-0.06891673227405	0.478167346987275	21
0.0508334283573899	0.786182588324621	222
-0.0710166103938501	0.478193832396807	21
-0.0717777566350599	0.477074019570971	13
-0.0681537716474701	0.479292741706694	296
0.0544455386771401	0.771794175900807	103
0.01048428044613	2.18432129121603	349
0.0516832273877501	0.768721890850317	51
0.0757933144713301	1.65877797421133	51
0.05596010072993	0.789495909237653	571
0.10678640239191	1.11610590333976	21
-0.0710166103938501	0.478193832396807	21
0.10865785750227	1.11306274883859	63
-0.07280539644993	0.477448564652232	63
-0.11473899531274	1.05817118708537	63
0.05687223512352	0.771439580241442	80
-0.0559327105194201	0.902874468546951	21
-0.0625595131035199	0.88010420661249	93
0.0501804258727001	0.774176324231999	21
-0.0299134029336501	2.42289414526039	37
0.0235345726791401	1.82509036969094	103
0.0534976127295399	0.780362467629578	349
0.10767147519769	1.11388237364862	5
-0.05450583170553	0.909610308903803	588
-0.12105845581784	1.04700258133137	66
-0.05979510612553	0.88064626505722	21
-0.1160696397198	1.05320442843489	80
-0.0660756101542499	0.867103667459057	93
-0.0699879229667999	0.472328161227103	222
-0.0455786252597501	0.888095981569818	47
-0.0720448316892299	0.478570790474717	47
-0.06712201309321	0.475136223572177	37
-0.0428093127697	0.885555909957004	296
0.00538329283255989	2.32563903159382	296
0.0294983797997099	1.27307008856586	228
-0.06891673227405	0.478167346987275	349
0.11924704050876	1.11632929809609	51
-0.0717777566350599	0.477074019570971	51
0.0508334283573899	0.786182588324621	571
-0.07280539644993	0.477448564652232	63
0.0541478364472301	0.79255832938947	21
-0.0699474380288001	0.473890200865325	21
0.0618830880027601	0.771347496058888	37
0.02290137587789	1.8153949778451	47
-0.0523954066007699	0.90874542512987	1057
-0.0742052468557199	0.469453428525921	349
0.0492735110912199	0.773083861620571	51
0.0499272437457801	0.785062078842457	430
-0.0710166103938501	0.478193832396807	63
-0.06424025149337	0.470793566917827	21
-0.07280539644993	0.477448564652232	21
0.05037749003109	0.778108225282062	21
-0.0699879229667999	0.472328161227103	21
0.1026116226221	2.05167422311783	47
-0.0734013206578099	1.61510893341416	296
-0.0503426164919101	2.02909105279876	1057
0.0550531257249101	0.792542427995745	5
0.11332930573327	1.13135282105774	66
-0.03514105309751	1.40172634636023	66
-0.05282780397512	0.87011548356631	571
0.02199648469171	1.26809514456782	1975
-0.0720448316892299	0.478570790474717	80
-0.07214806860361	0.469601658503721	93
-0.0678855588124401	0.474033268230349	93
0.0466699065774101	0.772502733813019	21
-0.06424025149337	0.470793566917827	1057
0.10829171007831	1.12755164681823	51
-0.11210066799394	1.06225018209869	66
-0.05308013978115	0.899784327074712	51
-0.0730725863230399	0.472854481440801	21
0.0492735110912199	0.773083861620571	2302
-0.0681537716474701	0.479292741706694	63
-0.0710166103938501	0.478193832396807	21
-0.0730725863230399	0.472854481440801	80
-0.0710166103938501	0.478193832396807	21
-0.07317688836652	0.473648243082631	93
-0.120170313937	1.04618047589492	93
0.02472945055415	1.29941756841407	93
-0.06891673227405	0.478167346987275	1972
-0.07280539644993	0.477448564652232	47
-0.0538315421281801	0.902399080424598	13
-0.0566002516689801	0.896287715675035	13
-0.0720448316892299	0.478570790474717	228
-0.0710166103938501	0.478193832396807	103
-0.07280539644993	0.477448564652232	103
-0.0720448316892299	0.478570790474717	235
0.0510220935161501	0.778798937917858	1975
-0.0546259358466199	0.884263712378939	21
-0.0717777566350599	0.477074019570971	21
-0.0720448316892299	0.478570790474717	2302
0.0528861698823899	0.767713381593108	21
0.06208125385801	1.622568200681	80
0.105173721589	1.09454505649776	21
-0.0720448316892299	0.478570790474717	21
-0.07317688836652	0.473648243082631	21
-0.11161847759854	1.06732588330994	296
-0.07280539644993	0.477448564652232	103
0.0198298617605801	1.24708074747674	103
-0.04942604385891	0.90944503896517	349
-0.0933251501713099	1.73673372730507	588
-0.0681537716474701	0.479292741706694	21
-0.0717777566350599	0.477074019570971	37
0.11384544599427	1.13290308531944	13
-0.11653970979371	1.0650124064402	296
0.04511289303059	0.770721136679104	103
-0.06891673227405	0.478167346987275	235
-0.05362198903316	0.912150936562615	5
-0.122429602173	1.03168444221489	5
-0.12010498125614	1.84662979776939	51
-0.06891673227405	0.478167346987275	950
0.0550531257249101	0.792542427995745	1975
0.05351304541734	0.769930773141108	571
-0.0710166103938501	0.478193832396807	2302
0.05479791616394	0.782861546376213	80
-0.06926546790303	0.465378566229971	21
-0.0699474380288001	0.473890200865325	21
-0.07501477661502	0.466870648976945	21
0.05173884031121	0.784928292248589	80
-0.11072976331823	1.07158556716084	21
-0.0699474380288001	0.473890200865325	21
-0.0710166103938501	0.478193832396807	47
0.10782428403022	1.10168266144996	37
-0.07280539644993	0.477448564652232	13
-0.0738325704557401	0.471762089576048	103
-0.0681537716474701	0.479292741706694	103
-0.0760405310832699	0.472583961120929	103
-0.0717777566350599	0.477074019570971	103
-0.0523954066007699	0.90874542512987	349
0.10501728540832	1.11367971228502	21
-0.07280539644993	0.477448564652232	2302
-0.0720448316892299	0.478570790474717	80
-0.0710166103938501	0.478193832396807	21
0.11042825507805	1.1132266539957	93
0.10770532561456	1.11325494893267	21
0.06281777658614	0.77155062890176	37
-0.05471444322611	0.900864796591822	13
-0.0691850616331	0.474993175817053	296
-0.0717777566350599	0.477074019570971	103
-0.11343678852673	1.0658536949288	349
-0.05693690627147	0.899952167138894	51
-0.0560527018019099	0.899076046888398	21
-0.0720448316892299	0.478570790474717	47
-0.0730725863230399	0.472854481440801	37
0.02199648469171	1.26809514456782	13
0.10954288735947	1.11441660122293	13
-0.07280539644993	0.477448564652232	13
-0.0730725863230399	0.472854481440801	296
-0.0613425135613499	0.460406177226235	1828
-0.06712201309321	0.475136223572177	103
-0.0486386288498799	2.07530211006493	21
0.03000974983009	1.82074987274962	571
-0.07280539644993	0.477448564652232	21
0.05440363611776	0.780361677510396	93
-0.0710166103938501	0.478193832396807	93
0.0538925777473001	0.779864833648603	37
-0.06712201309321	0.475136223572177	37
-0.06891673227405	0.478167346987275	37
-0.11207532268931	1.06117801806384	37
-0.06838394295718	0.858252253650477	13
0.0609642654621501	0.766886646811383	103
-0.0707496515431201	0.471239687923602	103
-0.0681537716474701	0.479292741706694	103
0.02778019353828	1.29676719100538	103
0.05479791616394	0.782861546376213	349
0.10881014861691	1.12910670530083	5
-0.0691850616331	0.474993175817053	430
-0.03213555457387	1.47081145064441	51
0.0278216074417199	1.27217764068209	571
-0.0730725863230399	0.472854481440801	80
-0.06891673227405	0.478167346987275	80
-0.0707496515431201	0.471239687923602	93
-0.0681537716474701	0.479292741706694	93
-0.06891673227405	0.478167346987275	1972
-0.0691850616331	0.474993175817053	37
0.0466699065774101	0.772502733813019	1073
-0.0691850616331	0.474993175817053	296
-0.0699474380288001	0.473890200865325	103
0.12136784755185	2.03260212319108	349
-0.0742598992319601	1.62093780804803	1478
-0.0539634699884799	0.897318330466655	430
-0.0770658266540301	0.472946291653134	21
-0.0699474380288001	0.473890200865325	80
-0.0770658266540301	0.472946291653134	1972
0.05479791616394	0.782861546376213	37
-0.11258295777318	1.04527435048724	13
-0.05450583170553	0.909610308903803	13
-0.0710166103938501	0.478193832396807	1073
-0.0720448316892299	0.478570790474717	103
-0.0720448316892299	0.478570790474717	102
-0.06891673227405	0.478167346987275	103
-0.0730725863230399	0.472854481440801	1655
-0.0681537716474701	0.479292741706694	235
-0.0162295886600401	1.93111075690988	588
-0.0633083132448999	0.876875089259023	571
0.11006056146374	1.13316508829393	21
-0.0546259358466199	0.884263712378939	21
0.06281777658614	0.77155062890176	21
-0.05308013978115	0.899784327074712	1972
0.10969397091784	1.13333925128269	37
-0.0681537716474701	0.479292741706694	344
0.05687223512352	0.771439580241442	372
-0.11424263104536	1.06581524493349	103
-0.07029737548226	0.46489469838612	103
0.0590964482916701	0.775729844473512	1655
-0.0717777566350599	0.477074019570971	1655
0.0500895525974501	0.778774959831316	1928
-0.0745132075736901	1.59974290785267	588
0.0492735110912199	0.773083861620571	51
-0.0710166103938501	0.478193832396807	51
-0.0609927704487401	0.881960703652672	571
-0.05382118969418	0.896765946033174	21
-0.07280539644993	0.477448564652232	93
-0.0560527018019099	0.899076046888398	93
0.11332930573327	1.13135282105774	93
-0.0681537716474701	0.479292741706694	21
0.0544455386771401	0.771794175900807	1972
0.01232036037464	1.79607568227195	37
-0.06891673227405	0.478167346987275	37
-0.05138979471127	0.892615674789939	37
-0.05219686831619	0.899923519313658	13
-0.07809066276743	0.467369829987504	2153
0.0457640659241601	0.771410399129658	372
-0.07029737548226	0.46489469838612	372
-0.0730725863230399	0.472854481440801	372
-0.0730725863230399	0.472854481440801	103
-0.0710166103938501	0.478193832396807	103
0.0277762786643601	2.28067396063839	349
-0.11429563344601	1.04503270124391	5
-0.0720448316892299	0.478570790474717	51
-0.06891673227405	0.478167346987275	51
-0.0720448316892299	0.478570790474717	80
-0.0681537716474701	0.479292741706694	80
-0.0710166103938501	0.478193832396807	80
0.0177530949865901	1.25220940872123	80
0.0501804258727001	0.774176324231999	21
0.11649939524439	1.12333702799494	21
-0.07280539644993	0.477448564652232	1663
0.0557024721889701	0.782855365464993	37
-0.0699474380288001	0.473890200865325	2153
-0.0720448316892299	0.478570790474717	2153
0.05479791616394	0.782861546376213	103
-0.0452335922615199	0.900174346618307	235
0.0526434754852001	0.781039269293486	349
0.10997316535435	2.04218993071266	1478
-0.09659267766739	1.72698135938897	571
-0.07809066276743	0.467369829987504	80
0.10642109993948	1.11757205951485	80
-0.10845401452793	1.06936308032174	1663
-0.0717777566350599	0.477074019570971	37
-0.0720448316892299	0.478570790474717	372
-0.06712201309321	0.475136223572177	296
0.0516832273877501	0.768721890850317	372
-0.06712201309321	0.475136223572177	103
-0.0699474380288001	0.473890200865325	557
-0.0691850616331	0.474993175817053	103
-0.0730725863230399	0.472854481440801	103
-0.07280539644993	0.477448564652232	102
0.0242598132777001	1.29295172940928	235
0.0237552826946099	1.84416751914884	588
-0.07317688836652	0.473648243082631	51
-0.0652751037252599	0.470301214618162	442
0.0508334283573899	0.786182588324621	1972
0.0523349170960601	0.780491055902145	13
-0.06891673227405	0.478167346987275	103
-0.0717777566350599	0.477074019570971	103
-0.0720448316892299	0.478570790474717	103
-0.06891673227405	0.478167346987275	103
-0.0720448316892299	0.478570790474717	1057
-0.0720448316892299	0.478570790474717	235
-0.0710166103938501	0.478193832396807	235
0.0584522846205799	0.785152960886062	349
-0.0770658266540301	0.472946291653134	21
-0.0707496515431201	0.471239687923602	21
0.0600305246322299	0.7740873125592	80
0.05324176552158	0.789473162707191	21
-0.05257457808299	0.866349791618808	21
-0.0720448316892299	0.478570790474717	1972
-0.0710166103938501	0.478193832396807	37
0.1050510262174	1.10899072153534	13
-0.0730725863230399	0.472854481440801	2153
-0.0738325704557401	0.471762089576048	372
-0.0720448316892299	0.478570790474717	103
-0.07280539644993	0.477448564652232	2232
-0.0652751037252599	0.470301214618162	2232
-0.05559741411602	0.896257170029596	51
-0.05327964510102	0.91099682350394	571
-0.0699879229667999	0.472328161227103	571
-0.0717777566350599	0.477074019570971	93
-0.11254983663792	1.06368276598224	442
0.0508334283573899	0.786182588324621	1663
-0.05206595527309	0.897058536686176	37
0.05596010072993	0.789495909237653	37
-0.07280539644993	0.477448564652232	37
-0.06424025149337	0.470793566917827	37
-0.0681537716474701	0.479292741706694	37
0.0593870206300999	0.78344810605566	2153
0.03129007631266	1.28545064622769	13
-0.0710166103938501	0.478193832396807	372
-0.0742052468557199	0.469453428525921	103
0.1147297645774	1.13300570987089	103
-0.0710166103938501	0.478193832396807	701
-0.10598446385836	1.68300916177354	430
0.10667337310637	1.11141105817294	571
-0.0710166103938501	0.478193832396807	571
0.10907501607325	1.11064910280925	21
-0.0681537716474701	0.479292741706694	21
0.0469554682703801	0.770648218228337	37
-0.0717777566350599	0.477074019570971	37
-0.06891673227405	0.478167346987275	37
0.10343437588248	1.09194868916127	13
-0.0699474380288001	0.473890200865325	13
-0.0730725863230399	0.472854481440801	235
0.0487676141282201	0.762654331068483	235
-0.11735718310074	1.05044732263823	349
-0.0508495337336901	0.906635016822695	588
-0.11825732867586	1.85735523901685	1478
-0.05559741411602	0.896257170029596	51
-0.0245009030588099	1.887870047774	21
-0.0720448316892299	0.478570790474717	80
-0.0652751037252599	0.470301214618162	80
0.11799124940538	1.1249139245095	442
-0.0565959335432	0.897819638951261	21
-0.0691850616331	0.474993175817053	37
-0.06891673227405	0.478167346987275	372
-0.0691850616331	0.474993175817053	147
-0.07280539644993	0.477448564652232	102
-0.0730725863230399	0.472854481440801	102
-0.07214806860361	0.469601658503721	102
-0.07280539644993	0.477448564652232	102
0.10553714619583	1.11520532991291	349
0.0593870206300999	0.78344810605566	588
0.10947653953121	1.10210483121126	51
0.02778019353828	1.29676719100538	571
-0.120170313937	1.04618047589492	571
0.0139075948554499	1.78034402976463	571
-0.0710166103938501	0.478193832396807	80
-0.0557112695906801	0.89485838223341	21
0.0541478364472301	0.79255832938947	21
-0.0710166103938501	0.478193832396807	1663
-0.0717777566350599	0.477074019570971	1663
-0.0710166103938501	0.478193832396807	37
-0.0710166103938501	0.478193832396807	37
0.0203246099087999	1.2932911560212	37
-0.0681537716474701	0.479292741706694	37
-0.07214806860361	0.469601658503721	243
-0.0730725863230399	0.472854481440801	243
-0.0720448316892299	0.478570790474717	103
-0.0691850616331	0.474993175817053	557
-0.06891673227405	0.478167346987275	102
-0.0710166103938501	0.478193832396807	102
-0.0720448316892299	0.478570790474717	102
-0.10483476507223	1.05105211137875	588
0.0717635949431601	1.65097496283043	571
-0.04800375338719	0.896100134785529	1663
0.0466699065774101	0.772502733813019	21
0.0538033505100699	0.771118615805415	37
0.0224719347334399	1.28393188635392	37
0.11045172247443	1.1246950593717	243
-0.0691850616331	0.474993175817053	372
-0.06424025149337	0.470793566917827	372
-0.0720448316892299	0.478570790474717	103
-0.0730725863230399	0.472854481440801	235
-0.0710166103938501	0.478193832396807	235
0.0201482936991599	2.20810589547096	588
-0.10663331993539	1.73742639233399	588
-0.06891673227405	0.478167346987275	1674
0.05479791616394	0.782861546376213	80
-0.07317688836652	0.473648243082631	21
-0.0699879229667999	0.472328161227103	21
0.05037749003109	0.778108225282062	442
0.11323263086843	1.12181235988981	21
0.0508334283573899	0.786182588324621	21
-0.11384028441925	1.07084756345947	13
-0.05395206256757	0.878600438118155	37
-0.0720448316892299	0.478570790474717	372
0.06032142178957	0.776009176330242	235
0.07161627119568	1.68113094213945	588
-0.0394076586629799	1.45651809334001	571
-0.05185448000311	0.910021425154128	571
0.0575172163434201	0.783229267431462	80
-0.0572770140919201	0.886872510740763	21
-0.11424263104536	1.06581524493349	21
-0.0770658266540301	0.472946291653134	21
0.0491566799541401	0.775770930689392	37
-0.0710166103938501	0.478193832396807	243
-0.0730725863230399	0.472854481440801	372
-0.07280539644993	0.477448564652232	372
-0.07317688836652	0.473648243082631	102
-0.05327964510102	0.91099682350394	588
0.11347793154629	1.11341005732071	571
-0.0710166103938501	0.478193832396807	400
0.0514862837782999	0.776653741316405	21
0.05596010072993	0.789495909237653	37
0.0534976127295399	0.780362467629578	37
0.11057813060786	1.13473085301283	37
-0.0699474380288001	0.473890200865325	243
-0.06891673227405	0.478167346987275	37
0.0508334283573899	0.786182588324621	37
-0.07317688836652	0.473648243082631	235
0.056606241661	0.779912172364091	588
0.05479791616394	0.782861546376213	588
-0.07809066276743	0.467369829987504	430
-0.06891673227405	0.478167346987275	430
-0.0717777566350599	0.477074019570971	430
-0.11247180483895	1.06841376788285	571
0.02516761573973	1.28939321384012	571
0.02145040130844	1.84636463797519	571
0.0550531257249101	0.792542427995745	80
-0.05273820465056	0.912281557043227	21
-0.0717777566350599	0.477074019570971	21
-0.05131365703933	0.897754287048091	21
-0.05273820465056	0.912281557043227	21
-0.06500562329447	0.469713899049653	21
0.0496746038970799	0.771811008207858	37
-0.06603988765179	0.469223739016395	37
-0.0738325704557401	0.471762089576048	37
-0.05118327251094	0.886877462107142	37
-0.0699474380288001	0.473890200865325	37
-0.0691850616331	0.474993175817053	372
-0.0720448316892299	0.478570790474717	103
-0.07280539644993	0.477448564652232	102
-0.07317688836652	0.473648243082631	235
-0.07809066276743	0.467369829987504	5
0.0491566799541401	0.775770930689392	588
0.0226106437343501	1.27163316478474	588
-0.0416654063264801	2.08360225871069	571
-0.0699879229667999	0.472328161227103	21
0.1109454935159	1.13190593364086	21
-0.11520895855729	1.06325941482153	37
-0.0699879229667999	0.472328161227103	37
-0.11518292785997	1.05028451586704	37
0.0544455386771401	0.771794175900807	37
0.0550531257249101	0.792542427995745	37
-0.07280539644993	0.477448564652232	37
-0.0770658266540301	0.472946291653134	103
-0.07809066276743	0.467369829987504	102
-0.0720448316892299	0.478570790474717	235
0.0505808284801501	0.77555938050866	235
-0.05450583170553	0.909610308903803	21
-0.0760405310832699	0.472583961120929	400
-0.07029737548226	0.46489469838612	400
0.10868136815001	1.12139965942512	442
-0.08181458289372	2.29231143407582	1387
-0.05782116202135	0.89884378472194	37
-0.0710166103938501	0.478193832396807	37
-0.0681537716474701	0.479292741706694	103
0.0514862837782999	0.776653741316405	103
0.0590964482916701	0.775729844473512	2330
-0.039648002501	2.05417028464059	588
-0.0691850616331	0.474993175817053	430
-0.0565959335432	0.897819638951261	430
0.10954288735947	1.11441660122293	51
0.10423633171924	2.01227147452843	21
-0.0720448316892299	0.478570790474717	400
-0.0710166103938501	0.478193832396807	400
-0.0717777566350599	0.477074019570971	442
-0.11923586888964	1.05729433456047	442
-0.0580244995814201	0.884851105562845	442
-0.0681537716474701	0.479292741706694	21
0.04851075015852	0.775082213195586	37
-0.07280539644993	0.477448564652232	13
0.11747697996044	1.1233986976796	103
-0.06424025149337	0.470793566917827	5
-0.0710166103938501	0.478193832396807	235
-0.09205795632624	1.73119797698937	1734
0.0186024039869199	1.27223836825389	588
0.07402369424601	1.62535208596337	51
-0.0720448316892299	0.478570790474717	400
-0.06712201309321	0.475136223572177	400
0.0457640659241601	0.771410399129658	21
0.05239096568043	0.775447909362186	442
-0.0699474380288001	0.473890200865325	21
0.0541478364472301	0.79255832938947	21
-0.0710166103938501	0.478193832396807	37
-0.0717777566350599	0.477074019570971	37
-0.0710166103938501	0.478193832396807	103
-0.0691850616331	0.474993175817053	102
-0.0770658266540301	0.472946291653134	235
0.00891976330783995	1.22474948849791	571
-0.1115855257666	1.06622893708916	400
0.0534976127295399	0.780362467629578	400
0.10593545605421	1.11308268825983	80
-0.0652751037252599	0.470301214618162	80
-0.06891673227405	0.478167346987275	21
-0.12165921012102	1.85722511009233	37
-0.0710166103938501	0.478193832396807	37
-0.07280539644993	0.477448564652232	103
-0.06712201309321	0.475136223572177	103
-0.0730725863230399	0.472854481440801	103
-0.0691850616331	0.474993175817053	103
-0.0691850616331	0.474993175817053	103
-0.0720448316892299	0.478570790474717	5
-0.11291628942159	1.85841991081036	588
-0.11921085341362	1.04474875928814	51
0.11146262737409	1.13346570135336	51
-0.11161847759854	1.06732588330994	571
-0.0303588185039601	1.46093491638946	571
-0.0580234417080501	0.904947505639359	400
-0.0717777566350599	0.477074019570971	37
-0.07280539644993	0.477448564652232	37
-0.0710166103938501	0.478193832396807	37
-0.0730725863230399	0.472854481440801	103
-0.0720448316892299	0.478570790474717	5
-0.06603988765179	0.469223739016395	5
-0.07501477661502	0.466870648976945	5
0.0500895525974501	0.778774959831316	235
-0.07317688836652	0.473648243082631	235
-0.07280539644993	0.477448564652232	235
0.10642109993948	1.11757205951485	622
-0.00105555840311999	2.38645351139106	588
-0.05714006279032	0.905086842963566	430
-0.07280539644993	0.477448564652232	400
-0.0760405310832699	0.472583961120929	571
-0.07280539644993	0.477448564652232	442
-0.0720448316892299	0.478570790474717	442
-0.0499656868804901	0.908177971331969	21
-0.0710166103938501	0.478193832396807	37
0.10355356430049	1.09791220461124	37
-0.0710166103938501	0.478193832396807	37
-0.0720448316892299	0.478570790474717	819
-0.0691850616331	0.474993175817053	103
-0.04192706797041	0.887829160214153	5
-0.0710166103938501	0.478193832396807	102
-0.06891673227405	0.478167346987275	235
-0.07280539644993	0.477448564652232	430
-0.11111438322267	1.02143108491863	571
-0.0717777566350599	0.477074019570971	21
0.11045172247443	1.1246950593717	1387
-0.0710166103938501	0.478193832396807	37
-0.0652751037252599	0.470301214618162	37
-0.05185448000311	0.910021425154128	37
-0.06712201309321	0.475136223572177	103
0.10163204934321	1.09601274416501	430
-0.0645497545278899	1.61498429196764	571
-0.0717777566350599	0.477074019570971	400
-0.0770658266540301	0.472946291653134	400
0.10490174526042	1.11123375935806	21
-0.0710166103938501	0.478193832396807	37
0.04851075015852	0.775082213195586	103
-0.10698668943734	1.72193613500706	5
0.0510220935161501	0.778798937917858	51
-0.07280539644993	0.477448564652232	571
0.05479791616394	0.782861546376213	571
-0.0730725863230399	0.472854481440801	571
-0.0710166103938501	0.478193832396807	400
-0.0490819064799399	0.906998237084462	80
-0.0434683944122201	1.42396348116759	80
-0.0681537716474701	0.479292741706694	37
0.0508334283573899	0.786182588324621	37
0.10816590498031	1.10793601172314	37
-0.0730725863230399	0.472854481440801	103
-0.0681537716474701	0.479292741706694	103
0.05329487006336	0.771689317259111	103
-0.0710166103938501	0.478193832396807	134
-0.0691850616331	0.474993175817053	134
-0.0433453424155801	0.884373442484954	235
-0.05571745554299	0.894134280547685	235
-0.0681537716474701	0.479292741706694	235
0.0534976127295399	0.780362467629578	235
-0.07280539644993	0.477448564652232	235
0.1207340497005	1.11004727723584	588
0.11920511211822	2.03205163487978	622
0.056606241661	0.779912172364091	80
-0.11743908395017	1.06484566219605	80
0.05440363611776	0.780361677510396	21
-0.02607310212923	1.45298245165927	326
0.0505808284801501	0.77555938050866	326
0.10907501607325	1.11064910280925	37
-0.0633778867372199	1.61466195122442	37
0.0488566159561099	0.751524325086815	37
-0.0720448316892299	0.478570790474717	134
-0.0738325704557401	0.471762089576048	134
-0.0837826478152199	2.22719713577251	5
-0.07280539644993	0.477448564652232	430
0.05195430013803	0.775907452258494	51
-0.07280539644993	0.477448564652232	571
-0.06424025149337	0.470793566917827	571
-0.0720448316892299	0.478570790474717	1498
-0.05956727929407	0.889084770114707	80
0.0528701910984599	0.76925670732367	80
-0.0720448316892299	0.478570790474717	80
-0.11598827191715	1.0368064970202	21
0.0571170658589699	2.13518044572874	37
0.1109454935159	1.13190593364086	326
0.023407016897	1.29294249085456	37
-0.12283298760592	1.04263152813319	347
-0.0691850616331	0.474993175817053	37
-0.0720448316892299	0.478570790474717	103
-0.0691850616331	0.474993175817053	5
-0.0760405310832699	0.472583961120929	134
-0.0691850616331	0.474993175817053	235
0.10969397091784	1.13333925128269	588
-0.03056708212263	2.47054337049564	1070
0.10678640239191	1.11610590333976	51
-0.05273820465056	0.912281557043227	571
-0.11249646043977	1.06614653833565	571
-0.0770658266540301	0.472946291653134	571
0.0491566799541401	0.775770930689392	80
-0.07280539644993	0.477448564652232	326
-0.11832555242347	1.04794864249874	326
0.11799124940538	1.1249139245095	37
-0.06712201309321	0.475136223572177	37
0.05239096568043	0.775447909362186	37
-0.0717777566350599	0.477074019570971	37
-0.0720448316892299	0.478570790474717	37
0.0508334283573899	0.786182588324621	134
-0.07029737548226	0.46489469838612	235
-0.06364595640889	0.878569886369729	235
0.0613488682691801	2.15649927436708	622
-0.0717777566350599	0.477074019570971	430
-0.0678855588124401	0.474033268230349	1498
-0.07280539644993	0.477448564652232	326
-0.0720448316892299	0.478570790474717	37
0.10917596688031	1.13177488413413	37
0.0513103608057199	0.775222255169698	37
0.10905135738224	1.11103758826652	37
-0.0699474380288001	0.473890200865325	819
-0.07280539644993	0.477448564652232	103
-0.0760405310832699	0.472583961120929	235
0.0145785009334201	1.27702382386043	5
-0.07280539644993	0.477448564652232	571
-0.0710166103938501	0.478193832396807	1498
-0.0720448316892299	0.478570790474717	21
0.10621039058761	1.08359486857122	21
-0.0707496515431201	0.471239687923602	326
-0.0710166103938501	0.478193832396807	37
-0.07809066276743	0.467369829987504	37
-0.07280539644993	0.477448564652232	37
-0.0717777566350599	0.477074019570971	819
-0.0710166103938501	0.478193832396807	819
-0.0730725863230399	0.472854481440801	5
0.0282803351957199	1.80366476363419	2375
-0.11743908395017	1.06484566219605	2375
0.0220642459424001	2.20955430951504	588
-0.00767669368096002	2.33524596702587	588
-0.0770658266540301	0.472946291653134	812
-0.06500562329447	0.469713899049653	80
-0.0710166103938501	0.478193832396807	21
-0.0467764558911099	0.893681068444457	21
0.05259080843722	0.777380091161839	37
-0.07280539644993	0.477448564652232	37
-0.06891673227405	0.478167346987275	5
0.0575172163434201	0.783229267431462	2375
-0.07595356798541	1.5875782306432	588
-0.0717777566350599	0.477074019570971	430
0.05173884031121	0.784928292248589	430
-0.05925023321634	0.89435459715547	51
-0.11121063842229	1.06646987337179	571
0.11747697996044	1.1233986976796	571
-0.0710166103938501	0.478193832396807	571
-0.0710166103938501	0.478193832396807	571
0.10829171007831	1.12755164681823	21
0.11183076272112	1.12784404487393	21
-0.05416394288337	0.910864209091877	21
0.10881014861691	1.12910670530083	21
0.0491566799541401	0.775770930689392	21
0.10709668157043	1.06906136647239	326
-0.11784131712075	1.0529098243205	37
0.0278413401244899	1.84296707237226	37
-0.0730725863230399	0.472854481440801	37
-0.0720448316892299	0.478570790474717	103
-0.05362198903316	0.912150936562615	5
-0.0730725863230399	0.472854481440801	134
-0.0681537716474701	0.479292741706694	134
0.0534976127295399	0.780362467629578	235
-0.0699474380288001	0.473890200865325	1443
0.0483658284992801	0.769354800829021	51
-0.0717777566350599	0.477074019570971	21
-0.0710166103938501	0.478193832396807	37
-0.0613425135613499	0.460406177226235	37
-0.0720448316892299	0.478570790474717	37
-0.06891673227405	0.478167346987275	37
-0.0738325704557401	0.471762089576048	5
-0.0699879229667999	0.472328161227103	235
0.0575172163434201	0.783229267431462	51
0.0490202905863799	0.781201794884634	571
-0.0720448316892299	0.478570790474717	571
0.0578079631572099	0.773305480893515	80
-0.06712201309321	0.475136223572177	80
-0.12146505206382	1.01464048320239	21
-0.0581608093624899	0.883734076078182	21
-0.0573497198779001	0.875992998082692	21
-0.05625674788163	0.902868618476487	37
0.0584522846205799	0.785152960886062	326
-0.10269196412671	1.04366786612759	37
0.11006056146374	1.13316508829393	5
-0.05516855003074	0.896104191265479	430
-0.11377624942912	1.66662697622439	571
0.01749947688708	1.81120867232675	571
-0.0720448316892299	0.478570790474717	571
-0.0699879229667999	0.472328161227103	571
0.0538033505100699	0.771118615805415	571
-0.0681537716474701	0.479292741706694	571
-0.0770658266540301	0.472946291653134	21
0.0448614621208501	0.767687898006736	21
0.0469554682703801	0.770648218228337	37
-0.0691850616331	0.474993175817053	903
-0.0710166103938501	0.478193832396807	37
0.0550531257249101	0.792542427995745	37
0.10954288735947	1.11441660122293	37
-0.07280539644993	0.477448564652232	37
-0.0738325704557401	0.471762089576048	37
-0.0652751037252599	0.470301214618162	103
-0.0572770140919201	0.886872510740763	5
-0.05450583170553	0.909610308903803	137
-0.0351327604618299	1.44744866177588	430
-0.0720448316892299	0.478570790474717	430
-0.07280539644993	0.477448564652232	430
0.0499272437457801	0.785062078842457	80
-0.06891673227405	0.478167346987275	21
-0.0560527018019099	0.899076046888398	21
-0.11424263104536	1.06581524493349	21
0.1122234004604	1.11517901051431	21
-0.0591198571924501	0.875588687906999	37
-0.11159567955794	1.0622923206406	37
-0.0552530596349701	0.890653007745976	37
-0.0539634699884799	0.897318330466655	37
-0.0730725863230399	0.472854481440801	37
-0.07280539644993	0.477448564652232	134
-0.0720448316892299	0.478570790474717	134
0.10807527993723	1.12099626580657	588
-0.0745449370748299	1.59523432760348	588
-0.0938346033894899	1.74205894909702	588
-0.0132063262500099	1.95643310035485	588
-0.0966759766634599	1.75560536863713	430
0.0274623631136499	1.26762908572547	430
0.0541478364472301	0.79255832938947	51
0.10917596688031	1.13177488413413	432
-0.11249646043977	1.06614653833565	432
0.10392146568314	1.10711445174254	21
-0.06891673227405	0.478167346987275	21
0.12036303004319	1.10699201169317	37
0.0811606489287899	1.69245857593454	326
0.11436148270456	1.11651695724915	37
0.04511289303059	0.770721136679104	37
-0.0681537716474701	0.479292741706694	103
-0.0710166103938501	0.478193832396807	103
-0.07317688836652	0.473648243082631	235
0.11008129993293	1.11287037302031	235
0.0538925777473001	0.779864833648603	235
0.10465353541534	1.1102799283727	430
0.0522428953690199	0.767041412343095	430
0.11459366068847	1.11532877460534	430
-0.06891673227405	0.478167346987275	812
-0.0678855588124401	0.474033268230349	571
-0.0710166103938501	0.478193832396807	432
-0.0738325704557401	0.471762089576048	21
0.10624678023403	2.06656281358525	37
-0.06500562329447	0.469713899049653	37
-0.0730725863230399	0.472854481440801	37
-0.07280539644993	0.477448564652232	37
-0.0469992100836101	0.896324802968931	37
0.11421406089321	1.13145762266747	137
-0.06424025149337	0.470793566917827	134
-0.0681537716474701	0.479292741706694	134
-0.0888967916013901	1.7452023940408	588
-0.0560527018019099	0.899076046888398	430
0.10777316581889	1.10898851418797	455
0.11057813060786	1.13473085301283	430
0.0260959133010099	1.29311392327925	430
-0.0587054676384899	0.895608179697363	51
-0.07280539644993	0.477448564652232	571
0.0478883727047801	0.766951201950055	37
-0.05450583170553	0.909610308903803	37
-0.0710166103938501	0.478193832396807	37
-0.07280539644993	0.477448564652232	103
-0.0720448316892299	0.478570790474717	134
0.06032142178957	0.776009176330242	235
0.0259453283891999	1.26700385484432	588
-0.07599047181553	1.57900979736379	588
-0.0720448316892299	0.478570790474717	430
-0.06990307871484	1.59587363819027	51
0.0242598132777001	1.29295172940928	571
0.11045172247443	1.1246950593717	21
0.0550531257249101	0.792542427995745	21
-0.0699879229667999	0.472328161227103	103
-0.0770658266540301	0.472946291653134	137
-0.0681537716474701	0.479292741706694	134
-0.07280539644993	0.477448564652232	235
-0.0555908704077901	0.894166867027739	588
-0.0371809259607301	1.41698042385052	430
0.0501804258727001	0.774176324231999	675
0.0557024721889701	0.782855365464993	571
-0.07280539644993	0.477448564652232	571
0.05658181837253	0.775242663331729	37
-0.0730725863230399	0.472854481440801	37
-0.05505837898128	0.88769271826751	37
-0.0738325704557401	0.471762089576048	137
0.05479791616394	0.782861546376213	137
-0.0730725863230399	0.472854481440801	134
-0.0710166103938501	0.478193832396807	134
-0.0699474380288001	0.473890200865325	235
-0.06242525676458	0.879252501535924	235
-0.05308013978115	0.899784327074712	588
-0.0720448316892299	0.478570790474717	430
0.02336297448206	1.29289369460251	430
-0.06712201309321	0.475136223572177	51
-0.0652751037252599	0.470301214618162	37
-0.0720448316892299	0.478570790474717	37
0.0466699065774101	0.772502733813019	37
-0.0710166103938501	0.478193832396807	103
-0.0452335922615199	0.900174346618307	137
0.05816203902384	0.773856683030631	588
-0.06603988765179	0.469223739016395	675
-0.07317688836652	0.473648243082631	51
-0.0707496515431201	0.471239687923602	571
0.0224324461683301	1.26930808238875	571
0.0688346400844799	1.68169474231579	152
-0.0787410710101799	1.56476712026777	1628
-0.0520517443016499	0.889724136235029	21
0.05324176552158	0.789473162707191	37
-0.0574831122624	0.89614252874237	37
-0.11561215826373	1.04118329309261	37
0.02605538561952	1.28393564355737	37
-0.0496211358844501	0.892997324990223	1098
-0.0681537716474701	0.479292741706694	1098
-0.0730725863230399	0.472854481440801	5
-0.0720448316892299	0.478570790474717	103
0.0476024765398	0.771332727138389	103
0.10465353541534	1.1102799283727	137
-0.0730725863230399	0.472854481440801	137
0.0541478364472301	0.79255832938947	137
-0.0720448316892299	0.478570790474717	5
-0.0678855588124401	0.474033268230349	1914
0.0163563539993901	1.26205613425016	235
-0.0730725863230399	0.472854481440801	235
-0.11657409071539	1.05268316169167	588
-0.0726644767884299	1.60305772308032	588
-0.0560527018019099	0.899076046888398	430
-0.0742052468557199	0.469453428525921	571
-0.0699879229667999	0.472328161227103	51
-0.07280539644993	0.477448564652232	80
-0.11872628333777	1.04968061366915	80
-0.0613348698126699	0.892858676693574	326
-0.05261742091206	0.891071762211587	326
-0.0730725863230399	0.472854481440801	37
0.0499272437457801	0.785062078842457	1098
-0.0717777566350599	0.477074019570971	5
-0.06891673227405	0.478167346987275	137
-0.1129542467912	1.0709808681734	137
-0.1183344883539	1.04086633327231	137
-0.0738325704557401	0.471762089576048	137
-0.0730725863230399	0.472854481440801	137
-0.06891673227405	0.478167346987275	5
0.0496746038970799	0.771811008207858	5
0.07686447864095	1.69879834804718	588
-0.0205596363718701	1.94170927584772	588
-0.07280539644993	0.477448564652232	430
0.11762175103479	1.10703103971578	430
-0.0652751037252599	0.470301214618162	51
-0.0681537716474701	0.479292741706694	51
-0.10941456329036	1.06681983882856	326
0.05324176552158	0.789473162707191	37
-0.11384028441925	1.07084756345947	37
-0.11113638655076	1.06478553781221	1098
-0.0760405310832699	0.472583961120929	1098
-0.0720448316892299	0.478570790474717	137
-0.0681537716474701	0.479292741706694	137
-0.0720448316892299	0.478570790474717	34
-0.0699474380288001	0.473890200865325	235
0.0175553069464001	1.77058824008229	588
0.0185988794869001	1.28313814898033	588
-0.0740624949245099	1.57947429842491	430
0.06040143627335	1.58355924050758	1628
-0.0371415650806	1.45328638245674	1628
0.10749433970273	2.07036476876111	37
-0.11374374814289	1.85690496797946	326
-0.1146997991692	1.04784642562442	326
0.0211996907546801	1.2881642586449	37
0.0541478364472301	0.79255832938947	103
0.10942868007674	1.08441587144991	103
0.11710714589313	1.12300874426816	137
-0.07280539644993	0.477448564652232	137
-0.0710166103938501	0.478193832396807	137
-0.1160696397198	1.05320442843489	733
-0.1115855257666	1.06622893708916	571
0.0505808284801501	0.77555938050866	51
0.05440363611776	0.780361677510396	80
0.11519297623579	1.09769822061647	588
-0.10983232271809	1.07306394539463	588
0.1118514342688	1.11015008885053	588
-0.04488770072494	0.895839552613018	51
0.05173884031121	0.784928292248589	571
-0.0509708165412299	0.904902348989841	848
-0.07317688836652	0.473648243082631	432
0.0499272437457801	0.785062078842457	1628
-0.0717777566350599	0.477074019570971	137
-0.0730725863230399	0.472854481440801	137
0.0175809574803001	1.77843856740483	588
-0.0720448316892299	0.478570790474717	704
-0.06891673227405	0.478167346987275	51
-0.0710166103938501	0.478193832396807	51
-0.0707496515431201	0.471239687923602	51
-0.07317688836652	0.473648243082631	1865
-0.11206763144393	1.06877890620314	1865
-0.0699474380288001	0.473890200865325	310
-0.063840481837	1.59910269842425	37
0.0490202905863799	0.781201794884634	1098
0.0816601402099699	1.67642240127992	103
-0.0599094256522501	0.88349706497963	588
0.10786783100261	2.02802936439968	51
-0.0777389198977601	2.15212865283881	51
0.10303576006358	1.109302876637	152
-0.11424263104536	1.06581524493349	310
-0.05559741411602	0.896257170029596	1098
0.05298646108828	0.771155088677583	1228
0.0159146433267801	1.27203595667889	137
0.0496746038970799	0.771811008207858	481
0.1109454935159	1.13190593364086	430
0.0514862837782999	0.776653741316405	430
0.06950095298654	1.70074802426503	1865
-0.0574831122624	0.89614252874237	848
0.10303576006358	1.109302876637	1628
-0.05348628724127	0.891041569834478	310
0.04511289303059	0.770721136679104	310
-0.0720448316892299	0.478570790474717	37
-0.06891673227405	0.478167346987275	37
0.0496746038970799	0.771811008207858	137
-0.0691850616331	0.474993175817053	34
0.0496746038970799	0.771811008207858	5
0.12364914426157	2.28163693921695	588
-0.0707496515431201	0.471239687923602	51
0.0550531257249101	0.792542427995745	51
0.05479791616394	0.782861546376213	326
-0.037993476429	1.460201860274	326
0.0735614633897399	1.69473693784662	326
-0.0730725863230399	0.472854481440801	5
-0.06712201309321	0.475136223572177	137
-0.0720448316892299	0.478570790474717	34
-0.0710166103938501	0.478193832396807	481
-0.0681537716474701	0.479292741706694	430
-0.03332921500131	1.42897873503791	1865
0.11109559482626	1.11822253915267	432
-0.0742052468557199	0.469453428525921	149
0.0593870206300999	0.78344810605566	37
-0.0720448316892299	0.478570790474717	37
-0.0710166103938501	0.478193832396807	137
-0.0730725863230399	0.472854481440801	5
-0.06500562329447	0.469713899049653	5
-0.06664849805274	1.61399283647559	588
-0.0389853873425401	2.07561911496487	588
-0.0720448316892299	0.478570790474717	430
0.0514862837782999	0.776653741316405	51
0.0510865687348601	0.772983662632903	432
-0.0562736861636599	0.892506383944371	310
0.10364925277358	1.1129413288089	326
0.02204163630034	1.28998086567703	326
0.0198775845080801	1.29452339506382	37
-0.0710166103938501	0.478193832396807	37
-0.0717777566350599	0.477074019570971	37
-0.0699879229667999	0.472328161227103	5
-0.07280539644993	0.477448564652232	5
-0.0738325704557401	0.471762089576048	137
0.05324176552158	0.789473162707191	588
0.0196563801276399	1.79915697416526	588
-0.0681537716474701	0.479292741706694	132
-0.11335750649353	1.06827876202682	430
-0.11221009050537	1.87150957098938	733
-0.06891673227405	0.478167346987275	986
0.05037749003109	0.778108225282062	432
0.0133101713048001	1.26825991468606	37
0.0229012072125301	1.28784655320414	37
-0.0691850616331	0.474993175817053	5
-0.0699879229667999	0.472328161227103	1638
0.0490202905863799	0.781201794884634	137
-0.06712201309321	0.475136223572177	137
-0.07317688836652	0.473648243082631	137
-0.0720448316892299	0.478570790474717	5
0.0550531257249101	0.792542427995745	481
0.05596010072993	0.789495909237653	900
-0.0317242786682299	1.45058691586795	51
-0.05416394288337	0.910864209091877	310
0.04201558146065	0.753769429709984	310
-0.0499656868804901	0.908177971331969	37
-0.07501477661502	0.466870648976945	37
-0.0730725863230399	0.472854481440801	1098
0.0490202905863799	0.781201794884634	1098
-0.0678855588124401	0.474033268230349	1638
-0.0720448316892299	0.478570790474717	137
-0.0699474380288001	0.473890200865325	481
-0.05119277284716	0.903239516351666	481
0.10541865256496	1.12484980229209	588
0.0349507750042899	2.27063669419266	132
0.02395672634174	1.81352163213833	430
-0.0707496515431201	0.471239687923602	51
-0.04331209168615	2.03550485988957	51
-0.10403805492721	1.05405919807108	900
-0.06500562329447	0.469713899049653	849
-0.0587054676384899	0.895608179697363	51
-0.05362198903316	0.912150936562615	310
-0.0681537716474701	0.479292741706694	21
0.0491566799541401	0.775770930689392	326
-0.0717777566350599	0.477074019570971	5
-0.0663668492526599	0.455262516125263	137
-0.0681537716474701	0.479292741706694	34
-0.0681537716474701	0.479292741706694	5
-0.0738325704557401	0.471762089576048	481
0.11244488258851	1.12815236230667	900
-0.0720448316892299	0.478570790474717	900
-0.0681537716474701	0.479292741706694	900
-0.11247180483895	1.06841376788285	51
0.0510220935161501	0.778798937917858	51
0.0501804258727001	0.774176324231999	310
-0.0678855588124401	0.474033268230349	37
-0.0717777566350599	0.477074019570971	1098
-0.0720448316892299	0.478570790474717	1098
-0.06712201309321	0.475136223572177	5
-0.0730725863230399	0.472854481440801	5
-0.0770658266540301	0.472946291653134	1638
0.05479791616394	0.782861546376213	2282
0.0510220935161501	0.778798937917858	326
-0.06712201309321	0.475136223572177	326
-0.11031956208417	1.04751954799913	326
-0.0691850616331	0.474993175817053	1098
-0.0707496515431201	0.471239687923602	1638
-0.0730725863230399	0.472854481440801	1638
0.05479791616394	0.782861546376213	5
-0.07029737548226	0.46489469838612	5
0.0584522846205799	0.785152960886062	481
-0.0717777566350599	0.477074019570971	132
0.11231965359819	2.02591601224995	733
-0.0720448316892299	0.478570790474717	900
0.05329487006336	0.771689317259111	986
0.0207540543716001	1.29202100680109	432
-0.06712201309321	0.475136223572177	326
0.11045172247443	1.1246950593717	326
-0.0699474380288001	0.473890200865325	37
-0.0585829186278399	0.875915465670488	1098
-0.06424025149337	0.470793566917827	34
-0.06712201309321	0.475136223572177	481
-0.0639866678271299	0.882706489020534	481
-0.10758919999412	1.06523458978944	588
0.0264466795001901	2.27840294381482	132
-0.0717777566350599	0.477074019570971	848
-0.1093518309419	1.07048994939256	326
-0.11881934902928	1.06122876726811	326
-0.05030937563599	0.907900097651934	326
0.11244488258851	1.12815236230667	37
0.05173884031121	0.784928292248589	5
-0.06424025149337	0.470793566917827	481
-0.0707109636788501	1.59287203605563	51
-0.07029737548226	0.46489469838612	986
-0.0581608093624899	0.883734076078182	432
-0.0508495337336901	0.906635016822695	432
0.0736671370300599	1.68205777936625	326
0.07593476820894	1.69545743092898	37
0.0229369440156999	1.29632591348339	1098
-0.0720448316892299	0.478570790474717	197
-0.0738325704557401	0.471762089576048	137
-0.0742052468557199	0.469453428525921	197
-0.0707496515431201	0.471239687923602	197
-0.05925023321634	0.89435459715547	588
0.10678640239191	1.11610590333976	132
-0.0681537716474701	0.479292741706694	132
0.0557024721889701	0.782855365464993	733
-0.0523954066007699	0.90874542512987	900
-0.0681537716474701	0.479292741706694	900
-0.0717777566350599	0.477074019570971	51
-0.0717777566350599	0.477074019570971	733
0.0499272437457801	0.785062078842457	326
-0.0720448316892299	0.478570790474717	1098
-0.06424025149337	0.470793566917827	1098
-0.06891673227405	0.478167346987275	197
0.10917596688031	1.13177488413413	197
-0.0720448316892299	0.478570790474717	989
0.0510220935161501	0.778798937917858	197
-0.0717777566350599	0.477074019570971	481
0.0544455386771401	0.771794175900807	5
-0.11287482858105	1.05296061531186	588
-0.07259073255802	2.07541938445579	704
-0.0717777566350599	0.477074019570971	132
0.10807527993723	1.12099626580657	430
-0.04125945106548	1.44547562789378	733
-0.0136927483845799	1.9519649326297	1865
-0.0720448316892299	0.478570790474717	1187
0.0167885521250499	1.24907129838125	51
0.04108455227754	0.752700360309456	21
0.0499272437457801	0.785062078842457	310
-0.11879065867182	1.04441743119155	21
0.05173884031121	0.784928292248589	326
0.05816203902384	0.773856683030631	149
-0.0720448316892299	0.478570790474717	1851
-0.0730725863230399	0.472854481440801	1851
-0.0710166103938501	0.478193832396807	1851
-0.0710166103938501	0.478193832396807	197
0.0550531257249101	0.792542427995745	197
0.06608509220887	2.15019756733434	132
-0.11733545229347	1.87765717883667	704
0.105173721589	1.09454505649776	132
-0.0587054676384899	0.895608179697363	430
-0.0691850616331	0.474993175817053	986
0.0514862837782999	0.776653741316405	51
-0.10998124243791	1.67766824457413	149
-0.0566002516689801	0.896287715675035	1098
-0.0699474380288001	0.473890200865325	1851
0.0510220935161501	0.778798937917858	197
-0.05782116202135	0.89884378472194	197
-0.0681537716474701	0.479292741706694	51
0.05173884031121	0.784928292248589	51
0.10718940088474	1.12500364394142	432
0.10682022262712	1.11444507093232	21
0.0523349170960601	0.780491055902145	310
0.05173884031121	0.784928292248589	37
-0.07280539644993	0.477448564652232	149
-0.0763704696417999	1.59198073677932	1098
-0.0720448316892299	0.478570790474717	1098
0.0491566799541401	0.775770930689392	1098
-0.06603988765179	0.469223739016395	197
0.0492735110912199	0.773083861620571	197
0.10718940088474	1.12500364394142	132
-0.0580244995814201	0.884851105562845	430
0.0541478364472301	0.79255832938947	51
-0.0547060013588201	0.89662201260864	733
-0.10621197667352	1.06593508330171	149
-0.07280539644993	0.477448564652232	37
0.0499272437457801	0.785062078842457	5
-0.0710166103938501	0.478193832396807	197
-0.06891673227405	0.478167346987275	5
-0.0681537716474701	0.479292741706694	5
0.01485283552023	1.7786335305927	132
-0.05119277284716	0.903239516351666	733
-0.03264847789531	1.43693480293954	733
-0.0720448316892299	0.478570790474717	1187
-0.10669167750015	1.06847070489838	21
0.0544455386771401	0.771794175900807	149
-0.05416394288337	0.910864209091877	1098
0.0508334283573899	0.786182588324621	1098
-0.0720448316892299	0.478570790474717	1098
0.06281777658614	0.77155062890176	1098
-0.0720448316892299	0.478570790474717	5
-0.0681537716474701	0.479292741706694	5
-0.0541759276551099	0.892195392884521	132
0.11296145903304	1.12969623516501	733
0.10667337310637	1.11141105817294	21
0.05818896964776	2.13499355656999	326
-0.00567094483993991	2.33393580388521	37
0.0557024721889701	0.782855365464993	1851
-0.0720448316892299	0.478570790474717	5
-0.0678855588124401	0.474033268230349	5
-0.0710166103938501	0.478193832396807	5
-0.11579011998171	1.84582476258117	588
0.0335917880772201	1.82401545704668	588
0.11872933676745	1.10006826383222	51
-0.07280539644993	0.477448564652232	1187
0.0496746038970799	0.771811008207858	5
0.05239096568043	0.775447909362186	197
-0.07280539644993	0.477448564652232	197
-0.0730725863230399	0.472854481440801	197
-0.0720448316892299	0.478570790474717	197
-0.07317688836652	0.473648243082631	137
-0.0652751037252599	0.470301214618162	1864
0.0732470233374201	2.09923197396236	132
-0.0225230184493099	1.42176687151643	132
-0.0738325704557401	0.471762089576048	132
0.0756043324139499	1.69592175101984	51
0.0457640659241601	0.771410399129658	51
-0.07280539644993	0.477448564652232	986
-0.0760405310832699	0.472583961120929	1187
-0.05836541677124	0.897583415485501	2301
-0.06424025149337	0.470793566917827	1098
0.06223574425458	0.74346612996361	1098
-0.0553897312274201	0.904143268243517	197
-0.06712201309321	0.475136223572177	197
-0.0717777566350599	0.477074019570971	197
-0.0699879229667999	0.472328161227103	137
-0.05065220346456	0.891212773637663	137
0.05324176552158	0.789473162707191	132
0.0448614621208501	0.767687898006736	51
-0.0973482246916	1.7338439347702	733
0.11561441444196	1.13002115894449	310
0.0251572834969001	1.29006373217634	21
-0.05782116202135	0.89884378472194	21
0.04851075015852	0.775082213195586	149
0.0490202905863799	0.781201794884634	37
-0.06891673227405	0.478167346987275	149
-0.0710166103938501	0.478193832396807	5
-0.0580234417080501	0.904947505639359	197
-0.06891673227405	0.478167346987275	197
-0.06891673227405	0.478167346987275	5
0.01985515554608	1.29194217509662	1245
0.05392379145798	2.14179291045766	132
0.05259080843722	0.777380091161839	310
-0.06891673227405	0.478167346987275	197
0.11887567857437	1.12333018665557	588
-0.05362198903316	0.912150936562615	588
-0.0314343074085399	1.46601869267936	300
0.0242598132777001	1.29295172940928	51
-0.0719733016247599	1.57581968067226	733
-0.0710166103938501	0.478193832396807	733
-0.0717777566350599	0.477074019570971	986
0.10354779904538	2.04964625923187	733
0.11384544599427	1.13290308531944	733
-0.04998945761941	0.88470904153512	326
-0.07280539644993	0.477448564652232	1098
-0.06891673227405	0.478167346987275	1098
-0.0730725863230399	0.472854481440801	197
-0.07280539644993	0.477448564652232	197
-0.05382118969418	0.896765946033174	137
-0.0649561345316001	1.58297130447408	1142
-0.12480589630274	1.8292754104472	733
-0.10579351033087	1.06867532893572	733
0.10730539636011	1.11763338649697	733
0.0692702122451701	1.68358333851238	733
0.10490174526042	1.11123375935806	2301
-0.0529364368585401	0.894616845403179	326
-0.11653970979371	1.0650124064402	37
-0.0631026820943901	0.888554431570822	37
0.0481125729771801	0.771761590408387	1098
-0.0717777566350599	0.477074019570971	1098
-0.0681537716474701	0.479292741706694	197
-0.06891673227405	0.478167346987275	197
-0.0307992442159599	1.45929392928655	588
0.10052086132	1.94221963971906	733
-0.0770658266540301	0.472946291653134	733
0.11146262737409	1.13346570135336	310
-0.04854277898906	0.908259665628721	1098
-0.0720448316892299	0.478570790474717	85
-0.0681537716474701	0.479292741706694	197
0.0492735110912199	0.773083861620571	197
-0.05979038572935	0.897030328965715	197
0.0609642654621501	0.766886646811383	137
0.0753575593176901	1.63963849151698	300
-0.0227602191257199	1.94150988961758	132
-0.09231621273793	1.76212665370234	132
-0.06712201309321	0.475136223572177	1142
-0.116955769361	1.05405703483176	51
-0.0388079202916101	1.40379334079642	51
-0.0691850616331	0.474993175817053	733
-0.04121718536314	1.44949561660053	432
-0.03480954953341	1.45556168245779	2301
0.0688346400844799	1.68169474231579	326
-0.06424025149337	0.470793566917827	37
0.0584522846205799	0.785152960886062	810
-0.0730725863230399	0.472854481440801	1098
-0.0691850616331	0.474993175817053	371
-0.06712201309321	0.475136223572177	85
0.05173884031121	0.784928292248589	85
-0.0681537716474701	0.479292741706694	85
0.02077353158938	1.29587945269586	1864
-0.0625595131035199	0.88010420661249	810
-0.0717777566350599	0.477074019570971	1098
-0.0691850616331	0.474993175817053	197
-0.0281138507538501	1.41000500234434	588
-0.10247427454974	1.73538499150023	132
-0.10944690300222	1.03682149290354	51
-0.0652751037252599	0.470301214618162	733
-0.0678855588124401	0.474033268230349	733
-0.11249646043977	1.06614653833565	733
0.11612957836653	1.11376953298516	21
-0.0699474380288001	0.473890200865325	85
0.0481125729771801	0.771761590408387	85
-0.0717777566350599	0.477074019570971	1588
0.05596010072993	0.789495909237653	197
0.06159048598252	0.755959172030932	137
0.05173884031121	0.784928292248589	137
0.10718940088474	1.12500364394142	5
0.0584522846205799	0.785152960886062	588
-0.0533120483629399	2.05175601681715	132
0.10694042083548	1.10160831055761	51
-0.06919273281408	1.62531715258254	733
-0.0717777566350599	0.477074019570971	733
-0.0720448316892299	0.478570790474717	733
-0.0770658266540301	0.472946291653134	733
-0.0738325704557401	0.471762089576048	733
0.0523349170960601	0.780491055902145	432
-0.11335750649353	1.06827876202682	37
-0.0691850616331	0.474993175817053	149
-0.05782116202135	0.89884378472194	810
-0.0710166103938501	0.478193832396807	1098
0.0541478364472301	0.79255832938947	85
-0.06712201309321	0.475136223572177	197
0.10642109993948	1.11757205951485	197
-0.0652751037252599	0.470301214618162	197
-0.0720448316892299	0.478570790474717	137
0.0205131750383301	1.84329415624104	588
-0.11198946263362	1.05310819485188	132
-0.0565959335432	0.897819638951261	51
-0.0730725863230399	0.472854481440801	149
-0.0720448316892299	0.478570790474717	85
-0.0691850616331	0.474993175817053	85
-0.0720448316892299	0.478570790474717	197
-0.03006733606771	1.45608660343258	2074
0.023407016897	1.29294249085456	588
0.0189298515523699	1.81374321382157	300
-0.00830631781262992	1.96694092839572	132
-0.10835033714637	1.71146124100041	51
-0.0292676217183001	1.4388044057769	733
-0.0717777566350599	0.477074019570971	733
-0.07280539644993	0.477448564652232	733
-0.0720448316892299	0.478570790474717	733
0.0500895525974501	0.778774959831316	310
-0.10997865101302	1.65846984792744	21
0.00102931729331002	2.37925868130617	326
-0.06891673227405	0.478167346987275	85
-0.07280539644993	0.477448564652232	1098
-0.0681537716474701	0.479292741706694	85
0.05195430013803	0.775907452258494	197
-0.0710166103938501	0.478193832396807	5
-0.07280539644993	0.477448564652232	892
-0.0720448316892299	0.478570790474717	892
-0.0717777566350599	0.477074019570971	892
-0.02404216345904	1.93271467265915	588
-0.0720448316892299	0.478570790474717	588
-0.0453266404728201	1.41333472809111	430
0.0238384207142499	1.27262447739775	733
-0.07280539644993	0.477448564652232	733
-0.07501477661502	0.466870648976945	464
0.10453378394352	1.12065890271037	21
-0.0760405310832699	0.472583961120929	310
0.0181311976935301	1.26603315849014	21
-0.0738325704557401	0.471762089576048	197
0.0492735110912199	0.773083861620571	137
-0.0720448316892299	0.478570790474717	137
-0.07280539644993	0.477448564652232	892
0.0508334283573899	0.786182588324621	430
0.0179283446918601	1.80668220893577	733
-0.0710166103938501	0.478193832396807	733
-0.0652751037252599	0.470301214618162	733
0.1041332418053	1.10876546649546	310
0.01383380695322	1.80324295957222	326
-0.0720448316892299	0.478570790474717	2066
-0.0720448316892299	0.478570790474717	149
-0.0730725863230399	0.472854481440801	149
-0.0730725863230399	0.472854481440801	5
-0.0720448316892299	0.478570790474717	85
-0.0681537716474701	0.479292741706694	197
-0.07280539644993	0.477448564652232	892
-0.02889913595958	1.4287875551106	588
-0.07214806860361	0.469601658503721	588
0.10415740865425	2.03207460413495	475
0.0198775845080801	1.29452339506382	51
-0.0850792728893699	2.28417246036901	733
-0.0490819064799399	0.906998237084462	326
0.0466699065774101	0.772502733813019	2066
0.10329312086776	1.96880097192091	149
-0.0681537716474701	0.479292741706694	85
-0.0730725863230399	0.472854481440801	85
-0.07280539644993	0.477448564652232	197
-0.07280539644993	0.477448564652232	137
-0.0710166103938501	0.478193832396807	197
-0.03509174979592	1.44545487456745	588
0.0600305246322299	0.7740873125592	51
-0.07317688836652	0.473648243082631	733
0.11332930573327	1.13135282105774	432
-0.0691850616331	0.474993175817053	37
-0.0770658266540301	0.472946291653134	1098
0.02688367499818	1.29503304240232	197
0.0534976127295399	0.780362467629578	137
-0.06891673227405	0.478167346987275	137
0.0457640659241601	0.771410399129658	137
-0.0710166103938501	0.478193832396807	733
-0.11424263104536	1.06581524493349	37
0.0584522846205799	0.785152960886062	85
-0.06500562329447	0.469713899049653	85
-0.0760405310832699	0.472583961120929	197
-0.0681537716474701	0.479292741706694	137
-0.0681537716474701	0.479292741706694	5
-0.03750532873609	1.4494563674395	132
-0.07280539644993	0.477448564652232	51
-0.05119277284716	0.903239516351666	180
-0.04753756627127	0.895101448623185	180
0.06375212291528	0.765588533867306	432
-0.1169457899813	1.86634155965587	149
-0.0312397721833699	1.4492638468967	37
-0.1147257446432	1.06837021970321	85
-0.0691850616331	0.474993175817053	197
-0.0720448316892299	0.478570790474717	137
0.05239096568043	0.775447909362186	197
-0.10527860465688	1.7391751942604	137
-0.0678855588124401	0.474033268230349	5
0.02124411853535	1.29249248124647	464
0.07593476820894	1.69545743092898	432
0.0235294308668901	1.8249764862314	310
-0.11339658930045	1.06725303422696	197
0.11612957836653	1.11376953298516	300
-0.04822596088055	0.881970911117199	132
-0.0553897312274201	0.904143268243517	475
-0.11249646043977	1.06614653833565	254
-0.1071092260774	1.06271741759088	51
-0.0574806497426299	0.898690992261966	643
-0.10485079964791	1.70540132942903	733
-0.0717777566350599	0.477074019570971	180
-0.06603988765179	0.469223739016395	432
-0.0720448316892299	0.478570790474717	432
0.0161204023014301	1.74229622940406	326
0.05037749003109	0.778108225282062	149
-0.10976834588546	1.05373219437331	149
0.0575172163434201	0.783229267431462	137
-0.0738325704557401	0.471762089576048	546
-0.0691850616331	0.474993175817053	132
-0.0678855588124401	0.474033268230349	254
-0.0469992100836101	0.896324802968931	643
-0.0710166103938501	0.478193832396807	643
0.0514862837782999	0.776653741316405	432
-0.0691850616331	0.474993175817053	611
-0.0760405310832699	0.472583961120929	611
0.05816203902384	0.773856683030631	2090
-0.0552588433477701	0.865527233986691	546
-0.0691850616331	0.474993175817053	300
-0.0691850616331	0.474993175817053	132
-0.0710166103938501	0.478193832396807	643
-0.0717777566350599	0.477074019570971	733
-0.0691850616331	0.474993175817053	733
-0.0720448316892299	0.478570790474717	432
-0.0720448316892299	0.478570790474717	21
-0.0738325704557401	0.471762089576048	5
0.02824894086418	1.29339671191169	2074
0.0194066232525301	1.28807341642305	2090
0.0659457884152901	1.65848617633989	85
-0.05273820465056	0.912281557043227	546
0.05173884031121	0.784928292248589	546
-0.12097913737723	1.03446690705352	51
0.05259080843722	0.777380091161839	51
0.0584522846205799	0.785152960886062	51
-0.0720448316892299	0.478570790474717	733
-0.0717777566350599	0.477074019570971	1210
0.10630385831916	1.12623748630873	149
-0.0574806497426299	0.898690992261966	137
-0.0691850616331	0.474993175817053	2074
-0.0720448316892299	0.478570790474717	546
-0.07317688836652	0.473648243082631	132
-0.07280539644993	0.477448564652232	132
-0.07809066276743	0.467369829987504	132
-0.0770658266540301	0.472946291653134	132
-0.0720448316892299	0.478570790474717	733
-0.07317688836652	0.473648243082631	432
-0.06891673227405	0.478167346987275	21
0.0244695877615699	1.82808419066088	611
-0.0681537716474701	0.479292741706694	5
-0.07214806860361	0.469601658503721	2090
-0.0678855588124401	0.474033268230349	85
0.10954288735947	1.11441660122293	85
-0.0730725863230399	0.472854481440801	132
-0.04888650320908	0.897232126223851	132
-0.0681537716474701	0.479292741706694	430
-0.0738325704557401	0.471762089576048	254
-0.0730725863230399	0.472854481440801	51
-0.0710166103938501	0.478193832396807	51
-0.0707496515431201	0.471239687923602	180
-0.06712201309321	0.475136223572177	21
0.10553714619583	1.11520532991291	21
-0.0260251192593499	1.461795708985	611
-0.05327964510102	0.91099682350394	5
-0.0770658266540301	0.472946291653134	2090
-0.07029737548226	0.46489469838612	85
-0.11072976331823	1.07158556716084	546
-0.0720448316892299	0.478570790474717	546
-0.0720448316892299	0.478570790474717	132
-0.0678855588124401	0.474033268230349	132
-0.06891673227405	0.478167346987275	430
-0.07214806860361	0.469601658503721	254
0.0578079631572099	0.773305480893515	611
-0.0738325704557401	0.471762089576048	611
-0.10877546551312	1.70608671192759	483
0.05037749003109	0.778108225282062	5
0.0510220935161501	0.778798937917858	85
-0.0337683824822099	1.45022280261354	300
0.0490202905863799	0.781201794884634	132
-0.06712201309321	0.475136223572177	132
-0.0720448316892299	0.478570790474717	430
-0.0681537716474701	0.479292741706694	254
-0.06603988765179	0.469223739016395	51
-0.0738325704557401	0.471762089576048	432
0.0159021008133999	1.2869448846735	137
-0.0720448316892299	0.478570790474717	85
-0.06712201309321	0.475136223572177	475
-0.0760405310832699	0.472583961120929	475
-0.07280539644993	0.477448564652232	132
-0.0699879229667999	0.472328161227103	254
-0.0717777566350599	0.477074019570971	254
-0.0717777566350599	0.477074019570971	643
0.0110782121148101	1.23518026269385	733
-0.0760405310832699	0.472583961120929	51
-0.0770658266540301	0.472946291653134	51
-0.07317688836652	0.473648243082631	180
-0.0738325704557401	0.471762089576048	21
-0.06500562329447	0.469713899049653	21
-0.0681537716474701	0.479292741706694	21
0.023407016897	1.29294249085456	546
-0.0717777566350599	0.477074019570971	132
0.0704325165691799	1.70218643088501	254
0.05479791616394	0.782861546376213	254
-0.0730725863230399	0.472854481440801	254
-0.0738325704557401	0.471762089576048	643
0.0578727739960401	0.758584490395639	180
0.0508334283573899	0.786182588324621	180
-0.0717777566350599	0.477074019570971	432
-0.0679441318723699	2.16619880946266	5
-0.11429606667845	1.06576613605417	546
0.0491566799541401	0.775770930689392	643
-0.0720448316892299	0.478570790474717	733
-0.0707496515431201	0.471239687923602	733
-0.0720448316892299	0.478570790474717	180
0.0541478364472301	0.79255832938947	21
-0.04822596088055	0.881970911117199	137
-0.11335750649353	1.06827876202682	85
-0.0599094256522501	0.88349706497963	300
-0.06424025149337	0.470793566917827	300
0.02778019353828	1.29676719100538	132
0.0514862837782999	0.776653741316405	132
-0.0720448316892299	0.478570790474717	21
-0.04819819401086	0.902763125963225	85
0.04851075015852	0.775082213195586	483
-0.06693891078952	1.61866196205018	546
-0.11968750305077	1.04728163096161	132
0.0508334283573899	0.786182588324621	51
-0.1093518309419	1.07048994939256	733
0.0553140457202801	0.777447335571876	180
-0.11169162451635	1.04935153726894	21
-0.05327964510102	0.91099682350394	85
-0.05327964510102	0.91099682350394	300
0.10829171007831	1.12755164681823	300
0.0513103608057199	0.775222255169698	132
0.05479791616394	0.782861546376213	132
0.11183076272112	1.12784404487393	254
0.0550531257249101	0.792542427995745	733
-0.0652751037252599	0.470301214618162	483
-0.07280539644993	0.477448564652232	137
0.0243026850988901	1.29596493734429	2090
0.1148243354254	1.10182395528515	132
0.0211845766321801	1.27053396286978	132
-0.0906969527449799	1.72964318794972	132
0.01817721492936	1.27123680663723	21
-0.0391171227281	1.42240464041582	184
-0.11649493414832	1.05488385385304	137
-0.0555095759180699	0.887122302549502	137
0.05351304541734	0.769930773141108	137
0.0203028395901601	1.28942113768371	546
0.10969397091784	1.13333925128269	51
0.01633818185298	1.2681776619165	733
-0.04211498705331	0.871929684722229	184
-0.11775744779411	1.03257341030729	137
-0.0691850616331	0.474993175817053	972
-0.11653970979371	1.0650124064402	546
0.056606241661	0.779912172364091	132
0.0526434754852001	0.781039269293486	132
-0.05450583170553	0.909610308903803	132
0.10786783100261	2.02802936439968	132
0.0541478364472301	0.79255832938947	254
-0.11031292522081	1.06793803826448	733
-0.05173344556674	0.901985120064495	51
0.05193669328813	0.761569939932091	546
0.0500895525974501	0.778774959831316	300
0.0557024721889701	0.782855365464993	132
0.05537769026615	0.7701673605307	300
-0.0691850616331	0.474993175817053	132
-0.06891673227405	0.478167346987275	132
-0.0717777566350599	0.477074019570971	733
-0.0710166103938501	0.478193832396807	733
-0.0720448316892299	0.478570790474717	21
0.07593476820894	1.69545743092898	184
-0.11881934902928	1.06122876726811	137
0.0466699065774101	0.772502733813019	137
0.0500895525974501	0.778774959831316	546
-0.0717777566350599	0.477074019570971	132
0.09986147502252	1.08896816455961	733
-0.0699879229667999	0.472328161227103	180
-0.0730725863230399	0.472854481440801	180
-0.0710166103938501	0.478193832396807	21
-0.0691850616331	0.474993175817053	184
0.10917596688031	1.13177488413413	137
0.10917596688031	1.13177488413413	132
0.11021186964957	1.11686569270552	132
0.0163726221920999	1.28829306210437	132
0.05239096568043	0.775447909362186	254
-0.0681537716474701	0.479292741706694	733
-0.07280539644993	0.477448564652232	733
-0.06712201309321	0.475136223572177	180
-0.0681537716474701	0.479292741706694	184
-0.0738325704557401	0.471762089576048	184
-0.0691850616331	0.474993175817053	184
-0.0717777566350599	0.477074019570971	184
-0.10349660483265	2.34409217043362	85
-0.0787515420419001	1.57995157112857	483
-0.0292166360058099	1.46692508714791	483
-0.0681537716474701	0.479292741706694	972
0.0258554441148999	2.27730250033246	5
0.02167011324598	1.29460049790981	546
0.0457640659241601	0.771410399129658	132
-0.11785636914939	1.04945413681696	132
0.0172706381638601	1.28966551684397	733
0.0979423520048399	2.01313483760147	180
-0.07280539644993	0.477448564652232	21
-0.120170313937	1.04618047589492	184
0.11421406089321	1.13145762266747	85
-0.07317688836652	0.473648243082631	483
0.02516761573973	1.28939321384012	132
0.10377026788074	1.10204913907589	132
-0.0539634699884799	0.897318330466655	733
0.0550531257249101	0.792542427995745	733
-0.0490819064799399	0.906998237084462	733
-0.05382118969418	0.896765946033174	184
0.0534976127295399	0.780362467629578	1757
-0.06013206625303	0.877191651089684	483
0.07161627119568	1.68113094213945	300
0.11234746090059	1.12939006017436	132
-0.06848753322546	1.60648948974825	132
0.0194066232525301	1.28807341642305	733
0.05816203902384	0.773856683030631	733
-0.06891673227405	0.478167346987275	180
-0.0717777566350599	0.477074019570971	21
0.12047234575313	2.2897806040785	85
0.0457640659241601	0.771410399129658	483
0.10718940088474	1.12500364394142	546
0.01945339629398	1.28707094849339	132
0.08302561348392	1.67705036507932	132
0.0550531257249101	0.792542427995745	132
-0.0380249256368801	1.44164877999752	132
-0.07280539644993	0.477448564652232	733
-0.0557112695906801	0.89485838223341	180
0.10919672889214	1.10976274349329	180
0.023407016897	1.29294249085456	85
0.05173884031121	0.784928292248589	85
-0.12057530609592	1.04810700263471	1757
-0.11833780346214	1.06235584180823	85
-0.11743908395017	1.06484566219605	132
-0.11391865645716	1.02351972240507	733
-0.0681537716474701	0.479292741706694	733
0.0541478364472301	0.79255832938947	733
0.0616854453378299	2.1516778503383	85
-0.0371010271955301	1.44559588934073	132
-0.00935024391928008	2.31981619148192	132
-0.10623418378296	1.05559566032168	733
-0.0717777566350599	0.477074019570971	180
0.02157118923515	1.28360170296546	180
0.11296145903304	1.12969623516501	184
-0.04854277898906	0.908259665628721	184
-0.11384028441925	1.07084756345947	483
-0.0720448316892299	0.478570790474717	85
-0.11695792412355	1.05188273551774	85
-0.0730725863230399	0.472854481440801	132
0.05440363611776	0.780361677510396	132
-0.07280539644993	0.477448564652232	485
-0.0770658266540301	0.472946291653134	51
-0.0720448316892299	0.478570790474717	733
0.0600305246322299	0.7740873125592	180
-0.0710166103938501	0.478193832396807	184
-0.0691850616331	0.474993175817053	21
-0.06891673227405	0.478167346987275	5
-0.12234916112637	1.04373076665933	85
-0.0717777566350599	0.477074019570971	132
0.0510865687348601	0.772983662632903	485
-0.0710166103938501	0.478193832396807	733
-0.06891673227405	0.478167346987275	733
-0.0710166103938501	0.478193832396807	733
-0.0710166103938501	0.478193832396807	733
-0.0720448316892299	0.478570790474717	733
-0.0710166103938501	0.478193832396807	733
-0.04942604385891	0.90944503896517	137
0.09118926304361	2.45367541309514	85
-0.0681537716474701	0.479292741706694	485
-0.0352936849119401	1.45857514251465	51
-0.11435709000424	1.05144916359368	51
-0.0710166103938501	0.478193832396807	733
-0.0770658266540301	0.472946291653134	733
0.0466699065774101	0.772502733813019	180
-0.0720448316892299	0.478570790474717	180
-0.07280539644993	0.477448564652232	180
-0.0720448316892299	0.478570790474717	184
-0.06891673227405	0.478167346987275	184
0.0701839322543501	1.66377572845893	483
-0.0590446535426701	0.878001432073118	1757
-0.11961066835239	1.04408797594743	1757
-0.05327964510102	0.91099682350394	85
0.05479791616394	0.782861546376213	667
0.0600305246322299	0.7740873125592	733
-0.06891673227405	0.478167346987275	733
0.0535473297453799	0.771981238300876	184
0.11384544599427	1.13290308531944	483
0.0466699065774101	0.772502733813019	483
-0.07587693511716	1.59072187729966	300
-0.11927217911618	1.04332456978907	51
-0.06712201309321	0.475136223572177	733
-0.0319195350910899	1.45908508946939	21
-0.05782116202135	0.89884378472194	184
0.01907350468095	1.26900674255443	184
-0.11424263104536	1.06581524493349	85
0.11296145903304	1.12969623516501	132
-0.12283298760592	1.04263152813319	733
-0.0707918072035401	1.61145543576079	21
0.0514862837782999	0.776653741316405	21
-0.0720448316892299	0.478570790474717	483
-0.0627615070583001	0.881694380364185	5
-0.03284437717829	1.45620746984174	85
0.0496746038970799	0.771811008207858	85
0.11286293634357	2.05024999412382	132
-0.04923472231563	0.856624090777388	733
-0.0499656868804901	0.908177971331969	21
-0.0681537716474701	0.479292741706694	21
0.01557748487905	1.25015907321374	21
-0.0154352396584501	2.32599581049474	85
0.0547361689204	0.769495388984206	132
-0.0720448316892299	0.478570790474717	51
0.05689453791152	0.780961513779423	733
-0.04942604385891	0.90944503896517	733
-0.0681537716474701	0.479292741706694	21
-0.06424025149337	0.470793566917827	21
-0.11609417733134	1.05823716062059	184
-0.0278789525890399	1.45065439778136	85
0.0476024765398	0.771332727138389	733
-0.0730725863230399	0.472854481440801	21
-0.06891673227405	0.478167346987275	21
-0.06500562329447	0.469713899049653	184
-0.05185448000311	0.910021425154128	85
0.11006056146374	1.13316508829393	85
0.0499272437457801	0.785062078842457	733
-0.0443508961828301	0.897058141006377	21
0.04420955275129	0.767002796647347	184
-0.11558617561792	1.05074498632805	667
-0.0119098366756401	2.30287945551774	132
-0.0524112372475001	0.892579716591116	1647
-0.0717777566350599	0.477074019570971	21
0.0737367337384001	1.69989656212977	184
-0.0555908704077901	0.894166867027739	184
-0.0292166360058099	1.46692508714791	85
0.0523349170960601	0.780491055902145	85
0.0600305246322299	0.7740873125592	132
-0.0508495337336901	0.906635016822695	132
-0.05890688317319	0.902431779745543	733
-0.0699879229667999	0.472328161227103	5
0.05479791616394	0.782861546376213	132
0.05195430013803	0.775907452258494	733
0.05173884031121	0.784928292248589	184
-0.07868788814906	2.08859609424137	85
-0.06500562329447	0.469713899049653	85
-0.0681537716474701	0.479292741706694	85
0.05816203902384	0.773856683030631	667
-0.06603988765179	0.469223739016395	1121
-0.0681537716474701	0.479292741706694	132
-0.0699879229667999	0.472328161227103	132
-0.0710166103938501	0.478193832396807	51
-0.0717777566350599	0.477074019570971	51
0.11799124940538	1.1249139245095	399
-0.0710166103938501	0.478193832396807	733
-0.0631026820943901	0.888554431570822	184
-0.0707496515431201	0.471239687923602	184
-0.06500562329447	0.469713899049653	184
0.0235294308668901	1.8249764862314	85
-0.0964143945560001	1.68591344739579	85
-0.0283645084339299	1.43958260513265	85
-0.06424025149337	0.470793566917827	85
0.11234746090059	1.12939006017436	85
0.0253245087480101	1.83203920679964	85
-0.0699474380288001	0.473890200865325	1121
-0.0710166103938501	0.478193832396807	1121
-0.07280539644993	0.477448564652232	132
-0.0720448316892299	0.478570790474717	132
-0.07280539644993	0.477448564652232	132
-0.0707496515431201	0.471239687923602	1647
-0.06891673227405	0.478167346987275	51
-0.0770658266540301	0.472946291653134	733
0.05784129103212	1.61229007938674	85
-0.0538315421281801	0.902399080424598	85
-0.05714006279032	0.905086842963566	667
0.10730539636011	1.11763338649697	132
0.0550531257249101	0.792542427995745	132
-0.0760405310832699	0.472583961120929	1647
0.11384544599427	1.13290308531944	733
0.1147297645774	1.13300570987089	733
-0.0678855588124401	0.474033268230349	733
0.0487676141282201	0.762654331068483	733
0.0505808284801501	0.77555938050866	483
0.0541478364472301	0.79255832938947	485
0.0541478364472301	0.79255832938947	132
0.0590964482916701	0.775729844473512	132
0.07628810080177	1.68140004484681	51
-0.07280539644993	0.477448564652232	1647
0.05037749003109	0.778108225282062	733
0.11281306188836	1.11274762483204	733
-0.0580234417080501	0.904947505639359	85
-0.0789105243350301	1.60506606270135	85
-0.0443979408427999	1.42005527838519	85
-0.0386233571985	0.871912365785598	132
0.0855353826985401	2.43072112927102	132
-0.11249646043977	1.06614653833565	733
0.0203028395901601	1.28942113768371	733
0.105173721589	1.09454505649776	733
-0.07280539644993	0.477448564652232	399
-0.08983184961682	1.7437626089071	733
-0.0720448316892299	0.478570790474717	733
-0.05185448000311	0.910021425154128	733
0.11057813060786	1.13473085301283	733
0.1109454935159	1.13190593364086	184
-0.0681537716474701	0.479292741706694	85
-0.06487070472843	0.871093348769041	85
-0.11113638655076	1.06478553781221	300
-0.0604510461165899	0.892005125985514	132
-0.11872628333777	1.04968061366915	51
-0.1160696397198	1.05320442843489	1647
-0.0497693203926901	0.895727207553442	51
-0.11921085341362	1.04474875928814	733
-0.0691850616331	0.474993175817053	733
-0.0710166103938501	0.478193832396807	733
-0.03603651147146	1.44150167848961	85
-0.0391571688902601	1.43368346528591	85
0.01288428866367	1.24983983273346	85
-0.06891673227405	0.478167346987275	483
0.0631115300253	0.754534290433052	85
0.0189568905901201	1.28890096160702	85
-0.03264847789531	1.43693480293954	667
0.10465353541534	1.1102799283727	132
-0.10792532004685	1.70963441685772	51
0.11332930573327	1.13135282105774	184
-0.0497693203926901	0.895727207553442	85
-0.11159567955794	1.0622923206406	132
0.0697610231547501	1.68443895335545	132
0.112452258282	1.09788626000531	733
-0.05471444322611	0.900864796591822	733
0.05537769026615	0.7701673605307	5
0.0541478364472301	0.79255832938947	85
-0.06891673227405	0.478167346987275	132
-0.06891673227405	0.478167346987275	733
-0.06891673227405	0.478167346987275	733
-0.0747653168051099	1.61988847305608	733
0.0491566799541401	0.775770930689392	85
-0.11206763144393	1.06877890620314	483
-0.10489469796581	1.06585897761573	227
0.0634588788235999	0.762587148801285	1647
0.0189991550324999	1.26743851716452	733
-0.0691850616331	0.474993175817053	733
-0.07809066276743	0.467369829987504	733
-0.11068139564223	1.04693409478854	85
-0.0710166103938501	0.478193832396807	85
0.0496746038970799	0.771811008207858	85
0.08059835007254	1.65889863149267	85
-0.11291650402773	1.05428286157448	85
0.10178405535243	1.09552876233224	762
0.1036524498492	2.02235570047092	85
0.0557024721889701	0.782855365464993	85
0.0505808284801501	0.77555938050866	483
-0.07280539644993	0.477448564652232	85
-0.0394126882400401	1.37687441159657	300
0.0175702843704599	1.81331198730234	132
-0.06891673227405	0.478167346987275	85
-0.11429606667845	1.06576613605417	85
0.0111695268494401	1.69057937156628	132
-0.0833503592292899	1.55065465334716	733
-0.06891673227405	0.478167346987275	733
-0.11254983663792	1.06368276598224	733
-0.07280539644993	0.477448564652232	85
-0.0699879229667999	0.472328161227103	85
-0.12144069778252	1.85891831687098	132
0.11104367521548	1.10296143286817	132
-0.09231621273793	1.76212665370234	733
0.05037749003109	0.778108225282062	733
0.0295751124897901	1.29011962428669	85
0.05195430013803	0.775907452258494	85
-0.06500562329447	0.469713899049653	85
0.0294573513524401	1.27857120414599	85
-0.05625674788163	0.902868618476487	85
0.0303485811428399	1.82712105434208	132
-0.10983368405625	1.87526191199257	733
0.12296204488687	2.31279110915107	733
-0.07280539644993	0.477448564652232	733
-0.0760405310832699	0.472583961120929	733
0.0534976127295399	0.780362467629578	733
0.10932848146976	1.1127705454267	2227
-0.0720448316892299	0.478570790474717	85
-0.0175136883866101	1.96546638642565	132
0.0792964465819499	1.69285989109515	51
0.0541478364472301	0.79255832938947	733
0.11509914772809	1.12848373185033	2227
-0.0720448316892299	0.478570790474717	85
0.0505808284801501	0.77555938050866	85
-0.0710166103938501	0.478193832396807	85
-0.0343794138961	1.43439869904536	85
-0.0681537716474701	0.479292741706694	5
-0.03138843152376	1.45130588000541	85
0.0739845633790199	1.66194175086791	51
0.10969397091784	1.13333925128269	733
-0.0720448316892299	0.478570790474717	733
-0.06424025149337	0.470793566917827	733
-0.0760405310832699	0.472583961120929	85
0.056606241661	0.779912172364091	85
0.11421406089321	1.13145762266747	85
-0.05890688317319	0.902431779745543	85
-0.04854277898906	0.908259665628721	85
-0.0736386737586601	1.55512002408665	210
-0.0720448316892299	0.478570790474717	132
0.0157097660847501	1.8088148189804	733
-0.07280539644993	0.477448564652232	733
-0.11785444279488	1.0320239447693	733
-0.0699474380288001	0.473890200865325	85
-0.07280539644993	0.477448564652232	85
0.0108833761245599	1.79319284176544	85
0.0505808284801501	0.77555938050866	85
-0.0738325704557401	0.471762089576048	5
0.0238328819396501	1.29936627062778	132
0.0492735110912199	0.773083861620571	733
-0.07280539644993	0.477448564652232	733
0.0157097660847501	1.8088148189804	85
0.0510220935161501	0.778798937917858	85
-0.0694322245775401	2.11370598748471	85
0.0496746038970799	0.771811008207858	85
-0.0720448316892299	0.478570790474717	85
0.0590964482916701	0.775729844473512	85
-0.071354219331	1.58894048455848	5
0.0572272994035301	0.76610736129693	132
-0.11519489311332	1.06151248716931	733
-0.06891673227405	0.478167346987275	733
-0.0738325704557401	0.471762089576048	733
0.0590964482916701	0.775729844473512	733
-0.04600378813716	1.41507004294664	85
-0.0681537716474701	0.479292741706694	85
0.0244648199046	1.82001855361408	132
-0.0681537716474701	0.479292741706694	733
-0.03176697117608	1.43187543389529	733
0.02856103861573	1.83473737644442	85
0.11436148270456	1.11651695724915	85
-0.11762398623163	2.30194475922576	85
-0.0550482985028	0.908328416896414	483
0.0575172163434201	0.783229267431462	132
-0.0657332131255599	0.867830571446481	132
-0.05782116202135	0.89884378472194	929
0.0203484405033501	1.29114256962638	733
0.1109454935159	1.13190593364086	762
0.0308221162361999	1.2887568876064	85
-0.0681020296119701	1.5673848156805	483
0.0457640659241601	0.771410399129658	132
0.10303576006358	1.109302876637	733
0.05173884031121	0.784928292248589	733
-0.10806588537846	1.7198470246474	85
-0.05693690627147	0.899952167138894	162
-0.11824181481053	1.04723656577531	65
-0.07280539644993	0.477448564652232	65
0.0171935456980701	1.27195162410351	733
0.01544263128754	1.26581183294738	85
-0.0730725863230399	0.472854481440801	210
0.0528701910984599	0.76925670732367	100
-0.0717777566350599	0.477074019570971	51
-0.07280539644993	0.477448564652232	733
-0.07809066276743	0.467369829987504	733
-0.0710166103938501	0.478193832396807	733
-0.0710166103938501	0.478193832396807	733
-0.07501477661502	0.466870648976945	210
0.05324176552158	0.789473162707191	100
0.0492735110912199	0.773083861620571	108
-0.06891673227405	0.478167346987275	162
-0.0730725863230399	0.472854481440801	162
-0.0710166103938501	0.478193832396807	65
0.0584522846205799	0.785152960886062	733
-0.07280539644993	0.477448564652232	733
-0.0730725863230399	0.472854481440801	733
-0.07629198683783	1.55847503430646	85
0.0564205228554899	2.1723387674927	85
-0.0760405310832699	0.472583961120929	210
-0.113759617727	1.05056822719944	210
0.0584522846205799	0.785152960886062	100
0.07556141877479	1.65451625930802	162
-0.0760405310832699	0.472583961120929	162
0.0557024721889701	0.782855365464993	65
-0.0717777566350599	0.477074019570971	65
-0.0770658266540301	0.472946291653134	733
-0.0710166103938501	0.478193832396807	733
0.0457640659241601	0.771410399129658	214
-0.0251461478664601	1.4565333934601	733
-0.06891673227405	0.478167346987275	733
-0.0681537716474701	0.479292741706694	733
0.0550531257249101	0.792542427995745	733
-0.10806928407462	1.06021258833882	733
-0.11121063842229	1.06646987337179	733
0.0221404308911599	1.29122577032192	85
-0.0738325704557401	0.471762089576048	100
-0.0469992100836101	0.896324802968931	646
-0.12194601359571	1.04584663399972	646
0.0220883957781599	1.81413524321043	132
0.0575172163434201	0.783229267431462	985
-0.0699474380288001	0.473890200865325	733
0.0476024765398	0.771332727138389	733
-0.0915438235931001	1.74656441101303	85
0.0247462693254601	1.77873813517738	85
-0.037993476429	1.460201860274	210
0.0508334283573899	0.786182588324621	733
-0.0557112695906801	0.89485838223341	985
-0.0559327105194201	0.902874468546951	929
-0.04630833685298	0.88530667275208	85
0.11057813060786	1.13473085301283	51
0.0500895525974501	0.778774959831316	65
-0.06221874894826	0.891755340993512	985
0.11695871907077	1.10383033364999	733
-0.0355494286193301	1.46549101788668	733
0.0541478364472301	0.79255832938947	733
-0.0681537716474701	0.479292741706694	733
-0.12174817037743	1.86891489260875	85
-0.06891673227405	0.478167346987275	210
-0.0738325704557401	0.471762089576048	210
-0.0681537716474701	0.479292741706694	300
-0.0742052468557199	0.469453428525921	1053
-0.0720448316892299	0.478570790474717	100
-0.0681537716474701	0.479292741706694	65
0.0541478364472301	0.79255832938947	733
-0.0691850616331	0.474993175817053	733
-0.0691850616331	0.474993175817053	210
0.0538925777473001	0.779864833648603	108
-0.0559327105194201	0.902874468546951	132
-0.0691850616331	0.474993175817053	311
-0.07280539644993	0.477448564652232	733
-0.0691850616331	0.474993175817053	733
0.0538925777473001	0.779864833648603	85
0.0575172163434201	0.783229267431462	85
-0.0717777566350599	0.477074019570971	85
-0.0717777566350599	0.477074019570971	480
-0.0760405310832699	0.472583961120929	210
0.0801644986399199	1.68638682988525	210
-0.0730725863230399	0.472854481440801	646
-0.0681537716474701	0.479292741706694	162
-0.07280539644993	0.477448564652232	311
-0.0681537716474701	0.479292741706694	214
-0.0699879229667999	0.472328161227103	985
-0.0760405310832699	0.472583961120929	733
-0.0760405310832699	0.472583961120929	85
-0.0720448316892299	0.478570790474717	85
-0.0699879229667999	0.472328161227103	210
-0.06603988765179	0.469223739016395	210
-0.0720448316892299	0.478570790474717	1053
-0.0717777566350599	0.477074019570971	606
-0.0710166103938501	0.478193832396807	162
-0.0710166103938501	0.478193832396807	162
-0.06500562329447	0.469713899049653	162
-0.0742052468557199	0.469453428525921	733
-0.0770658266540301	0.472946291653134	324
-0.0720448316892299	0.478570790474717	210
0.05239096568043	0.775447909362186	210
-0.0524112372475001	0.892579716591116	210
0.11436148270456	1.11651695724915	51
-0.0730725863230399	0.472854481440801	985
0.0514862837782999	0.776653741316405	733
-0.07280539644993	0.477448564652232	733
-0.03984902128553	1.46024487525421	85
-0.0720448316892299	0.478570790474717	646
-0.0738325704557401	0.471762089576048	132
-0.0717777566350599	0.477074019570971	132
0.11207780403113	1.12273085327157	132
-0.0730725863230399	0.472854481440801	162
-0.07280539644993	0.477448564652232	985
-0.06712201309321	0.475136223572177	733
-0.0720448316892299	0.478570790474717	733
-0.0720448316892299	0.478570790474717	646
-0.07809066276743	0.467369829987504	646
0.04511289303059	0.770721136679104	51
-0.07280539644993	0.477448564652232	311
0.0445032179212601	0.756930677238915	1163
-0.0710166103938501	0.478193832396807	1163
-0.0699474380288001	0.473890200865325	733
-0.06712201309321	0.475136223572177	733
-0.0710166103938501	0.478193832396807	324
0.01770601366723	1.82849839100907	480
0.0500895525974501	0.778774959831316	480
-0.0707496515431201	0.471239687923602	3
-0.0720448316892299	0.478570790474717	733
-0.0699879229667999	0.472328161227103	480
-0.0720448316892299	0.478570790474717	210
-0.0710166103938501	0.478193832396807	132
-0.0691850616331	0.474993175817053	311
-0.0710166103938501	0.478193832396807	733
-0.0717777566350599	0.477074019570971	733
0.10593545605421	1.11308268825983	210
-0.06712201309321	0.475136223572177	210
-0.0760405310832699	0.472583961120929	100
-0.0770658266540301	0.472946291653134	65
-0.0760405310832699	0.472583961120929	311
-0.0720448316892299	0.478570790474717	210
-0.07280539644993	0.477448564652232	100
-0.0730725863230399	0.472854481440801	646
-0.0710166103938501	0.478193832396807	646
0.0575172163434201	0.783229267431462	132
-0.07317688836652	0.473648243082631	162
-0.0710166103938501	0.478193832396807	65
-0.0710166103938501	0.478193832396807	65
-0.0770658266540301	0.472946291653134	210
-0.0710166103938501	0.478193832396807	210
0.0618830880027601	0.771347496058888	210
-0.0730725863230399	0.472854481440801	210
0.0538925777473001	0.779864833648603	132
-0.0738325704557401	0.471762089576048	132
-0.07280539644993	0.477448564652232	311
0.11873354692592	1.09843775050802	733
0.0476024765398	0.771332727138389	200
-0.0730725863230399	0.472854481440801	85
-0.0730725863230399	0.472854481440801	210
-0.05416394288337	0.910864209091877	132
0.0564987785944699	2.15026787995679	65
-0.0580234417080501	0.904947505639359	733
0.05596010072993	0.789495909237653	324
0.0190693995271101	1.82800523253684	85
-0.1129542467912	1.0709808681734	210
0.11230955166996	1.10176938723234	210
-0.0557112695906801	0.89485838223341	210
-0.0660756101542499	0.867103667459057	646
-0.0678855588124401	0.474033268230349	646
-0.0652751037252599	0.470301214618162	646
0.10865785750227	1.11306274883859	65
0.0508334283573899	0.786182588324621	2298
-0.07280539644993	0.477448564652232	3
-0.07892889265974	2.12109229643907	733
-0.0717777566350599	0.477074019570971	5
0.11370822994153	1.11687883965381	210
-0.0289466651697601	1.46578410968551	210
0.10969397091784	1.13333925128269	132
0.02992589604439	1.8304662221699	132
-0.11520895855729	1.06325941482153	65
0.0181692916988001	1.2884220576791	3
-0.0407755289635801	1.45617767176894	733
-0.0555095759180699	0.887122302549502	200
0.01151608682489	1.26101840386819	200
0.0492735110912199	0.773083861620571	324
0.0499272437457801	0.785062078842457	324
-0.05890688317319	0.902431779745543	646
-0.0639866678271299	0.882706489020534	646
-0.03649678404267	1.43139074278171	132
0.05037749003109	0.778108225282062	65
-0.11657782750257	1.04132645054074	200
0.11323263086843	1.12181235988981	144
-0.05836541677124	0.897583415485501	324
-0.06945745097548	1.60006746763629	210
-0.11364488046576	1.84783193700275	210
-0.05273820465056	0.912281557043227	210
0.05351304541734	0.769930773141108	646
0.11938940834476	1.10737122104266	894
-0.0671596172408799	1.56069036306658	132
0.0584522846205799	0.785152960886062	3
-0.07809066276743	0.467369829987504	144
0.05734350941185	2.17485445327055	85
0.03004331777075	1.28680161517088	210
0.0575172163434201	0.783229267431462	65
-0.11518292785997	1.05028451586704	3
0.0612411683214	0.760059044432667	733
-0.0717777566350599	0.477074019570971	733
0.02256732997805	1.29059719043888	144
0.10740779136775	1.11976442756672	324
-0.0710166103938501	0.478193832396807	85
-0.11840173676608	1.04903997152071	210
-0.12234916112637	1.04373076665933	1139
-0.04942604385891	0.90944503896517	210
-0.06891673227405	0.478167346987275	1053
0.0557024721889701	0.782855365464993	646
-0.0550482985028	0.908328416896414	646
-0.06712201309321	0.475136223572177	108
-0.0590446535426701	0.878001432073118	3
-0.02743903553115	1.45226946360351	3
-0.0572770140919201	0.886872510740763	733
-0.0307992442159599	1.45929392928655	144
0.0124064923234599	1.25709655578635	85
-0.0378452840469601	1.46017317755937	85
0.02196017714413	1.83351106265699	210
0.11244488258851	1.12815236230667	132
-0.11254983663792	1.06368276598224	733
0.0457640659241601	0.771410399129658	210
-0.0717777566350599	0.477074019570971	132
-0.06880771517517	2.18926892239853	894
0.0466699065774101	0.772502733813019	132
-0.0720448316892299	0.478570790474717	108
-0.0652751037252599	0.470301214618162	132
-0.0760405310832699	0.472583961120929	132
-0.0710166103938501	0.478193832396807	3
-0.06891673227405	0.478167346987275	733
-0.0699474380288001	0.473890200865325	144
-0.0720448316892299	0.478570790474717	324
-0.05836541677124	0.897583415485501	210
-0.05471444322611	0.900864796591822	210
0.0500895525974501	0.778774959831316	210
-0.05065220346456	0.891212773637663	210
-0.0717777566350599	0.477074019570971	132
0.0448614621208501	0.767687898006736	3
-0.0720448316892299	0.478570790474717	3
-0.0332852078781001	1.46316584732623	733
-0.07809066276743	0.467369829987504	3
-0.07280539644993	0.477448564652232	144
-0.06712201309321	0.475136223572177	324
0.10730539636011	1.11763338649697	210
-0.0691850616331	0.474993175817053	210
-0.0770658266540301	0.472946291653134	210
-0.0720448316892299	0.478570790474717	210
-0.06891673227405	0.478167346987275	1618
0.0541478364472301	0.79255832938947	1618
0.0513103608057199	0.775222255169698	132
0.0308221162361999	1.2887568876064	733
0.0137766827191099	1.24702170286011	3
-0.06712201309321	0.475136223572177	3
-0.0691850616331	0.474993175817053	144
-0.00665005736661994	2.33900852349636	85
-0.0710166103938501	0.478193832396807	210
0.0557024721889701	0.782855365464993	210
-0.0691850616331	0.474993175817053	210
-0.0720448316892299	0.478570790474717	210
0.0133101713048001	1.26825991468606	385
0.0534976127295399	0.780362467629578	210
0.0460222374661601	0.771815254797831	108
-0.10888221239727	1.05031349147567	132
-0.0699474380288001	0.473890200865325	132
-0.0760405310832699	0.472583961120929	144
-0.0699879229667999	0.472328161227103	210
0.05816575874603	0.758139987275772	210
-0.0492963162442901	0.880478336676051	108
0.0538033505100699	0.771118615805415	108
-0.05416394288337	0.910864209091877	132
-0.0355740717356201	1.44582489349348	132
-0.0599094256522501	0.88349706497963	132
-0.0720448316892299	0.478570790474717	132
-0.0720448316892299	0.478570790474717	3
-0.0717777566350599	0.477074019570971	3
-0.0699879229667999	0.472328161227103	3
-0.1165532045723	1.04825248010761	733
-0.0652751037252599	0.470301214618162	3
-0.0710166103938501	0.478193832396807	144
-0.0717777566350599	0.477074019570971	144
0.0557024721889701	0.782855365464993	85
0.0534976127295399	0.780362467629578	210
-0.0717777566350599	0.477074019570971	210
-0.07214806860361	0.469601658503721	210
-0.0464609550035999	0.884589384915176	108
-0.0720448316892299	0.478570790474717	132
-0.0710166103938501	0.478193832396807	65
-0.06500562329447	0.469713899049653	357
-0.06712201309321	0.475136223572177	3
-0.05327964510102	0.91099682350394	733
-0.0710166103938501	0.478193832396807	3
-0.07280539644993	0.477448564652232	3
-0.06712201309321	0.475136223572177	584
-0.07809066276743	0.467369829987504	210
-0.0730725863230399	0.472854481440801	505
-0.0720448316892299	0.478570790474717	210
-0.0699879229667999	0.472328161227103	210
-0.0770658266540301	0.472946291653134	210
0.0720512811101299	1.68301165656149	132
-0.0681537716474701	0.479292741706694	132
-0.0710166103938501	0.478193832396807	65
-0.06603988765179	0.469223739016395	65
-0.0730725863230399	0.472854481440801	3
-0.0720448316892299	0.478570790474717	3
-0.0720448316892299	0.478570790474717	144
-0.0720448316892299	0.478570790474717	505
-0.0681537716474701	0.479292741706694	108
0.09642581873919	1.97656261533008	132
-0.0710166103938501	0.478193832396807	3
-0.0681537716474701	0.479292741706694	65
-0.0681537716474701	0.479292741706694	733
-0.0691850616331	0.474993175817053	324
0.10956637967944	1.12457939314553	210
0.0505808284801501	0.77555938050866	505
0.0445032179212601	0.756930677238915	210
0.0550531257249101	0.792542427995745	132
0.0499272437457801	0.785062078842457	65
-0.0730725863230399	0.472854481440801	3
-0.0730725863230399	0.472854481440801	357
-0.0720448316892299	0.478570790474717	144
0.0496746038970799	0.771811008207858	144
-0.09995651259664	1.04261658364538	111
-0.0710166103938501	0.478193832396807	210
-0.06712201309321	0.475136223572177	210
-0.06424025149337	0.470793566917827	210
-0.0730725863230399	0.472854481440801	210
0.0534976127295399	0.780362467629578	108
-0.0720448316892299	0.478570790474717	132
-0.0770658266540301	0.472946291653134	108
-0.0652751037252599	0.470301214618162	3
0.0575172163434201	0.783229267431462	3
0.0466699065774101	0.772502733813019	3
-0.0720448316892299	0.478570790474717	357
-0.0730725863230399	0.472854481440801	144
-0.0717777566350599	0.477074019570971	210
-0.07501477661502	0.466870648976945	210
0.05324176552158	0.789473162707191	210
0.0593870206300999	0.78344810605566	108
-0.07280539644993	0.477448564652232	3
-0.06712201309321	0.475136223572177	3
-0.0720448316892299	0.478570790474717	144
-0.06891673227405	0.478167346987275	111
-0.0717777566350599	0.477074019570971	210
-0.0691850616331	0.474993175817053	210
-0.0717777566350599	0.477074019570971	210
-0.07280539644993	0.477448564652232	2367
0.0499272437457801	0.785062078842457	210
-0.0770658266540301	0.472946291653134	30
-0.0730725863230399	0.472854481440801	132
-0.0742052468557199	0.469453428525921	528
-0.0681537716474701	0.479292741706694	393
-0.0742052468557199	0.469453428525921	3
-0.06712201309321	0.475136223572177	3
-0.0720448316892299	0.478570790474717	111
-0.0717777566350599	0.477074019570971	111
-0.06891673227405	0.478167346987275	85
-0.06424025149337	0.470793566917827	210
-0.05471444322611	0.900864796591822	108
-0.0720448316892299	0.478570790474717	108
-0.0730725863230399	0.472854481440801	528
-0.0699879229667999	0.472328161227103	3
-0.0760405310832699	0.472583961120929	3
-0.0707496515431201	0.471239687923602	3
-0.0699879229667999	0.472328161227103	3
-0.0720448316892299	0.478570790474717	144
-0.07501477661502	0.466870648976945	111
-0.07280539644993	0.477448564652232	111
-0.0691850616331	0.474993175817053	111
0.0490202905863799	0.781201794884634	85
-0.0760405310832699	0.472583961120929	210
0.11887567857437	1.12333018665557	210
-0.0681537716474701	0.479292741706694	210
-0.0717777566350599	0.477074019570971	528
0.0538925777473001	0.779864833648603	1258
-0.0681537716474701	0.479292741706694	393
-0.0720448316892299	0.478570790474717	3
-0.0738325704557401	0.471762089576048	111
0.0243773012944399	1.19570162406193	85
-0.0678855588124401	0.474033268230349	210
-0.0599285452298599	0.866615917945523	210
-0.0681537716474701	0.479292741706694	210
-0.0691850616331	0.474993175817053	528
-0.07280539644993	0.477448564652232	210
-0.0738325704557401	0.471762089576048	210
-0.0681537716474701	0.479292741706694	638
-0.0710166103938501	0.478193832396807	210
-0.0720448316892299	0.478570790474717	30
-0.0717777566350599	0.477074019570971	1258
-0.0681537716474701	0.479292741706694	393
-0.0681537716474701	0.479292741706694	2252
-0.07280539644993	0.477448564652232	210
-0.07317688836652	0.473648243082631	965
-0.0652751037252599	0.470301214618162	108
-0.0738325704557401	0.471762089576048	108
-0.0720448316892299	0.478570790474717	1258
-0.06891673227405	0.478167346987275	108
-0.0730725863230399	0.472854481440801	3
-0.04854277898906	0.908259665628721	111
-0.06891673227405	0.478167346987275	584
-0.0720448316892299	0.478570790474717	584
-0.0652751037252599	0.470301214618162	210
-0.0730725863230399	0.472854481440801	965
-0.06891673227405	0.478167346987275	965
0.0492735110912199	0.773083861620571	210
-0.06891673227405	0.478167346987275	393
-0.06891673227405	0.478167346987275	3
-0.0710166103938501	0.478193832396807	3
-0.07280539644993	0.477448564652232	144
-0.12146252534272	1.04695047065446	584
-0.0710166103938501	0.478193832396807	30
-0.0710166103938501	0.478193832396807	108
-0.07317688836652	0.473648243082631	1258
-0.0691850616331	0.474993175817053	1258
0.05173884031121	0.784928292248589	393
-0.0720448316892299	0.478570790474717	3
-0.0730725863230399	0.472854481440801	482
-0.0550482985028	0.908328416896414	85
-0.0681537716474701	0.479292741706694	210
-0.0720448316892299	0.478570790474717	965
-0.0699474380288001	0.473890200865325	30
-0.0691850616331	0.474993175817053	393
0.0172706381638601	1.28966551684397	85
-0.0707496515431201	0.471239687923602	210
0.0541478364472301	0.79255832938947	638
-0.0720448316892299	0.478570790474717	210
-0.06424025149337	0.470793566917827	210
-0.0691850616331	0.474993175817053	210
0.023407016897	1.29294249085456	397
0.10453378394352	1.12065890271037	397
0.04511289303059	0.770721136679104	323
-0.0720448316892299	0.478570790474717	1258
-0.0720448316892299	0.478570790474717	393
-0.0717777566350599	0.477074019570971	3
0.10364925277358	1.1129413288089	3
0.01483518796298	2.18155149010551	386
-0.0691850616331	0.474993175817053	3
-0.0770658266540301	0.472946291653134	210
-0.06424025149337	0.470793566917827	210
0.05324176552158	0.789473162707191	30
0.0682439755856401	1.65662017254192	397
-0.06603988765179	0.469223739016395	397
0.0463648455940899	0.759826887271404	108
0.0476024765398	0.771332727138389	1258
-0.0730725863230399	0.472854481440801	482
-0.0717777566350599	0.477074019570971	482
0.0170777603175101	1.80254169196447	386
0.0575172163434201	0.783229267431462	3
-0.0691850616331	0.474993175817053	3
-0.0730725863230399	0.472854481440801	105
-0.0760405310832699	0.472583961120929	385
-0.0699474380288001	0.473890200865325	385
-0.0652751037252599	0.470301214618162	527
-0.0681537716474701	0.479292741706694	192
0.0508334283573899	0.786182588324621	397
0.02563562345658	1.27286591107193	397
-0.0720448316892299	0.478570790474717	323
-0.0699879229667999	0.472328161227103	323
-0.06603988765179	0.469223739016395	323
-0.06712201309321	0.475136223572177	3
-0.06712201309321	0.475136223572177	386
-0.0681537716474701	0.479292741706694	105
-0.05782116202135	0.89884378472194	584
-0.06424025149337	0.470793566917827	965
-0.0681537716474701	0.479292741706694	210
-0.0720448316892299	0.478570790474717	108
-0.06891673227405	0.478167346987275	30
-0.0720448316892299	0.478570790474717	3
0.0475978039282801	2.09371829064571	3
-0.07280539644993	0.477448564652232	386
-0.0681537716474701	0.479292741706694	210
0.0492735110912199	0.773083861620571	397
-0.0730725863230399	0.472854481440801	3
-0.0710166103938501	0.478193832396807	267
-0.0720448316892299	0.478570790474717	1558
0.10917596688031	1.13177488413413	85
-0.0717777566350599	0.477074019570971	85
-0.0710166103938501	0.478193832396807	638
-0.0710166103938501	0.478193832396807	638
-0.0770658266540301	0.472946291653134	210
-0.0766049961354001	1.6118304518411	108
-0.07809066276743	0.467369829987504	397
-0.0707496515431201	0.471239687923602	323
-0.0699879229667999	0.472328161227103	323
-0.11295810325264	1.03831324714927	108
-0.0720448316892299	0.478570790474717	267
-0.07809066276743	0.467369829987504	267
0.0584522846205799	0.785152960886062	3
-0.10677919636947	1.68917314829483	85
-0.06712201309321	0.475136223572177	638
-0.0681537716474701	0.479292741706694	210
-0.0699474380288001	0.473890200865325	298
-0.0691850616331	0.474993175817053	951
-0.0707496515431201	0.471239687923602	397
-0.0652751037252599	0.470301214618162	448
-0.0770658266540301	0.472946291653134	263
-0.0699474380288001	0.473890200865325	897
0.10969397091784	1.13333925128269	897
-0.0717777566350599	0.477074019570971	1558
-0.05327964510102	0.91099682350394	85
-0.0691850616331	0.474993175817053	638
-0.0717777566350599	0.477074019570971	527
-0.0720448316892299	0.478570790474717	210
-0.0652751037252599	0.470301214618162	298
-0.07280539644993	0.477448564652232	386
-0.0720448316892299	0.478570790474717	897
0.0550531257249101	0.792542427995745	584
0.1040164374711	1.10715072510083	85
-0.0730725863230399	0.472854481440801	85
-0.0541759276551099	0.892195392884521	385
-0.0720448316892299	0.478570790474717	527
-0.0717777566350599	0.477074019570971	267
-0.06891673227405	0.478167346987275	386
-0.07280539644993	0.477448564652232	448
-0.05782116202135	0.89884378472194	85
0.05479791616394	0.782861546376213	192
-0.0681537716474701	0.479292741706694	210
-0.0691850616331	0.474993175817053	951
-0.0699879229667999	0.472328161227103	1558
-0.11961066835239	1.04408797594743	192
0.0216175698813601	1.27611625722683	298
-0.0307992442159599	1.45929392928655	267
-0.0553897312274201	0.904143268243517	267
-0.0655472365910801	1.61489056769448	386
-0.11113638655076	1.06478553781221	448
0.0584522846205799	0.785152960886062	527
-0.06500562329447	0.469713899049653	192
-0.07280539644993	0.477448564652232	323
-0.0550482985028	0.908328416896414	267
-0.0368401190449901	0.865903475318145	1795
-0.0587054676384899	0.895608179697363	1795
0.0541478364472301	0.79255832938947	105
0.0572330117628701	0.75793271466948	85
0.0557024721889701	0.782855365464993	638
-0.05450583170553	0.909610308903803	192
-0.07280539644993	0.477448564652232	323
-0.0699879229667999	0.472328161227103	1795
-0.0294331374324499	1.4658632301759	2339
-0.07280539644993	0.477448564652232	192
-0.06424025149337	0.470793566917827	192
-0.0699474380288001	0.473890200865325	108
-0.0720448316892299	0.478570790474717	1795
-0.0249343367232799	1.45672893789007	386
0.0541478364472301	0.79255832938947	448
-0.07280539644993	0.477448564652232	105
-0.12493002043115	1.84681661481745	85
0.0704325165691799	1.70218643088501	385
-0.05714006279032	0.905086842963566	192
0.06281777658614	0.77155062890176	192
0.0584522846205799	0.785152960886062	298
-0.03696330734916	1.43559525606601	108
-0.0770658266540301	0.472946291653134	448
0.11197965668668	1.11701884163659	105
0.06498826506189	2.15579835388473	1170
-0.03665948392448	1.45564430853685	108
-0.0541759276551099	0.892195392884521	108
0.10765672529191	1.07715647725832	85
0.10919672889214	1.10976274349329	108
0.10896149514911	1.11353224659739	267
-0.0419231373611999	1.41889142363788	105
-0.07280539644993	0.477448564652232	584
0.10335703803238	2.04006069274215	85
0.10740779136775	1.11976442756672	385
-0.0523954066007699	0.90874542512987	192
0.04853471947127	0.767629019817882	210
0.0259877831338	1.28977606292744	108
0.02824894086418	1.29339671191169	1795
0.0505808284801501	0.77555938050866	448
0.02116539014657	1.81364405153959	448
-0.06712201309321	0.475136223572177	85
0.10593545605421	1.11308268825983	1170
-0.0720448316892299	0.478570790474717	298
-0.05890977837066	0.883769361024557	108
0.05658181837253	0.775242663331729	683
-0.0730725863230399	0.472854481440801	1170
-0.07317688836652	0.473648243082631	192
-0.0760405310832699	0.472583961120929	192
-0.0717777566350599	0.477074019570971	108
-0.0720448316892299	0.478570790474717	650
-0.0720448316892299	0.478570790474717	108
0.05658181837253	0.775242663331729	267
-0.07809066276743	0.467369829987504	267
-0.0720448316892299	0.478570790474717	1795
0.0584522846205799	0.785152960886062	448
-0.0681537716474701	0.479292741706694	448
0.11146262737409	1.13346570135336	385
0.05816203902384	0.773856683030631	192
0.0491566799541401	0.775770930689392	298
0.05479791616394	0.782861546376213	267
-0.08598388123254	2.25525438486975	448
-0.0681537716474701	0.479292741706694	85
-0.07280539644993	0.477448564652232	85
-0.0710166103938501	0.478193832396807	1170
-0.0652751037252599	0.470301214618162	192
0.05173884031121	0.784928292248589	192
-0.0699474380288001	0.473890200865325	192
-0.0691850616331	0.474993175817053	210
-0.0691850616331	0.474993175817053	192
-0.0760405310832699	0.472583961120929	298
-0.06712201309321	0.475136223572177	108
0.05816203902384	0.773856683030631	108
-0.0720448316892299	0.478570790474717	85
-0.0742052468557199	0.469453428525921	267
-0.0760405310832699	0.472583961120929	85
-0.0730725863230399	0.472854481440801	85
-0.0681537716474701	0.479292741706694	85
0.10453378394352	1.12065890271037	683
0.0508334283573899	0.786182588324621	192
-0.0738325704557401	0.471762089576048	192
-0.11609417733134	1.05823716062059	108
-0.0720448316892299	0.478570790474717	650
-0.06891673227405	0.478167346987275	85
-0.0738325704557401	0.471762089576048	85
-0.0681537716474701	0.479292741706694	85
-0.0717777566350599	0.477074019570971	85
0.0646782008703299	0.740334901680825	192
-0.0580234417080501	0.904947505639359	386
-0.0638858749925899	1.61305683989668	1795
-0.0587054676384899	0.895608179697363	192
-0.0590261759184201	0.880657500071972	298
-0.0720448316892299	0.478570790474717	108
0.0538925777473001	0.779864833648603	650
-0.0717777566350599	0.477074019570971	105
-0.11477653767558	1.06464044495059	85
-0.11921085341362	1.04474875928814	105
0.0237900718669699	1.27108889824568	395
-0.0361265673392901	2.07390190162826	85
-0.07280539644993	0.477448564652232	85
-0.11298299087601	1.0114155765269	1170
0.0460222374661601	0.771815254797831	192
-0.04051001290363	0.874842178717586	105
0.0317191699155299	1.28887409884122	85
-0.0710166103938501	0.478193832396807	85
0.02080585823763	1.82168330112724	85
0.11414177283183	2.04145038471251	85
0.02395672634174	1.81352163213833	85
-0.122429602173	1.03168444221489	385
-0.11121063842229	1.06646987337179	1170
0.0575172163434201	0.783229267431462	192
0.11207780403113	1.12273085327157	85
0.10580449458491	1.09171139973958	108
-0.0710166103938501	0.478193832396807	85
0.0547361689204	0.769495388984206	85
-0.11921085341362	1.04474875928814	683
-0.0699474380288001	0.473890200865325	1453
-0.07280539644993	0.477448564652232	2051
0.11384544599427	1.13290308531944	105
-0.0730725863230399	0.472854481440801	85
-0.0760405310832699	0.472583961120929	85
-0.0538315421281801	0.902399080424598	85
-0.0738325704557401	0.471762089576048	1170
-0.04942604385891	0.90944503896517	108
0.10969397091784	1.13333925128269	108
-0.0710166103938501	0.478193832396807	2051
0.0229369440156999	1.29632591348339	105
-0.06424025149337	0.470793566917827	105
-0.06891673227405	0.478167346987275	385
0.05479791616394	0.782861546376213	85
-0.04964332043696	0.893387919162496	85
-0.0720448316892299	0.478570790474717	2051
-0.06891673227405	0.478167346987275	267
0.04851075015852	0.775082213195586	105
-0.0730725863230399	0.472854481440801	105
0.0499272437457801	0.785062078842457	683
-0.0681537716474701	0.479292741706694	1453
-0.0770658266540301	0.472946291653134	198
-0.0691850616331	0.474993175817053	298
0.10465353541534	1.1102799283727	85
-0.0760405310832699	0.472583961120929	2051
0.04395807946956	0.758599753736892	267
-0.0699474380288001	0.473890200865325	85
0.05687223512352	0.771439580241442	781
0.11436148270456	1.11651695724915	85
0.0572272994035301	0.76610736129693	1170
-0.0770658266540301	0.472946291653134	198
-0.0770658266540301	0.472946291653134	108
-0.0691850616331	0.474993175817053	85
-0.07280539644993	0.477448564652232	85
-0.0730725863230399	0.472854481440801	85
-0.0691850616331	0.474993175817053	267
-0.0710166103938501	0.478193832396807	85
-0.0770658266540301	0.472946291653134	564
-0.06500562329447	0.469713899049653	192
-0.0738325704557401	0.471762089576048	198
-0.0720448316892299	0.478570790474717	192
-0.0770658266540301	0.472946291653134	192
-0.0720448316892299	0.478570790474717	108
0.0500895525974501	0.778774959831316	85
0.10541865256496	1.12484980229209	85
-0.10669167750015	1.06847070489838	105
-0.07317688836652	0.473648243082631	85
-0.0717777566350599	0.477074019570971	1792
-0.0681537716474701	0.479292741706694	298
-0.0717777566350599	0.477074019570971	85
-0.06891673227405	0.478167346987275	85
-0.0691850616331	0.474993175817053	85
-0.05362198903316	0.912150936562615	85
-0.0742052468557199	0.469453428525921	385
-0.0681537716474701	0.479292741706694	198
-0.0770658266540301	0.472946291653134	298
-0.0738325704557401	0.471762089576048	298
0.01454771826447	1.2610010801874	108
-0.0717777566350599	0.477074019570971	85
-0.0720448316892299	0.478570790474717	92
0.0243026850988901	1.29596493734429	85
-0.07501477661502	0.466870648976945	895
-0.0730725863230399	0.472854481440801	85
-0.0742052468557199	0.469453428525921	564
0.0490202905863799	0.781201794884634	85
-0.0730725863230399	0.472854481440801	198
-0.0681537716474701	0.479292741706694	198
-0.0710166103938501	0.478193832396807	198
-0.0681537716474701	0.479292741706694	85
-0.0720448316892299	0.478570790474717	92
-0.0730725863230399	0.472854481440801	267
-0.0691850616331	0.474993175817053	2081
-0.0770658266540301	0.472946291653134	198
-0.0652751037252599	0.470301214618162	192
-0.0710166103938501	0.478193832396807	198
-0.0691850616331	0.474993175817053	198
-0.0738325704557401	0.471762089576048	198
0.05324176552158	0.789473162707191	198
0.0588048514703701	0.758790873700465	85
-0.0681537716474701	0.479292741706694	108
-0.0760405310832699	0.472583961120929	85
0.11156079179612	1.12120369267417	85
-0.0730725863230399	0.472854481440801	267
-0.0720448316892299	0.478570790474717	267
-0.0710166103938501	0.478193832396807	105
-0.05836541677124	0.897583415485501	85
-0.0720448316892299	0.478570790474717	85
-0.07317688836652	0.473648243082631	85
-0.07280539644993	0.477448564652232	198
0.11547241956529	2.05812078597197	85
0.0575172163434201	0.783229267431462	85
-0.11339658930045	1.06725303422696	85
-0.0710166103938501	0.478193832396807	267
-0.0720448316892299	0.478570790474717	85
-0.06500562329447	0.469713899049653	336
-0.0710166103938501	0.478193832396807	85
0.0575172163434201	0.783229267431462	85
-0.0710166103938501	0.478193832396807	85
-0.07029737548226	0.46489469838612	85
-0.0691850616331	0.474993175817053	564
0.0163726221920999	1.28829306210437	198
0.11296145903304	1.12969623516501	198
-0.0720448316892299	0.478570790474717	198
0.0514862837782999	0.776653741316405	198
-0.0720448316892299	0.478570790474717	85
-0.0742052468557199	0.469453428525921	1806
-0.0328009208469799	1.46441285759264	267
-0.0770658266540301	0.472946291653134	336
-0.0720448316892299	0.478570790474717	564
-0.07317688836652	0.473648243082631	198
-0.0710166103938501	0.478193832396807	198
-0.07280539644993	0.477448564652232	85
-0.0681537716474701	0.479292741706694	85
-0.0681537716474701	0.479292741706694	198
-0.07317688836652	0.473648243082631	198
-0.07029737548226	0.46489469838612	85
-0.0730725863230399	0.472854481440801	85
0.01656741386898	1.77931759297999	105
-0.0699474380288001	0.473890200865325	181
-0.06891673227405	0.478167346987275	1517
-0.04051001290363	0.874842178717586	85
-0.0720448316892299	0.478570790474717	385
0.0491566799541401	0.775770930689392	198
-0.0681537716474701	0.479292741706694	198
-0.06712201309321	0.475136223572177	198
-0.0691850616331	0.474993175817053	198
-0.0710166103938501	0.478193832396807	198
-0.0717777566350599	0.477074019570971	198
-0.06926546790303	0.465378566229971	198
-0.0552530596349701	0.890653007745976	85
-0.05836541677124	0.897583415485501	85
0.0534976127295399	0.780362467629578	267
-0.0710166103938501	0.478193832396807	267
-0.06424025149337	0.470793566917827	267
-0.0730725863230399	0.472854481440801	85
-0.0720448316892299	0.478570790474717	85
0.0575397755193701	0.771653479704986	85
-0.0720448316892299	0.478570790474717	198
0.10831248906578	1.10304130402297	85
-0.07280539644993	0.477448564652232	85
-0.0720448316892299	0.478570790474717	85
-0.06891673227405	0.478167346987275	267
-0.0652751037252599	0.470301214618162	336
0.0600305246322299	0.7740873125592	181
-0.0691850616331	0.474993175817053	85
-0.06891673227405	0.478167346987275	1517
0.10881014861691	1.12910670530083	85
-0.0720448316892299	0.478570790474717	85
-0.0681537716474701	0.479292741706694	564
0.0490202905863799	0.781201794884634	385
-0.0678855588124401	0.474033268230349	198
-0.0720448316892299	0.478570790474717	198
-0.0742052468557199	0.469453428525921	198
-0.0720448316892299	0.478570790474717	198
-0.0738325704557401	0.471762089576048	85
-0.0738325704557401	0.471762089576048	85
-0.05450583170553	0.909610308903803	385
-0.0699879229667999	0.472328161227103	385
-0.0717777566350599	0.477074019570971	198
-0.0691850616331	0.474993175817053	1360
-0.0699474380288001	0.473890200865325	1659
-0.0770658266540301	0.472946291653134	1659
-0.07280539644993	0.477448564652232	267
-0.0720448316892299	0.478570790474717	267
0.0478883727047801	0.766951201950055	85
-0.0770658266540301	0.472946291653134	85
-0.0691850616331	0.474993175817053	85
-0.0738325704557401	0.471762089576048	198
0.04757688619462	0.766421304884915	85
-0.0720448316892299	0.478570790474717	85
-0.07280539644993	0.477448564652232	1659
-0.0691850616331	0.474993175817053	2157
-0.06424025149337	0.470793566917827	2157
-0.0684044682079401	1.59706899442128	85
0.0154095489938799	1.8178979710477	85
-0.06891673227405	0.478167346987275	85
-0.0710166103938501	0.478193832396807	385
-0.0699474380288001	0.473890200865325	1360
0.0154752432826399	1.2841999560672	198
-0.0720448316892299	0.478570790474717	85
0.09498314815228	1.94203097610446	85
-0.0730725863230399	0.472854481440801	1659
-0.0720448316892299	0.478570790474717	1659
-0.0720448316892299	0.478570790474717	1659
-0.06891673227405	0.478167346987275	1853
-0.0707496515431201	0.471239687923602	85
-0.0720448316892299	0.478570790474717	85
-0.0720448316892299	0.478570790474717	85
-0.07809066276743	0.467369829987504	85
-0.0652751037252599	0.470301214618162	1360
0.0218785711793601	1.84829064284181	85
-0.0710166103938501	0.478193832396807	85
0.05259080843722	0.777380091161839	85
-0.0710166103938501	0.478193832396807	85
0.0538925777473001	0.779864833648603	385
-0.07809066276743	0.467369829987504	85
-0.0678855588124401	0.474033268230349	85
-0.0681537716474701	0.479292741706694	85
-0.0717777566350599	0.477074019570971	1659
-0.0710166103938501	0.478193832396807	1659
-0.0681537716474701	0.479292741706694	85
-0.0691850616331	0.474993175817053	85
-0.0691850616331	0.474993175817053	85
-0.10349834990441	1.03620843122694	85
-0.08325685160839	2.24973114515619	85
-0.0720448316892299	0.478570790474717	85
-0.10623418378296	1.05559566032168	466
-0.06891673227405	0.478167346987275	466
0.10779668823239	1.11450985057666	85
0.0501804258727001	0.774176324231999	85
-0.0652751037252599	0.470301214618162	385
-0.07029737548226	0.46489469838612	963
-0.0681537716474701	0.479292741706694	85
-0.0691850616331	0.474993175817053	85
-0.0720448316892299	0.478570790474717	1659
-0.0760405310832699	0.472583961120929	1174
-0.0717777566350599	0.477074019570971	85
-0.0738325704557401	0.471762089576048	85
-0.05450583170553	0.909610308903803	85
-0.0717777566350599	0.477074019570971	85
0.0217146004723701	1.27283179945057	469
-0.0717777566350599	0.477074019570971	469
-0.0699879229667999	0.472328161227103	385
-0.0550482985028	0.908328416896414	385
-0.0738325704557401	0.471762089576048	198
-0.07501477661502	0.466870648976945	85
0.0544455386771401	0.771794175900807	92
-0.0717777566350599	0.477074019570971	85
-0.0424008626590999	1.40175594602983	85
-0.05782116202135	0.89884378472194	85
-0.0717777566350599	0.477074019570971	963
-0.0720448316892299	0.478570790474717	198
-0.0763058007212401	1.57777829011221	85
-0.1183344883539	1.04086633327231	466
-0.04753756627127	0.895101448623185	1174
-0.0710166103938501	0.478193832396807	85
-0.05625674788163	0.902868618476487	85
0.05658181837253	0.775242663331729	385
-0.0730725863230399	0.472854481440801	198
0.0500895525974501	0.778774959831316	85
0.0238769853162699	1.27331314954221	1737
-0.0760405310832699	0.472583961120929	85
-0.0717777566350599	0.477074019570971	85
0.05479791616394	0.782861546376213	816
-0.0710166103938501	0.478193832396807	85
-0.1107006248348	2.48272619979855	325
0.05239096568043	0.775447909362186	85
-0.0710166103938501	0.478193832396807	85
-0.11875534763767	1.02803800296671	85
0.0587433595831299	0.771678233328882	85
-0.0730725863230399	0.472854481440801	85
-0.0710166103938501	0.478193832396807	208
-0.11743908395017	1.06484566219605	85
-0.06276901732556	0.877205235068262	85
-0.11695792412355	1.05188273551774	85
0.0541478364472301	0.79255832938947	85
-0.0600024177890699	0.87125089681442	85
0.0575172163434201	0.783229267431462	963
-0.0720448316892299	0.478570790474717	85
-0.03413151442339	1.46622352864239	325
-0.01013816822322	1.95482421473912	325
-0.05450583170553	0.909610308903803	85
0.06638136719746	1.65998035325673	85
-0.07317688836652	0.473648243082631	92
-0.07280539644993	0.477448564652232	85
-0.06712201309321	0.475136223572177	208
-0.07516366431697	2.16298960523353	85
-0.0717777566350599	0.477074019570971	85
-0.0452335922615199	0.900174346618307	469
-0.0717777566350599	0.477074019570971	963
-0.0710166103938501	0.478193832396807	385
-0.0720448316892299	0.478570790474717	385
-0.0691850616331	0.474993175817053	85
-0.11293855455943	1.84676749398657	85
0.05816203902384	0.773856683030631	85
-0.0508495337336901	0.906635016822695	92
-0.0760405310832699	0.472583961120929	85
-0.07214806860361	0.469601658503721	208
0.0491566799541401	0.775770930689392	385
-0.0461163640640201	0.899940263757045	963
-0.06891673227405	0.478167346987275	963
-0.0691850616331	0.474993175817053	963
-0.11198946263362	1.05310819485188	85
-0.11875416035798	1.04453223568991	105
-0.0717777566350599	0.477074019570971	208
-0.0720448316892299	0.478570790474717	85
0.05596010072993	0.789495909237653	385
-0.0717777566350599	0.477074019570971	385
-0.0730725863230399	0.472854481440801	85
-0.04819819401086	0.902763125963225	85
0.0206536387079399	1.80400882383915	208
0.05596010072993	0.789495909237653	208
-0.0357349362483901	1.45692650164339	85
-0.0560527018019099	0.899076046888398	385
-0.0631026820943901	0.888554431570822	963
0.11192820217916	1.10965503085579	963
-0.05559741411602	0.896257170029596	85
-0.0634429835727801	0.874390513241176	85
0.0510865687348601	0.772983662632903	85
-0.05925023321634	0.89435459715547	85
0.0136534422610599	1.25336851594292	85
-0.11561062778004	1.06329772875786	85
-0.0342109852396799	2.42616248765148	816
-0.04942604385891	0.90944503896517	469
0.0170667423367801	1.80578245409121	85
0.0510220935161501	0.778798937917858	208
-0.11921085341362	1.04474875928814	85
-0.05362198903316	0.912150936562615	85
0.10819003516868	1.11540130943778	1035
0.0481125729771801	0.771761590408387	85
-0.0438161310052401	2.08505310912874	85
-0.0720448316892299	0.478570790474717	385
-0.0484210013097599	0.885157069891946	385
-0.0699879229667999	0.472328161227103	963
0.05324176552158	0.789473162707191	85
-0.07280539644993	0.477448564652232	816
-0.0681537716474701	0.479292741706694	469
-0.0710166103938501	0.478193832396807	469
-0.0681537716474701	0.479292741706694	963
-0.0770658266540301	0.472946291653134	325
-0.0501790700653699	0.883449335706573	85
-0.07280539644993	0.477448564652232	85
0.05816203902384	0.773856683030631	92
-0.0720448316892299	0.478570790474717	85
-0.0699879229667999	0.472328161227103	85
-0.07280539644993	0.477448564652232	85
0.0175891549459399	1.26411832797244	816
-0.0574806497426299	0.898690992261966	816
-0.0720448316892299	0.478570790474717	469
-0.07280539644993	0.477448564652232	963
-0.07280539644993	0.477448564652232	1035
-0.0730725863230399	0.472854481440801	1035
-0.07317688836652	0.473648243082631	85
-0.06712201309321	0.475136223572177	85
-0.0720448316892299	0.478570790474717	85
-0.0691850616331	0.474993175817053	85
-0.0730725863230399	0.472854481440801	85
0.11347793154629	1.11341005732071	469
0.0508334283573899	0.786182588324621	469
0.0499272437457801	0.785062078842457	963
0.05596010072993	0.789495909237653	1035
0.11612957836653	1.11376953298516	1035
-0.0720448316892299	0.478570790474717	1035
0.0198775845080801	1.29452339506382	325
-0.0699474380288001	0.473890200865325	85
0.0550531257249101	0.792542427995745	208
-0.0541759276551099	0.892195392884521	385
-0.06712201309321	0.475136223572177	963
0.0593870206300999	0.78344810605566	963
-0.0699474380288001	0.473890200865325	963
-0.11031292522081	1.06793803826448	325
-0.11875416035798	1.04453223568991	816
-0.05131365703933	0.897754287048091	469
0.056606241661	0.779912172364091	963
-0.0710166103938501	0.478193832396807	1035
-0.11384028441925	1.07084756345947	85
-0.0742052468557199	0.469453428525921	85
-0.0707496515431201	0.471239687923602	85
-0.0760405310832699	0.472583961120929	85
-0.0691850616331	0.474993175817053	85
0.0514862837782999	0.776653741316405	325
0.0159146433267801	1.27203595667889	816
0.0499272437457801	0.785062078842457	469
-0.0699879229667999	0.472328161227103	385
0.1183618473934	1.12182165715717	1035
-0.06603988765179	0.469223739016395	85
0.10593545605421	1.11308268825983	85
-0.0691850616331	0.474993175817053	85
-0.0730725863230399	0.472854481440801	85
-0.0699879229667999	0.472328161227103	85
-0.0389216708197	1.46156275082955	816
-0.06926546790303	0.465378566229971	469
-0.0699474380288001	0.473890200865325	1035
-0.0710166103938501	0.478193832396807	1035
0.0541478364472301	0.79255832938947	1035
-0.0738325704557401	0.471762089576048	1035
-0.0717777566350599	0.477074019570971	1035
-0.06712201309321	0.475136223572177	325
0.10917596688031	1.13177488413413	1035
-0.0730725863230399	0.472854481440801	85
0.0523349170960601	0.780491055902145	85
-0.06712201309321	0.475136223572177	208
-0.0681537716474701	0.479292741706694	85
0.02298221633493	1.26722317707949	469
-0.10579351033087	1.06867532893572	1035
0.0098228088102299	1.2098217366848	1035
-0.12323521378374	1.03816908697417	85
0.0228929626824299	1.27100971981321	85
0.05687223512352	0.771439580241442	85
0.06217651996798	0.760268186334815	85
-0.02023085195978	2.43794643645765	816
0.0177058456085299	1.27448698356964	469
-0.0720448316892299	0.478570790474717	1035
-0.06891673227405	0.478167346987275	1035
-0.0770658266540301	0.472946291653134	1035
0.0600305246322299	0.7740873125592	85
-0.06891673227405	0.478167346987275	85
-0.0710166103938501	0.478193832396807	85
-0.07317688836652	0.473648243082631	85
-0.05559741411602	0.896257170029596	85
-0.05625674788163	0.902868618476487	208
-0.0730725863230399	0.472854481440801	85
-0.0720448316892299	0.478570790474717	85
-0.07280539644993	0.477448564652232	85
-0.0691850616331	0.474993175817053	816
-0.0730725863230399	0.472854481440801	85
-0.0720448316892299	0.478570790474717	469
-0.0710166103938501	0.478193832396807	1035
-0.07809066276743	0.467369829987504	1035
-0.0691850616331	0.474993175817053	1035
-0.07809066276743	0.467369829987504	1035
-0.0707496515431201	0.471239687923602	85
-0.0699879229667999	0.472328161227103	85
-0.0710166103938501	0.478193832396807	85
-0.0720448316892299	0.478570790474717	85
-0.07280539644993	0.477448564652232	85
-0.0720448316892299	0.478570790474717	85
-0.05958982171489	0.889688334717327	816
-0.0760405310832699	0.472583961120929	469
-0.07280539644993	0.477448564652232	1035
-0.0699474380288001	0.473890200865325	1035
-0.07280539644993	0.477448564652232	1035
-0.0681537716474701	0.479292741706694	85
-0.0742052468557199	0.469453428525921	85
0.0491566799541401	0.775770930689392	85
0.0523349170960601	0.780491055902145	85
-0.0770658266540301	0.472946291653134	85
-0.0730725863230399	0.472854481440801	85
-0.04888650320908	0.897232126223851	85
-0.0699474380288001	0.473890200865325	85
0.0487676141282201	0.762654331068483	85
-0.0955483164601401	1.7434631221383	816
-0.0742052468557199	0.469453428525921	469
-0.0652751037252599	0.470301214618162	1035
-0.0720448316892299	0.478570790474717	1035
-0.0720448316892299	0.478570790474717	1035
-0.06891673227405	0.478167346987275	1035
0.0550531257249101	0.792542427995745	1035
-0.0720448316892299	0.478570790474717	85
-0.07029737548226	0.46489469838612	85
0.0625248525548301	0.762381298188905	85
-0.0710166103938501	0.478193832396807	325
-0.0717777566350599	0.477074019570971	85
-0.0691850616331	0.474993175817053	85
-0.0717777566350599	0.477074019570971	85
-0.0717777566350599	0.477074019570971	469
-0.06891673227405	0.478167346987275	1035
-0.07317688836652	0.473648243082631	85
0.0154752432826399	1.2841999560672	1035
-0.0351327604618299	1.44744866177588	85
0.10642109993948	1.11757205951485	85
0.10730539636011	1.11763338649697	85
-0.0105897617955999	1.94508484388406	469
-0.11562569181816	1.02014807725427	1035
-0.11971768889195	1.05617563035122	1035
0.0186484784890999	1.25229494486277	1035
-0.0171780047006	1.95469526166967	1035
0.0590964482916701	0.775729844473512	85
-0.0559197410137899	0.872438109992666	325
-0.11153848383706	1.04218355087161	85
0.04851075015852	0.775082213195586	85
-0.11424263104536	1.06581524493349	85
0.11384544599427	1.13290308531944	85
-0.05119277284716	0.903239516351666	85
-0.06712201309321	0.475136223572177	85
-0.0707918072035401	1.61145543576079	1035
-0.03164505959246	1.46242329116776	1035
-0.11747189177229	1.03748289732405	85
-0.11430207498762	1.03834205934801	85
-0.11298576571678	1.05457357465031	85
-0.06167609567665	0.883235293855931	85
0.06217651996798	0.760268186334815	1035
0.07303267845109	2.13433674092318	325
0.07430056311719	1.68425377058908	85
0.04851075015852	0.775082213195586	85
0.0207540543716001	1.29202100680109	85
-0.0418154566242801	1.40535333297328	469
-0.0726644767884299	1.60305772308032	1035
-0.0710166103938501	0.478193832396807	208
-0.04023700510095	2.37406776439429	469
-0.06221874894826	0.891755340993512	445
-0.0147097347804399	1.92410450037836	208
0.11370822994153	1.11687883965381	85
0.0523349170960601	0.780491055902145	85
-0.03665948392448	1.45564430853685	85
-0.0710166103938501	0.478193832396807	85
0.11422125981433	1.10541986681833	2334
-0.0730725863230399	0.472854481440801	1035
0.11561441444196	1.13002115894449	85
0.0499272437457801	0.785062078842457	85
0.0508334283573899	0.786182588324621	85
0.0557024721889701	0.782855365464993	1035
0.0201408716454901	2.26684105362862	325
-0.0563932691393201	0.887955911631287	674
-0.10983232271809	1.07306394539463	208
-0.0707496515431201	0.471239687923602	208
0.0497871881301699	0.75330350524865	85
-0.0346505245161199	1.4554741970364	85
0.0575172163434201	0.783229267431462	1035
-0.0770658266540301	0.472946291653134	85
-0.0720448316892299	0.478570790474717	208
-0.0720448316892299	0.478570790474717	674
-0.07280539644993	0.477448564652232	1035
-0.05693690627147	0.899952167138894	325
0.05037749003109	0.778108225282062	85
0.0207540543716001	1.29202100680109	208
0.0508334283573899	0.786182588324621	325
-0.0720448316892299	0.478570790474717	674
0.0469554682703801	0.770648218228337	325
-0.12189303251075	1.02861988688256	85
-0.07280539644993	0.477448564652232	674
-0.0707496515431201	0.471239687923602	674
0.11659243857844	1.1214962789091	1035
-0.1146438303883	1.04568985451201	325
-0.0730725863230399	0.472854481440801	85
-0.07317688836652	0.473648243082631	85
-0.0730725863230399	0.472854481440801	674
-0.11278099592656	1.67292756878187	2334
0.07686447864095	1.69879834804718	1035
0.05593617805507	0.763735038767944	325
0.05593617805507	0.763735038767944	856
-0.10531408285865	1.06614111777347	85
-0.10500841932108	2.3357205011912	1035
0.0783656671452	1.68713119851189	1035
0.0510220935161501	0.778798937917858	1035
0.0584522846205799	0.785152960886062	856
0.10501728540832	1.11367971228502	85
-0.0707496515431201	0.471239687923602	325
0.04420955275129	0.767002796647347	85
-0.0699474380288001	0.473890200865325	674
0.05324176552158	0.789473162707191	674
0.0180592590222901	1.2825847987417	85
-0.0720448316892299	0.478570790474717	1035
-0.12319778417063	1.82555103536227	85
0.10730539636011	1.11763338649697	674
-0.0742052468557199	0.469453428525921	674
0.01922024344436	2.26453560240782	1035
-0.0710166103938501	0.478193832396807	1035
-0.07317688836652	0.473648243082631	85
-0.0332852078781001	1.46316584732623	325
0.11332930573327	1.13135282105774	325
-0.0356776941263499	2.42791361511939	85
0.0718726749349401	1.68934848875828	208
-0.0394076586629799	1.45651809334001	85
-0.01445344972799	1.93759497003458	325
-0.01952563134209	1.93020013876782	85
-0.11287482858105	1.05296061531186	674
0.0526434754852001	0.781039269293486	85
-0.0563146600321101	2.48078471911787	1035
-0.00915173177303008	1.94492663120305	1035
0.0141651731429999	1.246899132023	325
-0.03284437717829	1.45620746984174	801
-0.0361762906595799	1.44686949152104	1035
-0.0557112695906801	0.89485838223341	325
-0.11653970979371	1.0650124064402	85
0.0207540543716001	1.29202100680109	325
-0.11558617561792	1.05074498632805	85
-0.07280539644993	0.477448564652232	85
-0.06891673227405	0.478167346987275	85
0.10652421105518	1.10424457952582	85
-0.05308013978115	0.899784327074712	85
0.0634588788235999	0.762587148801285	85
-0.0555095759180699	0.887122302549502	208
-0.05782116202135	0.89884378472194	85
0.10749433970273	2.07036476876111	1035
-0.07280539644993	0.477448564652232	436
-0.0738325704557401	0.471762089576048	85
-0.07280539644993	0.477448564652232	325
0.10969397091784	1.13333925128269	325
0.0514862837782999	0.776653741316405	446
-0.0720448316892299	0.478570790474717	85
-0.0681537716474701	0.479292741706694	85
-0.07809066276743	0.467369829987504	436
0.0099617009447901	1.77021505910227	85
-0.0532935465805	0.893700728671311	85
-0.0529487123119301	0.901240116905507	85
-0.10713440108422	1.05363797107053	85
0.0893562393541201	2.43900037069221	85
-0.0714961922127699	1.62397843604301	85
0.0588048514703701	0.758790873700465	85
0.0589198365325101	2.14419693637024	450
-0.0817753678408599	1.56953814117612	85
-0.11872628333777	1.04968061366915	325
0.05479791616394	0.782861546376213	436
-0.0625595131035199	0.88010420661249	446
0.0168003890534301	1.28831642679848	85
-0.03848049913292	1.45783148566448	85
-0.10127648753366	1.74295939912329	85
0.0193855975408199	1.27319355643625	446
0.10694042083548	1.10160831055761	85
-0.11832555242347	1.04794864249874	85
-0.0348191567794001	1.43310152728507	85
-0.05416394288337	0.910864209091877	85
-0.11695792412355	1.05188273551774	325
0.00212626293612006	1.69391246274853	85
-0.05131365703933	0.897754287048091	85
0.1109454935159	1.13190593364086	85
0.0508334283573899	0.786182588324621	85
0.05324176552158	0.789473162707191	208
-0.03662364773052	1.4524198896857	85
0.0111498454177901	1.23608259084576	85
0.0251989837398101	1.29601920464227	85
-0.0178548289168901	1.89258860512537	85
-0.0524112372475001	0.892579716591116	85
0.10593545605421	1.11308268825983	208
-0.11384331001313	1.86174805247125	85
-0.0355494286193301	1.46549101788668	85
0.0750064062870599	1.68834456015452	85
0.0739343007525	1.64173275802223	450
0.0163563539993901	1.26205613425016	85
-0.05362198903316	0.912150936562615	85
0.07550044398862	1.69356148932157	85
-0.0705594527392199	1.62538082773814	85
-0.05327964510102	0.91099682350394	450
0.05689453791152	0.780961513779423	85
0.0559991835323801	2.16530264702773	85
0.0505808284801501	0.77555938050866	450
-0.0720448316892299	0.478570790474717	450
0.0514862837782999	0.776653741316405	450
0.0510865687348601	0.772983662632903	85
-0.0770658266540301	0.472946291653134	85
0.0634072935138601	1.66575912335845	85
-0.0652751037252599	0.470301214618162	85
0.01914917805877	1.84291356490167	85
-0.06169959843359	2.14739451122699	85
-0.08263415522727	1.57499430841924	85
-0.0717777566350599	0.477074019570971	85
0.01793350314541	1.78683781064316	85
-0.11266259120064	2.33040395651638	85
-0.10835033714637	1.71146124100041	450
0.04395807946956	0.758599753736892	85
-0.00746133174371	2.35575869108636	85
-0.0355494286193301	1.46549101788668	85
0.0541478364472301	0.79255832938947	85
0.0505808284801501	0.77555938050866	85
-0.05138979471127	0.892615674789939	450
-0.08968888129071	2.26965641512466	85
0.10881014861691	1.12910670530083	85
-0.05714006279032	0.905086842963566	85
-0.00965967030468007	1.9550902322021	85
0.0499272437457801	0.785062078842457	85
-0.11342830159654	1.86083588907704	563
-0.05052563133639	0.893146884690206	85
-0.0385060666875701	1.44470063174563	85
-0.0203100547719	1.94707127666745	563
-0.0305277331940501	1.42914621412897	563
-0.11074080488637	1.06175617003479	325
-0.01724528081569	1.94327164392883	325
0.0782291014354299	1.69016681834783	450
0.11561441444196	1.13002115894449	85
0.0633374750712401	2.16065370754095	85
0.0590964482916701	0.775729844473512	46
0.02080585823763	1.82168330112724	85
-0.0307992442159599	1.45929392928655	450
-0.10579351033087	1.06867532893572	85
-0.0699474380288001	0.473890200865325	85
-0.06926546790303	0.465378566229971	46
-0.0523954066007699	0.90874542512987	85
0.10718940088474	1.12500364394142	450
-0.0699879229667999	0.472328161227103	450
-0.04701120849198	2.06971258444163	85
-0.0710166103938501	0.478193832396807	46
-0.10579351033087	1.06867532893572	46
-0.12224766675337	1.84151262992676	85
-0.0750195426014999	1.59417675756508	85
-0.07280539644993	0.477448564652232	450
-0.0625595131035199	0.88010420661249	85
0.0513103608057199	0.775222255169698	450
0.02426842556228	1.29092866942842	85
-0.0691850616331	0.474993175817053	1403
-0.05065220346456	0.891212773637663	85
-0.0760405310832699	0.472583961120929	450
-0.06822643042667	1.61370494987819	450
-0.01531472121024	1.95114213642159	85
-0.0720448316892299	0.478570790474717	1154
-0.0717777566350599	0.477074019570971	46
0.0553826172195999	2.11878591641393	85
0.11421406089321	1.13145762266747	450
-0.0583660358612601	0.893680513892052	1154
0.0186391641326	1.27179292353335	85
-0.11024899915544	1.06901855725387	85
0.0294007232336899	2.26276741800628	85
0.0699204889920599	1.66474713910972	450
0.10682022262712	1.11444507093232	450
-0.11206763144393	1.06877890620314	450
-0.0999876061009899	1.75484043874719	85
0.05173884031121	0.784928292248589	46
-0.0191029999135801	1.93224560743192	85
-0.07214806860361	0.469601658503721	450
0.0171935456980701	1.27195162410351	46
-0.06891673227405	0.478167346987275	46
-0.1008538135194	1.0303513345682	85
0.10947653953121	1.10210483121126	85
-0.0730725863230399	0.472854481440801	46
-0.05613655057499	0.886160837862887	46
-0.0568149525256001	0.876317754606268	563
0.05239096568043	0.775447909362186	450
0.0496746038970799	0.771811008207858	46
-0.0720448316892299	0.478570790474717	46
0.05239096568043	0.775447909362186	85
-0.11384028441925	1.07084756345947	85
-0.0613348698126699	0.892858676693574	450
0.02165358754744	1.2891457448146	52
-0.0720448316892299	0.478570790474717	85
-0.0872700071947301	2.27167417397444	1459
0.11649939524439	1.12333702799494	85
-0.04822596088055	0.881970911117199	85
-0.0364308447398101	1.46248411037724	563
0.0198775845080801	1.29452339506382	450
-0.09767656255056	2.34114161310441	85
-0.0681537716474701	0.479292741706694	46
-0.04888650320908	0.897232126223851	563
0.0177810716410201	1.81733894664636	52
-0.00212169296294995	2.38568400114291	85
-0.06891673227405	0.478167346987275	46
-0.0720448316892299	0.478570790474717	46
0.10792666401534	1.12130030496365	183
0.11747697996044	1.1233986976796	1459
0.0590964482916701	0.775729844473512	46
-0.00260168405656991	1.94126854244938	563
0.0606830505652201	2.12817964604306	85
-0.0948075297718001	2.25338490406443	85
0.10602294053134	2.03722008429883	46
0.0532333674660499	2.13769692970491	450
-0.0450363768365101	2.07029492148949	450
-0.00700337915874005	1.95075761642286	450
0.0920035653534601	2.46698678946212	85
0.05687223512352	0.771439580241442	85
-0.0787410710101799	1.56476712026777	85
0.05239096568043	0.775447909362186	85
0.000676050002500039	2.32071600278846	1459
-0.07543181105896	1.58906821750671	450
-0.0590261759184201	0.880657500071972	52
0.0550531257249101	0.792542427995745	1490
-0.0710166103938501	0.478193832396807	183
-0.0699474380288001	0.473890200865325	183
0.05037749003109	0.778108225282062	1459
0.11422125981433	1.10541986681833	450
0.0749246057484301	1.6948274883958	52
-0.05537349844875	0.897830680231258	1490
-0.05194481545137	0.879711007626854	1459
-0.09929037920377	1.68578149058864	85
0.00310132696550003	2.3658070874111	85
-0.07280539644993	0.477448564652232	85
-0.0681537716474701	0.479292741706694	183
0.0572330117628701	0.75793271466948	52
-0.0720448316892299	0.478570790474717	183
-0.05273820465056	0.912281557043227	52
0.07297996046841	1.67684174722487	450
-0.0710166103938501	0.478193832396807	183
0.05479791616394	0.782861546376213	183
-0.0745449370748299	1.59523432760348	450
-0.0681537716474701	0.479292741706694	183
0.10777316581889	1.10898851418797	183
0.0541478364472301	0.79255832938947	85
-0.0691850616331	0.474993175817053	183
0.05324176552158	0.789473162707191	183
0.0557024721889701	0.782855365464993	183
-0.11435709000424	1.05144916359368	1459
-0.0529487123119301	0.901240116905507	450
0.0159021008133999	1.2869448846735	52
-0.0730725863230399	0.472854481440801	183
-0.06891673227405	0.478167346987275	183
0.10846334643386	1.08301428618786	183
0.11384544599427	1.13290308531944	52
-0.07809066276743	0.467369829987504	52
-0.0681537716474701	0.479292741706694	183
-0.0720448316892299	0.478570790474717	183
-0.10893921961571	1.05921467782496	450
0.07186347543957	1.68728160534205	52
-0.11605882472058	1.05205951626881	52
-0.0681537716474701	0.479292741706694	183
-0.0681537716474701	0.479292741706694	183
-0.07280539644993	0.477448564652232	1459
0.0251989837398101	1.29601920464227	52
-0.06603988765179	0.469223739016395	52
-0.0720448316892299	0.478570790474717	1459
0.0466699065774101	0.772502733813019	52
-0.11384028441925	1.07084756345947	183
0.0242598132777001	1.29295172940928	1459
-0.05327964510102	0.91099682350394	1459
0.1100546438375	2.04643853397781	52
0.02683704706264	1.28186507956792	46
-0.06712201309321	0.475136223572177	52
0.0590964482916701	0.775729844473512	52
-0.05416394288337	0.910864209091877	52
-0.0678855588124401	0.474033268230349	183
-0.0760405310832699	0.472583961120929	183
0.10954288735947	1.11441660122293	52
0.0499272437457801	0.785062078842457	1459
0.05479791616394	0.782861546376213	1459
-0.02980772557662	2.47326004460151	450
-0.0710166103938501	0.478193832396807	52
-0.07280539644993	0.477448564652232	1459
0.0593870206300999	0.78344810605566	52
-0.1214730759709	1.03982329214537	1459
-0.0560527018019099	0.899076046888398	1459
-0.07221228179933	1.59769785683949	1459
0.02426842556228	1.29092866942842	1459
-0.07084661401625	1.58398590622291	1459
-0.0887316209332101	1.75638391253898	52
-0.01766777596071	1.94120920014521	1097
-0.05362198903316	0.912150936562615	1459
-0.0600686422404599	1.98858053833582	1459
-0.0702825123936599	1.6060090323375	1459
0.05173884031121	0.784928292248589	1459
-0.11921085341362	1.04474875928814	52
-0.06891673227405	0.478167346987275	1459
0.0526434754852001	0.781039269293486	1097
0.10272165755068	2.01165603545365	1097
-0.1089342336533	1.07192675451941	1459
-0.09546343293161	1.71770753445636	1459
-0.0539634699884799	0.897318330466655	696
0.06375212291528	0.765588533867306	1097
-0.0710166103938501	0.478193832396807	1097
0.05440363611776	0.780361677510396	1459
-0.0681537716474701	0.479292741706694	1459
0.11333659646118	1.10356253100996	696
-0.11880988904677	1.0313849638098	1459
0.0623866232745001	1.65400601367979	1459
-0.07280539644993	0.477448564652232	1459
-0.0770658266540301	0.472946291653134	1459
-0.05944783356795	0.892119095201941	1514
-0.0707496515431201	0.471239687923602	1097
-0.0730725863230399	0.472854481440801	1097
-0.0681537716474701	0.479292741706694	1097
-0.06926546790303	0.465378566229971	1459
-0.0699474380288001	0.473890200865325	1459
-0.0730725863230399	0.472854481440801	1459
-0.11743908395017	1.06484566219605	1459
0.0273046330253199	1.28317754607251	1514
-0.0770658266540301	0.472946291653134	1097
-0.0699474380288001	0.473890200865325	1097
-0.07317688836652	0.473648243082631	1097
-0.0710166103938501	0.478193832396807	1097
-0.0760405310832699	0.472583961120929	1097
-0.06891673227405	0.478167346987275	1459
-0.0298733734221199	1.46421376812809	52
-0.11561062778004	1.06329772875786	1097
-0.06221874894826	0.891755340993512	1459
0.0825211849712699	1.63731922503183	1459
-0.0563932691393201	0.887955911631287	1459
0.0457640659241601	0.771410399129658	1459
0.10969397091784	1.13333925128269	1459
-0.0738325704557401	0.471762089576048	1459
0.01761609305145	1.27688903002628	52
0.04822347814988	0.767098448060829	1097
0.10868136815001	1.12139965942512	1097
0.10443883164787	1.0957912288603	1097
-0.05416394288337	0.910864209091877	1459
0.01569295356989	1.77102491892813	1459
-0.05185448000311	0.910021425154128	1459
-0.06891673227405	0.478167346987275	1097
-0.0710166103938501	0.478193832396807	1097
0.0513103608057199	0.775222255169698	1097
-0.0681537716474701	0.479292741706694	1459
0.0541478364472301	0.79255832938947	1459
-0.0699474380288001	0.473890200865325	1459
-0.0607927327164499	0.884320469745859	1459
-0.03755249586801	1.45648420796921	1097
-0.0638858749925899	1.61305683989668	1097
-0.11429606667845	1.06576613605417	1459
0.01983204249337	1.26759681238754	696
-0.0613348698126699	0.892858676693574	696
-0.0817187650810101	1.57477269130274	1459
-0.0699879229667999	0.472328161227103	1459
-0.0698857824399399	1.60182522010733	1459
-0.0981574479285701	2.22134778395463	1459
0.0496746038970799	0.771811008207858	1459
0.07165091258024	1.67399682760418	1459
-0.0236907112682301	1.94192999400176	52
-0.11921085341362	1.04474875928814	1459
-0.12041202021765	1.82821101731824	1459
0.0476024765398	0.771332727138389	52
0.112823124392	1.11498339295003	1459
-0.06542797141098	2.15508563006627	1097
0.0656991343550899	1.68878712740581	1459
-0.09198202979667	2.26732225560674	1097
-0.12275629176795	1.82469132569475	1459
0.0525817298843401	2.0935168919356	1459
0.07399615447152	1.69664110800774	1459
-0.11343678852673	1.0658536949288	52
0.01549217207565	1.26396738172657	1459
0.11281306188836	1.11274762483204	52
0.05549812670287	2.16657461362498	1097
0.0384124585130301	2.23888094914082	1097
0.10605689992627	1.09931070309845	1097
0.11183076272112	1.12784404487393	1459
-0.01920411152906	1.95569671266643	52
-0.0258118772824001	1.45380383709388	1459
-0.11164062541972	1.05853021149368	1459
-0.06648535942826	1.60481463331111	1459
0.11924704050876	1.11632929809609	1459
-0.09854546695094	1.7623183765328	1097
0.0265244817785399	1.29028220482083	1459
0.11082325682658	1.10833047350856	52
-0.0581608093624899	0.883734076078182	1459
0.05479791616394	0.782861546376213	1459
-0.0717777566350599	0.477074019570971	1459
-0.09308986799676	1.75294474445407	52
0.0642756181677	1.58990447989845	1459
-0.0699474380288001	0.473890200865325	1459
0.10682022262712	1.11444507093232	1459
-0.0439922345107999	1.41710375931917	52
-0.0691850616331	0.474993175817053	1459
0.0538033505100699	0.771118615805415	1459
0.0523349170960601	0.780491055902145	1459
0.09060763821006	2.47014117825388	52
0.0921063134351501	2.45606444105459	52
0.0198775845080801	1.29452339506382	905
0.0172706381638601	1.28966551684397	52
-0.0699879229667999	0.472328161227103	52
-0.0710166103938501	0.478193832396807	1459
-0.05273820465056	0.912281557043227	52
-0.0738325704557401	0.471762089576048	52
-0.0839519615181501	2.21323755630809	425
-0.03779185009233	1.42705239791674	52
-0.0691850616331	0.474993175817053	52
0.0483658284992801	0.769354800829021	1459
-0.0730725863230399	0.472854481440801	1459
-0.0350612221171001	1.46923173220405	52
0.10453378394352	1.12065890271037	1459
-0.0250969466425099	1.46176813089778	52
0.10374601335241	2.01806922257162	52
-0.11837681914758	1.82932304114899	52
0.0550531257249101	0.792542427995745	1459
-0.0738325704557401	0.471762089576048	1459
-0.11297637979416	1.06502320237832	52
-0.0364308447398101	1.46248411037724	52
-0.0681537716474701	0.479292741706694	52
-0.11609306914582	1.05378862689302	52
-0.0505054322988601	0.894116244598655	52
0.05037749003109	0.778108225282062	52
0.11296145903304	1.12969623516501	425
-0.0557303008729799	0.880771182567918	52
-0.0613348698126699	0.892858676693574	52
-0.0572770140919201	0.886872510740763	52
-0.0720448316892299	0.478570790474717	52
-0.06655560366874	2.18696453456305	52
-0.0681537716474701	0.479292741706694	52
-0.05327964510102	0.91099682350394	52
0.10553714619583	1.11520532991291	52
-0.05362198903316	0.912150936562615	52
0.0499272437457801	0.785062078842457	52
-0.0490819064799399	0.906998237084462	52
-0.0403339755952801	1.45247393889486	1699
-0.0681537716474701	0.479292741706694	52
-0.0252924593086701	1.9076143605774	52
-0.11966892062252	1.03800553037563	2293
-0.0681537716474701	0.479292741706694	491
-0.03160481757455	2.45049509105091	425
0.0564205228554899	2.1723387674927	2293
0.0235073215687101	1.26782949655618	1699
-0.07280539644993	0.477448564652232	52
0.0557024721889701	0.782855365464993	1699
-0.12493002043115	1.84681661481745	1699
-0.04322829845404	1.42987786040699	2293
0.11570822361269	1.11563553359313	52
-0.07809066276743	0.467369829987504	52
-0.0708718885386099	1.59712398380106	425
-0.0699474380288001	0.473890200865325	52
0.10392146568314	1.10711445174254	1699
0.05298646108828	0.771155088677583	312
-0.0587054676384899	0.895608179697363	312
-0.0699474380288001	0.473890200865325	312
-0.0182649544737199	2.44319603987837	1171
-0.0821311557063	2.10245208445164	1171
-0.0471921435692999	0.885064104136237	52
0.03265235944436	1.82828621318789	52
-0.0924020957658001	2.26758043086748	312
-0.09290136976257	1.74497980707882	52
-0.05273820465056	0.912281557043227	52
0.11384544599427	1.13290308531944	312
0.0514862837782999	0.776653741316405	52
-0.0903427368245999	1.73427534722343	52
0.0692702122451701	1.68358333851238	312
0.0733020062480301	1.70449496510275	312
-0.10936121991165	1.06309152229569	312
0.10829171007831	1.12755164681823	312
0.0233748202166399	2.24655837027493	1171
0.0244648199046	1.82001855361408	52
-0.1229630200137	1.83354767182377	312
0.11747697996044	1.1233986976796	312
0.0265650724217199	1.27354013156956	312
0.05479791616394	0.782861546376213	312
-0.00397227253822008	2.36483263518018	1171
-0.07200279974789	1.62102386514733	52
-0.0710166103938501	0.478193832396807	52
-0.0161573507192101	1.97135305490664	52
0.0224667666285601	1.28988108894869	52
-0.0699474380288001	0.473890200865325	52
0.0587433595831299	0.771678233328882	52
-0.0710166103938501	0.478193832396807	52
-0.11912586561901	1.04167753685122	52
-0.0681537716474701	0.479292741706694	52
-0.11198946263362	1.05310819485188	52
-0.0681537716474701	0.479292741706694	1131
-0.0590264934004301	1.60997799670929	52
0.05479791616394	0.782861546376213	312
-0.1160696397198	1.05320442843489	52
-0.06891673227405	0.478167346987275	286
-0.0681537716474701	0.479292741706694	286
-0.06424025149337	0.470793566917827	52
-0.05944783356795	0.892119095201941	312
0.05173884031121	0.784928292248589	312
-0.12275115020602	1.02592045674698	1131
-0.0678855588124401	0.474033268230349	286
-0.0717777566350599	0.477074019570971	312
-0.06891673227405	0.478167346987275	286
0.0492735110912199	0.773083861620571	286
-0.0681537716474701	0.479292741706694	286
-0.11287482858105	1.05296061531186	286
-0.05693690627147	0.899952167138894	52
-0.10427280344981	1.67391281786489	312
0.11735635694508	2.06296206826638	286
0.10969397091784	1.13333925128269	52
0.05324176552158	0.789473162707191	52
-0.0360116763959999	2.06053689075	312
-0.0657132863336301	1.61226954975054	286
-0.11872628333777	1.04968061366915	52
-0.0539634699884799	0.897318330466655	312
-0.0760405310832699	0.472583961120929	286
0.10074659058299	1.09371687252224	52
-0.00634332404987004	2.37884905309851	52
-0.0538315421281801	0.902399080424598	286
0.0325644760241799	2.26513997983086	52
0.11547941625482	1.10990126239624	52
-0.0691850616331	0.474993175817053	52
0.10956637967944	1.12457939314553	52
-0.06891673227405	0.478167346987275	52
-0.0437074430368301	1.38503016863874	286
0.07143776960629	1.69388631719992	286
-0.11906653468444	1.82998268355829	286
-0.0803320029063801	1.58370222950203	286
-0.0760152739859801	1.56724963697087	52
