x	y
-0.986897803489016	0.485964886106678
-0.521015033333455	0.395190868508535
-0.259658971794702	0.130028447273462
-1.01434522395822	0.909022152084162
-0.782175372677927	0.349105651546352
-3.09280325935961	0.972693856185307
-0.0877435377039806	0.0538977650833644
0.161983536894092	0.0988204880344329
-0.372732473872603	0.110746709749891
-0.162841987508279	0.0593911034514988
-0.514648666539411	0.39150712502122
-0.802716515349675	0.702906190735838
-0.79447556135435	0.35114753561787
-0.313595111923063	0.142732969105774
-0.236008497146937	0.0772385840822939
-0.669447948468175	0.394293813772971
-0.323000322359989	0.150488009456996
-0.75074715029621	0.263334856390217
-0.730218230330723	0.843258355199247
-0.89990759867874	0.824206016747839
-0.462947941787532	0.435398684347891
-0.558859961009597	0.597664871010611
-0.184741928069722	0.175775542584358
-0.726366628813051	0.762312625843737
-0.542964217103711	0.209381461466314
-0.491025841559969	0.313058153549945
-1.51489576253657	0.779306542306768
-0.645039859339519	0.588466213293499
-0.515986388343823	0.389271013341547
-0.316683001912715	0.26138517980963
-0.285912723844639	0.242129084911615
0.531371178403689	0.697195150310788
-0.00116075491971288	0.000787324124060511
0.163733216074226	0.124938814368402
-0.867816122050645	0.93646235684222
0.685222872741535	0.793014838869143
-0.496907727449094	0.427468464584763
-0.424666545716178	0.434674451114259
-0.678788097484002	0.805204226515953
-0.409612803614755	0.232525355403212
-0.220966416786217	0.203326891549259
-0.349773949350157	0.210652114337996
-0.388521746678223	0.389717728582833
-0.794768916644375	0.978151229900728
-0.207026099404235	0.163377018561858
-0.331189375300464	0.299764339979417
-0.251561353376618	0.125782349035544
-0.409356992777883	0.285950413146724
-0.551646427659173	0.470781942168905
-0.460868311439559	0.361794272000929
-0.423213983123752	0.399807563258016
-0.176301949347638	0.137561454640114
-0.441336846186912	0.38355620475823
-0.674384273208902	0.789637119067658
-0.470678919970471	0.448906078826238
-0.541526200228757	0.456083338286112
-0.537733219816945	0.447267670863916
0.0250559222659268	0.01433774189353
-0.393775503951434	0.346316839844622
0.156070066052456	0.0962271062195474
-0.664727825308312	0.64946193649685
-0.316518386671887	0.262613642796945
0.479365684645202	0.613308288681305
-0.2845149592152	0.300183669006757
-0.574046547377873	0.532078619873843
-0.59319492764547	0.594448658043078
-0.562062091767942	0.357479174853823
-0.618379141965204	0.294208581548764
-1.01959521518345	0.936718389944069
1.01985351593144	0.956216210046319
-0.0642826190493496	0.0409947360938781
0.492929619696885	0.526891909045611
0.275143423817653	0.202049472399533
-0.0218861978207812	0.0146084673849686
-0.402531458648675	0.324800868904383
-0.621877574181226	0.659780792652718
-0.729068120833033	0.765884077560823
-0.600344701091911	0.435454629053532
-0.414061117829084	0.289478303623415
-0.905416441143396	0.726318666644813
-0.234045165661166	0.178523607235911
-0.401601306112472	0.279541806456978
-0.999132860410444	0.996424976123883
-0.0517726315367476	0.03936219697533
-0.479084895973598	0.628463773660192
-0.516100294062796	0.482331140437166
-0.793185836156704	0.56046143063176
-0.802019541065257	0.528734501053939
-0.319394316068957	0.147614726157155
-0.494677314947572	0.427436063314902
-0.852344274027344	1.10507963206529
1.3892993751652	2.48272619979855
-0.52902623440865	0.556546977046905
-0.339467352509711	0.395828899403665
-0.690071914180655	0.882460301486215
-0.532127032044328	0.594127716838621
-1.12544783218664	1.68268607905464
-0.563340352833967	0.602068876112818
-0.715484689947233	0.625995941572327
0.300117861016361	0.193533883932202
0.851907008332849	0.619147718540351
-0.176016491635808	0.123746380900303
-0.346809825079294	0.209127384572803
-0.514000485556509	0.39069053801462
-0.225316372516923	0.192889370191244
-0.635946849571803	0.577025487689197
-0.498399790747212	0.508371508412441
-0.545250108705979	0.552281494561782
-0.783374956639305	0.347414269641431
0.539841569442302	0.311287181390802
1.07438155687186	0.658551757679318
1.46586848557661	1.46622352864239
0.358735855829776	0.315111526111631
1.48986183177678	1.95482421473912
-0.437831406062848	0.469137475292683
0.12056175213286	0.0975261996251109
-0.484127627077492	0.417279936735515
-0.272647773367316	0.206061548437967
-0.481017507165451	0.515805005816944
-0.316990066395425	0.146954732431262
0.71109336906126	0.584380094463725
-1.69553610223056	0.957491038488645
-0.967084286576173	0.585253897073126
-0.673178368057193	0.734562881855038
-0.807586385324969	0.443175861412512
-0.650959635012338	0.159168476600347
-0.405186522637126	0.172289835749246
-1.29608205927381	0.596939206244447
-0.32344155902464	0.149135921937493
0.59569694452566	0.555103687435163
0.491317589780589	0.307311405900509
-0.000233268847670797	0.000162444039553054
0.105914130976778	0.085709474099264
-0.360644965107289	0.259374234561811
-0.456861963670876	0.361868858804954
-0.56421264208212	0.604141880180561
-0.688461829924979	0.861967335557439
-0.429395817060765	0.412436059948418
0.140032020441038	0.0531445169702407
-0.501435028733428	0.263956495477953
-0.621027443394232	0.302025636916196
-0.798477548095967	0.887092611319175
-2.10405423856648	0.952285572983399
-0.409653650783678	0.174503983044039
-0.139031351399069	0.0989101382916449
-0.687377631161949	0.490784883293283
0.976354177406097	0.783553881951736
0.144400696090545	0.0621434930904857
0.0304831922003468	0.0176464868249952
0.168823558715481	0.128888386344553
0.478034287841847	0.528870346781261
-0.437171021925158	0.380065051089937
0.433292626478348	0.31232669108194
-0.619651729248396	0.698359146420178
-0.40357916740029	0.35953440259079
-0.537733219816945	0.447267670863916
-0.298245393288679	0.187114132330568
-0.393843623921008	0.381583792984776
0.0588798104589955	0.0381344490016745
-0.363492217064675	0.328590846806497
-0.401015310049345	0.350563135600042
-0.521181964123867	0.398815912556793
-0.546897242225021	0.464974544171674
-0.625816664763229	0.522404778094857
-0.248362068260268	0.124878834940163
-1.17615071741896	0.668885387988931
-2.08912348607224	0.975673467838876
-1.0534020476836	0.427456809042585
-0.270043126413917	0.205981811074726
0.783152694765355	0.738298258855196
-0.0491489354281118	0.032175585588375
-0.259226687307711	0.129642105675847
-0.962052011328693	0.589183814558108
-1.94483504369715	1.88973424288489
-0.0453209977753269	0.0345390735325218
-0.510187966394962	0.547183086919856
0.19139361654985	0.179011055556675
-0.135566484320992	0.118931751181855
0.250449608511076	0.232403829746254
-0.22395381883918	0.192621849620401
-0.633198155804924	0.570794429196509
-0.802293097044334	0.875298746329921
-0.32763843434066	0.321105886548498
-0.211310968106691	0.195052737534003
0.0871023146153872	0.0632933438663808
-0.0950417011858256	0.0696542290041642
0.745494784446244	1.14196675927877
0.693369066383518	0.789565277101535
0.148609505253721	0.0789246752195684
-1.18146469295444	0.674929912549786
-0.798170960413526	0.425307509547187
0.134340225825743	0.0459478776911086
-3.09739452059542	0.972553736075869
0.125944161747299	0.0432199706166619
-0.789563075453597	0.353585018166519
-0.0599069145764367	0.0259920179939093
-0.51416626188728	0.47500793428708
-0.603560201476907	0.635781602081504
-1.56719930355079	1.47547177602541
-0.125754555255947	0.0916687934192606
-0.404587901532171	0.323870253868778
1.01899601307472	0.957230881220464
0.380753277064227	0.314789219663417
0.83516184040109	0.8753662910433
-0.280573631155897	0.235371746520882
0.100132901827638	0.0798543160706923
-0.134163016253687	0.109081505619503
0.00431067726663612	0.00294364541805487
0.516605847311628	0.702333725539519
-0.274523558252023	0.228689136774831
-0.262272026663281	0.198165713993496
-0.070043055833551	0.0450131515903852
-0.412639476983944	0.288297602309247
-0.47980185809905	0.407594681318919
-1.1527171411952	1.31076686503664
-1.25119492160745	1.66611913550837
0.010309856815191	0.00877850689548115
-0.300508580451422	0.313672977714436
-0.183770221578322	0.174344144935056
-0.204240756683538	0.137100585667493
-0.844186579108105	1.19019026500294
-0.275689199433204	0.253516304106785
0.105252529868848	0.0854632163672283
0.166845354303788	0.119628719100604
0.793205477623627	0.960728450737022
0.488900327842536	0.309271470280186
-0.942659897687682	0.681283948716036
-2.58513149511835	0.689509113042442
-1.10322301157756	0.75792612305269
0.592288401482045	0.308946122033183
0.138751880213581	0.0712916429915082
-1.4809854075258	1.0246278102131
-0.811228806719145	0.534816763044453
-0.805575432589619	0.539080633032899
-0.504535537598986	0.258627707986182
-1.05245216258944	0.431815108906743
-0.787085713616863	0.349011497088755
0.132754372873048	0.0334623448971025
-1.68605747464206	0.957955764292689
-0.545263178660646	0.20858840398643
-0.505937341534742	0.263436589362756
-0.803349639982432	0.44521681873432
-0.992968256392024	0.991267603404941
-0.50501149487898	0.266461656561193
-0.489777693302092	0.416651038462342
-0.489738374407447	0.415378986017955
-1.73656626614397	1.46090898626104
0.0828210954152374	0.0582426478550129
-0.307906603137359	0.22702529141922
0.0519542860342192	0.0334279797486114
0.283703281961826	0.213337808080298
-0.717072468257195	0.638997607158607
-0.0332075785029503	0.0252684014292242
-0.197259486203321	0.153787099171912
0.882342083806368	0.907662886418729
0.327325455113364	0.325831880593638
-0.329089480137621	0.297563405069033
-0.157138169764142	0.0892362937458547
-0.39590348645723	0.271650084032367
-0.408613984999948	0.232043485400918
-0.50675325049676	0.510948437714599
-0.105581880843799	0.0651266623638224
-0.116990803033656	0.0958244206364676
-0.858892701898064	1.05480605483541
-0.515418618054649	0.555181770246352
-0.216163633752432	0.24205009307436
-0.62542312426001	0.991098052453003
-0.630367424849028	0.865460211081848
0.752978739460453	0.927316836184436
0.273924965920242	0.213140312281019
-0.38297261767037	0.523820104368032
-0.609333949883545	0.64723715552721
-0.2959624938836	0.188359486688653
-0.228024175504853	0.1752900410224
0.295197409998601	0.187226795490361
-0.353268084266101	0.212834372786787
-0.931960403516929	1.1948336754764
-0.649344268026972	0.587693014529593
-0.629083285682876	0.512936948288439
0.131019638754062	0.0447751745372152
-0.0425945486562052	0.020136699239111
0.383617837186828	0.173970673436915
-2.09147901102814	0.978596282881341
-0.197506959250075	0.134477540927637
-1.29026808360931	0.590392243775993
-0.115102540246308	0.0464062353304709
0.672400579683082	0.31071329161053
-0.619165887525896	0.30050872790294
-0.24933364489508	0.0820914459040719
-0.323900344993019	0.150484815481055
-0.256965128406459	0.12975479626718
-1.48518894305131	1.04592506301976
-0.410916291643409	0.233604086337106
0.926482924699031	0.877194249667441
-0.469398653535866	0.315513666630324
-0.630179780287409	0.516228427716403
-0.662339606923988	0.391371871977808
-0.811905903170235	0.531578168954178
-0.597604811874931	0.599933164914803
-0.51524137234254	0.391666833962613
0.161736633259508	0.104927488203436
0.162085643396378	0.0990421685099852
-0.805782830542557	0.829054612174741
-0.607208635245861	0.662635097924363
0.183866337541103	0.154333467470242
0.711571403917867	0.704111483220726
-0.420607655242663	0.53287226265851
0.16571966832936	0.135636410196172
-0.203286060149156	0.159477263110539
-0.0241876318959827	0.0189573814615437
-0.639078380880016	0.777939673203479
-0.256302393832253	0.218599094661923
-0.555003763637016	0.470712052293979
-0.128204475710076	0.0887018926770979
0.0722557096697098	0.0506666222815789
-0.345603637474281	0.349703536069006
-0.222504736324487	0.191846115610071
-1.23631922354799	2.00872662885029
-0.871520107295472	1.00567679820638
-0.803449234854062	1.09305519344825
-0.533504849054598	0.679124242482313
-0.517752089325939	0.622155814969797
-0.0228336194507681	0.0226046186971573
-0.336633148647834	0.512582467108716
-0.606843357452048	0.864996037193787
-0.314057697103706	0.27768676405418
-0.199899894076289	0.19921277560642
-0.421049454473341	0.557134593716073
0.0610465612889005	0.0509164160912552
-0.0888859139229903	0.0551186604514559
0.0770754908656726	0.0567204209238422
-1.06888394809711	1.14110566051796
-1.28338870557437	1.17690773742332
-1.11305910390119	1.08866280474138
-1.69680705543498	0.96336397627646
-0.61786350837451	0.301730813295305
0.134454611514126	0.0453168977508577
0.389619427850888	0.175279774029923
-2.48571239975504	1.40939147209092
-1.61345994989139	1.212581470552
-1.50172381447308	0.772310922363776
-1.54109898628274	0.564008735008191
-1.1896683654468	0.66011219748114
-0.808686650286696	0.538759737254515
-0.413779382504182	0.289841058221781
-0.618341058849458	0.515498450170849
-0.618011073895791	0.291770852069111
-1.30176075067023	1.60451035258587
0.46135492676742	0.315276346247664
1.01891426447867	0.957767300855755
-0.692692672313533	0.478211265903872
-0.681358063151933	0.475966437209318
0.274429998519458	0.216344252003713
-0.468986681600087	0.311613065337499
0.153634874945744	0.0932743546718804
-0.584914139359319	0.426568526006414
-0.0681440067447472	0.0436996624089558
-1.07629194337859	1.37240080059346
-0.347704044254954	0.212283689184419
0.449446399208574	0.422565301172826
1.05265821763505	1.20989484659718
0.0150023233543145	0.0124023848744938
-0.122969311312145	0.074174512665247
-0.124557549222197	0.0910041486484337
-0.389784355919707	0.343071838768257
-0.921033579346852	1.17053768835386
0.382824254183986	0.316154863977636
0.153124104803649	0.0939226389842185
-0.295535809841455	0.187501179473563
-0.918085722480967	1.18353541735648
-0.666725993955614	0.707596679554457
-0.633697397324128	0.565000484223645
-0.17295020877682	0.121531895662022
-0.5160595057534	0.474145899971791
-1.65549429792465	2.27883862155978
0.0243543690772114	0.0141741991676495
-1.00133819976853	1.26669121641476
-1.30216168447434	1.60665752594179
-0.114072080245821	0.0934355639770235
-1.00878818080812	1.69575130127972
-0.874589552207876	1.63831853596274
-0.513678967038994	0.612092303229376
-0.522923996686311	0.486690818379372
-0.295753907739547	0.28639522018988
-0.0884798861366307	0.0731902705470539
-1.16759996126582	1.01150009223383
0.135069475835264	0.0644203001658142
-0.91331320279875	0.771472918950859
-0.650318276706871	0.160755761640221
1.01005776396623	0.384301698232896
0.134720480496125	0.046154809884801
-0.808017725909829	0.43632222156835
-2.30980644056343	1.18144640954193
-2.48909014431717	1.42234991357588
-1.29451143883044	0.600706476246576
0.135633414284217	0.0464242544434658
0.530170136354643	0.542222662286245
-0.578087999435476	0.526539828700288
-0.541089715550067	0.208392244597003
-0.406831511818727	0.170385716179256
-0.807316991614786	0.771106968937674
0.585518635326649	0.718016268252601
0.892670794462523	1.11784750022462
0.530881630966149	0.440322148596114
-0.811448684562615	0.776473783993693
0.130260249704789	0.0658615661453527
-0.469744015462376	0.314718018733291
-0.32721301230174	0.270029562883188
-0.245103787245684	0.188229531337926
-1.84464090978811	1.15749110540631
-0.471210449299903	0.318129030422609
-0.605027324450035	0.442994026173629
0.536238501807905	0.309864693111396
0.266055859892428	0.227970657250065
-0.158540204506385	0.126366838654
-0.3806145247076	0.389686755909866
0.0843656375551407	0.0750841910475372
-0.33308530991629	0.385460105123011
-0.358354954606094	0.347354335395953
0.259102725385748	0.231079145546023
0.432266868527139	0.422829089754535
-0.55106778821745	0.555393230548637
-0.206340352129392	0.141586632319421
-0.517030005426442	0.558908772131865
-0.264834876265637	0.244028489362
-0.353760151091879	0.315908406544887
-1.06636301503655	0.848573782119906
-1.16547538187942	1.01314722144747
-0.785291228573989	0.349787734626296
-0.261535485340794	0.240823425539506
0.118771149596026	0.105913312102944
-0.381628401390886	0.390418139010776
-0.150625535105077	0.131904325740959
-0.523719901210992	0.556317622547343
0.70499346634256	0.892080046239525
-0.423275124402668	0.434640013044678
-2.24441259613556	1.86213571417746
-1.2431269801813	0.906116568614411
-1.29663172657148	0.597801077092199
-1.36178291890314	1.12402827170616
-0.75074715029621	0.263334856390217
0.134249836964903	0.0400890519468039
-3.46998743660351	1.26411646563651
-1.80211551800213	0.40518546889285
-3.09216987140428	0.960869115746174
0.133621657798323	0.0257280473816019
-0.808746335224039	0.892566408188582
-0.0915278026321266	0.0569876831634618
1.95256933090985	0.464168557061862
-0.247443196598974	0.0821764216093194
-0.268127311077049	0.130048393387951
0.0295474781122992	0.0224064082941318
-0.12572267283525	0.119187934265994
-0.703668698447957	0.558035178738133
-1.17961437613406	0.653046683353359
-2.08842733153289	0.971005061190044
0.383165314338276	0.324709765479327
0.665575895108869	0.691301293009579
1.33387626469885	1.39641320998072
0.130105167826918	0.0446113493171228
-0.318754118103612	0.147581027801005
-0.23997851337229	0.0797141941925215
0.890165402719589	0.47976520457601
-0.232731704922564	0.179357027137607
-2.30637399649022	1.17093402643961
-0.0912263067142443	0.0568453201252332
0.697922459478934	0.796901687577656
0.438951667816418	0.597641857503574
-0.134089413961737	0.158869232169605
1.33038088952871	1.37953946025412
-0.637349946473411	0.789501552433084
-0.151995547685645	0.18227103476588
-0.160850691223587	0.142371232064465
1.42293417334597	0.472946291653134
0.64342341463051	0.205691875654135
-0.748962934462903	0.265874158565463
-1.50991711322135	0.768559621776246
-1.29026808360931	0.590392243775993
-0.0433841688183539	0.0400228482745614
1.79793422282707	0.704405735156038
0.4313034338578	0.175795446056529
-0.0491039141114034	0.0323388773613945
-0.170073554822385	0.189995911460862
0.572639993371118	0.645154344915143
-0.800133349206143	0.439447391459831
-1.1600126841405	0.35529503686347
-1.16501672782279	0.357025208830094
-0.650318276706871	0.160755761640221
-2.58513149511835	0.689509113042442
-0.753681227368969	0.263682884208275
-0.720936790536442	0.699455137847454
-3.47400814940775	1.26328835340161
-2.58945281070023	0.683631203527574
-0.414984184164854	0.422605564849061
-0.203221849323579	0.136668990857749
-0.645977108318167	0.157387277340251
-0.507750898188013	0.263698589501054
-0.227938491489984	0.226593407715473
-0.119164693543889	0.114677022071192
-0.143300374037896	0.10150240724571
0.136345014989888	0.0590525491413914
-0.787098914242298	0.351780119515946
-0.937159156453399	0.681001054935368
0.353844718403134	0.31954799286999
-0.713574792043534	0.64202241101907
0.138818714405564	0.0354421828043769
-0.410217962227643	0.174140075118687
-2.09399808074663	0.980549459513818
-0.650318276706871	0.160755761640221
-0.488807876689945	0.454035191703262
-0.996798123904432	0.498050653858178
-1.11674328551196	1.32749413296555
-0.449102870177206	0.490552130498088
-0.224904097465706	0.239206245078072
0.289460126966834	0.466852240836072
-0.177955298441535	0.142048804565448
-0.458984543140683	0.470487612088293
0.134260261435718	0.163705048476074
0.186104187434168	0.154092548855974
-0.24838532814763	0.0814701316571013
0.130841293424562	0.0499644932153219
2.74438259751335	0.780038400688451
-0.245800798420214	0.0807801814884335
-0.171430553421439	0.0622154282430181
-0.239573283645142	0.292037316143718
-0.509219669774162	0.606227444046077
-0.254207337148143	0.127266835391726
0.492395517058573	0.308085754268964
-0.882593078483804	0.876660171687046
-0.053535725376898	0.0546130225828214
-0.512725415604241	0.479195602633631
0.312509199513911	0.189459183947777
-0.860689302448035	1.39336296587081
-0.649319222104321	0.16021039083734
0.137716344096337	0.0264356853006178
0.138169594891086	0.0265198668009027
-1.16605123679474	0.358241254731586
0.926974875419701	0.246284209674963
-1.36198649284657	1.50646109641765
-1.50484950638427	0.76952599174228
-0.0722887093195155	0.0316993226511971
-0.551424951373562	0.467441404009586
-1.04106646125903	1.19301434375407
0.0610952482522267	0.0391475642493872
-0.795333675584791	0.879416531747161
-1.48063419136874	1.01256339872205
-0.19868393687055	0.105918037333628
1.3461712531675	1.21408164358685
-0.643532226875161	0.588844669890191
0.328777716400016	0.178522589351526
-0.124768253244598	0.0752312433049177
-1.26733523876802	2.09614415990294
-0.987951667583857	1.26400711939185
-0.550705031098246	0.554488283077835
0.0514820452738959	0.0333221582455968
-0.352854817163859	0.284287503138138
-0.24604868177759	0.205376001632129
-0.0630363698611802	0.0464165231143063
-0.351862845321476	0.36438373429027
-0.854176007781808	1.03912803877241
1.51987758450808	1.29452339506382
-1.66305616887218	1.70729361367475
-0.665452671510422	0.397612491853498
-0.125384635985939	0.0751703750272155
-0.354162812402185	0.289642219216629
-0.318302565343078	0.265514495321883
0.876729345930189	1.25367388047962
0.0977277882767726	0.0746523095709353
-0.427861162413245	0.437453627260441
0.0904804834085274	0.0705368373301586
0.336725875642096	0.329814539294243
-0.921876170161327	1.44689025579944
-0.456224800744134	0.46724896793221
-0.371963944093828	0.110621992809151
1.01496655409926	0.392016410565643
-2.48849252760127	1.4188382083825
-0.243241014092852	0.0808370662671502
-1.17185131443688	0.356117859587755
0.131769780715528	0.0397831026994758
-0.166832891529579	0.0608169340101326
-0.0372392329198524	0.0178452615371284
-0.0718190557143314	0.0608973978392819
-0.553778612189819	0.465685694165856
0.154326648767907	0.093517338568147
-0.15783671980615	0.138566398113974
-0.175682786757632	0.139484071973356
-0.0102976366502047	0.00707852646923479
-0.401070879063681	0.358178607163427
-1.29802573176096	0.594374120795877
-0.0927175881985998	0.0574382491586411
0.631968826735711	0.560585820215266
0.0410028525484775	0.0253205788964294
1.38968707477919	1.06793803826448
0.284210113004813	0.205725789305204
-0.480931409486403	0.577452351080634
-0.439477657252187	0.381888645941054
0.262343763463445	0.227442268615198
-0.202429768980712	0.138267399087223
-1.05359863740767	1.5654605303238
-0.590828419368059	0.664127504961969
0.250235748758719	0.225243453705413
0.254579309911643	0.265989835005891
0.253511802385147	0.239246399167367
-1.1613354909108	1.2898884038967
-0.15753458751321	0.0890427840012456
-0.596445227119276	0.436779248531177
-0.177928062604103	0.142066000211627
0.131341979705718	0.123560610218274
0.406716169411746	0.516735671529659
-0.801910656933924	0.992869795838712
-0.472131651504334	0.544079591174768
0.0869131119921667	0.0650669517531927
0.115181036848143	0.101824899623895
-0.254311954833203	0.252526802051213
-1.53980214414001	2.46423974334283
-1.16331040146866	0.356501861337983
-0.549129419152481	0.21010569054386
-0.803349639982432	0.44521681873432
-0.241140128574617	0.0795260112898711
0.673972036030249	0.31553011962696
-1.04754508412445	0.420204545894216
-0.106493257389416	0.043045876551947
-0.355414252766511	0.318314086902532
-0.204185614600218	0.217128891797936
0.118114985020061	0.100149674724561
0.265991949326037	0.223338444710816
-0.311363538774217	0.228068226589489
0.291752271036611	0.200036983549224
-1.84708223086113	1.15571503662147
-1.35869321890611	1.11322111184851
-0.316444209309895	0.285473897789758
-0.354119076964273	0.251549424962042
-0.340739472710712	0.206253075543187
-0.166233003442102	0.060510405282814
-0.80016005420169	0.441917955841829
-0.842825311848331	0.999016125261912
0.018242272074177	0.0154678284929797
-0.419907583261488	0.458087325815416
0.25771211811403	0.236402495669093
0.255109278170257	0.230078633634706
-0.463697365151898	0.532139209313729
-0.181029083343258	0.18981007099569
-0.356943968152459	0.346888531150796
-0.679368588125129	0.805383055147529
0.326813541054845	0.334551907322168
-0.0984848821982756	0.0729285626569194
-0.319394316068957	0.147614726157155
-0.346375094588439	0.249784995966883
-0.257238598535508	0.256626432303844
-0.387471656143324	0.401234899834277
-0.293483919977993	0.185660211508503
-1.37346132616445	1.77120198279668
-0.961569680531086	1.04065245144768
0.0624724641171329	0.0529592400404786
-0.853470415293922	1.03915269373937
-0.694097668043705	0.549557473977001
-0.649319222104321	0.16021039083734
2.3382162082056	1.13088221475432
-2.48238562076977	1.39187233707856
-0.539919082620629	0.210635134915098
1.5514862837783	0.776653741316405
-0.621873008389208	0.521366163113073
-1.80211551800213	0.40518546889285
-0.645977108318167	0.157387277340251
-3.4732569225175	1.24987015294251
-0.648677249821696	0.158587087101144
-0.317903094727342	0.148189330111708
0.441118760321174	0.596458617284338
-0.395499196913091	0.410384965660208
-0.795542301004118	0.755895470781258
-0.0706414127192299	0.0453504639151255
0.135506264229104	0.0583261544619557
-0.207914033682595	0.1408710410952
0.0883686522058135	0.0651177918944653
-0.937294540763048	1.14900819736614
-0.111948545433597	0.0451527705317401
-0.420487119463128	0.237249491317579
-0.253840473092358	0.127023310985746
-0.218536726116289	0.219431300031794
-0.0126056487713175	0.00978892542495126
-0.193860974304964	0.151844499132359
0.0178456011345326	0.012834662036577
0.150404422816816	0.15145089309768
-0.133015358712989	0.13593812411826
-0.90738527827978	1.2219286879157
0.0821606424460754	0.0743360609056599
-0.348934203888683	0.457514315053989
-0.226180607388295	0.195080048526988
-1.30538773109704	0.600022011439438
-0.33900520495424	0.422668257692758
-0.197938005915707	0.106041380771569
-1.06251162330045	0.837935150458093
0.0299001763729084	0.0172658681122423
-0.199498166130801	0.155590297664562
-0.801498607898696	1.01047221853909
-0.781796289538632	0.341825060610872
-0.372199398666119	0.10861997456099
-0.536971026312272	0.206442482022834
-1.54211096447874	0.565956548030536
-1.16076621190063	0.359385238156804
-0.371963944093828	0.110621992809151
-1.85057020864953	0.757520792728728
-1.54109898628274	0.564008735008191
-1.54563063269447	0.560692390639586
0.134542642796399	0.0341445690681232
-1.05835271433006	0.854284652875164
-1.80190156331263	0.405310176911618
-1.15865836302273	0.356559362366982
-0.808126719146662	0.538002609227475
-2.09634661107878	0.979836563621813
1.43287798690679	0.475136223572177
-0.712565765710654	0.660787957250728
0.877591215602431	1.64708996088395
-0.167417369969246	0.180947326101004
-0.642430384715618	0.588557293990234
-0.913486594783124	0.753203308192158
0.381533849964003	0.171992731032845
-1.06197714471552	0.850794539187588
0.40155465136554	0.419161994788124
-0.0208294203683891	0.0104766374782366
-0.240229628086566	0.0794522230625189
-0.32344155902464	0.149135921937493
-0.136762096226021	0.139968765450713
-0.0323364867307444	0.032140983627084
-0.428983296230483	0.454572094265166
0.0239124073112871	0.020754721956522
0.100951842383791	0.0949818596375502
0.129655143780419	0.147244048089154
-0.527113613776619	0.495032066842972
-0.0993474419487831	0.089719896163662
-0.32539251454846	0.465528895827717
0.407202376977441	0.414528426505848
-4.01668012166502	1.78404944980048
-0.195744545759076	0.104649524799863
-0.519441987589512	0.396750931971509
-0.289770019940892	0.18590224319012
-0.15123934637208	0.14223490406666
-0.465537218429423	0.472096768097858
-2.58468514934926	0.681926813759725
-1.05175508032405	0.42742275035592
-1.80190156331263	0.405310176911618
-1.16255649541829	0.360535388481223
-0.648389307207013	0.808798993183095
-0.802838884150937	0.443974499020205
-0.544726922023982	0.212503767866522
0.143458160699927	0.0358142984417619
0.63611382542294	0.202940731306447
-3.10137332680345	0.953686224961348
-1.54237757139436	0.559823959245922
-2.58468514934926	0.681926813759725
-1.5479363497401	0.560916837957921
-0.790693613030272	0.349074690599726
-1.04825568492225	1.1747561826693
-1.84291159446024	0.765454099382025
0.137814005400464	0.0593406366863852
-0.340563433224725	0.206858115173495
-0.544270071174025	0.456873043897455
0.167283844390129	0.100577134990738
-0.105955936266835	0.0426845580298618
0.590505072014492	0.305912288405102
-1.16759996126582	1.01150009223383
-0.112427742478122	0.0812678165670461
-0.133767697599443	0.109210286881074
0.640369940814455	0.447804381944737
0.0228187220463402	0.0133020937182732
-1.06197714471552	0.850794539187588
-0.0645191258656032	0.0282697386543945
-1.17075527576706	1.01008666346074
-0.40212007841391	0.324756661971385
-0.138582822685532	0.098506988852039
-0.726000226498914	0.75888639237823
-0.363861159284482	0.297014342476259
0.280214663683146	0.212599421402824
0.182154427881533	0.158382737010244
-1.01313926024162	0.890810032867782
-0.226956154954961	0.195128264333397
0.166131716233458	0.123670760704467
-0.518255703952062	0.396983931380849
0.893740889524358	0.743995199896254
-0.709583760103671	0.630074340030363
-0.346186859820789	0.246877012693309
-1.11980997930013	0.741332021228034
-0.500868200697924	0.266298415767563
-0.789563075453597	0.353585018166519
-0.656378986455055	0.388677999157297
-0.866856277266246	1.406293507244
-0.199734892564283	0.173375746069697
-0.501844561677326	0.263701432475559
-0.748218261379527	0.262913312316052
-0.0408476727230379	0.019341110342724
-0.613656688405141	0.294066990253252
-0.253303562499486	0.0827286722953335
-1.68656063264977	0.964928603004136
-0.0695201634272713	0.0307122955680069
-1.17374978854649	0.657659932262566
-3.10603151344088	0.932685389461127
0.129705851940839	0.0500169138857751
-0.746283100103145	0.261425238513852
-0.538595662348656	0.205062565333498
-1.0566663906773	0.424678224920916
-1.30474833042547	0.601216161223509
3.25318829374075	1.10976895754928
0.126486414676472	0.0372569657578064
0.133083947721306	0.0514872556193567
-0.374830084286624	0.109230425070539
0.138124398652496	0.0532597376879852
0.135082410408703	0.0518540068368415
-3.77412214772395	1.53344506919461
-0.62227249947377	0.30114408595004
-0.96379780681665	0.594284219587595
0.512994189853566	0.184777044587054
1.26085635026721	0.690156488783681
-0.409089449914564	0.174313041287906
1.26533138789409	0.702417569363971
-0.968433709685427	0.596827996981073
-0.200012063692289	0.107093301652633
2.54889737970719	1.42420103735778
-0.111262641289649	0.044811437245554
-0.568597496196746	0.347233630436297
-1.80190156331263	0.405310176911618
-1.80211551800213	0.40518546889285
-0.754670103122347	0.267616103379387
-1.85194460904326	1.15974977623042
-1.30036353063113	0.590945467016891
-1.16215049582938	0.354329340870658
0.671735903915543	0.315802699654608
-0.116155411560642	0.046386986442749
-1.16255649541829	0.360535388481223
0.141628868364635	0.0268733845859336
-3.77079928020134	1.52240203576144
-1.80190156331263	0.405310176911618
2.74438259751335	0.780038400688451
0.642650740895789	0.20298545340287
-1.16291141970543	0.357339131189168
-3.47148123429515	1.24344411644129
-2.58513149511835	0.689509113042442
-2.58557826662177	0.681302812577655
0.642650740895789	0.20298545340287
-1.84264604569047	0.766512726713672
-2.58468514934926	0.681926813759725
-2.58513149511835	0.689509113042442
-3.09343711568729	0.972052225554497
-1.80190156331263	0.405310176911618
-0.37373542401889	0.110004299970677
-1.80211551800213	0.40518546889285
-1.80211551800213	0.40518546889285
-1.80190156331263	0.405310176911618
1.95256933090985	0.464168557061862
-2.58899611685113	0.683672524401667
-2.58468514934926	0.681926813759725
0.138169594891086	0.0265198668009027
-0.650318276706871	0.160755761640221
-1.50750072221862	0.773468556086134
-0.649319222104321	0.16021039083734
-0.650318276706871	0.160755761640221
-0.650318276706871	0.160755761640221
-1.80211551800213	0.40518546889285
-1.80190156331263	0.405310176911618
2.74438259751335	0.780038400688451
0.925335174824177	0.243267565805426
-0.650959635012338	0.159168476600347
-0.647268870262709	0.157438045305518
-0.239280214302503	0.0797093161228399
-0.372967191440885	0.109879462987979
-2.08981984785612	0.976979991676915
-1.83797713176254	0.763323297952075
-0.675190066927473	0.387623794655915
-1.54109898628274	0.564008735008191
-2.58513149511835	0.689509113042442
-1.80190156331263	0.405310176911618
-3.77412214772395	1.53344506919461
0.139073148904902	0.0266055202308437
-3.09280325935961	0.972693856185307
0.142425808142815	0.0356096114179749
-1.80211551800213	0.40518546889285
-0.368201646064937	0.107458491723104
-1.54538955663062	0.564367029919961
-0.383166854456112	0.110600439217772
-1.54134641011664	0.564552208534783
-1.16076621190063	0.359385238156804
0.294782288216079	0.190655116733748
1.30416567431915	0.574921760660865
0.637110020884382	0.202981575807905
-1.16718865379534	0.351984536036533
0.140906973713143	0.0352149950547458
0.137393054243537	0.0344634753891055
3.25215396833713	1.09944519815717
-3.09739452059542	0.972553736075869
-0.376278890867832	0.110765860075796
-0.754170547749538	0.262592018732108
-1.29598995084394	0.595570439200376
-1.61613967173763	1.24286803701537
-0.750699276625547	0.264252450117151
-1.47510704077587	0.993158889704097
-0.744797769739109	0.261223376171582
-1.84215992422119	0.772497364016813
-0.0198973445674008	0.00991760991151981
-0.5413960558512	0.210897885586138
-0.654514463701247	0.160265207029626
-0.373283661399062	0.108870255273452
-1.80211551800213	0.40518546889285
0.141168720466643	0.026788068800843
-0.746534217740653	0.262483449927324
-0.650318276706871	0.160755761640221
-1.29608205927381	0.596939206244447
-2.58468514934926	0.681926813759725
0.375904753812778	0.169595391952458
0.132279016539978	0.0392355437606514
-0.7499539562993	0.263513086552406
-0.377279345813368	0.110037093431777
-0.37373542401889	0.110004299970677
1.95186838079075	1.19796901059665
-0.353601256007584	0.255282596955281
0.132517398019614	0.0400248322660559
1.05380079122443	0.513210927003378
-0.999406115771593	0.508196794759441
0.138169594891086	0.0265198668009027
0.641657829571976	0.201878292806112
1.42898338960615	0.478193832396807
1.01595055020248	0.392095167936931
-0.54434902709971	0.210417930011334
0.137790482671227	0.0349173015404508
-1.54058228908419	0.558038570704529
-1.80190156331263	0.405310176911618
-1.80190156331263	0.405310176911618
-1.16605123679474	0.358241254731586
0.137716344096337	0.0264356853006178
-1.80190156331263	0.405310176911618
-1.80190156331263	0.405310176911618
-0.649677393302236	0.159121336474823
-1.80583314024352	0.404036831265938
-3.09280325935961	0.972693856185307
0.922124936246008	0.243516971274684
3.25036486382959	1.10725094810752
-0.650318276706871	0.160755761640221
-1.80583314024352	0.404036831265938
0.644195640504139	0.203891935709909
-2.58899611685113	0.683672524401667
0.137080532436617	0.0260826732150604
0.134542642796399	0.0341445690681232
-1.80583314024352	0.404036831265938
-1.80211551800213	0.40518546889285
-0.646622749070198	0.158987296788642
-0.813531267573001	0.538015597134776
-2.09008498415123	0.978920478853419
-0.296964984436552	0.248978281510426
-0.141580103496318	0.1012449573445
-0.161751675977925	0.0929654923007035
-0.17023658016979	0.147174490285106
1.21844361056341	1.28788099380607
-1.46715912368481	1.32253918068486
-0.670390573524089	0.391582497047466
1.30580229922326	0.576935208796654
0.131769780715528	0.0397831026994758
-0.818017302189755	0.62634991586029
-0.250167345670595	0.125708752146311
-0.358280728879198	0.210296345682035
-1.75740749957884	1.91355719265809
-1.05482778086541	0.858079919825483
-1.17362452614689	1.69996652115662
-0.995862266864379	0.497761429124932
-0.99475297354519	0.498268403021293
-0.0722234144195462	0.0319372484884233
-0.415377950890867	0.17358668647691
-0.706784144680976	0.575377438331467
-0.241675732815548	0.185925015800847
-0.207224398681393	0.139424459676385
-0.691192235201518	0.478475592949262
-0.348812905673697	0.209209263032067
0.152321749845292	0.0843553667832425
-0.131210942876214	0.0783647659012547
-0.506400741702555	0.26523650209457
0.160524519005946	0.103196067273551
0.0428958060332496	0.0265336313204755
-0.307733968436809	0.339532135192621
0.735761347933045	0.726834509177926
0.408471402163826	0.309908643816044
0.560620771661448	0.443335874970277
0.491188689599254	0.30991466950574
-0.406453481076473	0.227784337425181
-0.0460347394097833	0.0214301692210513
-0.613629583995062	0.292984945154434
-0.809986516736884	0.62163735204414
-0.795894934951523	0.41753326952318
-0.478182566988434	0.320434483597175
-0.471357838640999	0.448448764223449
-1.02864884395407	1.4240603509784
0.26212288442695	0.219609738175475
-1.05465023459508	0.839065598661635
-1.23677517097757	0.939404681891416
-0.903394908013525	0.838792930692896
-0.638014701185048	0.559392760681527
-1.69250087243519	0.95982882757814
-0.472801050777169	0.320144768501977
-0.699067705248092	0.565030908783883
-0.145288955286315	0.104028790627687
-0.790481876212766	0.354530755409143
-1.05245216258944	0.431815108906743
-1.29515834308224	0.603610157609632
3.25318829374075	1.10976895754928
-0.322931857761927	0.147587353224612
1.23329834611278	0.821804836792822
-0.617726724474063	0.300368406367299
-0.544995323112593	0.212530818243473
-1.34146451428906	0.835175300718734
-0.504595018871555	0.266946512375652
-0.147956697900902	0.10510678378014
0.535399753513859	0.442734450578837
-0.091464786098201	0.056182433363864
0.796203089512873	1.13284347026458
-0.559078139491569	0.476292585363966
-0.540115924833076	0.208200252419204
-0.622825811115946	0.299085871563058
-0.235038394645482	0.181022673934
-0.800486761449083	0.890539636843501
-0.387581244270477	0.401112606008319
0.76275222401418	0.568242959526373
-0.408525359595675	0.173562292508035
0.138124398652496	0.0532597376879852
-3.09343711568729	0.972052225554497
-0.537517418286813	0.207787642934785
-0.242100921093977	0.117730589897792
-0.619298142910042	0.302253675940891
-0.210299317422841	0.237025600543481
0.245171173029634	0.236883614377906
1.44408025898621	0.872438109992666
-1.49992875726385	0.75713496521066
-0.657329646067861	0.391331391117381
-1.85619144295401	1.18063310930499
-0.957777039942645	0.581940593872295
-1.33733976029754	0.843214342177107
0.137786547255047	0.0525829604188277
-0.219291288393378	0.231875025459788
-0.420712049457471	0.531437599107004
0.00200586321296116	0.00117571262964094
-0.20550324866218	0.110926871059089
-0.279899155100804	0.364687723509843
-0.29331983022873	0.340954273006206
-0.204563394756046	0.176754145662389
-0.00282815921637548	0.00193989487871584
0.28938619783191	0.208601401021888
-0.354278213103311	0.290448380217058
-0.751739862560135	0.884333723759309
-0.612901977318753	0.819072016716183
-0.598858551148048	0.439105261842023
-2.1304490094756	1.60801716093544
-0.341963296892281	0.4771885221217
-0.556311422890616	0.460174064440864
-0.55541801022759	0.47088268363466
0.186683019607934	0.154920918765561
-0.0442130613315047	0.0430366779269821
-0.0638841504802957	0.0587105994336663
0.452032030020607	0.423874773007143
-0.169403073045203	0.17971899652684
-0.446122470541128	0.638976910640218
-0.170828077605287	0.0625236604443727
-2.58899611685113	0.683672524401667
-0.748962934462903	0.265874158565463
-0.501358897920174	0.26711981886241
-2.92244041359325	2.13855939086571
-0.781796289538632	0.341825060610872
-0.740868399198638	0.252661852301947
-0.314941431956421	0.145460284197161
0.133083947721306	0.0514872556193567
-0.31644252813068	0.145040045583937
-0.0668042519963276	0.061010582558255
-0.805249731010636	0.986889433561754
0.633458518639839	0.6725835188525
0.134100315935105	0.155664236668838
0.60148897839883	0.453177138393701
-1.17244111660539	0.651161429536528
-0.412814669063794	0.175603974598424
-0.323559401835235	0.149807230374502
-0.705007522136795	0.962858119480425
-0.473243026680376	0.734685138848415
-0.321582230992654	0.460204762124515
-0.542961349796134	0.546969138758662
0.109971147134106	0.131689989449364
0.534629937077558	0.54741378460162
-0.0399164800728291	0.0188568947225767
-0.994540738441706	0.503724321988989
2.34162975603992	1.17408510591033
-1.84320049694001	1.15121763499692
-0.403489561763123	0.16910458923413
0.13806085974017	0.0349020150681185
-0.711579221775572	0.56469446183227
-0.753181884414792	0.264903486950086
0.133158803705053	0.0453642825734633
-0.0698091004577574	0.0449044719356411
-0.11699651893708	0.145414228165891
-0.345958588741306	0.538269236149908
-0.354047654115	0.256186398514145
-1.99229524307485	1.32998861033831
0.930671315320304	0.244899140334393
-0.998275375108455	0.504929634270352
-0.668578241195382	0.396516482451822
-0.61808879362596	0.299474621204173
-0.792075894077229	0.861253627233592
-0.593061911344302	0.438873760512758
-0.469257422517313	0.362997097568598
-1.52190797205131	2.37362801668485
-1.14208517543676	1.25299881979569
-0.234862659699392	0.153882153665071
-0.797268019239819	0.762765077900586
-0.27539626629533	0.230010594400008
-0.0252125948667003	0.0168452135778478
-0.525277753652282	0.491092581876374
-0.470700857620489	0.481272889564503
-0.92648793461931	0.773378951424806
-0.474367411126362	0.319762043064403
-0.800379617797434	0.811670738951954
0.286574027170601	0.195061975200901
-0.204271312546807	0.13899245833279
0.106103171150517	0.0857247312383291
0.999045700506197	1.19490454945742
-0.333158143172345	0.273407375044091
-0.568691437196324	0.355971063158668
-0.662268200426704	0.391996234401251
0.137033206871248	0.0343903632230145
0.500618029906439	0.182017934068643
0.322209078044593	0.177014665387425
1.08619456950692	0.814975664991776
1.6364229671293	1.49366101457081
0.133083947721306	0.0514872556193567
0.693072920751729	0.449716750394142
-0.132265053051713	0.077971631891582
0.879522326721603	0.904034607707177
-0.295377073524687	0.267272172956823
-0.801137711856361	0.699887497397898
-0.574094969513504	0.52086059357561
-0.156144144805076	0.12555442478869
-0.406839199771703	0.282084851863028
-0.714247754985292	0.628669980768757
-0.414462157306584	0.237903135307632
-0.413475702147943	0.234305996319089
-0.119578166819963	0.0719524593977349
-0.230698634236492	0.198693378678542
-0.788821920652155	0.795101129358133
0.137296575212947	0.0716592231560063
0.589987738965379	0.305447004686378
-0.356272024073276	0.259955487155097
0.88873586487731	0.476050380677217
-0.320167004928905	0.148103332495981
-0.162343448068676	0.0930505849999203
-1.11553097609081	1.08467828841018
-0.718289397090287	0.646846002414052
-1.10727543191579	0.757829522680416
-0.93295261369359	0.677630721310063
-0.192162068176243	0.164810080584316
-0.738618078704505	0.874828914856156
-0.0617190421134984	0.0390516000178636
-0.987330698280106	0.994016524989518
-0.938367474410149	0.690432870894283
-0.721841062272863	0.706014726022643
-1.0096870000051	1.20744216754025
-0.268241424952387	0.198811499667499
0.0310187344243116	0.0179901128003262
-0.201054319839128	0.136520643846148
-0.35829478220313	0.260640643299041
-0.446460510505825	0.390485774808552
-0.343910533107731	0.245549307185744
-0.311867454573517	0.258460492767199
-0.731118110690725	0.800983074667533
0.278437018897608	0.21106750223621
0.111338524591203	0.0886577352625903
-0.660585106787768	0.652291922530028
-1.26561304018401	1.20182579349247
-1.11553097609081	1.08467828841018
-0.297563152823648	0.291327036853907
0.152656610681586	0.144070898006461
-0.0767593428376769	0.0485082471949017
0.168799602075638	0.124562363766409
0.412277892986578	0.312250824468758
0.173798907918714	0.129928052031747
-0.660040308388371	0.648289554593012
-0.513457619984119	0.393448969410222
0.134942268942205	0.0403123831956986
-1.30067497858942	0.590441588282154
-0.211204928648444	0.141595594361929
0.268417900194943	0.230435890696113
-0.210992998225972	0.143669874581754
1.07121133431914	0.653523679132545
-0.42769898983841	0.409842871604683
0.156131973471919	0.105638839632494
0.576877959029446	0.55744044175536
0.943021685298737	0.935142530161026
-0.455284088018453	0.359955896134047
-0.60056105047568	0.443470866655658
0.162803481222377	0.111777190091941
-0.712267769932412	0.67942607443223
-0.409240290043316	0.288537788227879
-0.171701384909663	0.120473787244085
-0.510512173713849	0.388491164197511
-0.899079619967663	0.82736825898131
-1.11389034472183	1.09867210094129
0.06305822553362	0.0423738303125327
0.326089643434227	0.178923536223862
0.992681274487401	1.18465427137389
0.350874858244422	0.31761830717745
0.0615889761806057	0.0415714374826947
0.776144608353936	0.608936802127397
-0.355065077060891	0.290697943044435
-0.522862870692526	0.493056495284296
-0.45810839724204	0.363499239580005
-1.46810268992733	1.3204289244434
-0.409155730842204	0.28235827954059
-0.0218679333320456	0.0147833779865021
-0.80105398909661	0.768105775526342
-0.523402686376228	0.400791534678733
-0.348586199734366	0.211814417772846
-0.354119076964273	0.251549424962042
0.593868050418041	0.439029986104349
-0.570551032166568	0.523106606893431
-0.189092799558853	0.176192332737555
-0.908588047748304	0.844623921363071
-0.498603610523331	0.26086807920911
-1.17118465643873	1.70104820113678
-0.6529675927354	0.647366098671528
-0.489504516273592	0.424843009749565
-1.1155977152856	1.35167484172258
-0.479351799984243	0.456917306180555
-0.516983556360828	0.555446177956999
0.830796444198761	1.070888344578
0.264634206958556	0.222013450868644
-0.793807915919916	0.872344342794644
-0.124758515835053	0.0900243417842281
-0.416193123699358	0.425798988147193
-0.284436272075556	0.181239002495655
-0.447633405364295	0.535729473637615
-0.0371432246840683	0.0288836803100738
-0.555228412592966	0.340069347459355
0.173983010756837	0.123376268434894
-0.386158956731685	0.365811891901206
-0.2376491508782	0.184635944059817
-0.555284744450054	0.59079301310194
-2.21431895117163	2.60274044923964
-0.737291231456494	0.776879256613536
-0.916131708236726	0.762842529530755
-1.84041886221884	0.766882661788326
0.126565388852724	0.0378858273324485
-1.1766837989379	0.670659276413231
-1.16126693533691	1.00912959026755
0.0575142785549373	0.0373688468221821
-0.563510282068211	0.358413576791933
1.57303267845109	2.13433674092318
0.490088438048293	0.441475589893815
0.371150887183996	0.298854862382518
-1.56789729830192	1.52772425275611
-1.83389915578102	2.46398615620589
-0.293787384435252	0.246111467014315
0.385226718960957	0.173213467428947
-0.647289812407094	0.592407560832145
-1.98555829151741	2.57380195427746
-0.626362286983032	0.519239576778674
-1.11291373363281	1.02350535425088
-0.599570627195581	0.598798009209265
-1.37249631373303	1.10052422181128
-0.544548508459303	0.540720019258993
-0.166740902995037	0.130872210924313
-1.8425145384363	1.66211654259844
-0.725349589670256	0.643750429364442
0.904358417276449	0.778373490505667
-0.666831272083367	0.706134185388266
0.175572935202525	0.119325612865834
-1.07066611489733	1.14655364304151
-1.29964645819736	1.60614904182132
-0.207425413656374	0.141801464166582
-1.57408928601122	1.51854063574553
-0.122814880661478	0.0893849084567899
-0.396453553411612	0.31429291524628
-0.611004505871719	0.503073656535284
0.0240097155899178	0.0138578401717056
0.1708775463691	0.131722602955547
-0.405371250416264	0.274930802923334
-0.263697904251626	0.198476586637578
0.111072901185015	0.0894344728451431
-1.6491275845604	2.28058747924245
-1.20103794789707	1.25382126378369
-0.396671342102977	0.353600558239793
-0.355685733052116	0.291164218681894
-0.355072315399008	0.285809147758153
-0.151070242986463	0.108294393101762
-0.0976424917469389	0.0781318574748585
-0.687183961881136	0.478892521867751
-0.308336068594991	0.253942043352427
-0.491200717475351	0.426334728754899
-1.22252407217397	1.96613524575519
0.53443590399682	0.620697725758175
-0.398229810015979	0.355884498626786
0.602902520784883	0.565508580975746
-0.318925401849776	0.263748228740308
-0.46921046537607	0.498360304700916
-0.148496085670122	0.126915941932761
-0.803349639982432	0.44521681873432
-1.07899517667068	1.54338155690603
-0.244498618702394	0.206145003154407
-0.391424012364116	0.347536743137552
0.41353693923571	0.310633927520274
-0.129406202466997	0.0939482894204199
-0.470516037356741	0.541335847350648
-0.486740146543827	0.421987915375137
-0.179574763121956	0.14308117727364
-0.451988605113143	0.356707794163581
-0.871757803587066	0.943730191106954
-0.884887674013442	0.96511907460948
-1.75684744103561	1.93476683303147
0.132318328682527	0.0452503254788254
0.133264717489137	0.0398651258030508
-0.065701873009113	0.041758915646237
-0.467347200738993	0.442701381739961
0.479560482620113	0.429665167313709
-0.475012800843294	0.314872273178116
0.146853599489975	0.0838393684325598
0.417069515247052	0.318666738102642
-0.282937002403618	0.237327546225128
-0.47540342942484	0.314239472814952
-1.56124185741404	2.28462400356954
-0.702779457011647	0.571401365994016
-0.21466269130921	0.112685568051193
-0.00808771044131835	0.00550460079547858
-1.37634149475327	1.57798147941225
-0.45471332684041	0.466232988566678
0.157125714289763	0.0970423450217492
-0.00280914052697326	0.0019211402151774
0.916690631397614	1.0254138886406
-1.36564469106339	1.79485404279797
-1.5695339267876	2.06551452398096
-0.24980416016732	0.164704722498698
0.738591193682805	0.726301429760816
-0.916452749613412	0.763848442274844
-0.237128126444176	0.178506678667351
-0.345443762634194	0.208283358381252
-0.61716425329217	0.49797634064842
-0.252188194078289	0.211790774106172
-1.66976698620196	1.72945464685214
-0.652772413132881	0.646139820516906
-0.358918753760036	0.257621691118374
0.42562901498975	0.300606677166341
-0.546952616353355	0.463037951736714
0.275924975128715	0.20428575033139
0.0276752587302489	0.0161175958929715
-0.599027166529087	0.438727840368061
0.0787121889528682	0.0554542913381574
-0.26897325273274	0.199681543477651
-0.178218196016687	0.155817844584961
0.73113107630781	0.797243338609898
0.158597457694582	0.112712583005014
-0.69437812238227	0.487095078177782
-0.877286395955223	1.01451239902862
-0.123921149985567	0.0747544436858593
-0.0270974261224407	0.0180432926772227
-0.57030233643094	0.527404315074275
-0.149848108756423	0.107241716566281
-0.0466245483082627	0.030631899526552
-0.149190343568216	0.106908126240304
-0.625306139083757	0.696624152340815
-0.098846164945216	0.0822730857825421
-0.0661814012632439	0.0424025969009729
-0.563670806077323	0.597240296119475
-0.0120256303206674	0.00827822311957522
-0.306239900518938	0.227329085138127
-0.546584354765962	0.553062468342809
-0.261432326800784	0.241261283163859
1.21251831015538	1.68402455855586
0.0123987640826066	0.0065698299329737
-0.527397776169205	0.566806341976449
-0.562157694226247	0.592149332862869
-0.00709983289611548	0.0056479874949223
-0.149629870384732	0.132011444943629
0.945183183212192	0.927012349135177
-0.318847766882719	0.284429804424319
-0.268681016993771	0.247069465004472
-0.450360574054869	0.350480004334706
-0.510449317030088	0.386531160023942
-0.597319700606664	0.442438668150537
-0.259012667464296	0.195463793292201
-0.154035637323469	0.123430300958337
0.0991646239205273	0.0734484325880531
-0.245962146989387	0.161511108448921
-0.176723632209479	0.123726280901834
-0.459355771706248	0.359528994002761
2.7489176254429	0.781882431670721
-1.05736215907531	0.428360693277262
-0.0741935802518069	0.0323266379972846
0.283587046173795	0.212967064342981
-1.16049815789933	1.00441187481516
1.2438205605621	0.858953966787391
0.160720697698858	0.0980044531186951
0.391291150382482	0.30597426013038
0.904669935490028	1.00283322583213
0.471960734569844	0.415638746861941
-0.581062002621207	0.528640272746862
0.721632597092883	0.602823376313729
-0.36106095678597	0.294080115697131
-0.35178236717751	0.287303955476635
-0.621873008389208	0.521366163113073
-0.498761067685133	0.50717715679046
-0.241093439710288	0.157480173097891
0.173270827557643	0.128862415429261
-0.889916884622466	0.971079181708913
-1.66375285718798	1.73910106566296
0.00180809581944644	0.00108966305595925
-0.243400934695451	0.203292801790455
-0.0676622360884758	0.02992921492593
-0.154330702289953	0.0886390410362512
-0.806304332832861	0.616054939587074
-0.637522025921482	0.580642185096469
-0.409349575316363	0.287803723315266
-0.58973036905705	0.433250341325936
-1.10684858054132	0.759035383709968
0.329646457848539	0.182509017059594
-0.625270199905569	0.522644938276015
-1.62590050987163	1.19423249413755
-0.917839339025708	0.770536575153883
0.351137091802574	0.317606581179867
-0.0606478459334375	0.0383898820851166
0.264787636485036	0.215023603062351
-0.725764908172509	0.643946162221842
-0.919169013198833	0.779398527431316
-0.536697545665359	0.498002179338011
0.525065057722959	0.438067235347311
0.280867837018471	0.210405271839212
-0.733308377417686	0.706402605445485
-0.0414744411177735	0.0276087858979182
-0.903319635610484	0.844349483439591
-0.20598374742849	0.109547995445837
-1.44494198595976	1.5438624954108
-0.250761472505597	0.164873906051454
-1.68400996105605	2.08949503723962
0.0589113393165332	0.0381157793214053
-0.439203992665491	0.377457995449796
-0.573947617029481	0.511304108897048
-0.614321648608082	0.510989517748539
0.462904258691984	0.422038604973256
0.322556113145902	0.322177488167714
0.177814452201293	0.140822367111074
0.00215357002690656	0.00173648659339393
-0.796503804812438	0.754323438574636
0.273805591069171	0.221894988739418
-0.522143650894538	0.49259667313886
-0.195027045812819	0.149484507834581
-0.239455913365378	0.22217332679055
-1.31756157533914	1.97720588847628
1.76235287417755	1.76552725998819
-2.55863982145532	2.63158334497266
0.473197634634275	0.309931919951172
-0.56995191111732	0.528559838988429
0.0628696142027872	0.0600061166209895
-0.184676785455206	0.146404262820793
0.307939713223328	0.182709714727785
0.599142446599911	0.308621104669471
-1.16152021660948	0.35929571617842
-4.02629646829434	1.7645954243632
-0.251170939624183	0.125834583298694
-1.60803739743974	1.21135354460947
0.405464600550304	0.301037665822403
-0.244439790893105	0.0807612783384271
0.640369940814455	0.447804381944737
-0.200541128517797	0.107375476856646
-1.23549568269523	0.92704552032357
0.174747369527431	0.147556306136461
0.00187842086723144	0.00127236627853656
-0.325990838711194	0.271694952535606
-0.083691344762504	0.0858443107789558
-0.0250877033519492	0.0170552650170065
-0.690253255171671	0.483636733327045
-0.407369993603426	0.226511392911399
-0.961311115979124	1.35489161306548
0.177017163653115	0.166608477711591
-0.258310748411807	0.22088549227781
0.14887840121065	0.09505631395558
0.852825293268341	0.621830663927686
1.07853471424082	0.654337507335256
0.502930967277417	0.181333117013942
0.433719231505082	0.313969477726507
-0.589369667237601	0.428081524497131
-0.156428834436348	0.087632278540601
-0.312668535590046	0.14257191127799
-0.1692436896886	0.0609772997689558
-0.0736484479015378	0.0317733116003255
-0.593078333893164	0.432539559174319
-0.352091372568395	0.212844299857847
-0.124036014394889	0.0734248823816144
-0.198629419367091	0.107487194841915
-1.16741764891179	1.01981080128245
-0.416972426019164	0.457090898122668
-0.537232634402596	0.614803234583397
0.596301361959428	0.447180458651907
-0.0171246874033195	0.00855445369673485
-0.813894443088504	0.529662856085715
0.169722581602425	0.121026571627146
-0.444205448058171	0.392393995946219
-0.0137630348993578	0.0128787850218571
0.129579885528093	0.116643325476705
-0.456224800744134	0.46724896793221
-0.35170177300618	0.211750020973791
-0.20618335310018	0.110939796207547
-0.913911527587072	0.767248020523607
-0.538145054388194	0.447510610659153
-0.578057020098894	0.717457244433324
-0.267628000535767	0.246948564277965
0.0308623943012192	0.0238341687875009
-0.310503521855753	0.291114075053082
0.941825504427594	1.4306824161082
-0.478375726193585	0.319904022015243
0.17619318248215	0.147325698707467
-1.01461952753862	1.23276591921353
-0.0199274188921382	0.0155403337702611
-0.0819920388534365	0.0682918385524214
-0.811289799862032	0.901124501583715
-0.26244112671892	0.224374875952953
-0.649375910623467	0.809760684809187
-0.742444694427816	0.821618851612367
-0.0164510262358862	0.00840946093600393
-0.353174258233513	0.316248834954568
-0.0939877954837561	0.0586393334135517
-0.104724948352891	0.0848420518445104
-0.950824691482446	1.3988393975741
-0.325381745349477	0.295115545543049
0.0938220288052838	0.0716412734477069
0.381196610179048	0.171438388574072
0.134805386154992	0.0338121207710829
-0.107389210124692	0.043337395747728
0.0331061746644515	0.0202850848901908
0.386441384645287	0.316743086103455
0.640882728447018	0.447243196613613
-0.0888859139229903	0.0551186604514559
0.443427088446819	0.317345778498571
0.364668125691121	0.306046469172207
0.259496358777605	0.228921521162803
1.02870141632346	1.33077088961927
0.00874733293590837	0.00467547627816051
-0.541178376987744	0.54381897719067
0.483208446478212	0.292664810353241
0.0635659620204702	0.0429113181321624
-0.524770385755993	0.492926797327384
-1.34801749004446	1.07695920815961
-0.582748387917962	0.56559477940437
-0.134298596185245	0.109282883356715
0.689595686735449	0.693980255378977
1.21378762612291	1.56596387538597
-0.351824835958712	0.284735895293212
-0.924640699742831	0.775447519990134
-0.689884698416818	0.476571600559781
-0.362084138895506	0.295150955552291
-1.28285465203088	1.42237651819922
-0.409539746947708	0.28383600056277
0.155941936983089	0.104540653413711
-0.398714279107505	0.320288768956398
1.14244418646645	1.52985217116461
0.633716794775829	0.443991390693055
0.173956372516715	0.111821737114459
-1.08105989616993	1.57978772878069
0.820275463026372	0.966582614549968
-0.045633064526311	0.0296757091406335
-0.0562792555476456	0.0367727692658578
-0.590056882365537	0.434364176143803
-0.401696432416076	0.315815434572804
-0.387261179761233	0.425109220074737
-0.00326100469641879	0.0023755591499924
-0.361673023262581	0.320427404794551
0.815572708561301	1.05519111621867
0.185707042071304	0.131153534127551
-1.12240037877886	1.3243203852809
-0.981081706608419	0.968717628067499
0.0439598238496904	0.0346735646463661
-0.202683332758525	0.157931629179128
0.0647916047097688	0.0439655417806045
0.384509989658748	0.174899135225633
-0.143976939334367	0.101015205465902
-0.85093334849796	1.09746306818314
-0.692979089553221	0.825522761267165
-0.168749172137776	0.116965845323616
-1.23365330481778	0.905471463451
0.547282070026695	0.424086416871246
-0.109975149350556	0.0889881093656522
0.0400488003410693	0.0247323274431718
-0.161500660544828	0.0919229303130243
0.298704067538522	0.202374402241862
-0.614007490920671	0.678318861768237
-0.924747486097594	1.12106592068241
0.269445084897441	0.227430528897805
-0.667835612562942	0.696980068556085
-0.407505320971182	0.276355891688136
-0.72839380446298	0.745049372489472
1.05050294455118	1.20663821371051
0.256345792767081	0.206765720433747
-1.54211096447874	0.565956548030536
0.122855411652515	0.046410770674179
-0.292618800859378	0.212183304766508
0.17259340296267	0.118259126844164
0.163220738293368	0.112128600693482
0.0292473154880644	0.016834521820661
0.617989554801729	0.535601724786068
-0.805658240940101	0.527748150971776
-0.116667322884836	0.0840212015143129
-0.800555803404835	0.44379923760272
-0.458508227422499	0.358684662670523
0.178358005306849	0.126598257762983
-0.804287518421476	0.441659358100973
-0.359919201079979	0.324456234585966
-0.662698318066652	0.392393715009139
-1.10056973228324	0.751333600231465
-1.1168628194186	1.07909527407226
-1.05667306302061	1.42500927731315
-0.113998363129047	0.0933993763394958
-0.160884344769375	0.0925069480567091
0.15354429134567	0.0992604490085685
-0.0669707098240397	0.0509882641300189
-1.44793422015203	1.55080430892881
-0.359414927929553	0.285894829581736
-0.490603443953089	0.423050740646824
0.00671550891642783	0.00365560719102172
-0.544109798040895	0.456260864048608
-0.154561338367895	0.0882358335754389
-0.491089611991763	0.424996068199399
0.7852739582237	0.734421827764893
-0.338823946971409	0.238488299613511
-0.252800471355785	0.163455672352882
-0.651514377494446	0.63311827873737
-0.208869748837522	0.141585024362623
0.638571998716247	0.671298895316334
-1.08376804594327	1.38776842438846
-0.161642918674331	0.0925192554675571
0.273354025076092	0.213956096093085
0.697698659864698	0.695984682480586
-0.323471485860466	0.287175864099353
-0.714206924570227	0.621382325230823
-0.729023170980408	0.758359765927684
-0.514634511372525	0.479990700091527
-0.883222789849219	0.892024833310701
-0.290598690360038	0.258826891580038
0.557541479067736	0.551120584831271
-1.20886506948558	1.21473195148436
-0.413947858919656	0.176554546535984
-0.70924679961947	0.636321557906274
-0.176602124380837	0.139999667563613
-0.0128650046154458	0.00881161904511268
-0.204618821085842	0.158533325252024
0.15702606945552	0.0966310243117789
-0.313268200383493	0.260465524501314
-0.592348858552137	0.5888519739224
-1.29249516430105	1.54253739154686
-0.334983951955901	0.199702958987046
-0.386761871683412	0.371160974571454
0.0661884889034958	0.0449460029623758
-0.150935950859863	0.120988659660276
-1.57644963159425	2.12203900975021
-0.526424018119855	0.561015453788313
-0.289539816230082	0.183918146588484
0.054865254922633	0.033017753872897
-0.370080986444937	0.333221441796811
-0.547742318958794	0.552443159350317
0.132325125125984	0.032854701892731
-2.30629315332337	1.19486182033123
-1.52683606577593	2.44643148394746
-1.01836094100628	1.24378557817622
-0.404810217337461	0.405340746954178
-0.306783440614984	0.228184823482372
-0.593590217753766	0.44233221212407
-0.482312546559977	0.406694515826097
-0.17563129771903	0.13708978889301
-0.250722887646632	0.2114616914091
-0.346057392253905	0.247230772436623
-0.586150632227438	0.421194050150324
-1.83598232345034	2.10811058551262
-1.01901595679998	0.922883554314627
-0.73282878771879	0.863258864829466
0.09160995903969	0.0695308750345497
-1.61521896522077	1.22535770949478
-0.884365746214468	0.961553504682166
-0.0635883917686998	0.0409827552531879
-0.28857245299845	0.244100406078968
0.0259709777045528	0.0193453208490404
-0.197594081344178	0.170385517375423
0.276322324324123	0.208495277728991
0.174110203126106	0.129712596300326
-0.595548404278222	0.59597302613916
-0.143898043119327	0.102931003681823
-0.361419935325053	0.297147636320874
-0.00125455994885321	0.0010643201272709
-0.0923706604343364	0.0676566675339323
-0.0310983340099327	0.0209567453656782
-0.171757771512058	0.13563744255494
-0.736192092282846	0.871411396148671
-1.49793832103248	2.12158046537256
-0.459080454425612	0.524221553103641
-0.206687971535526	0.162991147839803
0.0158682701995409	0.0114013266644694
-0.80438367739093	0.705885750197428
0.471108523319517	0.43362431355864
0.393362084035697	0.40304159930732
-1.00049094330196	1.28263391673148
-0.0312663025421854	0.0210125121846479
-0.00838049634433396	0.00568178525779754
-0.317195847865118	0.265020273676724
0.594277545235095	0.447847161310592
0.0940799845322697	0.0685489839598959
-0.462343254836378	0.431456911210719
-0.447920500979506	0.453331026608118
-0.551621263776837	0.46638484284962
0.424298242050858	0.431533595144258
-0.1587826329729	0.12816581035762
0.48551364481255	0.43527076674065
-0.359417403469317	0.296027495808626
-1.19155987602267	1.45677314507995
-0.447865561181358	0.390428519964424
-0.564638315191132	0.514977144441529
0.0933709050739055	0.0751742900923931
-0.259111254652241	0.215403766810417
-0.167584625187595	0.115839165220929
-0.0387879225660599	0.0252533834742479
0.670264679649351	0.314642480739066
0.881733182107863	0.897153215300391
-0.289071244655852	0.242534899924359
0.755592711369947	0.928463852978144
0.382381008707839	0.315855427084032
0.136471825034789	0.0593672744044938
-0.361687477778203	0.261436546343921
-0.598340117527194	0.591483870432236
-0.681611476676764	0.47821546498433
0.163257263416379	0.100316874641025
0.693332697486872	0.700443606542991
-0.357067645345355	0.348333442965186
-0.432875110126108	0.429963378662432
-0.66507515506091	0.89285783580079
-0.0106760657621911	0.00833268140905209
0.0156333301824732	0.00822333241857883
-0.330067369461862	0.301748051794233
-1.05427609317983	1.73350076400745
-0.73892644648218	0.872518312528596
-3.770040500817	1.52983951262272
-0.614021945527329	0.298157648386911
0.177478120635519	0.137476289705316
0.135813793577202	0.122719715716792
-0.360494414075669	0.348078060545831
0.110592446000423	0.0837094209695807
0.603687229974832	0.656712982222868
-0.322900561388716	0.2659210699522
-0.0591627905260228	0.0493133931951979
0.879262506518315	0.903247552942529
-0.0338056690225288	0.0226748427228159
-0.320596035945922	0.265306689341741
-0.812369089015435	0.699030468772356
-0.805016948952451	0.951211044891608
0.563647138637974	0.721342924177982
-0.475130573345766	0.453337547574258
0.629094535529213	0.755136837399628
-0.331761151073443	0.323230715950233
-0.170463630863967	0.119194200694208
-0.544995323112593	0.212530818243473
-0.64879011383945	0.624213439993488
-0.503606927082266	0.514058082487661
-0.185120388239023	0.18410540208239
-0.739287160441627	1.00220172219112
0.103233546006857	0.0836793720858786
0.126904682175634	0.115214673148167
-1.14726949206406	1.71348480882017
-0.356820957566175	0.412747515267647
-0.349217237012121	0.309429114790786
-0.424986378764364	0.461297907195333
-0.890405489127937	0.902297671684891
0.0044895605782639	0.00333720829470614
-0.210035156546746	0.142950311316875
-0.855527729728065	1.09683155391387
-0.17947149451777	0.170496831696692
-0.641939317793227	0.799966536917213
0.0996131259148573	0.0782068024224641
0.0722147223583039	0.0654270923975399
-0.049638866365291	0.0327290172229881
-0.157064704962091	0.12677791638094
-0.792534398194326	1.12253895149207
0.000755605949604599	0.000468492342197035
-0.682563055986115	0.841550251962167
-0.697471913316201	0.907008917877582
-0.10105262091278	0.0903295520137042
0.15214469683365	0.080132870463814
-0.734571579220316	0.90796777821028
-1.92968021697574	3.21864861877904
-0.273088710066795	0.269181532286634
-0.0638412296612938	0.0486375873235174
-0.098917415617605	0.0729544495853495
-0.455495184074903	0.514090187555988
-0.24058926386952	0.186876537307817
-0.359175414198311	0.38896924982654
0.42479096017976	0.496772004747435
-0.738250215717473	0.817732077275227
-0.393154861983187	0.35021908494815
-0.125295658073395	0.0754667274458117
-0.481685754220553	0.31565821431997
-1.16716983627504	1.00453670311467
-0.79865613097158	0.346251817352054
0.00880587618458514	0.00465785366394793
-0.324824698087954	0.269932058894842
1.12385116065258	1.14511459115314
0.451992884754014	0.402575722915018
-4.23155292712467	2.03103243582247
0.309537623522072	0.198927192800302
-0.461338187025563	0.361103928702487
-1.24059089406173	0.914120852170378
0.946525050546049	0.634850535569353
-0.201572670783237	0.135926019820435
-0.209862706542999	0.175980813069012
0.0852093294395343	0.0620767124543831
-0.0710397479177652	0.0527045228972112
-0.394071470785429	0.315263952870391
0.323567380497913	0.177760239203845
-0.321003266540368	0.264217565942466
-0.55852352497877	0.596731172854275
0.481580260425123	0.429264196852366
-0.751198712039969	0.263460624922869
-0.319314381948276	0.149466669246134
-1.37330603317456	1.36464699881091
0.445728294413692	0.510524939347821
-0.176969218370794	0.124260073735672
0.507094946825791	0.441870687787742
-0.143178161840575	0.102137518316456
0.258061417247435	0.236575132117148
-0.381977413816389	0.36530761255665
0.983988401301128	0.794693629960724
-0.560880442946822	0.360114910432844
-0.205274979478341	0.139273363516079
-0.348305128540139	0.252573390685348
-1.16777335260558	1.00448161637488
-0.720880719601397	0.704890800894376
0.464189798749908	0.415853786945121
-0.303014528017309	0.316428035368668
-0.200563488561988	0.174696666030888
-0.241805800018786	0.158263418283869
-0.750453159564684	0.266070645067511
-0.780056577842774	0.343063858953203
-0.587664166188927	0.428929210661156
-1.29805332448744	1.40632212432858
0.0142524741450171	0.0083407818178079
-0.719981678268503	0.69964280182563
0.0936635970210522	0.0702226536442923
-0.517772907025676	0.484846811200564
-0.296936266670039	0.272903722599982
-0.652274910907239	0.633879455756528
-0.665624327642275	0.704776332754699
0.194676931963824	0.179317784370416
-0.475182689146547	0.451564556698449
1.52014087164549	2.26684105362862
-0.565761361446505	0.513877791832257
-0.0614886648447145	0.0391022482972844
0.0376561653504453	0.0296589150578845
-0.25783469195561	0.215965773691792
-0.534842139690355	0.600912653974525
0.177819279863467	0.150755667457777
-0.461971393922276	0.467385411546266
-0.934788573174548	0.691175009111466
-0.541661002423395	0.457857414569216
-0.354826386181286	0.345139374805088
0.361934356530518	0.319719591728272
-1.05392110650353	1.19142870221755
-0.865585495954902	1.06587819159896
-0.865026738213613	1.00495612501123
0.32114411834429	0.320009602442573
0.263542120650417	0.224424429105862
-0.40939099529513	0.41302328940562
-0.559293333376165	0.355383499048422
-0.483311507754805	0.416216057148476
-0.130258217433427	0.0778494684670039
-1.15661860862141	1.30685632925892
0.013432562313113	0.00707906724137015
1.0127751373005	0.389769011989825
0.887037292069543	0.477992287688392
0.504772700074568	0.432433652005722
-0.0734341933027332	0.0472428769325037
-0.807586385324969	0.443175861412512
0.493058733252595	0.309054823336272
-0.808604124285478	0.632027204331773
-0.0625490314079018	0.0395072673486096
0.169830063569718	0.109952936097858
-0.544081214106925	0.211880882351101
-0.0408108501496261	0.0267397670874044
0.0867629900097846	0.065586572437662
-0.429781884730203	0.494125192495311
0.259342150542447	0.24942202132429
0.405820587728452	0.302519429576627
0.938595927413763	0.901626149673772
-0.798967553462226	0.608200498494822
0.255371207271568	0.245936317342466
-1.11548370356279	1.08876498325216
0.637110020884382	0.202981575807905
0.374305224628486	0.165683579397864
-0.166946496830761	0.134314109296374
0.379323413241995	0.395038850382964
0.0130201960044682	0.0094146015806213
-0.189495349516662	0.162306095598871
-0.794114695448179	0.806009121960618
-0.193014307813273	0.164860853243642
-1.03874919535394	1.6351353662648
-0.16054897960836	0.0911674096914458
-0.340122928868383	0.205818735269761
-0.55378270433698	0.352609365398496
-0.998096401668246	0.494567299790278
-0.615926032526594	0.508834435075148
-0.85331741561013	1.10478635161162
-0.113792374153171	0.0930550654592093
-0.47569607157241	0.54845839648006
-0.173726635787286	0.135376525447262
0.355166934835866	0.177696998499278
0.134942268942205	0.0403123831956986
-2.64090577588001	1.6084044562234
0.527280884511684	0.439654465653297
1.94691886555302	1.23049757141814
-0.126035834433716	0.0912966421429266
-0.113188770650411	0.101294994095958
-0.750730888434927	1.02293500244109
-0.0651676461760878	0.0490949920355572
0.103099715024066	0.0831098039303646
-0.197871310738222	0.186237901340839
-0.549276070778751	0.612765642817794
-0.601198000351735	0.71713447639817
-0.452352468827581	0.460094080382701
-0.317229002786705	0.307337045230009
-0.0104397697399814	0.00906087488671983
-0.139866057915933	0.113879670304523
-0.000536476858400693	0.000265103150063397
0.286528873447013	0.211146405241591
0.00928148870762577	0.00502848057062147
-0.613656097149839	0.770352192059916
0.257724184818046	0.258579637833927
0.261210049634916	0.22973147178243
-0.163302645533326	0.143336399952666
0.785640783398342	0.853781795978672
0.596332744420052	0.311863444506357
-0.654175966553034	0.379690060772199
0.178868941394738	0.152000137134219
-0.604931662621889	0.769625549938522
-0.324658703621608	0.296126314840206
-0.251934495721134	0.268879695300098
0.130691347857453	0.120754277479371
-0.969137531274265	1.0552410456608
0.194095895244076	0.183869305016183
-0.299519780092414	0.28814083640371
-0.512982788678945	0.390219190049554
-0.675904277370397	0.714634016130138
0.177488520154048	0.15774537331195
0.408471402163826	0.309908643816044
-0.253399967402909	0.128849519039768
-0.37705103334154	0.111772840936855
0.307700953043244	0.184819864843919
0.852825293268341	0.621830663927686
0.276013083825175	0.208808151024535
-0.305121240207444	0.227042425095994
-0.612585918983524	0.294364087416283
1.10598572506785	0.813174942776739
-0.396594070146817	0.318995597962089
-0.759737941810719	0.257245425211448
-0.170876116446217	0.119781272936472
-0.680236490923937	0.831800455483516
0.462677736619609	0.425543122091228
-0.799589369185428	0.922822656250036
-0.728900425302056	0.766338007406629
-0.199160485730209	0.106173862524346
0.103319214376885	0.0784312644875696
-0.321837019511527	0.265231897561316
0.748065912248909	0.833014154747819
-0.54655735290113	0.211260778769488
0.993647596789774	0.795456733479665
-0.594926912999848	0.594630836912447
-0.308044729703376	0.338956557159975
0.403935136178243	0.422275757666961
0.276708921476219	0.258876030892931
-0.0171811512714822	0.0116553014400255
-0.377494103063594	0.385699523997351
-0.414019526987276	0.422231663379286
-0.927482214591074	0.667702677010431
0.343176236088716	0.17167534829835
-0.341671994541335	0.206746452612742
-1.6876832791038	0.967365139130739
0.00303840038282074	0.00171209016858953
-1.29367569109624	1.61278439727336
-0.61940477539697	0.686021865333101
0.00874248137248273	0.00636596700658386
0.182280094976553	0.152737636379777
-0.66319580607173	0.38709732740708
0.43745777782994	0.174986000394917
-0.112667759607265	0.0451574928312664
-0.703758470980408	0.561746359279695
-0.368734126017043	0.108489275130813
-1.36032761292227	1.34393735307145
-0.32293283549302	0.29274898919208
-0.36204507083253	0.3534601055861
-0.0738695334626346	0.055365752398146
-0.729663359990215	0.767354519360612
-0.467648282143034	0.61764289129684
-0.687648853010532	0.884318365436955
-0.504530199521168	0.514846861525603
-0.0106557225966214	0.00843839392590325
0.184059222350515	0.169079981682579
0.332958184509758	0.342005170558637
-0.541661002423395	0.457857414569216
0.677934099466097	0.645342158384085
-0.528355122872668	0.647524490060224
0.253723611513814	0.251819504789262
-0.219725503236585	0.221133764001203
-0.73974861590612	0.970051556921605
-0.122669984291381	0.109531519060893
0.901300293721331	0.764175868629563
0.701018834486638	0.45882024685933
0.260664514226039	0.238611300069099
-0.0372949551164749	0.0285666301656783
-0.115546639427984	0.0955143753119944
0.0153215379415582	0.0129827428797121
0.0227314602421034	0.01866325936712
-0.237249676697358	0.238066334938193
-0.114477988947666	0.100870735888624
-0.815875689189732	0.614773260423694
-0.0161843257309054	0.00815223455076201
-0.248142417567758	0.0817264643962973
-0.247514023114121	0.124206774396205
-0.580007456498957	0.538606817765973
-0.39591236485316	0.383875760216347
0.381444035805059	0.314762519498763
0.0673841635259139	0.0452774229083863
1.22097269014519	1.00159387057018
0.926329332609966	0.245803896301602
0.780801501359906	0.460824712652102
0.281794650968809	0.204136276382134
-0.919739961294124	0.768412155520073
0.939754398835538	0.624403081867142
-0.780976259828283	0.346811021218251
-0.683937148898197	0.470520505650011
-0.350200371102401	0.252365680816071
0.0516161521683112	0.0414810004152028
-0.197428071362067	0.168943438588085
0.175543875815358	0.144810884754024
-0.117730525194457	0.0857589678583702
-1.23493169797254	0.941007419672188
-0.26610918763155	0.201072948142262
0.0384388982399863	0.0301604222118552
-0.136681493376895	0.0968972480923177
-0.999406115771593	0.508196794759441
0.138686564490629	0.0663003056229781
-0.577491437813422	0.612272754163917
-0.24205201426082	0.224650958180223
-0.868371254388631	1.07486654118382
-0.09609505267367	0.0712675391452984
-0.735516365783859	0.853860671231079
-0.275886273621707	0.271860031861763
-1.25648079778415	1.78465091232849
-0.397495331045073	0.314488925425096
-0.802483211620193	0.83359479379333
-0.119941799859598	0.0875547128067073
0.633032660161787	0.435224184577257
0.369171547567311	0.327196782590338
-0.54470101616423	0.605464428012726
0.0183281049441641	0.0136818762970016
-0.159355076126438	0.150963729190923
0.00187842086723144	0.00127236627853656
0.593330079137807	0.446174117632694
-0.159806023666921	0.0585982110618119
-0.319653077990966	0.147588845989263
0.157912971532422	0.102922042755573
0.138691704175645	0.052997387335233
0.676209015818967	0.69684376472883
-0.0550515633197267	0.0465532276686831
-0.0461263295455112	0.0354931284801487
0.14315847741205	0.13841494384768
-0.0234081037111767	0.018428462229824
-0.898136266267611	1.19855209302187
-0.303011799942182	0.317166613982871
-0.206815061019292	0.194757194933211
0.456192210365944	0.513966363687439
0.431095175010939	0.51663341927561
0.271057871268337	0.213405978947838
0.302157108684827	0.196854860407456
0.370328030074992	0.434042882954568
0.432544608946122	0.533183428566329
0.262655364365141	0.270443922449346
-1.19584434351032	1.98937733644156
1.08505812443645	1.42794690601416
-1.65550426918992	1.68819972279584
-0.0371433062099736	0.0248292820895479
-0.276239265113753	0.25575515412701
0.650652135695411	0.765357596335437
0.257282984662378	0.254367713402912
-0.789577561512245	1.16112705870778
-0.0916837229314143	0.0759739779452423
-0.914335098413125	0.754639620300803
-0.358509685935563	0.31564184108435
-0.230476926859651	0.177397839999218
-0.897996741964657	0.908985869999017
-0.19698544075993	0.106463602627733
-0.294834354717367	0.270320440986652
0.882299231149555	0.468978819095862
0.132888002248605	0.0626431988337717
0.853289001041927	0.625858900681586
-0.994947520595846	0.503479993249042
0.0150505843591052	0.00795873224868437
0.155354459722421	0.0883693193013531
-0.256636929487564	0.219687064537547
-0.112213717970511	0.081881749977934
-1.24707253939178	1.64590158254855
-0.883226243909294	0.893551590917229
1.44306309372853	0.899952167138894
1.05139123092654	0.506672941017209
0.457901008088797	0.312791220938195
-0.903049099818114	0.841129433254878
0.367288882103659	0.321611041013213
-0.692203344712605	0.483349011404606
0.381550391626406	0.173085403603978
-2.12884667399212	2.27816034661996
-0.783769496886357	0.344980723648517
-0.373283661399062	0.108870255273452
0.439098492156985	0.429602641034941
0.107195606111083	0.0843790386237316
-0.340608932024627	0.320868254187011
-0.979422883282058	1.32118232729361
0.0816502695869334	0.0578278392671844
0.308595392156857	0.198388323501996
-0.40296857556685	0.383495645366297
-0.263765256933239	0.24362730639378
0.0581341427585448	0.048914789526176
0.675674964824304	0.316783380028713
0.326133769412994	0.181848147179863
-0.525406830568763	0.652604092210593
-0.209614800126733	0.19836741376374
0.475644361095515	0.531525055868507
0.923925951178599	1.23380264227261
0.0119594031293843	0.00987734009491684
-0.0376821449473471	0.0290864653472953
0.287842628795189	0.181447963799558
-2.79157421182927	1.87943091144582
-0.645644679108099	0.585204725162547
0.729003058855875	0.598630255731744
0.800870945134033	0.33934509997196
-1.23942933739997	0.940340279341871
0.0187800568593594	0.0135152895128978
0.642307476426879	0.580713142067424
0.105478812301702	0.0856844894637663
0.167164293867818	0.134623066527775
0.329192647300673	0.181587650884266
1.08230322501463	0.639001160374622
0.503876995823466	0.183153812193994
-0.134404885962309	0.0787288849501353
-0.111772179401005	0.0451824261502468
-0.992682835354305	0.98304275021048
0.123800938591287	0.108378647995906
0.346057519830573	0.385930866565586
-0.439570282639374	0.474689849797593
-0.665624327642275	0.704776332754699
-0.593421805420914	0.70875558880426
-0.124681780429035	0.102154919710177
-0.216570873155937	0.183367207022945
-0.485599103935589	0.58084967102825
-0.145703633825953	0.129452409233378
-0.378503258457979	0.438823043644597
-0.0556493917246157	0.0476943789330781
0.035072418592965	0.0215462654385117
-0.362792818643494	0.354122058112646
-0.29963930258052	0.222123571438397
-0.366133832803028	0.300747124841628
-0.273600177334796	0.206745684547887
-0.217215595940278	0.226913462475311
0.273391725919074	0.229783715378845
0.252689431011209	0.216538172813408
-0.859422198676622	1.06023813984457
0.787586189865273	0.46604092851878
0.161083999136718	0.104668230763828
-0.402562484109721	0.433896082931955
0.79062930254644	1.04035196062804
0.052039977938589	0.040969191218747
-0.480585366559131	0.578157486707969
0.065436717750439	0.0564556104476662
-0.505990082896779	0.579495116380573
-1.05137389445817	0.842385662539471
-0.203738600690852	0.159421031035211
0.180809964999396	0.13136430227256
-0.224156658856872	0.189795805918735
0.78054013618825	0.848313975538137
-0.684680075185816	0.480486076992931
-0.047730284648785	0.022376128582783
-0.316352371300229	0.145442621693683
-1.61615878935825	1.2279579829066
-0.605027324450035	0.442994026173629
0.275680090193165	0.207332189711248
0.179038580512267	0.145862152527099
0.0472827119082978	0.0305476844266433
-0.134682733821615	0.109526400919938
0.147845866245714	0.0840880666125369
0.689997439690492	0.695458114375173
0.303399243411208	0.193777651063379
-0.659391095185893	0.158977027492346
0.720994040321023	0.596050067170724
0.62734914791394	0.566939762717013
-0.557320411516759	0.351556894505529
-0.147125403897097	0.105488805299836
-0.649961670532414	0.158635340685799
-0.167109699597042	0.130391371810398
-0.795843845856416	0.433844460757483
-0.738808137449366	0.775340478714637
0.0840166018313423	0.0616664903426457
-0.359486844534851	0.373404001540337
0.251148674686166	0.234420195004243
-0.746353271363526	0.883068739734175
0.592288401482045	0.308946122033183
-0.266134012158917	0.202473899208324
0.260695537007765	0.250538484302725
-0.0712964902096025	0.0456487033105324
-0.164403605220993	0.0602516836701797
-0.803466114035188	0.442052806268878
0.101291651710639	0.0772710278429277
0.312173373859746	0.338085252048362
1.1595568266387	1.6515184085676
-0.580888197006698	0.648667043237022
-0.474028946269458	0.561845233078619
0.259916698151989	0.230191566365936
0.258825878030799	0.236707599764189
-0.406846999378303	0.327850578794677
-0.0726018125875653	0.0465211612195285
-0.259444509110727	0.193420440117457
-0.0685937906800911	0.030184804460762
-0.146472201346912	0.104852188023129
1.31313642906834	1.52751405861182
0.0013707116814914	0.00123977568016449
0.320900770186005	0.327565700159664
-0.357271464729788	0.348516767780259
-0.319394316068957	0.147614726157155
0.42912362294564	0.172581071085286
-0.0607260118397065	0.026141496066331
-0.160050064673162	0.0923000065324634
-0.106653786272357	0.0427077460799459
-1.65496150826652	1.67029999314461
0.26596981021781	0.239855070730632
-0.23344161091764	0.21431143001523
-0.443996239548209	0.555784164098575
0.0608766587769975	0.0497747565927676
-0.438289362671937	0.507290644062631
-0.663819536091005	1.00394837725611
-0.163785145857214	0.131435038250313
-0.201474078229059	0.189006673868693
0.117005817344144	0.100077650146274
-0.14957570990664	0.133419458441735
0.0636760961863377	0.052362579573113
0.0791897551989865	0.0702841128680811
-0.391206661647014	0.375064127934029
-0.610075065268595	0.649256689586994
0.335204834418622	0.328773347305616
0.0313196616477174	0.0233873625793105
-0.204871776218183	0.202343523634187
-0.814683759845412	0.530238451143235
-0.164265020216713	0.112712455871
0.0374894654805527	0.0280024840598246
0.318161461848385	0.316639593074797
0.00171096690707763	0.00154225354595622
0.0710595986698369	0.0581967520560433
-0.395118162679468	0.43306932993639
-0.55378270433698	0.352609365398496
-0.355885724722892	0.210705160763643
-0.530298425149736	0.401381519822862
-0.513954382945478	0.472837749303486
-0.0669348377151238	0.0494250434134334
-1.08064684447522	1.35161152190531
-0.257814011636202	0.192457612197631
-0.545372765240245	0.212236444130178
-0.546339551671621	0.208419676207347
-0.23788425127927	0.0784171557797199
-1.30060141663037	0.607500402054919
0.154484486749495	0.0882674748199081
-0.810054356292813	0.528695288342607
0.47193301695745	0.43316195137303
2.63034334348992	2.63268237554219
0.179727390674603	0.12158311927514
0.15354940067714	0.0941366116000017
-0.548269214261547	0.46821374282756
0.0179489951092865	0.00944081586759939
0.135235985047267	0.0399377111449028
0.147952403313957	0.0781796349951541
-1.56296774722984	1.50019189829075
-0.207497441310418	0.140914236288871
-0.629330951663818	0.813100668800784
0.108856623119393	0.0859438042338451
-0.438225356029329	0.473162969185607
-1.21420334410975	1.38609453196374
-0.657282068507513	0.388587347774719
-0.545994922957293	0.46153585540279
-0.392600999419622	0.377651638419757
-0.165285353227191	0.133158331988175
1.94691886555302	1.23049757141814
-4.41491033631675	2.22621657625186
0.465002745108635	0.512595894583133
-0.33566254448302	0.370766846831928
-0.42382213158696	0.401834586117955
0.0455003100712881	0.0367953908017823
0.841389732226043	0.868458013758819
-0.517853601273301	0.550369930145633
-0.106855223757575	0.0887616347664278
0.162073532033682	0.109568849055187
-0.306901451501396	0.229110410662347
0.100676865549692	0.0792154196976266
1.55083342835739	0.786182588324621
0.846135747675636	0.749216256066488
0.181464191714647	0.1490343185332
-0.198821141428892	0.171619240727823
-0.0246761489196765	0.0193408086335237
-0.667197187736153	1.01043058220377
-0.501435416558956	0.266826863259064
-0.55378270433698	0.352609365398496
-0.131738489979738	0.0783462145188842
-1.85311955604725	1.64115908752079
0.428241289583821	0.174216330191094
-0.527309956442106	0.40183852791374
0.262998257960491	0.254147588889653
0.19276228711273	0.162614663237011
-0.392073253264893	0.401977424642855
0.18670048360738	0.163323828398831
-0.480095104661034	0.570203063042128
-0.136490798889659	0.12900227623531
-0.657271508815829	0.897830093755143
0.0654657701040632	0.0536680985909502
-0.0815037907232132	0.0660384096154268
-0.795721510820246	0.880138482279732
-0.355352678078554	0.339522692453709
-0.295533187874962	0.28909310399738
-0.264217842210467	0.269916041580915
-0.476861372091457	0.511617302348295
0.0584728320968146	0.0391697278679357
-0.339593339303028	0.354952800380451
-0.909647209307884	1.21475245280111
-0.155661711515875	0.1591616160612
-1.50232239857667	0.772335426041249
-0.793543867477566	0.350220608666384
0.132285070138854	0.0571628066209519
-0.292164333014313	0.185700192365487
-0.407197510155085	0.327593990552136
-0.485998643868659	0.416603181492946
-0.348812905673697	0.209209263032067
-0.312789746984957	0.143342906858161
-1.00812018667362	0.490057264217315
-0.624074858382189	0.302729592158858
-0.170436432703462	0.0617900246191095
-0.481259041085511	0.323458640698679
0.035646896098708	0.0217347744359064
-0.662313730044873	0.397923038056254
0.156220511591473	0.100936820012838
-0.138643467775873	0.0985141044142404
0.0291062911629438	0.0167909083832348
-0.648677249821696	0.158587087101144
-1.6881064903707	0.974820780790485
-2.64486436415008	1.62992815968045
-0.519299441090943	0.386370498965376
-0.0253601172793943	0.0167494129250516
0.159927643615634	0.115829145170596
-0.128193608466598	0.103658167405568
-0.903962240831571	0.83865364033833
0.457621093627417	0.305707286090518
-1.46295654996802	1.29241900959063
-1.11397483871998	1.30693911131283
0.0731028958568619	0.0529636022931087
0.131021865338521	0.0391721334922174
0.532283482943682	0.303481721092298
-0.354924324848915	0.315252561078814
-0.222489441509392	0.20726076842667
0.189308178692949	0.159412949539073
0.0606071799284675	0.040970688618479
1.28053837293352	1.97219573396562
0.0856399309737879	0.0644079793782213
-0.516891873772733	0.47863698793317
0.159553253297801	0.0973952692713312
-1.21011540739522	1.25575441258524
0.735516248245717	0.59791824939801
1.54695546827038	0.770648218228337
-0.321508451335963	0.266364588295746
-0.559763695176231	0.601488512188862
0.164697274852448	0.112816269596603
0.52494559458378	0.534688332077723
0.00357263218253827	0.00240907525076676
-0.501311730253616	0.259978658621234
-0.503119074150949	0.262538811673282
-0.371963944093828	0.110621992809151
-0.0111484720696582	0.00576474394597118
-1.5103082096306	0.789732548681657
0.283258241586652	0.204555602587187
-0.188874829013789	0.144251442851678
-0.0616033225664648	0.0469599476314917
-0.351682219762955	0.313061328837785
-0.319982074645345	0.290629126277509
-0.334259614735876	0.327252325140575
-0.0886448892989029	0.0547219760460033
-0.784926486483296	0.946022879535686
-0.325439742372764	0.14932292693229
-0.169623487855993	0.0621362492988738
0.269324852325866	0.210137232252935
-0.383926539168426	0.393345106913034
-0.335519021971999	0.350600142553386
-0.229030348635792	0.228222485475599
0.0138786382382483	0.0073626358831651
-1.53732327136021	0.558096879249065
0.31988157520335	0.17475944521424
-0.800559869713803	0.764491514505799
-0.720945772874452	0.634260450211389
-0.329906480828171	0.299614255545014
-0.525712840907745	0.564081475997147
-0.798237112414608	0.436939618772914
-0.371963944093828	0.110621992809151
-0.780976259828283	0.346811021218251
-0.371195854454092	0.109335251451445
0.294408958547518	0.211093452868332
-0.208332527557465	0.111783758095504
-0.402247346457818	0.358363461386476
-0.641268499796741	0.785744500535995
0.277792243107184	0.208243645695148
-2.27638138608695	4.03908087177483
-0.113812726711135	0.0825061785024967
-0.719056508943611	0.639419193193823
0.05902033437719	0.0406558581048723
0.108772820268667	0.0901957157710487
-1.65667423213665	2.20520459506375
-0.242950341667425	0.120062303500572
0.785369971678855	0.468157188278081
-0.000614328658629376	0.000421872033485001
0.190479012688673	0.176042788729639
0.405705225984867	0.387588194079305
0.28241654970517	0.210889933597443
0.333183669857928	0.316446199786858
0.492086614722703	0.536270230041429
-0.5522234838117	0.583690973356244
-0.412399694479691	0.287950172682058
-0.668621100032689	0.396836982557158
-0.363181910172304	0.299088101370445
-1.84365135600535	0.763554607162765
-0.130494860778565	0.0773861698118408
-0.280321047010312	0.234105674268846
0.106577889591685	0.0862717024314985
-0.795044122281717	1.171754715713
0.0230657435967063	0.0134556423521557
-0.656425293254178	0.389296731441432
-1.29543444342512	0.594115706507602
1.3853561696117	1.04568985451201
0.0799607913168106	0.0598949560738696
0.688137710358187	0.317594941441702
0.673192630642481	0.581365759473739
0.306060144420067	0.310323830598394
-0.426375778814026	0.513868217432455
-0.0241545364043817	0.0187391886070365
-0.205328177940322	0.178672525738037
-0.789119519121355	1.07120357854111
0.0402365072290026	0.0350963718050994
-0.0932949420166728	0.0700237809198949
-0.595665955070936	0.714496169917458
-0.561975224013207	0.769256850657358
-1.72814598344286	1.41283076408523
-0.484453124967944	0.544291294826105
-0.451744902767785	0.486678203740384
-0.1061202763252	0.0423884859942397
-0.324240605427733	0.353435948561553
0.182978659163726	0.151353370050385
0.0895422669094671	0.0679377866621628
0.0481826153271996	0.0431188398256866
-0.331756405449413	0.32601022865389
0.0223852905491121	0.0194459497792595
-0.744683718976032	0.82902334142842
-0.130533914326121	0.124608803321566
0.0293429516210168	0.0219194684652522
0.615264848126826	0.575702453386589
-0.544995323112593	0.212530818243473
-2.58468514934926	0.681926813759725
-1.04499426449967	0.424194737412645
-0.460891380480099	0.462293240547315
-0.557874518850371	0.352444313134138
-0.569836945342637	0.520774682613851
0.605605664638643	0.572287883437079
-0.871939750759622	1.01411683804991
-0.227395618493797	0.173323402805848
-0.205719114444503	0.14094680907956
-0.694925620884112	0.542893473464476
-0.107389210124692	0.043337395747728
1.55593617805507	0.763735038767944
-1.32991982069865	0.815078836352733
0.156236443491333	0.10091575788041
-0.752231854441181	0.261366492211487
-0.356569087559784	0.291513933829236
-0.18015279087721	0.157942123599501
-0.962219890083826	1.35839926878886
0.406677354442334	0.305743392284789
-1.23850736180647	0.941600548552389
-0.492018545178481	0.426849702706766
-0.0511974497774029	0.0385572670424677
0.35701017227646	0.324425514284359
-1.04988368167398	0.426197861954869
-0.258796278770794	0.129008295919804
-0.521250906510655	0.391593912098055
-0.326559034902921	0.31753409421103
0.463884128069706	0.430795577083369
0.547537253564378	0.543722449481586
0.328170119930846	0.319785490257866
-0.496198197773911	0.498146149126908
-0.0533969291284021	0.0412186946413956
0.802549426834567	0.341570842109923
-0.622577585659922	0.513165547301161
-0.806324737054033	0.837151213672317
-0.316022080983116	0.146006075452428
0.14060179802176	0.0733981682899605
-0.295177192505268	0.21595152361141
-1.02376011803897	1.24081531523221
-0.73588778202469	0.766696791840251
0.187431345852127	0.152532946938815
0.892133818601366	0.484433399452001
0.642650740895789	0.20298545340287
-0.999406115771593	0.508196794759441
0.826559609583273	0.85472636714047
0.441000991168477	0.168668531581695
-0.0134897280727912	0.00922877466267729
-0.348179574300623	0.335351536237937
0.0606260264218168	0.0515990846717845
0.26870238268223	0.23326421707316
0.273097040484795	0.222813324295695
0.0977409656676144	0.0769529145027836
-0.365460208412627	0.356545732955486
-0.326851476817693	0.31809601756483
-0.481509308186615	0.457304392436673
-0.432198485615228	0.416148653111724
-0.748848071561108	0.934452513864044
-1.3443942861733	0.84625164938214
-0.0853495737396681	0.0524007297000021
0.595144420895559	0.735314666906351
0.123282837113307	0.106085721570605
-0.603932401314341	0.638731313733347
0.067896631852081	0.0568085229966678
-0.20816271577762	0.209619425520578
-0.232469835653988	0.214992812420951
-0.195449930742339	0.182429714589003
-0.225495418392277	0.211057318530054
-0.0488431436287313	0.0375365069294404
-0.180610882969625	0.182063218325071
-0.124143815622536	0.110981997879145
-0.246437062172322	0.229944636246424
-0.0992226401448662	0.0605814305368932
-4.02703333122709	1.75973883459292
-0.746534217740653	0.262483449927324
-0.44829585989002	0.537207011291038
-0.413779382504182	0.289841058221781
-0.583275446525082	0.420979447305136
0.0518316833742478	0.0336321564170854
-0.266638324409609	0.200575951573764
-0.204567754521214	0.140327862168701
-0.153103816576682	0.0867679418716285
-0.244149437837965	0.204828655311837
-0.510569381048698	0.387487782951541
-1.83871770989349	0.763183728810254
1.80474378076778	0.699429162315007
-0.540837584872468	0.211287314007882
0.0683289605870952	0.0456786263578165
-0.15412760415393	0.0879404903701544
0.376257500531892	0.169443449905246
-0.525772310890108	0.396574359631552
-0.0695032952423575	0.0304228724879784
-0.344942125699101	0.211156893997562
-0.0264195740203678	0.0205402662599844
-0.983210529362354	0.973769408772526
-0.409736374146186	0.28367009649761
-0.210452235529878	0.14320795438933
-0.991770869047377	0.498902803198485
-0.572664600456854	0.529660790719771
0.178026944485137	0.136559893892193
-1.01781148815486	0.907124166774021
-0.710195103118453	0.571437633984447
0.949750655136084	1.14616983540781
-0.265838186044606	0.199561775163631
-0.726147128856625	0.843274780563288
-0.802019541065257	0.528734501053939
-0.0700115349206239	0.0309504651638907
0.326578424980011	0.18124398231236
-0.0681108092169261	0.0295688351260305
-0.207309184413559	0.162247053519314
-0.36115778641158	0.320795659894541
-0.571308415952035	0.530180405209435
0.640911051680955	0.4525706820375
-0.433019922712878	0.373458364408788
-1.05973279456433	0.851788068740992
-0.414290591555743	0.1764908411527
-0.990641438194858	0.499830060480935
-0.199663309232471	0.15659660133336
0.778846152498239	0.612620446835858
0.15428001813402	0.0933774681648102
-0.799487332460337	1.02342436440874
-0.972648028326893	1.05234718006638
-0.27706942416521	0.229937661456754
-0.0196172544675268	0.0133981427800073
-0.0988872789626756	0.0793581301148311
-0.964002913877862	1.01947157577277
-0.123078452218901	0.0729561953634824
-0.803237669173413	0.619753909673071
0.39865986922143	0.318374322719005
0.426949079012752	0.429353389160441
-0.754408303021637	0.885179915698555
-0.0977015836885173	0.0607425336394113
-0.0435751048257015	0.0332389384735097
0.502148938527366	0.434699093412038
0.0940760697867328	0.0680630861842764
0.282421160063527	0.222250635774352
0.0977662280186751	0.0764948489797131
-0.223881424844036	0.170966313645541
-0.133322842409197	0.094237195962984
1.42925034845688	0.471239687923602
-0.377279345813368	0.110037093431777
-0.752937485397278	0.263546788628664
-0.600238449907584	0.753680937415173
-0.407755214191731	0.472378479608271
-0.851768875800589	1.03772763052986
-0.584330861953734	0.660488112958531
-0.653710632812942	0.382972349496296
0.427968241407764	0.171984093924236
0.333147671333804	0.18337262276774
-1.98732404034924	2.54542593192489
-0.489410738869144	0.459040467350829
-0.130859379458723	0.0784516628843297
-0.35401982737436	0.255303028303829
-0.0108166412902108	0.00733585680195958
-0.598192332240665	0.702876336997817
0.667201843545768	0.789133482967132
0.515968289020644	0.63364411224087
0.161722645999961	0.110603089324296
-0.0613926219995948	0.04665764793122
-0.533912851553467	0.203686358612741
-0.313595111923063	0.142732969105774
0.313681079946496	0.188793422496579
-3.09216987140428	0.960869115746174
-0.106134257424768	0.0428260913916659
0.151323844625568	0.0973147661101304
0.176208106137421	0.13072073657245
0.172419893533933	0.13115968463862
-1.85540184382134	1.16425226571375
-1.11553097609081	1.08467828841018
0.289955007619733	0.200046954425882
0.14500900203205	0.0697312098145235
0.443757105970589	0.31865212641948
-0.999358252132486	0.494371213324478
-0.516745620381695	0.397512843872282
-0.799473852639484	1.04274973314014
-0.239277750794661	0.184188148839274
0.0922863755539938	0.070062188874386
-0.451962456503328	0.460430947891049
-0.50985610307519	0.606310127653088
0.577682402698486	0.551502710223825
0.615557025883828	0.633011171284535
-0.187301198826112	0.149691110146435
0.180915163399332	0.150028003042405
0.18474339145717	0.156055735896964
-0.429730731518077	0.412191820525671
0.555959905528629	0.434849050961197
-0.620826336935925	0.512861009420589
-0.716905920599698	0.64103265444817
-1.34542641923058	0.82421670311748
0.896775732044444	1.11839809449408
0.811561729198383	1.03364161185704
-0.203420042093444	0.17576097961669
-0.330320351546713	0.341854539748084
-0.744448611895044	0.821832388244993
0.144529536832716	0.0821241181489086
0.640658905761581	0.203950748563405
0.139599874412735	0.0665565818473816
-0.0318039719751264	0.0213207257779142
0.674935475200989	0.311532358176628
0.584385924821809	0.562618384550027
0.108683366040208	0.090350209857854
-0.0729323461684474	0.0542367443819258
0.455214718338105	0.430390406055425
0.412129051366651	0.493997803847983
-0.563000054976456	0.705130691961209
-0.739560300894335	0.77129744041694
-0.495418669346811	0.501177081769768
-0.682369093421634	0.825936261686846
-1.00983832440722	1.46138086175832
-0.255445700359573	0.253977932214144
-0.29235468370434	0.265823659034388
0.841549023551565	0.609045839475065
-0.512172792070188	0.47417096526625
0.655296577117921	0.763465195111964
-0.0575115305557174	0.0435829439353334
0.162846845684989	0.10913460509097
0.967173737248378	1.45746051364886
0.701194795587843	0.785011348234087
-0.0347742107745329	0.0270056397179599
-0.056522901398255	0.0480841850822182
-1.05805813359704	0.428511662134487
-2.09399808074663	0.980549459513818
-1.54716733927322	0.566283034461824
-0.124446104466946	0.100507350966089
-0.226436128621172	0.172869202233536
-0.198560971093863	0.169171362087862
-0.00134767913445833	0.000917190900057812
-0.502597002897452	0.572556821209735
-0.625895812778317	0.717010125022205
-0.403367974644962	0.323763500534501
-1.13853696352663	1.47119154814011
-0.302191156478651	0.224303388333166
-0.0957554120837942	0.0709205583687578
-0.466746209481265	0.309716760877804
-0.121908514321773	0.0732597436415419
-0.901868640541924	0.852511058428252
0.00833471343567501	0.0045195784386513
-0.236355617549415	0.154560422045219
0.638966790191684	0.577772495029859
-0.612574771709855	0.501605302703881
0.604144601688886	0.653445876719853
-0.0357715371300473	0.0232172043874139
-0.503198464936101	0.264990878137926
-0.236853679322536	0.156063026157091
-1.53885506314061	0.55788473145619
0.141168720466643	0.026788068800843
-0.110516538265453	0.0446169747691459
-0.354883901778639	0.256264591018317
0.0264115283365896	0.0153404480206883
-0.40193932868752	0.279156144411793
-1.04965581966949	0.429420534826054
-0.200316330104439	0.109278514281438
-0.677342590447413	0.711158153089962
0.146344232005152	0.0838993621415077
0.531352473549894	0.303703095596599
2.09120925855951	0.941576846521806
-0.934830102349327	0.692019273001477
-0.4039629825461	0.282035561543616
-0.923102305482193	0.780358387471852
-0.244291400102489	0.205552850495657
-0.278093492151983	0.173855409251445
-0.348376884631725	0.28211416938436
0.478488045779122	0.423735803043542
-0.294152758571245	0.187258104591483
-1.26845037414163	1.15946901280734
-0.46697385341403	0.304942109472122
-0.730695116530355	0.770772139408557
0.5071360209819	0.183347399230339
0.0360602964012871	0.0220737613617309
0.167509295079888	0.113919533733553
-0.353322292462039	0.312235284751442
-0.317292405712413	0.261225281032736
-0.0965987035030893	0.058893350866502
-0.256965935226025	0.129687556813002
-0.745827918699549	0.25457120242396
-0.798475932958382	0.429226159760743
0.42083441278633	0.314694856715587
-2.09072240474932	0.9719651342898
-0.202846097401735	0.138428037122601
-0.806339590116242	0.952457745150202
-0.0651023270167516	0.0413746079983214
0.529142634557667	0.442576474036491
-0.201265485733808	0.136869063743933
0.503746894309172	0.541403662869222
-0.306531515493622	0.228250552687547
-0.602976532853296	0.616458055170542
-0.273680647875739	0.252012497829616
-0.636581919173036	0.710204843519164
-0.248702565604527	0.16329290957135
-0.10980512184906	0.043977337157861
-0.557112024987471	0.359032436812507
0.614297865956137	0.567899394906829
1.1666763881718	1.8858909532011
-0.173025027088994	0.120879553239461
-0.126348913755166	0.103521305202603
0.692290173547717	0.690781924208301
-0.747031223000228	0.929173845226344
-0.727583861135755	0.809237093249371
-0.138218819853	0.0986026909557144
-1.10986197484453	1.06549137567351
0.350915679367566	0.174125799137354
1.0085495226757	0.383135807980842
-1.84784364391765	0.772704223124906
-0.208337342945028	0.181939424193092
-0.427706167315714	0.410229479366833
-0.327395190474854	0.294684485611425
-0.318535639693894	0.287982632338037
-0.264978417677918	0.199010642390531
-0.396384382868009	0.351125543884094
-0.413617362051651	0.422337710533434
0.921613154831975	1.40461493741851
-0.270326892061359	0.205970039335417
-0.871143460641644	0.953768507189881
-0.360207015504224	0.352128712067803
-0.123235179717166	0.111275690822618
-1.05559623357107	1.38962088799723
-0.305949549935119	0.22854117704967
-1.04211214979743	1.18349672086571
0.0755665690449853	0.0533035865024281
0.0774472753460342	0.0540929478093017
-0.306657796436168	0.229200048247967
-0.792603495120915	0.350025979640015
-0.319704131986579	0.14928222462411
-1.23595432678422	0.925774786662144
-0.417350545848012	0.290460964058871
-0.091763349582909	0.0568568346707527
0.163691312723442	0.111753186287143
1.21928375624759	1.32803459144057
-0.80780306247751	0.779531511334806
-0.414813775250064	0.234904436036601
-1.67381020385033	1.71422999351512
-0.626087500497559	0.297080060309914
-0.41056321677083	0.175044128218528
0.132510690329892	0.0450320194651957
-0.0800877417480106	0.0348552631714952
0.294471798844643	0.189196869992755
0.52749999349583	0.437497584824999
-0.594251322809387	0.612326301263437
-0.291533640367826	0.266272501310257
-0.238832552153591	0.0781764879542639
-0.249274176619928	0.12248580447233
-0.665945809381217	0.703852881491442
0.310406912414098	0.188019958792532
0.494716161227526	0.31316508411707
-0.920756813984191	0.779527096218381
-0.545910197315445	0.210647933455594
-1.14710930746413	1.28727861987431
-0.584845232391024	0.535605421640741
-0.464755772098769	0.364258127767914
-1.0397306646784	1.18737905549107
0.0611511707019363	0.0412169104673981
0.0366731192038517	0.022669851839957
0.0489519810314945	0.0314413390054998
-0.197246614930552	0.106941936846351
-0.203111946891273	0.13807894538061
0.402794784114166	0.319806320260602
-0.627909602853766	0.301785951383737
0.0255091128730695	0.0147834094383647
-0.911478792593433	0.764110220969442
1.21463075997978	1.57918039994584
1.04900206544182	1.16448535971834
0.558335940942115	0.552981623097992
-1.26411815172995	1.19823124484694
-0.803860491362782	0.445384158333154
-0.244180925356045	0.081049134991476
0.908532543503593	0.785631360383652
-1.00330441353724	0.503699534355902
0.283434125087259	0.204235558564128
0.427357429028726	0.424108742220865
0.282669604728454	0.213675057494495
-0.0421230608663482	0.0275700602549311
-0.322375646594163	0.267010016420206
-0.563298085682883	0.605618150468963
-0.362519230400558	0.292917233791728
-1.34479421558501	0.843390866668062
-0.290719152487764	0.183920196889352
-0.625219617094167	0.710166488119389
-0.135964786633658	0.110668062768643
0.265694171298045	0.230276429895415
1.14535741149187	1.50867928730919
0.0683356351581311	0.049221749681045
0.0133415603934865	0.00709798993489124
-0.148943494404619	0.105772712158681
-0.452368207962253	0.458859229118765
-0.857726318333393	1.05404524864648
-0.545658617918197	0.461373525343981
0.173911044892462	0.146689450275543
-0.650670978704431	0.625228102277403
-0.204538790657057	0.111053599245018
0.342331978487433	0.168097528776578
0.125681624662789	0.0430946049318035
-0.655163635992096	0.160369482742199
-0.239566852368975	0.232729402555695
-1.26132094959537	1.82723698719504
0.410959525338664	0.415608757836978
-0.466882029062528	0.535875778727546
-0.146457402674969	0.139913450098409
0.468430299803863	0.429653182652348
-0.2686850091762	0.204285764146512
-0.488446750854657	0.528242553121901
0.758208719943741	0.923314873588784
-0.103690071283898	0.0760861406784406
0.572739302930845	0.70607552788855
0.0879101290723927	0.0659890365802992
1.04390559012593	1.11589477840565
-0.125383555367223	0.0904959537018979
-0.296719644140415	0.273567976006528
-0.0486350231178409	0.0373739398573185
-1.53323946262485	1.75986803025214
0.0770568356473079	0.0693097143928174
0.163861897962387	0.112617733562153
-0.736743899579685	0.902085370429154
-0.207559946183606	0.162006801212573
-1.73852619565649	1.43555955088377
-0.336799263590688	0.202337470104283
-0.816991355658758	0.53650251159313
0.844141750882647	0.621301047736864
-0.126581655471443	0.0918148184443544
1.4667147921219	1.46316584732623
-0.176760240039255	0.14041528320034
-0.131260156929369	0.0951156059781506
-0.249342122689892	0.125602574707222
0.33569636521655	0.328282230653866
-0.505084840814956	0.266796706583222
-2.58468514934926	0.681926813759725
0.136676224470739	0.0411018975580698
0.121573137052779	0.0410393732434389
-0.941177278961471	0.681425873874991
-0.409826637020451	0.174074560774058
0.682393922796605	0.32042387014629
-0.990828511781599	0.991194170054273
-0.436458924409811	0.419075624256221
-0.152894439179868	0.0863318499936333
-0.347311612974646	0.248040877435631
-1.02145287074923	1.21552089893635
0.14553188622296	0.0829116581685228
0.599334970852993	0.558882190179682
0.280226015330933	0.208950099202102
0.159876697918446	0.098587592677092
1.61332930573327	1.13135282105774
0.0114700960665822	0.00601615138422914
-0.631017158656534	0.558455253802296
-0.698465179189577	0.559886456917803
-0.571124588082025	0.643213374764134
-0.901745959472274	1.21191233711267
-0.690891108769868	0.488167736909371
0.171569751433736	0.132998332982499
0.246594937492824	0.237200074332532
-0.24452334447481	0.162471161338082
-0.594987931390384	0.595182642889957
-0.0697429536119117	0.0520337353902349
0.151118700668471	0.0925112223430561
-1.36047865196098	1.36995320606935
0.301213391234212	0.196099141039364
-0.47426290345825	0.321151522692627
-0.233303690525304	0.151501797675282
0.0757949689561721	0.0530433395964113
-0.427124644118897	0.409714047425045
-0.521474010708157	0.562564347097352
0.68060502110289	0.786591731442941
-0.91756375126386	0.773989025609669
-1.04800222855483	0.424355857201703
-0.107548870752977	0.0430773561470709
0.0573935079958636	0.0377617004046455
-0.0800877417480106	0.0348552631714952
0.166307060583902	0.114414814848656
-0.35126250504713	0.25006352253993
0.426436587745059	0.422883009922309
0.557254525812289	0.557702674103724
0.275417809574004	0.2369673258719
0.0931413727484	0.0680258526834179
-0.483559760000405	0.460041439103887
-0.50666133328827	0.430668653531796
-0.569196623509872	0.520558645278278
0.422296449197262	0.319698688401859
-0.411363748892262	0.331437554523935
0.0326480142627711	0.02515576392198
0.264706485953374	0.191444791929865
1.0409837265771	1.09237100402626
-0.361604527100715	0.325635925733695
0.0514384797103547	0.0418196578356816
0.166207919065128	0.118384636055467
-0.709819890261697	0.575648063573013
-0.347668362322245	0.280114789131331
0.48227707900827	0.429370357627648
1.21208395309337	1.30487842264535
1.85133874530384	2.71741557697805
0.0290648846915472	0.0212897267419827
-0.640994523991107	0.577553708987926
1.07397484779995	0.663192390518348
0.939305431940085	0.63444952550752
-0.408525359595675	0.173562292508035
-1.68754104327948	0.97589369463233
-0.0503506378327587	0.0330646179103059
-0.268284771178795	0.19939883839342
-0.160578349034771	0.109966786951064
-0.312728492291534	0.305042150497491
-0.0967516068389626	0.0598125179250669
-0.57315780186648	0.531273732509337
0.474538378713427	0.419534597692714
0.161427936887628	0.105069964156295
-0.286902262401829	0.24209938658164
0.737169729783631	0.914039605332097
-0.390713639200925	0.308232434402071
-0.874072212748699	0.961440514771698
-0.314212150729786	0.231291024745181
0.304407647624202	0.195099872829787
-0.196959218045193	0.105969202382516
-0.938549393938966	0.691758769108038
-0.291215290360445	0.184663993140857
-0.037050903747254	0.0246416411107153
-0.0706619006753387	0.0533534252600914
-0.592510243093613	0.790897611512225
-0.149224791695305	0.133206449637262
0.0171881174274707	0.012353418367002
0.0459377548407605	0.0295761805105015
-0.546204839597477	0.553119310391148
-1.13334806695656	1.47282716367639
-0.516102677082131	0.388576183341646
0.866001538040224	0.991450865425423
1.48554655027201	1.93759497003458
-0.0726576245029383	0.0464960495209458
0.468875737851083	0.432426555992598
0.442356202575236	0.416636545042238
-0.33229472214656	0.302396079668244
-1.16258227294035	1.28977010438271
-0.995514592535457	0.503604665926418
-0.0371394409716429	0.0170190560011647
0.299259685147938	0.194651927259437
-0.806415406445521	0.525554252483597
-0.745591114930459	0.823720931082772
0.719225591642519	0.604022116618753
0.29005239304427	0.195379079049851
-0.158980127183797	0.0899988598141363
-0.325594071915831	0.271413384953863
-0.302029904343907	0.223396974013792
-0.229125193545256	0.171245788064132
-0.0377934996534146	0.0246803210256483
-0.472469202685749	0.315558377895579
0.372630505237567	0.319677403357753
0.00327693463546128	0.00186529196702254
-0.963007056722485	1.04325337481699
-0.413932793336065	0.234274535981589
-0.720833082340673	0.688864960125772
-1.43179726348089	1.92181994937593
-0.228720310896697	0.173683262311314
-0.456793332562933	0.466252606053011
-1.18284973504063	1.50451508474519
-0.0807176913425546	0.0605940729226643
1.16018926073755	1.65884346346247
-0.23414576908668	0.179859144005437
-0.210992998225972	0.143669874581754
-0.807992504335561	0.697475799057243
-1.30067497858942	0.590441588282154
-0.345957888678309	0.249348777867485
-1.07670771431027	1.14182985147494
0.0519136320577287	0.0336190135985058
0.158754690575176	0.111554788646371
-0.0768396839122198	0.0577488920236933
0.301515468179879	0.193855246584162
-1.36641919114233	1.37708607792108
0.595650311660444	0.447923928295086
0.280778933395884	0.220208273547785
0.628038081296646	0.562123231853503
0.409420471066101	0.311023704800659
0.272820806848954	0.214135165445387
-0.0965051115933628	0.0708356710031679
-0.101788451948906	0.0750639796747037
0.751547287271482	0.83613556337875
-0.409643574699759	0.28760127975198
0.28031960464208	0.202666801000928
-0.48204198143968	0.319036379877251
-0.0472757596863664	0.0221195945574378
-0.556897647121844	0.350485901162971
-1.20112128923687	1.23562345325025
-0.400495839058158	0.323899628968135
-0.277749946411337	0.276093069563531
0.336420249840372	0.316534324110536
0.75440244636076	0.995575726773276
0.564041418412402	0.443290267844027
0.386479012614747	0.173445029381613
0.874305729990248	0.894660242759841
0.460640116393266	0.311380635490655
0.847362801295804	0.623231339904282
0.0640101278441169	0.0435485568520056
0.289109269872886	0.198831111816721
-0.158314214189163	0.0903052204600794
-1.45964077716153	1.54851777893836
0.775705412993746	0.734763151618602
0.157975369310644	0.0974912068493994
-0.231055998069718	0.19897515015206
-0.483175723702297	0.459441777373584
0.656176499721251	0.681335373977589
0.0370181200806332	0.0226190257059653
-0.795918602192577	0.436842076319439
-1.00013106666635	0.498758499931781
-0.624504233632517	0.517008459189431
-0.812612828164083	0.538289589877092
-0.616758378685358	0.512810117203283
0.15599300770842	0.100532101073451
-0.0690967118735972	0.0301576810393085
-0.513352582684923	0.380862070027912
0.307225559637531	0.197344256899139
-0.70577061190931	0.568076422752697
-0.640314037362497	0.585095321516172
0.284767606079051	0.212033921299225
0.0142872541565461	0.00757549244912249
0.646852435989112	0.457660626337015
-0.802445170999293	0.442775548097137
0.0315504307143219	0.018264007432819
0.777996352757889	0.466305186735139
0.599175713679242	0.560226237462215
0.73500864604667	0.723637507785913
-0.516612046721606	0.623308630804139
-0.26152646360759	0.276721537599626
-0.400089105908633	0.318405049278284
0.3974394756722	0.323039296022659
-0.222885661640124	0.188479129238048
-0.336771997309528	0.35086675746598
-0.17212420306823	0.120648109950576
-0.614953336348803	0.507828448358623
-0.00969044463634924	0.00500098098979677
0.692195746995502	0.446756789302325
-0.23441199950012	0.179470324283591
0.600637759822684	0.452760532034838
0.779147706199252	0.609945278518497
0.433802403144856	0.414664876779124
0.395571386750714	0.31452771487257
-0.360901793935787	0.289030928059587
-0.149906262376432	0.121904031496769
-0.72825261807284	0.640732665338046
-0.697765118049656	0.487929786596366
-0.448496429345349	0.348835474921003
0.26904699815676	0.219433657042453
-0.59589739426781	0.43913580923644
0.676116652107532	0.5776273378426
-0.0913396057707966	0.056716735310707
-0.142090650300743	0.0991669111948586
0.00422675247797743	0.00236114770007678
-0.238708278930923	0.158326228955792
0.600165305158269	0.560411762930726
-0.490820524672401	0.422619221927495
-0.0610303842487341	0.0464556067185241
-0.86159572976277	0.992448252209852
0.447300360817758	0.425480066145051
0.869687530329666	0.875823592306301
-0.491277923862406	0.42646129040713
-0.340297763625506	0.20586043378358
0.000350294403574123	0.000246100818570974
0.635177295239582	0.672619336482835
-0.0535981721579656	0.0352739788891671
-0.136104674571919	0.110709562108558
-0.608437586022212	0.749328202746902
-0.567221691615446	0.612045214318401
-0.460976659477464	0.36198876475479
-0.811814296594919	0.532671849738401
-0.351489058365245	0.255995475852656
-0.799744955397985	0.807713402306334
-0.0214337462911926	0.016857441556899
-0.240044817397117	0.186449822516896
0.311865888875587	0.187364439139853
-0.424500422964167	0.237953292779444
-0.369739934267753	0.108830229788068
-3.46998743660351	1.26411646563651
-1.33736110272708	0.850542012454474
-0.218779523907927	0.204915146789478
0.686612745828652	0.690123507856986
-0.194363431896602	0.104379319069532
0.141278747962765	0.0539349256568032
0.147027102029653	0.0775490313019242
-1.46295654996802	1.29241900959063
0.272286110838941	0.212528893285511
0.706060024294856	0.707009977580075
-0.281854069167076	0.236253152985332
-0.937236766284795	1.19085617749231
-0.45367663999768	0.355725753278486
-0.176106600714644	0.139687900829733
0.985306433939893	0.800787789022511
1.514165173143	1.246899132023
-0.317377539971942	0.146147074654535
-1.36079239910183	1.12314636252289
-0.119807342060144	0.0712380690521191
-0.80545284624136	0.629766985301344
-0.187374582911195	0.177814373289127
-0.17214450132563	0.150086004329233
0.165186270720635	0.122504438154158
0.31760035396076	0.19097570167331
0.146370812148377	0.0699061104631213
0.165274195983252	0.115968557274481
0.443324336357334	0.31464382731394
-0.504181042481014	0.267482585449495
-0.100803344155009	0.0627101615774147
-0.647426532264531	0.588369061349552
-0.910948582044996	0.757377778027673
0.600162816214417	0.309488493149328
0.308106991745961	0.186315531085826
-0.252910308409831	0.125400124326288
1.10140548876977	0.97130574722884
0.155322380683068	0.0939729600304918
-0.961381568903674	1.33060222286044
-0.309625836825096	0.230963606637235
1.22279639500251	0.997470443731632
0.135028094211888	0.0643886418902995
-0.806156403692314	0.766149735675982
-2.24445689113997	1.86419856127403
-0.233628635806986	0.214350340462944
-0.175156777662195	0.138848587817996
0.167073701206329	0.108301583512884
-0.0631486959205498	0.0401671050113787
-0.342114031582101	0.206800931053682
-0.264106711036077	0.13011867630902
0.263922905336323	0.236270919007288
-1.4668737065897	1.32643747817298
0.422570572881295	0.32180022955014
-0.111802426887164	0.0449555909623443
-0.321199162307568	0.148802121871141
-0.239280214302503	0.0797093161228399
-0.0417792612035382	0.0196878103546858
2.24714875509158	1.64915505111928
0.596659205268781	0.454105284497171
0.168357044418112	0.120695103509228
0.47242388204737	0.600959939637824
-0.000601603944384135	0.000426431602227552
-0.797041011944974	0.751743112576986
-0.206904374533473	0.140893417103121
-0.264979548807496	0.256663651268696
-0.228037846514268	0.242430103384408
0.12631876171463	0.109996791620057
0.0649741396786458	0.0550382345656724
0.0656177883902299	0.0445124054467334
-0.251759438640458	0.213653670116995
0.455039500828323	0.30333062833748
-0.402470716886113	0.278698775704092
0.0383542368764313	0.0235849789935634
0.897349692126926	0.773504238544842
0.180863115892887	0.145391813651371
-1.04260576316854	1.18219316790336
0.258294924992436	0.241718074142875
-0.238211943740583	0.183584956485161
-0.169760763683923	0.0961229782389809
-0.259309931386377	0.218699675585965
-0.815838908628029	0.530407591848967
-0.392700738811381	0.349412430476864
-0.352229913466769	0.285361097628083
0.531455909014267	0.44380900022983
-1.01487862607566	0.927909702036447
0.166114311671093	0.114113484619605
-0.199110597829049	0.105426888409745
0.726077134321952	0.602825324054091
1.44428873040932	0.89485838223341
1.86882638975933	2.02891788262787
-0.0937007407500774	0.0688831149941462
-0.643748386333428	0.761926855847835
0.191956931760199	0.184702586684783
-0.0468201092117138	0.0217412854811519
0.0424778935010582	0.0262288299341838
-0.0175921227481951	0.00889562349813176
-0.0226632414562681	0.0150869932560417
-0.682025492780232	0.80938370465392
0.395679150170416	0.315276334580184
0.502429488059627	0.609187459938558
0.372009028189313	0.435806782005231
0.160355744567665	0.104142233215288
-0.1596159599007	0.0920703706544024
-0.402363120643988	0.168523207914178
0.158157456703292	0.0893251607377309
0.348627558527459	0.174056715969623
-0.434678472742072	0.574207700710915
-0.401865589104964	0.325033188687879
0.676008126999332	0.319754593790644
2.54548136986112	1.437906267709
0.139073148904902	0.0266055202308437
-1.04499426449967	0.424194737412645
0.59698332640387	0.313347175901406
-0.79953700064824	0.442390796118815
-0.0410526586133816	0.0192263846046073
-1.08325965906139	1.38040603381662
0.123879552549101	0.10854625033975
-0.0184552279745233	0.0122704566763549
-0.246601629680648	0.12195915840037
0.139164686825751	0.0662862678220912
-0.996081777695867	0.502538138809046
0.0684041907488898	0.0458799682853046
-0.0760794756470679	0.0573801978267291
0.250558570065521	0.244856489018679
0.997703846080207	1.46297979617342
0.585518726289764	0.646152357921578
-0.305424412645019	0.337021142968204
-0.00640914207851264	0.0043844401099757
-0.34952438187514	0.212308667517602
-1.17140675917049	0.654833809369402
-0.340247770939656	0.205196912169441
-0.350066399780555	0.210267489644135
-0.39555409764331	0.463611491859619
-0.363813926232745	0.377833018453658
0.280937147478887	0.199450733710924
-0.485713820936063	0.41444100215679
0.804306426214091	0.344854975606889
0.291145160949976	0.18170913246064
1.26589993465351	0.703437772864315
0.841275716161024	0.60860472981304
0.463670479467429	0.31532077333434
1.5207540543716	1.29202100680109
-0.796142998186443	0.341968973817369
-0.480998666645569	0.322623364518399
0.160404215730863	0.0986851848397514
-0.323049946155294	0.149603675412238
-0.0143567304121896	0.00729120962428316
-0.401865589104964	0.325033188687879
-0.861278730143058	1.14528805208005
0.982065123984272	1.59232355912231
-0.112865079122529	0.0817774254653914
0.283873318938064	0.200872783435425
-1.01065663437709	1.20977927322173
-0.547723144922478	0.467650078135572
0.0955534235012191	0.0726256632130849
-0.642782678253213	0.589175043826467
-0.165644565619951	0.13325800979804
0.0517593071315044	0.0314363449127211
-0.00803555918422841	0.00391893044536559
-0.947763082182287	0.688089151380507
0.285049049865203	0.207339921177958
0.280070773976678	0.201437971414036
-0.416657794052755	0.236316988229636
0.139586079876793	0.066378018010839
0.430344884409499	0.308349513697254
0.132933464794398	0.0510034511521027
0.31715678436295	0.190800769055766
-1.50020082885068	0.769323213938664
-0.118586866959407	0.0472095058084317
-0.5413960558512	0.210897885586138
0.533581548689236	0.308868058929406
-0.503615673176864	0.265034328313794
-0.66125397091341	1.17024554056199
-0.256284385702388	0.300939780205237
-0.156889320239581	0.0892019664657843
-0.472184054471436	0.311791221746092
-0.055914276764172	0.0537760390322319
-0.396105925613013	0.617985729239868
-0.168496938062396	0.17824131972781
-0.0120723425593697	0.00951491646470423
-0.479245318108132	0.515965587142709
-0.216936088618935	0.203390577643644
-0.5245849923556	0.493467660929838
0.196737912744494	0.204412549584907
-0.278957677053069	0.234798598627119
-0.598919420553056	0.443941779868422
-1.36055528582377	1.12097731264044
-1.46500673500987	1.32575136849291
-2.00224401798219	1.38859780097549
0.047893653008206	0.0392565687003766
-0.793094836472999	0.929113848612085
-0.413039123738641	0.520055581814981
0.207412617300419	0.195476435074836
-0.712952799697297	0.561353815686809
-0.365033219853563	0.32775539906733
0.122453961672605	0.107776045069521
-0.680542555067663	0.803752425608398
-0.660458684198848	0.395910768089003
-0.240323558743855	0.117208375828387
-0.513875673601587	0.394631410292103
-0.476643396819391	0.318802249392951
-0.129531616573628	0.0771657384633905
-1.35994650440802	1.36850453078246
-0.291725791153447	0.266258442742903
0.250643513407352	0.311485977989781
-0.363229148312412	0.393965959427239
-0.731300425127808	0.708824034217302
0.154630718256432	0.0878452011224198
-0.211115976536283	0.142942351123907
0.361967434942305	0.431456698007697
0.266881306822222	0.234025811008943
-0.470293806498802	0.30397573160765
0.331059599846232	0.379306632095181
-0.219570913895401	0.246348718425005
-0.0631072235268591	0.0481194861191912
-1.17177608018605	0.660446036701368
0.783983525914713	0.468544087382068
-0.160019252041674	0.0576757975671245
-1.14824940195315	1.52388181915938
0.23575837736105	0.312678247158148
-0.286924805856943	0.26129302271995
-2.65377918576843	1.63419051747494
1.31397906412597	0.573633430312359
1.95338582999428	0.463576578510391
0.137420997667979	0.0409326259269069
-0.5413960558512	0.210897885586138
-0.544995323112593	0.212530818243473
-0.289060793624487	0.183267918551089
-0.29303457062536	0.309969253490387
-1.57664241137637	2.07520185613703
-0.620066902644416	0.694768523934622
-0.331980547214964	0.422552958032381
-0.725180097447123	0.71177159737204
0.136402732611651	0.0587480145985185
0.383979951955764	0.172465999477642
-0.542036345709306	0.210633259955254
-0.417026133586791	0.237737261291011
0.136957141351029	0.128877389514376
0.732782597443035	1.08279442807187
0.253463682201487	0.302828366469176
0.577919061961629	0.555107099612515
-0.15826208468571	0.166122781733791
-0.535450003262701	0.60521900158142
-0.615823417152397	0.296506690652635
-1.50571108094346	0.776897990755576
-0.23788425127927	0.0784171557797199
-0.47621064641391	0.318861306521361
-1.05294332286413	0.839844136382756
-0.122231850796184	0.072802050650172
-0.0633568848408335	0.0783926826191225
-0.213848209605947	0.24743601219846
-0.807742677772484	0.629156263586202
-1.26808513340884	1.16525404923633
-1.45895297877662	1.56046393572281
0.531352473549894	0.303703095596599
-1.48882864106323	1.04057443575406
-0.55894753552377	0.358205990778486
-0.044264111582435	0.0210638114695097
1.26175932761623	0.690389463286445
0.13364980396347	0.0516208038140005
-0.315577614826267	0.146862481150169
1.31267094431507	0.560361001475516
-2.78895899342011	1.85881337512164
0.498807653855456	0.310326175565979
-0.733308986907233	0.708593624540686
-0.5375508573625	0.67507951749238
0.292093599063199	0.380667545938798
0.879088563829716	1.55383348650094
0.779587081829562	1.00814151494095
-0.117585727510736	0.104644927503929
-0.180205236846857	0.14366614300099
-0.341053300480123	0.384545452332219
-0.274978555080716	0.272791216420169
-0.0316703355189749	0.0212879934169406
-0.0988560994015564	0.0727168793235751
-0.322576735393729	0.291564569937953
-0.0599879462751138	0.0386317196094719
-0.250182748711778	0.124330439522339
-0.342556157188822	0.206503747966475
0.376444554248377	0.169557748542405
1.22112959908688	1.01688625450159
-0.415200106757169	0.175088052970693
0.504140877620978	0.432516420683423
-0.618264820258131	0.30054583612192
-1.27363690611288	1.18734816505345
-0.154052814064092	0.0875615802147246
0.774385994541227	0.454144409026434
-2.7949250264155	1.89716647460547
-0.066677023893092	0.0293327114047124
0.280425413667395	0.20259552841474
-1.03359906874907	1.16286513553737
-0.896840279187979	1.48274828056632
-0.428214238363069	0.439005972581588
-0.882301525164886	0.973869815261087
-0.157745929980933	0.0893089266164803
-0.739733169801845	0.919729420649081
-0.208285905456777	0.194494569379068
0.0566175165350942	0.0452159723292908
-0.190614809861745	0.163934973439477
-0.543978663081112	0.546664326335216
-0.165233583297535	0.0943231971385849
-0.803035960077573	0.837528916951283
0.0304292632664739	0.0175772313078799
-0.158167406876745	0.111071604570439
0.141496347635513	0.0801355070350482
-0.61270325845032	0.503205311191128
-0.80072088465838	0.528968045222963
0.324758471389734	0.180795123240498
-0.587904309807124	0.701273342232643
-1.05885326127757	0.85003796184741
0.327512302311609	0.320055161162725
-0.345873594287359	0.330979783076675
0.419769675267532	0.416506571470091
-0.0140643273203992	0.00712886066613182
-0.18893635103598	0.125021095790932
-0.884589010602662	0.887991343661837
-0.40007687305585	0.320651380859023
-0.717112362910414	0.686635583450088
-0.240723874342118	0.117461498115619
0.0478961069048672	0.0307442934975857
-1.16939691935344	1.02450476890592
-0.561548256032616	0.356410021979001
-0.802062414539688	0.435570594540332
-1.07459280191178	1.15531348708397
0.0700923287035618	0.0475777733413795
0.162913934047366	0.127336437249587
0.0123409231081676	0.00885426685158998
1.07406832414251	1.35489542455405
-1.88739829316234	2.65383056914992
-0.298446276045416	0.217616325154309
0.284877467770445	0.215265311973794
-0.9920392668703	1.27074702625722
-0.455689821716223	0.356540315389472
-0.551256837918179	0.555792248306786
0.156564228842784	0.110582706643427
-0.80045595077863	0.88393808632105
0.0017619550056882	0.000546326815857757
-0.0755367521105624	0.0332279205744113
-0.668621100032689	0.396836982557158
0.0241368387412462	0.0139813735237796
-0.354609598161126	0.431255926480473
-0.809942971186304	0.711293545689835
-1.99610020856422	1.37667203475057
-1.05409989481754	0.428530499260954
-2.58513149511835	0.689509113042442
-1.16577583586829	0.360083099240396
-1.05314945343007	0.432914540626917
-0.0385870471946096	0.0299666705522517
0.335789342952439	0.18293464940343
-0.517356798150941	0.389265724613542
-0.236152919241875	0.219079643185939
-0.355313250742861	0.259195152388673
-0.613121255739723	0.29454127292639
-0.162884309300249	0.0591268591050108
0.132510690329892	0.0450320194651957
-0.688957453264883	0.481725109159361
0.786535221302644	0.832458402090616
-0.110870782379239	0.0999976090603109
-0.531110832103999	0.601396827257941
-0.230785249077171	0.178682751510615
-1.01858837154632	1.46389778963044
-0.4450701592545	0.38965429460428
-0.24638206026535	0.162270589855168
0.146746927766121	0.0694980619944263
-2.00413999203497	1.3638951963801
0.132363076767264	0.0509287700513303
0.32699658863425	0.179174814788945
-0.547883380018721	0.208350986285231
-0.351349827106722	0.25316858346378
0.66721449523753	1.03611226593542
-0.403223781087973	0.463737042336976
-0.0198988602576415	0.0100383190139987
-0.420578796773924	0.238809168948607
-2.09008498415123	0.978920478853419
-0.248362068260268	0.124878834940163
-0.103336809741886	0.041277567230493
-0.623673772515759	0.300238921123147
-0.414856370247629	0.234155381690318
-0.0402680012808781	0.019095088297374
-0.749208929381019	0.26062610901766
-0.502369740225426	0.26180429812452
-2.09399808074663	0.980549459513818
-1.23712424111539	0.932964564452841
0.145070471664304	0.0770823206870093
0.279281238666962	0.208475361631668
0.102748336610104	0.0828615856360759
0.183990431373555	0.158697514542497
-0.404365806777729	0.323422438953557
-0.308795767481805	0.229261269788391
-0.641140626925141	0.587725283348887
-0.263228315628143	0.197982968432192
-0.162698998696522	0.0936095129733987
-0.532009523348828	0.784910113411568
0.0848401339505698	0.0785610248647723
0.250013455779261	0.228251945341326
0.140867874570763	0.129652204383172
-0.435836881579183	0.589302820714128
-0.499378345749943	0.552418619499791
0.0357176104492289	0.0220483294613925
-0.152384382179279	0.0852667664552169
-1.6602010336352	2.58272905154637
-1.2327444527293	0.918467136443212
-0.521282172768476	0.490645715697022
-0.0796362793249548	0.0596016699704093
0.27579246098295	0.20849496014751
0.635756180113851	0.57042440304965
-0.176657417348746	0.121236770279924
-1.66329039124753	1.71720862327675
1.22114879706744	1.18368037298288
1.10871252108597	0.997154792947572
-0.160884344769375	0.0925069480567091
0.182789055423151	0.154626527198143
0.102579279458132	0.0796343919969207
-1.02857248252621	1.82150581954935
-1.01435956155464	1.81537769768841
-0.796914882536647	0.754501067959518
-0.694875927432191	0.544038000059157
-0.406592562970235	0.439735432967693
-0.0999959226216391	0.105990502516576
0.320636563699051	0.31805249155494
-0.881600934635173	1.19717366298193
-0.561147746251542	0.468892764869687
-0.546210634961782	0.553126313486536
-0.0526302278042851	0.0403097659714091
-0.988209209494865	1.22661722568002
-0.521421947336517	0.484541916191712
-1.62162428138386	1.24728647531976
-0.182807446596177	0.145756586064489
-0.243369525516951	0.158545670180688
-0.348305128540139	0.252573390685348
0.189574668171507	0.170201049088597
-0.556509873948064	0.683556431532762
0.327713024636733	0.317832884669216
-0.258218632425497	0.238600123449651
0.183728759985317	0.156480688566763
0.399407589008278	0.409489920336715
-0.477300238609943	0.450586928253471
1.31810968796785	1.51563369986479
-0.806095232991614	0.694813740225423
-0.905126602990134	0.85425212957238
-0.492964840970799	0.424056821671465
-1.01797330911605	1.24290924474837
-0.810692069264684	0.69796066007148
0.505006303209449	0.433017541296445
-0.523861798735693	0.493101939753281
-0.525694907234401	0.569844079045417
-0.397226192715096	0.354098882646846
0.248246374704048	0.224221000085986
-0.0915278026321266	0.0569876831634618
-0.169707420991751	0.146509837903767
-0.653232876388594	0.636394693521899
-0.361473053105311	0.352991515809369
0.522364079251663	0.529919665988518
-1.1557964501978	1.51193894197207
-0.158954131004468	0.14019692408736
-0.331050275796259	0.366153151317767
0.344907053823676	0.322329335173353
-0.119324090777008	0.0866672210562523
0.151739750821036	0.092198126576128
-0.0992077004794135	0.0612619581089555
-0.721956737581922	0.700949519247313
-0.520935712985348	0.551257815430101
0.289316318935631	0.213003538613333
-0.12159333515731	0.0730278243494261
-0.965209604900202	0.598750073227541
-1.54058228908419	0.558038570704529
-0.505501557960806	0.267016480955288
-1.36558281359618	1.37959872899107
0.0383041708882428	0.0303732131161862
-0.474397912407149	0.450111716148434
0.282644027471817	0.213321422870975
-0.89042463516035	1.29836185272969
0.397609299065962	0.316550310012547
0.531288925063405	0.303391282998527
0.349569229054257	0.174509293372601
0.143120954307416	0.0609666830065269
-1.49159602158575	2.13410439705318
-0.862164756757559	1.04873824292115
-1.64305209925348	2.77502202747907
-0.0487637504024587	0.0363240235769797
-0.259658480355643	0.29214430118785
0.0689350327685585	0.0485276320204615
0.348685968829682	0.176546970120616
-1.11273137645513	0.761825613095215
-0.477670674106496	0.32137437092295
-1.84517446537397	1.15971949651255
-0.199498166130801	0.155590297664562
-0.0851236460477503	0.080596895521969
-0.296263748802834	0.322916846434454
-0.249388183279997	0.211605607637234
-0.408686539412514	0.232520677170617
-0.198000479316593	0.106863715858026
1.07916885513318	0.653861657023556
-0.254740236828666	0.127014417537088
-0.0194972797587873	0.00980160493677361
1.0901665537654	0.818897387355463
1.05100741137477	0.518952111891946
0.408228770312136	0.306981244933345
0.43480412496225	0.311778844528043
-1.05522050449264	1.19814549448888
0.404375899590579	0.419692939251323
-0.383288569622042	0.420526390561186
-0.0956770630530264	0.0794425814129134
0.721336587974299	0.811481678595812
-1.41753737833621	1.83700518259853
0.0216233610728025	0.0125364016688925
-0.804195195956617	0.536928804218478
-0.454944860163655	0.509656079053169
0.143392974071053	0.142979658386157
0.0787225149800652	0.0723509013117253
-0.527533472130001	0.588673637001811
-0.0002181454982524	0.000258142318601394
-0.154995167448388	0.0883953997861219
-0.688065029812086	0.484328230649616
0.795578285229982	0.332873224019439
-0.686378574407199	0.471587640762163
-1.35255127088199	1.10843437012016
-1.51123244530698	0.780339920084256
0.379747837050436	0.171346432234843
-0.602687206335472	0.442391110582562
-0.313810991089323	0.14164714560503
-0.167795132472293	0.0613751270235051
-0.614021945527329	0.298157648386911
-1.05289679402267	0.425457742295197
-1.49337759938032	1.02971130294472
0.491503398909687	0.308458413901497
-0.358621658039166	0.259221224711295
-0.66647640892614	1.6030991409248
-0.330024001238891	0.488129141216416
-1.05741168640602	0.852129133396974
-0.120108809684497	0.0723080459608698
-0.504259949499907	0.712604032520036
-0.629548450558054	1.62022670401899
-0.0548341076151701	0.0612747416934644
-0.320351401128088	0.408913546385225
-0.0892991862930903	0.0735736673098586
-0.124613450188039	0.0739496896502744
-0.299652139327749	0.295309997579104
-0.355941631680834	0.413696092120149
0.268913647892446	0.294219586458642
-0.542784888259892	0.209002964749958
-0.415277009151908	0.234882685034649
-1.4507709875427	1.57792963022225
0.301728382549484	0.196676040652201
-0.126595766921788	0.138798570947178
-0.066990691697909	0.0509668477968529
0.0528853384176268	0.0615070974436586
-0.779128112975567	1.61929273059032
0.0853280374314624	0.0760694045228458
0.144838492414526	0.137721131636354
-0.0660661515700948	0.0610367741220847
-0.737707557370082	1.06932233708431
-0.567104990009328	0.949499480122442
-0.278568897105174	0.231884551447656
-0.423492244780314	0.507866754528737
-0.932601217322752	0.678444661740223
-0.59369204606909	0.443234850116899
-0.813993481544073	0.538786893410784
1.31034738141161	1.52352875186389
0.779880578185145	0.467468472830206
-0.00162717331923107	0.000927348059828299
-0.300418389827078	0.48272933830068
0.470770698572667	0.790602680976565
0.146779442627304	0.0841887488842592
0.254385468707957	0.221136593706905
0.0430328792914124	0.033126880139556
-0.779938620442816	1.26389135123544
0.0201592165052862	0.0166215141168363
-0.62535189616388	0.509090854006262
0.305343026305296	0.409034200944805
0.217117679186203	0.314368618220191
-0.31556733049347	0.262581892069171
-0.677983180958452	0.38964393157192
-0.688609370085745	0.470202724091708
-1.2999567634103	0.607427613348062
-0.43930568951961	0.385091684749865
-0.361089103151333	0.647844872197247
0.162063770538634	0.108847619567694
-0.548523279943698	0.208540682903569
0.308145572458017	0.186212862746483
-0.649677393302236	0.159121336474823
-0.372199398666119	0.10861997456099
0.305411483177085	0.376128383355651
-0.660267127944176	0.646560639094282
-0.388465167747335	0.374777326778432
-0.435030531325358	0.785436887210185
1.32523981189415	1.38362350113178
-0.786764539010616	0.351688453432406
-1.29737770341506	0.597045648006494
1.08453321044308	0.796248548983476
1.23784642569224	0.855608430046028
-0.280998434060593	0.295017556932878
-0.145797923683638	0.174560937410867
-0.523335246335027	0.566907608534853
0.901396899825927	0.785885760281757
-0.376278890867832	0.110765860075796
-1.36118100895184	1.3600327690238
-0.0826941176229745	0.123885332319574
-0.306684910895911	0.432985156223991
-0.160788348279726	0.0907940851809699
0.13431524967785	0.045406872446052
-0.252872324468904	0.127405607221184
-0.993813716274121	0.499378341105771
0.50131905120822	0.180918046026188
0.67453979435116	0.3189996086324
0.680856501843882	0.315453504402999
-0.156410859268319	0.05671112596927
-0.341939312296573	0.207458340747082
-0.620229394486823	0.663267752743462
0.0983114646877364	0.13015609502282
-0.721790589409489	1.47458412198149
-0.749105262422165	1.40807144657954
0.0911640903071759	0.0972364518606048
-0.0633865134164894	0.0692143807582156
-0.466185143024431	0.726986339182975
-0.0473346672470954	0.052881768708357
0.254274795868699	0.249395728609204
0.0118272468108185	0.00980986459068814
-0.400797041390228	0.353962526163226
-0.477657816477811	0.519223805776628
0.701921851356781	0.459732610970839
1.30745495657921	0.576594767890921
1.42719460355007	0.477448564652232
0.379767975082268	0.171829370723845
1.0562442938858	0.514517896865213
0.948719326719986	0.64058418568144
-0.61749755631226	0.297847397284108
-0.00871386056428528	0.00447454360292315
-0.61922918958454	0.296216243709137
-0.164391503372933	0.0602873263827687
0.145428009393515	0.069932444925333
-0.0640276156718121	0.0281260857165018
-0.550411694793751	0.212093304237507
-0.293389085335799	0.441350726699749
-0.90142459613882	1.51230341707261
1.10533347635434	0.989529681176955
-0.809014742287618	0.69598599917054
-0.259194738934259	0.289735805758332
-0.200075015199808	0.308278157916027
-0.115491949600059	0.167393277650602
-0.3448605227413	0.397279765634355
-0.397932960617752	0.386349838058066
0.315049202435943	0.189241490742095
0.0769372463917875	0.0544883908719654
-0.497284296095143	0.750052531913091
-0.171201720877696	0.149117963348052
-0.248362068260268	0.124878834940163
0.381013403734791	0.173132440946282
0.163457088836065	0.116977476962517
0.720390805640438	0.597060593603645
0.11279958880646	0.107789485709528
-0.20592349163455	0.141105546410974
0.272393974846062	0.36940586913014
-0.295328539896364	0.455591363656489
0.966233006801151	1.47274074064716
-0.44399806371017	0.510856678011639
-0.370553226956403	0.550781934504828
-0.454023414758766	0.773751178626748
0.415171083558201	0.317493504462865
-0.406615620555301	0.169863793614473
0.537165983046884	0.311041271705653
-1.18490030340533	0.656114615448574
0.279383849475626	0.212048861276578
0.422508373994712	0.41655459941376
-0.682487787927244	1.4915143333599
0.33111317290372	0.486584016981825
-0.256454964230759	0.191219531591849
0.0206521375662424	0.0117955164347887
-0.0348827891224836	0.0233538454358494
-0.0978486278515688	0.118607834425725
0.0546865616498875	0.0494308563621698
-0.248892050855984	0.125306899342208
-0.118433782677119	0.135408350193086
-0.22977055920998	0.291990820096759
0.27058343198562	0.251234889099511
1.0553229946409	0.515398954440857
-0.785291228573989	0.349787734626296
-0.411717593935604	0.28585449691777
0.327974275815	0.181474837781929
-0.480131485673919	0.938508883582371
0.287734759136961	0.196853417111841
-0.999971652731192	0.507634661620305
-0.378051187678928	0.111023447161183
-1.80190156331263	0.405310176911618
-1.54211096447874	0.565956548030536
-0.650815605433229	0.158518447092606
-3.09343711568729	0.972052225554497
1.60969397091784	1.13333925128269
0.0430446625705011	0.0421694513247416
-0.455066916997827	0.466275911060467
0.149869440347708	0.0861682979875625
0.023982380287966	0.0297751835628971
0.513937441101234	0.183924106895497
0.427605900232615	0.173170350163645
-0.747277512006623	0.261950498179665
0.596091643308744	0.312565873458659
-0.783697018173104	0.346305180277034
-0.415253121975245	0.502585117844251
-0.803060368542052	0.88152012022725
-0.239234107458182	0.373658802376242
-0.90526237982422	0.854566958174678
-0.655163635992096	0.160369482742199
-0.251581811410591	0.122325155446348
-1.29515834308224	0.603610157609632
-0.539540080793358	0.208099233022499
-0.409141468225571	0.173303271776386
-0.320681031246747	0.1483017530793
0.50738087048618	0.182889267122129
-0.378051187678928	0.111023447161183
0.644424999818512	0.207579266186308
1.22508947504574	1.00741132611922
-0.779939510709065	1.11579196035115
0.269596342609875	0.412742220885988
-0.211870321372794	0.289088645547694
-0.557710928307643	1.06516455258515
-0.247031507106652	0.340276990581976
-0.787734710868182	1.74813197407429
-0.616334846673865	1.22786293055499
-0.14200259939766	0.216110228459521
-0.0620243550799385	0.0739337758409327
-0.231361282335045	0.283281837765291
-0.382479698307784	0.563415474894303
-0.307982586289435	0.378201406131213
-0.631014003275041	0.723102162259823
-0.419490411466328	0.459184128148939
-0.52022780124439	0.696202401211969
-0.664208752279852	1.21198216950724
-0.735560710549865	0.948143896235203
-0.637915937416079	0.790769307091382
-0.792249315448351	1.1238092175115
-0.45375548643999	0.462967352653096
-0.520511665534074	0.618029554145252
-0.207130715205967	0.110801104785877
-0.0868385395992619	0.0530716960488727
0.885409453882303	0.470351878932025
0.889817632427664	0.484607505046141
-0.250256422804428	0.125890269667324
1.09593299905387	0.827778951806976
-0.49679855039686	0.262940161450173
-0.243628040682986	0.161695563777931
-0.6451551378194	1.50610614748588
-0.0168942155967886	0.00861910795222448
-0.796704670965126	0.433500537264648
-0.39019561740564	0.454383840940295
-0.592999010903752	1.28663071588263
-1.15976279292551	3.07783568874826
-0.704563447882654	1.10245576061521
-0.182939372990938	0.16796995146888
-0.626565311297905	0.518093819681587
-1.17850453891311	1.48361198341753
-0.717556207618431	1.12894396695416
0.0236607721164456	0.0169321500480518
-0.921223520283535	0.769150201245707
-0.421866432896601	0.237952088957272
-0.817979528868846	0.702756528848367
-0.970941933317275	1.03466474688592
-0.25194857879671	0.282275913834515
0.164423971637309	0.111378672590348
-0.685000169356206	1.2176259899417
0.0840890734357719	0.086765462556085
-0.117815456110325	0.0966935153288162
-0.382543636402367	0.417406485429767
-0.225478732035212	0.222789308553265
-0.905043862724631	1.27337635137045
-1.73321452422375	1.44222344647069
-0.660888896630349	0.393158692400433
-0.158354940138305	0.0908521921927363
0.779147706199252	0.609945278518497
-0.322611923661454	0.150307945378287
-0.697738508648174	0.55488456808381
0.31834119190231	0.331076702323469
0.094958736214661	0.113048234819458
0.301788599165821	0.432123033345066
-0.453577263614222	0.359204014228002
-0.20172370573846	0.156542555367672
-0.184744725901637	0.199085538863617
-0.743565413924972	1.16246610861562
-1.83591529205434	2.11307162520573
-0.739881455431667	1.31193869701
-0.244066965947762	0.339525808500888
0.0287854255164717	0.0164752289334471
-1.5127743827303	0.769178359427932
-1.17705373097505	0.662923601008253
-0.410711952563318	0.227851232583747
-0.910041175110635	0.84278700510185
-0.166718290584873	0.248474533485826
-1.14258310664652	1.524876479102
0.132858056364927	0.0507194698371336
0.38432478155061	0.173913179363804
-0.649677393302236	0.159121336474823
-0.646622749070198	0.158987296788642
-1.99297461386572	1.36991995377141
-0.249228361597208	0.122905676293903
-0.0328377939090362	0.0156907153092036
0.539522600612785	0.870609145815608
-1.10622953664412	1.53634833491101
-0.223627495095381	0.167871990700266
0.148288880158186	0.178352154534088
-0.588678372131601	0.540175353411133
-1.29608205927381	0.596939206244447
-0.161876143109379	0.0583550406834367
-0.413723517512865	0.175732979945065
-0.588446277667549	0.897974203355854
-0.230687227068793	0.1984420018586
-0.545641755228151	0.213156326519175
-0.161924550637959	0.0595326272869975
0.888813544868003	0.477358317554393
-1.69178457169956	0.969861511764469
0.150736778158981	0.0792176161757207
0.324194437656015	0.312551413080275
0.398387043529568	0.637364591965906
0.213181240504522	0.254255163162377
-0.0936955363065447	0.0911126843785502
0.249902411349553	0.274793011639221
-0.848995169675691	1.55893608003752
-0.344894102407017	1.7165073019207
-0.355264403746128	1.63461183763312
-0.450521128827934	2.15871464974444
-0.509351482335959	1.87875397226104
-0.660585582683714	3.56083224749999
-0.828557096709075	4.72519197795221
-0.572988354563941	2.79626485784806
-0.837177173348228	4.65023426576557
-0.763893354587196	4.04965011222893
-0.862670557259383	4.77861490295675
-0.236920544259665	0.543237760441461
-0.786292724792173	4.46788209471039
-1.13645955072963	6.51567873266834
-0.3427809540639	0.882225082973234
-0.712767111744413	2.81271245635402
-0.719809741121442	2.44525373128878
-0.253963469380362	0.515610654433419
-0.779961572380629	2.48973665600069
-0.482767111409927	1.13351388806646
-0.588986291985334	1.81993701375188
-0.543764454403408	1.35141422670521
-1.21800142916481	5.26604086469367
-1.18390506521843	5.30016730143
-0.753786751143974	1.97396423105435
-0.437956507568168	0.968920095169893
-0.835689793905091	2.04691680207723
-1.26046210980665	4.2413779221017
-0.56651727647144	1.16025246542367
-1.10235698671407	2.00513812834484
-0.826967436535067	1.1751823595239
-0.89223171024171	1.78635186596295
-0.613998493893085	1.03142121709587
-0.177206073757787	0.189356168213848
0.256656640100097	0.241176310459122
-0.904436945841679	1.51805741857837
-0.730270551235227	0.81445665479306
-0.236190433900225	0.219131559455969
0.846857403068005	1.32943336271833
-0.116633177322016	0.0849249257408041
-0.99454343992347	0.9990670504794
-0.172827195436671	0.14988944038081
-1.11360001502245	1.07906126881043
0.823380011413243	0.863534114983221
-0.321328338955553	0.332483335477401
-0.940973809789627	1.34531622683406
0.115762192163535	0.0935146426322652
0.262401664347834	0.286979127903609
-0.617579714797294	0.496452110072202
-0.792369767274601	0.915097249616364
-0.441801406781471	0.441460186864842
-0.454911045006916	0.466358809613111
-0.634349871925817	0.56404492718493
-0.352862869805915	0.257198103110093
0.168735485779858	0.115760303469408
-0.945698721407001	1.08713420419244
-0.0405270928714966	0.026451786444256
-0.556059934448545	0.462861566659086
0.19766503232335	0.186554717684052
-0.284179739411121	0.240085830741021
0.690926156424926	0.938071971559484
-0.0975901106008228	0.0721473116112666
-0.17200652448775	0.135212329523003
-1.1936486147487	1.62863848812813
0.17274881903481	0.132914222276118
0.248172674370474	0.245916176609094
0.198112195660464	0.199552886985491
-0.112754568553371	0.0829842765027735
-0.738481536969642	0.830090981482123
0.150246253113003	0.0860717832649339
-0.81158674425055	0.781150038580532
-0.0760766376437184	0.0563017088611418
-0.0252842454395827	0.0236785178219875
-0.908871103017645	1.19986973739802
-0.470582272294814	0.31569497582926
-1.29663172657148	0.597801077092199
1.01988254667506	0.384160657007023
-0.650318276706871	0.160755761640221
-0.614922666475239	0.298888890539692
0.146585717738664	0.0830275898938184
-1.30011558585698	1.63547292158444
-0.439533883062087	0.521842907299635
-0.886823203876405	1.00463041376023
-0.443056226131533	0.507479309032796
-0.0479272555499631	0.0367732526895996
-0.722871108547316	0.742008255084498
-0.441882501164957	0.383509523095338
-0.360596946354331	0.257004054896961
0.599777362435237	0.451533305185187
-1.02580159240598	1.24369793448148
-0.131637312197079	0.126813572312522
-0.278974512458396	0.276848673280311
0.279997823173377	0.209453958618902
0.0229985050480897	0.0132905720197523
-0.012080660655198	0.00622210156263383
-0.244376056128231	0.121787104640212
0.774705433099479	0.732460943895098
-0.239454215602885	0.157790290611827
0.266871493488127	0.205726515561416
0.075054614214517	0.0662414830677951
0.801644149684914	1.30348954860232
0.481025089798538	0.432236298464297
0.0156780241598941	0.00917636165577728
0.158408916242626	0.106677280780825
-0.335695705352112	0.200664767634092
-1.36144822623368	1.12357982861497
-0.473032188316121	2.66882030003991
-0.24267582792284	0.651379299730875
-0.244657796196715	0.677108103709695
-0.419718745883696	1.36608162609057
-0.334398680841949	1.03207958286798
-0.793898910689851	3.64710259314365
-0.647631925940733	2.65071244367
-0.611896322881369	2.41799233941632
-0.549304712517245	1.88741084429334
-0.737889087525146	3.67066288966942
-0.641509532711555	2.46642301703959
-0.603553958703879	1.99620608733209
-0.338404628444641	0.887419964558294
-0.154706332612979	0.29234650675526
-0.495892855033277	1.20523447071209
-0.365930291473345	0.792815693347806
-0.653733142512843	1.9059254734999
-0.415283052409652	1.02796638950029
-1.17239919863642	4.74007007048971
-0.972357821918883	3.30498894423117
-0.957167613259969	2.56039670155392
-0.994539395139352	3.23396572584789
-0.960087809027548	2.77923110875285
-1.00128794556293	2.65680378133027
-0.830917089516739	2.02838237341379
-0.483434363063353	1.03623130209075
-0.234718808626886	0.200411227761079
-0.391951606413017	0.377549268976757
-0.00954166388013935	0.00899828548028976
-0.66123176298243	0.923233760913452
0.246826564755274	0.245368920572758
-1.26351928475909	1.82972755425457
-0.402542508623878	0.384966628460606
-0.674044810075244	0.790990940535324
0.264506202854175	0.27291024855845
-0.264641825167007	0.20012149900942
-0.573904936391143	0.533444732436746
-0.344031431083648	0.326469157427264
-0.597234080449179	0.589567964030522
0.0634745213934112	0.043135772224214
-0.210414101530951	0.194782161375094
0.110985942422453	0.0902770836453137
-0.0760481848972239	0.062776539574917
-0.2984514744319	0.293831667056477
-0.520911586954183	0.490008974093503
-0.523103775971967	0.402605037423637
-0.550951614603276	0.471509637891167
-1.29441655141929	1.57699404366681
-0.0412528563719962	0.0197627828256354
-0.991045709498389	1.00348577209783
-0.00946065319650396	0.00652776385832181
0.171654652050066	0.116652004824971
0.572114931491855	0.544339670084096
-0.805872676016374	0.614403334917484
0.0671343082337294	0.045602133335074
-0.730444634324733	0.810624148278758
-1.10596272167992	1.32798874789105
-0.629828157805328	0.696610132858552
0.048482173769235	0.0295439723957139
-0.356509088043839	0.286117132938126
-0.224683721606027	0.172131072895646
-0.685661657525975	0.762744366824744
-0.103125718817233	0.0757299724428539
-0.0574664067705211	0.0431089640591002
0.270324238436689	0.226778741609962
0.151737360660735	0.086531780251946
-0.585235624245925	0.425140625881379
0.169149939363275	0.130249394213761
-0.447224811227086	0.48671630377036
-0.392327775276336	0.407074853524649
-0.420732585458842	0.42620651916264
0.983706415884788	0.80613687619611
0.588578317389401	0.30000312467267
-0.243941737916219	0.0802794675130444
-0.785291228573989	0.349787734626296
-0.357130507540145	0.289304266493818
-0.275901985217698	0.208115759180821
-1.01559167476232	0.924215427251046
-0.408935034238124	0.28525145626985
-0.550820290972937	0.47057110342042
-0.288804504418037	0.23990580274256
-0.0500075827660353	0.0327806432261105
-0.317556552648344	0.232936500331478
-0.0647522728536612	0.0493311576128013
-0.271988900892785	0.251423407907656
-1.20214844913609	1.26303105130998
-0.551232894920489	0.469344649720694
-0.498111870375271	0.260422175873205
-1.02355482381602	1.25261468881415
-0.880546452670781	0.972292380555344
-0.405757820250838	0.282769699486778
0.167675598626615	0.113753523752803
-0.0164950892182792	0.00837138380425776
0.0730506895359841	0.051281364995872
-0.0129113014361414	0.0101441787752186
0.0804999123082292	0.0588023543009865
0.827735063681788	0.868334699967026
-0.400888937927212	0.167004429544576
-0.479329512509808	0.319601005609108
-0.0194972797587873	0.00980160493677361
-0.503689559690045	0.267283523217896
-0.267731491620355	0.709303294013638
-0.225326214660711	0.546351955494999
0.0936395321727703	0.171934453138814
-0.219496904685247	0.532531652735494
-0.400096104959319	1.21041359377478
-0.272321402914343	0.661678292732229
-0.120143521712501	0.273174798561383
-0.285477125048131	0.786046181964427
-0.355693335014551	1.05741957742316
-0.0548147465152069	0.100481563826634
-0.172944655424785	0.35669849853811
0.0905261435149051	0.154943131436123
-0.426648451216932	1.12661995994832
-0.278148937089294	0.591180610304808
-0.596210535181116	1.88340820859711
-0.517416622404403	1.2889264506358
-0.343885834235213	0.769423613449018
-0.268758535775275	0.536324063470738
0.145140552036502	0.223035350009849
-0.674057727633789	1.99710938008875
-0.270880672417017	0.516068163576584
-0.689750257025371	1.59438553031243
-0.269213688020645	0.420449942106204
-0.209898910538594	0.312436859104998
-0.556620837832839	1.10035837078182
-0.313616661425019	0.488910586374738
-0.462148198744557	0.945411150341616
-0.182693877371908	0.25287590425224
-0.366773316332515	0.544501810561356
-0.301778050315024	0.347129337293657
-0.413469371537854	0.584510776637356
-0.533908865037668	0.605375086871494
-0.269480559552569	0.313683552256114
-0.625734628658795	0.856826372326335
-0.699830730370954	1.02431886132299
-0.358606275440982	0.323022019691155
-0.713916225643027	0.642313829477558
-1.01237728331812	1.22995714105342
-0.0798724225543735	0.0598084765081504
-0.650789405911173	0.63480544836275
0.108829060416855	0.0874857091892856
-0.403024151960791	0.360665243973156
0.59227453581422	0.549007225800668
1.05086469568187	1.17257575513466
0.134669419344896	0.123758852208428
-0.450405992170728	0.352180808342935
0.360095651283244	0.418878831772843
-0.526444741390828	0.492431785000198
0.3026604954166	0.323954333993947
-0.69133212401199	0.488806405970564
-1.01650485846469	0.911121326587734
-0.0120323722823508	0.00619676762482665
-0.405530795212908	0.172425679747037
0.774174746079219	0.60574867103623
-0.708013565515303	0.572361792532099
-1.34208676432872	0.856187588163202
-0.514905132475892	0.391050507826915
0.167258428070633	0.119912100918573
0.264920742390066	0.2182019311855
-0.15109538504454	0.121205071266627
-0.0602480126669566	0.0452460951433459
0.0652571871548798	0.0437726184517082
-0.601235911206979	0.595101828514041
0.634094857374312	0.67362311684344
-0.102801568888524	0.0411313310114066
0.166230920422004	0.113628440725647
-0.358000097986205	0.25839420570028
-0.292901835079436	0.211286959298182
-0.102757858322727	0.0756836617088357
-0.170205525847194	0.133016574331312
0.838458339808299	0.760891576567038
0.271978363890105	0.249551744708966
0.0883251983301372	0.0663991503745807
1.00814818107627	0.944713180358822
0.483579236914882	0.435398779453795
0.595539384836506	0.551851132991308
0.265177365368797	0.236187223609474
1.12690602433233	1.76964979746066
-0.576449524964869	0.53725554459925
-0.805917960851539	0.886070293461278
3.62360809261866	1.43608472685745
-0.242788883618067	0.0808805347641532
-0.623378356811315	0.518682237861767
-0.160774371353928	0.0915626347254215
-0.252138575642778	0.164955006738062
-0.965646314133895	1.02917413607734
-0.501558122124573	0.428122152663059
0.479652975915125	0.428975763047841
-0.201948098934165	0.158831715337305
-0.80889792913568	0.773165838935393
-0.150198427223068	0.120200805188382
-0.513521519853178	0.475793765573795
-0.802195013082249	0.696928877983685
-0.520784249732492	0.481658252604649
-0.358586494010698	0.293933654820664
-1.11508632699888	1.05021265261827
-0.801123518114608	0.828025593982605
-0.594385344701337	0.594356205626355
0.459451277376276	0.42333510513801
0.186690501255318	0.181307249660652
0.333872445743319	0.326615623380129
0.136933516530561	0.0647976222872215
-0.408348196652589	0.173037028474031
0.124289330854257	0.0369322547195917
-0.545372765240245	0.212236444130178
0.847191255636811	0.622285606984744
-0.111587613548785	0.0444990442514624
-0.318288146037934	0.755060646846503
-0.31012001151283	0.787716110600625
0.0321778715277549	0.0506848351371043
-0.0537951159797824	0.0956143102969213
0.292877540906536	0.676189747818818
-0.317133476859864	0.842796276470475
-0.510142395733522	1.83426658572433
-0.228885942447812	0.501652583339999
0.0485048350719522	0.0737135880319464
0.0191689382752144	0.0252552314008138
-0.617486211273454	1.47371377350083
0.02943067466148	0.0417302373709215
-0.588665685774026	1.37311154301267
-0.419340231716953	0.904935295965479
-0.662763373633502	1.72627434842557
-0.244929602952921	0.438228186073633
-0.499392265258688	0.978864019455469
-0.640052064133186	1.48212375631076
-0.361973633057427	0.610612346165167
-0.0891514763682128	0.11146280653703
-0.772140649427295	1.93595456516399
-1.12178711974371	3.08092270649618
-0.891778035597968	2.02478311350369
-0.414126958909067	0.652584789257376
-0.345991912914805	0.530064460331304
-0.287417544675455	0.360677107308922
-0.247342381594179	0.274906844494756
-0.475923256748182	0.605337848159183
-0.34731265636098	0.44050631854104
-0.743400284524311	1.0474734593003
0.0425698234060219	0.0388213799628032
-0.251253512023764	0.214207889529445
0.633476693141015	0.434698163106859
-1.48105506996917	1.03011774152
-0.398500369202182	0.353740835783564
0.385117814087661	0.319141454328519
-0.713229770187674	0.639787287959022
-0.185108674586471	0.146918813881982
-0.451173319611903	0.355729119637401
-1.04048276137386	1.18403415622516
0.832702319504324	0.753254393206927
1.03628145054856	1.44398417342776
0.356252300805855	0.311758359547154
0.259104455824666	0.219625992470722
-0.449577787049611	0.350737519655166
-0.265011464964059	0.245172287754917
-0.820719114340597	0.622052319456871
-1.33733976029754	0.843214342177107
-1.6620410678379	1.70176953380454
-1.69270447151317	0.952840222008306
1.95600481811941	1.19903922842961
1.94723993892349	1.21716177748167
0.527782178826191	0.294903758935937
0.132607473485159	0.0568637275922903
0.806771010510594	0.341817317762371
0.0529011818834793	0.0342285573019189
-0.0131717304941518	0.00662166979202459
-1.15037772138282	1.30118806167109
-1.34591857165479	0.846494681083362
-0.275192577237331	0.209520921377906
-0.520515838363611	0.490692866356796
0.305110228352967	0.182705659046032
-0.781575757374397	0.348492799953545
-0.28923469026821	0.180707819508349
-1.06888394809711	1.14110566051796
-1.84109139336238	1.62579609780634
-0.693545104382941	0.47994154346729
-0.504672626649129	0.267065456522574
-1.1806851089671	0.657268928133441
-0.874374526199557	1.0493533049121
-0.301730859731353	0.242736439223694
-0.143222977537237	0.102524192795685
-1.75987774267424	2.31590006503912
-0.59509882966231	0.596894595207498
-0.808686650286696	0.538759737254515
-0.0302186623715646	0.0143336055344067
-0.34901576526748	0.252535041102824
0.732897126805269	0.599906685712734
0.128532989649213	0.0387330108702786
-0.753181884414792	0.264903486950086
-1.946408837198	1.86666277004068
-1.10656910819799	1.31414958016997
-0.940204229351279	0.692456403712689
-1.10009586309872	0.750544553918644
0.288472910199738	0.197402059681293
0.13251797852494	0.0511537531312601
0.311616210320715	0.185328493263049
-0.0878087112254149	0.0540911579195709
-0.249370545634844	0.162334092574919
0.528030265773569	0.441852226959546
-0.732836343951435	0.768788676383037
-0.620699369705716	0.511848375843076
-0.799785414533244	0.940945451097249
-1.06277254112583	0.843058738650123
-0.0343491320083755	0.0266876358294124
-0.456519660158607	0.360381290361235
-0.28807042879929	0.262730209569943
0.557303631328444	0.436908205226567
-0.505917061003303	0.264279922710173
-2.0900297402517	0.968372698688982
-0.744797769739109	0.261223376171582
0.129278986113907	0.0386815864932076
-0.53632610293116	0.206974873110366
-1.54134641011664	0.564552208534783
-0.541676736821534	0.20902738866301
-0.494954381337582	2.20791493766876
-0.552188469575648	2.28527840976972
-0.455746777404212	1.80435323732565
-0.378560623548001	1.30212704247083
-0.278927724433388	0.768943072223105
-0.0638344775730591	0.139524449772678
-0.918154981211355	4.76377275875781
-0.446517846584092	1.43929689644993
-0.226670817484925	0.492257311389459
-0.42307520424639	1.10662939146988
-0.294289148830489	0.676222860481601
-0.223597607578185	0.431219569596045
-0.306358478737649	0.661868685569713
-0.859362719396592	2.61410155639373
-0.719957495145524	2.321602082053
-0.903554961657629	2.93428940254125
-0.30594142141506	0.58295086928996
-0.478594317661625	0.962020200130489
-0.237371450240833	0.342385061878805
-0.479019874987537	0.947338726447109
-1.15088279171381	3.51700060857762
-0.90447426958155	2.21168548474116
-1.00220627110419	2.27177147610409
-0.230595083167694	0.290802482783807
-0.29104251426212	0.350818522524989
-0.78547529622905	1.56496779150192
-0.436927354469653	0.600412827796084
-0.459131216838054	0.609558203331425
-0.741602428340134	1.00233869241129
-0.123507451152641	0.126905853175433
-0.459841160558721	0.553962650717062
-0.303869390819744	0.313710786091836
-0.931644302411313	1.4016374506837
0.0227988210034529	0.0167751072855601
-0.0351524227009781	0.0299727310461576
0.551669272790625	0.542093513830223
0.64183299485973	0.453960326467573
0.347484402465735	0.313158401575307
-0.176638703251107	0.165403547630085
-0.582732526145368	0.66339042680955
-0.783480239153289	1.1790587233942
0.341404328431086	0.333379482731569
-0.615459105858285	0.298391792013086
0.725422047989284	0.602976125037657
0.178976296877857	0.127401211260588
-0.34682737238086	0.246034411736016
-0.0359707095568929	0.0238307202364781
-0.050220366496274	0.0330357532222349
-0.247879715597527	0.207050456205024
-0.800896849461055	0.827778207789529
-0.416810140674263	0.427636680041192
-0.123862346960508	0.0902937639568599
0.293478879693488	0.21110136792598
-0.0985745462114205	0.072838964570991
0.63516464552621	0.676198435240315
-0.596322437260837	0.438418459224117
0.329211867601554	0.183184981108425
0.497131521417194	0.313012570368194
-1.46449881611714	1.31913339837632
-0.615751285646879	0.296227038906214
0.777006848312967	0.46514393182494
-2.09425972111398	0.980128149199155
1.38127371666223	1.04968061366915
0.128800385405616	0.0497090773739998
0.352843693565944	0.178111946589704
-0.314677101137495	0.145986544074097
-0.0972818862535994	0.0606441706546732
-0.539514994239699	0.449366177741859
0.0200011123227309	0.011577351830026
0.0462330595756557	0.0298828544887073
0.292282690542463	0.200499224469676
-0.311828471414461	0.230790180053946
-0.371963944093828	0.110621992809151
-0.960163911348772	0.590550727974614
-0.549861627919875	0.467168993068706
-0.908172488369572	0.840547006725744
0.539171237056013	0.447074029304372
-0.470738007050972	0.446137220448452
-0.800913647700799	0.761598003267746
-0.151297719767297	0.122035026209567
-0.710073346526601	0.636717361573964
-1.31281985193456	1.76559333981037
0.174213206351831	0.12971939795446
0.859208478767181	0.968225314149232
0.543400351414514	0.310148233892524
-0.621027443394232	0.302025636916196
-0.651469596498525	0.158623372365254
-0.287871716169561	0.184709957741821
-0.545452859251418	0.462437702847491
-0.941371782436485	0.686899962433607
-0.165026128480715	0.115198302313271
-1.53184338216854	1.71342657721702
0.662967831446359	0.568657031789713
-0.0896151355772689	0.0554485504276411
0.132933464794398	0.0510034511521027
-0.657579438610617	0.689606867408106
-0.306820094396217	0.227077341857892
0.64183299485973	0.453960326467573
0.28790657591791	0.197358411064829
0.255888412195773	0.220197698582687
0.558913093756143	0.554672884232604
-0.284208148735789	0.179093960765624
-0.325866695989105	0.270705075381473
-0.884654855920422	0.906546238332469
-0.298972719964315	0.219947171696448
-0.616132779860752	0.51170844508727
-0.785659714680125	0.634660717549691
-0.806304332832861	0.616054939587074
-0.410238165649203	0.285888034791131
-0.729234885960465	0.707569815487416
-0.266078889694035	0.202247048414071
-0.226100395897497	0.192335367738867
-1.58529576861642	2.10785434225552
0.434855046467705	0.170206998837879
0.131531340806028	0.0393848494794365
-1.69306119029259	0.958494986770545
-0.803349639982432	0.44521681873432
-0.323000322359989	0.150488009456996
-0.294666300832806	1.46383391849793
-0.285890274614591	1.39973958464375
-0.223314907665729	0.872767987893386
-0.257975660376853	0.925269346008387
-0.39802761462144	1.61365681607181
-0.626133667827321	3.60282806351037
-0.369598647571902	0.748469601310081
-0.0746296273993654	0.108880050240766
-0.340616380074601	0.670420248369295
-0.460922461468012	0.843622338314239
-0.686811258995482	1.5732396851837
-0.182866092228915	0.266556215038236
-0.845672581723322	1.92116833447844
-0.118498134237859	0.132675411175735
-0.46926304664965	0.790329975435457
-1.2498027725946	3.24677265402592
-0.477110693726502	0.778473633616572
-0.447547377810745	0.628034832213916
-0.517570369686269	0.738012744027789
-0.943202220360606	1.36547059703638
-0.301603828247232	0.330198160505034
0.397674893286816	0.427042469764629
0.0729688262967449	0.0644652377256472
-0.400433314612749	0.484590042535954
-0.742487532729557	1.07917423800295
0.252163430859191	0.262312203542496
0.345408292585117	0.321706976888148
0.608452587315433	0.664447216073879
-0.0541976475564786	0.0405163523729457
-0.498341532953675	0.499692493383833
0.129722917182405	0.119206982056833
-0.579209561880309	0.654101709081116
-0.44218233818097	0.377896434808021
0.37476607462749	0.297726139032238
-0.319560881736744	0.264634404360154
0.7356686019033	0.796825154259946
-0.319454624260763	0.289286851138804
-0.507249640644988	0.540429955308003
-0.104563355516187	0.0772925391490851
0.268886179623069	0.233446346750707
0.0036650042528104	0.00250015353604033
0.389982429263189	0.319086444571964
0.0614171619548682	0.0394165206817332
0.29419909867973	0.197845927243383
0.529497316262253	0.303892781839153
-0.158672743882651	0.0916507818726346
0.453661343605304	0.30156956995607
0.486409608740006	0.298219917853978
-0.311258601549596	0.142751714804843
-0.202151313549497	0.110185310353364
0.983093245998012	0.79929679739095
-0.413546460700209	0.238077546638669
0.670298405368257	0.309307349974868
0.638822757505288	0.569641832235936
0.422148739622547	0.320605591031359
-0.0687919109935123	0.0433534786051105
-1.84540659716982	1.68486415750188
-0.54880976747633	0.468572599128793
-0.724821704173598	0.645575194746389
-0.505989803376668	0.267935293753142
-1.07121769967106	1.14788664306383
-0.594680977104855	0.590327886798794
-0.0626762765037286	0.0397737026778112
-0.145363097611544	0.103736262149582
-1.15033451404245	1.29495991598317
0.35571607693411	0.323421283135649
0.382381008707839	0.315855427084032
-0.0981462693284336	0.0722292897806758
-0.720880719601397	0.704890800894376
-0.501358897920174	0.26711981886241
-0.413475702147943	0.234305996319089
-0.482822436205954	0.403321099806868
-0.239530983949622	0.079101339152492
0.140143013882091	0.0604319904374563
-0.264107316381661	0.243801517068316
-0.245542336899018	0.160448203120359
-0.914583795857558	0.778098352518675
-1.3669665660935	1.38312057637267
0.298745959966483	0.193840923410779
-0.283669351740675	0.178451318123601
-0.245277290970523	0.122593241607598
0.776511937343773	0.4593855531213
-0.453232485076285	0.453346592096077
0.266543640379295	0.204436386932149
0.281911379319176	0.213286068411189
0.936333022721102	0.91268854859041
-0.0910981430317748	0.0559675953467301
-0.277668124878964	0.173089083032829
-0.34613813381379	0.207117250588822
-0.324022158615012	0.289732041522567
-0.964285957703364	0.594435167637568
-0.112159473957684	0.0450463769175976
0.536305779717915	0.309640470879259
0.643896679124121	0.453907010221521
-1.05709522257944	0.820403411967456
-0.356776641763445	2.52853570397209
-0.136410605255819	0.46269657578697
-0.0139559455571509	0.0332779722371853
-0.477167655371257	0.950536747721983
-0.457039397216654	0.849707001745115
-0.765764186614932	1.34027898842968
-0.265383369554061	0.332250818125736
-0.920555977541807	2.14338983828658
-0.845594222095412	1.54418927863728
-0.207911509137258	0.243076782434474
-0.143062250325169	0.160431009898413
-0.255389136323546	0.285803787478768
-0.165233871292677	0.203284930500052
0.483311115470561	0.630697215683192
-0.0973651603572232	0.0939562209301928
0.0243120550160305	0.0201083805646457
-0.22509233407026	0.193093657628017
0.252200513120523	0.273679550888308
-0.52795461745036	0.658325867124676
-0.082611692110481	0.0688371310214161
-0.33981988060494	0.371668797830481
0.249380516821934	0.260765614961551
-0.0672623528122633	0.0549469230656194
0.0900563342459142	0.0681582261483288
-1.26248163962979	1.95097795007494
-0.154972385843961	0.124435462106099
-0.614345716900486	0.676744336121691
0.689340586689076	0.799531928589187
-0.267838795573788	0.198033720735461
-0.0289650979172329	0.0225072029639692
-0.552860544953135	0.466112127971879
-1.42983104647409	1.67751921281499
-1.7554911107932	1.93231635058323
-0.796820961014858	0.812240909307249
-0.492858781614769	0.429499252364325
-0.157800568651115	0.12697156906323
-0.477460889857977	0.456194893809778
0.467206809785584	0.429536690107208
-0.731860315040691	0.709984771228986
0.642670471727689	0.682465870140945
1.14307396356538	1.5264293162674
0.308801114076877	0.185268870313245
-0.194003847100722	0.13040223193968
0.320812721260702	0.17598642859084
-0.808522158051718	0.839237915531567
1.223337732914	1.19566659270244
0.0183456211188009	0.0106197491924426
-0.552060058944712	0.471413174514934
-0.407974034614596	0.287831655530243
-1.1160883481085	1.0765308845888
1.21849384092849	1.33725928647145
0.156255719042671	0.101307777265576
-0.549068558563698	0.46547685673978
-0.797679125666178	0.76293894003328
-0.298773052687684	0.188522366980281
-0.475560503310407	0.322703323534477
-0.232580711020134	0.179670916257672
-1.55824982338052	1.43243920075467
0.719523642525069	0.59816258968319
0.271808279818779	0.215903693515541
-0.16364543689676	0.0940271858470208
-1.43467532385082	1.76920492739392
-0.595874281343228	0.595696877519907
-0.990439143567853	0.977928079791608
-0.345616950765869	0.207160557312047
-0.288622993423197	0.243655159359056
0.162380714780163	0.105174627737402
-0.806403357818911	0.631406881454938
0.146326717326926	0.0358941120966716
-0.358082247036761	0.258419184574029
-0.799205691621682	0.692846389552113
-0.153183861425543	0.0871012668139029
-0.473233212215477	0.320651543199665
0.71447640761234	0.589559179653911
-0.737357418481386	0.702559239893696
-0.0986947661152964	0.071815085962095
0.0694264717722282	0.0470874336285568
0.727218002004682	0.605910850236908
0.506017856398271	0.431181964629727
0.715309761748463	0.593785612038725
-0.287714166428664	0.182567976366988
-1.02452238383206	0.927247696732861
-0.561665637203008	0.470247115899064
-0.25681097005668	0.1927292243214
0.378227764000028	0.170205318481916
-0.957666866629324	1.10771003042773
0.281794650968809	0.204136276382134
-0.235312893748604	0.181962825583223
-0.0300841645935686	0.0198202089165543
-0.702779457011647	0.571401365994016
-0.287082387405134	0.181595241281125
-0.724979862082775	0.70931756808271
-0.397962418943747	0.32067367596488
-0.198359561119572	0.133508733624324
-0.125484838853934	0.0754836749076493
0.0650388343294879	0.0433315997159181
0.144052503073331	0.0693617330621453
-0.920016773688626	0.781137913793993
-0.16689192821344	0.657205690996727
-0.203188118588469	0.737452998482335
-0.367750581552093	1.67991702057931
-0.440464655277367	0.583213202784784
-0.43596272118243	0.542353741430986
-0.157919350518267	0.149681150188126
-0.997102234440385	1.50985967490729
0.0637919360568769	0.053723684698376
-0.390414971071086	0.344676137098379
-0.396808780675062	0.433465673248092
-0.317188879980561	0.304616473532788
-0.222865339758915	0.192227456820935
-0.884809345247978	1.28361776727366
0.016704901478975	0.0138245775151171
0.824560874592431	1.06710530547841
0.779765400514439	0.838811674123027
0.0725347411257336	0.0513380130880652
0.420985847782025	0.439630368721464
-0.36140109090031	0.2957673518725
0.110145410282003	0.0867914249077436
-0.434458875941491	0.498439862348403
-0.0712545431882453	0.0531770701443992
-0.29986498288481	0.220185689700929
-1.07896876016872	1.37798384725136
0.0753883999300876	0.0510319823754234
0.0501950731390354	0.0322134529508032
0.0703828192857864	0.0474337662052768
-0.544355872085817	0.547200908045481
0.399181875870302	0.317625542038275
-0.798449910075395	0.610133408670484
-0.514067924612268	0.38263672039522
0.367407459805527	0.312275746475727
0.0973517558973342	0.0782484267945729
-0.199346291143699	0.133249664976729
0.528030265773569	0.441852226959546
-0.268557228938268	0.204502137383398
-0.31759252394608	0.264971562740805
-0.142162503052379	0.10171563798966
-0.0363653877001543	0.0243968507260811
0.0333468724603798	0.0192542463801393
-0.265179810959255	0.201276086040744
-0.568740683684903	0.522577584458269
-0.638342037271905	0.584643042546743
-0.559260352136759	0.356297793672642
-0.396327759309207	0.316799944318687
-0.0957022257253839	0.0592383797624837
0.457840073059893	0.305755096063469
-0.399119999463175	0.31798421313422
0.599035507791129	0.454939309016843
-0.0631486959205498	0.0401671050113787
0.313881965714915	0.190330825968767
0.735467179136458	0.713508990508992
-0.420398893336264	0.232029784004461
-0.0648785895037877	0.0412617283914975
0.954108316580524	0.630026193674898
-0.319602447675335	0.235981595102993
-0.255109012118087	0.128020360521022
-0.0709135803836853	0.0314601090791741
-1.23658760766891	0.881888387036985
0.314897955324516	0.187233280641624
0.136983994683607	0.0594233713524571
0.391046732536604	0.173880646289556
-1.0534020476836	0.427456809042585
-1.04666386155154	0.814765620924129
-1.19311351070151	1.20754299363681
-0.796791211995647	0.428817129760167
0.594593885421522	0.309971917398282
-0.502293517664399	0.264604469612561
0.0384993510456537	0.0233134242575969
-0.0554105398322838	0.0359491071359004
0.435224386162225	0.308271169801883
-0.307966587956001	0.230112810968353
0.855879475065625	0.625260553786149
0.140165832766063	0.0737833922649689
1.22434093958946	1.02517443920321
1.27604627026341	1.8593415275959
0.440484506147161	0.317290327412955
-0.258876356832178	0.128340861627814
0.326584654430509	0.175982190927909
-0.249315959695042	0.125782769531469
-0.317890271453766	0.146036305462778
-0.320271718172287	0.146411912400688
0.767763117307877	0.593573959654162
1.09729154790156	0.823418129215346
0.415264495529103	0.31470188419666
0.00512227834866086	0.00276510151265831
0.30971206515828	0.183227523851611
-0.359579955683953	0.321254746471486
0.145297292350196	0.0623836442062413
-0.102626397939785	0.040910047685406
0.798384403529703	0.335517232991051
0.538985128444834	0.310836163570355
-0.931989443350712	0.678431993621827
0.138957249831158	0.0469686287821224
-0.350654731796814	0.253886289559958
-2.05860331346333	2.73626528933758
0.337588272996914	0.161813201755606
-0.457418554679913	0.421373399454016
-0.287681555688659	0.180403377819216
-0.517117288065303	0.399297285792607
-0.592814650769504	0.438806066103833
0.39546976336986	0.315061456691511
1.35489657970856	1.22128631767169
0.698318396897473	0.44152341998803
-0.884043473629403	0.892542899668936
-2.95484364451751	3.95763328473266
-0.809479274731962	0.840441278282883
-0.807429549342219	0.762212783489368
-0.111135266767399	0.394015178335453
-0.232072314946636	0.345331057820981
-0.372780689764194	0.675258499090904
-0.340175834845161	0.488040404338061
-0.549814040549179	0.898213435281582
-0.114188758850801	0.10391754758834
0.138217173219675	0.134335511623819
-0.31233899154074	0.380358399081612
-0.901377658555319	1.25293551558874
-0.211403161070261	0.196669941959038
-1.31684034166737	2.27326162254661
-0.134816311053482	0.0953901592374813
-0.696737107934526	0.914220836415059
-0.310757070216906	0.257203434664554
0.29228053920761	0.211186366267508
0.406714356454997	0.427021027325439
0.0827238589611039	0.0606194197719658
-0.329769857400566	0.341910918514292
0.260501923952645	0.238720525904919
-0.602457276792128	0.632172117119432
-0.0468200824455349	0.039339267121749
-1.18143237821975	1.48847899760844
0.362141850308703	0.306522054704756
1.28992236209828	1.77157596779209
0.0504821472279887	0.0385294020306094
0.0822549204739091	0.0604363009515833
-0.41617756307748	0.457368770103923
-0.343783046034308	0.334536336035453
0.202043096529396	0.176043619691693
-0.406051606108354	0.322950467311685
-0.0899609987200678	0.0557719551588647
-0.358500447024891	0.258245682959461
-0.575163084443929	0.647353327565308
-0.392694996341829	0.422310986417397
-0.336093699025842	0.330207602254511
-0.197377034889013	0.196663730383844
-0.1861760471438	0.169326855239389
0.700616564340167	0.446031711575763
-1.03868323059096	1.18770405192274
0.429309670275116	0.431903304489794
-0.294516573320453	0.270971143151855
0.0245795422987418	0.0209135796505523
-0.837928765569625	1.16921047783729
-0.516031038002984	0.39468643464193
0.161330752550481	0.105509948379476
-0.114016934160192	0.0934036234207918
0.409172877276316	0.32280619861109
0.0248022581515657	0.0181989449001441
0.179122995480723	0.138357683435174
-0.805395488024069	0.824412077057853
0.264948780789613	0.214357815253448
-0.959775943542601	1.02068579999274
-0.207359880248946	0.111007479084126
0.00318072628444	0.00213227980847255
0.329339755469583	0.318348810562153
-0.122590617637995	0.0891210063905683
-0.802947918435922	0.812587884550785
0.460193049140924	0.30991135737064
-0.352472413997877	0.287114878568187
-0.594426748858406	0.592367238880491
1.38304207587645	1.05188273551774
0.609550234655477	0.573926572539232
-0.960640117531727	0.596282991766725
-0.516993080096587	0.397149383470268
-0.812105833899629	0.628765103410185
0.00880587618458514	0.00465785366394793
-0.437427120054272	0.378554325156312
0.37115580963607	0.317875421402107
0.0560393494740007	0.0358646775708335
0.308031005321667	0.198555504487162
-1.02550419953205	0.926812782375269
-0.358621658039166	0.259221224711295
-0.122437131865901	0.073338656338498
0.404054877355233	0.322617228622465
0.640646540574881	0.455496300707912
-0.291852115909173	0.18022012964306
-1.80190156331263	0.405310176911618
-0.51054246326659	0.26514338562634
0.421196762559534	0.319644256307021
-0.808491572156971	0.442910243135367
-0.418414847666777	0.176032548928892
-0.660005862831875	0.389779145792201
0.0476007172711714	0.0307783703695839
0.0138599538895759	0.0073326596459171
-0.26057259326199	0.195824371864504
-0.126287494518597	0.0737016835895585
0.15141162840432	0.0924078900569292
0.186173543916964	0.166986401841507
0.138124398652496	0.0532597376879852
0.64183299485973	0.453960326467573
0.711851097536198	0.578538193426685
-0.0129166271492439	0.00657563797709573
-0.513569082656851	0.389968264496393
0.501811535456566	0.435007773403974
0.260144102357507	0.243851627546726
-0.479656771322617	0.51159038861095
-0.0120661294479159	0.00608768758314625
-0.408423736742794	0.330383749208732
-0.26591085352351	0.196537654658056
-0.0403820269374178	0.0191162333469385
-0.512855640763494	0.2617100091694
-0.172240412208557	0.120935399231026
-0.593514611649902	0.672055969598045
-0.728523361971595	0.805531326708404
-0.551926606310164	0.46877244754859
-0.897361390192196	0.828715442166903
-0.327019313955926	0.320782385279041
-1.51280207074222	1.968417211561
0.0203539890332478	0.0242367561154753
-0.0110020300666392	0.0122800879315864
-0.199845917251343	0.204781653909512
-0.262235252323621	0.294393024723408
0.114755399276809	0.101899578284799
0.433058758836167	0.59299207128317
-0.321458249721039	0.308862867727705
-0.108431628645054	0.0878765928643757
-0.140845310776041	0.142518226983587
0.242543129199791	0.253335183531838
-0.851303511067022	1.14205596582069
-0.794062703924703	1.07243906045887
-0.783944590925452	1.13476871660958
0.318789675201484	0.305514253995719
-0.549652029249304	0.539692890334436
-0.354683759703614	0.290360482201582
-1.01079883221892	1.47618890656885
-0.0503161134263285	0.0371378675062112
-0.224283423413249	0.189447371818314
0.0865950207770349	0.0646729073805935
-0.301274271147982	0.297036424248081
0.170159705551383	0.126486385656286
-0.802286513216287	0.773433448989979
-0.642157858036644	0.58107843003203
-0.389854711483171	0.341659750090187
0.17935936628192	0.143605621475713
-0.0309965587515703	0.0206735878494754
0.402271319302666	0.321224228949971
0.273582737014018	0.211695224943083
-0.658780514271175	0.687331732235765
-1.16083719848465	1.0106774691904
-1.84679585603199	1.66038909969572
-0.210691376053209	0.14259295032589
-0.726773041322208	0.751580827042132
-0.389243739689522	0.345014123067625
-0.433914038822535	0.498445790842332
-0.125414543043784	0.0903515018805471
-0.287633931240224	0.183448699015755
-0.621242183710215	0.513857576618241
-0.0608257987739512	0.0456581944815214
-0.543714441478152	0.615881746833378
-0.179487783797701	0.156707906051963
-0.456751317336028	0.463452532794722
-0.589223832351399	0.768508333011069
0.0520153149409235	0.0337536837966562
-0.149702384878204	0.10602263828857
-0.35158577028378	0.255556016872338
0.476031113821732	0.421087433615986
0.826749476116585	0.97017408962715
-0.133196652754211	0.0792086947964158
-0.0471459857665988	0.0304602639373904
0.362951607222318	0.306410169772148
0.458838692825767	0.313302154341263
-0.0662995604705345	0.0425393889150975
-0.089701164719245	0.0659883804317324
0.00203889324352305	0.00139267796826256
0.547141082343895	0.543516751141776
0.554672148487964	0.441078541895333
0.640902763350433	0.574371233408769
-0.236774735189494	0.155131695864855
-0.452403297756562	0.357482102983248
-0.0782816436016438	0.0340349424524686
-0.415215846128979	0.290396033051371
0.902144256508809	0.777907034152571
-1.16572451016135	1.00219347788808
-0.99332283167548	0.968178404714462
0.149539091335888	0.0792830527690575
-0.294931207598321	0.186432268698197
0.676375194791805	0.578158842105509
-0.448788488623303	0.490036166719656
-0.180120305191708	0.125544768605138
-0.0701056394608293	0.0447558538598222
-0.93105449553449	0.678979526695757
-1.35895276693133	1.36693283323861
-0.31978122237563	0.148295979589916
0.26941325829267	0.25998925878528
0.140442051310278	0.0680077678137664
-0.0375829333869513	0.0177943119872903
-0.255575293751642	0.128733357395257
-0.703599179963722	0.568359466613302
-0.61862729111801	0.300331195278872
-0.193010085173727	0.103179342583055
1.04949426648492	0.516016321322475
-0.712728806758619	0.629889659872689
0.29567282683874	0.201700802432534
-0.58380302625171	0.421164322898211
0.350340160983669	0.332991920526996
0.529977526168851	0.304343681800145
0.283610852682767	0.191743856097436
-0.0690541393478211	0.030439598599659
-0.453364393215372	0.359208705036126
0.94022775369248	0.623834089793784
0.14574656539457	0.0876609750253351
0.254917269126581	0.257060670506447
-0.877378587294461	1.18793733324099
-0.0690331362599235	0.0440405168905453
-0.232704075926375	0.201328388578036
-0.80044063245123	0.438305806483529
-0.438519487364852	0.380627487990699
-1.04069464306246	1.1614212499713
0.842965717896729	0.764759125925113
0.0228707827681339	0.0133203834737851
-0.329729302016791	0.271005351454676
-1.09541509099278	1.37607328143373
-0.126160509761883	0.175867443120021
-0.26996123238612	0.416030909325752
-0.621786876352603	1.01515105965642
-0.173621579390443	0.20434489214503
-0.109669494696107	0.1133014006527
-0.146404811440939	0.156577898156576
-1.61812592307211	3.33030422518577
-0.523054701539672	0.687567180314586
-0.833521255256924	1.20639963442157
-0.501916923761936	0.649258496424402
-0.329771611600471	0.343891755932055
0.514834839489753	0.612574257862647
-0.433821055237243	0.499959076305089
0.169637226092627	0.144731299157243
0.203022301171301	0.20471481533724
-0.0383322965910876	0.0250222248299393
-0.441710997312561	0.418605065322094
0.127330031206505	0.109277408961773
-0.0877273258137014	0.0719669569750296
0.573277405785827	0.655090792154087
-0.880887721965075	0.96823925710973
0.266175068832184	0.21575018668308
0.167720870196539	0.12942130624264
-0.55894662252856	0.473158792797101
-0.440791160079693	0.423038563919869
-0.188595286932055	0.159831010989942
-0.990220810774478	1.00006607858045
0.0991420528454544	0.0771884139581101
-0.640319464731555	0.586337337362199
-0.0628805494460378	0.0477124924892832
-0.104569241340205	0.0773289793791715
0.0628148303975151	0.0411618721865707
-0.665630055523471	0.691640221686273
0.405729812126744	0.303465951124633
-0.306662636822052	0.249976621242212
-0.00467811950327385	0.00319502540477245
-1.37780617431616	1.95097845938386
-0.544246062634808	0.731730741745584
-1.04830085270637	1.4786500998201
-0.447609156327085	0.390430254072508
-0.792984491340264	0.74227020543897
-0.0564580208991917	0.03668231407973
-0.272155698850137	0.304195474476041
-0.294859270428372	0.288597999168675
-0.17236905854401	0.150071833345444
-0.0811616306212321	0.0516961289203261
-1.44329124192314	1.95777992522345
-1.08147773440919	1.13886157098702
-0.356083789475853	0.31230673832688
-0.637782100680011	0.577351032647727
-0.125122911530544	0.0745318376716825
0.431618686318996	0.309749340567542
0.597313621259238	0.449213256267703
-0.779899303704655	1.04012704119059
0.824465392456776	1.06692583149619
1.32803868564624	1.39097566471402
-2.03950305748764	2.06226459890494
1.12570815379491	1.31334550908123
-1.24577322832822	2.2678932075724
-0.0812827965516922	0.0740901540867272
-0.352670643366274	0.256025804183167
-0.114850803048949	0.0817147205828928
0.0894381986261069	0.0667468713158023
-0.717812875310671	0.613695193873864
0.139645583763781	0.051956982155219
0.172687181334902	0.137317487915615
-0.519987994192636	0.400442351469467
-0.520114197034311	0.402018746607355
0.405649244613862	0.413208085978781
-0.274195972508668	0.284501956682029
-0.349139550739075	0.253849224550859
-1.36753594370122	1.38950804571484
0.16281453264064	0.115930505180654
0.1536754307606	0.0994857099543345
-0.198599370935758	0.107278877149318
0.0206537272302079	0.0154832970147618
-1.33785047036409	0.844940937132569
0.138461595703972	0.0589126499238846
-0.288059839184742	0.184034684175477
-0.810531175785575	0.537096606613452
-1.23493169797254	0.941007419672188
0.140726965702393	0.0610240997598051
-0.394736737027021	0.313994838986234
-1.27121507482431	1.19231781223966
-0.406064318971759	0.286510373265804
0.113671373182771	0.0949381409940687
-0.0782816436016438	0.0340349424524686
-1.72952884530336	1.40059523636702
-0.479234244573413	0.3236625235905
-2.24899277296025	1.88394734587524
0.429523423339898	0.306569825715372
-0.489771697303745	0.42412826406572
0.247983371201785	0.273447735835772
0.140424627988017	0.119900428563093
-0.707147229903279	0.568560254231592
-0.874397694061168	1.43149342439953
0.0588395089835109	0.039495332135753
-0.496810386529367	0.261150096552132
0.16652968815083	0.101760424022187
-0.046377105159532	0.030413162564742
-0.885812836455631	0.903029924165407
-0.808490528704321	0.775357414772379
0.820889438208126	1.15434960339454
0.257801113676174	0.248363017178408
0.254195114287668	0.249919102857512
0.821745433142613	0.856376950990317
-0.597753506653314	0.59654575329182
-0.741545848262516	1.00592707611992
0.0864643607763725	0.141656157553601
-0.0489770603513606	0.0704145034210147
-0.146110899732117	0.228469779745182
-0.0806365914436576	0.105876714106999
-0.152373932870294	0.191564300380594
-0.229092551574523	0.365985912393472
-0.4264649243033	0.790984982944561
-0.214280788635924	0.310120277466942
-0.554827080575492	0.874839137552329
-0.373771115438465	0.516926601359969
-0.317475365991386	0.415294487564104
-0.214641085002824	0.252976432879245
-0.607669959312016	0.959473346468148
-0.373226377390883	0.44837155376305
-0.286191604576124	0.316497290166234
-0.117772729906249	0.113693663470895
0.238942219323948	0.268319791753384
-0.299722906124776	0.342421334727488
-0.656574542493872	0.892784775379378
-0.534769867742332	0.733334195821336
0.179843316988307	0.142934858051416
0.135993292630411	0.122148988465537
0.460854282653741	0.5873042434919
0.113042592711341	0.0909603891767541
0.0194238034727805	0.0164556607995275
-0.342291991218558	0.352128146737464
0.441364251497287	0.433057740587902
-0.304803506201789	0.300858464481694
-0.737291231456494	0.776879256613536
-0.973389643023113	1.35194701478076
0.308167121515665	0.198377143781242
-0.496510884158945	0.566514228659073
0.270936712619017	0.212100309208424
-0.178740096677971	0.141340219030961
0.576872908864284	0.552640993986483
-0.360498674661545	0.293303500522908
-1.19980801065632	2.01446832697746
0.2672596325136	0.217213324627403
-0.629338129253895	0.517819968285824
-1.54064794835272	1.74820101484587
-0.264533151725115	0.264164844659763
-0.43460183319888	0.378412383699437
-0.411240699009397	0.418709794847433
-0.608631741432244	0.648961571908327
-0.561408256064877	0.72051542193999
-1.03850018053837	1.44704857375937
-2.17367190502013	3.695556002614
-1.37149905970979	1.77226019816884
-0.332822269993128	0.301773626278603
-0.546944841872859	0.651411091120924
-0.000652805146686151	0.000485271143414769
-0.302586917153488	0.27403718320225
-0.163311780923984	0.126909756756656
-0.26109410624207	0.221612296997579
-0.519094991642432	0.487268404385329
-0.389194866196918	0.370294213376759
-0.893832691448556	0.821143446547929
0.353079989317369	0.328186483019507
-0.465199838768346	0.303320683435523
-0.215824026141315	0.184244038195894
-0.322335998048098	0.314109975856399
0.00858758501260367	0.00587043953433534
-0.206466489275735	0.141232066758813
-0.469183607979375	0.476176109929488
0.418359854253105	0.511432181363361
0.406652820414911	0.321055598926826
0.856345482758175	0.623812957468084
-1.45541268165919	1.56509449382444
-0.973286776027408	1.30401058703203
-0.495404336758492	0.26109344581792
-0.901104576706957	0.843722146317452
0.0806489849032542	0.056710580729716
-0.165838236112077	0.11257069658145
-0.4085736940504	0.173333927319526
0.280657349072738	0.189466102616718
-0.545822061951337	0.739064273963272
-0.256160192570483	0.215338159677131
-0.476903433342283	0.322962998365041
-0.416113849452787	0.290533766310768
0.59512959289608	0.447188334148038
-0.542073371728819	0.458419585384023
0.327387820332594	0.344392806947136
-0.505501557960806	0.267016480955288
-0.708102275254742	0.566177546438855
-0.0704022569552877	0.0308662437822223
0.13096448496266	0.0390859273598624
-1.22872878133298	0.887817536812134
-0.12603970221444	0.0749194334525187
-0.318635579221969	0.263920742157957
-0.115005019485537	0.0836085492342974
-1.07735060143071	1.12547371650042
0.471121863941368	0.526806538208285
0.438893618500355	0.318487796509202
0.143607998997137	0.0752297244354971
-0.277668124878964	0.173089083032829
-0.249556734787374	0.164255078258225
0.125681624662789	0.0430946049318035
0.896408736609956	0.772303852827147
0.114357372428595	0.095719964688724
-0.46079847767703	0.55033437085004
-0.911128086409494	0.764160717631666
-0.413475702147943	0.234305996319089
-0.407019638437329	0.28757501211355
0.526016429846626	0.439442071437616
0.880641515375543	0.885590274508685
0.0309984036789852	0.0176808584831094
-0.00170353419475555	0.000722384852363129
-0.492534141959404	0.558445312450416
0.259455571433221	0.273465735751664
-0.628557608537347	0.709510237760538
-0.490248787117089	0.426529299304369
-0.218560405213943	0.185564114487035
-0.392334810126008	0.378292304494416
-0.0387831783029067	0.106744364382284
-0.0820769050475111	0.189712826499129
0.0688509790844322	0.13420961655595
-0.0341286985772152	0.0587418798612996
-0.1885550747122	0.38356978823472
-0.354784900748719	0.78687055905128
-0.0640373082256517	0.0945163408680178
-0.161221450001668	0.240984485487699
-0.106887505776546	0.151816091240147
-0.189550419415288	0.259040714537772
-0.636582503321419	1.51179681581516
-0.611487357938869	1.22738563287901
0.000398162525002802	0.000396521887710127
-0.130986387111603	0.161271113449823
0.222624463776508	0.291803984927718
-0.560465744457608	0.868562989116467
-0.369619784086406	0.559310119109443
-0.273380996897534	0.319868975319253
-0.692791532673148	1.15890691151802
-0.107947202999785	0.105154487038928
-0.207479115146552	0.244286503790253
0.074689630148547	0.0643956586446964
-0.00480819661745251	0.0041969135768824
-0.383045655973452	0.465592207443879
-0.781058833841514	1.18250362824259
-0.239399174880639	0.262096062337686
-0.495416356287433	0.618356766400323
-1.1092569023084	1.7452245211748
-0.117671211242723	0.0972051462525022
-0.747435807301162	0.965755942924712
-0.359109674710018	0.349098592998526
0.348498409694612	0.31901180555945
0.25967727984512	0.222773626732615
0.186870180655307	0.16350424136487
-0.118099272463137	0.0705556089143945
0.175827192754498	0.156007795489166
0.0805139080576843	0.0570324233140432
-0.394662891781488	0.405052615650422
-0.293919582074982	0.285722919129649
-0.355443342880021	0.31906555656461
-0.802607574941228	1.04410753670821
-0.51554117209127	0.478189349257286
-0.0719479233225921	0.0461734489318922
-1.11402949213226	1.34674634746692
-0.22621041041782	0.170912431393228
0.168039713853193	0.108762851610879
-0.231776404938921	0.200486342295205
-0.299520481284252	0.275359615141705
-1.3596608632509	2.77928593862547
-0.354295659347883	0.318577806460479
-0.351280278849634	0.28612445894329
-0.513449022503978	0.477491960413248
1.36045360186355	2.17739659399979
-0.159256457532261	0.149905979356033
-0.6492374509243	0.839514415562042
-0.544214358367289	0.459568638119723
-0.586612357170357	0.427416007768383
0.169790989304854	0.120625225208848
-0.816558789136288	0.827579693866239
-0.396988437522303	0.384720537475261
-0.801260588271039	0.944292171910706
-0.422839862063535	0.399717149159272
-0.388011117728686	0.341991249889362
0.0272541197449728	0.0158822695069258
0.455733435528967	0.515754589863879
0.71566319153819	0.585203228242389
0.531695727676946	0.445181978885097
0.0504920813051639	0.0324337762616059
0.0654613905606099	0.0439124050189626
-0.0955810012465101	0.0589933217770468
-0.195237098709165	0.168274315096562
0.165645290965128	0.11306396016533
-0.170292016940537	0.11611489579155
-0.402478229042713	0.279636581780875
-0.337072163853937	0.202477837185019
-0.356514976228857	0.2556354645861
-0.617174708993872	0.513452958902696
-0.52174180863086	0.397162529329885
-0.370414327681218	0.42486500507781
-0.797684186836214	0.755783256613315
-0.0910225203515551	0.0558357964626722
0.526154526010833	0.440624866823859
0.315747864907203	0.189531372077098
0.25336685232525	0.227079112306993
-0.468246159879198	0.31153014979463
0.491659639783761	0.311147172248629
0.310447862712579	0.188035251873523
-0.371195854454092	0.109335251451445
-0.105597343137412	0.0425807284097046
-0.493564392932559	0.257615998968802
0.178617297090538	0.146583864352402
-1.16898013579873	1.00157971907127
0.599383328984205	0.444165409826079
0.323309155901564	0.319382003762259
-0.0946188903672489	0.0580003243077505
0.126329806775911	0.0429818238760102
-0.515998248834532	0.391314477633321
-0.0452604458777549	0.0214651803128482
0.416866947978875	0.314320405778168
-0.808695661844495	0.630791468775629
-0.576577103676621	0.651210776128509
-0.784528049360697	0.954133228893004
-0.159497857965373	0.0897931380982848
0.949854949212482	0.91971383624007
0.729316300949969	0.706705428849636
-0.00461861062312472	0.00222435927908167
0.459166174982818	0.418628299830591
0.0127767986428301	0.0105473763052137
0.347637396211056	0.333034689407669
-0.00587187170508604	0.00398464106256869
-0.0108969350849488	0.00750147472467374
0.307511723696119	0.198321836034693
-0.64539670233654	0.621076610071769
-0.0534328629057282	0.193311319617689
-0.13803912550326	0.544134222679214
-0.0329955345484307	0.079820037806833
-0.205398341564237	0.593600387537054
-0.345273241860192	1.12473177141986
0.0896802798926691	0.164219852244289
-0.0815083643282375	0.141388311752335
-0.0880815188207078	0.127458933661799
-0.54439462190328	1.52690646926416
0.158610134214698	0.251423901127701
-0.233152563089071	0.352541165119584
-0.337872230388205	0.61051878319186
-0.405188378354783	0.764664301103704
-0.573135757473637	1.27596553443517
-0.385557814181087	0.595458165087596
-0.452778713548696	0.693706317655013
-0.565696545869521	0.929712865946564
-0.726964751037242	1.41057122113555
-0.591736689906417	0.929343172449623
-0.666319756748927	0.997315034374621
-0.193180047428835	0.227415341177042
0.186511762585839	0.217444576651461
-1.58412328081477	3.44222176754726
-0.750670878554887	1.34134268118084
-0.665721692772334	0.90673993764171
-0.51851553998941	0.755052491058888
-0.664061580796896	0.943693198915318
-0.169954027025994	0.173676714266352
-0.271243268986405	0.262464241457832
-0.484606141210227	0.482459038878814
0.320683284059734	0.34442429379252
-1.11249917018916	1.32474078581576
-0.562961209681404	0.704970092172443
-0.391924976639775	0.438259878172892
-0.348637928594413	0.402399760885635
0.0247514657842981	0.0189218538393236
-0.0978072771178252	0.0704697363849859
0.49097382723899	0.521044916359513
-0.595253702695061	0.711306708126864
-0.0853596539772523	0.063686835051568
-1.31016472351554	1.96799630275834
0.347494269480273	0.332083853585798
0.272652904932558	0.239813574471573
0.0852093294395343	0.0620767124543831
0.086667384246948	0.0598842593130431
0.437267061910994	0.419736024286394
-0.785154330916801	1.1495567333286
-0.666406834522534	0.721478497935225
-0.820190505853549	1.3328569737584
-0.854135480867571	1.01614145374834
-0.803279091606241	0.884027167688976
-0.254012793121581	0.215379791179951
0.514089385397136	0.535686853893411
0.0265026371302536	0.0152781548308894
0.433986758368127	0.42131891404229
0.179919856542116	0.14448446761752
1.16269881069465	1.64650210678481
-0.323632763442453	0.270757814010312
-0.79414197051552	0.862658561737277
-0.157095476646334	0.126215213478602
-0.00617042086462421	0.00421196028918434
-0.52509495718996	0.488125313156737
0.175113850486186	0.128767202080878
0.880980155837415	0.90832430969608
-0.493645103415183	0.422407388166374
0.531728421604161	0.307995628366837
0.957076675770785	0.924544141509831
0.507414969105211	0.436684298474825
0.152172959253905	0.0869748454143358
-0.475777989408654	0.318362554649568
0.15427094516165	0.095231317004386
-1.17204586869211	1.02261160618986
-0.3433248362235	0.207889828724093
-0.517476754113905	0.390164649736239
0.534480645275435	0.305631607843094
-0.270573823268471	0.204895884393283
-0.99068246026939	0.995757949389132
-0.562062091767942	0.357479174853823
0.14500900203205	0.0697312098145235
0.164428797034543	0.117244642996976
0.130053728780926	0.0611812507773156
-0.457145809968579	0.362647207276248
0.436996375146135	0.317883955363543
-3.77079928020134	1.52240203576144
-0.786487616780747	0.347673232944334
-0.2012194959164	0.109721249679616
0.844183702220178	0.762157609710737
-0.467814805311227	0.311039709919895
-0.0391525192334134	0.0256294662886952
0.642461967714364	0.457701154930157
0.151817091769128	0.0862802123233301
-0.0924709650652073	0.0568358064413287
-0.809039168532173	0.623885021470639
-0.896263756629328	0.830186952542814
-1.24978974237158	0.92471410890142
-0.500454394459263	0.267050239825906
-0.407760660232132	0.230798785951925
-0.632041089665166	0.569097300463321
-1.94439881379573	1.89001199299103
-0.30343811207059	0.225249077408325
1.05193126199105	1.09906569201197
-0.102699619460224	0.0631371159748909
-0.245846637533606	0.162238420508008
-0.798436186663881	0.865668172044514
-0.995369773844378	1.0009732868866
-0.00119189340318119	0.000460711135553343
-0.557595964520709	0.357589675212175
-0.341444703401255	0.207694344880535
0.178803691065559	0.133292001309198
-1.73761202185088	1.44317752284436
-0.103642073654268	0.189942531657081
-0.527360710777966	1.3602039817297
-0.609913100282974	1.53124073510073
-0.172717636407219	0.250603211755412
0.216860796821259	0.343199344443468
-0.13376740501866	0.184964433644509
-0.502472940714924	1.01161763542073
-0.228018782464692	0.311234233250285
-0.60083241805001	1.01087318572696
0.0287979805802093	0.0284607097755039
-0.442787211568109	0.643335938620984
-0.0604870612408088	0.0589627779074242
-0.565408414869125	0.797715268244841
-1.1127953644441	2.27655042160941
-0.677912981222034	1.16690502977316
-0.442214602978882	0.519320851398642
-0.628339759695738	1.04528434394242
-1.04228201990918	1.79181052100938
-0.385896556648014	0.474434683872786
-0.274078072641895	0.311389020837395
-0.701189891087792	0.958955200292819
-0.513429578087686	0.534868667646166
-0.651741875735276	0.911210216557449
-0.0926257143033522	0.0839819640081552
-0.500649190630565	0.510210263589323
-0.193446278821604	0.177315074765887
-0.502246004941204	0.573637164126617
0.26810711679947	0.218122627282424
-0.322428040525679	0.291795977237763
-0.39154722753782	0.307929858968238
-0.111987669440266	0.0989569806443508
-1.51098365096475	2.5716631101522
-0.237121722359628	0.219608975545996
0.0926965663807313	0.0701861853110862
-0.612945904241256	0.645228782560019
-0.362637948038816	0.297972091422907
0.830124835085002	0.96651391575212
0.17336023657998	0.138497082613741
0.261464601002401	0.201392737032942
0.25626436186278	0.252781980849686
-2.36654884435286	4.42951316297791
-0.722971543765307	0.694653180956008
-0.479706218714629	0.517948310760652
-1.02779208100351	1.24942117813317
-0.89825205360213	0.825930236295509
0.667887540460796	0.575588659737
-1.05137389445817	0.842385662539471
0.984706367466787	0.795280782790032
-0.599661301645481	0.440723930365163
-1.61854155265066	1.96015542065558
-0.245237435602416	0.207362116027076
-0.810286238481494	0.843465558179776
0.0520153149409235	0.0337536837966562
-0.158475091421795	0.089756642168927
1.07432896269417	1.3636931849478
-0.477852980022042	0.323491202343481
1.76312554264291	0.983379816331489
-0.323049946155294	0.149603675412238
0.643813254743416	0.445538229364734
0.322209078044593	0.177014665387425
0.384509989658748	0.174899135225633
-0.0713229534329393	0.0316305852915741
-1.05275386806981	0.833835060812063
-1.336943511402	0.842850854177151
-0.620077996845323	0.517580973559118
-0.81261066413809	0.539297974588395
0.50457577546401	0.182045166120913
-0.0447950392437661	0.0212992694803311
0.851002523605864	0.61885054519773
-0.499059236703051	0.264809008708048
-0.57506614333229	0.534722225991026
-1.054453067408	0.852024280234939
-0.565833760137085	0.3532201046442
-0.93572742205113	0.695015837553524
0.00189991453035735	0.00114082827937408
-1.33453625321977	0.832237545532725
-0.195604214261275	0.105313032092749
-1.84364570734871	0.769128563045154
-0.806502080189399	0.537777593603957
-1.16031568224143	1.00334257488319
0.436639527033103	0.171112396894447
-0.0916450607985514	0.0571753651486745
0.311830625225473	0.187014416819899
-0.24886804239255	0.125392435615665
-0.0111484720696582	0.00576474394597118
-1.09289419087239	0.709139713065563
-0.56448038715304	0.354102810655429
0.0560171322498679	0.0375303442600683
0.163861897962387	0.112617733562153
0.156161189583519	0.0892547567089156
-0.479444730778224	0.319969733402848
0.627521284902501	0.560997329530914
-0.0398600568847925	0.0191310443466897
-0.710310550261017	0.565548465418532
0.31339607148508	0.189734070279329
0.128409687155751	0.0434818348029356
-0.276625441647522	0.701657511484344
-0.176477058636675	0.363802851151623
0.0467341625736363	0.0767142839223216
-0.15670056628279	0.29096654666917
-0.256419450709974	0.508634064097671
-0.603433522432848	1.45415193512394
-0.219594796064665	0.399159006191498
-0.206152613902012	0.364686808897867
-0.139149984381707	0.219458890832122
0.0328019181506102	0.0406419550682332
-0.448364490847643	0.837796752319511
-0.208201299488178	0.306881543396272
-0.194308803969767	0.274635900081865
-0.285789924557003	0.450668707544856
-0.817673717112557	2.19181943853251
-0.303616447249608	0.464303417486423
-0.29214530649458	0.435932527499586
-0.69509961574232	1.22960765879197
-0.530048614783301	0.889946659480114
-0.13220337660364	0.141841245734604
-0.204247005437353	0.250717032931174
-0.346010506058811	0.418119554124704
-0.61584784088638	0.994759854815884
-0.582363258453463	0.880642871589306
-0.194094140829172	0.18184910532847
-0.488579614424896	0.672377848802103
0.259070286027624	0.304414001311236
-0.26936422022823	0.300037692590792
-0.142195884206338	0.144066332461211
-0.0280035594453605	0.0219644416873269
-0.543327231462069	0.772170521578022
-0.325771738471607	0.414245482999672
0.0488551306120943	0.0388035472091783
0.366712031178258	0.448992397335552
-1.18589378162044	1.86463102751932
0.153260561433962	0.158274612705667
0.77941956137582	1.09254022961189
-0.433847622061589	0.417430199199148
-0.191142494389432	0.176433786829183
-0.207309474732356	0.209342345169629
-1.13261736017957	2.35342802605213
-1.72244574368667	3.09672045117434
-0.735484449363177	0.905887550631795
0.0154015750550358	0.013446803237175
-0.617422761278901	0.659853711054973
-0.21933652650994	0.188275137718843
-0.49226148264146	0.497244322307149
-0.442095307468812	0.390306414562105
0.145070471664304	0.0770823206870093
0.786041022303261	0.8440754120672
-0.345929156162242	0.330691549237528
-0.390424412884781	0.343454254430891
-0.704206289360632	0.554048983392866
-0.0977015836885173	0.0607425336394113
-0.0945282551842353	0.0584968474545628
-0.202217213227695	0.108957675811769
0.0437395035002725	0.0268324133137512
-0.0714772694932758	0.0310879500790983
-0.00444154837466583	0.00243305305692949
-0.413156556914363	0.173908804707241
-0.11366904227828	0.0456837591633765
-0.405530795212908	0.172425679747037
-0.0782985869555652	0.0498227075540243
-0.353734465292175	0.28975773166855
-0.202946926780212	0.159061336209277
-0.274421091833265	0.207575958714853
-0.463079266793461	0.360469199357734
-0.347704044254954	0.212283689184419
0.287374235270042	0.208811818165762
-0.0903803054237599	0.056062372681845
-0.00994520308119814	0.00513755955534786
0.886149098729338	0.47655884135074
-1.53410400116445	1.73461282599157
0.00389536904872003	0.00216230584257418
-1.28508212947871	1.39894630965853
-1.19999120640557	1.25979342287411
-0.0591681695791699	0.0449837189215016
-0.698885060246812	0.56092701093542
-0.935685769213107	0.68876517580925
-1.54639876708013	0.566309129661381
-0.26057259326199	0.195824371864504
-0.622923161073779	0.517677517334733
0.00413244195588453	0.00230673052798434
1.34759763468752	1.23211173013624
-0.389867846087206	0.342874156307838
-1.18092925200274	0.674823559358097
-0.705402314231475	0.574624604160404
0.0674926895262622	0.0455067790148616
0.167705036374546	0.131816896141195
-0.290656652127761	0.265488685712355
-0.631422223282606	0.564885706868039
-0.119724417628116	0.086923592903126
0.442257325707278	0.31893276095542
-0.0346593381415257	0.0164955821844399
-0.795224642067065	0.422633564819727
-0.792573943209875	0.742563076902657
-1.84996934802471	1.16349544952353
-0.243975335593314	0.577268986516258
-0.316846762244126	0.8336448957727
-0.281263318736642	0.636349104710787
0.0826902695070124	0.142470104297529
-0.331765935218867	0.804724956299776
-0.596938379870082	1.65714439147195
-0.44520153856472	1.11304536218567
-0.316238152202004	0.634979261504084
-0.433961842942703	0.897877005785222
0.0639697336634324	0.0860845782609647
-0.420494474486473	0.808225596346086
-0.34495167003973	0.598763985518579
-0.303920952967633	0.480398758202572
-0.626978738410258	1.33096285012348
-0.453868212310662	0.832127002149537
-0.670973018358698	1.15001254515084
-0.388256777417394	0.696699431239114
-1.42189335831244	3.8458160686755
-0.0154417500692905	0.0154831398340089
-1.02528014794439	2.42437284928908
-0.748651473059537	1.32558300603101
-0.425245886469601	0.630515314414519
-1.09765502025215	2.53376868615584
-0.994471291488594	2.19139116069456
-0.689290972885848	0.892593737659475
-0.384219804002793	0.504735224798559
-0.773224151675412	1.29136996613978
0.111571149086995	0.0894494998508629
-1.01057109943558	1.78333652873291
-1.44114917477804	2.69102967008245
-0.79397077971405	1.20747951950057
-0.224603129244868	0.237913202658003
-1.04101048561664	1.63060122535407
0.558567901912724	0.730779948286368
-0.0542086696719354	0.045172756844783
-0.193758912279266	0.166982809244904
-0.182075417814411	0.144528876860922
-0.680743894284605	0.870791426804102
-1.06695563074929	1.61696195490607
-0.786849924271346	1.05410162076341
-0.840942868996124	1.31985502262686
-2.02671154235547	3.40981389236845
-0.472011255058963	0.450357823545987
0.021616029562741	0.0157600398505369
0.41252252217559	0.312085692248862
-0.3239663772449	0.270434827426927
-0.348886179621886	0.211506883002191
0.388564435461683	0.305183957903322
-0.333853163689348	0.197450468825507
-0.312147914476631	0.258711812260297
-0.918947945001172	0.766662499686975
-0.541486546335587	0.211448846736342
-0.662339606923988	0.391371871977808
-1.17338013385108	0.66292239693592
-0.543056334197231	0.209032054599437
-0.518495808002823	0.399344962178855
1.34257115161285	1.21685931257303
0.0498376988626345	0.030395640644246
-0.999971652731192	0.507634661620305
-1.73876355616469	1.46138711894212
0.137766732458496	0.0703438604047656
1.13778624689773	1.12278443087828
-0.341004024726082	0.207470094658258
-0.209507552342811	0.111998329609651
-0.31644252813068	0.145040045583937
0.591695148558896	0.310575583125333
-0.476556274514912	0.314797424269762
-1.06540668873836	0.849442096105038
-0.721882112897098	0.618951924011882
-0.617925109222887	0.516079958886458
-0.661882795156806	0.397805413178763
-0.238409062338936	0.157667707287191
-0.312014186846881	0.231284667417479
0.431437248761053	0.304622441981206
0.164074985965274	0.107179172888905
-0.692452689030334	0.490361969557598
-1.16357071600373	1.02791762261221
0.164616845177258	0.107421016673631
-1.85285072335342	1.16125082608182
-0.289247972051651	0.185628517462437
-0.969191051538436	1.0372533308507
-0.169404702116666	0.0950902596160883
1.10204331079943	0.819166713368121
-1.11134731449366	0.75985781831817
-0.754981310507553	0.259853428594
0.138547275345784	0.0347818496624983
-1.84784364391765	0.772704223124906
-0.282721416420134	1.05353347150699
-0.271087801141739	0.90777537104552
-0.0713244968125147	0.150100306512554
-0.205571866882717	0.527965269548171
-0.290114238465462	0.722077692740677
0.158053382687836	0.301696368323285
-0.424024644623839	1.19763333358626
-0.288345513225171	0.637400026261839
-0.0875552747149503	0.151095725101199
-0.352088632567224	0.716327015915945
-0.485541254380547	1.06347244064329
-0.576534405725429	1.41211111277905
-0.461958648807191	1.02969130910023
-0.54234645811838	1.32074213865978
-0.529511333247084	1.11955597374233
-0.322654361095259	0.537612784902904
-0.795778779990522	2.1287927461834
-1.11187425653222	3.05090652480868
-0.785875902498838	2.04376569426237
-0.877350551225571	2.1067411066766
-0.364881014524846	0.566635915353316
-0.46147706582575	0.800614332685598
-1.02979294063197	2.4544080342362
-0.378664251219712	0.538384802703502
-1.43622522406356	3.99909555005103
-0.722178322239505	1.45757786802521
-0.338386160884812	0.39593739043973
-0.322169821263397	0.395013288966153
-0.202724652939586	0.246154990395726
0.0922624892360845	0.0895956292050943
0.0799609113430537	0.0708980165827291
-0.743530213981563	1.21129997430963
-0.220159925583166	0.26929448208323
-0.633919571356133	0.955119586173782
-0.639747174738506	0.824928939044574
-0.458897144632422	0.605455033765189
-0.877158728399495	1.37580937463719
-0.239586855261499	0.274217696655001
-0.380512619429129	0.439141337995377
-0.338065036143193	0.395039608458356
-0.782065412313224	1.18860967122677
-0.826271320008711	1.39582052518088
-0.935302979470272	1.7031349964068
-0.987372813743805	1.47442864385666
-0.592801679906698	0.705560623495687
0.396221885005887	0.405121074774794
-1.85634763335014	3.58407222848223
-0.752515926410432	0.824771114344013
-1.35372580424466	1.33940892473881
0.152261889675725	0.0928552424187236
-0.724249113156892	0.640164721816382
-0.80017211431455	0.606814885264498
-0.0977015836885173	0.0607425336394113
-0.168516553488865	0.117630658478176
-0.24664863222379	0.121996089974319
0.672596045968309	0.57378514038371
0.351361296600244	0.176270709814806
-0.994599436231693	0.502339226369883
0.305996693927868	0.198613064567776
-0.420578796773924	0.238809168948607
-1.17763379829055	0.667096746662102
-0.730620217146311	0.768567560803298
0.774018447330356	0.724433954927185
-0.0134545115707264	0.00688145081559113
-0.0462605556505131	0.030153242440495
-0.308378615287774	0.224476976101398
-0.133627568630616	0.0959975302873949
-0.803923232838935	0.689273988551842
-0.456103822460294	0.358825813278982
-0.713700143464221	0.627204130634718
0.640135479810563	0.448375378675753
1.11140213044674	0.9930404031603
-0.0645166088138626	0.0413025128093346
-0.244190797351914	0.0812410173227275
-0.0974666956131165	0.0807414570151161
-0.719839990944483	0.703213861769624
-0.0138969941723147	0.00709082205539408
-0.106851384601286	0.0429754283978586
-0.324011079759803	1.19480654183981
-0.256970011544665	0.716446024491493
-0.310189632168287	0.87320613413157
-0.298213815674867	0.791776228426155
-0.182647014597892	0.38669661185105
-0.520377118104036	1.68335367302691
-0.378842969920122	0.90349829102562
-0.734460649692878	2.17708323045566
-0.367896310238225	0.804970595151757
-0.449384972435283	0.944575446678341
-0.186929536888057	0.289327376888642
-0.426984886958029	0.85297521714347
-0.151944472449884	0.23008639454097
-0.364260920955526	0.608238772377853
0.178739397675598	0.253398009037724
-0.434601435201916	0.766759777647383
-0.672039831097432	1.26911940297728
-0.970699579519234	2.46807865094475
-0.720867519905073	1.36879709467752
-0.92178267005364	1.71985352830392
-0.331236186283543	0.498227250329925
-0.410516202294657	0.697735426378927
-0.351459594393268	0.44662368569486
-0.936544118244243	1.64383606484387
-0.543722334817068	0.801274103125889
-0.299653286389938	0.334215581121667
-0.893563324738503	1.80560705057559
0.461445388149407	0.610057160641035
-0.0686429348184037	0.0718500639804898
-0.158024326026566	0.186556580716994
-0.488922932460527	0.662003843337628
-0.486846166083986	0.583138103528612
-0.49190113009816	0.665443078033625
-0.225652782776363	0.228047300783971
-0.867140799092786	1.012696809056
0.111093942531853	0.110635927597721
0.25438242565533	0.240115372846601
-0.75124791469861	1.30226360242723
-1.195116670288	2.41714708874298
-0.600782634230799	0.750043340605841
-0.200351992971801	0.173290176400316
-0.737983674922249	0.86996982387892
-0.549095449908765	0.469417141962065
-0.808695661844495	0.630791468775629
-0.597994495314787	0.600573871219012
-1.01104345149606	0.90028077997407
-0.416171001082407	0.235443846080219
-0.166805933509905	0.116278843607261
-0.396745385958504	0.272914992175823
-1.0496286246901	0.424665511117971
0.147857342322308	0.0778898831199726
-0.207085743163906	0.13884476859505
0.164812016833844	0.113131578121607
0.132599181295254	0.0681410316053692
-0.240229628086566	0.0794522230625189
-1.47503124129596	1.31755917723408
-0.348181016608592	0.252804008295711
-0.154330702289953	0.0886390410362512
-1.10645052099539	0.743022608450909
-0.0975446837041919	0.0807053889485945
0.84977404131781	0.619911459474802
-0.361353621971123	0.293193869233263
-0.0985807194540326	0.0610278963023876
0.718511226298139	0.59503164154729
-1.29727363256265	0.59787885796318
-0.360103548621187	0.32573625977812
-0.204818974217417	0.108602277360317
-0.416646943731306	0.238040746846936
-0.42495764783539	0.238472825906599
-0.295262796159822	0.284025420283739
-0.285437561115016	0.237761191512505
-0.160874584649469	0.127798814504624
-0.121906082425397	0.0887621454390324
-0.911055038558828	0.763969246541355
-0.160823989753914	0.333282055559353
-0.186387897638562	0.413939197968395
-0.332615412668499	0.716046351479356
-0.201488580048767	0.372154023051624
-0.521534963672541	1.34106237198192
-0.671609024726693	1.931572850205
-0.463643302589718	1.0839561315644
-0.616281005319169	1.41496919877652
-0.127319098913195	0.179468843701321
-0.247665151296971	0.416782637131094
-0.495699056886053	0.964938213106033
0.682191739849899	1.21293717520531
-0.956639574416737	2.59291526890738
-0.22606628767326	0.309313663816897
-0.0535997553310816	0.0563516316870037
-0.351424922051013	0.482358623942259
-0.258472550302971	0.336171506662868
-0.355332899044005	0.517477925463797
-0.353050927019684	0.4483872993802
-0.636602871303972	0.955665862314913
-0.227520453229866	0.248111328176279
-0.486750396163008	0.763552009402623
0.122848877998194	0.127277138432205
-0.919876932780921	1.54328536146443
0.154828514293244	0.157042069770024
-0.144425301721494	0.127070281730582
-0.235077308351914	0.276311311828126
-0.140315168311416	0.130164488925443
-0.711616952576045	1.08291397168245
-1.75598554310439	4.25475236865722
-0.58560995637686	0.686201616265045
-1.31971252232116	1.91630314669071
-0.382374048192536	0.419371410313746
-0.351207479953889	0.212395248436444
-0.401453979020465	0.324769568342821
0.159239310355831	0.111853988333559
-0.00109839730064021	0.00042524957467258
0.31715678436295	0.190800769055766
-0.131318138693572	0.092028762513313
-0.452949651842904	0.358429625401166
-0.0372392329198524	0.0178452615371284
0.326529817668824	0.178820488554504
0.531248802533324	0.306348892936747
-0.803934962595986	0.525590781083831
0.926974875419701	0.246284209674963
-1.33746798753813	0.839847406516707
-1.00004343295768	0.480327656880215
-1.61254707953108	1.24727482283296
-0.437710361436406	0.372634736337436
-0.0674797705111474	0.0429273274334386
-0.594972598091896	0.431012246758428
-0.616826181103668	0.298743422605975
-0.516541327593211	0.482113718042995
-0.397754747612905	0.317859075460238
-0.130750797156962	0.0780260389136251
-0.386348189566633	0.338052048893059
-0.354236004807631	0.249255637682704
-0.736270262207457	0.706821445456879
-0.100194745951081	0.0741690376049392
-1.10507848064896	0.764672701159103
-0.31590364222751	0.144148629461983
-0.623464707996469	0.516422159428317
0.250090063821424	0.221620901898327
-0.360365551373633	0.296399526982509
-0.205012374458355	0.159071784327823
-0.258675111984437	0.643559164475028
-0.28825202555484	0.632062453724752
-0.452132247323929	1.15398623877548
-0.884680336342079	3.05064345227088
-0.33523458102943	0.571089491019056
-0.627110527787614	1.67476042076267
-0.576735944822743	1.42592749923264
-0.351758654442215	0.611149953235845
-0.0566037954836802	0.072230412688972
-0.220737254191905	0.317261459697488
0.326623199411643	0.509857085634702
-0.096337317661268	0.110428317916448
-0.795509248400368	1.37868414936034
-0.235900794118116	0.282360270117271
-0.558985638398123	0.818739379628799
-0.625932282040307	0.909615116340155
-0.296416379154449	0.368174832286767
-0.489430697463093	0.746833007443516
0.358646555506048	0.426885571686251
0.307109182571231	0.350788920465382
-0.128290191777897	0.13289580834419
-0.184426484163393	0.206676497431281
-0.42749720539238	0.410677498099827
-0.708758642088991	1.00671622181822
-1.02981094375609	1.43941450066228
-1.19437582464764	2.4080101047177
-0.173038425162214	0.159701995739713
-1.61944408488345	2.72224245594294
-0.323202554045473	0.292766604307533
0.301080730691105	0.323086051616258
-0.462653502865885	0.469649881677992
-0.408223551711478	0.231890775381959
-0.196533624504767	0.106062445697821
-0.637712113300353	0.580021844261689
0.0200609024284971	0.0117411226140139
-0.165438415126137	0.115465067626179
-0.555701512189849	0.475639711255016
0.157733853719411	0.107148464803638
-0.0580705283552818	0.0435376230356694
-0.241840209542203	0.080476940077082
-0.61104792032169	0.290472756797637
-1.34682812941375	0.848562137969811
0.944061568891754	0.934884790515616
-0.342603779578255	0.20652057983122
-0.110876640622088	0.0448924725384674
-2.13010076096061	1.61916282191402
-1.33880473001178	0.821422420702153
-1.56945261047335	2.08232460731147
-1.18919854153712	1.59259736363543
-0.23157063909197	0.147586602291442
-0.256540738172257	0.129565212146248
0.874572286630524	0.893384655745637
0.868145828377257	0.87188642033978
-0.794504196979741	0.43154098225281
-0.241840209542203	0.080476940077082
-0.202848577284863	0.108160420745389
-0.901244872638084	0.839459038886443
-0.499916707775173	0.507319158193676
-0.0779346048414583	0.058431902000271
0.591315525607162	0.31099750979726
-0.0679025451070122	0.0435073632912206
-0.402187417108746	0.358457581799822
-0.221467569488627	0.406429717659804
-0.413979037892062	0.942000174407175
0.394784588011	0.688656307353492
-0.311405399448825	0.486980944473124
-0.0624004413032307	0.0821791170235449
-0.00311140849780033	0.00363283298435174
-0.699372386963161	1.32726635202959
-0.33610789097424	0.526578325556733
-0.679806095517832	1.17367620776132
-0.345134961334501	0.522141270200366
-0.369417807369979	0.556582525180992
-0.198053248304882	0.233187970990555
0.417521547672725	0.573694980948558
0.13015282983415	0.144192959528521
-0.197421364764631	0.211689846982027
0.192796144619108	0.195677529339593
-0.247010604987844	0.272409829206319
-0.552761974341041	0.659761412994805
0.308910121127077	0.334569828346106
-0.56413425553688	0.909362272920098
-0.537122436650028	0.703213692822889
-0.342321415841841	0.324464672878042
-0.114454235529228	0.0830595032985783
0.359987246264098	0.328288973849627
-0.491514732762148	0.496316083210512
-0.343265155807729	0.206758740837707
0.168673878100741	0.115808043251792
0.0014913095561203	0.000903235572124655
-0.427329103644736	0.403594472877907
-0.324845088896228	0.291208428765553
-1.06175600705216	0.856588555308066
-0.129440905110325	0.0942062997238587
-0.907060126854499	0.851504678089542
-1.54134641011664	0.564552208534783
0.354187440654215	0.177079220981796
-0.626838523946777	0.302387554560819
0.494540127179797	0.311025746306465
0.982392763471983	0.785081240704244
-0.0777895311604076	0.0338340745776816
-0.991555896170336	0.495824086494421
-0.994380561850817	0.502156564887953
-0.447253823289388	0.34879151573498
1.01711804850412	0.958489221912942
-0.720709660313014	0.74964945321544
-0.807422186537579	0.537449965470399
-0.197408107870549	0.171253308052229
-0.73275930534433	0.769735151642838
0.294190166556888	0.20215372426782
-0.153617531342245	0.109856849842685
-0.262798214981135	0.197365920340476
-0.287383462931274	0.180976044133718
-0.201954979534225	0.108731888383594
-0.485590554799177	0.417229821724547
-0.211282954847215	0.344827888611455
0.106717708047153	0.140289656825476
-0.26447499095342	0.419465246087961
-0.0739815232931697	0.0934986402362094
0.133216767673185	0.172682773994079
-0.100467876117325	0.121374712052205
-0.0469802533494033	0.0538835887372462
-0.752087836943552	1.38155823803989
-0.191402627098495	0.238059887345405
-0.203773066644928	0.238792377160996
-0.665803497931349	1.15063137047213
-0.596639338957953	0.897712320566508
-0.0757533899398361	0.0820680311126847
-0.379440663668434	0.438463190663016
-0.460560152689526	0.682201978717299
-0.584379784223325	0.888115812779988
0.118940238489554	0.0994135289210015
-0.33674730324268	0.357244615097853
-0.0192668262422815	0.0176801356186528
0.118948286905358	0.107657888283702
-0.112375728782647	0.0990408815662104
-1.19888999183476	2.32270948148708
-1.22294369832033	1.81089483790431
-0.631308110260391	0.717154267097795
-0.718707040686792	1.0033379806097
-0.468278543268294	0.531159670843722
-0.700145318262966	0.558940084243664
-0.408869331927566	0.172287095578278
0.943393010322919	0.634729199011902
-0.289247972051651	0.185628517462437
-0.227112710438693	0.195653731415219
-0.655829643704787	0.644711371392094
-0.556417803329537	0.351146968784137
0.641431038909059	0.206705899790905
0.801899003991324	0.340962341726034
0.13269968256925	0.0511668869959815
0.0461585937904041	0.0281977564498298
0.588925059225891	0.30692713767465
-0.249087779716609	0.0821262723446787
-0.800915056203443	0.434119078401753
1.86190736321784	2.01944905797199
-0.403412697180248	0.322482155810473
0.264288459612498	0.228915369564208
0.12579814223175	0.0479313041151888
-0.302766491860584	0.22241103812284
0.153904862922941	0.114490800463037
0.0871469673295892	0.06392926774209
0.265791056327373	0.228255560267758
-0.685999068491238	0.488813504180967
-0.325496087962171	0.724025436268537
-0.0211652857514981	0.029559195796451
-0.213684160707288	0.37544974855912
-0.150011599638966	0.25266156589977
-0.432700553320426	0.850155480340017
0.695158206697322	1.79415596947124
-0.0272854719463473	0.0339152829885179
0.162771866411845	0.223184648404272
-0.53531484021268	1.0462000092898
-0.324570366034605	0.540029144416805
-0.218391495919492	0.315743377453757
-0.0672342657444232	0.0748226555162431
-0.171906426302828	0.213189437489136
-0.0921183691899558	0.0943073005930754
-0.130056067070302	0.155619170192132
-0.238141351262228	0.325671387081503
-0.0290689586793977	0.0281122147857146
0.0183873779818419	0.0204927702495137
0.257262641551854	0.324151187279884
-0.135248202202232	0.150870165958732
-0.00748288643091055	0.00653084785033424
-0.713397622970965	1.18712928817711
-0.339408807701491	0.431804359136552
-0.480353022626251	0.731643126960708
-1.25872157094149	2.51163933997248
-0.581006051732697	0.764642809102782
-0.252497309022547	0.128271921232759
-0.352264233988606	0.284967603459001
0.423523311270672	0.422741634567118
-0.177928062604103	0.142066000211627
-0.313147305735053	0.256821107256253
-0.200316330104439	0.109278514281438
0.132178724057892	0.0510702765080139
0.436810280017835	0.174151149289975
0.282869637445029	0.20297080434998
-0.129384124026041	0.0768983789491471
0.161158685200706	0.104075319604856
-0.602467710655536	0.441833481465011
-0.993283395004575	0.994861190146978
-0.172305702610193	0.13563640707696
-0.786802552827317	0.313839334211826
-0.0274565759433649	0.0129720929630466
-0.215391005547017	0.200726561284659
-0.575260293320422	0.53384791647304
-0.619128109744923	0.695978045894078
-0.397260170542194	0.842095641846241
-0.424975005480404	1.08575048905606
-0.357725680666946	0.737075850392587
0.17263503595174	0.272880808409395
-0.486162677636473	1.06195904705458
-0.0576585052336803	0.073091264996682
0.162266020810971	0.222458638372645
0.110389882903122	0.147043845344726
0.0527559735060913	0.0635193388907279
0.662085371532331	1.37475474227358
-0.303479248051431	0.39543101077777
-0.509071459267187	0.74030128991952
-0.406153776948471	0.507707082251388
-0.145969057419727	0.148923217926572
-0.138125570975305	0.149711059088868
0.216084251032143	0.258422016820777
-0.0927490319427763	0.0955625014652609
-0.915637763824495	1.7119518679946
-0.226866860561232	0.243943700234492
-0.264575970736078	0.28010164932075
-0.653485159130074	0.998910425396269
-0.300430173624412	0.30965122801062
0.203830820551526	0.235870083846735
-0.179857612990359	0.212420505190393
-1.00751765517338	1.87384967654061
-0.364059634515695	0.355262355215788
-0.642996197527767	0.806103530679168
-0.726371572162519	0.7110050971263
-0.355946960443524	0.258087120133009
0.156921430818403	0.0961299230142091
0.800989673487252	0.342067986972423
1.25769058712102	0.697929531497635
-0.211854729108976	0.112938908293158
0.866696110564094	0.865607967539212
-0.112699762810481	0.0451902475195628
-0.164717030217209	0.0605798459598444
-0.517411082236637	0.481183218788226
-0.617591144183801	0.513242235395658
-0.401999777386969	0.32405917074994
-0.995103728729991	0.504553850302314
-0.30353996874468	0.632154931377404
-0.129817102576021	0.185215171326062
-0.602744786426667	1.58538474084434
-0.0811467483862332	0.105225848533572
-0.425031195004415	0.821489164873082
-0.0198454623977271	0.0219896404776715
-0.0473914210112668	0.0621578333806816
-0.325236438213051	0.540411269143552
0.029556193125872	0.0306686000959715
0.437620683783733	0.692472583885294
-0.297095772325043	0.421416063123224
-0.587073162780018	0.921867539234018
-0.611433334397566	1.02632799268719
0.557526282337478	0.927811724307023
0.0596695138269827	0.0576929541761401
-0.444993481654462	0.588644714406111
-0.159970188944222	0.161892569499994
-0.512168947128567	0.674922218278153
-0.661398958314102	0.890420381634198
-0.0838716014755736	0.0751624558157014
-0.865088116541821	1.43906603350723
-0.325437970277839	0.424816716719322
-0.0853381847063894	0.0826983897061991
-0.783973733552932	1.19335859135419
-0.58985076645344	0.83319037037793
-0.535054547531145	0.607064690037614
-0.627509813793686	0.815319279101507
-0.730957122365991	0.813551171616178
-0.804674591846257	0.620857259696245
1.38925919511363	1.06175617003479
-0.396941388526396	0.273062360291384
-0.408686539412514	0.232520677170617
1.48275471918431	1.94327164392883
-0.272035630416644	0.204861078142988
-0.281193070303243	0.17470757956108
-0.874370864687414	0.972264075138707
-0.526491740896528	0.493340813834234
-0.657704687829218	0.643716273563123
-0.305825463505934	0.227713939256203
-0.790481876212766	0.354530755409143
-0.499964034004833	0.26622714835866
-0.639623651448592	0.581637646404673
-0.15062948066047	0.296336621548718
-0.169986173947326	0.291157834465978
-0.315830669564608	0.686275936791627
-0.3467672015901	0.795026013876484
0.215211980577858	0.398834531962085
-0.10455286537448	0.14701575147886
0.184692845927607	0.274132942428342
0.304483678945795	0.493148134400395
-0.198601738147788	0.276929834689549
-0.071713055311397	0.0757457831732701
-0.43134178152139	0.701025749050594
0.347305032794704	0.416341320865055
-0.0452434340021715	0.0496021458089272
-0.180278121177736	0.210713353484183
-0.109525618284319	0.119592215824388
-0.329520744730798	0.454276282545011
-0.0741283764070167	0.073728541664214
-0.0858534918574772	0.0839265811219506
-0.421781097183495	0.5257719637582
-0.0563151473787566	0.0519580278912263
-0.378591527324841	0.541119236152162
-0.115770968821097	0.130115545208562
-0.137898052723582	0.14554817833966
-1.1502305042379	2.13398030869269
-0.151931225464186	0.145101552002577
-0.43529677832652	0.491854634435909
-0.734412943279605	0.815073437229365
-0.502435496963433	0.432448980398262
-0.064371503056131	0.0472619410915788
0.0492977413816622	0.0319398895404448
-0.166094693887238	0.115090317980045
-0.102801568888524	0.0411313310114066
-0.0499057848637453	0.0229197292079273
-0.358723816852207	0.292383298559676
-0.20387142558753	0.110017385877094
-0.734948346321851	0.775339498415341
-0.952706070991439	1.09490941262617
0.640658905761581	0.203950748563405
-0.999406115771593	0.508196794759441
-0.46543586689779	0.43709363118327
-0.331538126981557	0.76247192533529
-0.210445440601775	0.370074320126992
-0.26594006565676	0.50972485007191
-0.268947590996556	0.48951069586977
-0.255915389651274	0.503800318252725
-0.262473018250939	0.417247081904631
-0.266419455851291	0.396901689811065
-0.582444178643937	1.14108696282847
-0.181614145398245	0.248737239247036
-0.0861817504608541	0.102583494052485
-0.119716667153404	0.136912534988576
-0.364363138973341	0.411346128328217
0.406550805847609	0.596528976188628
-0.347087665412314	0.510418628947033
-0.227385723906733	0.244257045862585
0.204413499482495	0.240749000676643
-0.350067199198896	0.464470914708777
-0.0766104332830428	0.0730124522028928
-0.271357053476755	0.267199938484875
-0.204651654173231	0.22943342166326
-0.124420630667584	0.125188383636495
-0.160513560354779	0.17222481402015
-0.235636714721715	0.301459608453782
-0.924635821820456	1.44294963833741
-1.17736414516402	1.84255984273537
-0.477649599414982	0.571327177995066
-0.771522667456837	1.10320154802096
-0.436615938010757	0.414151679706712
-0.39638002333866	0.353666655418577
0.0680683976104804	0.0458176349487444
-1.29515834308224	0.603610157609632
-0.364275853594007	1.03026584773775
-0.232997790462724	0.500378155997782
-0.276964818076621	0.565360114192588
-0.19352443563162	0.341271519073672
-0.3419669447692	0.696180186461733
-0.31764998016118	0.608301446526244
-0.119875661735416	0.13705194096537
-0.537748248552477	0.933993377916422
-0.0595949985421055	0.0594526433064696
-0.219862567340285	0.280601490554035
-0.506666931869096	0.893525593638525
-0.183763112459954	0.226231049232048
-0.370513631149566	0.52126703198655
-0.63749392129048	1.00113711549604
-0.369273392153362	0.577995063220208
-0.577522938320837	0.95990733270732
-0.97492583850708	1.77939896025962
-0.279684543040265	0.296486525724316
-1.11176085970998	2.17994857205396
-0.514788904324013	0.695011470158658
-1.00386826989151	0.503850423142653
-1.17746409435819	0.658643198343711
-0.355614568303578	0.777520282431416
-0.256493616756507	0.481201676545422
-0.508213360190612	1.0178470528181
-0.232756160403693	0.303956930328204
-0.329636625170868	0.418532489224793
-0.136376307373503	0.14741569186513
-0.11890393322804	0.147377485226043
-0.791918717645028	1.21353662979239
-0.385451704835647	0.485311846610019
-0.407999690736957	0.466440236137933
-0.367270085888545	0.499729809523984
-1.20837106990632	2.98729533536247
-0.0481433541914142	0.0371435537246509
-0.682501300736958	0.812159910679994
-0.986505955271859	1.54447425529653
-0.525922788594877	0.656969394534714
-0.346388553983622	0.545520228720501
-0.51050792707478	0.955847514206306
-0.00598309577151255	0.00602579611746207
-0.235719973998922	0.32770042928061
-0.390361781527636	0.656391917792402
-0.431733512822413	0.636647511066961
-0.348921309230228	0.495658871912404
-0.49061017193029	0.71761356190386
-1.93046837561511	4.56299950864994
-0.901725092821704	1.50553873945297
-0.132441947564058	0.186045307139552
-0.307654581683629	0.530849657915839
-0.766377110400576	2.23029476925823
-0.655366186049004	1.17768827897521
-0.164703107491824	0.196476922495548
0.0529075558334014	0.0591483023487786
-0.697062895861942	1.46605992784078
-0.212141566144176	0.296597553701311
-0.364025311371897	0.54211602784852
-0.621458533125472	1.05945184956834
-0.297710746549519	0.393180733214076
-0.543102672480293	0.878548159101927
-0.452221554763998	0.733637770156605
-1.29044474659044	3.73739778994882
-0.98473669229244	1.75894771093956
0.252904935716303	0.24883099381225
-1.45313174126556	2.56477740191217
-0.532710365798643	1.3251925293987
-0.720965696420678	1.73634763949099
-1.01468087637813	2.32643436303422
-0.436991507428593	0.618657979994393
-0.232351361945649	0.298693529938336
-1.06242266696121	2.56532166194223
-0.535644911134235	1.19545313243011
-1.02697654214963	2.54340613942495
-0.554737431669263	0.668130779851801
-0.887375989281845	1.33341997489885
-0.499980322361449	1.37815731980564
-0.344261111596024	0.684024225621685
-0.265124687334884	0.551391304020076
-0.121045155139296	0.185001777663174
-0.650261240105954	1.57069986401559
-0.483491713729622	0.761101915935857
-0.298918024901938	0.408284368318731
-0.464878913279637	0.826963341796309
-0.180176596660128	0.229625089136714
-0.823845403757233	1.72224280506765
-1.06979117245788	2.11492724655143
-0.347214353270324	0.675019543843996
-0.292039988167987	0.447706809790535
-0.767071535753925	1.58666274800602
-0.909569931074157	1.93540008351293
-0.495994904510382	0.928306213171563
-0.830753693030446	1.70049257658138
-1.17576322308662	2.42500691487758
-1.02791459594015	1.86142633310656
-0.501771306476132	1.41773384426617
-0.259169154893717	0.525991666731731
-0.25879762231995	0.355664170803652
-0.530526943689146	1.10739886494794
-0.739449071803554	1.94091310897811
-0.764466221597595	1.33896496971263
0.0524245561699431	0.0502268272147298
-0.773519201574902	1.44568084368574
-0.617945308964511	2.44041943749284
-0.164894015638946	0.33338751358207
-0.268764921161935	0.609225910907045
-0.0928892576130859	0.126271722819674
-0.242841968256666	0.370977721008366
-0.278605287503409	0.384158401509854
-0.276668565071938	0.37039492705569
-1.35478980973484	4.63015457825479
-1.78729572843421	4.75871438184747
-0.947145785424632	1.61262069913968
-0.74342071889439	1.54407080616093
-0.4499775045996	1.36095921526214
-0.243287269705254	0.52248569067779
-0.221447164846086	0.342643018762634
-0.35987621382203	0.515348369142036
-0.500758600969833	1.06031094161721
-0.690349444851449	1.48626014927565
-0.749891338317297	1.28961862410347
-0.78490245182092	1.1857288098993
-0.103471156792891	0.160260033923926
-0.123426693789251	0.188650223029575
-0.503913904605675	1.02714258159901
-0.465526791317272	0.881891033811639
-0.651836910489101	1.52262703377163
-0.21064471713346	0.369672080086291
-0.487101189785132	0.906999644615101
-0.987321359500808	2.16349062010595
-0.322629392020473	0.601125837526883
-0.338338841994159	0.64140459751716
-0.349980567346949	0.608052035647652
-0.425085912137573	0.764174797714869
-0.431903587607049	0.723532699488723
-0.454491841310467	0.791850189371933
-0.52435270806991	1.24896562152129
-0.811367054626701	1.94391487928461
-1.3776443805785	3.40503436956751
-0.349027938815425	0.725655100890493
-0.456402420927854	1.02371006054196
-0.636728298644791	1.64595032843923
-0.752175734854291	1.88107132245822
-0.786921252997162	1.68136193572238
-0.734713066729862	1.36163660613136
-0.416107431615691	0.887472364978967
-0.380349345132866	0.831877538796564
-0.739050938926615	2.05213271598439
-1.37314340848572	4.1936962809041
-0.661202362477987	1.49207589477097
-0.272410286428586	0.434196119922647
-0.544933337092415	1.32490432887482
-1.02615358582426	3.33285758680078
-1.27767560535241	3.57324824773694
-0.437048221754596	0.895483189542638
-0.248130619919428	0.454986879571679
-1.299899832942	4.43285840933781
-0.499375830175887	0.875527601913618
-0.372945626363428	0.747903206521328
-0.742965917549928	1.86356251408458
-0.355464620707699	0.638822693638917
-0.0522578483737559	0.0700750215363285
-0.925941942267651	2.93067978234345
-0.646816327313397	1.26825299531403
-1.059295318394	2.55826595868071
-0.509323490971001	0.899861166154065
-1.14458180304864	3.98442275163622
-0.246408342058223	0.443585187516529
-0.663326663700917	1.9302193206437
-0.114613212860276	0.19416043474515
-0.474597560820165	1.23423349044175
-0.976173264378416	2.57308710662994
-0.782824594102043	1.63006803034914
-0.584423755072765	1.18140093346082
-0.409160685837045	0.81469520037659
-0.062247195733828	0.0802882886036868
-0.458168182528013	1.02509866643579
-1.32204507252209	4.83700181600846
-1.31442687427665	3.22389596255185
-0.749891439122363	1.37345741404705
-0.7720723682902	1.36316005811214
-0.406194397653423	0.81860836937393
-0.378009242140803	0.728937797924874
-0.026151152652065	0.0368900863118441
-0.876324012429442	2.62532996583881
-0.597907470443368	1.53286167413096
-0.780384944278484	2.63556825367436
-0.159932668256329	0.285949362326785
-0.375858549931614	0.907800405428501
-0.756062318482598	2.64322921002932
-0.613600790264405	1.60930156543521
-0.644413422445879	1.47568705480125
-0.459779156903249	1.11361185885406
-0.424128882676182	0.904356423733206
-0.161542002979713	0.273313832151046
-0.303094847508504	0.62270912696756
-1.05068917715962	3.36613666582662
-0.601975738789055	1.07762571677837
-0.354075932781291	0.82541945204678
-0.416040685669064	1.21572645236867
-0.077995411974915	0.136632046730476
-0.309149625253742	0.784086670700353
-0.445747813106778	1.20788154147389
-0.977073233987013	2.96367893966056
-0.405756403966463	1.05402875923213
-0.435676508775858	1.16675053199194
-0.47454028716922	1.21064098349209
-0.491716265935214	1.36283816320533
-0.620234075414228	1.76763282738459
-0.818746820397962	1.96066346738772
-0.473432977847178	0.795445217009448
-0.388262816176666	1.17250561711555
-0.323579740329281	0.841074300780038
-0.539653210769966	1.97839301958414
-0.401207753571164	1.11884727553911
-1.19011576202492	3.99095618423915
-0.441568286934042	1.50693642539981
-0.720532996276884	2.25117773318347
-0.548321785368597	1.29598561213149
