x	y
0.946558819830809	0.63761725984249
1.21584879939249	1.32675554284351
0.43024120670654	0.308726021985151
-0.24680207677258	0.162765842853125
0.59614795305608	0.454210854532343
-0.900865996180336	0.823673393702778
1.05282282691147	0.517428130004872
0.696151267773702	0.456449183807247
-0.109287574984068	0.0438132578834764
-0.0407884924869653	0.0195930080688338
0.140906973713143	0.0352149950547458
0.324351899244655	0.17805497307751
1.44549416829447	0.909610308903803
0.898046982684533	0.470451099564749
0.780213980101236	0.46546588619362
0.139073148904902	0.0266055202308437
0.142698404858563	0.0359575700897484
0.133839510334783	0.0514783633650397
-0.790481876212766	0.354530755409143
1.0166972253032	0.3880595427182
-0.75074715029621	0.263334856390217
1.01496655409926	0.392016410565643
4.55117868772748	2.58499721225742
0.132178724057892	0.0510702765080139
1.0166972253032	0.3880595427182
-0.237634114381875	0.0784173059311123
0.510668751789218	0.184537578196263
0.801383180273715	0.338980745417885
0.135931183146639	0.0408601823442341
1.31352048566041	0.571829807529249
1.07537934974307	0.663936036393242
-0.747228166702206	0.259099254454139
0.535352836142767	0.30830222376756
0.634342685225005	0.200262051002372
1.3149184560518	0.573772915914149
1.0127751373005	0.389769011989825
1.95256933090985	0.464168557061862
0.806510817831472	0.341303301129528
-0.314494850423428	0.143239018807225
0.427316565804675	0.173552865810992
-0.404620756334216	0.171888458678406
0.642755653897508	0.454411033211502
-0.812151053480604	0.538716622312668
-0.252497309022547	0.128271921232759
-0.936704538730556	0.683401050868371
0.302755519150111	0.205942799489188
0.383078213827389	0.173623050496421
1.22663675391514	1.01462742528611
0.781654583898655	0.616344927868065
0.946031736633808	0.929152328415024
-0.0621450979558537	0.0272230375375085
0.141753529298666	0.0469406887449273
0.352305207420954	0.17721534267304
0.560657295627748	0.444285271231151
0.303399243411208	0.193777651063379
1.32686011344585	1.40757398883301
0.39505092476003	0.314228073397115
0.417780506885547	0.317120795121823
1.40667484982869	1.73673372730507
0.153324985125872	0.0806573236372931
-0.242770613066395	0.18713894302691
0.148668909206214	0.0848531269936061
0.560459492324749	0.527589023439362
0.304333126464023	0.196433130353183
0.529821272564931	0.445519154850342
1.33981861723048	2.15323441759227
-0.236117337231125	0.183294267328387
0.3546361927666	0.177878146784366
-0.127719691110468	0.0752669734875755
-0.647289812407094	0.592407560832145
-0.0315019703021949	0.0212208965947625
0.98186562849702	0.788976536877997
0.99688318137038	1.19729942944866
1.03774664329003	1.09235036765975
0.640654844877106	0.443261916100834
0.291471310227648	0.210861052112549
0.559711538409752	0.443747000997943
0.0649921037907453	0.0439954725720019
0.0206557870819113	0.0148509455983569
-0.486954191335482	0.419258936457631
1.036534490122	1.10316437342782
0.278124273241821	0.210141046993141
-0.116173512454891	0.084515264005319
-0.211943264242778	0.166540816526895
0.999308551549756	1.40953473590514
0.360797607093766	0.304539862552429
1.22424384316058	1.33322176642784
0.00993252956833612	0.00532311540391791
0.255596906371102	0.22727293581836
0.193354485399139	0.168265470070895
-0.722164966565782	0.628522649340187
-0.264159218744895	0.200159451172583
-0.358622909470402	0.324014864724974
0.746873801596649	0.829970262856329
0.68901674365207	0.691529110825347
0.296773701798042	0.17274228830233
0.156437906572307	0.0889009305843877
0.414420451575973	0.311648963517119
0.261492707524114	0.217608908147051
-0.652761366491081	0.375331940491076
0.44658427714863	0.423275610689643
0.391518901504988	0.323267380926433
0.29145070910657	0.186121820906371
0.147498881969906	0.0778298328142824
-0.0475020425542692	0.0312118325728929
0.674883811087868	0.581579416234435
0.263191540009781	0.220791274331568
0.161618560466219	0.105135524953226
0.0269965166395519	0.0156230570452699
0.771592043274544	0.608987782813061
1.48377041133996	1.93111075690988
0.0702100706785326	0.0472566303782209
0.489417119690959	0.436045440172563
0.440910184603124	0.31713958562656
0.271578899333717	0.203526765530376
1.75872075880742	1.77844044007395
0.939431437241176	0.933275879368929
0.163861897962387	0.112617733562153
0.158102375333741	0.107014050794878
-0.30672304767348	0.226513588369146
1.42548679242631	1.59974290785267
0.0868829445684692	0.0636735872915889
0.604893355536074	0.452882003194247
0.30100449552617	0.194080969436169
0.639479313616616	0.455050950789568
-0.475262785700995	0.315863698425828
0.418198925340319	0.316429110842407
0.455061542099043	0.414523679260575
-0.51724064160927	0.397692316287307
0.0852103770940453	0.0599704263399001
-0.703737556250892	0.571966290933186
0.273585943541521	0.205370752788754
0.058057637353996	0.0392382725581746
0.278888040105469	0.208747702000057
0.73132535980398	0.717895017078784
1.64479677386771	1.52859842638599
0.694608948748411	0.690986334336314
0.0578980875087133	0.038885564096379
1.00811367781948	1.29413646514594
0.448401044815708	0.424051532492584
0.289847386675815	0.199067445277753
0.360701405411448	0.32776583163217
0.147934342850686	0.0777940624308626
0.910200968669882	0.779436759039673
-0.455689821716223	0.356540315389472
0.0664341851718072	0.0451660377732518
-0.350391980897403	0.252817499020996
0.285468354918754	0.207588431191001
0.0501276551928197	0.0323984374738267
1.52375528269461	1.84416751914884
0.369960257092697	0.325812652700433
0.804509536588868	1.00552529987634
0.0357614138300333	0.0275375974092974
-0.0118383595100305	0.00813692677942882
1.05207382331447	1.2101571118493
0.0825303529027157	0.0607656140443481
0.19776647711146	0.173348531347934
0.170952775845974	0.114706319698425
0.153981260240451	0.0879917253447733
0.945161625597149	0.639389904762875
0.146022427811205	0.0774473055639761
-1.36308809793237	1.3763159863157
0.674998837030599	0.588632348349293
0.77757268653679	0.741721035697984
-0.0946474142528047	0.0584874656472481
0.601491497604522	0.56491099089395
0.666294646455897	0.680395070819363
-0.405070533639333	0.28151483243364
0.602933162734632	0.436846516158485
-0.438012978085631	0.385023486501723
0.270238611000121	0.212138442209624
0.311116960019496	0.186445405726526
0.429848404160598	0.307319262941732
0.00580159113096325	0.00396604120601554
-0.812641327096648	0.699608052567449
1.63611929673435	1.50063506849441
0.399783608621667	0.415095486954784
-0.715284076685214	0.63572141446219
0.163712032205177	0.121350237294061
-0.239365765714318	0.185032140046184
-0.0833188811876682	0.0503438022573557
-0.264834917984573	0.196968949067124
-0.0938024221193252	0.068744887670906
0.372914382556153	0.326049889405699
0.735321394260691	0.721687574594992
0.610270430349677	0.668415673368124
0.286982402590242	0.180714571091658
0.25968814842262	0.214897803897972
-0.704440569373625	0.571946168538087
0.571755625106999	0.551416328392302
0.174213206351831	0.12971939795446
-0.0674797705111474	0.0429273274334386
-0.118731920145437	0.0712460962903721
-0.270542076336021	0.203992799363174
0.279073974570275	0.211359970129333
-0.155812783291107	0.125014933725741
0.787755049242287	0.73930550521698
0.175207696163951	0.123689423192205
0.655518645342471	0.676677136412688
1.44915046626631	0.906635016822695
1.23424507199519	0.845112307715773
0.785369971678855	0.468157188278081
0.328302446071064	0.182485872600745
0.140017823279274	0.0664524615321675
0.595486899576056	0.311436091745628
0.84995774824555	0.625849574610792
0.135687810090981	0.0405518208503784
0.440484506147161	0.317290327412955
1.21420248065272	1.44245359204984
0.659540420396917	0.682708536045228
0.563049137098689	0.53023429370373
0.572454536230306	0.548702205228766
-0.568358706937307	0.520143232753007
0.739144609957185	0.72219450797283
0.360369370493396	0.32907110172879
0.0569771554903045	0.0370625957401197
-0.562142738928949	0.596700277549274
-0.66127867028613	0.699068429756926
0.604785919863796	0.754501147640899
-0.254569201868247	0.216549038636694
-0.621456518145658	0.520713791435265
0.155681971938225	0.1052511087656
0.49264885843195	0.523481572180265
-0.0851747512175737	0.0534486924332711
1.07648475874028	1.35769839161784
0.0671417329339512	0.046908406639243
0.316377506899432	0.190352803607889
1.5593870206301	0.78344810605566
-0.32021514796119	0.149671428070455
-0.967863306291646	0.585648537579263
-0.315839934059761	0.144561773363356
0.128617129240996	0.0491473375658159
2.72362949717173	1.66871565783437
-0.413906749629129	0.174157263861997
-0.303566154557237	0.225144117967557
-0.487965784379932	0.416740661348033
-0.405067744184645	0.328037916042992
0.736822970952602	0.71318538066051
0.0583853421568767	0.0378063321981865
1.06022354931388	1.21227561947744
0.168984245239501	0.114918821657929
0.263053347205153	0.202112388281055
-1.06943643953334	1.14392356779699
0.36745938675875	0.309145077896889
-0.491576733181862	0.423184248896461
0.555782958729349	0.553060036119361
-1.29064063651093	1.41681719521898
-0.322893373440787	0.265619461755354
0.437422608899092	0.318019487461361
-0.107306150434059	0.0796726027844399
0.431738917730426	0.429971382350925
0.699307306971478	0.457507225939571
-0.114820727355956	0.0827556030327563
0.459841183423457	0.419658858885275
0.641298013562486	0.679740200792389
0.383735890011387	0.32074275441461
0.141550612885612	0.0609177590561122
0.939804087279757	0.627166506713312
-0.965128774399	0.587862123031168
-0.1642009715399	0.0919875499228628
0.303706715098175	0.18026837417715
-0.94095495781206	0.684711955973945
1.07954212765065	0.663249531849375
1.39516523492777	1.05105211137875
0.833793521137367	0.760929949253353
0.143857357985544	0.0752951787319759
-0.0953595786725619	0.0595257165004452
0.828681935941902	0.747980375936804
0.294498483941435	0.187069384553014
-0.0119479297566514	0.00817047213263253
-0.41117825413412	0.286331357037255
0.366310743264187	0.31139928334761
0.289943980460852	0.217522834909154
0.0928509667979358	0.0704505236191143
0.0139537160935655	0.0100757281776799
-1.05112565943595	0.843281138393289
0.75038907990472	0.830096427983173
1.21470167703534	1.17112070805814
0.17783605912837	0.131872811202286
0.503490277395935	0.53310113223042
-0.799832797570666	0.93853961283554
0.2841912460505	0.222794774432829
0.103288767184484	0.0822573168031166
-0.592631865120291	0.590673263246317
-0.385726378499755	0.368720006853797
-0.542207396210193	0.457341365308431
0.173127814968096	0.1188184489369
0.157546457021703	0.0966324133841646
0.269883872433623	0.202303875474643
0.161427936887628	0.105069964156295
-0.0550452950706755	0.0360299152340422
0.509529070433236	0.439227949503603
0.635086721671161	0.443896058695533
0.166410904132785	0.108785533429237
0.422402529238181	0.318058266914458
-0.107030676983149	0.0432926976170955
0.811093717353821	0.334848545908869
-0.541676736821534	0.20902738866301
0.141843835358275	0.054171356954973
-0.0726926463216214	0.0317743871047985
0.894564543536702	0.482887348561858
1.22676875653744	1.02072670548705
0.141109942912127	0.0612078552861342
1.07251536147681	0.653773310141498
-0.126339676197406	0.0754228955314167
-1.06066018205931	0.853106159109121
0.974244229037031	0.77787920970446
1.12477615638709	1.13815443228841
0.0102291309025995	0.00552770033213669
0.72426685875441	0.595293908534877
-0.358918753760036	0.257621691118374
0.26212288442695	0.219609738175475
1.52014829369916	2.20810589547096
0.0651453868931254	0.0434289319819989
0.297374453523776	0.193198086149602
0.0821790033966871	0.0600386220816362
1.39336668006461	1.73742639233399
-1.23631493940076	0.942165145121757
1.63879701869722	2.36523543533014
0.9375895786137	1.12716272413523
-0.0523620770016646	0.0344183978970019
0.738396548891313	0.727441541533696
-0.203602055464979	0.136577720629434
0.775260441644397	0.728080887148457
0.729106458932519	0.702377477703006
-0.625150479504486	0.507853715739879
0.164848089492605	0.125098372216484
0.186226140829519	0.158483859689351
-0.804542321761028	0.836676759049923
-0.0709914530668054	0.0455601630914595
-1.16296658250079	1.0011882769801
-0.0947552187240282	0.0585925740329599
0.388930804288255	0.328292562026736
-0.0547762756452427	0.0413752276643756
0.0516010155325687	0.0334493081072455
0.694196503638724	0.69010828639075
0.290097027975006	0.210814977354084
0.438400589882611	0.428582348466483
0.824077897715838	0.962355575244544
0.12672181564501	0.0375664300491113
0.841926057310847	0.757682644232129
0.133628779626514	0.0573348516354761
0.528471936819701	0.441453397344063
0.941175754977059	0.629519711435964
-0.244801630471916	0.122272513998857
0.321955805153647	0.191825607707552
0.603410017425704	0.31155609277681
0.343578290299853	0.171518747662216
0.772963620358777	0.61093727497296
1.26016345229505	0.701979403502623
0.16267913042499	0.0915550046854195
-0.066762808098966	0.0295232250825857
-0.555726956240127	0.357077399666761
-0.661811999588668	0.39008366594175
-0.800781824386416	0.769373186481755
1.57161627119568	1.68113094213945
-0.0217804396961224	0.0109186553030983
0.282964410213816	0.212143268188424
1.22045984778679	1.34646959489137
0.166172260515789	0.107741188028077
-0.470543144371623	0.310860710866585
0.682414600419081	0.672778301050127
-0.512560085958048	0.38550477555964
0.636552866899334	0.566991133005897
-0.710486773913467	0.635484441651444
0.0752056443888123	0.0529200487735482
0.388209973218816	0.321433759399927
-0.0963117235143487	0.059956195984462
-0.737761537687246	0.764255411953277
-0.246266672213329	0.162484314921076
0.154026246659356	0.0989734703375684
-0.255969855729965	0.189889999203858
0.170313357168234	0.125286075106719
0.183970284162779	0.146219442809424
0.732414918278749	0.710340547356817
0.494223680435142	0.535958886287204
-0.126971273567282	0.0764256871088718
-0.00182144935293174	0.00124482656163137
1.76456422229989	2.1679882304949
0.875171736060326	0.890630637022316
0.96386732007526	1.26367064874881
0.710721845719547	0.800007564112902
-0.546682760470118	0.625175281802296
0.392488002081955	0.311674334518225
0.399095249822469	0.312643306799069
1.11027371850125	0.997286926319205
-0.192437851469376	0.129273382566577
0.00752030565634496	0.0040186270660725
1.44672035489898	0.91099682350394
0.888813544868003	0.477358317554393
0.428456415599851	0.306741033926938
-0.0530223662949144	0.0348647586784378
0.170951504644906	0.102458520520336
0.131322469332271	0.0563194264738626
-0.439643486065694	0.38321155818236
0.629034495275998	0.564585463916987
0.521141662190003	0.429386853292768
0.284097277253698	0.206158925085879
0.499819588723048	0.43250282054787
0.0896950379682462	0.0660810264644424
0.257288744484915	0.228076241317019
0.18195911218565	0.139452132839513
-0.648785862543657	0.636617760217331
1.05185314278999	1.21091062595546
0.576867496318257	0.55380989082386
0.0217709188339703	0.0160000824428404
-0.535665172504694	0.532716254465987
0.511421116085479	0.534702127703871
0.172594316508457	0.141590012690025
0.624749378049824	0.753775151557885
0.355029308866169	0.311655830588719
-0.398112054725866	0.350818266675308
-0.311751397373679	0.257661088213167
-0.224134689826803	0.171623425656727
0.0279740851388549	0.0208067193731943
0.506951834142269	0.527400655943096
-0.195378101987353	0.131300182331396
0.479128868807256	0.429472014048757
-0.262786784833177	0.223181074630067
-0.0282478842203986	0.0181089747210762
0.572325881033074	0.535029629782266
0.432893679604714	0.4209440959468
0.368971099720262	0.326084842030122
0.346698591684669	0.311321217240198
0.586646775693982	0.720133806339995
0.173414367020949	0.138273226082431
0.74875643503428	0.915201036591737
0.347453565096409	0.313555307338079
0.940683073825673	0.635973468584605
-0.202867938035376	0.106541299699477
0.427316565804675	0.173552865810992
0.291191032290641	0.209051628962511
1.64763373809665	1.47465490378102
1.556606241661	0.779912172364091
0.514634173115622	0.182351399478498
-1.23457036226372	0.915387538959933
0.891246116538183	0.484838989975286
1.55479791616394	0.782861546376213
0.0102291309025995	0.00552770033213669
-0.0457259508660786	0.0215767019788262
0.30132930750028	0.20521733956422
0.0140345600833764	0.00822823379560292
0.173782591355034	0.130812512011526
1.0091813762246	0.942001682043502
0.84306014654513	0.761985167789007
1.01850503718746	0.951515291399522
0.93986016949432	0.92555586730007
-0.0459658652758824	0.0300363646000597
0.270117542569404	0.212261232049562
1.21327435418519	1.16002514030596
0.159524845771739	0.104264853861445
0.532249336060071	0.443049766793972
0.474166019435377	0.417042913893967
-1.43119454620885	1.93468352893682
-0.202139719819968	0.137682365078789
0.592884490099836	0.53943436131753
-0.126143145033052	0.0756979918726613
-0.628790807874558	0.52158578020801
0.416170669082211	0.426585882220807
0.0631845642377286	0.0427420853563321
0.254788917760094	0.23908428884466
-0.236117337231125	0.183294267328387
-0.541313613437231	0.547784011573543
-0.365588925131114	0.29983186374926
0.57055010578178	0.552393125182168
0.777172575028619	0.739103458480459
0.553875292007753	0.548800864008508
0.303220896098382	0.179318195534228
1.54915667995414	0.775770930689392
0.776268395971504	0.457735354820863
1.13280807466353	1.12711286679033
1.52261064373435	1.27163316478474
1.30883023487579	0.572795684693663
0.376796890626774	0.170142176796762
0.634360287674606	0.443896687731076
0.643242315737587	0.579267196922793
0.298160117320723	0.203386458308524
0.14840688414856	0.0872091934696942
-1.36864293761017	1.60845296554655
-0.149799634705462	0.0835945466018166
-0.0675751623148778	0.0296410095443525
1.22632246698893	1.18502853387002
-0.0983540527397776	0.0613668214525807
0.713021619517658	0.587556133747504
1.02138036537106	1.31344178723567
1.29726426003549	1.80060908879088
0.976816455859279	1.29205162091093
0.0540533004777858	0.0345542777680607
0.716166709373099	0.595254175611849
0.862487118611154	0.975952325571352
-0.173077995117535	0.120989814072822
0.0602719911980682	0.040589571099816
-0.596187272333611	0.440164591330203
-0.118442273252252	0.097686857550149
0.0503736336675989	0.0323478958429784
0.0797208022878531	0.0583070450847544
-0.564864349263352	0.599576147638575
-0.357876151771734	0.260152738469957
-0.625221101201934	0.706368835412503
-0.348909891553808	0.250961648969403
0.481843772811832	0.432938969464293
0.253193419353076	0.199566166785728
-0.051538154866726	0.0337604074221895
0.166172260515789	0.107741188028077
1.01663686365972	1.28445600445947
0.528765615915162	0.440133746580703
0.702378256520587	0.459844754305851
0.166962546642361	0.107524762735377
0.305527485605715	0.179924599493208
0.780707743397437	0.467279309919693
0.602410458717103	0.30506569223367
0.345501413231715	0.172171004614296
0.64183299485973	0.453960326467573
0.474409892544064	0.417918140039863
0.280425413667395	0.20259552841474
0.060643541904962	0.041094413036259
0.0799084507056029	0.0566873540277934
-0.0952325811760046	0.0581446828553974
0.574984148622705	0.558693833048253
0.991223607154681	1.1847954781666
0.490279913222326	0.311029248855653
0.555154816368564	0.440557003549105
1.22014848277372	1.33006046851889
0.577152777405576	0.560339161074617
-0.086343112415193	0.065094606219595
0.0416456823857223	0.025444492328969
-0.192017926378707	0.179023240506694
0.287474921850468	0.212325387537399
0.284987161239131	0.192822443003773
0.271879024921257	0.212751344626368
0.954811379040075	1.15596516945469
-0.0629080595561396	0.0399845400220922
-0.317177232619778	0.284381856249231
-1.08330058025907	1.58304503174614
0.510653857150782	0.441187886219864
1.01850503718746	0.951515291399522
-0.354355879780159	0.256157789632029
0.148081149133375	0.0708923413983748
0.141093382601774	0.0743072399362887
0.589987738965379	0.305447004686378
1.13694864585626	1.30102978562243
0.734908756733941	0.718289896583788
0.276312563767982	0.208593364580677
1.460351997499	2.05417028464059
-0.456730277146968	0.362690528821626
-0.631828610726369	0.568685857418118
-0.317386785707514	0.287528700298963
0.346406733789094	0.313114485992655
0.770728955365366	1.01100861992735
0.743556706729285	0.723432874327987
0.180236432537308	0.152674235917449
-0.0717301661093649	0.0527944391528107
0.00897537833297401	0.00481363083284363
0.13009580645113	0.132172392000646
-0.251037042941234	0.213514026953086
0.364384759128055	0.321495917197758
-0.0155306758334617	0.0106626200185673
0.692215680685942	0.690294717860207
-0.923143970727705	1.179683234976
0.482620649645318	0.421242602504046
0.164514881186407	0.100024777759184
0.591609453225678	0.301373088464757
1.51860240398692	1.27223836825389
1.2415477893949	0.857974731768695
-0.795336326750796	0.432654211503409
0.721270292622726	0.592676163798184
1.09072811765032	0.809072155635741
1.86392496726945	2.03997704139313
0.94474973817826	0.923938264348891
0.140619941242245	0.0740549179488948
-0.00266426288904347	0.00121907369540842
0.595058268809331	0.448197815377042
1.12474659467576	1.26851329164642
-0.208732307966432	0.163683038766594
0.467923157083576	0.434562161821642
0.780898497902824	0.608819509766155
1.07818208588161	1.35658756836564
0.0670039227991371	0.0455446708969053
-0.160449222609954	0.12912126062112
0.736326331379439	0.710532312711674
-0.890346020676289	0.966013059496304
-0.0686413100897958	0.0504732025265258
0.00261587654366868	0.00175911447862342
0.701320387763048	0.697106803677465
1.10523935880407	0.981831463724976
0.703729832162788	0.458421964739233
0.67901757313456	0.322548276957465
1.30906895135202	0.585546772041702
0.42391891802808	0.1718634323489
0.704062839655227	0.459853197625308
0.799821312383683	0.341077504348771
0.698370656849615	0.45197268449623
1.09200432524573	0.820708217065826
0.0127357686472114	0.00676259560947229
1.11370086241727	0.98404078063698
0.661864954830196	0.560052641915445
0.628190917675674	0.568466898059226
0.374208435837794	0.316429494317968
0.737899808841012	0.713516406802463
0.895285573029349	1.11162590203351
0.385117814087661	0.319141454328519
0.00637748937901787	0.00349481563779575
-0.00896344033397962	0.00619698319319039
-0.108786546775255	0.0782667457135373
0.260330486208918	0.207228479936331
0.160091721196116	0.0977262294559512
0.0786220983113743	0.0555535497340361
-1.36049380884902	1.38276141557913
0.500879495300114	0.42575054238329
1.26296538145138	0.681988055848894
0.149331622911852	0.0788356696126062
-0.799650940503415	0.442815904972488
0.135641501247224	0.0582261555014735
0.595497927848798	0.448142897655233
0.150237696648496	0.0787121034578933
0.153878094961262	0.0934127092464777
0.840885738395464	0.76186584419742
2.73193072065462	1.68050765427005
0.985379016562351	0.799370804415781
0.777050438484062	0.737699884171685
1.2176711248412	1.7919174549062
0.267806801245666	0.207891818119009
0.155342457160747	0.0886887480757754
1.232990701336	1.01969504812681
0.281302231300924	0.211973876199786
0.342369054238887	0.312605170677772
0.297298854429686	0.190307523627185
-0.551908601374494	0.472451366023686
0.0430834617675512	0.02655911672955
0.287080264212132	0.206031743648299
1.38708371057841	1.85841991081036
0.698428445011978	0.458033094675341
-0.0204263784282815	0.0102120850609514
0.156595250035808	0.0892720147598822
0.700111487650552	0.443953365233871
0.557217849201309	0.446155118522347
0.151737360660735	0.086531780251946
0.462448545664489	0.312860762622262
0.632735649429458	0.575564959381933
1.2233069000442	1.32652786409562
0.774974357229486	0.610274698468441
-0.248975900600428	0.212062451950444
0.0283645330918426	0.0162317179240924
0.778095717495909	0.7422750897931
0.741030776813335	0.725932922484761
0.489627743914228	0.304639518185714
1.49894444159688	2.38645351139106
-0.00739253058735442	0.00514208690250588
-0.479077575212211	0.512465623707891
-0.283792948266177	0.240218632681404
-0.315813276271964	0.233171215541829
-0.134252495923811	0.0796815590348798
0.720305573939172	0.594929607747805
0.294302228017468	0.200429137308135
0.278552626974523	0.210091680950399
0.502514027747872	0.53909152374654
1.11351474967621	0.991847310385154
0.561860914946605	0.450069652075984
-1.46334324006945	1.2835958538001
0.726077134321952	0.602825324054091
0.67263686402768	0.315639842179209
0.124894192844213	0.0476271995221898
0.566260246965898	0.449657417491184
0.437422608899092	0.318019487461361
0.640685061481695	0.44530886958837
0.267167638997787	0.216466219402781
0.737266450380082	0.810147265722149
0.598375417335495	0.546818448387237
0.402791392116918	0.315777727969308
-0.093552561813299	0.057961275984039
1.14697436449838	1.50793939015083
0.454007064744699	0.306052484203442
0.631371922599792	0.57450256605826
0.259142284504313	0.223413846044641
0.0985880088179648	0.077158426200363
0.777569176813899	0.843065942416307
0.408791000630806	0.306203503470871
0.559247702745091	0.444042528397555
0.986990484332372	1.37784368960537
0.286088658963023	0.193785650636704
0.637183883023905	0.453335219593025
2.38577315076449	1.96589464943857
0.983926263524082	0.790656513491882
0.784875692082471	0.469593946103893
0.951436301931876	0.928943428582178
0.78246446204642	0.733430793359554
0.525882319129444	0.429536658808265
0.27655754550673	0.22188430637863
0.0316416688037126	0.0182312935533722
0.0267076002189329	0.0150615122617094
0.276089568463703	0.197737912558732
0.187939603718855	0.160480818458558
0.705238697230395	0.703915138401998
0.911868111437544	1.00467855439821
0.140576828380472	0.0783953149376638
-0.24638206026535	0.162270589855168
1.3276393194978	1.38354411636317
0.699683008198913	0.451595099495262
0.328328691518148	0.179020106318541
0.452858089712622	0.304494871098875
1.3561348454282	1.24006288300457
1.08316323285599	0.801406333412677
1.30011270307397	1.64221165855299
0.267563952935772	0.208524265766494
1.03231830310107	1.08946209381777
0.171000456435325	0.12162837902004
0.373558275245269	0.316344444703375
0.278968289284543	0.211252663182443
-0.661982508488345	0.699906146033195
0.343923403542281	0.321300465360029
1.22035310664439	1.69476818578589
0.412470136532339	0.30497077723357
0.521193637846451	0.542894032944
0.552801547380867	0.545731091081198
0.602038018748274	0.559421577956893
0.156387828782234	0.0954513619186383
0.435008982115296	0.313661290593029
1.02277364385021	0.957508667644645
0.711831875651574	0.579180193715169
0.979513060852751	0.786397740197196
1.6207340497005	1.11004727723584
1.22949921219799	1.02755898545533
0.373979918570272	0.320652868928886
0.694736989281686	0.694157405962404
0.47213297425203	0.526176775453884
-0.458450379648269	0.469272970240789
0.15939168584234	0.112713036938452
0.701006484535368	0.786621016678996
-0.574046547377873	0.532078619873843
0.822759953966151	0.962177474840895
0.418365832858045	0.433740911833156
0.0489418817526868	0.0315726339039695
0.29788485601163	0.205006530331098
0.57246524846139	0.548668772760236
0.0580521826091522	0.0375642418155775
1.11657019152111	1.09404738726812
0.53271067411642	0.303032348337983
0.70009848226181	0.457681384176068
0.535854933700683	0.305045762370934
0.773560733542003	0.833300604868175
0.381056787326572	0.314128568530022
0.789500269676771	0.943577097170434
0.262267892225376	0.212254402819475
0.399228991282226	0.415718746779523
0.343747451359389	0.310003043048639
0.777172575028619	0.739103458480459
-0.359362013471177	0.323105322109423
-0.476993359921475	0.451637862452549
0.99081607447157	1.18755561022247
0.732679514062208	0.710019262535468
0.477801645981418	0.428105457624907
0.42964863657933	0.418601796942661
0.263013835978768	0.219441192675885
0.393140727209733	0.317327566323603
0.364989046977329	0.317861850473163
0.576998672937447	0.561524620751215
0.851621042787157	0.620203067459369
0.351406882821837	0.176815446402141
0.800731449974192	0.3425296464443
1.0413720537148	1.09329993832553
0.134592794005471	0.0641700415292845
0.492882976447296	0.311747525657316
-0.408916272225057	0.173941516536407
1.60969397091784	1.13333925128269
2.89224692604889	1.96363246465547
0.818627263543986	0.858691228182531
0.851143221043424	0.617542819949336
1.05969680060528	1.24843134473653
0.457249683545113	0.3095438872739
0.635564243872648	0.446559796792285
0.293837060214268	0.189747453771728
0.833830921633974	0.740920648405212
0.39574039857419	0.321895580376476
1.86775166890845	2.02301259589309
-1.66027958147982	1.69646122085771
-0.0467884320115367	0.0307493634393353
0.893936358306758	1.11057512241611
1.00806613047679	0.927806694052413
-1.17483173080439	1.47331038699448
0.0387244184063828	0.023733734021657
0.712896020695684	0.591740905873493
1.15117551822775	1.51405529203032
-0.0301073097380295	0.0201673129544562
-1.15018523062816	1.30256402815979
-0.408836138414131	0.330383616764419
0.771799753374973	0.598334638737944
0.161511825652582	0.113905807931417
1.94150889745982	2.64007907843082
0.713619909619931	0.58633492935248
0.641803471825578	0.449630235253025
1.06970708911927	0.657672097710652
0.294856260969623	0.201601559545928
0.889991533989587	0.749184720157656
1.22539468537579	1.01726179839196
0.58751639631425	0.305409320818934
1.22234523449238	1.00672733657643
0.845552493438224	0.760694016613514
1.22947654531092	1.59370856532675
0.401068588073221	0.313695554070019
-0.0691408293192433	0.0303380268294711
0.413074340342816	0.423665075483793
1.06846170865545	1.3536638572306
0.658382131322014	0.77487571472104
0.261351487341861	0.233829632590786
0.831222239292637	0.870821463547345
0.581860553571724	0.633612819650235
0.0207106547356293	0.0148019361249003
-0.157217217160404	0.0903779679324306
-0.404913970729467	0.357239817858576
0.110481266868452	0.0921217223766464
0.499576386093246	0.424574071554236
0.0282338545885629	0.0210500286616289
0.207490582438198	0.204023197530098
0.614579125776026	0.751160559741099
-0.442595012028856	0.341380526364488
0.494020367260487	0.442648128481642
0.147706922648676	0.0699889137018341
0.406303342421998	0.323931154565666
1.07360406679516	0.657881137993733
0.986047848356258	0.793142401551097
0.406006333084148	0.305065400940796
0.79228152830251	0.738507931326515
0.422296449197262	0.319698688401859
0.639747494658893	0.572797032010282
0.500490517095134	0.423934715523504
0.721846538927917	0.593221995476565
0.575924509313938	0.559303606456547
0.280019587352827	0.200591661609028
0.644026061097378	0.580956959039118
-0.0310119028441245	0.0205514111422215
-0.167551182176065	0.116813794769765
-0.200136685470914	0.135200825299337
0.711896845072962	0.864905584510863
0.835354404302708	0.755409934843372
0.866853019872513	1.0037211788935
0.0669688860832214	0.0455511350246667
0.453946996906688	0.433171123012259
0.366968614643838	0.321588054674304
-0.069437748552573	0.0435007430544992
0.164840905951258	0.111956422233708
-0.316071444405284	0.262814112402294
0.810422425182585	0.928286962881232
1.04643772215065	0.514195401679448
0.693977560976999	0.451014062549991
-0.454636251133552	0.356398568100922
0.770231546382351	0.445362012218682
1.5220642459424	2.20955430951504
1.49232330631904	2.33524596702587
0.823306000399634	0.976452820876214
0.441528808524432	0.412228840871126
0.26914685703532	0.224813826031776
0.499888970645126	0.52746897788183
-0.118526206857094	0.0701479043318246
0.435101957659818	0.316110907557533
0.591765793913392	0.662061336366529
-0.394052303840951	0.40910571566951
-0.544815504867578	0.457221643989847
-0.380820363343616	0.362924373801656
0.190774968866527	0.171853358982042
0.483463476103907	0.43531208016213
-0.164332699462559	0.113225012057407
1.32985505667132	1.52527154141496
0.249531808571123	0.209135254111225
-0.194752858036403	0.131214606832713
0.437519482833249	0.315904181692204
2.33415358443588	1.17925118132188
1.79971117079625	0.713547256095307
-0.794140371248021	0.351109639822903
0.784381306706457	0.468974236391088
1.34802958273882	1.2144167541454
1.2414292219169	0.848609514854617
-0.0677770162814832	0.0430854942405239
1.01848548244041	0.959882689333991
1.22800105480008	1.00429592504878
1.24464194906811	0.837863553937572
0.3048819549228	0.182862209434077
0.721969766710809	0.600545353744415
0.60049215660679	0.455358671948649
0.373679084781883	0.316074344301317
0.778518233416317	0.744200041003592
0.445911985621773	0.422254856455124
1.42404643201459	1.5875782306432
0.893491578203602	0.903590505088706
0.157975369310644	0.0974912068493994
0.942775087159275	0.922264620539958
-0.903247581431088	0.850730630023949
-0.292868562785877	0.182386269600478
0.141397024626689	0.0681567972687863
0.535195486016962	0.440143360730955
0.518566470497513	0.544605364422994
0.0795097670485603	0.0563419158071735
0.572420577854165	0.555252640793371
-0.0813373387161834	0.0494898706269386
-0.918996234774088	0.773793857881168
-0.0193148319279317	0.0130604822942861
0.536540114420877	0.435393728619611
1.24332488274852	0.860801928716338
1.76529488135153	0.99253421700988
1.04913646577078	0.507645145343534
1.3151586642213	0.57543444232643
-0.410454070138295	0.233626252943625
-0.0709836198468253	0.0310243484021931
0.138706683437402	0.0651690718916845
0.295535072806493	0.188881321965491
0.833276011161689	0.763865275058957
0.149503962518969	0.0861490468015197
1.22303771891166	1.1746450458733
0.670347627787726	0.573184043959525
0.279709001599443	0.187506661568928
0.933352967453965	0.91619220012436
1.52699697850075	2.66434286131729
0.782321906352072	1.01872745344172
0.158989755394355	0.108489062054465
0.498353124276348	0.526133583181408
0.0562029541990099	0.0377494769134565
0.293983732593546	0.200076980059498
1.28857852495787	1.59550461077836
0.172576050702965	0.124019958708655
0.169874766008475	0.14803327578955
-0.325376911513806	0.271338814847713
-0.793887106644198	0.806170149769641
-1.04230333988106	1.18023636232395
-0.106367335809908	0.0790710161902172
0.269177679847341	0.207545828649946
-0.0606842707241823	0.046109760364164
0.638127265406003	0.577552615302655
0.583421356505503	0.649944127535141
0.529257798039343	0.540298191158193
0.57270961727742	0.625799624147846
1.01421910313051	0.386497027111194
0.529929351137436	0.443811565903273
0.377515690450661	0.16827628890462
-0.0425490574804304	0.0199210845081822
1.76529488135153	0.99253421700988
0.324277731581199	0.177336250944748
0.142001011257893	0.0746849549617918
0.643647103312532	0.45145089895917
0.309962810647918	0.188116955312448
1.76698597884952	0.959573537371624
1.07261682570474	0.646521439384995
1.31983891726619	1.50306009326853
0.366706761641973	0.318078014994833
0.544084717766162	0.53154980209564
0.0888466372121888	0.0669864496870372
-0.262032177043473	0.198410344301571
0.100175152434309	0.0786815057172896
-1.18083492038695	1.47692662030792
0.522241396387043	0.434186042067364
-0.17052511828172	0.136976991699624
0.348242838879858	0.324756109776959
0.743899976814296	0.82792698316075
0.0101362833589075	0.00547538149282538
1.13113057645692	1.29135099647464
-0.175843712458219	0.122368847810813
-1.16750944142344	1.02229019378365
0.292546367310266	0.209583663927447
0.999290726874627	1.18860004565282
0.0572620694733672	0.047044778589219
0.372906943682394	0.318728922960885
0.72452100186942	0.697725046060009
0.560915798088591	0.447443757917601
1.01080793058073	0.389781480211188
0.770714663906788	0.602954807287483
1.01147160139893	0.943785976742545
0.351548239939763	0.175876352411584
0.427641985679229	0.173876127392907
0.375904753812778	0.169595391952458
-2.4835683574276	1.39350270597439
0.33270471773733	0.183977397450836
0.137399928986305	0.0462783386797431
0.683340409588349	0.312152472087354
0.30621580033351	0.197505982096694
0.49269463643653	0.310105904338083
0.495186790100884	0.423489431181319
0.77389751422549	0.611973158641668
0.938705938853901	0.867543858438488
0.675826359240691	0.581614583465298
-0.235494773385871	0.182007471826491
0.83110118678105	0.74670599221902
1.13523443344904	1.29703365051398
0.191523686481411	0.152192885637934
0.0614060748215112	0.0396956352488339
-0.266134012158917	0.202473899208324
0.433318073901216	0.307225152273498
0.941221044241543	1.15407963427683
0.574615657658598	0.630647164702117
0.624883440398183	0.645058824571778
0.557807318056168	0.519326121833763
0.272129237897192	0.221574510477222
-0.021660677266092	0.0145634265128334
0.153479175360351	0.0873729068968217
0.424226378335166	0.171786795043042
0.849780576698173	0.623529260130136
0.717238249563827	0.59580795142146
1.06783604786297	0.650964574183412
-0.0718835844272527	0.0314692827500076
1.24602630890287	0.852155037727577
0.564503819639343	0.44208483864379
-0.120320502588645	0.0705454094689928
-0.797451486064238	0.860122205012341
-0.66905350966668	0.397682311557487
0.597820567546455	0.449045069945153
0.969577303035704	1.0491246099087
0.780834022342611	0.745038627508743
0.794132049037337	0.961228425055033
-0.0543351360350684	0.0353402354406711
0.86969795910776	0.871862136572725
-0.356420231230986	0.292600244742534
0.3901323762951	0.32127813583613
-0.434806347900089	0.418877964704449
-0.466250082959873	0.468863142306185
0.482874152879351	0.42951605561159
-0.157632563832118	0.127702649952816
0.16518114553593	0.121252578355558
1.16514237889853	1.7782916696017
0.68982404388878	0.69393664058477
0.441986790939576	0.500998855986097
0.506232209801697	0.440894711095334
0.501385363437218	0.435174017536967
0.628711320258078	0.569870987117477
0.950524636216586	0.63582805186896
0.5330509434039	0.307923058373961
0.601067816932079	0.451647865274958
-1.10870885714061	0.742738630536876
1.60807527993723	1.12099626580657
1.42545506292517	1.59523432760348
0.127239208880002	0.0433350040918735
0.347827931837689	0.173595277747051
0.710706637880744	0.571031170153952
0.436467912508385	0.313625192001464
1.21715142531703	1.18962440023366
0.143689697967889	0.0763461077186822
0.587545453396149	0.438865471583041
0.166056658376141	0.119249511959015
0.379467148181316	0.321831001027859
0.717029217274236	0.586156089197013
0.912381473144415	1.0119435740787
0.154993777929867	0.0932982556874549
0.454291528406316	0.411676341881136
0.367591209154986	0.323557607736205
-0.521601602591361	0.399424099248027
1.40616539661051	1.74205894909702
0.915804528457898	1.02490443517417
0.521181724358264	0.525909435077225
-0.0957785490591818	0.0597732529230898
1.01247211502462	1.29588119749849
0.549421322175902	0.630433512146471
1.48679367374999	1.95643310035485
2.25845116063837	1.75234174717279
0.687957880038966	0.691892049757683
0.61711989987896	0.675389381589329
0.0569771554903045	0.0370625957401197
0.576470803968294	0.558819965506093
0.265947460650011	0.237807392172867
1.10209953478848	0.982658815436697
-0.255161064171949	0.128589826931615
-0.248892050855984	0.125306899342208
0.673205779680058	0.313033819267461
-0.0691408293192433	0.0303380268294711
0.681390022630868	0.321647044775536
-0.49771595892838	0.261841159607629
0.152608461208848	0.0872668154685242
-0.291310101618371	0.185231262554287
-0.342868663781164	0.204963005983547
-0.194183972981609	0.103900598784353
1.08544633069821	1.46095213112383
1.24243603937475	0.860557908538359
0.146346303266579	0.0691842002421038
-0.0704900742805476	0.0308853318681583
-0.000579714904502816	0.000156017464144203
-0.404203194378071	0.225414888668935
0.15682999725388	0.0961223350873939
0.946973875403277	0.929491125386649
0.693543721756241	0.447951402416937
0.823289016368665	0.963629298503785
1.05100136898807	1.18455103950173
0.857151487862022	1.05120693399601
-0.0685050064310607	0.0437892939048844
0.160110017705541	0.117808659292138
1.85847664544532	2.41788005211222
0.441240889850005	0.414484851495029
0.416225493990195	0.315546572398454
0.601975194481206	0.562215711888044
0.946881724392901	1.13805456133229
0.711222180901919	0.575460009824973
0.572692131987931	0.653671336486967
0.0935284069290351	0.071326454048336
0.387515242182442	0.29883401044945
0.592036755943688	0.439228755330472
0.743818222514202	0.824395186261663
2.22400238397561	3.06006721867413
1.13463298808126	1.36303938679683
-0.287531316504716	0.183168495702366
-0.0155649162515809	0.00794474858809376
-0.990855476237095	0.493271466538779
-0.353470534908685	0.212646540162959
0.80404554339976	0.344481245407227
0.808014579926113	0.335767579835814
-1.17638953690838	0.65237426353775
-0.163339996487994	0.0926587343640042
0.559444102380994	0.440825660237059
0.14270895086791	0.0675489087270504
-0.915115785009619	0.779281441133252
0.498120767329359	0.426737871934861
0.932224777489615	0.912554188213168
2.52364453970338	2.32841722532482
0.989659161552158	0.800797720270349
-0.0640399455094618	0.0408807308583053
0.29577795433186	0.20256029062151
-0.0644357305033115	0.0282701094820043
0.327553112019414	0.178960253321498
1.76355853609198	0.980968268283869
1.32916697548193	1.40131176158278
0.936796360272117	0.908646740240267
1.01584606283575	0.960519678212038
0.280844878629442	0.20284406600872
0.934314107598798	1.42077893153379
0.63584874803683	0.681269290061053
0.729288017810008	0.69781888438053
0.601207514805338	0.554791223755232
0.178595308656059	0.150847613487141
0.364849563859366	0.320530767406095
0.181418382385772	0.16171839558636
1.41110320839861	1.7452023940408
-0.403024382891503	0.324679012937072
-0.0213400567813254	0.0166655040262503
0.0651655580407552	0.0456131516248877
0.37694783862144	0.318839288008019
0.329717940626018	0.329911651116736
1.07925644652424	1.35526344292767
0.13543925593578	0.0701584133161159
1.08155883963395	1.37789624301547
-0.190117214510539	0.149702408737671
0.777218275595796	0.910447529677527
0.984459589245318	0.799837518501441
0.98260149844391	0.7766672139249
0.780955956121045	0.61374262884255
0.871134482971047	0.88056871505898
0.368185984292923	0.315142824917765
0.78674285013253	0.95318719985981
0.695247913442761	0.703917569147019
0.447295647380132	0.437591801930646
-0.130967106466429	0.0780654765694869
1.63902136067189	1.49868566842811
0.132668064023021	0.0573436811619953
0.64342341463051	0.205691875654135
0.134073230654708	0.0460155036809627
-0.257866240372216	0.129731993789087
0.435610189267415	0.175668833000029
-0.288059839184742	0.184034684175477
0.134720480496125	0.046154809884801
-0.129197365037502	0.0775521173895835
-0.171744035907971	0.0622766425148134
0.173127814968096	0.1188184489369
0.15971366208732	0.109109781669077
1.01171325498751	0.928957859834521
0.703626411523665	0.459601625529781
0.67901757313456	0.322548276957465
-0.789563075453597	0.353585018166519
0.907828257556559	0.783338132620186
1.5259453283892	1.26700385484432
0.77800764601934	0.609799915773739
1.09719366152105	0.802271115938838
-0.402251183974101	0.32312829597045
1.42400952818447	1.57900979736379
0.774821130404631	0.462084985595458
0.14459620175954	0.0763397119585237
0.36898001752869	0.31524460658698
1.09620214128381	0.941996993778661
0.915473209812221	1.03192676504288
0.277263497363229	0.206107917673307
-0.403696191621792	0.356822285713462
0.776675335030107	0.605965300169975
-0.348305128540139	0.252573390685348
0.496345785198283	0.423973871046666
1.02588391567524	0.957573771912852
0.274532931169553	0.207124581078793
0.5258466918145	0.543329773470029
0.160633758474404	0.11433691611698
0.790490037761344	0.844565201313145
1.21986641882482	1.71072579720593
0.26514111513297	0.214646072309288
0.303474948302605	0.195280345051795
0.276248630289674	0.213727479379349
1.22764845319738	1.19776423321632
0.716087294913641	0.818123531569675
1.06320192147882	0.631237928566089
0.799821312383683	0.341077504348771
1.11247848331916	0.985645867229104
0.433997082782793	0.4311752967632
0.474308169878958	0.419472419989795
0.170694014648662	0.127103893839194
-0.323235588139948	0.270293522892353
-0.717620238494184	0.634523441142829
-0.251118384097639	0.127027878665728
0.605978610030847	0.453539041469066
0.98257575963376	0.799876634006514
-0.164719608084805	0.0599665084250442
0.325690211841483	0.181509801595978
0.808300040945747	0.342286925855588
-0.165586432304184	0.0606717374796943
-0.482640286113946	0.323830168238696
0.139029947833432	0.0534677394668494
0.525908239193096	0.43934740024599
-0.0150767776835107	0.00773306757158922
0.149640397054227	0.0784026675963137
0.782990804653616	0.464504996723609
1.44440912959221	0.894166867027739
-0.419197114433928	0.237439693877554
-0.990076889048968	0.498519022982592
0.852843230812482	0.619646074241947
0.13331140482618	0.0510057787849307
0.351053645582145	0.176327588602737
0.148081149133375	0.0708923413983748
1.00702586639927	0.941171462215742
0.159279871298547	0.102894886694555
0.529017009856258	0.302286517308052
0.169584492318303	0.11015608428251
0.136856947118518	0.0594806176786901
0.405658043742096	0.293845869082115
0.177744366845332	0.146020153087378
0.295728487733247	0.191196972270347
-0.175476363197097	0.123014283228617
0.279073974570275	0.211359970129333
0.0972006733702546	0.07393509682538
-0.458979332071536	0.358712501539044
-0.0463384683004074	0.0301870565799466
0.410328421183209	0.31462778222279
0.061144931986822	0.0409265233142529
1.13776895979347	1.5111730544938
0.535807528874364	0.548316088577367
0.548718227050191	0.538248441675095
-0.520323202601902	0.479903306165969
0.78254687153409	0.9386229474983
0.389863508545005	0.322497344215401
0.396625878308021	0.315890325858656
0.606776432004093	0.449168318898873
0.159655356451589	0.11317658102479
0.641203436908402	0.204828865510354
1.00982540305298	0.385206220726638
0.490994729383454	0.3034863407756
0.349524578537588	0.325839587059591
0.489002538752434	0.517596993020471
0.170159705551383	0.126486385656286
1.03951470362313	1.09533890011129
0.0765624092226048	0.0538915065018097
1.02253049227235	0.959159486978874
-0.63470220049283	0.573713455128352
0.134916619820253	0.0693416236265833
0.149941854003202	0.0911473660741078
0.34091363114373	0.168335469406872
-0.807217469957966	0.428960687693536
-0.193251118902837	0.103535220242584
1.44691986021885	0.899784327074712
0.804306426214091	0.344854975606889
3.25706867603825	1.08683794724682
2.09045884294033	0.939288640196722
1.25916158413349	0.699092982118865
0.381013403734791	0.173132440946282
-0.286734639074699	0.178992399520559
-0.510866966220332	0.387316648579325
-0.153043779469531	0.0867244903934832
-0.290115943466	0.184898254518016
0.488713907812251	0.434414594285132
1.30675103647863	0.583158549436276
-0.0893047167351817	0.0553645557388963
1.09289213806177	0.806569028854988
-1.02055959917501	0.939082375330799
0.316673749097296	0.190485490681652
0.140919584794549	0.0681808602916171
0.457178150879477	0.41686295532422
-0.104201009316249	0.0643935480702504
0.906308769526685	1.01559764847104
0.269987283220162	0.220426825904364
0.147623325386787	0.0847867516600305
-0.35670798064692	0.291402681725719
0.180883651979318	0.139061814247976
0.170323855389598	0.126758723309709
-0.594987931390384	0.595182642889957
0.828951965373455	0.865992033128995
-0.241081718801434	0.18599391416803
0.44835549842847	0.428453310557574
0.0333896194098818	0.0255922350750456
0.380315969305383	0.324033043262352
0.71127331814603	0.788746581297745
0.248943572774271	0.224793775157244
0.272188201244645	0.199502449243749
0.272259229583105	0.213481130999244
0.277713362740107	0.196008770468467
0.281375235209356	0.203887565888386
0.175245434360644	0.139918233470816
0.265067448447488	0.227605912712611
-0.747709242883983	0.869679730833932
0.314637941916845	0.318018954934654
0.886438945406954	1.21408416821999
0.183728759985317	0.156480688566763
0.173812257253548	0.12486368212451
-0.24836260153884	0.164248855373016
-0.228632247567238	0.175711342921838
0.287374889648856	0.20490784899384
0.26098778077404	0.233074745980868
2.1120441380259	1.45800660201227
1.55816203902384	0.773856683030631
0.60032102677226	0.559988106213396
0.401174770248421	0.315851311538164
0.172985819606231	0.127625370307791
0.401995243528497	0.419214021067813
0.0466483392687835	0.0301853832407711
0.161874441549249	0.114880473741008
1.14572598458826	1.40857734791436
0.829258341588768	0.862586724305768
0.356286458082719	0.307207320900179
1.02159477598694	0.967956204249207
0.147915186124637	0.0842022978471556
0.0400488003410693	0.0247323274431718
2.33133829579049	1.17443064736696
0.13398902342509	0.0516991626437089
0.508081388675797	0.18525425523165
0.138266096848304	0.0598915589446172
0.125649552242668	0.0412983260610214
0.840035720520966	0.76005164614904
-0.547594810270699	0.337882426826653
0.314646276849921	0.188210904564586
0.409849778362865	0.309389933540314
-1.1046050457376	0.762974892576051
-0.0718835844272527	0.0314692827500076
1.07237600402309	0.658492262230846
0.776209413932534	0.464413251415935
-0.610148058994223	0.292004055769228
0.645031553211946	0.454031366047446
0.600644064219128	0.314108576444545
0.646220566887227	0.456323812856662
0.0394230993038833	0.0241781099340591
0.674206593112083	0.318042593632573
0.772003976632204	0.456796340378408
1.01310574767372	0.963905357515591
-0.801541389642922	0.82645696484224
0.281974720798074	0.202974501549927
0.941100631134812	0.625400722355084
0.372886703813613	0.320114928361101
0.178524263246316	0.132551049593409
0.913824143222717	1.01489086507727
-0.590482236829904	0.433551435828252
0.0182110309905087	0.0130737352574901
0.314318024344813	0.199519172241718
-0.151279008765594	0.121839308026608
-0.0143971636003196	0.00984575827877972
0.159659384412946	0.102152003026463
0.536476263686277	0.442039132716718
1.14708298139871	1.52198474477538
0.632916348600677	0.676498304140223
0.267808486446837	0.223914261022168
0.290971063563952	0.196992624576395
0.146286782233227	0.0698654093196004
0.268601250626728	0.218197708647809
0.155207292663351	0.109372717858719
0.431290470326092	0.308395350725106
1.01179148986041	0.390812379931115
-0.749707900448518	0.266629197702648
0.582932800476178	0.2919810940929
1.38342590928461	1.05268316169167
0.463096318408375	0.312685331120639
0.838092146265052	0.759487922037668
0.602598919750661	0.569272736258487
0.377634625493548	0.311202026237982
0.177089582543622	0.135523369307291
0.0734504142180848	0.0510390697019619
-0.24975836996144	0.161366176738518
0.139872469097308	0.0759705631189868
0.382298901922351	0.30902121220348
-0.07735752307781	0.0495277791659406
0.166317944138938	0.11919889055938
1.01995242529033	0.959735426704089
0.557513315682659	0.444031120026574
0.149967217090243	0.0841662840293713
1.30745495657921	0.576594767890921
0.141628868364635	0.0268733845859336
1.0562442938858	0.514517896865213
-0.401406955563168	0.278186733397605
2.33460173726991	1.17212782432374
-0.556869060556687	0.351648876536548
-0.417110708623045	0.238013197776514
-0.932644723971451	0.682199761444542
0.298528433047446	0.190294998372187
1.07626750769814	0.664196174085665
-0.498763859886764	0.258203189364927
0.949676928569496	0.639122353969923
0.372766117836015	0.164135504664441
-0.693264415419083	0.482688747149211
0.781201401889848	0.466618674671619
0.785768459333294	0.469282505456099
0.456817874657768	0.306750452921449
-0.701938530367479	0.57102133806264
0.415158922391271	0.315603093162217
0.594346734690529	0.450182144940595
0.0294262037735833	0.0168728771913196
0.863073413754481	1.0007799554713
-0.217021038553825	0.1468065093989
0.38500845994115	0.326339023227815
0.30329237027894	0.180338199857437
1.42733552321157	1.60305772308032
-0.0622557763221861	0.0397918848510141
0.278658106404705	0.210722967894768
0.577224749210296	0.548637907787784
0.160495169613379	0.109532103878804
0.269262198314435	0.234202546423401
0.083367187060081	0.0585119600867316
0.275165071902966	0.203307246774167
0.269659764470563	0.225609218271953
1.09612960845109	0.946848953246525
0.5029366256476	0.181276920282539
1.09945993822375	0.826285576008802
0.335337102761707	0.183440760822688
0.895801610751292	0.482529728447923
0.596578162259796	0.453505300420211
0.282948312453371	0.17523401133917
0.155706583657917	0.0878164242716381
-0.94731388573629	0.687138838763599
0.598891672727073	0.4512569015874
0.617360597878462	0.669829167993269
1.29173614380575	1.60367584273758
0.501051772001479	0.430419783099367
0.754779320633379	0.835960683037153
1.27797321265465	1.88364312398415
-0.277184085985611	0.232817156866457
0.512584383620245	0.440498287336466
0.499624711406242	0.421415047323707
0.0296179934909882	0.0181179038958159
0.463482070863966	0.429780138493308
2.33554117606807	1.18577064905826
1.30184132398035	0.572606547674884
1.95195746251132	1.21343875174235
-0.196795883116232	0.106399711309697
-0.485268393020373	0.323516291652569
0.15147187475542	0.0797436610699984
-0.986718428299552	0.996297416421849
-0.351293001146866	0.254547372813694
0.433128399509895	0.1763668859627
0.715235288420985	0.583738653111015
0.786661828037195	0.467441675139553
0.330586446776391	0.183481255060317
-0.327632555853039	0.150316091254878
-0.345383749819618	0.21138184980874
0.312467756124026	0.188770574390754
-0.00880521218448744	0.00458030290065806
0.147184455600835	0.0765876671368899
0.166654160644957	0.108130618511758
-0.595389917193041	0.585268779659082
0.900623934665384	0.775005731201781
0.837182258963676	0.749133850333902
-0.294052945859478	0.187173651728873
1.01377149923868	0.952437872991401
1.57686447864095	1.69879834804718
-0.12106288269793	0.0725602647457133
1.47944036362813	1.94170927584772
-0.576449524964869	0.53725554459925
0.0265026371302536	0.0152781548308894
1.11960791678582	1.13215312967099
0.375169002209433	0.320765981261303
-0.399816346513492	0.320503134968628
0.775382348222677	0.736810777290931
0.414106471604553	0.312255569565919
0.663401197347222	0.691710683212395
0.0313429887010895	0.0187655451901448
1.24066013245203	0.852561263655785
-0.350219495269131	0.252428065330674
0.293961357673804	0.187928865835014
0.172071121937465	0.117245805710319
0.847442201445686	0.751585670872629
0.16010472673719	0.103021501041011
0.180942514023857	0.134091143633891
1.10567951724219	0.98100381575793
0.393515650371412	0.416383944157956
0.181276964542257	0.128616856769911
0.265944607684174	0.215869061255995
0.976851874518935	0.783053423377165
0.0534984485643966	0.0346846821727672
0.151968006216448	0.0795969839965982
1.11145386073227	0.990021951862145
0.266985961262167	0.206757371105159
0.685694012297363	0.421527349750261
0.84931778523878	0.622799009435132
0.128925533708437	0.0438883757730603
0.135687810090981	0.0405518208503784
0.150464261810769	0.0917943865939975
0.605489100357959	0.449041101034279
0.430791347584171	0.31031566042255
-0.198599370935758	0.107278877149318
1.6400730970588	1.52687689706446
0.0675419392005102	0.0459324107587904
0.634841892000394	0.446562666427852
-0.168107670861975	0.0611894191219251
0.942955114184228	0.628889284835414
0.726492471522449	0.597156136004163
-0.68806671205434	0.480065621204855
-0.496020745355083	0.426978250717488
-0.0672806166137434	0.0295477047357351
0.528602410195699	0.303181999079913
0.824855014031052	0.73144077417064
1.22493817235425	1.02047680055883
-0.915603585582701	0.770774570448781
1.5175553069464	1.77058824008229
0.324005265389154	0.19170066941651
0.300784478464663	0.195919906397695
0.284838865627184	0.205363167276947
0.724193536760724	0.597684793749049
-0.328287592408787	0.273532507494756
0.287670459010101	0.195464431715417
1.5185988794869	1.28313814898033
-1.26448343342409	1.17340212058294
0.725134890270784	0.600998031652624
0.84626365633948	0.610727327397655
0.848285828521961	0.620824806554551
0.376697019460926	0.309643684217156
0.160554469637898	0.103589442514277
0.153528411141307	0.0927574095096294
0.164461276278659	0.121291310279593
0.556879580439739	0.43723217964497
-0.121666636833661	0.072872060167803
0.70592594657271	0.443976792155342
0.783280126692186	0.739057755735932
0.467479395171233	0.31507739497572
0.0727016626075314	0.050334408184638
2.32492660242349	2.63095335231144
-0.122173641871384	0.0889661188885133
0.678115190757382	0.321110111421806
0.840885738395464	0.76186584419742
0.308756239515123	0.185047779727279
-1.35981306473904	1.1256312963445
0.147479552304839	0.0838327959887946
-0.197709338548322	0.154860478308679
-0.0708959284935654	0.0311295953444093
0.00346693074317516	0.0019384816722985
-0.666366130698674	0.397561324527142
0.159104359848866	0.103846567285133
-0.922874725367699	1.1696113225547
0.0627762272016568	0.0425316307090227
0.151949685663896	0.093122100589171
0.152595918555395	0.0804070551105999
-0.065701873009113	0.041758915646237
0.0257307187305833	0.0149662723157958
0.355972906961892	0.178395860059463
-0.241919415650672	0.158041411758009
0.140596907573201	0.0608860240648
-1.1027863852709	0.750370118687353
0.324758471389734	0.180795123240498
0.128463635326266	0.0493757620403598
1.11781607261563	1.12942589712329
0.521819745807643	0.43408534551075
1.21899733717045	1.00401157590351
0.0118371395397918	0.00631557022246007
0.282340420045856	0.191197808583019
-0.32060410106638	0.148325985439507
-0.0808549216391888	0.04843171843019
0.676008126999332	0.319754593790644
0.460649851556271	0.311428202355495
1.94071106675353	2.67098797160088
-0.134677206429594	0.0799957229188389
-0.703758470980408	0.561746359279695
0.895500248077938	0.758147186341952
0.833701745424208	0.764781180967845
-0.406031145478155	0.281398219649545
0.290422537177356	0.184713856003845
0.489797090066881	0.437443544684917
0.779151655297917	0.612090565900685
0.486747017568733	0.304683475068225
1.25736532167505	0.697047384882655
1.61519297623579	1.09769822061647
-0.408158885808326	0.231696092915288
-0.617363775826488	0.298920776015589
-0.70577061190931	0.568076422752697
0.351406882821837	0.176815446402141
0.165409165471396	0.222970305482877
0.334200107371489	0.510194563118887
0.230490485916329	0.262501332897825
-0.459023715229461	0.468044788284287
-0.0734341933027332	0.0472428769325037
0.600969101457315	0.564707648028857
-0.601259250824413	0.444403026409185
1.7609145786234	1.3381480778528
-0.0513763431819513	0.033506869396792
-0.403915932305034	0.357439975987167
0.447106322877732	0.425461438774496
0.337978716570984	0.323527370852296
-0.59641150357754	0.595167260570244
-1.14744250193475	1.2941323468727
0.0994138083019006	0.0756743384576526
0.540317353181992	0.31002646923819
1.05053728836793	1.10322777321042
0.882645621319162	0.474804462161909
0.532623269959013	0.30916767420999
0.135506264229104	0.0583261544619557
0.0552763761933811	0.0357950504860141
0.540256333506185	0.311198145745925
-0.115102540246308	0.0464062353304709
1.06961507202694	0.648583785760315
-0.614386323917022	0.298711515778912
1.39016767728191	1.07306394539463
1.21186901427099	1.13495123701729
1.6118514342688	1.11015008885053
1.5175809574803	1.77843856740483
0.142329222531588	0.0749784106256131
0.134038215186907	0.0506786736417069
0.639033861481866	0.455206797074406
0.880674653748908	0.467413905930449
1.30745495657921	0.576594767890921
1.79262476035013	0.701086338174517
1.31118762702853	0.571408737604673
1.8007131844382	0.713314573443425
-1.29580538399491	0.604526107834548
1.04827876670718	0.512729987704964
-0.169623487855993	0.0621362492988738
-0.546018743781524	0.210554240096112
1.31233879202761	0.574741911330394
0.593180602081494	0.309281164073886
0.390294984266669	0.720494847617155
-0.654273943075737	1.42698126325569
0.350712206450616	0.315710933651808
0.437226724649388	0.313133055265106
-0.681594171737437	0.469483358893787
-1.33592302736971	0.837578682671657
-0.243037200359954	0.0794695125621782
-0.116155411560642	0.046386986442749
0.570830757705365	0.548301660128772
-0.129290881655863	0.0942694142809791
-1.11480930706584	1.56233691975886
-0.63365785207049	0.769907728000483
0.425903746781593	0.516299341962163
-0.335830115265772	0.330186708406588
0.529093271929099	0.540921825867287
0.432818540013999	0.176395167801005
-0.0168942155967886	0.00861910795222448
0.135175777305826	0.0517622043745
2.74438259751335	0.780038400688451
1.30930772219347	0.578363663392743
1.79162840936759	0.703437230890096
3.91543307449018	1.71602442481913
1.95256933090985	0.464168557061862
0.294670093926668	0.203180504222629
0.420108194306329	0.317613467677028
0.50647246023682	0.435733884510174
0.274847605875834	0.207392759797937
0.163043738795373	0.116432095297885
0.136119748848585	0.128261120503606
-0.00975206038208891	0.00773864038219162
0.771607674433667	0.456689081283294
1.22470625807129	1.19476386586565
0.323047392137146	0.177971317098074
0.88650234922062	0.476119299993675
1.44009057434775	0.88349706497963
0.888387974329828	0.479986838285812
0.462511110515844	0.311776153876491
0.166420775355721	0.114587745170738
0.521385468165519	0.546147369595622
-0.0466182137089986	0.0220262082579595
-0.317854786264034	0.147018882167355
0.603535081880756	0.569839995301371
0.13613567126671	0.144302907389673
-0.0168513615346734	0.0145857312518617
0.196317876526806	0.172451931565123
-0.951941691552981	1.07402819872294
1.63810724744759	1.48616359371331
-1.57732437705682	2.10054639057837
-0.800803726773062	0.891334025586232
-0.544600236375951	0.554266818517016
0.0459914707443363	0.0294877166302018
-0.790668388560237	0.922737105618164
0.493695949613542	0.419455518105604
-0.136568677723307	0.110931176758689
-0.18877935093749	0.166093510138604
0.511228371583729	0.623964638363652
-0.08969755004168	0.0652288892624213
0.148494617975806	0.0853704177247589
0.833011458701714	0.756277700588746
1.32539674334263	1.39320257753011
0.871919238161518	0.889409555817093
0.402224002400727	0.318646357536644
0.169924440490995	0.116870655312255
-0.597464694155392	0.440791705047822
0.556793492885572	0.444975509348004
0.0240187518202459	0.0179327534001424
0.283390694906542	0.204121592293936
0.270337768647741	0.217565882318484
-1.08336440283465	1.37203377589355
-0.726233430830454	0.749960508467978
-0.197727370334295	0.106623562869704
0.160896307823652	0.10500399929942
0.602321916757602	0.562420417252361
0.409744932446138	0.302166307050741
-0.523651991462551	0.493990282173691
-0.591965750455602	0.438387314064614
0.898004014264303	0.780663740798888
0.556468829579058	0.442903671994207
0.13431524967785	0.045406872446052
-0.555966639802273	0.350028761195522
0.00457487701547895	0.00252790347850739
0.512362249861357	0.441018667758674
0.491957559095042	0.310473036644131
-0.498079490189091	0.260121620046448
0.413684800458329	0.314087765941943
0.0263516647018113	0.0153208874620778
-0.503198464936101	0.264990878137926
0.381181749185143	0.172240019475104
0.379396674433148	0.170627484804735
0.322604693488113	0.17782163612302
0.140919584794549	0.0681808602916171
0.727881850865569	0.592811703867068
-0.617591144183801	0.513242235395658
0.299985937441449	0.192275751547438
0.856943418786924	0.621755525127873
0.393327471234771	0.308829510291617
1.14552554368338	1.39229445269311
0.640526836722556	0.576272911563741
0.598523628588128	0.452016564333566
0.0400607051484571	0.0246733130082694
0.349328114589159	0.329944686807521
0.174329504575871	0.135135787968397
-0.0659125260903412	0.0553379076781743
-0.518498187538929	0.549780508440301
-0.115456252031502	0.0942660112622737
0.377284917926183	0.299020815951647
0.254758210148933	0.23867369555808
0.275717137534541	0.230700070147824
0.696479494404922	0.683640082809608
0.260893411572533	0.226359540923357
-0.292065967820501	0.26687799212621
0.595155406498173	0.556741422909981
0.349318845519587	0.333010485885831
0.144408335810515	0.0754675787738015
0.136082679681813	0.0525324784428168
-0.873452786029661	1.00781216049751
-0.515578735495592	0.390718106610288
-0.518850186033919	0.390186094232504
0.637183883023905	0.453335219593025
1.62364914426157	2.28163693921695
0.0607949971073102	0.038509770531512
0.0189616771635283	0.0110683180632928
-0.803860491362782	0.445384158333154
0.141622879212106	0.0613794438926938
0.645741833064131	0.457002409012323
0.163542867701911	0.106449335286287
0.153747637312288	0.0948225362323504
-0.24886804239255	0.125392435615665
-0.0412366559200895	0.0197978413886425
0.299635119004968	0.192423701141635
0.379630134204269	0.317730576960621
0.49780123290526	0.429960642957233
0.875336186446453	0.882445742940291
1.22131408176524	1.35194405946159
0.0372723966007124	0.0292138837013781
-0.107800425049964	0.0872246437771392
0.0522804008145788	0.0432736711511077
-0.200204419362216	0.174136217428323
0.299053596782457	0.203280853712382
0.174302768017685	0.139292974690481
-0.222654612035156	0.189762193878101
1.14481532110618	1.53255590296215
-0.140842224990435	0.120586243086557
-0.0912642082208745	0.0666091916726285
0.520048970998876	0.427853679053021
0.183145412837376	0.151499266875348
-0.0203852831337094	0.010269877702042
0.300924279016068	0.193584236094085
0.464530446559351	0.314309287175589
1.66764970257946	1.8836657211705
0.896202739948299	0.778472848264906
-0.0147943684984363	0.00991423632914933
-0.408396015530197	0.288545500737931
0.529556845790757	0.302411371267835
1.2260033277844	1.02492113331086
-0.679486522115816	0.471022102863615
0.429738004776667	0.174027388577235
-0.120334427678392	0.0718168776593062
1.10739549284172	0.974666860592987
0.980809239116646	0.789493179102257
0.46078487476888	0.518657948735711
0.383970873834602	0.174549965674074
0.151710911536314	0.0963239657978189
0.0648703261282759	0.0452824711629148
0.672428340698536	0.86390149045193
-0.127809943272317	0.103874355383021
0.40032101912495	0.417675427816102
0.120519224643767	0.10338214822744
0.43244104541357	0.423168010909905
0.0876994034413371	0.0661280640009769
1.21438321945427	1.68239573615329
0.255849474806684	0.245923126187971
0.710063402374563	0.796466482185708
0.352648213849245	0.314819652253366
0.0581384342290605	0.0375481349887684
0.860433217097779	0.993357636782272
1.67705870925721	1.88898128241338
1.01524361791595	0.952171328274889
0.484174018970331	0.300343805148079
-0.111079199501302	0.0444318085674208
1.25378174849126	0.693055704036991
-0.135899605176365	0.0795300064191718
0.149735727193089	0.0858538627930456
0.339889947398766	0.315587443410971
-1.46810268992733	1.3204289244434
0.729857255871104	0.603263379222592
-0.17448120720249	0.121307915822942
0.143120954307416	0.0609666830065269
-0.209493517381591	0.142248634759251
0.991834607294788	0.792758680839172
1.76650436742015	0.995519639791045
-1.16187671965084	0.994794841333521
0.311212901342061	0.198927330267588
1.43335150194726	1.61399283647559
0.637183883023905	0.453335219593025
1.46101461265746	2.07561911496487
1.07435357177067	1.36344847735068
0.35962150023693	0.297900949157381
-0.0166257790600307	0.0113223157943433
-0.493587698744392	0.524681606945765
0.564554166593779	0.548023809534412
-0.740898379578821	0.913896620628867
0.330519815853016	0.312888625969793
0.171536338419815	0.136931577864834
0.661211591292209	0.678489545905129
0.74714578731756	0.83167899657934
1.0216937285727	1.30489242851185
0.180500707509953	0.14898013303173
-0.166609738610267	0.133158255179012
0.27632282115509	0.224892085795378
0.667084961377457	0.579138160803712
-0.178256875926368	0.124338842405287
0.329646457848539	0.182509017059594
0.496116693455724	0.311555140781795
0.589613943672464	0.302058156155174
-0.164403605220993	0.0602516836701797
1.55324176552158	0.789473162707191
0.028584026312975	0.016201295350947
-4.41105163157679	2.27642930054715
0.156301086380536	0.0954123569087883
1.09066370545924	0.805198195613564
-1.48561122548369	1.04637989593548
0.0235778137919836	0.0134703493015088
2.50801813859044	2.24670320334654
0.691231208593085	0.444448613796087
0.59231748202227	0.450153341677204
0.330890644597549	0.18202840537808
1.51965638012764	1.79915697416526
0.947894091726565	0.63674547350165
0.841735320660389	0.754564029616939
0.596468791110989	0.314139878149124
0.025877872383598	0.0150399631499973
-0.00341918357192696	0.00161744096270714
-1.75036746295336	1.92213462541664
-0.237401708167811	0.216784923972893
-1.36389940126952	1.6066287085039
0.0391856711947246	0.0309390222836247
-1.02631873892423	1.43029495963681
-0.71459565137047	0.67002461643962
0.172829606866601	0.117689395857295
0.327754529124268	0.328349807556624
0.462775448310383	0.422181180570795
0.143163697564679	0.0687053497165093
-0.35032558242227	0.252015955012661
0.768993842377307	0.810127444377628
-0.704510168344745	0.55293061469233
0.131691731768424	0.0674168822240894
-0.238582126977172	0.0793549061566532
-0.0672410236610363	0.0289318198471722
0.376624444409636	0.168487996122538
0.132517398019614	0.0400248322660559
0.139576085242422	0.0352987079074651
-0.316022080983116	0.146006075452428
-0.469930676775451	0.308895417735084
-0.873238302992424	0.951732270142289
-0.0626360678435726	0.0274763429127806
-0.694585933220414	0.489966650828204
0.491223551783471	0.30761090164273
-0.701026478937218	0.563133837795905
0.492411622347675	0.311420531124501
0.528602410195699	0.303181999079913
1.0980641986509	0.815691464554923
0.565357371086041	0.447336514173207
0.493617016537463	0.310902092202477
0.783488801252617	0.46792550722739
-0.194363431896602	0.104379319069532
0.164956216109944	0.105636057557508
-0.347346692780215	0.251533114926126
-0.493946284112755	0.50090280614354
-0.323503271732474	0.293770211117971
-0.885760174181728	0.905639377185863
0.168821126013684	0.124914071882955
-0.524048525548686	0.493937974403948
0.186614119558972	0.143825181194708
1.11897665617286	1.73196402197575
0.374670902556181	0.320887035559072
1.04367802679951	1.10509022461403
-0.237282398828085	0.18213634998537
0.605274166320199	0.560706521217222
-1.66795797877561	1.71106269161643
0.685770264169312	0.314807933280647
0.141163741259031	0.0607266181229325
0.348627558527459	0.174056715969623
0.146704911397038	0.0624097423559321
0.13364980396347	0.0516208038140005
1.00907487707479	0.37988153605154
-1.53885506314061	0.55788473145619
0.351948363377535	0.177489465865794
-0.315577614826267	0.146862481150169
-0.460431742110929	0.362019972261886
-0.517710494576635	0.398136992595733
0.278270944021673	0.216904522623871
-0.302191156478651	0.224303388333166
-0.253636999500003	0.166591840330786
1.60541865256496	1.12484980229209
0.471369777259593	0.314333421269486
0.888741099895757	0.477133799204414
0.780772095947285	0.469007875946361
1.26375647998189	0.702726917390381
0.14676440336715	0.070123635824282
-0.0354806259084051	0.0168732099919473
0.3555693308396	0.178590724263741
0.14202167611158	0.0746895411091037
-0.103861643592973	0.0639633138320177
0.281812250491624	0.211738294384647
-1.27373201607394	1.34234333964568
-0.0438285728345031	0.0287173053488825
-0.559078128504411	0.597394566282764
-0.666049830141632	0.730678680262088
0.454892940754225	0.433872320123559
0.538612709582992	0.522754265282338
0.495143775012467	0.529618077085046
0.719878127863513	0.596573887849995
-1.17672857018046	0.665466879137116
0.136893234569059	0.0655799189002601
3.04277901779382	2.24814798848061
0.141073953121574	0.0741617081295512
-0.374056649896452	0.10984667872003
0.926329332609966	0.245803896301602
-1.61882057749934	1.23841003214281
-0.61786350837451	0.301730813295305
-1.18183311150445	0.666354253136408
-0.293200040635777	0.184937952426691
-0.781853517352016	0.344997662820348
0.148615254215376	0.0707768747122465
-0.318367864196796	0.147533211993386
-1.61160344306043	1.23693216535039
0.494071824693281	0.311379746942891
1.23422499010925	1.02914892709523
-0.344809493456458	0.275414706845115
-0.946573111417527	1.09897106742666
-0.268041429420983	0.203774068400717
0.387689154372901	0.411649254267002
0.535149714341961	0.630790837038557
1.07125754424859	1.34009797859355
0.179771449177479	0.155865384851822
-1.14556991714913	1.53690550671232
-0.723859731743168	0.758425451003249
0.172645150698377	0.133333885300057
-1.10467951219361	0.746711782352457
0.355511859071429	0.176916216054789
0.375904753812778	0.169595391952458
1.09027150130468	0.823310571685455
1.03847556128468	0.495934801349866
-0.499059236703051	0.264809008708048
-1.54109898628274	0.564008735008191
0.134489699809032	0.0400924429288267
-0.0175921227481951	0.00889562349813176
0.989701760911149	0.797945554154494
-0.990383023883529	1.24872676908526
-0.28750945593009	0.18126052130987
0.308864733868154	0.183523429807684
-0.655354667562282	0.64117036779977
0.59485093877954	0.437096218591066
0.540317353181992	0.31002646923819
-0.292670348764028	0.185014952835831
0.156320356597239	0.0988687129226629
0.381444035805059	0.314762519498763
0.378969431438892	0.410023520362751
1.28444011420405	1.87481875185619
0.262366899600071	0.259170325657043
0.399915361763941	0.319073295449951
0.467767296157879	0.405112055367864
-0.341818069942024	0.243282846481324
-0.22392021756448	0.170536922430611
0.913820998193016	1.03265230644623
0.501282555278532	0.312801084844106
-0.0185239123547443	0.00937150060341697
-1.04654949270349	0.81477417359377
-0.255132838988504	0.12807654837082
0.135633414284217	0.0464242544434658
0.343671365899063	0.172012046765558
0.679044547480305	0.314802072615007
0.132517398019614	0.0400248322660559
0.131669054203935	0.0451092981844482
-0.073739743444698	0.0318137205957316
0.157855464473959	0.0961592113247467
-0.252497309022547	0.128271921232759
1.85489496387548	2.39575240828388
0.678152618562684	0.588639813623293
1.11732340835375	1.11762629351243
1.23790496453102	0.832955640092249
0.852714335694557	0.618676616033359
2.23307739424746	2.44063014425988
1.35272327552095	1.24093338710723
0.0455307182810333	0.0279338641152861
0.514454935954484	0.537040491914447
0.44845743636477	0.423212664348061
0.574438788305906	0.558569121743
0.264699953108966	0.249194362914488
0.345394320189405	0.318175450221922
0.15971366208732	0.109109781669077
0.153965896021242	0.0992665010970862
0.0416456823857223	0.025444492328969
0.716518665362225	0.583634832577746
0.0268484224893106	0.015273331928213
1.39241080000588	1.06523458978944
-0.159806023666921	0.0585982110618119
0.133264717489137	0.0398651258030508
-0.416634741088855	0.237051646764641
-1.85406480145255	1.15308522445984
1.09516945535868	0.792403649026035
-0.318413249366042	0.148576123433419
-0.243738387832607	0.0804072076503759
-0.410395358220692	0.174479031259067
0.147027102029653	0.0775490313019242
-0.479877372865904	0.321533581288936
-0.898882577017309	0.84835707582967
-0.14033684191097	0.0814809063536707
-0.806040515214851	0.539925245423872
-0.301076149099377	0.222629578925828
0.336223508631909	0.183822162541854
0.131142088064851	0.0445435122752936
0.595058268809331	0.448197815377042
0.154205137043845	0.100184591262235
-0.914050637991679	0.771654632140992
0.778653562412638	0.610778051535878
0.780276343353852	0.468382954742763
0.334311530649363	0.326870035531665
-0.0990380178409392	0.0735802204088803
-1.29954055669751	1.59879821374297
0.16448319530374	0.11584936825971
0.0312949558622685	0.0191737329821897
-0.0386795662956464	0.0183983157791277
0.153234615927164	0.0984674514741173
-1.0141108755479	1.23442800346477
0.465030961302564	0.312874032108286
-1.22696443247564	0.896803445758262
-0.472074430169209	0.317416618331463
0.31138562830449	0.18683691201304
-0.619165887525896	0.30050872790294
-0.995514592535457	0.503604665926418
-0.164403605220993	0.0602516836701797
0.121227361271414	0.0409700101720185
0.141628868364635	0.0268733845859336
0.140559511659224	0.0666113032875585
1.22023226439007	1.32728585403852
0.306075512891873	0.182834056280719
0.509052098375085	0.181471315062222
0.143155562240393	0.0688757413903805
0.292160923802174	0.186596251179426
0.325183357937965	0.17831836192421
0.348685968829682	0.176546970120616
0.587952030276387	0.304198905455753
-0.518199582610226	0.396391717699586
0.777722423382528	0.607522404629724
0.596091643308744	0.312565873458659
0.430791347584171	0.31031566042255
0.267685899028244	0.209514570198771
-0.263162294939884	0.223088288138937
0.578344838789775	0.639107768700833
0.35565667627545	0.322572063833295
0.14887840121065	0.09505631395558
-0.623471479552098	0.519670148130359
0.0241368387412462	0.0139813735237796
-0.237496313172417	0.154789574583782
-4.2377166926858	2.01268081794709
1.30839406869701	0.574336449943532
-1.18092925200274	0.674823559358097
-0.152438718138399	0.0868667827193882
-0.791082425452461	0.354688548548345
2.08849476509833	0.9440485467898
0.307929566072848	0.193994562673462
-1.50480180909924	0.771951788837724
-1.16221729108314	1.00795188477935
-1.11012274764103	1.33053093419296
0.52908295537898	0.303632442768657
-0.0466245483082627	0.030631899526552
-0.270453682579192	0.206544952052861
-0.265948986260525	0.202640674327552
0.149642667757367	0.0846908911881958
0.296469502337255	0.202492966104771
1.44074976678366	0.89435459715547
-0.284535745005778	0.18186445538305
1.1167303344587	1.08763578555187
0.302946042032364	0.318767186153472
0.422944438112292	0.414640106415975
0.421061438408415	0.418693509176529
0.0645465374628055	0.0438403210165716
-0.119544012705678	0.0873307877542899
-0.16792484717266	0.116434795268426
-0.270687130231761	0.206190390250634
-0.56995191111732	0.528559838988429
0.590009693303153	0.444872010400594
1.10684810907857	0.996628475779693
-0.064927474639409	0.0284698162285851
1.38712517141895	1.05296061531186
-1.0475594705505	0.429178184450482
0.371519962664019	0.165046547709785
1.7570271645351	1.78105953430757
0.130882611694412	0.0448066859255122
-0.206257951150676	0.110250888616189
-0.654525649655747	0.378876385300889
-1.9937769058399	1.37698436990169
0.330121945020888	0.183381314976135
0.0436668507298729	0.0265981145651929
0.467711904048269	0.314224722919931
0.457901008088797	0.312791220938195
0.56440885807797	0.44811788804229
-0.413038071216339	0.175532905450482
0.13342584199096	0.0456780844290643
-0.407428989615309	0.228946621910513
0.707648862967292	0.575178988203266
0.700551001627007	0.458973635216588
0.483052801476509	0.43543474200155
-0.23738610350139	0.183100603770148
0.26934779841692	0.244750234014773
-0.491714655712598	0.426442790539363
-0.611643288556742	0.643296877558198
-0.159986764104456	0.0894121229743164
1.10758198760892	0.985273424797373
-0.150255402601064	0.107746630327621
-0.124672738771116	0.0737421564315916
0.60026485033585	0.312958239507999
0.681826516956302	0.319090733056294
0.431906529378716	0.175733526773866
-0.999008171225277	0.500155178408408
0.128999547000152	0.0438806201745586
1.75071141897535	1.32671403996847
-1.29507146678528	0.594700285047223
1.26005949265284	0.697482198003559
0.138980336863074	0.0729026724678595
1.09254683609209	0.812312860778049
-0.409149623369011	0.232732213628797
-0.248415295364859	0.125213674061896
0.143155835669324	0.0752756161630539
0.160606365141474	0.0911787832171905
-0.0354455905541098	0.016858171372764
0.775218541888266	0.463255120635734
0.159027389781537	0.0981397004997152
0.786335909944058	0.609686273503078
1.22158760939307	1.02129181181453
0.601146638824328	0.452240655630031
0.489355110031326	0.31022122879177
0.642618757038404	0.680638446702454
0.123206557921342	0.108073474126377
0.172687477600193	0.132048034031147
1.01527505383919	1.31833205191574
0.683487884746028	0.79551669552275
-0.622417859183835	0.520688108629057
0.162998212895111	0.106281287183734
0.0612936286718403	0.0394407672530393
0.0180073062046578	0.0105367537685218
-0.58973036905705	0.433250341325936
0.772449177870089	0.455463380528578
-1.54134641011664	0.564552208534783
-0.112699762810481	0.0451902475195628
0.377695211068658	0.16778143835423
2.7285151056673	1.69349023224091
0.887389179419767	0.4770761437211
-0.0436522083310366	0.0286706399141512
0.633228814835745	0.568194969521377
-0.0173514755113348	0.00877886430996264
-0.448082123408529	0.349290279501814
0.401497330106591	0.318518931009945
-1.20164242987042	1.24463514629864
-0.660432636856613	0.38909092238788
-0.165633878223146	0.0608230448483071
-1.50484950638427	0.76952599174228
0.318084353414912	0.190826841667621
-0.802355583864453	0.526314393045826
0.429645262155872	0.302094995272472
0.787108672302819	0.851762143288207
0.618598740786848	0.664988447536319
0.270117542569404	0.212261232049562
0.604887016106912	0.56969997606213
0.672116314017686	0.689773576352359
0.145836026347562	0.0836001830210763
0.153647470536994	0.0971022823010032
0.136989442351956	0.0529527438983794
-0.804371438314277	0.444480140418859
-0.213242504255405	0.113361892948631
0.324716057641229	0.17796387629084
0.49269463643653	0.310105904338083
0.155751166300099	0.0956962164445226
-1.26197195343354	1.18460010125649
-0.0773562064145667	0.0337206629579153
-0.0240880016779524	0.0118995469193827
-0.558740593010368	0.346403489656832
0.147660957031871	0.070750526610108
-0.162437099406384	0.0916326226864336
0.779335034448031	0.452157817639374
0.984182682314268	0.805570674106201
0.71888561541857	0.596944859965815
1.09478561187449	1.58267316606425
0.794726924440683	1.03270625070156
0.96927365741335	1.27781380767877
0.642498984034527	0.456429829874018
0.169349248318694	0.126236202066348
-0.235210747458031	0.181796455947037
0.27228838624681	0.213557160923879
-0.362414912548936	0.295762149825543
-0.0422950088939802	0.0277816054083064
0.407911055742812	0.304261918318919
0.382538489331006	0.172659190283577
-0.413618580789932	0.233756657423415
-0.967944191275437	0.596677701401342
0.360661037538238	0.178301092899872
1.65342729422415	1.52923564624198
-0.496718682057427	0.261566240761022
0.00474988133202234	0.00262409673315744
-1.1046050457376	0.762974892576051
-1.07054535695686	1.11728024826813
0.71711298667557	0.584707275287857
-1.69051418899385	0.967632725684681
-0.295785357716794	0.187998898398579
-0.307577321558659	0.138700189811828
0.63528716091571	0.445276114851313
0.840622529921333	0.610098987163249
0.559019692442344	0.557362990391067
0.752311885242922	0.828692716869687
1.13913384343253	1.41225617385904
0.551879772862767	0.645596239405808
1.12695613784363	1.24858850343265
-0.0450259058039424	0.0338333520196331
-0.243864056477777	0.162070203182354
0.345062662655804	0.172520989742511
-1.08441811039179	1.39274208567193
-0.805358702357529	0.615576729836635
-2.30657681162548	1.2006943086453
0.697984643749156	0.451518515670747
1.06179637039538	0.633400782635406
0.383979951955764	0.172465999477642
0.129941237746952	0.0445266641773187
-1.11005714884634	0.754782425838839
0.974856899488877	1.07332062911482
-0.0115903778594511	0.00598614098216311
-0.00951098980151168	0.00467657241139433
1.21608644129601	1.32709338131702
-0.394089791516252	0.349383778783705
0.990146077203563	0.802636743321786
1.0799165052314	0.663798307652868
0.169736155660021	0.116243694291637
-0.00164779524604734	0.00107189341078025
0.38779009021939	0.301282604034796
0.182738225129192	0.16677831580819
0.532753125277756	0.626581720518317
0.417086297518558	0.426931257690498
-0.0499030805820508	0.0384724317553886
0.707065061802697	0.799849783596303
0.341163694343341	0.303773083117048
-0.698647543028284	0.56341507328636
1.38420988001829	1.84582476258117
0.170510275645586	0.135060398503481
-0.310646234260457	0.229613219575796
0.34729488988748	0.175578462655389
0.889470556141641	0.481307251753981
1.76041476786005	0.983553365171002
0.584806842785755	0.297413274418866
0.380659208100774	0.172749149895122
0.299259685147938	0.194651927259437
0.946978817082799	0.923230941359528
-0.471210449299903	0.318129030422609
1.32729112724531	1.40126022702574
-0.882859004976627	0.972726840944043
-1.24680591145668	0.934230801070512
0.796822032336151	0.339034428445647
0.351948363377535	0.177489465865794
-0.0226669866685325	0.0113255943902581
-0.31518855263506	0.145872225877924
0.316140407181107	0.187690604690759
0.942502924499162	0.927166676956169
0.972965360480497	1.06137055696916
0.332759714131367	0.179591270837646
1.53359178807722	1.82401545704668
0.939168299404749	0.925410468596872
0.456964188123952	0.311645921417258
-0.240250354569456	0.185428058370911
0.736380160979864	0.723637881128386
0.503613524556275	0.527357805005372
-0.320104838337079	0.267613000524713
-0.00908002651691428	0.00616703153606802
0.170087700092272	0.131485767365789
0.153747637312288	0.0948225362323504
-0.804047530439929	0.824060269389601
0.451045471751091	0.300893554154123
-0.555003820610207	0.347157444483627
-0.129834131032118	0.0774753967828907
-0.344871996334034	0.247807158114413
-0.997014591499734	0.498348949434415
0.128127707435244	0.0484286246491816
2.08826346784154	0.942765758491391
0.842764699546323	0.614581194601227
0.136471825034789	0.0593672744044938
-0.651469596498525	0.158623372365254
-2.08842733153289	0.971005061190044
1.05131166712168	0.51832133916075
-0.799688773215056	0.427677095358228
-2.55543162766996	2.6030456750719
-0.937814229973173	0.678362506057413
0.424829140010351	0.172125883775507
-0.9351714546353	0.671485200597139
0.591225552584398	0.303958989494778
-1.99338266903176	1.39049167273034
0.504119448545076	0.18175729938249
0.538469521069496	0.308506778304311
0.466982724330659	0.311705485865141
1.24484758440745	0.826763399765806
1.35909125000802	1.23444493420886
0.723236317143051	0.601402013211762
0.43552836548711	0.31624743786784
0.680898988765081	0.591039819856919
0.590462763489708	0.438201521409043
0.594700698694506	0.546431464592622
0.574558238565391	0.556984549059482
0.529494768674867	0.528818300764225
0.526837853869957	0.63675916450678
-0.408860176372735	0.471687153482757
-0.139953092368147	0.12367438224071
1.01099887184763	1.30186504103752
0.258628415126944	0.228963284373827
0.0872728508479905	0.0668028702763785
0.909628133759199	1.31242496657757
0.658744724476579	0.679056416190082
1.01522244412626	1.55180828217634
1.66551304931134	2.67922423285103
0.28937529130839	0.207704045128147
-0.101980571448386	0.075563927605974
0.385049004837606	0.17461081850334
0.812033367307458	0.33715738281269
0.702691991414391	0.455190036053034
0.378406880142181	0.167065397474334
0.139118941073785	0.0410251643756321
0.136650751159166	0.0527716036977143
0.590801554674037	0.309792040812025
-0.155429091432578	0.0884132144227418
-1.11797495318157	1.08848196328174
0.906892231927052	0.78294999470606
-0.442620766233937	0.389005299779975
1.01018977174819	0.950086967295207
0.840545115031017	0.748376151242754
-0.0713520043076722	0.0310964022330705
-0.00722653232532277	0.00379920364972207
1.04671431462836	0.513193629181291
0.989516718344264	0.800550933069017
0.503582399190846	0.426121264652286
0.539841569442302	0.311287181390802
0.666139480909018	0.577141491138914
-0.482989970986698	0.318116478088913
0.578853384082264	0.555313841683889
0.150374505128159	0.0867361489091187
0.568233926047549	0.538991644137928
0.265521789474772	0.220156081178423
1.13011597590853	1.27176144512931
-0.469851245907353	0.310547168121673
0.274312317029146	0.214192869529403
-0.418278055276583	0.235486404945895
-0.233724972830139	0.1814981961228
0.639903565851783	0.57600670265842
0.775167694182535	0.920940694394327
0.43377984274185	0.424176540233537
0.273435904851111	0.193569493735653
0.411776202393679	0.416117327355641
0.282644027471817	0.213321422870975
0.463639358324839	0.427785579806733
0.155545721259797	0.0956223382152472
0.332239388919904	0.18317804675636
0.139674640842495	0.0597639850332119
1.01254068844739	0.386785712184281
0.67711437897708	0.318354079635132
2.09022812164202	0.945927753511983
-0.750500136544216	0.262945921354945
-0.558554609782979	0.355931354046597
-0.0408476727230379	0.019341110342724
-0.699305043748539	0.561121911051896
0.0636425326300582	0.0411460139445472
0.498692166083149	0.313423837577886
0.14553188622296	0.0829116581685228
0.486866200349298	0.299436640889483
0.147498881969906	0.0778298328142824
-1.0618268706673	0.853543019443606
0.854378784927731	0.625144861246431
0.140537711572049	0.0467983530536706
-0.0233534583200157	0.0116047552942538
0.351494514578381	0.175878175456915
0.649608960149701	0.45410294338849
2.51696875970031	2.31406138820554
0.715018994177589	0.582286069969361
0.453071858057639	0.30471279439615
0.388096154788836	0.322463956653513
0.487680057902433	0.437022153274863
0.662608150179953	0.684735457952002
0.524098430056142	0.42645374288367
-0.549299678450114	0.461111859249414
-0.0717687159388515	0.0456736579804298
0.294293376269312	0.210283828134767
-0.542198704375233	0.454644530850681
-0.503525171962608	0.434734762387234
0.310396851373414	0.197972528175229
0.643282861133598	0.686466826825254
0.162995387000855	0.105223799290568
0.292892695699779	0.1884379099218
-0.0020446998796172	0.000913586180883795
0.171846618931326	0.127246158955522
0.643388055259257	0.457632047972718
-0.0544020241302144	0.0343553278239246
-0.340324095308873	0.203729201741721
0.13251797852494	0.0511537531312601
1.01352383527603	0.385779054090432
-0.249315959695042	0.125782769531469
0.681651959963942	0.310955567836018
0.808596719059427	0.341954693942453
-0.239530983949622	0.079101339152492
0.592208684335966	0.311784807350277
1.08541315812348	0.804810391635939
0.160189496466972	0.0979574042251334
-0.995315644678691	0.496223489580549
1.61887567857437	1.12333018665557
0.0239086012084224	0.0139463599858185
0.6383928211949	0.445436280979806
0.131792570699465	0.0506912441120161
-0.249849184535341	0.123247040100849
-0.406615620555301	0.169863793614473
1.44637801096684	0.912150936562615
0.492882976447296	0.311747525657316
1.0507039761577	0.510889322175911
0.462227096013952	0.31539643910665
0.392014554619519	0.322326219713545
0.0293056100345934	0.0223586719583316
0.535807528874364	0.548316088577367
0.44134738684929	0.439964898767593
-0.302443745014019	0.224661244629532
0.356941968543592	0.307821144491593
0.0239531126633939	0.0137899253149251
0.032859898567309	0.0253924434490766
-0.634298126359196	0.578156459300084
0.937043049595561	0.886651045409019
-0.0244058800129688	0.0163076662162297
0.151806118846803	0.0911482604508774
-0.245689709629059	0.162579788383987
0.0705090172293996	0.0498040200596956
-0.129304572581944	0.077194107132673
-0.249368899211127	0.125151786418908
-0.111412544764416	0.045089943788383
-0.0403242260029834	0.0193820428990159
-0.405186522637126	0.172289835749246
0.135253837646586	0.0458607246619363
0.511367717753323	0.182929976181839
-0.592636784902068	0.44024199440867
-0.0381517307541082	0.0182220913063773
0.50002298955468	0.433791556359994
-0.64645089391009	0.586207423564475
0.324758471389734	0.180795123240498
0.40467688017343	0.317515720712027
-0.802531922300008	0.687353405774114
0.435746112132968	0.313196875175117
-0.241291646117652	0.160043528287288
0.847943005108014	0.621438107701349
-0.660858231636706	0.385641539513294
0.300632539874237	0.194541511425949
0.700592684486795	0.45779817949858
0.551198834175443	0.629754129060095
0.274402492295404	0.213470493329803
-0.996505270349177	1.00013553487879
0.119638194152101	0.102594356320347
-0.201521267795906	0.173923275211078
-0.0987304184709481	0.0820076702177629
1.21868105054856	1.48349242978569
0.874915390135801	0.894429545369442
0.920956874174335	1.23300488101965
0.629187296053249	0.748498666393376
0.583198723268177	0.564332114126272
-0.01158104777116	0.00791971474832581
-0.176848769636747	0.140691478676643
0.145198076507116	0.101450706211826
0.696190257400383	0.702034395294937
0.0653254170448524	0.0442548914635879
-0.501435028733428	0.263956495477953
1.02305684779483	0.958409633698284
1.07486309386323	0.665184826170886
0.780673283487758	0.466077166637653
0.706804565258779	0.460691299154748
-0.320156617046015	0.144875719532309
0.151671748725958	0.0864977989538495
0.562027565843677	0.443711018733768
0.643140800169989	0.579770363445056
0.909407386960883	1.01768249585782
-0.0873914329711254	0.0541945776074834
0.153462485371141	0.103585128290171
1.46920075578404	1.45929392928655
0.31224433559572	0.18657690658718
0.149990935823727	0.0793800680135845
-0.941103985316784	0.687155013743769
0.904012182909049	0.781926378781935
0.591667354127286	0.445877587672627
0.147657911701915	0.0764187117078325
0.489355110031326	0.31022122879177
0.360210008615642	0.318129109237867
0.45788304233715	0.437088456204279
0.172250810294327	0.132948770619196
-0.349015242162378	0.305376835820013
0.648048765649394	0.58213063896294
1.14192188426391	1.52250119171507
-0.0404015912587118	0.0308449498718182
0.0730788596084822	0.0517793627952313
-0.453386624819166	0.353764855040992
0.284353299966806	0.201460075562004
-1.0203981278652	0.923836681262828
-0.406977656603806	0.326541632697365
0.07168605557924	0.0483341337608968
0.271144993874551	0.209652621183394
-0.285801725453846	0.180892404850924
0.353307502912658	0.321974102259931
0.409197908440527	0.298569496618654
0.879879919418487	0.896833870440584
0.639033861481866	0.455206797074406
-1.17066170268084	1.02397074636986
0.541073391330812	0.447253805385109
0.596874044121017	0.449056045076199
-0.598595771564611	0.444358318182707
0.165114395787026	0.113167377849709
0.694477330724024	0.449048239187814
0.529021809219283	0.436262613149829
-0.285485857223469	0.182415763990795
-0.547909540913538	0.463167010169069
-0.247107039227701	0.163198124692123
0.166062343738176	0.113413819691236
0.350371354050042	0.327319823362408
0.251726463510099	0.241271776087617
-0.586845158897609	0.537127448702063
-0.406036155420138	0.358990825004435
0.0927359502669562	0.070367076587077
0.636341630042261	0.578772133872919
-0.179069630938577	0.143152876205323
0.381885099531713	0.308260384300418
0.172114326820817	0.133116855922427
0.0906195979814893	0.070338670900369
-0.208994217159332	0.141120653275855
-0.209284275239436	0.143137746050919
0.166420775355721	0.114587745170738
0.0219753863883427	0.0128353054414563
0.330506672092989	0.180068682430704
0.135253837646586	0.0458607246619363
0.129576970372072	0.0440312204196401
0.803361080865828	0.333358985165973
0.350105131435107	0.17403179564068
0.779781439316709	0.615448522905487
-1.268872182562	1.16696897342083
0.462011913252697	0.312729512718517
-0.401926260984954	0.32214594266913
0.637603389830628	0.580410772213095
0.161007550093119	0.10465276841861
-0.106134257424768	0.0428260913916659
0.302736211244821	0.176909316224334
1.00933034116623	0.95588150688506
0.310367303386179	0.18479568862136
1.10959468035066	0.989513038063451
0.601648090798582	0.450782219505582
0.815889710296286	0.958364007530643
0.441866526808797	0.316056258112702
-0.593367528178654	0.595136922940169
0.16617078439642	0.134592991414198
0.619989981447049	0.839995779155884
-0.502431386249777	0.503389146255627
0.455436882954712	0.414453900446776
-0.177359961945392	0.141717424414851
0.556683138292229	0.550027415466761
-0.362540206630105	0.294212578638758
0.370105600029536	0.315719405977305
-0.900966317042062	0.844892644703278
0.377923195273784	0.304392752563054
-0.126016638198349	0.0758447487737664
-0.24505092515069	0.159416197725247
0.431522958669223	0.309555798476831
-0.0283813929857888	0.0134792533070238
0.142295557775527	0.0684702437295511
0.636334245031832	0.202658963099978
0.979591945950591	0.784922593895799
0.552453625698256	0.306862890592148
0.900191605131087	0.776577532202578
0.774121899825318	0.599187084448138
1.00879550562994	0.942248061255459
0.280746808421165	0.213132381310677
-0.447667921405195	0.349272848853226
1.47188614924615	1.41000500234434
0.704996523301823	0.461066481883198
-0.252021318914833	0.128059804024832
0.536718451136399	0.310808999322767
0.148356677533011	0.0848578162490318
0.142135716499994	0.0613770333174805
0.780707743397437	0.467279309919693
0.100389349451158	0.0756798718262241
0.357477205327711	0.311902325265649
0.26826987091015	0.217801051762545
0.71203162184646	0.904786377108099
0.177482330656958	0.142300028554058
0.644321693374632	0.681661268578223
0.0807626722651721	0.0589510840624679
-0.120090537257558	0.0855323032664201
-0.280318494301503	0.174692546565733
0.0119497448192796	0.00817427183852408
-0.143937425441035	0.103034558120899
0.697055970199241	0.45847896002245
-0.617042912747749	0.649518265963275
-0.468554539084981	0.311392271795412
-0.127183600571134	0.0916053627073325
0.286001633448938	0.208137727589504
0.0174766543560679	0.0102203793792496
-0.807572988986153	0.623021419305646
0.436531891438947	0.175979805241969
1.55845228462058	0.785152960886062
-0.0940572205563785	0.0573298325945555
0.349133763801376	0.173036459859388
-0.352122006329276	0.2500251196013
-0.556419752453765	0.353402230855111
-1.61846831665549	1.22901766561096
0.638108512265522	0.454747968824521
0.325711939321233	0.177990274734561
0.67901757313456	0.322548276957465
0.382185511004412	0.171576853980353
0.292160923802174	0.186596251179426
1.09910706701279	0.971207995715183
0.0705690689183632	0.061157695882849
-0.51554117209127	0.478189349257286
0.679466518439469	0.932052902478784
0.181827836291984	0.148288593943741
0.943746189276296	1.15846748093965
-0.691583879395296	0.89689314328896
-1.09071986884238	1.3884849339129
-0.206194671563403	0.176124283056319
0.481988493281065	0.428822443227305
0.476745445709261	0.413603827894221
0.357009115555111	0.31427452013538
1.52051317503833	1.84329415624104
-0.493556189240904	0.498718563429302
0.434505809721536	0.423604899640398
0.319658817698629	0.191088336364339
-0.0408476727230379	0.019341110342724
1.30651499432768	0.576631348210832
0.537132283701268	0.31026256028213
0.428220694818722	0.173585777710766
1.09456429288565	0.821392811806465
0.533587152713547	0.305555984698929
0.294983167573089	0.201562237969989
0.501496195910189	0.435796787751393
-0.0712747336277885	0.0306892280242153
-0.0189520292179947	0.0094595791548289
0.709419578117072	0.578609775289739
0.143029826234806	0.0745961138792134
0.671986227329952	0.589089282461173
0.702457866718465	0.891621556351292
0.0887548559619577	0.0673236411502082
0.160251389531099	0.112428631256755
0.831146159582615	0.862910993404239
0.0160287857256774	0.0115940793998812
0.79034763920514	0.851292060102991
0.461477546334671	0.424313826017713
-0.436030263527805	0.383242406778455
-0.801051447482707	0.891241830906018
0.16963149541895	0.125474244499359
0.02245975654345	0.0167629257468533
0.95850645232474	1.25623243094552
0.425739020701106	0.171797865158022
0.142408810066052	0.0542361673425508
-0.240229628086566	0.0794522230625189
-0.105237877346259	0.0420919154430054
0.800473766880362	0.337564218889536
0.135500256447204	0.0577015774722853
0.64519752559114	0.205734411961475
1.523407016897	1.29294249085456
0.780615542002082	0.459467757361698
0.510550890581341	0.43838828864145
-0.144302087371051	0.0804072751953233
-0.613345918728932	0.504024899090473
-0.43617933504949	0.383186086016353
0.776523733222089	0.838392141808735
0.595414216852488	0.444028525364266
2.41162917229149	1.93422101284018
0.143422472166873	0.0751276843909464
1.47595783654096	1.93271467265915
0.0469967831917182	0.0290028453762263
0.278399939596445	0.208879140543403
0.598810452357239	0.446960320169322
0.486535424024247	0.529819448933553
0.402908180412545	0.393198028016068
0.855006605582157	1.09039483248678
0.283293604607325	0.19177186531265
0.387070213947758	0.31330551681943
0.168230938533753	0.113551618490678
-0.487170122413117	0.322712296627554
0.674166923307429	0.316819629814144
-0.754170547749538	0.262592018732108
0.535781704305004	0.309718321333861
0.122809366345359	0.041592599895705
1.42795516831077	0.478570790474717
0.426393633919265	0.172449504151539
1.07438155687186	0.658551757679318
0.698400378296503	0.458706370421434
-0.0695201634272713	0.0307122955680069
0.132538735405756	0.0564690753570071
-0.01551963425877	0.00795767131879095
0.522387283671639	0.289024283503445
0.940286958813707	0.627940984841811
0.259135437904315	0.236284609143935
0.283352197584345	0.229375753873398
1.05701870584725	1.2376348454143
0.260345228000417	0.209229528743297
0.509945345015169	0.439877033307188
1.33137715877382	1.39441691849491
0.676543796411754	0.318693570596001
0.144591161410917	0.0691712348588296
-0.114206629713226	0.0460179645801643
-0.321588029620699	0.149106465782365
-0.0231574638375565	0.0115933912459184
0.563461234586679	0.448008376274775
0.152172739105107	0.0720389589868929
0.0484666029240424	0.0295321772037417
0.37581548919103	0.302133349375806
1.23027084692578	1.02996027416833
-0.208766037095685	0.162874029424727
-0.811722817805681	0.706035677519858
1.32592342227163	1.40348869181322
-0.132347265497847	0.0787353924949033
-0.471879893819297	0.314805729401676
-0.314612307911753	0.145111292308691
1.47110086404042	1.4287875551106
1.07653725054679	0.655560261833673
-0.782775105759389	0.348783751611011
2.01448484383007	1.83610925462501
0.505524711177284	0.184537045848412
1.42785193139639	0.469601658503721
0.347615634033589	0.324225338897888
0.604646957700698	0.564029140037778
0.298019870282895	0.189634780990558
1.46490825020408	1.44545487456745
0.778160865314702	0.725372047306265
0.13076021520775	0.0599339742033662
0.774242089238219	0.455063151806765
0.60028094258571	0.447104273653591
0.942473243095218	0.628117083616417
0.129941237746952	0.0445266641773187
1.80171542630451	0.706040065289216
0.0952824783234886	0.0724805751172628
0.259700561539805	0.215693818690129
0.0591275642233233	0.0495325179499584
0.292968818898932	0.200208704619005
0.362222630028209	0.318234085523882
0.755985736113377	0.984618318248465
0.164398490807423	0.121707471816766
0.00876234208184954	0.00474679008066764
0.897226162738511	0.477258160156232
0.342218748036267	0.168747353383443
0.71859512619601	0.591953160793347
0.141622879212106	0.0613794438926938
-0.0376314638603506	0.0176629436555209
1.06999252447146	0.619054809099434
0.557449970453103	0.441495740746962
0.175145429002741	0.130512291714672
0.164491326071948	0.106657502902297
0.00422675247797743	0.00236114770007678
0.675441028398077	0.319290313551598
0.490549721244956	0.305094603974921
0.267143219470981	0.221654668382686
0.269504367654207	0.206616328464474
1.04027733169617	1.11407496489563
0.137556978054592	0.0531923652243862
0.383785973291712	0.171806914108393
-0.0398600568847925	0.0191310443466897
0.157733349808951	0.102590235201573
