x	y
-1.80211551800213	0.40518546889285
-1.80583314024352	0.404036831265938
-1.80190156331263	0.405310176911618
-1.80583314024352	0.404036831265938
-2.58468514934926	0.681926813759725
-1.80190156331263	0.405310176911618
-1.80211551800213	0.40518546889285
-1.80190156331263	0.405310176911618
-1.80190156331263	0.405310176911618
1.95256933090985	0.464168557061862
1.95256933090985	0.464168557061862
0.138169594891086	0.0265198668009027
-0.648677249821696	0.158587087101144
0.137033206871248	0.0343903632230145
-1.80190156331263	0.405310176911618
-1.84215992422119	0.772497364016813
-1.80190156331263	0.405310176911618
0.141168720466643	0.026788068800843
0.141628868364635	0.0268733845859336
0.137716344096337	0.0264356853006178
-1.80190156331263	0.405310176911618
-2.58513149511835	0.689509113042442
-1.16577583586829	0.360083099240396
0.138818714405564	0.0354421828043769
2.74531503858304	0.788587032684406
-1.16255649541829	0.360535388481223
-2.58513149511835	0.689509113042442
-0.648677249821696	0.158587087101144
-1.80583314024352	0.404036831265938
0.138169594891086	0.0265198668009027
-2.58513149511835	0.689509113042442
0.13806085974017	0.0349020150681185
-1.80190156331263	0.405310176911618
-1.80211551800213	0.40518546889285
0.138169594891086	0.0265198668009027
1.95256933090985	0.464168557061862
0.138169594891086	0.0265198668009027
0.139073148904902	0.0266055202308437
0.133621657798323	0.0257280473816019
0.926329332609966	0.245803896301602
1.95338582999428	0.463576578510391
-1.80583314024352	0.404036831265938
-2.58468514934926	0.681926813759725
2.74438259751335	0.780038400688451
1.95584693887656	0.462330835133922
2.74531503858304	0.788587032684406
-1.1600126841405	0.35529503686347
-0.372732473872603	0.110746709749891
-1.80211551800213	0.40518546889285
-0.649677393302236	0.159121336474823
-1.80583314024352	0.404036831265938
1.95584693887656	0.462330835133922
0.138618353811657	0.0265211219118666
-1.80211551800213	0.40518546889285
-1.80211551800213	0.40518546889285
-1.80190156331263	0.405310176911618
0.138618353811657	0.0265211219118666
0.137716344096337	0.0264356853006178
1.30977120345695	0.57893048591637
0.131531340806028	0.0393848494794365
-1.80211551800213	0.40518546889285
3.2493353238897	1.10864834370629
1.95584693887656	0.462330835133922
1.95256933090985	0.464168557061862
1.95584693887656	0.462330835133922
0.925335174824177	0.243267565805426
1.95338582999428	0.463576578510391
-0.650318276706871	0.160755761640221
0.137716344096337	0.0264356853006178
-1.80211551800213	0.40518546889285
0.137716344096337	0.0264356853006178
1.30581051293515	0.583204526982758
-0.371195854454092	0.109335251451445
0.138169594891086	0.0265198668009027
0.137716344096337	0.0264356853006178
0.138618353811657	0.0265211219118666
0.137716344096337	0.0264356853006178
0.138169594891086	0.0265198668009027
0.138169594891086	0.0265198668009027
-1.80211551800213	0.40518546889285
0.138618353811657	0.0265211219118666
-2.58468514934926	0.681926813759725
-1.80211551800213	0.40518546889285
-1.80211551800213	0.40518546889285
0.139073148904902	0.0266055202308437
0.137080532436617	0.0260826732150604
0.925979622549504	0.243736825113843
0.139073148904902	0.0266055202308437
0.132008056168482	0.0393965941991127
1.0085495226757	0.383135807980842
1.95584693887656	0.462330835133922
-0.649319222104321	0.16021039083734
-1.80190156331263	0.405310176911618
1.95338582999428	0.463576578510391
1.95256933090985	0.464168557061862
1.95256933090985	0.464168557061862
-2.58468514934926	0.681926813759725
1.95256933090985	0.464168557061862
1.95256933090985	0.464168557061862
2.74531503858304	0.788587032684406
0.141666634051722	0.0357514933011427
-0.536598984622011	0.209038089032502
1.95256933090985	0.464168557061862
1.95256933090985	0.464168557061862
-1.80211551800213	0.40518546889285
0.926974875419701	0.246284209674963
-2.58468514934926	0.681926813759725
-1.80211551800213	0.40518546889285
1.00659170771323	0.383129425199669
0.139073148904902	0.0266055202308437
-0.545641755228151	0.213156326519175
0.93002098112329	0.244423585041229
0.139073148904902	0.0266055202308437
0.927971507294548	0.243537608899139
1.42795516831077	0.478570790474717
0.13806085974017	0.0349020150681185
-0.649677393302236	0.159121336474823
2.7462498006239	0.778261278020301
0.138547275345784	0.0347818496624983
-0.378051187678928	0.111023447161183
-0.649677393302236	0.159121336474823
0.140605369101782	0.0351308802058006
-1.80190156331263	0.405310176911618
-1.15941464149533	0.35262764221233
-1.54033413653663	0.562613885619299
0.141628868364635	0.0268733845859336
-0.655163635992096	0.160369482742199
-0.243489732986148	0.0812398100864258
0.137716344096337	0.0264356853006178
-2.58513149511835	0.689509113042442
-0.649319222104321	0.16021039083734
0.137716344096337	0.0264356853006178
-1.54639876708013	0.566309129661381
-0.788021168436511	0.348184686446369
0.132279016539978	0.0392355437606514
-0.650959635012338	0.159168476600347
0.138818714405564	0.0354421828043769
3.62360809261866	1.43608472685745
0.139073148904902	0.0266055202308437
-1.16076621190063	0.359385238156804
-1.80211551800213	0.40518546889285
1.79162840936759	0.703437230890096
0.926974875419701	0.246284209674963
-3.09343711568729	0.972052225554497
-3.09280325935961	0.972693856185307
-0.375278197967961	0.109168764094764
0.138818714405564	0.0354421828043769
-1.80211551800213	0.40518546889285
0.92732486785368	0.24306890205782
0.926974875419701	0.246284209674963
0.139073148904902	0.0266055202308437
0.138169594891086	0.0265198668009027
-1.16180306616162	0.360626829502971
0.138169594891086	0.0265198668009027
-0.106671269738713	0.042971684899464
0.134526944690639	0.0258144647389653
1.95256933090985	0.464168557061862
0.925979622549504	0.243736825113843
0.138169594891086	0.0265198668009027
3.2493353238897	1.10864834370629
-1.55047641822889	0.558266521798791
0.139576085242422	0.0352987079074651
-0.649319222104321	0.16021039083734
0.128296084606295	0.0384571369192157
-1.80190156331263	0.405310176911618
3.9123489333965	1.72015641649178
-3.09216987140428	0.960869115746174
-2.58468514934926	0.681926813759725
0.141628868364635	0.0268733845859336
0.642202725024316	0.20486814652215
0.132517398019614	0.0400248322660559
-2.58513149511835	0.689509113042442
0.927971507294548	0.243537608899139
0.138169594891086	0.0265198668009027
0.134805386154992	0.0338121207710829
0.137716344096337	0.0264356853006178
0.139073148904902	0.0266055202308437
-2.58513149511835	0.689509113042442
0.925979622549504	0.243736825113843
0.139073148904902	0.0266055202308437
-2.49367439113581	1.40643004999845
-1.80211551800213	0.40518546889285
0.138169594891086	0.0265198668009027
-0.647268870262709	0.157438045305518
0.135138019902736	0.0395569950673185
0.136628230278163	0.0342854039182628
1.42795516831077	0.478570790474717
-1.80211551800213	0.40518546889285
-2.58557826662177	0.681302812577655
0.138547275345784	0.0347818496624983
2.74438259751335	0.780038400688451
1.31233879202761	0.574741911330394
-0.238832552153591	0.0781764879542639
1.79570418994076	0.710490111832351
0.134542642796399	0.0341445690681232
-0.373053653203401	0.10950615431338
0.926329332609966	0.245803896301602
0.640105850465034	0.203838328173808
0.640204384260695	0.202440736609696
-0.650318276706871	0.160755761640221
-0.649961670532414	0.158635340685799
-1.1600126841405	0.35529503686347
-0.648677249821696	0.158587087101144
-1.80190156331263	0.405310176911618
-1.80190156331263	0.405310176911618
-1.80190156331263	0.405310176911618
0.137716344096337	0.0264356853006178
0.138618353811657	0.0265211219118666
-0.648677249821696	0.158587087101144
0.141168720466643	0.026788068800843
0.641203436908402	0.204828865510354
0.639433294916704	0.204223062388441
-0.646622749070198	0.158987296788642
0.93002098112329	0.244423585041229
1.95256933090985	0.464168557061862
0.137716344096337	0.0264356853006178
-0.649677393302236	0.159121336474823
-1.53962161237779	0.55169274352384
-0.748962934462903	0.265874158565463
-0.245141409663293	0.0807658318475998
0.343141997677456	0.170722612640295
-2.30308872056658	1.18989522650814
0.138169594891086	0.0265198668009027
-0.372967191440885	0.109879462987979
-0.659391095185893	0.158977027492346
1.05592306926228	0.509552535621127
0.432216086405575	0.176459106478166
2.53989373036464	1.41814181384726
-0.324537889578314	0.150482113773763
0.644653544443343	0.203394918883316
1.95256933090985	0.464168557061862
4.15872224159386	2.00334296505939
0.141628868364635	0.0268733845859336
-1.54186427014847	0.562391050588268
0.130882611694412	0.0448066859255122
0.138818714405564	0.0354421828043769
2.33647975774558	1.1902357498922
-0.747972485615798	0.261954605937602
0.380305889074895	0.170534687309575
1.01179148986041	0.390812379931115
0.924819524550708	0.242047041172073
-1.80211551800213	0.40518546889285
-1.80190156331263	0.405310176911618
-0.648677249821696	0.158587087101144
-1.80190156331263	0.405310176911618
-1.80211551800213	0.40518546889285
1.95338582999428	0.463576578510391
0.141628868364635	0.0268733845859336
-1.80190156331263	0.405310176911618
1.95256933090985	0.464168557061862
0.139073148904902	0.0266055202308437
1.95256933090985	0.464168557061862
0.133502874099665	0.0402503094723903
2.74438259751335	0.780038400688451
-1.80190156331263	0.405310176911618
-1.80211551800213	0.40518546889285
-0.24838532814763	0.0814701316571013
-0.540837584872468	0.211287314007882
-1.16501672782279	0.357025208830094
0.133839510334783	0.0514783633650397
0.648207567850117	0.202781585382309
2.74438259751335	0.780038400688451
-1.16180306616162	0.360626829502971
-1.05761124603933	0.420547396047948
1.5538925777473	0.779864833648603
-1.54287595262912	0.564324390459102
1.42795516831077	0.478570790474717
3.92066530797147	1.7087082705816
0.133676190897627	0.0451799827147991
0.133264717489137	0.0398651258030508
-0.650815605433229	0.158518447092606
-0.650959635012338	0.159168476600347
0.137716344096337	0.0264356853006178
1.42616742954426	0.471762089576048
0.142425808142815	0.0356096114179749
0.132755613913402	0.0400087413766842
0.141628868364635	0.0268733845859336
1.76402843971267	0.977842822503622
0.137420997667979	0.0409326259269069
0.139073148904902	0.0266055202308437
1.01913790541463	0.388060093985107
-0.749707900448518	0.266629197702648
2.7489176254429	0.781882431670721
-1.80211551800213	0.40518546889285
0.141628868364635	0.0268733845859336
0.138169594891086	0.0265198668009027
1.95584693887656	0.462330835133922
-0.649319222104321	0.16021039083734
1.95338582999428	0.463576578510391
-0.242540504674911	0.0808346916156265
-1.16331040146866	0.356501861337983
3.61956389250147	1.43028882967321
-1.80211551800213	0.40518546889285
0.133621657798323	0.0257280473816019
-3.09280325935961	0.972693856185307
3.61850462978752	1.41205255014363
1.95584693887656	0.462330835133922
0.141938162059784	0.0354191252721787
1.95256933090985	0.464168557061862
2.7479767545239	0.782066977880158
-1.80583314024352	0.404036831265938
-1.84536271575861	0.770197726260662
1.42795516831077	0.478570790474717
-2.09495514552012	0.983809814108261
-0.649961670532414	0.158635340685799
0.139073148904902	0.0266055202308437
-0.650318276706871	0.160755761640221
1.95256933090985	0.464168557061862
0.922124936246008	0.243516971274684
-1.80583314024352	0.404036831265938
-1.15865836302273	0.356559362366982
0.125033303465894	0.0428637016829975
0.677684842631297	0.315207854178039
-3.09343711568729	0.972052225554497
-3.09343711568729	0.972052225554497
0.139073148904902	0.0266055202308437
-1.16180306616162	0.360626829502971
0.137716344096337	0.0264356853006178
0.133621657798323	0.0257280473816019
-1.80190156331263	0.405310176911618
1.95338582999428	0.463576578510391
0.137716344096337	0.0264356853006178
0.133621657798323	0.0257280473816019
0.139847419253076	0.0352678773972538
-0.647268870262709	0.157438045305518
0.925979622549504	0.243736825113843
0.138618353811657	0.0265211219118666
0.145565146619046	0.0360310894434119
1.95338582999428	0.463576578510391
0.926974875419701	0.246284209674963
-0.653515136282054	0.159727161117317
1.95338582999428	0.463576578510391
2.74531503858304	0.788587032684406
-0.648677249821696	0.158587087101144
0.926974875419701	0.246284209674963
0.92732486785368	0.24306890205782
0.139073148904902	0.0266055202308437
0.925335174824177	0.243267565805426
-3.09343711568729	0.972052225554497
1.01375799328144	0.385551763829273
0.13806085974017	0.0349020150681185
0.50902590722156	0.185473067884794
0.139073148904902	0.0266055202308437
-3.09216987140428	0.960869115746174
-1.16152021660948	0.35929571617842
1.02012143775892	0.385701440457898
-1.16653542749665	0.357252169580594
1.42579475314428	0.469453428525921
-0.645977108318167	0.157387277340251
0.13806085974017	0.0349020150681185
0.133621657798323	0.0257280473816019
0.640105850465034	0.203838328173808
-0.371963944093828	0.110621992809151
-2.08938828267238	0.974219420953404
-2.58945281070023	0.683631203527574
1.42898338960615	0.478193832396807
2.7489176254429	0.781882431670721
0.12918993805387	0.0442507386000375
0.140605369101782	0.0351308802058006
1.95256933090985	0.464168557061862
0.92732486785368	0.24306890205782
0.138169594891086	0.0265198668009027
0.139073148904902	0.0266055202308437
-1.80211551800213	0.40518546889285
1.95338582999428	0.463576578510391
-1.80211551800213	0.40518546889285
0.134526944690639	0.0258144647389653
0.138618353811657	0.0265211219118666
1.95338582999428	0.463576578510391
0.137790482671227	0.0349173015404508
-0.367195240283961	0.107121976389446
1.95338582999428	0.463576578510391
0.138618353811657	0.0265211219118666
0.139073148904902	0.0266055202308437
-0.374830084286624	0.109230425070539
-1.16105011316119	0.35650557951397
-0.236008497146937	0.0772385840822939
0.138618353811657	0.0265211219118666
0.139073148904902	0.0266055202308437
-1.80211551800213	0.40518546889285
-0.655163635992096	0.160369482742199
0.138618353811657	0.0265211219118666
-1.80190156331263	0.405310176911618
2.74531503858304	0.788587032684406
-1.80190156331263	0.405310176911618
3.2493353238897	1.10864834370629
-2.58468514934926	0.681926813759725
-3.09216987140428	0.960869115746174
1.95256933090985	0.464168557061862
0.139073148904902	0.0266055202308437
1.95256933090985	0.464168557061862
-1.80211551800213	0.40518546889285
-1.80190156331263	0.405310176911618
-0.649677393302236	0.159121336474823
0.137033206871248	0.0343903632230145
-0.654514463701247	0.160265207029626
0.926329332609966	0.245803896301602
0.139576085242422	0.0352987079074651
-2.58557826662177	0.681302812577655
-1.80190156331263	0.405310176911618
0.13806085974017	0.0349020150681185
0.141168720466643	0.026788068800843
2.74438259751335	0.780038400688451
1.42970262451774	0.46489469838612
1.95256933090985	0.464168557061862
-0.650318276706871	0.160755761640221
-3.4747598518894	1.2627547738838
-1.80211551800213	0.40518546889285
0.64519752559114	0.205734411961475
1.95256933090985	0.464168557061862
-1.80211551800213	0.40518546889285
-0.648677249821696	0.158587087101144
-1.80211551800213	0.40518546889285
2.74438259751335	0.780038400688451
1.95338582999428	0.463576578510391
1.95584693887656	0.462330835133922
2.74531503858304	0.788587032684406
0.139073148904902	0.0266055202308437
0.139073148904902	0.0266055202308437
-0.649319222104321	0.16021039083734
0.138618353811657	0.0265211219118666
-0.646622749070198	0.158987296788642
-1.80211551800213	0.40518546889285
-2.58513149511835	0.689509113042442
-1.80583314024352	0.404036831265938
0.922124936246008	0.243516971274684
0.930671315320304	0.244899140334393
0.141168720466643	0.026788068800843
2.74531503858304	0.788587032684406
0.139073148904902	0.0266055202308437
-1.80211551800213	0.40518546889285
0.138618353811657	0.0265211219118666
-1.80190156331263	0.405310176911618
0.926329332609966	0.245803896301602
1.4300525619712	0.473890200865325
3.91440476331281	1.72518419510354
-1.54186427014847	0.562391050588268
0.806075559060984	0.334230692685271
-0.654514463701247	0.160265207029626
0.138618353811657	0.0265211219118666
-1.80211551800213	0.40518546889285
-1.80190156331263	0.405310176911618
-2.58513149511835	0.689509113042442
-3.46998743660351	1.26411646563651
0.138169594891086	0.0265198668009027
1.95584693887656	0.462330835133922
0.138618353811657	0.0265211219118666
0.138818714405564	0.0354421828043769
2.74531503858304	0.788587032684406
0.929670085417592	0.244778423912617
0.133621657798323	0.0257280473816019
-0.649961670532414	0.158635340685799
0.930671315320304	0.244899140334393
0.138169594891086	0.0265198668009027
0.138618353811657	0.0265211219118666
-0.650959635012338	0.159168476600347
-0.649319222104321	0.16021039083734
-1.80211551800213	0.40518546889285
0.138169594891086	0.0265198668009027
0.927971507294548	0.243537608899139
0.137716344096337	0.0264356853006178
-0.24933364489508	0.0820914459040719
1.0127751373005	0.389769011989825
-1.80211551800213	0.40518546889285
-0.545641755228151	0.213156326519175
-2.58513149511835	0.689509113042442
2.09045884294033	0.939288640196722
-2.58899611685113	0.683672524401667
-2.58513149511835	0.689509113042442
1.95338582999428	0.463576578510391
0.138618353811657	0.0265211219118666
1.95338582999428	0.463576578510391
1.42692741367696	0.472854481440801
0.137716344096337	0.0264356853006178
0.138618353811657	0.0265211219118666
1.95256933090985	0.464168557061862
-2.58468514934926	0.681926813759725
0.137716344096337	0.0264356853006178
-0.369739934267753	0.108830229788068
0.804694516036484	0.340900603373708
0.926329332609966	0.245803896301602
-1.80190156331263	0.405310176911618
-3.47148123429515	1.24344411644129
-1.80190156331263	0.405310176911618
-0.370960450535942	0.108999469994633
0.139073148904902	0.0266055202308437
0.139073148904902	0.0266055202308437
0.137716344096337	0.0264356853006178
0.131669054203935	0.0451092981844482
-0.649319222104321	0.16021039083734
-2.58468514934926	0.681926813759725
1.79770278509994	0.709688375349796
0.138547275345784	0.0347818496624983
0.139073148904902	0.0266055202308437
1.95338582999428	0.463576578510391
0.137716344096337	0.0264356853006178
-2.58468514934926	0.681926813759725
0.138818714405564	0.0354421828043769
0.927971507294548	0.243537608899139
0.139073148904902	0.0266055202308437
0.138618353811657	0.0265211219118666
1.95256933090985	0.464168557061862
0.138169594891086	0.0265198668009027
-1.80211551800213	0.40518546889285
1.00877981494609	0.378635690415525
-0.649319222104321	0.16021039083734
0.139847419253076	0.0352678773972538
0.134526944690639	0.0258144647389653
0.136433082417729	0.040391101370101
0.137716344096337	0.0264356853006178
-1.54033413653663	0.562613885619299
0.138169594891086	0.0265198668009027
-1.80583314024352	0.404036831265938
-1.1600126841405	0.35529503686347
-0.649319222104321	0.16021039083734
1.95256933090985	0.464168557061862
1.01514716380863	0.378834091379577
0.138169594891086	0.0265198668009027
0.138169594891086	0.0265198668009027
-1.80211551800213	0.40518546889285
0.141938162059784	0.0354191252721787
2.74531503858304	0.788587032684406
1.95338582999428	0.463576578510391
0.639660215207864	0.203910262751024
-0.372732473872603	0.110746709749891
-1.80190156331263	0.405310176911618
-2.58513149511835	0.689509113042442
0.138169594891086	0.0265198668009027
1.42822224336494	0.477074019570971
-0.649319222104321	0.16021039083734
3.25318829374075	1.10976895754928
0.137716344096337	0.0264356853006178
-3.09343711568729	0.972052225554497
-0.646622749070198	0.158987296788642
0.141628868364635	0.0268733845859336
-0.649961670532414	0.158635340685799
2.74438259751335	0.780038400688451
0.925335174824177	0.243267565805426
-1.80211551800213	0.40518546889285
-0.650318276706871	0.160755761640221
0.141628868364635	0.0268733845859336
0.139073148904902	0.0266055202308437
-2.58557826662177	0.681302812577655
0.137033206871248	0.0343903632230145
2.08924618973395	0.946370198374706
0.137033206871248	0.0343903632230145
3.25318829374075	1.10976895754928
1.95584693887656	0.462330835133922
0.13806085974017	0.0349020150681185
-1.80211551800213	0.40518546889285
1.95584693887656	0.462330835133922
-0.650318276706871	0.160755761640221
-0.368734126017043	0.108489275130813
0.141168720466643	0.026788068800843
1.95338582999428	0.463576578510391
-2.58899611685113	0.683672524401667
-0.649677393302236	0.159121336474823
0.137716344096337	0.0264356853006178
0.929670085417592	0.244778423912617
-2.58468514934926	0.681926813759725
0.142425808142815	0.0356096114179749
0.139847419253076	0.0352678773972538
-1.80190156331263	0.405310176911618
0.137716344096337	0.0264356853006178
0.134526944690639	0.0258144647389653
-2.58513149511835	0.689509113042442
1.95256933090985	0.464168557061862
-1.80190156331263	0.405310176911618
0.139073148904902	0.0266055202308437
-1.80190156331263	0.405310176911618
0.137716344096337	0.0264356853006178
0.13806085974017	0.0349020150681185
-1.80211551800213	0.40518546889285
-1.16180306616162	0.360626829502971
0.923120742885382	0.240835684941142
-1.80211551800213	0.40518546889285
1.4300120770332	0.472328161227103
1.95256933090985	0.464168557061862
1.95338582999428	0.463576578510391
0.929020853400311	0.244303524147299
0.138169594891086	0.0265198668009027
-3.46998743660351	1.26411646563651
-1.0466059758693	0.42263598942516
0.926329332609966	0.245803896301602
0.639660215207864	0.203910262751024
2.74438259751335	0.780038400688451
-3.77079928020134	1.52240203576144
-0.655163635992096	0.160369482742199
-1.80190156331263	0.405310176911618
0.137716344096337	0.0264356853006178
-0.647268870262709	0.157438045305518
-3.09280325935961	0.972693856185307
3.62062366405083	1.43326252584705
1.95338582999428	0.463576578510391
1.95256933090985	0.464168557061862
0.133516783675935	0.0336393793939088
0.132755613913402	0.0400087413766842
-0.649319222104321	0.16021039083734
0.642202725024316	0.20486814652215
-1.80190156331263	0.405310176911618
0.141666634051722	0.0357514933011427
1.7999374187146	0.711558267279855
-1.80583314024352	0.404036831265938
0.139073148904902	0.0266055202308437
0.137716344096337	0.0264356853006178
0.634342685225005	0.200262051002372
-2.58899611685113	0.683672524401667
0.13806085974017	0.0349020150681185
-1.16180306616162	0.360626829502971
1.95338582999428	0.463576578510391
-3.09675293313402	0.963861246988004
0.926974875419701	0.246284209674963
0.134526944690639	0.0258144647389653
0.137716344096337	0.0264356853006178
0.134526944690639	0.0258144647389653
-1.80211551800213	0.40518546889285
-2.58468514934926	0.681926813759725
-1.80190156331263	0.405310176911618
-1.16152021660948	0.35929571617842
0.139073148904902	0.0266055202308437
0.139073148904902	0.0266055202308437
0.138618353811657	0.0265211219118666
-0.650318276706871	0.160755761640221
2.74438259751335	0.780038400688451
1.79492986711335	0.708745443595502
-1.80190156331263	0.405310176911618
-2.58899611685113	0.683672524401667
-1.80583314024352	0.404036831265938
-1.80583314024352	0.404036831265938
-2.58899611685113	0.683672524401667
-0.246045390123551	0.0811323193711411
-1.80211551800213	0.40518546889285
0.930671315320304	0.244899140334393
0.138618353811657	0.0265211219118666
-3.09407144090335	0.959647090123049
0.141628868364635	0.0268733845859336
2.74438259751335	0.780038400688451
0.133621657798323	0.0257280473816019
0.138618353811657	0.0265211219118666
1.95256933090985	0.464168557061862
-0.654514463701247	0.160265207029626
-1.80211551800213	0.40518546889285
-1.80190156331263	0.405310176911618
-0.238331644347611	0.0787660677791559
0.133264717489137	0.0398651258030508
0.139073148904902	0.0266055202308437
-2.58468514934926	0.681926813759725
-2.58468514934926	0.681926813759725
-0.648677249821696	0.158587087101144
1.95256933090985	0.464168557061862
-0.647268870262709	0.157438045305518
-1.80190156331263	0.405310176911618
0.138618353811657	0.0265211219118666
0.64342341463051	0.205691875654135
-1.16076621190063	0.359385238156804
0.926974875419701	0.246284209674963
0.925979622549504	0.243736825113843
1.01155779435024	0.385777953603479
0.142698404858563	0.0359575700897484
0.137080532436617	0.0260826732150604
-0.372732473872603	0.110746709749891
0.137716344096337	0.0264356853006178
0.137716344096337	0.0264356853006178
-2.58513149511835	0.689509113042442
-1.80211551800213	0.40518546889285
-0.650815605433229	0.158518447092606
0.926974875419701	0.246284209674963
-1.80211551800213	0.40518546889285
-0.370192063582796	0.107755133242033
-0.645977108318167	0.157387277340251
0.137716344096337	0.0264356853006178
-0.649677393302236	0.159121336474823
-0.648677249821696	0.158587087101144
0.926329332609966	0.245803896301602
2.74438259751335	0.780038400688451
-1.80211551800213	0.40518546889285
0.138169594891086	0.0265198668009027
-1.80211551800213	0.40518546889285
0.137790482671227	0.0349173015404508
0.138169594891086	0.0265198668009027
3.25036486382959	1.10725094810752
-2.58513149511835	0.689509113042442
1.79893570621489	0.71178866805356
-1.80583314024352	0.404036831265938
-2.58513149511835	0.689509113042442
-0.371963944093828	0.110621992809151
-1.80190156331263	0.405310176911618
-3.09216987140428	0.960869115746174
-1.16180306616162	0.360626829502971
-1.80211551800213	0.40518546889285
-1.80211551800213	0.40518546889285
-0.649319222104321	0.16021039083734
1.95338582999428	0.463576578510391
-1.80190156331263	0.405310176911618
-2.58557826662177	0.681302812577655
1.95338582999428	0.463576578510391
2.7479767545239	0.782066977880158
-0.649677393302236	0.159121336474823
0.133516783675935	0.0336393793939088
1.95338582999428	0.463576578510391
-1.80190156331263	0.405310176911618
0.926974875419701	0.246284209674963
2.7479767545239	0.782066977880158
2.74438259751335	0.780038400688451
0.142425808142815	0.0356096114179749
0.138818714405564	0.0354421828043769
3.62573565960846	1.41848408933262
0.137716344096337	0.0264356853006178
0.138618353811657	0.0265211219118666
-0.646622749070198	0.158987296788642
-0.655163635992096	0.160369482742199
-0.650318276706871	0.160755761640221
-1.80190156331263	0.405310176911618
0.925335174824177	0.243267565805426
-1.80190156331263	0.405310176911618
-3.46924124245495	1.26110671680306
-0.24933364489508	0.0820914459040719
0.141938162059784	0.0354191252721787
0.138169594891086	0.0265198668009027
0.133621657798323	0.0257280473816019
-2.58468514934926	0.681926813759725
2.74531503858304	0.788587032684406
-1.80211551800213	0.40518546889285
0.139073148904902	0.0266055202308437
1.95338582999428	0.463576578510391
0.139088984871223	0.0347391602259325
-1.80190156331263	0.405310176911618
-1.80190156331263	0.405310176911618
1.80296230556392	0.702658023385282
-0.649677393302236	0.159121336474823
0.141168720466643	0.026788068800843
0.139073148904902	0.0266055202308437
0.138618353811657	0.0265211219118666
0.133502874099665	0.0402503094723903
0.138618353811657	0.0265211219118666
0.13377964661681	0.0339655613686654
0.141168720466643	0.026788068800843
1.95338582999428	0.463576578510391
-0.650318276706871	0.160755761640221
1.95256933090985	0.464168557061862
-1.80211551800213	0.40518546889285
3.2493353238897	1.10864834370629
-2.58468514934926	0.681926813759725
-1.80190156331263	0.405310176911618
0.133621657798323	0.0257280473816019
2.74438259751335	0.780038400688451
0.134526944690639	0.0258144647389653
0.929670085417592	0.244778423912617
1.95256933090985	0.464168557061862
-1.80190156331263	0.405310176911618
1.95256933090985	0.464168557061862
0.139847419253076	0.0352678773972538
-1.80190156331263	0.405310176911618
-1.80190156331263	0.405310176911618
-0.369739934267753	0.108830229788068
2.74438259751335	0.780038400688451
1.95256933090985	0.464168557061862
-2.58513149511835	0.689509113042442
1.95338582999428	0.463576578510391
-0.650959635012338	0.159168476600347
-0.648677249821696	0.158587087101144
1.95338582999428	0.463576578510391
-2.58513149511835	0.689509113042442
-1.16152021660948	0.35929571617842
3.62168394400497	1.42736372029797
1.95584693887656	0.462330835133922
-3.09343711568729	0.972052225554497
0.138818714405564	0.0354421828043769
-0.750453159564684	0.266070645067511
0.137716344096337	0.0264356853006178
0.137716344096337	0.0264356853006178
0.138169594891086	0.0265198668009027
0.139073148904902	0.0266055202308437
1.95256933090985	0.464168557061862
0.138169594891086	0.0265198668009027
-1.80190156331263	0.405310176911618
3.25036486382959	1.10725094810752
1.95256933090985	0.464168557061862
-0.654165411001464	0.159831562379876
0.140906973713143	0.0352149950547458
1.95338582999428	0.463576578510391
-2.58513149511835	0.689509113042442
-2.58557826662177	0.681302812577655
-1.80583314024352	0.404036831265938
-1.80190156331263	0.405310176911618
-0.650815605433229	0.158518447092606
-1.80190156331263	0.405310176911618
0.926329332609966	0.245803896301602
-1.80211551800213	0.40518546889285
0.922124936246008	0.243516971274684
0.138169594891086	0.0265198668009027
0.505524711177284	0.184537045848412
-2.58557826662177	0.681302812577655
0.138818714405564	0.0354421828043769
0.141628868364635	0.0268733845859336
1.95338582999428	0.463576578510391
3.25036486382959	1.10725094810752
0.138169594891086	0.0265198668009027
0.139073148904902	0.0266055202308437
0.925335174824177	0.243267565805426
0.137716344096337	0.0264356853006178
1.95256933090985	0.464168557061862
0.133516783675935	0.0336393793939088
-1.80190156331263	0.405310176911618
-1.80583314024352	0.404036831265938
1.80296230556392	0.702658023385282
-1.80211551800213	0.40518546889285
0.139073148904902	0.0266055202308437
-0.650318276706871	0.160755761640221
1.95256933090985	0.464168557061862
0.130755305563244	0.0449465396920763
-3.09216987140428	0.960869115746174
0.92732486785368	0.24306890205782
0.139073148904902	0.0266055202308437
-1.80190156331263	0.405310176911618
3.24830720791551	1.09477551568481
2.7462498006239	0.778261278020301
-0.376278890867832	0.110765860075796
-0.650318276706871	0.160755761640221
0.139073148904902	0.0266055202308437
-1.80190156331263	0.405310176911618
2.74531503858304	0.788587032684406
1.01179148986041	0.390812379931115
0.139073148904902	0.0266055202308437
-1.80211551800213	0.40518546889285
-1.80190156331263	0.405310176911618
0.137790482671227	0.0349173015404508
-2.58513149511835	0.689509113042442
-3.47148123429515	1.24344411644129
-0.654165411001464	0.159831562379876
0.381533849964003	0.171992731032845
-0.650959635012338	0.159168476600347
-0.248387997661862	0.0825807028479737
-2.58513149511835	0.689509113042442
-0.653515136282054	0.159727161117317
3.2493353238897	1.10864834370629
-2.58513149511835	0.689509113042442
0.139073148904902	0.0266055202308437
1.95256933090985	0.464168557061862
-1.80211551800213	0.40518546889285
1.95584693887656	0.462330835133922
-1.80211551800213	0.40518546889285
0.137716344096337	0.0264356853006178
-0.377823620534237	0.111128034755999
-0.53632610293116	0.206974873110366
-2.58557826662177	0.681302812577655
-0.649961670532414	0.158635340685799
-1.80211551800213	0.40518546889285
-1.80190156331263	0.405310176911618
1.95256933090985	0.464168557061862
-1.80190156331263	0.405310176911618
-0.645977108318167	0.157387277340251
-0.649677393302236	0.159121336474823
0.138169594891086	0.0265198668009027
-0.648677249821696	0.158587087101144
1.95256933090985	0.464168557061862
-0.648677249821696	0.158587087101144
-0.163197529718782	0.0596830890651502
-3.46998743660351	1.26411646563651
-1.16180306616162	0.360626829502971
0.137716344096337	0.0264356853006178
-1.80211551800213	0.40518546889285
2.7489176254429	0.781882431670721
0.137716344096337	0.0264356853006178
2.7479767545239	0.782066977880158
-0.654514463701247	0.160265207029626
1.95256933090985	0.464168557061862
2.74531503858304	0.788587032684406
-1.80190156331263	0.405310176911618
-1.80211551800213	0.40518546889285
0.13806085974017	0.0349020150681185
-1.80190156331263	0.405310176911618
0.138169594891086	0.0265198668009027
0.139073148904902	0.0266055202308437
-1.80211551800213	0.40518546889285
0.141168720466643	0.026788068800843
0.640432049403559	0.206671110179374
-2.58513149511835	0.689509113042442
0.63910706673426	0.202016723610545
-1.16653542749665	0.357252169580594
-0.650318276706871	0.160755761640221
1.95338582999428	0.463576578510391
-1.54615842792672	0.564342761115075
2.74531503858304	0.788587032684406
0.926974875419701	0.246284209674963
0.925819939961969	0.242168104656227
0.138169594891086	0.0265198668009027
-0.650318276706871	0.160755761640221
1.00160728954786	0.37399144253537
-0.649677393302236	0.159121336474823
2.74531503858304	0.788587032684406
-1.54186427014847	0.562391050588268
-0.377279345813368	0.110037093431777
0.930671315320304	0.244899140334393
-0.649319222104321	0.16021039083734
-0.243241014092852	0.0808370662671502
0.142425808142815	0.0356096114179749
0.922124936246008	0.243516971274684
1.01074601962064	0.385312386444489
0.635117856765734	0.200579918716643
-0.382390918968991	0.110368087014075
0.134489699809032	0.0400924429288267
0.138169594891086	0.0265198668009027
3.25706867603825	1.08683794724682
-2.58513149511835	0.689509113042442
0.139073148904902	0.0266055202308437
0.137716344096337	0.0264356853006178
0.137080532436617	0.0260826732150604
0.137716344096337	0.0264356853006178
1.95256933090985	0.464168557061862
-1.80211551800213	0.40518546889285
2.74438259751335	0.780038400688451
0.139073148904902	0.0266055202308437
3.61956389250147	1.43028882967321
1.95338582999428	0.463576578510391
0.927971507294548	0.243537608899139
0.138169594891086	0.0265198668009027
0.138547275345784	0.0347818496624983
-1.16105011316119	0.35650557951397
1.95338582999428	0.463576578510391
-0.654165411001464	0.159831562379876
0.926974875419701	0.246284209674963
0.925335174824177	0.243267565805426
0.127312389438946	0.037842433686996
-2.30308872056658	1.18989522650814
0.137790482671227	0.0349173015404508
0.138618353811657	0.0265211219118666
-1.54716733927322	0.566283034461824
1.42898338960615	0.478193832396807
0.137716344096337	0.0264356853006178
0.138169594891086	0.0265198668009027
-3.7677667260788	1.5056512732729
0.642650740895789	0.20298545340287
-0.653515136282054	0.159727161117317
-0.646622749070198	0.158987296788642
-1.80211551800213	0.40518546889285
0.929670085417592	0.244778423912617
0.138618353811657	0.0265211219118666
0.139073148904902	0.0266055202308437
-2.58513149511835	0.689509113042442
0.923120742885382	0.240835684941142
-1.80211551800213	0.40518546889285
0.138169594891086	0.0265198668009027
1.95256933090985	0.464168557061862
1.95338582999428	0.463576578510391
1.95256933090985	0.464168557061862
-0.650959635012338	0.159168476600347
0.927971507294548	0.243537608899139
-1.80211551800213	0.40518546889285
-0.372967191440885	0.109879462987979
1.95256933090985	0.464168557061862
1.95256933090985	0.464168557061862
0.133621657798323	0.0257280473816019
0.139073148904902	0.0266055202308437
0.129515595212371	0.0385917089800423
0.427605900232615	0.173170350163645
2.3325100448268	1.17874795812717
-0.538623010678267	0.207463011400247
-1.80583314024352	0.404036831265938
0.139073148904902	0.0266055202308437
1.95256933090985	0.464168557061862
-1.80211551800213	0.40518546889285
0.130783366724484	0.0391461997340817
-0.650959635012338	0.159168476600347
-0.649677393302236	0.159121336474823
0.133502874099665	0.0402503094723903
1.95338582999428	0.463576578510391
1.95338582999428	0.463576578510391
1.95338582999428	0.463576578510391
0.138169594891086	0.0265198668009027
-2.58899611685113	0.683672524401667
0.138169594891086	0.0265198668009027
-3.09343711568729	0.972052225554497
-1.80190156331263	0.405310176911618
-1.80211551800213	0.40518546889285
2.75160033023002	0.768358222418302
0.134526944690639	0.0258144647389653
1.01988254667506	0.384160657007023
3.25422405878576	1.0988640104023
-0.371729277964481	0.109124865696984
1.95256933090985	0.464168557061862
1.95338582999428	0.463576578510391
0.139847419253076	0.0352678773972538
0.137790482671227	0.0349173015404508
-1.80190156331263	0.405310176911618
-0.649319222104321	0.16021039083734
0.926329332609966	0.245803896301602
1.95256933090985	0.464168557061862
1.95256933090985	0.464168557061862
-1.80211551800213	0.40518546889285
0.139073148904902	0.0266055202308437
2.7489176254429	0.781882431670721
-2.58468514934926	0.681926813759725
1.95584693887656	0.462330835133922
-1.80211551800213	0.40518546889285
0.139073148904902	0.0266055202308437
2.74531503858304	0.788587032684406
-0.650318276706871	0.160755761640221
0.139073148904902	0.0266055202308437
0.642430262122492	0.204551977387731
1.95256933090985	0.464168557061862
-0.744797769739109	0.261223376171582
-1.80190156331263	0.405310176911618
0.927971507294548	0.243537608899139
-1.80190156331263	0.405310176911618
1.95256933090985	0.464168557061862
1.95256933090985	0.464168557061862
0.145565146619046	0.0360310894434119
-1.80190156331263	0.405310176911618
0.139073148904902	0.0266055202308437
0.139576085242422	0.0352987079074651
0.138618353811657	0.0265211219118666
-1.80190156331263	0.405310176911618
-1.80583314024352	0.404036831265938
0.642430262122492	0.204551977387731
0.639329222636839	0.203514926064791
0.635117856765734	0.200579918716643
0.925979622549504	0.243736825113843
0.640432049403559	0.206671110179374
0.138169594891086	0.0265198668009027
-2.58945281070023	0.683631203527574
-1.16152021660948	0.35929571617842
-2.58468514934926	0.681926813759725
-1.80583314024352	0.404036831265938
2.7479767545239	0.782066977880158
1.95256933090985	0.464168557061862
-0.645977108318167	0.157387277340251
-1.80211551800213	0.40518546889285
-2.58513149511835	0.689509113042442
-1.80190156331263	0.405310176911618
-1.80583314024352	0.404036831265938
0.926329332609966	0.245803896301602
-0.372967191440885	0.109879462987979
0.926974875419701	0.246284209674963
-1.80190156331263	0.405310176911618
0.926974875419701	0.246284209674963
0.139576085242422	0.0352987079074651
-2.58468514934926	0.681926813759725
-1.80583314024352	0.404036831265938
0.929020853400311	0.244303524147299
0.138169594891086	0.0265198668009027
-1.80211551800213	0.40518546889285
0.139073148904902	0.0266055202308437
2.74531503858304	0.788587032684406
-0.654514463701247	0.160265207029626
-0.372732473872603	0.110746709749891
-0.372732473872603	0.110746709749891
1.95338582999428	0.463576578510391
0.141168720466643	0.026788068800843
-0.378051187678928	0.111023447161183
-2.58513149511835	0.689509113042442
-0.654514463701247	0.160265207029626
-1.80190156331263	0.405310176911618
0.138618353811657	0.0265211219118666
-0.648677249821696	0.158587087101144
0.138169594891086	0.0265198668009027
2.74438259751335	0.780038400688451
-3.09280325935961	0.972693856185307
-0.650318276706871	0.160755761640221
-1.80190156331263	0.405310176911618
-2.58468514934926	0.681926813759725
0.138169594891086	0.0265198668009027
-1.80211551800213	0.40518546889285
-0.648677249821696	0.158587087101144
-1.80190156331263	0.405310176911618
1.4300525619712	0.473890200865325
-2.58899611685113	0.683672524401667
-1.16255649541829	0.360535388481223
-2.58468514934926	0.681926813759725
-1.54716733927322	0.566283034461824
2.74531503858304	0.788587032684406
3.2493353238897	1.10864834370629
0.139073148904902	0.0266055202308437
-0.373053653203401	0.10950615431338
-0.649319222104321	0.16021039083734
1.95338582999428	0.463576578510391
-1.80190156331263	0.405310176911618
-0.372967191440885	0.109879462987979
1.95338582999428	0.463576578510391
-1.54639876708013	0.566309129661381
-0.650318276706871	0.160755761640221
0.133621657798323	0.0257280473816019
-1.80211551800213	0.40518546889285
0.139073148904902	0.0266055202308437
-0.371729277964481	0.109124865696984
-0.649677393302236	0.159121336474823
2.74531503858304	0.788587032684406
-1.80190156331263	0.405310176911618
0.133516783675935	0.0336393793939088
0.139073148904902	0.0266055202308437
-1.80190156331263	0.405310176911618
-0.647268870262709	0.157438045305518
3.25318829374075	1.10976895754928
-1.80190156331263	0.405310176911618
0.929670085417592	0.244778423912617
0.137716344096337	0.0264356853006178
1.95256933090985	0.464168557061862
-0.650318276706871	0.160755761640221
-0.649677393302236	0.159121336474823
-1.80190156331263	0.405310176911618
0.138169594891086	0.0265198668009027
0.138169594891086	0.0265198668009027
0.640204384260695	0.202440736609696
1.4300525619712	0.473890200865325
0.926974875419701	0.246284209674963
0.503634604531393	0.181750809305392
0.141628868364635	0.0268733845859336
0.930671315320304	0.244899140334393
2.74531503858304	0.788587032684406
1.95256933090985	0.464168557061862
1.95338582999428	0.463576578510391
-1.80211551800213	0.40518546889285
-0.370960450535942	0.108999469994633
-1.16180306616162	0.360626829502971
-1.80190156331263	0.405310176911618
-0.243241014092852	0.0808370662671502
0.138169594891086	0.0265198668009027
0.134542642796399	0.0341445690681232
-3.09280325935961	0.972693856185307
1.42682311163348	0.473648243082631
-0.649961670532414	0.158635340685799
0.133743144680782	0.0398540974543432
2.7479767545239	0.782066977880158
0.925979622549504	0.243736825113843
-1.15714724515563	0.352620115329855
-2.58945281070023	0.683631203527574
-3.09343711568729	0.972052225554497
0.138169594891086	0.0265198668009027
1.95256933090985	0.464168557061862
-0.648677249821696	0.158587087101144
0.926974875419701	0.246284209674963
0.138169594891086	0.0265198668009027
-2.58513149511835	0.689509113042442
-1.16180306616162	0.360626829502971
-2.58468514934926	0.681926813759725
-3.09216987140428	0.960869115746174
0.5052829367669	0.182279638609026
0.138169594891086	0.0265198668009027
0.924819524550708	0.242047041172073
0.138169594891086	0.0265198668009027
0.139073148904902	0.0266055202308437
-2.58513149511835	0.689509113042442
-2.58468514934926	0.681926813759725
-2.58468514934926	0.681926813759725
-1.80190156331263	0.405310176911618
-0.649677393302236	0.159121336474823
1.95256933090985	0.464168557061862
0.141628868364635	0.0268733845859336
1.95338582999428	0.463576578510391
-0.744797769739109	0.261223376171582
0.139073148904902	0.0266055202308437
-1.04569085125238	0.424269012979002
-0.654514463701247	0.160265207029626
-0.243489732986148	0.0812398100864258
-0.648677249821696	0.158587087101144
0.926329332609966	0.245803896301602
-0.405530795212908	0.172425679747037
-0.371963944093828	0.110621992809151
-2.58557826662177	0.681302812577655
0.93002098112329	0.244423585041229
0.138169594891086	0.0265198668009027
0.128532989649213	0.0387330108702786
-0.650318276706871	0.160755761640221
-1.8471013721322	0.774661148617268
-0.241627553854777	0.0789243231362553
0.140906973713143	0.0352149950547458
0.139073148904902	0.0266055202308437
0.139576085242422	0.0352987079074651
2.7489176254429	0.781882431670721
2.7489176254429	0.781882431670721
0.93002098112329	0.244423585041229
0.141168720466643	0.026788068800843
-0.370960450535942	0.108999469994633
-1.16331040146866	0.356501861337983
0.926974875419701	0.246284209674963
-2.58513149511835	0.689509113042442
1.95338582999428	0.463576578510391
0.139073148904902	0.0266055202308437
-2.58513149511835	0.689509113042442
2.7462498006239	0.778261278020301
-0.649961670532414	0.158635340685799
0.926974875419701	0.246284209674963
-1.80211551800213	0.40518546889285
1.95338582999428	0.463576578510391
0.925979622549504	0.243736825113843
-2.58945281070023	0.683631203527574
0.640105850465034	0.203838328173808
0.138169594891086	0.0265198668009027
0.642202725024316	0.20486814652215
0.139073148904902	0.0266055202308437
0.145565146619046	0.0360310894434119
0.141628868364635	0.0268733845859336
-2.58513149511835	0.689509113042442
-1.80583314024352	0.404036831265938
0.138169594891086	0.0265198668009027
0.139073148904902	0.0266055202308437
-0.655163635992096	0.160369482742199
-0.649319222104321	0.16021039083734
1.95256933090985	0.464168557061862
-0.649677393302236	0.159121336474823
0.137420997667979	0.0409326259269069
-0.37373542401889	0.110004299970677
1.95256933090985	0.464168557061862
-2.58513149511835	0.689509113042442
-2.58513149511835	0.689509113042442
-2.58513149511835	0.689509113042442
1.95256933090985	0.464168557061862
-2.58468514934926	0.681926813759725
-0.650959635012338	0.159168476600347
-1.80190156331263	0.405310176911618
1.95338582999428	0.463576578510391
-1.80190156331263	0.405310176911618
1.95338582999428	0.463576578510391
1.95338582999428	0.463576578510391
0.138169594891086	0.0265198668009027
-0.370960450535942	0.108999469994633
-0.650959635012338	0.159168476600347
-2.58468514934926	0.681926813759725
2.74531503858304	0.788587032684406
1.95256933090985	0.464168557061862
0.139073148904902	0.0266055202308437
-2.58899611685113	0.683672524401667
-0.653515136282054	0.159727161117317
0.138169594891086	0.0265198668009027
0.133621657798323	0.0257280473816019
0.923120742885382	0.240835684941142
0.138169594891086	0.0265198668009027
0.137716344096337	0.0264356853006178
-1.80211551800213	0.40518546889285
1.95256933090985	0.464168557061862
-2.58557826662177	0.681302812577655
3.25139583150282	1.09209130025117
1.95256933090985	0.464168557061862
0.639660215207864	0.203910262751024
2.7479767545239	0.782066977880158
1.95256933090985	0.464168557061862
2.75160033023002	0.768358222418302
1.95256933090985	0.464168557061862
-0.752937485397278	0.263546788628664
1.95256933090985	0.464168557061862
1.95256933090985	0.464168557061862
-1.80190156331263	0.405310176911618
-1.16255649541829	0.360535388481223
-2.58513149511835	0.689509113042442
0.133743144680782	0.0398540974543432
-0.649677393302236	0.159121336474823
-1.04825804245851	0.430881776490226
2.7462498006239	0.778261278020301
0.926974875419701	0.246284209674963
3.62573565960846	1.41848408933262
1.95338582999428	0.463576578510391
-1.80190156331263	0.405310176911618
0.137080532436617	0.0260826732150604
-1.80211551800213	0.40518546889285
0.141628868364635	0.0268733845859336
0.925979622549504	0.243736825113843
0.138169594891086	0.0265198668009027
2.74438259751335	0.780038400688451
0.635117856765734	0.200579918716643
0.141938162059784	0.0354191252721787
-1.04825804245851	0.430881776490226
-0.654165411001464	0.159831562379876
-0.650318276706871	0.160755761640221
-1.80211551800213	0.40518546889285
-1.16180306616162	0.360626829502971
-2.58513149511835	0.689509113042442
0.925335174824177	0.243267565805426
0.132517398019614	0.0400248322660559
0.138169594891086	0.0265198668009027
0.138169594891086	0.0265198668009027
-1.80190156331263	0.405310176911618
0.139073148904902	0.0266055202308437
-1.80190156331263	0.405310176911618
0.141666634051722	0.0357514933011427
-1.80190156331263	0.405310176911618
0.640204384260695	0.202440736609696
1.79570418994076	0.710490111832351
0.139073148904902	0.0266055202308437
0.138169594891086	0.0265198668009027
-2.58945281070023	0.683631203527574
0.137790482671227	0.0349173015404508
0.925819939961969	0.242168104656227
0.137790482671227	0.0349173015404508
0.13806085974017	0.0349020150681185
-0.649319222104321	0.16021039083734
0.926974875419701	0.246284209674963
0.137716344096337	0.0264356853006178
-1.80190156331263	0.405310176911618
-1.16180306616162	0.360626829502971
0.139576085242422	0.0352987079074651
0.13842244264629	0.0346674790325417
0.137716344096337	0.0264356853006178
0.134542642796399	0.0341445690681232
-0.378051187678928	0.111023447161183
0.139847419253076	0.0352678773972538
-2.58513149511835	0.689509113042442
-1.80190156331263	0.405310176911618
-0.649677393302236	0.159121336474823
1.01913790541463	0.388060093985107
-0.745791187837514	0.261749146161392
-0.649319222104321	0.16021039083734
-0.650815605433229	0.158518447092606
0.137716344096337	0.0264356853006178
-0.654514463701247	0.160265207029626
0.133621657798323	0.0257280473816019
-1.16605123679474	0.358241254731586
1.42795516831077	0.478570790474717
1.95256933090985	0.464168557061862
-3.770040500817	1.52983951262272
0.133264717489137	0.0398651258030508
-3.46998743660351	1.26411646563651
-0.649961670532414	0.158635340685799
-3.09280325935961	0.972693856185307
0.138169594891086	0.0265198668009027
-1.16680976292454	0.361321943590249
-1.16152021660948	0.35929571617842
3.25318829374075	1.10976895754928
0.38028922997406	0.171691890692594
-1.80190156331263	0.405310176911618
-0.376823530104554	0.109528132652308
-3.46924124245495	1.26110671680306
-0.790355727518166	0.344828536987334
-0.369739934267753	0.108830229788068
1.00976637943184	0.381454911222285
3.61956389250147	1.43028882967321
0.132363076767264	0.0509287700513303
1.00982540305298	0.385206220726638
0.141168720466643	0.026788068800843
0.420279604850258	0.16793945871253
-0.545910197315445	0.210647933455594
-1.04638764670572	0.422799101987375
0.132754372873048	0.0334623448971025
-1.55047641822889	0.558266521798791
0.140605369101782	0.0351308802058006
2.74531503858304	0.788587032684406
3.25215396833713	1.09944519815717
0.141628868364635	0.0268733845859336
0.92113051285893	0.24102514029113
-0.649319222104321	0.16021039083734
-0.372967191440885	0.109879462987979
0.503173696642426	0.181140364188836
-0.754670103122347	0.267616103379387
0.641657829571976	0.201878292806112
0.131969059710804	0.061616967741325
0.130105167826918	0.0446113493171228
0.138618353811657	0.0265211219118666
-1.80211551800213	0.40518546889285
-1.80190156331263	0.405310176911618
-1.80190156331263	0.405310176911618
0.373487151618276	0.164905376366025
-0.7499539562993	0.263513086552406
-0.246989071171801	0.0815311001871286
0.140906973713143	0.0352149950547458
0.5052829367669	0.182279638609026
2.32644697964116	1.1599146353685
-1.04754508412445	0.420204545894216
-1.30067497858942	0.590441588282154
-3.46998743660351	1.26411646563651
-0.373501444264572	0.109780204795531
-0.752937485397278	0.263546788628664
0.93002098112329	0.244423585041229
0.138169594891086	0.0265198668009027
-3.09803658564349	0.963618638434641
0.134249836964903	0.0400890519468039
-0.370509740783027	0.107903753835967
-0.650959635012338	0.159168476600347
0.13806085974017	0.0349020150681185
1.43211444118756	0.474033268230349
1.01595055020248	0.392095167936931
1.0056115986486	0.378718929959726
-0.650318276706871	0.160755761640221
1.80396686491934	0.697752475420165
0.137432365546475	0.0592370194345653
0.125681624662789	0.0430946049318035
-0.244428546932055	0.0805963435476292
0.138818714405564	0.0354421828043769
0.134720480496125	0.046154809884801
-1.80583314024352	0.404036831265938
0.137790482671227	0.0349173015404508
-0.749208929381019	0.26062610901766
1.95338582999428	0.463576578510391
-3.76852422420012	1.52461461294132
1.05251879480158	0.513143597548845
-3.09280325935961	0.972693856185307
0.137790482671227	0.0349173015404508
-0.651469596498525	0.158623372365254
0.137790482671227	0.0349173015404508
0.512296682193737	0.184360640072117
-3.09343711568729	0.972052225554497
0.641203436908402	0.204828865510354
-1.16255649541829	0.360535388481223
0.925979622549504	0.243736825113843
-1.54364137502714	0.557967048552268
0.139073148904902	0.0266055202308437
1.4308149383669	0.474993175817053
0.926974875419701	0.246284209674963
-3.09216987140428	0.960869115746174
0.636334245031832	0.202658963099978
-0.649319222104321	0.16021039083734
-0.371963944093828	0.110621992809151
-3.46924124245495	1.26110671680306
0.134542642796399	0.0341445690681232
0.142698404858563	0.0359575700897484
-1.80190156331263	0.405310176911618
0.137716344096337	0.0264356853006178
0.644424999818512	0.207579266186308
0.139847419253076	0.0352678773972538
-2.58513149511835	0.689509113042442
0.135568968576203	0.0339891491304889
-2.58513149511835	0.689509113042442
-0.7499539562993	0.263513086552406
0.139073148904902	0.0266055202308437
0.639329222636839	0.203514926064791
-1.16680976292454	0.361321943590249
-3.09280325935961	0.972693856185307
0.138547275345784	0.0347818496624983
-0.654165411001464	0.159831562379876
-1.04895682546004	0.430951643107204
-0.371729277964481	0.109124865696984
0.138618353811657	0.0265211219118666
-1.80211551800213	0.40518546889285
0.431906529378716	0.175733526773866
-0.54655735290113	0.211260778769488
-2.58468514934926	0.681926813759725
-1.16255649541829	0.360535388481223
-2.30179683838977	1.19334254313319
0.137790482671227	0.0349173015404508
1.01104201595136	0.385305051110661
-1.16255649541829	0.360535388481223
3.25036486382959	1.10725094810752
0.138169594891086	0.0265198668009027
0.138547275345784	0.0347818496624983
0.138169594891086	0.0265198668009027
0.138818714405564	0.0354421828043769
0.137033206871248	0.0343903632230145
0.639660215207864	0.203910262751024
3.2493353238897	1.10864834370629
0.138618353811657	0.0265211219118666
-0.650959635012338	0.159168476600347
0.137716344096337	0.0264356853006178
0.139073148904902	0.0266055202308437
0.141628868364635	0.0268733845859336
1.4300120770332	0.472328161227103
-1.84536271575861	0.770197726260662
0.142698404858563	0.0359575700897484
0.138169594891086	0.0265198668009027
-1.80211551800213	0.40518546889285
1.95256933090985	0.464168557061862
0.138169594891086	0.0265198668009027
-0.647268870262709	0.157438045305518
-1.16152021660948	0.35929571617842
0.141168720466643	0.026788068800843
1.95256933090985	0.464168557061862
-1.80211551800213	0.40518546889285
0.138818714405564	0.0354421828043769
0.642650740895789	0.20298545340287
0.139576085242422	0.0352987079074651
0.508081388675797	0.18525425523165
-1.80190156331263	0.405310176911618
-1.54211096447874	0.565956548030536
-2.58468514934926	0.681926813759725
-0.239530983949622	0.079101339152492
-0.371729277964481	0.109124865696984
-0.649677393302236	0.159121336474823
1.43184622835253	0.479292741706694
1.5526434754852	0.781039269293486
0.137716344096337	0.0264356853006178
2.74531503858304	0.788587032684406
2.74531503858304	0.788587032684406
-0.650318276706871	0.160755761640221
-0.371729277964481	0.109124865696984
0.138818714405564	0.0354421828043769
0.133621657798323	0.0257280473816019
0.138618353811657	0.0265211219118666
0.926974875419701	0.246284209674963
3.2493353238897	1.10864834370629
2.74438259751335	0.780038400688451
0.93002098112329	0.244423585041229
-2.58557826662177	0.681302812577655
-1.16255649541829	0.360535388481223
0.13806085974017	0.0349020150681185
0.134526944690639	0.0258144647389653
0.138618353811657	0.0265211219118666
1.42795516831077	0.478570790474717
-1.80190156331263	0.405310176911618
-0.372732473872603	0.110746709749891
0.137033206871248	0.0343903632230145
0.134526944690639	0.0258144647389653
1.95338582999428	0.463576578510391
0.137790482671227	0.0349173015404508
2.7462498006239	0.778261278020301
0.138818714405564	0.0354421828043769
-1.80190156331263	0.405310176911618
-1.80211551800213	0.40518546889285
0.138618353811657	0.0265211219118666
0.932732691442677	0.241118375689451
2.7462498006239	0.778261278020301
-0.649319222104321	0.16021039083734
1.95256933090985	0.464168557061862
-1.16180306616162	0.360626829502971
-0.649677393302236	0.159121336474823
0.137716344096337	0.0264356853006178
-1.80211551800213	0.40518546889285
-1.80190156331263	0.405310176911618
0.640432049403559	0.206671110179374
-1.80211551800213	0.40518546889285
-0.651469596498525	0.158623372365254
-1.80211551800213	0.40518546889285
1.43396011234821	0.469223739016395
-3.09280325935961	0.972693856185307
3.62062366405083	1.43326252584705
2.7462498006239	0.778261278020301
-0.655163635992096	0.160369482742199
0.138818714405564	0.0354421828043769
0.927971507294548	0.243537608899139
2.7462498006239	0.778261278020301
0.139073148904902	0.0266055202308437
-0.649677393302236	0.159121336474823
2.74438259751335	0.780038400688451
2.53833459571636	1.40120631688955
-0.650959635012338	0.159168476600347
0.930671315320304	0.244899140334393
0.138618353811657	0.0265211219118666
0.926329332609966	0.245803896301602
0.141628868364635	0.0268733845859336
0.925979622549504	0.243736825113843
-0.649961670532414	0.158635340685799
-2.58513149511835	0.689509113042442
-2.58557826662177	0.681302812577655
1.8007131844382	0.713314573443425
-1.80190156331263	0.405310176911618
0.135931183146639	0.0408601823442341
-1.33362927845285	0.84028154810296
-0.372967191440885	0.109879462987979
-1.16605123679474	0.358241254731586
0.64342341463051	0.205691875654135
0.640432049403559	0.206671110179374
0.138169594891086	0.0265198668009027
1.42822224336494	0.477074019570971
-1.80190156331263	0.405310176911618
0.137716344096337	0.0264356853006178
-1.80190156331263	0.405310176911618
3.24830720791551	1.09477551568481
-0.381393591442191	0.111085050560728
-1.80190156331263	0.405310176911618
-1.80211551800213	0.40518546889285
0.137716344096337	0.0264356853006178
-0.650959635012338	0.159168476600347
0.63611382542294	0.202940731306447
-2.58899611685113	0.683672524401667
0.646660380501026	0.201890156969149
3.91440476331281	1.72518419510354
1.95256933090985	0.464168557061862
-3.46998743660351	1.26411646563651
1.95256933090985	0.464168557061862
-0.37705103334154	0.111772840936855
0.145565146619046	0.0360310894434119
1.4300120770332	0.472328161227103
0.138618353811657	0.0265211219118666
0.138618353811657	0.0265211219118666
1.79393121355608	0.700241743161792
1.01080793058073	0.389781480211188
0.138169594891086	0.0265198668009027
-2.58945281070023	0.683631203527574
1.4308149383669	0.474993175817053
-1.16105011316119	0.35650557951397
-0.648677249821696	0.158587087101144
0.138618353811657	0.0265211219118666
0.930671315320304	0.244899140334393
0.141938162059784	0.0354191252721787
0.139073148904902	0.0266055202308437
0.137663849025598	0.0410571652515246
0.13806085974017	0.0349020150681185
0.130491514010977	0.0447267681525709
1.01179148986041	0.390812379931115
-1.80190156331263	0.405310176911618
-1.80190156331263	0.405310176911618
2.74438259751335	0.780038400688451
-2.58899611685113	0.683672524401667
-3.09803658564349	0.963618638434641
-1.80190156331263	0.405310176911618
-1.80190156331263	0.405310176911618
-2.58513149511835	0.689509113042442
3.25036486382959	1.10725094810752
-0.650959635012338	0.159168476600347
-0.648677249821696	0.158587087101144
0.130755305563244	0.0449465396920763
-0.805787852595532	0.442029075689417
-2.58557826662177	0.681302812577655
0.926329332609966	0.245803896301602
0.927971507294548	0.243537608899139
-1.16331040146866	0.356501861337983
0.641203436908402	0.204828865510354
0.13806085974017	0.0349020150681185
1.95338582999428	0.463576578510391
0.639329222636839	0.203514926064791
0.138169594891086	0.0265198668009027
-2.58513149511835	0.689509113042442
-1.16180306616162	0.360626829502971
3.2493353238897	1.10864834370629
0.126237056219096	0.0427775969393179
3.9123489333965	1.72015641649178
0.135931183146639	0.0408601823442341
0.640204384260695	0.202440736609696
0.92732486785368	0.24306890205782
2.74531503858304	0.788587032684406
1.42616742954426	0.471762089576048
2.88711454755662	1.93380166041456
0.800079574854174	0.341914550374125
-2.58557826662177	0.681302812577655
2.7462498006239	0.778261278020301
-1.80211551800213	0.40518546889285
-1.80211551800213	0.40518546889285
-1.80190156331263	0.405310176911618
-3.09343711568729	0.972052225554497
-0.650318276706871	0.160755761640221
-0.376823530104554	0.109528132652308
-1.84190336279857	0.769704627409186
0.129278986113907	0.0386815864932076
0.642202725024316	0.20486814652215
0.138547275345784	0.0347818496624983
-0.374504096873756	0.109063507862746
0.498034366747092	0.177582512084549
0.137033206871248	0.0343903632230145
0.137716344096337	0.0264356853006178
1.95256933090985	0.464168557061862
0.638661759222662	0.201540571310924
0.640432049403559	0.206671110179374
1.95256933090985	0.464168557061862
0.133516783675935	0.0336393793939088
1.95584693887656	0.462330835133922
0.925335174824177	0.243267565805426
-3.09739452059542	0.972553736075869
-3.46924124245495	1.26110671680306
0.637110020884382	0.202981575807905
0.138169594891086	0.0265198668009027
0.128532989649213	0.0387330108702786
0.929670085417592	0.244778423912617
-0.650318276706871	0.160755761640221
2.74531503858304	0.788587032684406
0.139073148904902	0.0266055202308437
-1.16076621190063	0.359385238156804
0.506468506416984	0.184272460164198
3.62062366405083	1.43326252584705
0.138169594891086	0.0265198668009027
-1.16152021660948	0.35929571617842
2.7462498006239	0.778261278020301
3.24830720791551	1.09477551568481
-2.58513149511835	0.689509113042442
-2.58513149511835	0.689509113042442
0.646660380501026	0.201890156969149
-1.80190156331263	0.405310176911618
0.137716344096337	0.0264356853006178
0.92732486785368	0.24306890205782
0.139847419253076	0.0352678773972538
0.139073148904902	0.0266055202308437
-1.54538955663062	0.564367029919961
2.33344818907	1.17648881814106
-1.04730399701661	0.424280980589094
2.7489176254429	0.781882431670721
-1.80190156331263	0.405310176911618
0.926329332609966	0.245803896301602
-0.748962934462903	0.265874158565463
-0.754915023302398	0.265106216530069
-0.748962934462903	0.265874158565463
-1.05314945343007	0.432914540626917
-2.58468514934926	0.681926813759725
1.42795516831077	0.478570790474717
0.141168720466643	0.026788068800843
0.137716344096337	0.0264356853006178
1.95338582999428	0.463576578510391
1.79770278509994	0.709688375349796
-0.368970569520409	0.108704530129129
0.131405301493996	0.0450882414222608
1.79492986711335	0.708745443595502
3.61850462978752	1.41205255014363
1.95338582999428	0.463576578510391
1.01618730262127	0.38316937883976
0.64342341463051	0.205691875654135
3.92066530797147	1.7087082705816
-0.243489732986148	0.0812398100864258
-0.243738387832607	0.0804072076503759
-0.653515136282054	0.159727161117317
0.925979622549504	0.243736825113843
-0.372732473872603	0.110746709749891
1.95256933090985	0.464168557061862
0.143458160699927	0.0358142984417619
-0.649319222104321	0.16021039083734
-1.80190156331263	0.405310176911618
-0.370192063582796	0.107755133242033
0.126565388852724	0.0378858273324485
-0.371963944093828	0.110621992809151
-2.58468514934926	0.681926813759725
-3.09739452059542	0.972553736075869
1.95256933090985	0.464168557061862
-1.80211551800213	0.40518546889285
-0.243241014092852	0.0808370662671502
0.138547275345784	0.0347818496624983
1.43211444118756	0.474033268230349
-0.659391095185893	0.158977027492346
-0.37705103334154	0.111772840936855
0.505524711177284	0.184537045848412
0.926329332609966	0.245803896301602
0.635117856765734	0.200579918716643
3.62062366405083	1.43326252584705
-2.30308872056658	1.18989522650814
0.926329332609966	0.245803896301602
0.642430262122492	0.204551977387731
0.139073148904902	0.0266055202308437
1.95338582999428	0.463576578510391
0.925979622549504	0.243736825113843
0.137716344096337	0.0264356853006178
0.138169594891086	0.0265198668009027
-2.58513149511835	0.689509113042442
0.141168720466643	0.026788068800843
1.42898338960615	0.478193832396807
1.01202616470632	0.384309287615817
-0.653515136282054	0.159727161117317
-1.80190156331263	0.405310176911618
-3.09343711568729	0.972052225554497
0.641431038909059	0.206705899790905
1.95256933090985	0.464168557061862
0.141628868364635	0.0268733845859336
-3.4747598518894	1.2627547738838
-3.09407144090335	0.959647090123049
0.929670085417592	0.244778423912617
-0.650959635012338	0.159168476600347
-0.371963944093828	0.110621992809151
0.131531340806028	0.0393848494794365
0.13806085974017	0.0349020150681185
0.139576085242422	0.0352987079074651
-0.372732473872603	0.110746709749891
0.137033206871248	0.0343903632230145
1.95338582999428	0.463576578510391
-1.80583314024352	0.404036831265938
0.922124936246008	0.243516971274684
-1.80190156331263	0.405310176911618
-0.377279345813368	0.110037093431777
-0.650318276706871	0.160755761640221
-3.09280325935961	0.972693856185307
0.137716344096337	0.0264356853006178
-0.650318276706871	0.160755761640221
0.127549585831426	0.0385072991721353
-1.54211096447874	0.565956548030536
0.138169594891086	0.0265198668009027
1.95256933090985	0.464168557061862
-1.16255649541829	0.360535388481223
0.138618353811657	0.0265211219118666
1.95584693887656	0.462330835133922
0.138618353811657	0.0265211219118666
-0.649319222104321	0.16021039083734
-0.650318276706871	0.160755761640221
-3.09280325935961	0.972693856185307
1.01179148986041	0.390812379931115
1.95338582999428	0.463576578510391
1.95338582999428	0.463576578510391
2.7479767545239	0.782066977880158
0.13806085974017	0.0349020150681185
-3.468495517409	1.24545977066643
-0.650318276706871	0.160755761640221
0.138618353811657	0.0265211219118666
-3.09343711568729	0.972052225554497
1.42719460355007	0.477448564652232
-1.80190156331263	0.405310176911618
-1.16255649541829	0.360535388481223
1.42719460355007	0.477448564652232
1.95338582999428	0.463576578510391
-1.80190156331263	0.405310176911618
-0.654165411001464	0.159831562379876
3.9123489333965	1.72015641649178
-2.58557826662177	0.681302812577655
0.132755613913402	0.0400087413766842
1.95584693887656	0.462330835133922
0.643202247298856	0.202776762796674
0.134526944690639	0.0258144647389653
-1.80211551800213	0.40518546889285
0.138169594891086	0.0265198668009027
-4.02074496264401	1.78455184121772
0.642202725024316	0.20486814652215
-0.747972485615798	0.261954605937602
-0.372732473872603	0.110746709749891
0.138169594891086	0.0265198668009027
0.138818714405564	0.0354421828043769
1.95256933090985	0.464168557061862
1.95256933090985	0.464168557061862
-0.645977108318167	0.157387277340251
0.926329332609966	0.245803896301602
-0.649961670532414	0.158635340685799
2.74438259751335	0.780038400688451
2.74438259751335	0.780038400688451
0.138618353811657	0.0265211219118666
1.4308149383669	0.474993175817053
0.133264717489137	0.0398651258030508
0.640432049403559	0.206671110179374
0.137716344096337	0.0264356853006178
2.7462498006239	0.778261278020301
2.7479767545239	0.782066977880158
0.929020853400311	0.244303524147299
0.138169594891086	0.0265198668009027
0.139073148904902	0.0266055202308437
-1.80211551800213	0.40518546889285
0.138169594891086	0.0265198668009027
-0.649677393302236	0.159121336474823
-1.80211551800213	0.40518546889285
2.74438259751335	0.780038400688451
1.95256933090985	0.464168557061862
-1.80190156331263	0.405310176911618
-3.09343711568729	0.972052225554497
2.74438259751335	0.780038400688451
-1.15865836302273	0.356559362366982
-0.654514463701247	0.160265207029626
-0.649319222104321	0.16021039083734
0.92113051285893	0.24102514029113
2.74531503858304	0.788587032684406
3.2493353238897	1.10864834370629
1.01496655409926	0.392016410565643
1.7959287507101	0.710356981550796
0.134526944690639	0.0258144647389653
0.138169594891086	0.0265198668009027
0.641431038909059	0.206705899790905
-0.372732473872603	0.110746709749891
0.13377964661681	0.0339655613686654
3.25318829374075	1.10976895754928
1.79063227897974	0.701853790205257
0.637110020884382	0.202981575807905
-0.650959635012338	0.159168476600347
2.74438259751335	0.780038400688451
0.138169594891086	0.0265198668009027
1.95584693887656	0.462330835133922
-1.80211551800213	0.40518546889285
-1.80211551800213	0.40518546889285
0.927971507294548	0.243537608899139
-0.649677393302236	0.159121336474823
1.95338582999428	0.463576578510391
-1.80190156331263	0.405310176911618
0.640327927997844	0.202105416098505
0.139073148904902	0.0266055202308437
0.137033206871248	0.0343903632230145
-1.80190156331263	0.405310176911618
-0.649319222104321	0.16021039083734
0.930671315320304	0.244899140334393
0.138618353811657	0.0265211219118666
-2.58468514934926	0.681926813759725
0.138169594891086	0.0265198668009027
1.79670337293508	0.712109669548487
0.137716344096337	0.0264356853006178
-0.648677249821696	0.158587087101144
-0.648677249821696	0.158587087101144
0.138169594891086	0.0265198668009027
0.137716344096337	0.0264356853006178
0.137790482671227	0.0349173015404508
0.13377964661681	0.0339655613686654
-0.37373542401889	0.110004299970677
1.79670337293508	0.712109669548487
-0.649319222104321	0.16021039083734
-1.80190156331263	0.405310176911618
1.95338582999428	0.463576578510391
0.134526944690639	0.0258144647389653
-0.653515136282054	0.159727161117317
-1.80190156331263	0.405310176911618
0.129980233812782	0.0385599350254854
3.62467162070288	1.43500145314363
-0.37705103334154	0.111772840936855
0.138169594891086	0.0265198668009027
0.145565146619046	0.0360310894434119
0.927971507294548	0.243537608899139
-0.650318276706871	0.160755761640221
3.62062366405083	1.43326252584705
0.929020853400311	0.244303524147299
0.138618353811657	0.0265211219118666
0.800989673487252	0.342067986972423
0.929020853400311	0.244303524147299
-0.649677393302236	0.159121336474823
0.639433294916704	0.204223062388441
1.95256933090985	0.464168557061862
0.137790482671227	0.0349173015404508
-1.80190156331263	0.405310176911618
-1.80211551800213	0.40518546889285
0.922124936246008	0.243516971274684
-1.54262998859367	0.556084934561067
-0.376050641505638	0.110143849291774
0.134249836964903	0.0400890519468039
0.138618353811657	0.0265211219118666
-0.371729277964481	0.109124865696984
0.930671315320304	0.244899140334393
0.138169594891086	0.0265198668009027
0.138818714405564	0.0354421828043769
-2.58468514934926	0.681926813759725
-2.58468514934926	0.681926813759725
0.141628868364635	0.0268733845859336
0.139073148904902	0.0266055202308437
-2.58557826662177	0.681302812577655
-0.650318276706871	0.160755761640221
0.929670085417592	0.244778423912617
-1.16227469880569	0.355295007054579
0.640204384260695	0.202440736609696
0.139073148904902	0.0266055202308437
1.42795516831077	0.478570790474717
0.925979622549504	0.243736825113843
3.62467162070288	1.43500145314363
-0.649319222104321	0.16021039083734
-0.37373542401889	0.110004299970677
-0.649677393302236	0.159121336474823
0.138169594891086	0.0265198668009027
-3.09216987140428	0.960869115746174
0.144803086510497	0.0355043127546911
3.25036486382959	1.10725094810752
-1.16076621190063	0.359385238156804
0.138169594891086	0.0265198668009027
-3.47400814940775	1.26328835340161
-0.649319222104321	0.16021039083734
-1.85131114436226	0.764300782767386
1.31024810625553	0.577037468119118
3.2493353238897	1.10864834370629
0.139073148904902	0.0266055202308437
-0.649319222104321	0.16021039083734
0.139073148904902	0.0266055202308437
-1.80211551800213	0.40518546889285
0.137716344096337	0.0264356853006178
0.139073148904902	0.0266055202308437
2.74531503858304	0.788587032684406
1.04580566003061	0.510596983508345
0.140605369101782	0.0351308802058006
0.138169594891086	0.0265198668009027
0.139847419253076	0.0352678773972538
0.925335174824177	0.243267565805426
-0.649961670532414	0.158635340685799
0.926329332609966	0.245803896301602
0.644195640504139	0.203891935709909
1.95256933090985	0.464168557061862
0.138547275345784	0.0347818496624983
-1.16152021660948	0.35929571617842
-3.10202322642753	0.9540585653027
-0.650318276706871	0.160755761640221
-1.80190156331263	0.405310176911618
-0.373501444264572	0.109780204795531
-0.372732473872603	0.110746709749891
0.137663849025598	0.0410571652515246
1.95338582999428	0.463576578510391
-3.77412214772395	1.53344506919461
-0.248142417567758	0.0817264643962973
0.640432049403559	0.206671110179374
-1.80190156331263	0.405310176911618
-2.58468514934926	0.681926813759725
0.139073148904902	0.0266055202308437
0.138818714405564	0.0354421828043769
-1.16255649541829	0.360535388481223
0.133516783675935	0.0336393793939088
-0.242088249126681	0.0799235848381177
-0.649319222104321	0.16021039083734
0.138169594891086	0.0265198668009027
0.138618353811657	0.0265211219118666
-1.80211551800213	0.40518546889285
0.926974875419701	0.246284209674963
-1.80211551800213	0.40518546889285
0.138818714405564	0.0354421828043769
-0.654514463701247	0.160265207029626
-1.16255649541829	0.360535388481223
0.138618353811657	0.0265211219118666
2.7462498006239	0.778261278020301
0.128296084606295	0.0384571369192157
-1.80583314024352	0.404036831265938
0.133264717489137	0.0398651258030508
2.74531503858304	0.788587032684406
0.926329332609966	0.245803896301602
1.79670337293508	0.712109669548487
2.74531503858304	0.788587032684406
-1.54033413653663	0.562613885619299
-0.649319222104321	0.16021039083734
2.7462498006239	0.778261278020301
3.25036486382959	1.10725094810752
0.130783366724484	0.0391461997340817
-2.58557826662177	0.681302812577655
0.138618353811657	0.0265211219118666
0.137033206871248	0.0343903632230145
-1.80190156331263	0.405310176911618
-0.649319222104321	0.16021039083734
-2.58557826662177	0.681302812577655
-3.09280325935961	0.972693856185307
-0.649961670532414	0.158635340685799
-0.649677393302236	0.159121336474823
-0.795395378883152	0.347630609369842
0.926329332609966	0.245803896301602
0.141168720466643	0.026788068800843
-2.58945281070023	0.683631203527574
-1.04800222855483	0.424355857201703
0.643652025841357	0.204814057575745
-1.80583314024352	0.404036831265938
0.132755613913402	0.0400087413766842
-0.369739934267753	0.108830229788068
-0.374056649896452	0.10984667872003
1.42925034845688	0.471239687923602
0.639329222636839	0.203514926064791
0.137790482671227	0.0349173015404508
-0.243037200359954	0.0794695125621782
0.64342341463051	0.205691875654135
0.139073148904902	0.0266055202308437
0.139073148904902	0.0266055202308437
-0.650318276706871	0.160755761640221
0.129515595212371	0.0385917089800423
-2.58945281070023	0.683631203527574
0.13377964661681	0.0339655613686654
0.133502874099665	0.0402503094723903
0.138618353811657	0.0265211219118666
-1.80190156331263	0.405310176911618
-1.80190156331263	0.405310176911618
0.133621657798323	0.0257280473816019
0.134526944690639	0.0258144647389653
0.138169594891086	0.0265198668009027
2.09242869183638	0.949346787975783
0.138169594891086	0.0265198668009027
0.63533835195479	0.202617768704467
0.381181749185143	0.172240019475104
0.141628868364635	0.0268733845859336
0.138169594891086	0.0265198668009027
1.01421910313051	0.386497027111194
0.138818714405564	0.0354421828043769
0.93002098112329	0.244423585041229
-3.09280325935961	0.972693856185307
-0.54075591557501	0.210281213474268
-1.80211551800213	0.40518546889285
0.134542642796399	0.0341445690681232
-3.770040500817	1.52983951262272
1.4300525619712	0.473890200865325
0.133502874099665	0.0402503094723903
0.92113051285893	0.24102514029113
3.62062366405083	1.43326252584705
-1.54716733927322	0.566283034461824
1.95584693887656	0.462330835133922
-0.243489732986148	0.0812398100864258
-0.537244494096108	0.209199262988428
1.95256933090985	0.464168557061862
0.133606661613399	0.0514748615616714
-3.09343711568729	0.972052225554497
0.926974875419701	0.246284209674963
0.137716344096337	0.0264356853006178
-1.80190156331263	0.405310176911618
0.927971507294548	0.243537608899139
0.137716344096337	0.0264356853006178
0.927971507294548	0.243537608899139
0.137716344096337	0.0264356853006178
0.137716344096337	0.0264356853006178
2.74531503858304	0.788587032684406
0.138169594891086	0.0265198668009027
-1.80190156331263	0.405310176911618
0.135931183146639	0.0408601823442341
-2.58513149511835	0.689509113042442
1.95256933090985	0.464168557061862
1.43472489627474	0.470301214618162
-1.80583314024352	0.404036831265938
-1.80211551800213	0.40518546889285
-1.80190156331263	0.405310176911618
-0.645977108318167	0.157387277340251
0.129840797352239	0.0445844341304171
2.33577604148799	1.18742693832559
-0.74554030308287	0.261955894337664
-1.80211551800213	0.40518546889285
0.131708715990167	0.0395807956970691
0.801640822834797	0.342681912930608
-0.650959635012338	0.159168476600347
-4.02000777694992	1.76359291473265
0.641431038909059	0.206705899790905
0.131516360384197	0.0500152683013393
-0.649319222104321	0.16021039083734
-0.244190797351914	0.0812410173227275
0.139073148904902	0.0266055202308437
-1.80190156331263	0.405310176911618
0.138169594891086	0.0265198668009027
-1.80211551800213	0.40518546889285
0.925979622549504	0.243736825113843
-0.650318276706871	0.160755761640221
0.926974875419701	0.246284209674963
0.926974875419701	0.246284209674963
0.138618353811657	0.0265211219118666
0.133516783675935	0.0336393793939088
-2.58468514934926	0.681926813759725
2.74438259751335	0.780038400688451
-0.650318276706871	0.160755761640221
0.501557396458874	0.181763123331669
-2.58513149511835	0.689509113042442
0.926974875419701	0.246284209674963
-0.649961670532414	0.158635340685799
0.640432049403559	0.206671110179374
0.138169594891086	0.0265198668009027
1.95338582999428	0.463576578510391
0.63611382542294	0.202940731306447
1.42719460355007	0.477448564652232
0.930671315320304	0.244899140334393
-1.16105011316119	0.35650557951397
-0.650318276706871	0.160755761640221
-1.16076621190063	0.359385238156804
1.8007131844382	0.713314573443425
0.927971507294548	0.243537608899139
-1.16180306616162	0.360626829502971
-1.80190156331263	0.405310176911618
-0.650959635012338	0.159168476600347
0.508081388675797	0.18525425523165
-0.655163635992096	0.160369482742199
1.55505312572491	0.792542427995745
0.927971507294548	0.243537608899139
0.137790482671227	0.0349173015404508
0.134805386154992	0.0338121207710829
-1.80190156331263	0.405310176911618
1.95256933090985	0.464168557061862
0.138169594891086	0.0265198668009027
0.138169594891086	0.0265198668009027
0.139073148904902	0.0266055202308437
-1.16076621190063	0.359385238156804
-1.05219985204598	0.426292795033056
-0.371729277964481	0.109124865696984
-0.649319222104321	0.16021039083734
0.929670085417592	0.244778423912617
0.138169594891086	0.0265198668009027
-1.80211551800213	0.40518546889285
-1.80190156331263	0.405310176911618
-1.80190156331263	0.405310176911618
-0.372967191440885	0.109879462987979
-2.58899611685113	0.683672524401667
0.925979622549504	0.243736825113843
0.138618353811657	0.0265211219118666
0.926329332609966	0.245803896301602
-2.58945281070023	0.683631203527574
1.95338582999428	0.463576578510391
2.7489176254429	0.781882431670721
0.139847419253076	0.0352678773972538
3.61850462978752	1.41205255014363
-0.650318276706871	0.160755761640221
-0.749707900448518	0.266629197702648
-0.541486546335587	0.211448846736342
1.3069871315256	0.572362464671872
3.622744731928	1.40801772966037
-1.16653542749665	0.357252169580594
-2.09051641699184	0.975356223053455
1.79893570621489	0.71178866805356
-0.646622749070198	0.158987296788642
0.640658905761581	0.203950748563405
-1.80583314024352	0.404036831265938
-0.648677249821696	0.158587087101144
-1.80190156331263	0.405310176911618
-1.80583314024352	0.404036831265938
2.7462498006239	0.778261278020301
-0.655693812882749	0.15727529205589
1.95338582999428	0.463576578510391
1.95584693887656	0.462330835133922
1.95338582999428	0.463576578510391
-3.09343711568729	0.972052225554497
-0.650318276706871	0.160755761640221
-1.54211096447874	0.565956548030536
0.142698404858563	0.0359575700897484
0.128769833621831	0.038111433857996
4.15772432340643	2.00809868588151
0.138169594891086	0.0265198668009027
-2.58513149511835	0.689509113042442
0.639660215207864	0.203910262751024
0.132464307006284	0.0446148785467197
1.42692741367696	0.472854481440801
-1.54287595262912	0.564324390459102
-3.09343711568729	0.972052225554497
-2.58945281070023	0.683631203527574
0.138818714405564	0.0354421828043769
2.74438259751335	0.780038400688451
-0.648677249821696	0.158587087101144
0.925979622549504	0.243736825113843
-1.54314728332444	0.55980358392447
0.926974875419701	0.246284209674963
0.134526944690639	0.0258144647389653
0.640432049403559	0.206671110179374
3.25602807611411	1.08608283170182
0.143458160699927	0.0358142984417619
0.131021865338521	0.0391721334922174
-0.745791187837514	0.261749146161392
1.01496655409926	0.392016410565643
0.141168720466643	0.026788068800843
0.133621657798323	0.0257280473816019
0.138169594891086	0.0265198668009027
0.138169594891086	0.0265198668009027
0.137080532436617	0.0260826732150604
-1.80190156331263	0.405310176911618
1.95584693887656	0.462330835133922
-1.80583314024352	0.404036831265938
-1.80211551800213	0.40518546889285
1.95584693887656	0.462330835133922
-0.650318276706871	0.160755761640221
-2.58513149511835	0.689509113042442
0.137716344096337	0.0264356853006178
0.427615653400743	0.171494994691856
0.129840797352239	0.0445844341304171
-1.16605123679474	0.358241254731586
-3.09407144090335	0.959647090123049
-2.58513149511835	0.689509113042442
3.25036486382959	1.10725094810752
2.74531503858304	0.788587032684406
1.95256933090985	0.464168557061862
-1.16152021660948	0.35929571617842
-0.648677249821696	0.158587087101144
1.95584693887656	0.462330835133922
-0.237634114381875	0.0784173059311123
0.138169594891086	0.0265198668009027
0.637330363110719	0.200600181375881
0.500856724023143	0.180020395614116
-0.248387997661862	0.0825807028479737
-0.650318276706871	0.160755761640221
0.505524711177284	0.184537045848412
0.639660215207864	0.203910262751024
0.133502874099665	0.0402503094723903
-1.0506117909771	0.425111529407623
0.804306426214091	0.344854975606889
1.42795516831077	0.478570790474717
-1.16076621190063	0.359385238156804
0.92732486785368	0.24306890205782
0.138169594891086	0.0265198668009027
0.138618353811657	0.0265211219118666
-1.80190156331263	0.405310176911618
-3.09343711568729	0.972052225554497
0.929670085417592	0.244778423912617
-1.80190156331263	0.405310176911618
0.133621657798323	0.0257280473816019
1.95256933090985	0.464168557061862
-1.80211551800213	0.40518546889285
1.4300525619712	0.473890200865325
2.74438259751335	0.780038400688451
2.7489176254429	0.781882431670721
0.134526944690639	0.0258144647389653
1.00780161245042	0.382676369772637
0.139847419253076	0.0352678773972538
-1.15865836302273	0.356559362366982
0.925979622549504	0.243736825113843
-1.16152021660948	0.35929571617842
-3.09803658564349	0.963618638434641
0.92732486785368	0.24306890205782
0.137393054243537	0.0344634753891055
-1.16331040146866	0.356501861337983
2.74531503858304	0.788587032684406
0.133516783675935	0.0336393793939088
0.138169594891086	0.0265198668009027
0.137790482671227	0.0349173015404508
2.74438259751335	0.780038400688451
0.640658905761581	0.203950748563405
-1.80211551800213	0.40518546889285
3.91543307449018	1.71602442481913
0.930671315320304	0.244899140334393
1.01352383527603	0.385779054090432
2.08849476509833	0.9440485467898
0.138818714405564	0.0354421828043769
0.137716344096337	0.0264356853006178
3.25036486382959	1.10725094810752
0.925979622549504	0.243736825113843
0.133502874099665	0.0402503094723903
-3.47073410037615	1.25961524031716
0.5052829367669	0.182279638609026
-1.16076621190063	0.359385238156804
0.127786724548058	0.038243739095717
0.647664512342753	0.202249453631059
0.134526944690639	0.0258144647389653
0.138169594891086	0.0265198668009027
0.926974875419701	0.246284209674963
-0.646622749070198	0.158987296788642
2.7462498006239	0.778261278020301
-1.16501672782279	0.357025208830094
-1.80583314024352	0.404036831265938
-1.80190156331263	0.405310176911618
-1.80211551800213	0.40518546889285
1.95338582999428	0.463576578510391
-1.80211551800213	0.40518546889285
-2.58513149511835	0.689509113042442
-1.80190156331263	0.405310176911618
1.01005776396623	0.384301698232896
0.137790482671227	0.0349173015404508
0.427912885754657	0.174104059517884
0.800989673487252	0.342067986972423
1.07612512701817	0.661061934315905
-0.650959635012338	0.159168476600347
-1.80190156331263	0.405310176911618
-0.649677393302236	0.159121336474823
3.24830720791551	1.09477551568481
0.141938162059784	0.0354191252721787
0.926329332609966	0.245803896301602
0.925979622549504	0.243736825113843
0.925335174824177	0.243267565805426
0.642202725024316	0.20486814652215
1.80373891850601	0.704362478450975
2.7462498006239	0.778261278020301
0.138169594891086	0.0265198668009027
0.92732486785368	0.24306890205782
3.25215396833713	1.09944519815717
1.42785193139639	0.469601658503721
1.42293417334597	0.472946291653134
1.95256933090985	0.464168557061862
-0.373501444264572	0.109780204795531
-0.245141409663293	0.0807658318475998
0.926329332609966	0.245803896301602
1.95584693887656	0.462330835133922
-0.753925861436807	0.267481396825324
1.79692786302671	0.707950117880233
0.128532989649213	0.0387330108702786
0.138618353811657	0.0265211219118666
-1.80583314024352	0.404036831265938
0.139073148904902	0.0266055202308437
-1.80211551800213	0.40518546889285
0.926974875419701	0.246284209674963
-1.80190156331263	0.405310176911618
0.141666634051722	0.0357514933011427
-0.650318276706871	0.160755761640221
2.7479767545239	0.782066977880158
-1.80190156331263	0.405310176911618
0.139073148904902	0.0266055202308437
1.95256933090985	0.464168557061862
2.74438259751335	0.780038400688451
-2.58557826662177	0.681302812577655
-0.650959635012338	0.159168476600347
0.92732486785368	0.24306890205782
-0.650959635012338	0.159168476600347
-2.58557826662177	0.681302812577655
-2.58468514934926	0.681926813759725
-0.650959635012338	0.159168476600347
-1.80190156331263	0.405310176911618
0.64542681911787	0.206101967608227
2.74531503858304	0.788587032684406
1.95338582999428	0.463576578510391
2.7489176254429	0.781882431670721
-2.58513149511835	0.689509113042442
-1.80190156331263	0.405310176911618
0.92732486785368	0.24306890205782
0.50506436121652	0.18151153914028
0.134542642796399	0.0341445690681232
0.137716344096337	0.0264356853006178
0.138618353811657	0.0265211219118666
-0.648677249821696	0.158587087101144
1.95338582999428	0.463576578510391
1.95256933090985	0.464168557061862
-3.09803658564349	0.963618638434641
0.644424999818512	0.207579266186308
2.74531503858304	0.788587032684406
1.95256933090985	0.464168557061862
2.74438259751335	0.780038400688451
0.138618353811657	0.0265211219118666
-2.58899611685113	0.683672524401667
0.137716344096337	0.0264356853006178
0.141628868364635	0.0268733845859336
0.141168720466643	0.026788068800843
0.138818714405564	0.0354421828043769
-0.649961670532414	0.158635340685799
0.137716344096337	0.0264356853006178
0.141168720466643	0.026788068800843
-1.80211551800213	0.40518546889285
0.141666634051722	0.0357514933011427
-0.648677249821696	0.158587087101144
2.33227757474271	1.18011145248786
0.92732486785368	0.24306890205782
0.138169594891086	0.0265198668009027
2.74438259751335	0.780038400688451
1.95256933090985	0.464168557061862
0.639433294916704	0.204223062388441
1.95256933090985	0.464168557061862
1.95256933090985	0.464168557061862
1.26163296008449	0.706604794605791
0.137790482671227	0.0349173015404508
1.01937703357463	0.380457687097107
-2.58513149511835	0.689509113042442
0.137716344096337	0.0264356853006178
-1.80211551800213	0.40518546889285
-1.54538955663062	0.564367029919961
0.927971507294548	0.243537608899139
1.95256933090985	0.464168557061862
2.7462498006239	0.778261278020301
1.95338582999428	0.463576578510391
-1.80211551800213	0.40518546889285
1.4300120770332	0.472328161227103
-1.80211551800213	0.40518546889285
0.926974875419701	0.246284209674963
-0.169623487855993	0.0621362492988738
1.44672035489898	0.91099682350394
0.133158803705053	0.0453642825734633
-0.649677393302236	0.159121336474823
-0.755659764208684	0.265241875072543
0.923120742885382	0.240835684941142
-3.770040500817	1.52983951262272
0.135931183146639	0.0408601823442341
0.380121707371162	0.172795499204357
0.643652025841357	0.204814057575745
0.500618029906439	0.182017934068643
-0.367195240283961	0.107121976389446
-1.84290267129783	0.7723474188048
0.590801554674037	0.309792040812025
-0.53632610293116	0.206974873110366
0.133502874099665	0.0402503094723903
-1.84364570734871	0.769128563045154
1.01057562566571	0.381326699926964
0.12865687577515	0.0437318071150248
-0.243941737916219	0.0802794675130444
0.809881239107196	0.339067024721991
0.138169594891086	0.0265198668009027
0.804954811703476	0.345472225969279
0.707596776831696	0.459633201753526
-3.09343711568729	0.972052225554497
-1.16255649541829	0.360535388481223
0.139847419253076	0.0352678773972538
0.132517398019614	0.0400248322660559
-2.58899611685113	0.683672524401667
-1.80190156331263	0.405310176911618
-1.80190156331263	0.405310176911618
-1.80211551800213	0.40518546889285
-1.80190156331263	0.405310176911618
1.95256933090985	0.464168557061862
2.74531503858304	0.788587032684406
-1.80211551800213	0.40518546889285
-3.09343711568729	0.972052225554497
1.95256933090985	0.464168557061862
2.33835433036273	1.18482839037575
-1.84364570734871	0.769128563045154
-1.80190156331263	0.405310176911618
0.137716344096337	0.0264356853006178
0.138818714405564	0.0354421828043769
0.633986705018451	0.197026800419307
0.138818714405564	0.0354421828043769
0.130497434174418	0.0323931512172402
-0.649961670532414	0.158635340685799
0.139847419253076	0.0352678773972538
0.133502874099665	0.0402503094723903
-1.80211551800213	0.40518546889285
0.137716344096337	0.0264356853006178
2.74531503858304	0.788587032684406
0.429430403324828	0.174308914564631
-1.17185131443688	0.356117859587755
-0.165924623645863	0.0607705580031965
-1.48831176834252	1.01202038118681
0.427912885754657	0.174104059517884
-0.247688428186081	0.0823916105388393
-0.754915023302398	0.265106216530069
-1.16180306616162	0.360626829502971
-1.50851193289323	0.7858781323763
-2.58899611685113	0.683672524401667
0.926329332609966	0.245803896301602
0.512994189853566	0.184777044587054
0.134554338304469	0.0518320974953485
0.141168720466643	0.026788068800843
0.134249836964903	0.0400890519468039
0.138618353811657	0.0265211219118666
0.139073148904902	0.0266055202308437
-1.80190156331263	0.405310176911618
-1.80211551800213	0.40518546889285
0.138169594891086	0.0265198668009027
0.139073148904902	0.0266055202308437
0.139073148904902	0.0266055202308437
-0.369504231805591	0.107567671934274
-0.650318276706871	0.160755761640221
2.74531503858304	0.788587032684406
0.134526944690639	0.0258144647389653
0.133502874099665	0.0402503094723903
-3.09280325935961	0.972693856185307
0.798257089708126	0.336539056056745
0.926329332609966	0.245803896301602
0.930671315320304	0.244899140334393
-1.80583314024352	0.404036831265938
0.138618353811657	0.0265211219118666
-1.54314728332444	0.55980358392447
0.640432049403559	0.206671110179374
0.804694516036484	0.340900603373708
0.139073148904902	0.0266055202308437
0.137716344096337	0.0264356853006178
0.139576085242422	0.0352987079074651
0.138169594891086	0.0265198668009027
-0.368734126017043	0.108489275130813
0.134196458780367	0.0397046446216347
-1.04404001932271	0.423497660928267
1.5501804258727	0.774176324231999
0.138169594891086	0.0265198668009027
1.4300120770332	0.472328161227103
0.926974875419701	0.246284209674963
2.74531503858304	0.788587032684406
0.138818714405564	0.0354421828043769
1.42898338960615	0.478193832396807
-0.654514463701247	0.160265207029626
-0.995166092636062	0.501278859422338
-1.80583314024352	0.404036831265938
0.138169594891086	0.0265198668009027
0.926974875419701	0.246284209674963
-0.649319222104321	0.16021039083734
-1.16653542749665	0.357252169580594
-0.650318276706871	0.160755761640221
1.95584693887656	0.462330835133922
0.141628868364635	0.0268733845859336
0.427307329026678	0.173322868473184
-1.05057896075762	0.425359017450372
1.01496655409926	0.392016410565643
0.805215646329513	0.344267959117367
-0.649319222104321	0.16021039083734
-1.16331040146866	0.356501861337983
0.50902590722156	0.185473067884794
0.130035094056272	0.0385507204395608
0.636334245031832	0.202658963099978
0.128532989649213	0.0387330108702786
0.138169594891086	0.0265198668009027
-0.244428546932055	0.0805963435476292
-0.378823473921792	0.110396820780531
-0.415081500684154	0.174775494979525
-0.372732473872603	0.110746709749891
-0.408916272225057	0.173941516536407
0.800079574854174	0.341914550374125
0.131933346686506	0.0446309733593881
1.0127751373005	0.389769011989825
0.505057274384793	0.180318538416802
-2.48535237289503	1.40455758000779
0.130755305563244	0.0449465396920763
-0.170436432703462	0.0617900246191095
-0.243484148452124	0.0808609088407405
0.129515595212371	0.0385917089800423
-0.786176974594147	0.350839154379538
-0.650318276706871	0.160755761640221
-1.80211551800213	0.40518546889285
-1.84215992422119	0.772497364016813
-0.966116622326036	0.591479648717113
-0.471210449299903	0.318129030422609
-0.111772179401005	0.0451824261502468
0.679351020763047	0.321470737969825
4.15997965562972	2.01487500651564
-0.258876356832178	0.128340861627814
-0.750699276625547	0.264252450117151
0.642430262122492	0.204551977387731
-0.803734101145256	0.532873579054754
-0.0129650491010016	0.00665424402782248
0.538985128444834	0.310836163570355
0.298958367909211	0.190319461598539
0.508081388675797	0.18525425523165
0.636334245031832	0.202658963099978
-3.4747598518894	1.2627547738838
1.95338582999428	0.463576578510391
0.139088984871223	0.0347391602259325
-1.54211096447874	0.565956548030536
-0.963731289552083	0.590393201670378
0.134489699809032	0.0400924429288267
0.344970755858572	0.172830649815742
0.119346141387574	0.0399673293745233
-0.31798048673079	0.146631263769122
0.431253574471815	0.172548205530602
-3.09280325935961	0.972693856185307
1.95256933090985	0.464168557061862
0.929670085417592	0.244778423912617
1.95338582999428	0.463576578510391
0.139073148904902	0.0266055202308437
-1.16180306616162	0.360626829502971
0.92732486785368	0.24306890205782
-3.46998743660351	1.26411646563651
0.128532989649213	0.0387330108702786
0.640658905761581	0.203950748563405
-0.649319222104321	0.16021039083734
1.01202616470632	0.384309287615817
0.350018886845198	0.174618674899344
-2.09147901102814	0.978596282881341
-2.58513149511835	0.689509113042442
0.139073148904902	0.0266055202308437
-0.650318276706871	0.160755761640221
-1.84889768338901	1.16131447713911
0.145565146619046	0.0360310894434119
0.927971507294548	0.243537608899139
-1.16680976292454	0.361321943590249
0.134720480496125	0.046154809884801
-1.84635936125413	0.772831105281446
-0.649677393302236	0.159121336474823
-0.537517418286813	0.207787642934785
0.132517398019614	0.0400248322660559
-0.371729277964481	0.109124865696984
0.92732486785368	0.24306890205782
1.26220385852182	0.697736162447627
0.799427554875135	0.337387398836876
-0.74308996376314	0.255581005416548
-0.409141468225571	0.173303271776386
-0.749707900448518	0.266629197702648
-3.09280325935961	0.972693856185307
1.31118762702853	0.571408737604673
1.95256933090985	0.464168557061862
0.139073148904902	0.0266055202308437
2.7479767545239	0.782066977880158
0.141628868364635	0.0268733845859336
-2.58557826662177	0.681302812577655
0.92853477633807	0.238933368646828
-0.748962934462903	0.265874158565463
-0.746534217740653	0.262483449927324
-2.58945281070023	0.683631203527574
0.925979622549504	0.243736825113843
0.141628868364635	0.0268733845859336
1.95338582999428	0.463576578510391
-0.650959635012338	0.159168476600347
1.95338582999428	0.463576578510391
1.79793422282707	0.704405735156038
1.06961507202694	0.648583785760315
-0.408869331927566	0.172287095578278
-1.16076621190063	0.359385238156804
-0.372732473872603	0.110746709749891
1.95256933090985	0.464168557061862
0.136676224470739	0.0411018975580698
0.926329332609966	0.245803896301602
3.62062366405083	1.43326252584705
2.74531503858304	0.788587032684406
1.95256933090985	0.464168557061862
0.637110020884382	0.202981575807905
1.79971117079625	0.713547256095307
-0.647268870262709	0.157438045305518
0.139088984871223	0.0347391602259325
1.95256933090985	0.464168557061862
2.74531503858304	0.788587032684406
1.95338582999428	0.463576578510391
0.134542642796399	0.0341445690681232
1.42795516831077	0.478570790474717
1.30510580941007	0.574633213521749
0.137716344096337	0.0264356853006178
3.9123489333965	1.72015641649178
1.95584693887656	0.462330835133922
2.74438259751335	0.780038400688451
-0.369504231805591	0.107567671934274
1.54927351109122	0.773083861620571
0.637110020884382	0.202981575807905
1.95256933090985	0.464168557061862
0.929020853400311	0.244303524147299
-2.58468514934926	0.681926813759725
1.42692741367696	0.472854481440801
-0.408916272225057	0.173941516536407
0.139073148904902	0.0266055202308437
-1.29580538399491	0.604526107834548
0.641431038909059	0.206705899790905
-0.246744187489769	0.0819875861942725
0.639329222636839	0.203514926064791
-0.372199398666119	0.10861997456099
0.131769780715528	0.0397831026994758
0.505524711177284	0.184537045848412
-2.58557826662177	0.681302812577655
0.809239056393596	0.34255292022026
-1.83797713176254	0.763323297952075
-1.16152021660948	0.35929571617842
-1.54211096447874	0.565956548030536
0.139073148904902	0.0266055202308437
0.138169594891086	0.0265198668009027
0.137716344096337	0.0264356853006178
2.7462498006239	0.778261278020301
-1.16076621190063	0.359385238156804
0.596091643308744	0.312565873458659
0.130105167826918	0.0446113493171228
-0.785574924986156	0.351164797524706
-1.1105239132212	0.754372423134327
-0.246989071171801	0.0815311001871286
2.74438259751335	0.780038400688451
0.373579437596167	0.165773912244554
0.504580075605894	0.183905699075097
-0.107568195067127	0.0434381175009775
0.641203436908402	0.204828865510354
-0.646622749070198	0.158987296788642
0.499677806509618	0.181395612831858
-1.80190156331263	0.405310176911618
-2.30215719257309	1.18604706736687
1.7947052374355	0.701940247969362
0.130105167826918	0.0446113493171228
-1.05245216258944	0.431815108906743
-0.371963944093828	0.110621992809151
1.26163296008449	0.706604794605791
-0.753925861436807	0.267481396825324
0.506227015255489	0.182899351925803
1.0428265442196	0.500803596566549
-0.247688428186081	0.0823916105388393
-0.251118384097639	0.127027878665728
0.929020853400311	0.244303524147299
-1.84338901727571	0.757795804844444
-0.649961670532414	0.158635340685799
0.133621657798323	0.0257280473816019
-2.58513149511835	0.689509113042442
0.138169594891086	0.0265198668009027
0.138547275345784	0.0347818496624983
1.95256933090985	0.464168557061862
1.95256933090985	0.464168557061862
1.95256933090985	0.464168557061862
0.500618029906439	0.182017934068643
-1.54716733927322	0.566283034461824
-0.540837584872468	0.211287314007882
0.133606661613399	0.0514748615616714
0.135931183146639	0.0408601823442341
0.127549585831426	0.0385072991721353
0.139073148904902	0.0266055202308437
0.137716344096337	0.0264356853006178
0.134720480496125	0.046154809884801
0.127239208880002	0.0433350040918735
-3.77412214772395	1.53344506919461
0.925335174824177	0.243267565805426
-1.16152021660948	0.35929571617842
1.44109311682681	0.902431779745543
-1.80211551800213	0.40518546889285
0.141628868364635	0.0268733845859336
0.138818714405564	0.0354421828043769
1.0056115986486	0.378718929959726
-1.00088595579251	0.501834696131827
1.44780313168381	0.899923519313658
-0.371963944093828	0.110621992809151
-0.244190797351914	0.0812410173227275
0.131792570699465	0.0506912441120161
0.5071360209819	0.183347399230339
0.927971507294548	0.243537608899139
0.129840797352239	0.0445844341304171
0.640327927997844	0.202105416098505
2.7462498006239	0.778261278020301
2.7489176254429	0.781882431670721
0.138618353811657	0.0265211219118666
-1.80190156331263	0.405310176911618
-0.649319222104321	0.16021039083734
1.95256933090985	0.464168557061862
-0.649677393302236	0.159121336474823
0.129840797352239	0.0445844341304171
0.139576085242422	0.0352987079074651
-1.04921291121102	0.426520143491694
-0.10792713458243	0.0435843718382022
0.133264717489137	0.0398651258030508
-0.54445242738474	0.207438682647104
0.644195640504139	0.203891935709909
0.92113051285893	0.24102514029113
-0.239530983949622	0.079101339152492
0.137790482671227	0.0349173015404508
-0.372967191440885	0.109879462987979
0.138169594891086	0.0265198668009027
0.12845124068633	0.032045054961697
0.142698404858563	0.0359575700897484
-0.376278890867832	0.110765860075796
0.133502874099665	0.0402503094723903
2.74531503858304	0.788587032684406
-0.649677393302236	0.159121336474823
0.130783366724484	0.0391461997340817
-0.371963944093828	0.110621992809151
0.121573137052779	0.0410393732434389
1.55131036080572	0.775222255169698
0.131769780715528	0.0397831026994758
-1.16152021660948	0.35929571617842
-0.649677393302236	0.159121336474823
-0.499136510041135	0.261406710101769
0.132517398019614	0.0400248322660559
-2.58468514934926	0.681926813759725
1.95338582999428	0.463576578510391
-1.80211551800213	0.40518546889285
1.80195797435116	0.697288209820227
-1.80211551800213	0.40518546889285
1.42719460355007	0.477448564652232
0.137716344096337	0.0264356853006178
-0.650318276706871	0.160755761640221
2.08849476509833	0.9440485467898
0.640658905761581	0.203950748563405
-1.16152021660948	0.35929571617842
-2.58513149511835	0.689509113042442
0.138618353811657	0.0265211219118666
0.137716344096337	0.0264356853006178
-0.372199398666119	0.10861997456099
-0.750453159564684	0.266070645067511
0.125681624662789	0.0430946049318035
0.140906973713143	0.0352149950547458
-3.09343711568729	0.972052225554497
-1.16680976292454	0.361321943590249
-1.05479795134611	0.427684260342655
1.54602223746616	0.771815254797831
0.138547275345784	0.0347818496624983
0.137790482671227	0.0349173015404508
-0.747228166702206	0.259099254454139
-3.09739452059542	0.972553736075869
-0.373053653203401	0.10950615431338
0.642202725024316	0.20486814652215
0.643202247298856	0.202776762796674
-1.16076621190063	0.359385238156804
-1.85205233883341	0.764323714431684
-0.366494681560211	0.105044733933476
-1.16076621190063	0.359385238156804
2.74531503858304	0.788587032684406
1.95256933090985	0.464168557061862
1.95256933090985	0.464168557061862
0.926974875419701	0.246284209674963
1.95256933090985	0.464168557061862
0.141168720466643	0.026788068800843
3.62254507579789	1.42030496214698
0.138618353811657	0.0265211219118666
0.141168720466643	0.026788068800843
-2.58468514934926	0.681926813759725
-1.80211551800213	0.40518546889285
-3.47880789458001	1.24501758656857
0.13377964661681	0.0339655613686654
0.139073148904902	0.0266055202308437
-0.649677393302236	0.159121336474823
1.95256933090985	0.464168557061862
-1.80211551800213	0.40518546889285
0.926974875419701	0.246284209674963
1.95338582999428	0.463576578510391
2.74438259751335	0.780038400688451
0.638661759222662	0.201540571310924
0.139847419253076	0.0352678773972538
-3.77488446443192	1.52874110171612
3.2493353238897	1.10864834370629
0.133621657798323	0.0257280473816019
2.74438259751335	0.780038400688451
-1.80211551800213	0.40518546889285
1.95256933090985	0.464168557061862
-1.80190156331263	0.405310176911618
0.138618353811657	0.0265211219118666
0.138169594891086	0.0265198668009027
1.95338582999428	0.463576578510391
-1.80190156331263	0.405310176911618
-2.58945281070023	0.683631203527574
-1.80211551800213	0.40518546889285
-1.80190156331263	0.405310176911618
-1.80211551800213	0.40518546889285
2.74531503858304	0.788587032684406
-2.58557826662177	0.681302812577655
