x	y
-0.650959635012338	0.159168476600347
0.138618353811657	0.0265211219118666
-1.16152021660948	0.35929571617842
-1.16577583586829	0.360083099240396
-1.80211551800213	0.40518546889285
-0.371963944093828	0.110621992809151
0.139073148904902	0.0266055202308437
-1.16255649541829	0.360535388481223
0.138547275345784	0.0347818496624983
-0.654514463701247	0.160265207029626
-1.80190156331263	0.405310176911618
-0.373501444264572	0.109780204795531
0.141168720466643	0.026788068800843
-3.47400814940775	1.26328835340161
1.43108326772595	0.478167346987275
-0.649961670532414	0.158635340685799
-0.746534217740653	0.262483449927324
-1.16680976292454	0.361321943590249
-0.378051187678928	0.111023447161183
-0.649319222104321	0.16021039083734
0.138618353811657	0.0265211219118666
-1.2875789169863	0.579200654089022
0.641104859986785	0.202425076080571
-1.30595150146917	0.581744720196972
-1.53732327136021	0.558096879249065
-2.31072845757555	1.18521193629947
-0.647268870262709	0.157438045305518
-0.754915023302398	0.265106216530069
-0.61348610565051	0.297980365867815
-0.749707900448518	0.266629197702648
-1.04145841435741	0.41390695791054
0.138169594891086	0.0265198668009027
-0.366494681560211	0.105044733933476
0.129941237746952	0.0445266641773187
-2.30700909134262	1.17083410070468
0.132517398019614	0.0400248322660559
-3.77079928020134	1.52240203576144
-0.74554030308287	0.261955894337664
-2.09051641699184	0.975356223053455
-1.50571108094346	0.776897990755576
-0.372967191440885	0.109879462987979
-0.646622749070198	0.158987296788642
-0.654165411001464	0.159831562379876
-0.169912448780061	0.0622831802819851
0.136919308020491	0.0408177028889142
0.128532989649213	0.0387330108702786
-0.372732473872603	0.110746709749891
-0.369739934267753	0.108830229788068
-1.29839367745259	0.595503862745165
-1.54538955663062	0.564367029919961
0.137790482671227	0.0349173015404508
0.129515595212371	0.0385917089800423
-2.58468514934926	0.681926813759725
0.639660215207864	0.203910262751024
3.25318829374075	1.10976895754928
-1.16180306616162	0.360626829502971
-0.371963944093828	0.110621992809151
-1.16577583586829	0.360083099240396
-1.16255649541829	0.360535388481223
-1.0508065919118	0.420998028101424
3.2493353238897	1.10864834370629
-0.650318276706871	0.160755761640221
-0.648677249821696	0.158587087101144
-1.80211551800213	0.40518546889285
0.141628868364635	0.0268733845859336
-1.80190156331263	0.405310176911618
-0.369739934267753	0.108830229788068
-0.374504096873756	0.109063507862746
-3.76852422420012	1.52461461294132
-0.649319222104321	0.16021039083734
-0.376050641505638	0.110143849291774
-1.80211551800213	0.40518546889285
-1.80211551800213	0.40518546889285
-3.770040500817	1.52983951262272
-2.58513149511835	0.689509113042442
-2.58468514934926	0.681926813759725
0.141628868364635	0.0268733845859336
-1.54211096447874	0.565956548030536
-1.80190156331263	0.405310176911618
-0.646622749070198	0.158987296788642
-1.80190156331263	0.405310176911618
-1.80190156331263	0.405310176911618
0.93002098112329	0.244423585041229
-1.80190156331263	0.405310176911618
0.139576085242422	0.0352987079074651
0.137716344096337	0.0264356853006178
-1.69532854525063	0.974136322781026
-1.16076621190063	0.359385238156804
3.62062366405083	1.43326252584705
0.134986889048387	0.0462856031126629
-2.09495514552012	0.983809814108261
-3.09739452059542	0.972553736075869
1.95338582999428	0.463576578510391
0.135235985047267	0.0399377111449028
-1.05409989481754	0.428530499260954
-0.649677393302236	0.159121336474823
-0.244180925356045	0.081049134991476
-0.74554030308287	0.261955894337664
-3.77899186873639	1.50840101660571
0.67477466395096	0.315389608419303
-0.539001335022026	0.207686338514741
-0.23997851337229	0.0797141941925215
3.92066530797147	1.7087082705816
-3.47073410037615	1.25961524031716
-1.80190156331263	0.405310176911618
-2.58513149511835	0.689509113042442
0.138618353811657	0.0265211219118666
0.138547275345784	0.0347818496624983
-1.80211551800213	0.40518546889285
-4.02148240437186	1.79135100546719
-1.04893390575969	0.425501531364033
-0.240928484682292	0.0794592918982822
0.139257119173862	0.0468606463926818
1.04301766912254	0.509338270960851
0.132755613913402	0.0400087413766842
-0.648677249821696	0.158587087101144
1.95338582999428	0.463576578510391
-0.244180925356045	0.081049134991476
-0.650318276706871	0.160755761640221
-2.58899611685113	0.683672524401667
1.79570418994076	0.710490111832351
-1.54615842792672	0.564342761115075
0.136676224470739	0.0411018975580698
-1.54287595262912	0.564324390459102
-0.537517418286813	0.207787642934785
1.01595055020248	0.392095167936931
-0.542406515669322	0.20957393057014
0.640658905761581	0.203950748563405
-2.58513149511835	0.689509113042442
-3.09280325935961	0.972693856185307
1.95256933090985	0.464168557061862
-2.58945281070023	0.683631203527574
-1.80583314024352	0.404036831265938
0.137716344096337	0.0264356853006178
-0.654514463701247	0.160265207029626
-0.240928484682292	0.0794592918982822
-0.655163635992096	0.160369482742199
-2.58468514934926	0.681926813759725
-0.788021168436511	0.348184686446369
0.504580075605894	0.183905699075097
-0.368970569520409	0.108704530129129
-1.84610423045024	0.772015626597942
0.640105850465034	0.203838328173808
-0.245102561255551	0.0799501210255381
0.139073148904902	0.0266055202308437
0.141666634051722	0.0357514933011427
-2.08912348607224	0.975673467838876
0.13269968256925	0.0511668869959815
0.930671315320304	0.244899140334393
-0.241840209542203	0.080476940077082
0.142698404858563	0.0359575700897484
-0.749707900448518	0.266629197702648
1.42898338960615	0.478193832396807
-3.09343711568729	0.972052225554497
0.930671315320304	0.244899140334393
-1.16577583586829	0.360083099240396
1.29903761311502	0.555946196463471
-0.650815605433229	0.158518447092606
-3.09739452059542	0.972553736075869
-1.30036353063113	0.590945467016891
-1.17108714600837	0.35581246469474
-0.649319222104321	0.16021039083734
-0.748717096925392	0.26268742708996
-1.80190156331263	0.405310176911618
-0.515908589314879	0.396360066807814
1.3824981875469	1.04921974479502
1.8876306555852	1.6113228836964
0.506468506416984	0.184272460164198
-3.46998743660351	1.26411646563651
3.61956389250147	1.43028882967321
0.433128399509895	0.1763668859627
1.01080793058073	0.389781480211188
3.25215396833713	1.09944519815717
0.139847419253076	0.0352678773972538
4.15772432340643	2.00809868588151
-2.58557826662177	0.681302812577655
-1.54033413653663	0.562613885619299
1.25711752568275	0.687738776529377
1.31094944803572	0.585633714178286
3.91649626313352	1.73172133841656
-0.649319222104321	0.16021039083734
0.92732486785368	0.24306890205782
-0.614161617283813	0.292798248208049
-1.16331040146866	0.356501861337983
-1.50292109855994	0.770484799159986
-0.808681356534685	0.538705817865904
-1.29183447526749	0.594065373157118
-3.09280325935961	0.972693856185307
-2.58468514934926	0.681926813759725
0.141628868364635	0.0268733845859336
-2.58513149511835	0.689509113042442
-0.368970569520409	0.108704530129129
-1.15790256442372	0.35664499176059
-0.542135647454679	0.210886784915037
0.925979622549504	0.243736825113843
-1.10369602814971	0.761368276631417
-0.545910197315445	0.210647933455594
0.138618353811657	0.0265211219118666
2.33344818907	1.17648881814106
0.79747062420093	0.336571067175277
-0.618228575020505	0.301885294099273
0.804954811703476	0.345472225969279
0.133516783675935	0.0336393793939088
-2.58513149511835	0.689509113042442
0.511367717753323	0.182929976181839
-1.80211551800213	0.40518546889285
-0.74554030308287	0.261955894337664
-1.15790256442372	0.35664499176059
-0.646622749070198	0.158987296788642
-0.544995323112593	0.212530818243473
-0.106493257389416	0.043045876551947
-0.617693933351605	0.300398708039903
-0.749707900448518	0.266629197702648
-0.377279345813368	0.110037093431777
-0.750207197643262	0.259651555151019
-1.54033413653663	0.562613885619299
-1.16227469880569	0.355295007054579
0.641203436908402	0.204828865510354
0.139576085242422	0.0352987079074651
-2.58557826662177	0.681302812577655
-2.58513149511835	0.689509113042442
3.25036486382959	1.10725094810752
0.139073148904902	0.0266055202308437
-1.54033413653663	0.562613885619299
-3.47400814940775	1.26328835340161
1.42719460355007	0.477448564652232
0.922124936246008	0.243516971274684
1.00659170771323	0.383129425199669
-3.09280325935961	0.972693856185307
-1.15865836302273	0.356559362366982
0.644424999818512	0.207579266186308
0.138818714405564	0.0354421828043769
-3.09343711568729	0.972052225554497
0.138169594891086	0.0265198668009027
-0.788282254143968	0.348161930703264
-1.80211551800213	0.40518546889285
-2.09565077547338	0.983693098482494
-1.54639876708013	0.566309129661381
-2.08981984785612	0.976979991676915
-1.54186427014847	0.562391050588268
-1.50911057639426	0.789656593076845
-1.54109898628274	0.564008735008191
-1.54134641011664	0.564552208534783
0.132517398019614	0.0400248322660559
-1.54211096447874	0.565956548030536
0.137657029645535	0.0344892399783439
1.42293417334597	0.472946291653134
0.138169594891086	0.0265198668009027
-2.0933032092999	0.976892909140157
0.381645278948262	0.170635647953797
-0.373501444264572	0.109780204795531
0.800473766880362	0.337564218889536
1.80296230556392	0.702658023385282
-0.240677024303625	0.0791681775998101
0.509725648789814	0.185898565895246
-0.174363767051968	0.0621655001976924
-0.54186423162957	0.208365843517006
-0.176875235817064	0.0628724938453485
-0.648677249821696	0.158587087101144
-0.546018743781524	0.210554240096112
1.79670337293508	0.712109669548487
-2.09008498415123	0.978920478853419
-0.240892370455321	0.0792841914193826
0.929020853400311	0.244303524147299
-1.80211551800213	0.40518546889285
-0.542964217103711	0.209381461466314
-1.85205233883341	0.764323714431684
-0.412471956411617	0.175341818450118
-0.994947520595846	0.503479993249042
-1.30632723212972	0.593558123734807
-0.377279345813368	0.110037093431777
-0.377823620534237	0.111128034755999
-1.80211551800213	0.40518546889285
0.141628868364635	0.0268733845859336
3.2493353238897	1.10864834370629
1.75853694923	0.978749361183786
-0.741608659597015	0.255372129801573
-0.649677393302236	0.159121336474823
0.139847419253076	0.0352678773972538
0.512296682193737	0.184360640072117
1.79692786302671	0.707950117880233
3.2493353238897	1.10864834370629
-2.58513149511835	0.689509113042442
3.9123489333965	1.72015641649178
1.42822224336494	0.477074019570971
1.42719460355007	0.477448564652232
-1.54033413653663	0.562613885619299
-1.16680976292454	0.361321943590249
0.137716344096337	0.0264356853006178
-2.58468514934926	0.681926813759725
0.501557396458874	0.181763123331669
0.137420997667979	0.0409326259269069
0.639660215207864	0.203910262751024
-1.0506117909771	0.425111529407623
-1.04825804245851	0.430881776490226
-0.649319222104321	0.16021039083734
-0.654514463701247	0.160265207029626
0.134154243459314	0.0392843628395827
-0.650318276706871	0.160755761640221
-1.80190156331263	0.405310176911618
-0.748218261379527	0.262913312316052
-0.754738424666519	0.261192366593671
-2.09495514552012	0.983809814108261
1.95338582999428	0.463576578510391
1.01375799328144	0.385551763829273
0.139088984871223	0.0347391602259325
0.137716344096337	0.0264356853006178
-0.371729277964481	0.109124865696984
-1.54058228908419	0.558038570704529
-1.16255649541829	0.360535388481223
2.08751153945252	0.940460252577583
-0.650318276706871	0.160755761640221
-2.58468514934926	0.681926813759725
-0.748717096925392	0.26268742708996
-1.16076621190063	0.359385238156804
1.30839406869701	0.574336449943532
1.95256933090985	0.464168557061862
2.7479767545239	0.782066977880158
1.79770278509994	0.709688375349796
1.95256933090985	0.464168557061862
-0.373053653203401	0.10950615431338
-0.248387997661862	0.0825807028479737
-1.80211551800213	0.40518546889285
-0.650959635012338	0.159168476600347
0.137716344096337	0.0264356853006178
0.142425808142815	0.0356096114179749
-0.650318276706871	0.160755761640221
-2.58557826662177	0.681302812577655
-0.649319222104321	0.16021039083734
-0.786437621129413	0.346855605330261
-0.542406515669322	0.20957393057014
-3.09280325935961	0.972693856185307
0.925335174824177	0.243267565805426
-1.16255649541829	0.360535388481223
1.95338582999428	0.463576578510391
-2.58513149511835	0.689509113042442
-1.04895682546004	0.430951643107204
-2.58513149511835	0.689509113042442
1.31000962917872	0.587023547729711
-0.247443196598974	0.0821764216093194
1.95256933090985	0.464168557061862
0.13806085974017	0.0349020150681185
-2.31072845757555	1.18521193629947
0.133621657798323	0.0257280473816019
0.64342341463051	0.205691875654135
0.506468506416984	0.184272460164198
-0.37705103334154	0.111772840936855
0.799168712221924	0.340465651218408
-0.40948446286418	0.174346422488273
0.138618353811657	0.0265211219118666
0.141938162059784	0.0354191252721787
1.95338582999428	0.463576578510391
-0.646622749070198	0.158987296788642
2.7489176254429	0.781882431670721
-0.649961670532414	0.158635340685799
-0.748962934462903	0.265874158565463
-0.376278890867832	0.110765860075796
-1.05245216258944	0.431815108906743
-1.54639876708013	0.566309129661381
0.925979622549504	0.243736825113843
-1.29645256159416	0.603706616563397
-0.373501444264572	0.109780204795531
-0.645977108318167	0.157387277340251
-3.09343711568729	0.972052225554497
-2.58513149511835	0.689509113042442
-1.80190156331263	0.405310176911618
0.139073148904902	0.0266055202308437
0.139073148904902	0.0266055202308437
-0.373827390310146	0.108893395320217
0.137716344096337	0.0264356853006178
-1.16577583586829	0.360083099240396
-2.58945281070023	0.683631203527574
0.137716344096337	0.0264356853006178
0.639433294916704	0.204223062388441
-1.16227469880569	0.355295007054579
-1.16180306616162	0.360626829502971
-3.46998743660351	1.26411646563651
-0.247688428186081	0.0823916105388393
-2.08938828267238	0.974219420953404
-0.110905120216736	0.0445697256579797
-0.750699276625547	0.264252450117151
-0.242540504674911	0.0808346916156265
-0.318367864196796	0.147533211993386
-1.05245216258944	0.431815108906743
-0.374504096873756	0.109063507862746
-3.09280325935961	0.972693856185307
-1.80190156331263	0.405310176911618
0.131021865338521	0.0391721334922174
0.64342341463051	0.205691875654135
-0.650318276706871	0.160755761640221
0.430756107237886	0.171831902869872
-1.16076621190063	0.359385238156804
0.129941237746952	0.0445266641773187
0.132517398019614	0.0400248322660559
-0.649319222104321	0.16021039083734
-1.16255649541829	0.360535388481223
-0.376050641505638	0.110143849291774
-0.371195854454092	0.109335251451445
-1.53732327136021	0.558096879249065
-0.540188763035123	0.210389950149253
-0.789881444960189	0.353151521764817
-0.649319222104321	0.16021039083734
-1.80583314024352	0.404036831265938
-0.244180925356045	0.081049134991476
-0.650318276706871	0.160755761640221
-0.372967191440885	0.109879462987979
0.129299133104508	0.0442965545546769
0.926329332609966	0.245803896301602
-2.58513149511835	0.689509113042442
-1.80211551800213	0.40518546889285
-1.80211551800213	0.40518546889285
-2.58513149511835	0.689509113042442
-1.80211551800213	0.40518546889285
-0.747972485615798	0.261954605937602
-0.372967191440885	0.109879462987979
-0.649677393302236	0.159121336474823
-0.535308373225824	0.20589537458875
0.423623494737594	0.16999231936055
0.13806085974017	0.0349020150681185
-2.58945281070023	0.683631203527574
-2.58513149511835	0.689509113042442
-1.54211096447874	0.565956548030536
-3.09280325935961	0.972693856185307
3.622744731928	1.40801772966037
0.640658905761581	0.203950748563405
-0.653515136282054	0.159727161117317
-1.84290267129783	0.7723474188048
-2.58468514934926	0.681926813759725
-1.80211551800213	0.40518546889285
0.137420997667979	0.0409326259269069
0.644424999818512	0.207579266186308
-0.649961670532414	0.158635340685799
0.804954811703476	0.345472225969279
-2.58945281070023	0.683631203527574
-1.04634895601065	0.415010215184519
-1.84610423045024	0.772015626597942
-1.80211551800213	0.40518546889285
-1.16076621190063	0.359385238156804
-1.16180306616162	0.360626829502971
-0.372732473872603	0.110746709749891
-0.370509740783027	0.107903753835967
0.642430262122492	0.204551977387731
-0.750699276625547	0.264252450117151
0.134526944690639	0.0258144647389653
-0.653515136282054	0.159727161117317
-1.80211551800213	0.40518546889285
-1.80211551800213	0.40518546889285
0.138169594891086	0.0265198668009027
-0.653515136282054	0.159727161117317
-3.47148123429515	1.24344411644129
-1.16152021660948	0.35929571617842
-1.16331040146866	0.356501861337983
-0.407053570363829	0.169740220901285
-1.30410907664163	0.599798999320701
-0.646622749070198	0.158987296788642
1.31071131737431	0.580370529078579
-0.649319222104321	0.16021039083734
1.95338582999428	0.463576578510391
0.933386740287997	0.241580741321053
-1.80190156331263	0.405310176911618
-2.58513149511835	0.689509113042442
-0.408348196652589	0.173037028474031
-0.650318276706871	0.160755761640221
0.138169594891086	0.0265198668009027
0.135568968576203	0.0339891491304889
-0.654514463701247	0.160265207029626
-0.791683092699708	0.353639079026684
0.640658905761581	0.203950748563405
1.06835253514387	0.644280794834529
-1.80190156331263	0.405310176911618
0.129278986113907	0.0386815864932076
1.95338582999428	0.463576578510391
-2.58468514934926	0.681926813759725
-1.80583314024352	0.404036831265938
0.929020853400311	0.244303524147299
0.929020853400311	0.244303524147299
-1.54134641011664	0.564552208534783
1.43108326772595	0.478167346987275
-3.09343711568729	0.972052225554497
-1.80190156331263	0.405310176911618
-0.37705103334154	0.111772840936855
0.132178724057892	0.0510702765080139
0.137716344096337	0.0264356853006178
-0.650318276706871	0.160755761640221
-1.80211551800213	0.40518546889285
-3.09739452059542	0.972553736075869
-1.80190156331263	0.405310176911618
-1.80583314024352	0.404036831265938
-0.37373542401889	0.110004299970677
-2.58513149511835	0.689509113042442
3.25036486382959	1.10725094810752
0.141628868364635	0.0268733845859336
1.95338582999428	0.463576578510391
0.137393054243537	0.0344634753891055
-1.16680976292454	0.361321943590249
-2.58468514934926	0.681926813759725
0.922124936246008	0.243516971274684
-2.58513149511835	0.689509113042442
-0.650318276706871	0.160755761640221
-0.76063150419968	0.262033397966174
0.137716344096337	0.0264356853006178
1.42498522338498	0.466870648976945
1.04795885506533	0.510175078759724
-0.653515136282054	0.159727161117317
-1.16076621190063	0.359385238156804
-1.80190156331263	0.405310176911618
-1.54058228908419	0.558038570704529
0.92732486785368	0.24306890205782
0.139073148904902	0.0266055202308437
-0.655163635992096	0.160369482742199
-1.80190156331263	0.405310176911618
-1.80211551800213	0.40518546889285
-2.58557826662177	0.681302812577655
2.33394339420064	1.1483220021212
-0.238331644347611	0.0787660677791559
-2.08981984785612	0.976979991676915
-1.80190156331263	0.405310176911618
-1.84798995307189	1.17705315211458
-0.539648861162834	0.20784789146555
-0.649319222104321	0.16021039083734
-0.649961670532414	0.158635340685799
-0.755722432297585	0.261705242558902
-1.54211096447874	0.565956548030536
-1.16076621190063	0.359385238156804
-1.80190156331263	0.405310176911618
-0.37705103334154	0.111772840936855
-1.16105011316119	0.35650557951397
0.141168720466643	0.026788068800843
1.95256933090985	0.464168557061862
-0.653515136282054	0.159727161117317
-2.58468514934926	0.681926813759725
-1.80190156331263	0.405310176911618
-3.09675293313402	0.963861246988004
0.138169594891086	0.0265198668009027
-3.4732569225175	1.24987015294251
-0.372732473872603	0.110746709749891
0.145565146619046	0.0360310894434119
-0.371963944093828	0.110621992809151
-0.372732473872603	0.110746709749891
-0.537244494096108	0.209199262988428
-0.370960450535942	0.108999469994633
-0.545641755228151	0.213156326519175
-3.46998743660351	1.26411646563651
-1.16152021660948	0.35929571617842
-0.111235862084243	0.0448500579875298
-1.80211551800213	0.40518546889285
-1.54058228908419	0.558038570704529
-3.09216987140428	0.960869115746174
-2.58513149511835	0.689509113042442
2.74438259751335	0.780038400688451
0.138618353811657	0.0265211219118666
0.137716344096337	0.0264356853006178
-1.16105011316119	0.35650557951397
2.7479767545239	0.782066977880158
3.25036486382959	1.10725094810752
-1.16152021660948	0.35929571617842
-0.372732473872603	0.110746709749891
0.127239208880002	0.0433350040918735
1.79870938672057	0.706124174779807
0.92732486785368	0.24306890205782
0.13377964661681	0.0339655613686654
-0.371963944093828	0.110621992809151
0.137716344096337	0.0264356853006178
-0.648677249821696	0.158587087101144
-1.69291312735536	0.97231035620735
0.134805386154992	0.0338121207710829
-0.37373542401889	0.110004299970677
-0.993466461526202	0.5008963607004
-0.754425233494808	0.261585538393113
-0.613121255739723	0.29454127292639
-0.371729277964481	0.109124865696984
-0.37705103334154	0.111772840936855
-0.786496231567495	0.35210829920392
1.79971117079625	0.713547256095307
0.137790482671227	0.0349173015404508
-1.54211096447874	0.565956548030536
-3.09280325935961	0.972693856185307
-0.649677393302236	0.159121336474823
-1.80190156331263	0.405310176911618
-1.55148252777341	0.560146364284981
1.4308149383669	0.474993175817053
0.138547275345784	0.0347818496624983
0.137716344096337	0.0264356853006178
-0.744797769739109	0.261223376171582
0.139073148904902	0.0266055202308437
-1.05900411316214	0.424285528599581
1.95256933090985	0.464168557061862
-0.377279345813368	0.110037093431777
-0.374056649896452	0.10984667872003
0.138818714405564	0.0354421828043769
1.42692741367696	0.472854481440801
-4.02222010229891	1.7906645377899
0.92113051285893	0.24102514029113
-0.383166854456112	0.110600439217772
-2.58557826662177	0.681302812577655
-0.650959635012338	0.159168476600347
-1.80211551800213	0.40518546889285
-0.785574924986156	0.351164797524706
-0.61922918958454	0.296216243709137
-0.239280214302503	0.0797093161228399
0.136785026424284	0.0585503235744843
-2.09984244616012	0.971605373793925
-1.53956972045097	0.556149616231128
-2.0946931570413	0.980435843648615
-0.539648861162834	0.20784789146555
-1.80211551800213	0.40518546889285
-0.165917977856602	0.0609706695180494
1.04519775194941	0.509793399052128
-1.84462146111998	0.762103522861904
-0.748218261379527	0.262913312316052
-0.369739934267753	0.108830229788068
0.50738087048618	0.182889267122129
-0.541486546335587	0.211448846736342
0.92113051285893	0.24102514029113
-1.16255649541829	0.360535388481223
-1.04569085125238	0.424269012979002
-1.54615842792672	0.564342761115075
0.139088984871223	0.0347391602259325
-3.09216987140428	0.960869115746174
3.25036486382959	1.10725094810752
0.925335174824177	0.243267565805426
1.95256933090985	0.464168557061862
-0.371963944093828	0.110621992809151
0.140906973713143	0.0352149950547458
0.13806085974017	0.0349020150681185
-0.649319222104321	0.16021039083734
-0.751444890588777	0.263713332527736
2.08947720126277	0.943612171539552
-0.373501444264572	0.109780204795531
0.500618029906439	0.182017934068643
0.141168720466643	0.026788068800843
0.641431038909059	0.206705899790905
1.79971117079625	0.713547256095307
0.138169594891086	0.0265198668009027
-1.16076621190063	0.359385238156804
-1.80190156331263	0.405310176911618
-1.80211551800213	0.40518546889285
-0.991555896170336	0.495824086494421
-0.541756837620845	0.209412208548733
-0.75074715029621	0.263334856390217
-0.242088249126681	0.0799235848381177
0.128463635326266	0.0493757620403598
1.30392693638538	0.574036761821476
-0.801934842278584	0.441546330451094
-0.790099058214395	0.348191271729368
-1.80190156331263	0.405310176911618
-1.80211551800213	0.40518546889285
-0.537244494096108	0.209199262988428
0.133269655210264	0.0514052505492531
0.50902590722156	0.185473067884794
0.639329222636839	0.203514926064791
1.79670337293508	0.712109669548487
2.09022812164202	0.945927753511983
0.116923064468601	0.0389825895999547
0.137716344096337	0.0264356853006178
0.131769780715528	0.0397831026994758
-1.16577583586829	0.360083099240396
-1.80190156331263	0.405310176911618
0.134526944690639	0.0258144647389653
-0.649677393302236	0.159121336474823
0.140605369101782	0.0351308802058006
-1.80211551800213	0.40518546889285
-1.80211551800213	0.40518546889285
0.141168720466643	0.026788068800843
0.138618353811657	0.0265211219118666
1.00999964610321	0.38485082720045
-0.649319222104321	0.16021039083734
0.925335174824177	0.243267565805426
-2.58557826662177	0.681302812577655
0.137716344096337	0.0264356853006178
-1.05805813359704	0.428511662134487
0.141168720466643	0.026788068800843
-0.654165411001464	0.159831562379876
-1.16680976292454	0.361321943590249
-2.58513149511835	0.689509113042442
-1.80190156331263	0.405310176911618
-1.80211551800213	0.40518546889285
0.137790482671227	0.0349173015404508
-1.80190156331263	0.405310176911618
-1.80190156331263	0.405310176911618
0.138618353811657	0.0265211219118666
-0.243738387832607	0.0804072076503759
-0.750699276625547	0.264252450117151
0.128532989649213	0.0387330108702786
-0.413723517512865	0.175732979945065
0.132691654059749	0.0395472168451783
0.12685424655362	0.0433860144624846
-0.749758417812177	0.262810020338643
-2.58468514934926	0.681926813759725
-1.16680976292454	0.361321943590249
0.64519752559114	0.205734411961475
-1.80190156331263	0.405310176911618
-2.58557826662177	0.681302812577655
-1.84215992422119	0.772497364016813
0.128532989649213	0.0387330108702786
-1.53808894962198	0.559470356704578
0.427605900232615	0.173170350163645
0.139576085242422	0.0352987079074651
2.7462498006239	0.778261278020301
0.134249836964903	0.0400890519468039
-0.371963944093828	0.110621992809151
-1.83871770989349	0.763183728810254
0.93002098112329	0.244423585041229
0.926974875419701	0.246284209674963
-0.648677249821696	0.158587087101144
0.13806085974017	0.0349020150681185
-1.54287595262912	0.564324390459102
1.79971117079625	0.713547256095307
1.95338582999428	0.463576578510391
-0.648677249821696	0.158587087101144
-1.80211551800213	0.40518546889285
-0.650815605433229	0.158518447092606
0.640432049403559	0.206671110179374
0.637110020884382	0.202981575807905
-2.58513149511835	0.689509113042442
-3.09343711568729	0.972052225554497
-1.15714724515563	0.352620115329855
-2.08912348607224	0.975673467838876
2.7462498006239	0.778261278020301
1.79162840936759	0.703437230890096
-2.58468514934926	0.681926813759725
-1.80211551800213	0.40518546889285
0.138618353811657	0.0265211219118666
0.141168720466643	0.026788068800843
-3.09739452059542	0.972553736075869
-0.649677393302236	0.159121336474823
0.142425808142815	0.0356096114179749
2.7462498006239	0.778261278020301
-2.58945281070023	0.683631203527574
0.133423596120869	0.0513663752985991
-1.30507768193084	0.585519232923143
-0.248387997661862	0.0825807028479737
0.644195640504139	0.203891935709909
-0.748717096925392	0.26268742708996
3.25036486382959	1.10725094810752
-0.654165411001464	0.159831562379876
-1.8471013721322	0.774661148617268
-0.742349181059267	0.256074125339766
-1.80190156331263	0.405310176911618
0.139073148904902	0.0266055202308437
-0.650318276706871	0.160755761640221
1.95338582999428	0.463576578510391
-0.650318276706871	0.160755761640221
0.134542642796399	0.0341445690681232
0.137716344096337	0.0264356853006178
-0.649677393302236	0.159121336474823
-1.1636728295934	0.354558135670583
-0.647268870262709	0.157438045305518
0.63533835195479	0.202617768704467
0.137080532436617	0.0260826732150604
0.134542642796399	0.0341445690681232
-1.80190156331263	0.405310176911618
-1.80190156331263	0.405310176911618
-0.372280362333769	0.108533187724126
2.54457884186562	1.43608686752379
0.127549585831426	0.0385072991721353
0.141628868364635	0.0268733845859336
-0.372732473872603	0.110746709749891
2.09164939921211	0.92707117741017
2.3306312050231	1.17167998107687
-0.533912851553467	0.203686358612741
0.508081388675797	0.18525425523165
0.142698404858563	0.0359575700897484
1.42616742954426	0.471762089576048
0.641203436908402	0.204828865510354
-1.04499426449967	0.424194737412645
-0.646622749070198	0.158987296788642
0.929020853400311	0.244303524147299
-0.648677249821696	0.158587087101144
-1.80211551800213	0.40518546889285
0.139073148904902	0.0266055202308437
-1.54615842792672	0.564342761115075
0.636334245031832	0.202658963099978
0.138169594891086	0.0265198668009027
-0.649319222104321	0.16021039083734
0.927971507294548	0.243537608899139
0.641431038909059	0.206705899790905
0.138818714405564	0.0354421828043769
0.138169594891086	0.0265198668009027
-1.80583314024352	0.404036831265938
-2.58899611685113	0.683672524401667
-1.80190156331263	0.405310176911618
-0.245843244265103	0.0802194831942887
-1.80190156331263	0.405310176911618
0.126591754435651	0.0434512482036923
-0.649677393302236	0.159121336474823
-1.80190156331263	0.405310176911618
0.4313034338578	0.175795446056529
0.139073148904902	0.0266055202308437
-1.04921291121102	0.426520143491694
-0.539919082620629	0.210635134915098
-0.241840209542203	0.080476940077082
-0.110340832989386	0.0445605801049694
-0.408916272225057	0.173941516536407
0.64519752559114	0.205734411961475
-0.750699276625547	0.264252450117151
1.30160840250665	0.573222303587342
0.345434450431248	0.172185391550321
-3.09343711568729	0.972052225554497
0.139847419253076	0.0352678773972538
-1.16331040146866	0.356501861337983
0.137716344096337	0.0264356853006178
-0.368734126017043	0.108489275130813
0.138169594891086	0.0265198668009027
-0.542676785197838	0.208967705088843
0.137790482671227	0.0349173015404508
-2.58513149511835	0.689509113042442
-0.751198712039969	0.263460624922869
1.01496655409926	0.392016410565643
0.431680677694771	0.173490632341558
-0.650815605433229	0.158518447092606
-0.371963944093828	0.110621992809151
2.7489176254429	0.781882431670721
0.504580075605894	0.183905699075097
-1.84290267129783	0.7723474188048
-1.16331040146866	0.356501861337983
-0.649677393302236	0.159121336474823
0.129278986113907	0.0386815864932076
-1.0534020476836	0.427456809042585
-1.16152021660948	0.35929571617842
0.130491514010977	0.0447267681525709
0.135687810090981	0.0405518208503784
0.589908312807785	0.308029577380059
-0.649961670532414	0.158635340685799
0.925979622549504	0.243736825113843
0.927971507294548	0.243537608899139
1.05161674482536	0.509444222249524
1.42795516831077	0.478570790474717
-2.58468514934926	0.681926813759725
0.138618353811657	0.0265211219118666
-2.58557826662177	0.681302812577655
1.0157137322373	0.387976380499905
-2.58557826662177	0.681302812577655
-3.76928214896483	1.53063223544118
-1.0475594705505	0.429178184450482
-0.648677249821696	0.158587087101144
0.138618353811657	0.0265211219118666
0.143458160699927	0.0358142984417619
0.138169594891086	0.0265198668009027
-1.80190156331263	0.405310176911618
-2.58513149511835	0.689509113042442
3.25036486382959	1.10725094810752
-1.80190156331263	0.405310176911618
-2.58899611685113	0.683672524401667
-0.648677249821696	0.158587087101144
-0.645977108318167	0.157387277340251
-0.650318276706871	0.160755761640221
0.133743144680782	0.0398540974543432
0.137790482671227	0.0349173015404508
0.137716344096337	0.0264356853006178
-0.649677393302236	0.159121336474823
-0.413381207516543	0.17636300038956
-1.54134641011664	0.564552208534783
-1.54538955663062	0.564367029919961
-1.16152021660948	0.35929571617842
-0.540567326781551	0.21079663144273
0.134542642796399	0.0341445690681232
-1.54615842792672	0.564342761115075
-0.37705103334154	0.111772840936855
0.925979622549504	0.243736825113843
2.7489176254429	0.781882431670721
0.135568968576203	0.0339891491304889
-1.80583314024352	0.404036831265938
-3.09675293313402	0.963861246988004
-0.649319222104321	0.16021039083734
-0.650318276706871	0.160755761640221
1.00907487707479	0.37988153605154
-2.58468514934926	0.681926813759725
0.139073148904902	0.0266055202308437
-3.46998743660351	1.26411646563651
1.79670337293508	0.712109669548487
-1.16180306616162	0.360626829502971
-1.80190156331263	0.405310176911618
-1.04730399701661	0.424280980589094
0.140906973713143	0.0352149950547458
-1.30152218159531	0.600761901527298
0.139073148904902	0.0266055202308437
3.25036486382959	1.10725094810752
0.138169594891086	0.0265198668009027
-0.372732473872603	0.110746709749891
-3.770040500817	1.52983951262272
0.128532989649213	0.0387330108702786
-1.80190156331263	0.405310176911618
1.95338582999428	0.463576578510391
-1.80190156331263	0.405310176911618
-0.372732473872603	0.110746709749891
0.137716344096337	0.0264356853006178
0.926329332609966	0.245803896301602
-1.85031918151677	0.761754801682136
-1.80211551800213	0.40518546889285
-1.84215992422119	0.772497364016813
-0.650959635012338	0.159168476600347
0.138818714405564	0.0354421828043769
-1.84141746589933	0.769507517210725
0.138818714405564	0.0354421828043769
-0.654514463701247	0.160265207029626
0.139073148904902	0.0266055202308437
0.13806085974017	0.0349020150681185
-0.654165411001464	0.159831562379876
-0.648677249821696	0.158587087101144
0.141628868364635	0.0268733845859336
-0.614386323917022	0.298711515778912
-0.0478177080397413	0.0224920669415372
-1.17475140093502	0.654592572504461
-0.682928164009486	0.480139978818675
-1.3439932038408	0.834106499073388
-0.111444502303099	0.0445967567818004
-0.557874518850371	0.352444313134138
-0.174363767051968	0.0621655001976924
1.04059850160465	0.500756596778367
-1.54615842792672	0.564342761115075
-0.624039931443258	0.298652433758275
-0.242788883618067	0.0808805347641532
0.138547275345784	0.0347818496624983
1.95584693887656	0.462330835133922
-0.650318276706871	0.160755761640221
-2.58468514934926	0.681926813759725
-0.370960450535942	0.108999469994633
0.144803086510497	0.0355043127546911
0.138169594891086	0.0265198668009027
1.42795516831077	0.478570790474717
0.926974875419701	0.246284209674963
2.74531503858304	0.788587032684406
0.137033206871248	0.0343903632230145
-0.161924550637959	0.0595326272869975
-2.58468514934926	0.681926813759725
0.925979622549504	0.243736825113843
0.134249836964903	0.0400890519468039
-0.37373542401889	0.110004299970677
0.139576085242422	0.0352987079074651
0.141168720466643	0.026788068800843
0.136919308020491	0.0408177028889142
1.30090520337058	0.572638933080247
1.31071131737431	0.580370529078579
-0.242788883618067	0.0808805347641532
0.642430262122492	0.204551977387731
0.132754372873048	0.0334623448971025
-0.535953611007358	0.20815255049836
0.137716344096337	0.0264356853006178
-3.09280325935961	0.972693856185307
-0.648677249821696	0.158587087101144
0.504816499640612	0.183371631391463
0.506227015255489	0.182899351925803
-0.650959635012338	0.159168476600347
0.922124936246008	0.243516971274684
0.63611382542294	0.202940731306447
0.138169594891086	0.0265198668009027
-0.410782384271074	0.172752665006356
0.138618353811657	0.0265211219118666
0.137716344096337	0.0264356853006178
0.138169594891086	0.0265198668009027
-0.370960450535942	0.108999469994633
0.138169594891086	0.0265198668009027
-2.58513149511835	0.689509113042442
-0.650318276706871	0.160755761640221
1.43184622835253	0.479292741706694
0.138169594891086	0.0265198668009027
0.64519752559114	0.205734411961475
-1.16331040146866	0.356501861337983
0.64542681911787	0.206101967608227
0.136919308020491	0.0408177028889142
-1.54716733927322	0.566283034461824
-0.242788883618067	0.0808805347641532
-0.650318276706871	0.160755761640221
-0.648677249821696	0.158587087101144
-3.09280325935961	0.972693856185307
0.139088984871223	0.0347391602259325
-0.786166968099484	0.351530725159594
-1.04895682546004	0.430951643107204
0.130783366724484	0.0391461997340817
-0.410964195034156	0.174446518608924
-0.803860491362782	0.445384158333154
0.127894779700985	0.0492384929400269
0.427912885754657	0.174104059517884
-0.622463529417997	0.303470935584768
-0.251083690572741	0.125458236823705
-0.795291206518448	0.435929177854153
-1.84190336279857	0.769704627409186
0.359677856709099	0.178649499403012
3.25422405878576	1.0988640104023
-0.37373542401889	0.110004299970677
0.14447198425318	0.0692632535967292
-0.748962934462903	0.265874158565463
-0.372732473872603	0.110746709749891
0.132668064023021	0.0573436811619953
-2.58899611685113	0.683672524401667
-2.58513149511835	0.689509113042442
-0.377279345813368	0.110037093431777
-3.09216987140428	0.960869115746174
0.137716344096337	0.0264356853006178
0.929670085417592	0.244778423912617
-2.58899611685113	0.683672524401667
0.143458160699927	0.0358142984417619
-1.80211551800213	0.40518546889285
0.138169594891086	0.0265198668009027
0.131021865338521	0.0391721334922174
-0.372732473872603	0.110746709749891
0.134249836964903	0.0400890519468039
3.61956389250147	1.43028882967321
-0.372199398666119	0.10861997456099
0.134249836964903	0.0400890519468039
-1.84215992422119	0.772497364016813
-0.242540504674911	0.0808346916156265
0.128800385405616	0.0497090773739998
1.0166972253032	0.3880595427182
0.507170252862813	0.182647571247782
0.138818714405564	0.0354421828043769
-3.46924124245495	1.26110671680306
0.137033206871248	0.0343903632230145
0.133502874099665	0.0402503094723903
1.95256933090985	0.464168557061862
-0.546288323472199	0.212886690694489
-0.650959635012338	0.159168476600347
-0.251907264237789	0.082308107823421
0.925335174824177	0.243267565805426
0.138169594891086	0.0265198668009027
0.138169594891086	0.0265198668009027
1.95584693887656	0.462330835133922
0.138169594891086	0.0265198668009027
-1.53956972045097	0.556149616231128
-2.59334626975444	0.673058213099307
-0.37373542401889	0.110004299970677
-1.5036014129825	0.77002047566964
-0.755722432297585	0.261705242558902
-0.648677249821696	0.158587087101144
0.132517398019614	0.0400248322660559
-1.84264604569047	0.766512726713672
-1.54615842792672	0.564342761115075
-0.371729277964481	0.109124865696984
0.133621657798323	0.0257280473816019
-0.748218261379527	0.262913312316052
-0.372732473872603	0.110746709749891
-0.999971652731192	0.507634661620305
0.511367717753323	0.182929976181839
-0.542964217103711	0.209381461466314
-0.105597343137412	0.0425807284097046
0.125296430785151	0.0426623300035241
1.44529399864118	0.89662201260864
-1.33785047036409	0.844940937132569
-0.0736816380714598	0.0321124170495147
-1.54639876708013	0.566309129661381
-0.495895076991173	0.261543952549636
-1.16180306616162	0.360626829502971
-1.98954898611386	1.37301959266041
-0.5413960558512	0.210897885586138
-0.372967191440885	0.109879462987979
-1.50572759857967	0.784993477689599
-1.54364137502714	0.557967048552268
-0.5413960558512	0.210897885586138
-1.30216768890978	0.598701333632722
0.508781691198075	0.185680235788344
2.74531503858304	0.788587032684406
0.926974875419701	0.246284209674963
0.13806085974017	0.0349020150681185
-2.58557826662177	0.681302812577655
-0.368734126017043	0.108489275130813
1.42719460355007	0.477448564652232
-2.58513149511835	0.689509113042442
0.640658905761581	0.203950748563405
-0.650959635012338	0.159168476600347
-0.371729277964481	0.109124865696984
-1.16577583586829	0.360083099240396
-3.09739452059542	0.972553736075869
-0.612117182241326	0.290195897984932
-1.68605747464206	0.957955764292689
1.55593617805507	0.763735038767944
-0.414857779070285	0.176682385019192
-1.84215992422119	0.772497364016813
0.138818714405564	0.0354421828043769
0.138169594891086	0.0265198668009027
-0.650318276706871	0.160755761640221
-1.80190156331263	0.405310176911618
-0.238331644347611	0.0787660677791559
-1.54186427014847	0.562391050588268
-2.58899611685113	0.683672524401667
-0.37373542401889	0.110004299970677
-1.80211551800213	0.40518546889285
-0.371963944093828	0.110621992809151
0.925335174824177	0.243267565805426
-1.1600126841405	0.35529503686347
0.141168720466643	0.026788068800843
0.122809366345359	0.041592599895705
0.632978832223784	0.195980643794081
-1.54538955663062	0.564367029919961
1.55505312572491	0.792542427995745
-1.80211551800213	0.40518546889285
0.139073148904902	0.0266055202308437
0.13377964661681	0.0339655613686654
-0.655163635992096	0.160369482742199
-0.371729277964481	0.109124865696984
0.133516783675935	0.0336393793939088
-0.749462000858586	0.2621567593617
0.127786724548058	0.038243739095717
-1.80211551800213	0.40518546889285
-0.649319222104321	0.16021039083734
-0.37373542401889	0.110004299970677
-0.540567326781551	0.21079663144273
-2.30086672955682	1.18946474759371
0.13269968256925	0.0511668869959815
-0.962052011328693	0.589183814558108
-1.29219890523451	0.593301493892109
1.25679994652202	0.673035508819119
-0.413038071216339	0.175532905450482
-0.167156054572527	0.0607793584961868
-0.323512747184136	0.150877869497942
-0.626303127016394	0.301208464286584
-0.994947520595846	0.503479993249042
-0.617550395031092	0.297794807357832
-2.08981984785612	0.976979991676915
-0.614922666475239	0.298888890539692
-1.29672981259494	0.597834175312312
-1.84141746589933	0.769507517210725
-3.09739452059542	0.972553736075869
-0.650318276706871	0.160755761640221
-2.58468514934926	0.681926813759725
-1.80583314024352	0.404036831265938
-1.80211551800213	0.40518546889285
0.137716344096337	0.0264356853006178
0.133621657798323	0.0257280473816019
0.141666634051722	0.0357514933011427
0.130105167826918	0.0446113493171228
0.140537711572049	0.0467983530536706
-2.58945281070023	0.683631203527574
-0.551998385536534	0.208948683208551
-3.10202322642753	0.9540585653027
0.132755613913402	0.0400087413766842
-2.08981984785612	0.976979991676915
0.642202725024316	0.20486814652215
-2.58945281070023	0.683631203527574
-1.84684600536814	0.770075855753647
-1.54538955663062	0.564367029919961
-0.649961670532414	0.158635340685799
0.138169594891086	0.0265198668009027
0.926974875419701	0.246284209674963
-1.54211096447874	0.565956548030536
-0.749208929381019	0.26062610901766
0.132754372873048	0.0334623448971025
-0.754670103122347	0.267616103379387
-0.653515136282054	0.159727161117317
3.91337671586789	1.72666008519133
-1.80211551800213	0.40518546889285
0.137716344096337	0.0264356853006178
-1.16105011316119	0.35650557951397
0.131769780715528	0.0397831026994758
-0.650959635012338	0.159168476600347
0.141628868364635	0.0268733845859336
-1.80190156331263	0.405310176911618
0.641203436908402	0.204828865510354
3.62168394400497	1.42736372029797
0.138169594891086	0.0265198668009027
-3.47073410037615	1.25961524031716
-1.04800222855483	0.424355857201703
-1.16076621190063	0.359385238156804
-0.165029630388723	0.0604405571991372
-0.343310976020789	0.20569489164366
-0.61808879362596	0.299474621204173
-1.17812099601201	0.664770219512755
-0.317341806965766	0.146122279665729
-0.657794714622777	0.389819025114408
-1.18109538192658	0.671718532908681
-3.04205884487588	2.40455818287102
-0.418954891346324	0.236722476067427
-0.312341731678069	0.14141346368386
0.639433294916704	0.204223062388441
0.644195640504139	0.203891935709909
-1.84684600536814	0.770075855753647
-1.54287595262912	0.564324390459102
-2.58557826662177	0.681302812577655
0.927971507294548	0.243537608899139
-3.09216987140428	0.960869115746174
-0.372967191440885	0.109879462987979
-0.993684399409481	0.494694219497518
-3.77412214772395	1.53344506919461
1.7959287507101	0.710356981550796
0.37768898545785	0.170244248173548
-1.54211096447874	0.565956548030536
-3.76928214896483	1.53063223544118
-1.80583314024352	0.404036831265938
-0.744055499890896	0.258369185064904
-0.372498546343112	0.108199355648203
-0.756404770651299	0.263118044797256
-2.09399808074663	0.980549459513818
-0.798632994836154	0.441411482741035
0.131769780715528	0.0397831026994758
-1.16605123679474	0.358241254731586
-1.80190156331263	0.405310176911618
-1.80211551800213	0.40518546889285
-1.80190156331263	0.405310176911618
-1.80190156331263	0.405310176911618
-3.09280325935961	0.972693856185307
0.137790482671227	0.0349173015404508
0.138618353811657	0.0265211219118666
0.136433082417729	0.040391101370101
-1.16255649541829	0.360535388481223
-0.544995323112593	0.212530818243473
2.74531503858304	0.788587032684406
1.42795516831077	0.478570790474717
-1.16227469880569	0.355295007054579
0.138618353811657	0.0265211219118666
-0.789881444960189	0.353151521764817
-0.0726926463216214	0.0317743871047985
0.135633414284217	0.0464242544434658
0.643340792092692	0.200971374553889
0.13398902342509	0.0516991626437089
0.142698404858563	0.0359575700897484
0.639433294916704	0.204223062388441
0.63910706673426	0.202016723610545
-0.54110730002075	0.208535025061615
0.139088984871223	0.0347391602259325
-3.09739452059542	0.972553736075869
-0.373501444264572	0.109780204795531
-1.80583314024352	0.404036831265938
-1.54033413653663	0.562613885619299
-1.54033413653663	0.562613885619299
-3.09803658564349	0.963618638434641
0.132055155653072	0.0449007949188124
-1.1600126841405	0.35529503686347
-0.413604298476349	0.175168450925995
0.134513506074792	0.0516168326605336
-1.80211551800213	0.40518546889285
-3.09216987140428	0.960869115746174
-1.80190156331263	0.405310176911618
-1.16180306616162	0.360626829502971
-3.09280325935961	0.972693856185307
-3.468495517409	1.24545977066643
-0.371963944093828	0.110621992809151
0.130491514010977	0.0447267681525709
0.138169594891086	0.0265198668009027
-1.80583314024352	0.404036831265938
0.138169594891086	0.0265198668009027
-0.649319222104321	0.16021039083734
-1.16255649541829	0.360535388481223
0.142698404858563	0.0359575700897484
0.138618353811657	0.0265211219118666
0.137790482671227	0.0349173015404508
-0.372967191440885	0.109879462987979
-0.374056649896452	0.10984667872003
-2.48538115692184	1.3998077707487
-1.16152021660948	0.35929571617842
0.796822032336151	0.339034428445647
-0.546978376427821	0.208609411387274
-1.6881064903707	0.974820780790485
-0.7499539562993	0.263513086552406
0.136433082417729	0.040391101370101
-1.16680976292454	0.361321943590249
-2.58557826662177	0.681302812577655
-0.650959635012338	0.159168476600347
-1.15865836302273	0.356559362366982
-2.58557826662177	0.681302812577655
-2.58513149511835	0.689509113042442
-0.749707900448518	0.266629197702648
-0.649677393302236	0.159121336474823
-1.04965581966949	0.429420534826054
0.93002098112329	0.244423585041229
-0.653515136282054	0.159727161117317
1.95338582999428	0.463576578510391
0.132008056168482	0.0393965941991127
-1.050323549172	0.420820392398359
0.13806085974017	0.0349020150681185
-1.80211551800213	0.40518546889285
2.7479767545239	0.782066977880158
-3.09407144090335	0.959647090123049
-0.749707900448518	0.266629197702648
3.25318829374075	1.10976895754928
-3.4747598518894	1.2627547738838
-1.54058228908419	0.558038570704529
-0.649677393302236	0.159121336474823
-1.0475594705505	0.429178184450482
-1.16152021660948	0.35929571617842
-1.16076621190063	0.359385238156804
-0.545372765240245	0.212236444130178
-0.749707900448518	0.266629197702648
0.139073148904902	0.0266055202308437
-0.37705103334154	0.111772840936855
-1.54970392395302	0.554224922030208
-1.50480180909924	0.771951788837724
-0.785574924986156	0.351164797524706
-0.297769732394939	0.188576374216555
-1.80190156331263	0.405310176911618
0.139088984871223	0.0347391602259325
-2.58557826662177	0.681302812577655
-1.16180306616162	0.360626829502971
-1.16227469880569	0.355295007054579
-0.244190797351914	0.0812410173227275
-1.16331040146866	0.356501861337983
-1.80211551800213	0.40518546889285
-1.80583314024352	0.404036831265938
-0.755659764208684	0.265241875072543
-1.16255649541829	0.360535388481223
-3.09675293313402	0.963861246988004
-0.247688428186081	0.0823916105388393
0.138818714405564	0.0354421828043769
2.09120925855951	0.941576846521806
2.7462498006239	0.778261278020301
-0.650318276706871	0.160755761640221
-0.369504231805591	0.107567671934274
0.130783366724484	0.0391461997340817
-0.751198712039969	0.263460624922869
-2.48538115692184	1.3998077707487
-0.378051187678928	0.111023447161183
-1.80583314024352	0.404036831265938
-1.16227469880569	0.355295007054579
1.95338582999428	0.463576578510391
-1.80190156331263	0.405310176911618
0.138818714405564	0.0354421828043769
-1.16331040146866	0.356501861337983
0.131405301493996	0.0450882414222608
0.139073148904902	0.0266055202308437
0.503634604531393	0.181750809305392
-1.04895682546004	0.430951643107204
-0.378051187678928	0.111023447161183
-1.8394585479726	0.760055045271395
0.138618353811657	0.0265211219118666
-2.58557826662177	0.681302812577655
-2.12912515739399	1.62596778603082
0.847029501935752	0.615247523055652
-0.499547743653516	0.262787096277281
-0.165320765543476	0.0607703071733124
-0.750453159564684	0.266070645067511
-0.373501444264572	0.109780204795531
-1.80190156331263	0.405310176911618
-1.54615842792672	0.564342761115075
-0.956426869222464	0.587945234949092
-0.748717096925392	0.26268742708996
-0.649319222104321	0.16021039083734
0.138547275345784	0.0347818496624983
-1.80190156331263	0.405310176911618
-1.80190156331263	0.405310176911618
-2.58557826662177	0.681302812577655
-1.80190156331263	0.405310176911618
-0.649961670532414	0.158635340685799
-1.80190156331263	0.405310176911618
-3.09216987140428	0.960869115746174
-1.80211551800213	0.40518546889285
1.42898338960615	0.478193832396807
-0.648677249821696	0.158587087101144
0.138169594891086	0.0265198668009027
0.139073148904902	0.0266055202308437
0.134489699809032	0.0400924429288267
-0.295880796479777	0.186624875909385
0.130491514010977	0.0447267681525709
0.130755305563244	0.0449465396920763
0.505766542576991	0.183848744269859
-1.1766837989379	0.670659276413231
0.131769780715528	0.0397831026994758
0.883533385867291	0.475071223953886
-0.316089493367423	0.14674500190029
3.2493353238897	1.10864834370629
0.80404554339976	0.344481245407227
-1.05761124603933	0.420547396047948
0.136676224470739	0.0411018975580698
-3.76852422420012	1.52461461294132
-0.243489732986148	0.0812398100864258
-0.501849695794127	0.267319298776999
-1.48154427044987	1.03107918437865
-0.242292064734812	0.07964190102884
-0.613850078166779	0.297856367499501
-0.246744187489769	0.0819875861942725
-0.410621189458202	0.173788439973993
-0.356216919961734	0.211957530852923
-1.69250087243519	0.95982882757814
-0.110722956319377	0.0445628979454948
-0.377823620534237	0.111128034755999
-0.749758417812177	0.262810020338643
-2.58557826662177	0.681302812577655
0.132083059107509	0.0501500621845437
0.125033303465894	0.0428637016829975
-1.50665369617009	0.775702475290457
-1.04825804245851	0.430881776490226
-1.54639876708013	0.566309129661381
-4.02222010229891	1.7906645377899
-0.650318276706871	0.160755761640221
-2.58513149511835	0.689509113042442
-1.16291141970543	0.357339131189168
1.95256933090985	0.464168557061862
0.505524711177284	0.184537045848412
-0.646622749070198	0.158987296788642
-0.645977108318167	0.157387277340251
-0.649961670532414	0.158635340685799
0.92732486785368	0.24306890205782
-1.80211551800213	0.40518546889285
1.95338582999428	0.463576578510391
0.930671315320304	0.244899140334393
0.92732486785368	0.24306890205782
-1.80211551800213	0.40518546889285
0.92732486785368	0.24306890205782
0.503178003100022	0.18139115003774
-0.113240152774761	0.0452155314259787
-1.29515834308224	0.603610157609632
1.01179148986041	0.390812379931115
0.13251797852494	0.0511537531312601
-1.16605123679474	0.358241254731586
1.4300120770332	0.472328161227103
-0.649961670532414	0.158635340685799
-3.09343711568729	0.972052225554497
0.925335174824177	0.243267565805426
0.133502874099665	0.0402503094723903
-0.371963944093828	0.110621992809151
3.25139583150282	1.09209130025117
-0.648677249821696	0.158587087101144
0.142698404858563	0.0359575700897484
-1.84264604569047	0.766512726713672
-1.84364570734871	0.769128563045154
-3.77488446443192	1.52874110171612
1.01080793058073	0.389781480211188
0.134542642796399	0.0341445690681232
-0.650318276706871	0.160755761640221
-1.54134641011664	0.564552208534783
-1.23687999602025	0.91706794591905
0.355480032105771	0.177260306781768
-0.539919082620629	0.210635134915098
-0.542406515669322	0.20957393057014
-0.648677249821696	0.158587087101144
2.09439244536298	0.948783083649303
0.141666634051722	0.0357514933011427
-1.16577583586829	0.360083099240396
0.131769780715528	0.0397831026994758
0.139073148904902	0.0266055202308437
-0.372967191440885	0.109879462987979
0.138618353811657	0.0265211219118666
-1.16680976292454	0.361321943590249
0.925335174824177	0.243267565805426
-0.650318276706871	0.160755761640221
0.133516783675935	0.0336393793939088
-0.238331644347611	0.0787660677791559
0.138618353811657	0.0265211219118666
-0.649961670532414	0.158635340685799
-0.650318276706871	0.160755761640221
-1.16255649541829	0.360535388481223
0.134526944690639	0.0258144647389653
0.637110020884382	0.202981575807905
-0.650959635012338	0.159168476600347
-1.54211096447874	0.565956548030536
-0.374504096873756	0.109063507862746
-1.80190156331263	0.405310176911618
-0.372967191440885	0.109879462987979
0.131531340806028	0.0393848494794365
0.143458160699927	0.0358142984417619
1.55173884031121	0.784928292248589
0.132279016539978	0.0392355437606514
-0.653515136282054	0.159727161117317
-1.16105011316119	0.35650557951397
-1.54211096447874	0.565956548030536
-1.15865836302273	0.356559362366982
-0.654165411001464	0.159831562379876
-0.409141468225571	0.173303271776386
0.138818714405564	0.0354421828043769
-0.373827390310146	0.108893395320217
-1.16291141970543	0.357339131189168
-0.649961670532414	0.158635340685799
-3.4747598518894	1.2627547738838
-2.48935699802865	1.41365118641701
-2.13132727655611	1.59607265858507
-2.65377918576843	1.63419051747494
0.136676224470739	0.0411018975580698
-0.1638005064279	0.0600618571222791
-0.409141468225571	0.173303271776386
-0.414514623299934	0.176183685547673
-0.403431796084286	0.281438091638198
1.51506500408895	1.2424439902802
-0.0408476727230379	0.019341110342724
-0.408916272225057	0.173941516536407
-0.648677249821696	0.158587087101144
3.61956389250147	1.43028882967321
0.432818540013999	0.176395167801005
-3.09280325935961	0.972693856185307
-1.80190156331263	0.405310176911618
-0.370509740783027	0.107903753835967
-0.649961670532414	0.158635340685799
0.138618353811657	0.0265211219118666
0.927971507294548	0.243537608899139
0.138169594891086	0.0265198668009027
0.127464942143177	0.0377651762056251
1.95256933090985	0.464168557061862
-0.646622749070198	0.158987296788642
-1.16180306616162	0.360626829502971
-0.118586866959407	0.0472095058084317
-0.611196711930325	0.286140846126124
0.50738087048618	0.182889267122129
-3.09343711568729	0.972052225554497
-0.244190797351914	0.0812410173227275
0.631985551006005	0.197920027926051
0.132008056168482	0.0393965941991127
0.93002098112329	0.244423585041229
-1.15790256442372	0.35664499176059
-3.09739452059542	0.972553736075869
-0.621200208375836	0.302453230845517
-3.47551203049496	1.24902877284438
1.30604689497771	0.574600894690801
0.131523908395192	0.044678679796562
0.132517398019614	0.0400248322660559
-0.164988899854355	0.0605952762512714
-0.40479821563515	0.16897862911829
-0.618763311534973	0.302466954406303
-1.05245216258944	0.431815108906743
-3.47073410037615	1.25961524031716
-2.49028571832629	1.4182222808037
-1.80190156331263	0.405310176911618
-1.80190156331263	0.405310176911618
0.141168720466643	0.026788068800843
-0.372967191440885	0.109879462987979
-0.235059755620617	0.0769519545434237
-0.12561892546253	0.0741036988357095
-1.06763087119647	0.835951022224438
-0.110876640622088	0.0448924725384674
-0.202356652007665	0.137474025361761
-0.398452099882667	0.351320302613818
-0.662357679466588	0.396669934824836
-3.468495517409	1.24545977066643
-0.406097094408452	0.172828244638938
-0.649677393302236	0.159121336474823
0.640432049403559	0.206671110179374
-1.54391743502325	0.554578463356204
0.135568968576203	0.0339891491304889
1.95256933090985	0.464168557061862
-1.80211551800213	0.40518546889285
-1.80190156331263	0.405310176911618
-1.80190156331263	0.405310176911618
0.138169594891086	0.0265198668009027
1.95338582999428	0.463576578510391
-1.05409989481754	0.428530499260954
0.137716344096337	0.0264356853006178
-1.80211551800213	0.40518546889285
-0.243489732986148	0.0812398100864258
-2.58513149511835	0.689509113042442
0.132755613913402	0.0400087413766842
-0.115282099191945	0.0462757845682528
-0.246045390123551	0.0811323193711411
-1.80211551800213	0.40518546889285
0.504822188982883	0.184110918199219
-0.753997809996082	0.25934590290437
-1.50420155227119	0.771926412902557
0.129980233812782	0.0385599350254854
-0.252447412843261	0.1281387249355
0.383617837186828	0.173970673436915
-0.241844606231522	0.0790880277993904
0.137556978054592	0.0531923652243862
-1.91455222785138	2.33972630973281
-0.544726922023982	0.212503767866522
-4.02222010229891	1.7906645377899
-2.58513149511835	0.689509113042442
-1.80190156331263	0.405310176911618
0.132755613913402	0.0400087413766842
-0.164403605220993	0.0602516836701797
-1.54211096447874	0.565956548030536
-0.243241014092852	0.0808370662671502
-0.41932379871388	0.176161838558167
0.361152473813129	0.176736244277046
-0.407230032524044	0.172278140079668
-0.547883380018721	0.208350986285231
-3.47400814940775	1.26328835340161
-0.74554030308287	0.261955894337664
-0.747228166702206	0.259099254454139
-0.748962934462903	0.265874158565463
-0.164717030217209	0.0605798459598444
0.131021865338521	0.0391721334922174
-1.80211551800213	0.40518546889285
0.642202725024316	0.20486814652215
-0.376823530104554	0.109528132652308
-3.47148123429515	1.24344411644129
0.13806085974017	0.0349020150681185
-1.80190156331263	0.405310176911618
1.42719460355007	0.477448564652232
-0.655163635992096	0.160369482742199
0.926329332609966	0.245803896301602
-2.58899611685113	0.683672524401667
0.930671315320304	0.244899140334393
0.926974875419701	0.246284209674963
-1.80190156331263	0.405310176911618
0.138169594891086	0.0265198668009027
-1.04825804245851	0.430881776490226
0.132517398019614	0.0400248322660559
0.926974875419701	0.246284209674963
-2.30179683838977	1.19334254313319
0.380659208100774	0.172749149895122
0.49991679292187	0.180263240660553
0.13806085974017	0.0349020150681185
0.925335174824177	0.243267565805426
0.143458160699927	0.0358142984417619
0.137790482671227	0.0349173015404508
-3.09739452059542	0.972553736075869
-1.16680976292454	0.361321943590249
-0.315965553735581	0.146873211041939
-0.425877107485983	0.238064204136109
-0.319006284050827	0.1460326365389
-0.252021318914833	0.128059804024832
0.128925533708437	0.0438883757730603
-0.158524639112233	0.0572605642353814
-1.48564626379769	1.02480468583754
-1.54287595262912	0.564324390459102
-2.30280262477411	1.17918399232535
1.30769071044512	0.580821984597342
-0.649961670532414	0.158635340685799
3.62062366405083	1.43326252584705
-0.244190797351914	0.0812410173227275
3.24830720791551	1.09477551568481
-1.54109898628274	0.564008735008191
0.925335174824177	0.243267565805426
-1.16255649541829	0.360535388481223
-0.37373542401889	0.110004299970677
-1.84190336279857	0.769704627409186
-1.29515834308224	0.603610157609632
-3.09739452059542	0.972553736075869
-1.80211551800213	0.40518546889285
-2.58513149511835	0.689509113042442
0.926974875419701	0.246284209674963
-2.58513149511835	0.689509113042442
2.74531503858304	0.788587032684406
3.25036486382959	1.10725094810752
-3.09343711568729	0.972052225554497
-0.374504096873756	0.109063507862746
-2.58468514934926	0.681926813759725
-3.09739452059542	0.972553736075869
-0.536871325065758	0.206916257792961
0.141666634051722	0.0357514933011427
2.74438259751335	0.780038400688451
-2.58513149511835	0.689509113042442
0.130261088867323	0.0385441346135394
-3.09343711568729	0.972052225554497
-3.09343711568729	0.972052225554497
0.139576085242422	0.0352987079074651
0.139073148904902	0.0266055202308437
1.42795516831077	0.478570790474717
-1.80190156331263	0.405310176911618
-1.80190156331263	0.405310176911618
-0.646622749070198	0.158987296788642
-0.369739934267753	0.108830229788068
0.139088984871223	0.0347391602259325
-1.80190156331263	0.405310176911618
-1.80583314024352	0.404036831265938
2.74438259751335	0.780038400688451
0.138169594891086	0.0265198668009027
0.137716344096337	0.0264356853006178
-0.653515136282054	0.159727161117317
-1.54033413653663	0.562613885619299
0.142425808142815	0.0356096114179749
0.133621657798323	0.0257280473816019
-0.25166553559159	0.0825924025613147
-0.649319222104321	0.16021039083734
0.137716344096337	0.0264356853006178
-1.15865836302273	0.356559362366982
0.139073148904902	0.0266055202308437
-1.16152021660948	0.35929571617842
-1.84536271575861	0.770197726260662
0.131769780715528	0.0397831026994758
-0.558223394767904	0.349443142031677
-1.53962161237779	0.55169274352384
-0.369739934267753	0.108830229788068
-0.649319222104321	0.16021039083734
-1.54237757139436	0.559823959245922
-3.4747598518894	1.2627547738838
-0.650318276706871	0.160755761640221
0.131669054203935	0.0451092981844482
-0.106671269738713	0.042971684899464
0.586623052711202	0.30434629980835
0.134249836964903	0.0400890519468039
0.1277635536937	0.0432541129948948
-0.537244494096108	0.209199262988428
0.929020853400311	0.244303524147299
-3.09343711568729	0.972052225554497
0.12685424655362	0.0433860144624846
-2.58945281070023	0.683631203527574
0.137790482671227	0.0349173015404508
-0.372967191440885	0.109879462987979
2.74438259751335	0.780038400688451
-0.654514463701247	0.160265207029626
-0.545263178660646	0.20858840398643
-0.649319222104321	0.16021039083734
0.139073148904902	0.0266055202308437
-1.16105011316119	0.35650557951397
0.138618353811657	0.0265211219118666
-1.16680976292454	0.361321943590249
-0.647268870262709	0.157438045305518
-3.09803658564349	0.963618638434641
-1.80190156331263	0.405310176911618
1.31000962917872	0.587023547729711
0.139073148904902	0.0266055202308437
-0.649319222104321	0.16021039083734
0.926329332609966	0.245803896301602
-1.16152021660948	0.35929571617842
0.925979622549504	0.243736825113843
0.927971507294548	0.243537608899139
1.43211444118756	0.474033268230349
-1.80190156331263	0.405310176911618
0.925335174824177	0.243267565805426
-1.80583314024352	0.404036831265938
0.925979622549504	0.243736825113843
0.141628868364635	0.0268733845859336
-1.54211096447874	0.565956548030536
-0.649961670532414	0.158635340685799
-0.364953231343634	0.105781956689199
-1.80190156331263	0.405310176911618
-2.58557826662177	0.681302812577655
0.126565388852724	0.0378858273324485
0.137033206871248	0.0343903632230145
-1.80211551800213	0.40518546889285
-0.169310736207172	0.0622086261971111
-0.166993085804297	0.059496315492297
-0.649961670532414	0.158635340685799
3.25036486382959	1.10725094810752
-1.54716733927322	0.566283034461824
-1.16255649541829	0.360535388481223
-0.164113417640613	0.0601976090971911
0.133502874099665	0.0402503094723903
0.140605369101782	0.0351308802058006
-0.322099928047886	0.149919382475623
-1.05314945343007	0.432914540626917
-0.646622749070198	0.158987296788642
-4.01815633861707	1.78248781708792
-2.79386045983459	1.89384696959033
-0.541486546335587	0.211448846736342
-0.54110730002075	0.208535025061615
-0.323124016485839	0.150322897462286
0.128925533708437	0.0438883757730603
1.25916158413349	0.699092982118865
1.4300525619712	0.473890200865325
1.30510580941007	0.574633213521749
-0.372732473872603	0.110746709749891
-1.0534020476836	0.427456809042585
0.139576085242422	0.0352987079074651
-0.752231854441181	0.261366492211487
-1.15941464149533	0.35262764221233
0.138818714405564	0.0354421828043769
-0.367195240283961	0.107121976389446
-1.04988368167398	0.426197861954869
1.76657575511823	0.987088398610261
0.133621657798323	0.0257280473816019
-3.09343711568729	0.972052225554497
-1.80190156331263	0.405310176911618
-0.650318276706871	0.160755761640221
0.125818118229927	0.0374087094341112
-0.649961670532414	0.158635340685799
0.141168720466643	0.026788068800843
-2.58899611685113	0.683672524401667
-1.80211551800213	0.40518546889285
-0.650318276706871	0.160755761640221
0.138169594891086	0.0265198668009027
-0.374504096873756	0.109063507862746
-2.58557826662177	0.681302812577655
-1.80211551800213	0.40518546889285
-0.653515136282054	0.159727161117317
-0.650318276706871	0.160755761640221
-0.655163635992096	0.160369482742199
-1.80211551800213	0.40518546889285
-1.80211551800213	0.40518546889285
0.139073148904902	0.0266055202308437
0.640432049403559	0.206671110179374
-0.650959635012338	0.159168476600347
0.640432049403559	0.206671110179374
-0.645977108318167	0.157387277340251
-0.649319222104321	0.16021039083734
-1.16180306616162	0.360626829502971
-2.58557826662177	0.681302812577655
1.95256933090985	0.464168557061862
1.95338582999428	0.463576578510391
-1.54615842792672	0.564342761115075
0.137790482671227	0.0349173015404508
-0.412814669063794	0.175603974598424
-0.369739934267753	0.108830229788068
-1.68718720655691	0.95794253790149
-0.16606505182254	0.0595011776615066
-1.84635936125413	0.772831105281446
-0.750699276625547	0.264252450117151
-1.80211551800213	0.40518546889285
-0.750699276625547	0.264252450117151
-1.16152021660948	0.35929571617842
-3.4747598518894	1.2627547738838
-0.552849998001511	0.351589463494589
-0.649961670532414	0.158635340685799
-0.250270223483694	0.125718449109801
-2.09495514552012	0.983809814108261
-1.16076621190063	0.359385238156804
-0.749707900448518	0.266629197702648
-0.781796289538632	0.341825060610872
-0.921668355365453	0.772804120657907
-0.315965553735581	0.146873211041939
-1.54109898628274	0.564008735008191
-2.30151189417455	1.18927506671996
0.132755613913402	0.0400087413766842
-1.80190156331263	0.405310176911618
0.132754372873048	0.0334623448971025
-1.16255649541829	0.360535388481223
-1.04921291121102	0.426520143491694
-0.649319222104321	0.16021039083734
1.02257881393962	0.375064299028916
-0.112882300047637	0.0447697299443451
-1.04473605205256	0.423572303964998
-0.753925861436807	0.267481396825324
-1.84215992422119	0.772497364016813
-1.80211551800213	0.40518546889285
-0.649319222104321	0.16021039083734
3.62467162070288	1.43500145314363
0.138169594891086	0.0265198668009027
1.01913790541463	0.388060093985107
0.139088984871223	0.0347391602259325
1.95584693887656	0.462330835133922
1.95338582999428	0.463576578510391
-2.58513149511835	0.689509113042442
-2.58513149511835	0.689509113042442
-0.649319222104321	0.16021039083734
-1.80211551800213	0.40518546889285
-1.80211551800213	0.40518546889285
-1.80190156331263	0.405310176911618
-1.15790256442372	0.35664499176059
-1.80211551800213	0.40518546889285
-1.16076621190063	0.359385238156804
-1.80211551800213	0.40518546889285
0.141628868364635	0.0268733845859336
0.139073148904902	0.0266055202308437
0.63611382542294	0.202940731306447
-0.646622749070198	0.158987296788642
0.141666634051722	0.0357514933011427
0.137716344096337	0.0264356853006178
-0.672178948507946	0.389301251843389
1.01080793058073	0.389781480211188
0.137716344096337	0.0264356853006178
0.137716344096337	0.0264356853006178
0.136919308020491	0.0408177028889142
-0.169912448780061	0.0622831802819851
0.691728346936777	0.445090340071496
0.668460947144768	0.309251479257025
-1.16331040146866	0.356501861337983
0.141666634051722	0.0357514933011427
0.138818714405564	0.0354421828043769
-1.16653542749665	0.357252169580594
-1.54716733927322	0.566283034461824
-1.16255649541829	0.360535388481223
-2.58513149511835	0.689509113042442
0.139847419253076	0.0352678773972538
-0.61808879362596	0.299474621204173
-0.37373542401889	0.110004299970677
-1.04895682546004	0.430951643107204
-0.108910645745463	0.0435146029319376
-0.798019587445481	0.608489430386486
1.26196027719965	0.706774319681036
-1.54134641011664	0.564552208534783
-1.16152021660948	0.35929571617842
-0.754670103122347	0.267616103379387
-0.369739934267753	0.108830229788068
-1.16105011316119	0.35650557951397
-2.58468514934926	0.681926813759725
0.378854776060935	0.170284004416968
-0.164113417640613	0.0601976090971911
1.79570418994076	0.710490111832351
-2.09147901102814	0.978596282881341
-3.76852422420012	1.52461461294132
2.08751153945252	0.940460252577583
-0.649677393302236	0.159121336474823
1.01398176237284	0.388014010752976
0.508781691198075	0.185680235788344
0.137790482671227	0.0349173015404508
0.138818714405564	0.0354421828043769
0.139073148904902	0.0266055202308437
-3.09280325935961	0.972693856185307
2.74531503858304	0.788587032684406
0.146326717326926	0.0358941120966716
-0.648677249821696	0.158587087101144
-0.650959635012338	0.159168476600347
-3.46924124245495	1.26110671680306
-1.16076621190063	0.359385238156804
0.138618353811657	0.0265211219118666
-0.649677393302236	0.159121336474823
-0.650318276706871	0.160755761640221
0.13806085974017	0.0349020150681185
-1.54237757139436	0.559823959245922
-1.80211551800213	0.40518546889285
-1.54033413653663	0.562613885619299
-1.54211096447874	0.565956548030536
-0.376050641505638	0.110143849291774
-0.654514463701247	0.160265207029626
0.637330363110719	0.200600181375881
-0.649677393302236	0.159121336474823
-0.650318276706871	0.160755761640221
2.7489176254429	0.781882431670721
-0.37705103334154	0.111772840936855
-0.0699302614874901	0.0308974140201937
-0.16623824947282	0.0610134655693771
-0.655163635992096	0.160369482742199
0.139576085242422	0.0352987079074651
-0.992121086243654	0.495951382950266
0.424534669676496	0.16968198511285
0.529497316262253	0.303892781839153
1.76841039542078	1.00207926786404
-0.242540504674911	0.0808346916156265
0.92732486785368	0.24306890205782
-0.238331644347611	0.0787660677791559
0.132754372873048	0.0334623448971025
2.08947720126277	0.943612171539552
-0.372498546343112	0.108199355648203
-2.58468514934926	0.681926813759725
-1.84190336279857	0.769704627409186
-0.7499539562993	0.263513086552406
-0.253876382862009	0.128775655016744
-1.54716733927322	0.566283034461824
-1.54615842792672	0.564342761115075
-1.68697570702681	0.974856718049013
-0.535681314610669	0.206813692594554
-3.76852422420012	1.52461461294132
0.141666634051722	0.0357514933011427
0.13342584199096	0.0456780844290643
0.639433294916704	0.204223062388441
1.01496655409926	0.392016410565643
-0.107568195067127	0.0434381175009775
0.137420997667979	0.0409326259269069
-1.04965581966949	0.429420534826054
2.08849476509833	0.9440485467898
-1.04825804245851	0.430881776490226
3.91337671586789	1.72666008519133
0.639660215207864	0.203910262751024
3.25036486382959	1.10725094810752
-0.998096401668246	0.494567299790278
3.62168394400497	1.42736372029797
0.639660215207864	0.203910262751024
0.64542681911787	0.206101967608227
-1.16180306616162	0.360626829502971
-4.02000777694992	1.76359291473265
-3.09280325935961	0.972693856185307
0.138818714405564	0.0354421828043769
0.138169594891086	0.0265198668009027
0.137663849025598	0.0410571652515246
-0.241601928961988	0.0781580442049882
0.505766542576991	0.183848744269859
-0.165320765543476	0.0607703071733124
1.42795516831077	0.478570790474717
-2.58513149511835	0.689509113042442
-1.15790256442372	0.35664499176059
-0.378823473921792	0.110396820780531
-1.84041886221884	0.766882661788326
0.140906973713143	0.0352149950547458
-1.53808894962198	0.559470356704578
0.13806085974017	0.0349020150681185
1.01179148986041	0.390812379931115
1.31024810625553	0.577037468119118
-1.17817091886222	0.665014469616755
-1.84684600536814	0.770075855753647
0.131021865338521	0.0391721334922174
-0.159806023666921	0.0585982110618119
0.427912885754657	0.174104059517884
1.7999374187146	0.711558267279855
-1.30060141663037	0.607500402054919
-1.84610423045024	0.772015626597942
-1.04895682546004	0.430951643107204
0.640432049403559	0.206671110179374
-1.29709987590598	0.600946539898942
-3.4747598518894	1.2627547738838
0.642202725024316	0.20486814652215
-1.30060141663037	0.607500402054919
-3.47148123429515	1.24344411644129
0.133502874099665	0.0402503094723903
-1.80583314024352	0.404036831265938
-3.09216987140428	0.960869115746174
2.74531503858304	0.788587032684406
0.139847419253076	0.0352678773972538
0.436531891438947	0.175979805241969
0.141666634051722	0.0357514933011427
0.505524711177284	0.184537045848412
-0.374504096873756	0.109063507862746
0.137716344096337	0.0264356853006178
1.95338582999428	0.463576578510391
0.138818714405564	0.0354421828043769
0.139576085242422	0.0352987079074651
1.30184132398035	0.572606547674884
2.74531503858304	0.788587032684406
0.131669054203935	0.0451092981844482
-2.58899611685113	0.683672524401667
0.500379391071303	0.180303967231713
-0.37373542401889	0.110004299970677
-0.372967191440885	0.109879462987979
0.67083479639791	0.315102602022647
0.134942268942205	0.0403123831956986
-0.372199398666119	0.10861997456099
2.08751153945252	0.940460252577583
-1.5469277378337	0.559020157349399
0.128296084606295	0.0384571369192157
-1.80190156331263	0.405310176911618
-1.16577583586829	0.360083099240396
-0.537244494096108	0.209199262988428
0.137790482671227	0.0349173015404508
-0.650318276706871	0.160755761640221
0.129278986113907	0.0386815864932076
0.138547275345784	0.0347818496624983
-0.372199398666119	0.10861997456099
1.95338582999428	0.463576578510391
-1.04921291121102	0.426520143491694
0.427912885754657	0.174104059517884
-0.374504096873756	0.109063507862746
-0.748717096925392	0.26268742708996
-0.376278890867832	0.110765860075796
1.01421910313051	0.386497027111194
-0.749758417812177	0.262810020338643
-1.84190336279857	0.769704627409186
2.7479767545239	0.782066977880158
-1.80583314024352	0.404036831265938
-0.653515136282054	0.159727161117317
0.128296084606295	0.0384571369192157
2.74531503858304	0.788587032684406
1.79770278509994	0.709688375349796
-2.58513149511835	0.689509113042442
-2.08584983281667	0.967169810305217
3.2493353238897	1.10864834370629
-1.80583314024352	0.404036831265938
-1.80190156331263	0.405310176911618
-0.648677249821696	0.158587087101144
-1.80211551800213	0.40518546889285
0.141168720466643	0.026788068800843
1.79870242510895	0.701115077526403
-2.58557826662177	0.681302812577655
-0.650959635012338	0.159168476600347
-0.649319222104321	0.16021039083734
-2.58945281070023	0.683631203527574
-1.54211096447874	0.565956548030536
-0.744797769739109	0.261223376171582
0.92113051285893	0.24102514029113
-2.58513149511835	0.689509113042442
-1.80211551800213	0.40518546889285
0.138547275345784	0.0347818496624983
1.31071131737431	0.580370529078579
-0.650959635012338	0.159168476600347
0.138618353811657	0.0265211219118666
0.137716344096337	0.0264356853006178
-2.58557826662177	0.681302812577655
0.141168720466643	0.026788068800843
-0.371963944093828	0.110621992809151
0.64542681911787	0.206101967608227
-0.795669799608501	0.35149853474774
0.138818714405564	0.0354421828043769
0.926329332609966	0.245803896301602
-0.540567326781551	0.21079663144273
-0.650318276706871	0.160755761640221
-0.655163635992096	0.160369482742199
-0.649319222104321	0.16021039083734
-0.748218261379527	0.262913312316052
-0.239280214302503	0.0797093161228399
-1.16105011316119	0.35650557951397
-0.653515136282054	0.159727161117317
-1.04800222855483	0.424355857201703
-0.372199398666119	0.10861997456099
0.634342685225005	0.200262051002372
-0.648677249821696	0.158587087101144
-1.80190156331263	0.405310176911618
-0.247688428186081	0.0823916105388393
-3.09343711568729	0.972052225554497
-0.648677249821696	0.158587087101144
0.13806085974017	0.0349020150681185
0.92732486785368	0.24306890205782
0.138169594891086	0.0265198668009027
0.138818714405564	0.0354421828043769
0.930671315320304	0.244899140334393
0.926974875419701	0.246284209674963
-0.655163635992096	0.160369482742199
0.640432049403559	0.206671110179374
-1.80211551800213	0.40518546889285
-1.0466059758693	0.42263598942516
0.134526944690639	0.0258144647389653
-1.80583314024352	0.404036831265938
-1.80583314024352	0.404036831265938
-0.650959635012338	0.159168476600347
-0.649319222104321	0.16021039083734
-1.80190156331263	0.405310176911618
0.641431038909059	0.206705899790905
0.138618353811657	0.0265211219118666
0.637110020884382	0.202981575807905
1.79492986711335	0.708745443595502
0.138169594891086	0.0265198668009027
-0.649961670532414	0.158635340685799
0.138169594891086	0.0265198668009027
0.138169594891086	0.0265198668009027
0.138818714405564	0.0354421828043769
-0.649319222104321	0.16021039083734
2.74438259751335	0.780038400688451
-2.58468514934926	0.681926813759725
-1.80190156331263	0.405310176911618
1.42719460355007	0.477448564652232
1.95256933090985	0.464168557061862
0.141168720466643	0.026788068800843
0.143458160699927	0.0358142984417619
-1.54211096447874	0.565956548030536
0.138818714405564	0.0354421828043769
-0.540567326781551	0.21079663144273
-1.53885506314061	0.55788473145619
-0.650318276706871	0.160755761640221
0.138818714405564	0.0354421828043769
-0.749462000858586	0.2621567593617
-2.58557826662177	0.681302812577655
-0.246045390123551	0.0811323193711411
1.01520360297676	0.386582739475358
-2.58557826662177	0.681302812577655
-1.16105011316119	0.35650557951397
-0.750699276625547	0.264252450117151
-1.80211551800213	0.40518546889285
-1.80211551800213	0.40518546889285
-0.370960450535942	0.108999469994633
-3.47148123429515	1.24344411644129
1.95256933090985	0.464168557061862
-1.16076621190063	0.359385238156804
-0.371195854454092	0.109335251451445
0.137716344096337	0.0264356853006178
1.95338582999428	0.463576578510391
-0.650959635012338	0.159168476600347
-0.373827390310146	0.108893395320217
2.74531503858304	0.788587032684406
-0.372732473872603	0.110746709749891
-0.649319222104321	0.16021039083734
-0.646622749070198	0.158987296788642
-1.5565980366632	0.548464821331808
0.929670085417592	0.244778423912617
-2.58557826662177	0.681302812577655
-0.649677393302236	0.159121336474823
-0.370960450535942	0.108999469994633
0.142425808142815	0.0356096114179749
-1.16501672782279	0.357025208830094
-0.654165411001464	0.159831562379876
0.139073148904902	0.0266055202308437
0.138818714405564	0.0354421828043769
-3.09216987140428	0.960869115746174
-0.373501444264572	0.109780204795531
0.139073148904902	0.0266055202308437
-1.80211551800213	0.40518546889285
-1.80211551800213	0.40518546889285
0.927971507294548	0.243537608899139
0.142698404858563	0.0359575700897484
0.138618353811657	0.0265211219118666
0.139073148904902	0.0266055202308437
-0.377823620534237	0.111128034755999
0.137033206871248	0.0343903632230145
0.131769780715528	0.0397831026994758
-0.749707900448518	0.266629197702648
-1.16605123679474	0.358241254731586
-0.650318276706871	0.160755761640221
0.12947410781537	0.0325244751018023
0.141628868364635	0.0268733845859336
-0.373283661399062	0.108870255273452
0.138818714405564	0.0354421828043769
1.43287798690679	0.475136223572177
-1.80190156331263	0.405310176911618
-3.47148123429515	1.24344411644129
-0.754670103122347	0.267616103379387
-3.09216987140428	0.960869115746174
-3.09343711568729	0.972052225554497
2.74531503858304	0.788587032684406
-1.54615842792672	0.564342761115075
-1.80211551800213	0.40518546889285
0.642202725024316	0.20486814652215
0.137716344096337	0.0264356853006178
-0.650318276706871	0.160755761640221
-0.37705103334154	0.111772840936855
-1.54134641011664	0.564552208534783
-2.58899611685113	0.683672524401667
-1.80211551800213	0.40518546889285
-1.16680976292454	0.361321943590249
0.927971507294548	0.243537608899139
-0.754170547749538	0.262592018732108
0.137790482671227	0.0349173015404508
0.138618353811657	0.0265211219118666
-1.16105011316119	0.35650557951397
-1.80211551800213	0.40518546889285
0.137716344096337	0.0264356853006178
3.92066530797147	1.7087082705816
-1.80211551800213	0.40518546889285
0.92732486785368	0.24306890205782
1.42692741367696	0.472854481440801
-1.80211551800213	0.40518546889285
-0.650318276706871	0.160755761640221
0.139073148904902	0.0266055202308437
-1.1600126841405	0.35529503686347
-1.84041886221884	0.766882661788326
-0.371963944093828	0.110621992809151
-3.09675293313402	0.963861246988004
0.137716344096337	0.0264356853006178
-1.54211096447874	0.565956548030536
-0.238582126977172	0.0793549061566532
-0.650318276706871	0.160755761640221
1.42498522338498	0.466870648976945
-0.749758417812177	0.262810020338643
0.926329332609966	0.245803896301602
-2.58513149511835	0.689509113042442
-2.58513149511835	0.689509113042442
-1.80211551800213	0.40518546889285
-1.16152021660948	0.35929571617842
0.139073148904902	0.0266055202308437
0.13806085974017	0.0349020150681185
0.927971507294548	0.243537608899139
-1.16076621190063	0.359385238156804
-0.649319222104321	0.16021039083734
-2.58557826662177	0.681302812577655
0.137716344096337	0.0264356853006178
-1.80211551800213	0.40518546889285
-1.16756877193145	0.358467365380653
-2.58557826662177	0.681302812577655
-3.09280325935961	0.972693856185307
-0.649319222104321	0.16021039083734
-1.80190156331263	0.405310176911618
-1.80211551800213	0.40518546889285
-1.80583314024352	0.404036831265938
-2.58468514934926	0.681926813759725
-0.650959635012338	0.159168476600347
0.644424999818512	0.207579266186308
0.131021865338521	0.0391721334922174
-1.80190156331263	0.405310176911618
0.142425808142815	0.0356096114179749
1.01595055020248	0.392095167936931
1.30977120345695	0.57893048591637
-0.244190797351914	0.0812410173227275
-0.237634114381875	0.0784173059311123
-1.54134641011664	0.564552208534783
-0.539540080793358	0.208099233022499
-4.02555985958488	1.76075419634681
-1.29763645394176	0.589031852370765
-0.241844606231522	0.0790880277993904
-1.54109898628274	0.564008735008191
-0.411905954035855	0.174590198515495
-1.0496286246901	0.424665511117971
-0.165633878223146	0.0608230448483071
2.08728138566165	0.931388033103116
-1.16255649541829	0.360535388481223
0.50738087048618	0.182889267122129
0.50131905120822	0.180918046026188
-2.30657681162548	1.2006943086453
-1.84041886221884	0.766882661788326
-0.540188763035123	0.210389950149253
-1.29709987590598	0.600946539898942
0.641431038909059	0.206705899790905
-0.750453159564684	0.266070645067511
-1.18439537418291	0.668334914176141
-0.372732473872603	0.110746709749891
0.138169594891086	0.0265198668009027
1.04091542166728	0.493678210814623
-1.80211551800213	0.40518546889285
0.143458160699927	0.0358142984417619
1.0157137322373	0.387976380499905
0.140906973713143	0.0352149950547458
-0.369739934267753	0.108830229788068
-1.16105011316119	0.35650557951397
-1.16180306616162	0.360626829502971
1.04519775194941	0.509793399052128
-0.242788883618067	0.0808805347641532
0.13377964661681	0.0339655613686654
0.503178003100022	0.18139115003774
0.138169594891086	0.0265198668009027
-2.58513149511835	0.689509113042442
-4.01594243898345	1.77523855991518
-1.16105011316119	0.35650557951397
-0.649319222104321	0.16021039083734
-0.646622749070198	0.158987296788642
-1.84190336279857	0.769704627409186
-0.646622749070198	0.158987296788642
0.131405301493996	0.0450882414222608
0.121585896090245	0.0359237947111579
0.512296682193737	0.184360640072117
-0.753925861436807	0.267481396825324
-0.78497299551403	0.350548280281777
0.128296084606295	0.0384571369192157
1.3081274194218	0.579230011193741
0.139073148904902	0.0266055202308437
-1.54033413653663	0.562613885619299
-0.244439790893105	0.0807612783384271
0.138618353811657	0.0265211219118666
-0.372498546343112	0.108199355648203
-0.371729277964481	0.109124865696984
-1.29580538399491	0.604526107834548
-4.22747935038727	2.0278639818236
-1.16152021660948	0.35929571617842
-1.29543444342512	0.594115706507602
-3.09407144090335	0.959647090123049
0.135931183146639	0.0408601823442341
2.74531503858304	0.788587032684406
0.926329332609966	0.245803896301602
-1.80211551800213	0.40518546889285
0.925979622549504	0.243736825113843
-0.37373542401889	0.110004299970677
2.74531503858304	0.788587032684406
-0.377823620534237	0.111128034755999
-0.372732473872603	0.110746709749891
0.132755613913402	0.0400087413766842
0.137790482671227	0.0349173015404508
0.926329332609966	0.245803896301602
-1.80211551800213	0.40518546889285
-1.1600126841405	0.35529503686347
0.139073148904902	0.0266055202308437
-1.80211551800213	0.40518546889285
-1.80211551800213	0.40518546889285
-1.80190156331263	0.405310176911618
-1.80211551800213	0.40518546889285
-1.80190156331263	0.405310176911618
-1.80211551800213	0.40518546889285
0.139073148904902	0.0266055202308437
0.137716344096337	0.0264356853006178
-1.80211551800213	0.40518546889285
-1.80583314024352	0.404036831265938
-1.80190156331263	0.405310176911618
-2.58468514934926	0.681926813759725
-2.58557826662177	0.681302812577655
-2.58513149511835	0.689509113042442
-2.58945281070023	0.683631203527574
-1.80211551800213	0.40518546889285
1.95256933090985	0.464168557061862
-1.80211551800213	0.40518546889285
-1.80190156331263	0.405310176911618
-1.80190156331263	0.405310176911618
-1.80211551800213	0.40518546889285
-1.80211551800213	0.40518546889285
-2.58557826662177	0.681302812577655
-1.80190156331263	0.405310176911618
0.141628868364635	0.0268733845859336
-1.80190156331263	0.405310176911618
1.95584693887656	0.462330835133922
0.926974875419701	0.246284209674963
0.138618353811657	0.0265211219118666
-0.650318276706871	0.160755761640221
0.644424999818512	0.207579266186308
0.137033206871248	0.0343903632230145
0.926329332609966	0.245803896301602
-1.54058228908419	0.558038570704529
-3.09407144090335	0.959647090123049
-1.80190156331263	0.405310176911618
-0.650318276706871	0.160755761640221
-0.650318276706871	0.160755761640221
-1.80190156331263	0.405310176911618
-1.16331040146866	0.356501861337983
-1.80190156331263	0.405310176911618
0.141666634051722	0.0357514933011427
-1.80190156331263	0.405310176911618
-1.80211551800213	0.40518546889285
-3.09739452059542	0.972553736075869
-1.80211551800213	0.40518546889285
0.929670085417592	0.244778423912617
-1.80190156331263	0.405310176911618
-1.80211551800213	0.40518546889285
1.95338582999428	0.463576578510391
-2.58468514934926	0.681926813759725
0.925979622549504	0.243736825113843
-0.650318276706871	0.160755761640221
-1.80211551800213	0.40518546889285
-1.16756877193145	0.358467365380653
-0.655163635992096	0.160369482742199
0.139847419253076	0.0352678773972538
0.138169594891086	0.0265198668009027
-0.648677249821696	0.158587087101144
-2.58468514934926	0.681926813759725
-0.646622749070198	0.158987296788642
0.926974875419701	0.246284209674963
0.139073148904902	0.0266055202308437
0.138169594891086	0.0265198668009027
0.141628868364635	0.0268733845859336
-0.650318276706871	0.160755761640221
-1.80190156331263	0.405310176911618
-2.58513149511835	0.689509113042442
-3.09280325935961	0.972693856185307
-1.80190156331263	0.405310176911618
2.7462498006239	0.778261278020301
-2.58468514934926	0.681926813759725
-3.09280325935961	0.972693856185307
-2.58513149511835	0.689509113042442
-2.58468514934926	0.681926813759725
-1.5479363497401	0.560916837957921
-0.649319222104321	0.16021039083734
1.95338582999428	0.463576578510391
-1.54211096447874	0.565956548030536
-2.58468514934926	0.681926813759725
0.138618353811657	0.0265211219118666
1.95338582999428	0.463576578510391
-1.80211551800213	0.40518546889285
-1.80583314024352	0.404036831265938
-0.649319222104321	0.16021039083734
0.138618353811657	0.0265211219118666
-0.645977108318167	0.157387277340251
0.137716344096337	0.0264356853006178
-2.58557826662177	0.681302812577655
-2.58513149511835	0.689509113042442
-1.80190156331263	0.405310176911618
-1.80190156331263	0.405310176911618
-1.80190156331263	0.405310176911618
-1.80211551800213	0.40518546889285
1.95338582999428	0.463576578510391
0.138169594891086	0.0265198668009027
0.141168720466643	0.026788068800843
-0.650318276706871	0.160755761640221
-0.645977108318167	0.157387277340251
-2.58899611685113	0.683672524401667
-0.650318276706871	0.160755761640221
0.925335174824177	0.243267565805426
-1.80211551800213	0.40518546889285
0.141628868364635	0.0268733845859336
0.138169594891086	0.0265198668009027
-3.09343711568729	0.972052225554497
0.140906973713143	0.0352149950547458
-0.654514463701247	0.160265207029626
0.641203436908402	0.204828865510354
-2.58513149511835	0.689509113042442
0.139073148904902	0.0266055202308437
2.7489176254429	0.781882431670721
-1.80190156331263	0.405310176911618
1.42795516831077	0.478570790474717
-1.80211551800213	0.40518546889285
-1.54538955663062	0.564367029919961
0.133621657798323	0.0257280473816019
-3.09675293313402	0.963861246988004
-3.09675293313402	0.963861246988004
-1.80211551800213	0.40518546889285
-0.655163635992096	0.160369482742199
0.133621657798323	0.0257280473816019
-1.80190156331263	0.405310176911618
-1.80211551800213	0.40518546889285
0.137716344096337	0.0264356853006178
-2.58945281070023	0.683631203527574
-1.16605123679474	0.358241254731586
-0.649319222104321	0.16021039083734
-0.371963944093828	0.110621992809151
-0.758903093547503	0.265752003191917
0.138169594891086	0.0265198668009027
0.49898443235573	0.178007754271525
0.640432049403559	0.206671110179374
1.95256933090985	0.464168557061862
-2.58513149511835	0.689509113042442
0.141628868364635	0.0268733845859336
1.42898338960615	0.478193832396807
0.926974875419701	0.246284209674963
0.143307590681046	0.0413424741652283
3.62360809261866	1.43608472685745
0.138618353811657	0.0265211219118666
0.13377964661681	0.0339655613686654
0.926974875419701	0.246284209674963
0.929670085417592	0.244778423912617
0.640432049403559	0.206671110179374
2.7479767545239	0.782066977880158
-3.09407144090335	0.959647090123049
-3.46924124245495	1.26110671680306
-1.16255649541829	0.360535388481223
-1.84758804068498	0.762209408506236
0.141628868364635	0.0268733845859336
-2.58468514934926	0.681926813759725
-3.09407144090335	0.959647090123049
0.132008056168482	0.0393965941991127
0.134720480496125	0.046154809884801
-0.246744187489769	0.0819875861942725
-0.7499539562993	0.263513086552406
-2.79982077689502	1.87424237222116
-0.318803796448453	0.149077156959207
0.137790482671227	0.0349173015404508
-1.29312325590293	0.594173782042438
-0.650959635012338	0.159168476600347
-0.247688428186081	0.0823916105388393
-0.753681227368969	0.263682884208275
0.423008357220325	0.170996116997491
0.801640822834797	0.342681912930608
0.801640822834797	0.342681912930608
-1.84364570734871	0.769128563045154
-0.343800342635872	0.205765009943745
0.136676224470739	0.0411018975580698
0.133269655210264	0.0514052505492531
0.345995851477005	0.172505974330628
0.136410468281151	0.0654789499443106
-0.785893669685849	0.351489493625362
-2.58557826662177	0.681302812577655
-0.370960450535942	0.108999469994633
-0.759646518870265	0.264294491853676
-1.50970933530107	0.790834296107116
-0.164113417640613	0.0601976090971911
-2.09217633664281	0.97366279228165
-1.84462146111998	0.762103522861904
-2.64691431514688	1.63796339652436
-0.244180925356045	0.081049134991476
-0.377823620534237	0.111128034755999
-1.16152021660948	0.35929571617842
-0.110905120216736	0.0445697256579797
-3.09280325935961	0.972693856185307
-0.650959635012338	0.159168476600347
-4.01815633861707	1.78248781708792
-0.535681314610669	0.206813692594554
-0.650318276706871	0.160755761640221
0.138169594891086	0.0265198668009027
-1.80190156331263	0.405310176911618
-1.15865836302273	0.356559362366982
-1.80190156331263	0.405310176911618
0.926329332609966	0.245803896301602
0.140605369101782	0.0351308802058006
-0.247443196598974	0.0821764216093194
0.49991679292187	0.180263240660553
2.74438259751335	0.780038400688451
-0.37373542401889	0.110004299970677
-1.16180306616162	0.360626829502971
0.926974875419701	0.246284209674963
0.429738004776667	0.174027388577235
0.139847419253076	0.0352678773972538
-3.09343711568729	0.972052225554497
-0.533270090097079	0.203525447098513
0.504822188982883	0.184110918199219
0.925979622549504	0.243736825113843
-0.646622749070198	0.158987296788642
-1.53732327136021	0.558096879249065
-2.58557826662177	0.681302812577655
-3.09803658564349	0.963618638434641
-1.16076621190063	0.359385238156804
-0.246744187489769	0.0819875861942725
0.137790482671227	0.0349173015404508
-0.650318276706871	0.160755761640221
-3.76928214896483	1.53063223544118
-3.09407144090335	0.959647090123049
-2.58899611685113	0.683672524401667
0.639660215207864	0.203910262751024
0.141666634051722	0.0357514933011427
-2.58468514934926	0.681926813759725
0.135931183146639	0.0408601823442341
0.137716344096337	0.0264356853006178
-1.80211551800213	0.40518546889285
-0.367964462335371	0.108363329225903
0.138618353811657	0.0265211219118666
0.139073148904902	0.0266055202308437
1.95256933090985	0.464168557061862
1.79670337293508	0.712109669548487
0.139576085242422	0.0352987079074651
-1.80211551800213	0.40518546889285
-1.16152021660948	0.35929571617842
0.137716344096337	0.0264356853006178
-2.58468514934926	0.681926813759725
0.138169594891086	0.0265198668009027
0.12918993805387	0.0442507386000375
0.137716344096337	0.0264356853006178
2.7462498006239	0.778261278020301
0.138169594891086	0.0265198668009027
0.137716344096337	0.0264356853006178
-1.80583314024352	0.404036831265938
0.12947410781537	0.0325244751018023
0.930671315320304	0.244899140334393
-1.80211551800213	0.40518546889285
-0.653515136282054	0.159727161117317
-1.54211096447874	0.565956548030536
-1.80211551800213	0.40518546889285
0.138618353811657	0.0265211219118666
0.137716344096337	0.0264356853006178
-2.58557826662177	0.681302812577655
-1.80190156331263	0.405310176911618
-1.80190156331263	0.405310176911618
-0.650318276706871	0.160755761640221
0.92732486785368	0.24306890205782
-1.80211551800213	0.40518546889285
-2.58468514934926	0.681926813759725
-0.654514463701247	0.160265207029626
-1.80190156331263	0.405310176911618
-1.80190156331263	0.405310176911618
-2.58513149511835	0.689509113042442
-1.80211551800213	0.40518546889285
-1.80190156331263	0.405310176911618
-1.80190156331263	0.405310176911618
0.139073148904902	0.0266055202308437
-1.80190156331263	0.405310176911618
-2.58557826662177	0.681302812577655
0.133621657798323	0.0257280473816019
0.141168720466643	0.026788068800843
-1.80211551800213	0.40518546889285
1.95338582999428	0.463576578510391
0.133621657798323	0.0257280473816019
0.139073148904902	0.0266055202308437
-1.80190156331263	0.405310176911618
0.141168720466643	0.026788068800843
0.141168720466643	0.026788068800843
0.138818714405564	0.0354421828043769
0.137716344096337	0.0264356853006178
1.95256933090985	0.464168557061862
-1.80211551800213	0.40518546889285
-1.80190156331263	0.405310176911618
-1.80190156331263	0.405310176911618
-2.58513149511835	0.689509113042442
-1.80211551800213	0.40518546889285
-1.80190156331263	0.405310176911618
-1.80211551800213	0.40518546889285
-1.84290267129783	0.7723474188048
-1.80583314024352	0.404036831265938
-2.58899611685113	0.683672524401667
-2.58513149511835	0.689509113042442
-1.80190156331263	0.405310176911618
1.95256933090985	0.464168557061862
-1.80211551800213	0.40518546889285
1.95256933090985	0.464168557061862
-1.80190156331263	0.405310176911618
-3.09280325935961	0.972693856185307
-1.80211551800213	0.40518546889285
-1.80583314024352	0.404036831265938
1.95338582999428	0.463576578510391
-2.58513149511835	0.689509113042442
-1.80583314024352	0.404036831265938
-1.80190156331263	0.405310176911618
0.137716344096337	0.0264356853006178
-1.80211551800213	0.40518546889285
0.138169594891086	0.0265198668009027
1.95256933090985	0.464168557061862
-2.58468514934926	0.681926813759725
-1.80211551800213	0.40518546889285
0.139073148904902	0.0266055202308437
-1.80190156331263	0.405310176911618
-1.80190156331263	0.405310176911618
-3.47073410037615	1.25961524031716
0.141168720466643	0.026788068800843
0.137716344096337	0.0264356853006178
0.137790482671227	0.0349173015404508
0.137716344096337	0.0264356853006178
-0.649961670532414	0.158635340685799
0.141628868364635	0.0268733845859336
-1.80583314024352	0.404036831265938
-3.09343711568729	0.972052225554497
0.137716344096337	0.0264356853006178
-1.80211551800213	0.40518546889285
-1.80211551800213	0.40518546889285
-1.80190156331263	0.405310176911618
-0.648677249821696	0.158587087101144
0.139073148904902	0.0266055202308437
-1.80190156331263	0.405310176911618
0.638661759222662	0.201540571310924
1.95338582999428	0.463576578510391
0.133264717489137	0.0398651258030508
-1.80211551800213	0.40518546889285
0.133621657798323	0.0257280473816019
-1.80583314024352	0.404036831265938
-0.645977108318167	0.157387277340251
0.139576085242422	0.0352987079074651
0.139073148904902	0.0266055202308437
-0.649961670532414	0.158635340685799
0.138169594891086	0.0265198668009027
-0.647268870262709	0.157438045305518
-1.80211551800213	0.40518546889285
-0.650959635012338	0.159168476600347
-0.649677393302236	0.159121336474823
0.139073148904902	0.0266055202308437
-0.650318276706871	0.160755761640221
0.137790482671227	0.0349173015404508
1.95256933090985	0.464168557061862
0.92732486785368	0.24306890205782
0.634342685225005	0.200262051002372
-0.649961670532414	0.158635340685799
-0.648677249821696	0.158587087101144
-3.09407144090335	0.959647090123049
0.141168720466643	0.026788068800843
-0.650959635012338	0.159168476600347
-0.163197529718782	0.0596830890651502
0.933386740287997	0.241580741321053
-1.80211551800213	0.40518546889285
0.926974875419701	0.246284209674963
0.138818714405564	0.0354421828043769
-1.80190156331263	0.405310176911618
-0.649677393302236	0.159121336474823
1.42795516831077	0.478570790474717
-1.80211551800213	0.40518546889285
-1.80211551800213	0.40518546889285
1.95338582999428	0.463576578510391
2.7462498006239	0.778261278020301
-1.80190156331263	0.405310176911618
-1.80190156331263	0.405310176911618
-1.80211551800213	0.40518546889285
-1.80190156331263	0.405310176911618
-1.80583314024352	0.404036831265938
-1.80211551800213	0.40518546889285
0.137716344096337	0.0264356853006178
0.137716344096337	0.0264356853006178
-1.80211551800213	0.40518546889285
0.926974875419701	0.246284209674963
1.79570418994076	0.710490111832351
-1.1600126841405	0.35529503686347
0.640658905761581	0.203950748563405
-1.80211551800213	0.40518546889285
3.62062366405083	1.43326252584705
0.138818714405564	0.0354421828043769
-1.54716733927322	0.566283034461824
0.925335174824177	0.243267565805426
-0.749707900448518	0.266629197702648
-0.374504096873756	0.109063507862746
1.01318867946977	0.378237129196856
-1.16152021660948	0.35929571617842
0.131769780715528	0.0397831026994758
-3.09739452059542	0.972553736075869
-0.648677249821696	0.158587087101144
0.13806085974017	0.0349020150681185
-0.649319222104321	0.16021039083734
-0.650815605433229	0.158518447092606
-1.80211551800213	0.40518546889285
-1.54211096447874	0.565956548030536
0.139847419253076	0.0352678773972538
2.74531503858304	0.788587032684406
-0.649677393302236	0.159121336474823
0.926329332609966	0.245803896301602
2.7489176254429	0.781882431670721
0.138618353811657	0.0265211219118666
1.95256933090985	0.464168557061862
-1.80583314024352	0.404036831265938
-2.58557826662177	0.681302812577655
1.42293417334597	0.472946291653134
2.74531503858304	0.788587032684406
1.95256933090985	0.464168557061862
0.137716344096337	0.0264356853006178
0.141628868364635	0.0268733845859336
-2.58513149511835	0.689509113042442
-2.58513149511835	0.689509113042442
-1.80190156331263	0.405310176911618
-1.80211551800213	0.40518546889285
0.138618353811657	0.0265211219118666
0.138818714405564	0.0354421828043769
-1.16076621190063	0.359385238156804
0.133621657798323	0.0257280473816019
-1.80190156331263	0.405310176911618
3.24830720791551	1.09477551568481
-0.653515136282054	0.159727161117317
-1.16605123679474	0.358241254731586
0.13096448496266	0.0390859273598624
3.2493353238897	1.10864834370629
-3.47551203049496	1.24902877284438
0.640432049403559	0.206671110179374
-1.80190156331263	0.405310176911618
-1.80190156331263	0.405310176911618
-0.649319222104321	0.16021039083734
-0.650318276706871	0.160755761640221
2.74438259751335	0.780038400688451
-1.16255649541829	0.360535388481223
-1.80190156331263	0.405310176911618
0.926974875419701	0.246284209674963
-3.09343711568729	0.972052225554497
-0.372967191440885	0.109879462987979
0.138169594891086	0.0265198668009027
0.138169594891086	0.0265198668009027
0.139073148904902	0.0266055202308437
1.95338582999428	0.463576578510391
0.139073148904902	0.0266055202308437
0.139073148904902	0.0266055202308437
1.95256933090985	0.464168557061862
-1.80211551800213	0.40518546889285
-1.80190156331263	0.405310176911618
-1.80190156331263	0.405310176911618
-1.80190156331263	0.405310176911618
-1.80211551800213	0.40518546889285
-1.80211551800213	0.40518546889285
0.138169594891086	0.0265198668009027
-2.58945281070023	0.683631203527574
0.141628868364635	0.0268733845859336
-2.58513149511835	0.689509113042442
-1.80583314024352	0.404036831265938
0.134526944690639	0.0258144647389653
0.141168720466643	0.026788068800843
-1.80211551800213	0.40518546889285
-2.58513149511835	0.689509113042442
1.95584693887656	0.462330835133922
-1.80211551800213	0.40518546889285
1.95338582999428	0.463576578510391
0.137716344096337	0.0264356853006178
2.74531503858304	0.788587032684406
-1.80211551800213	0.40518546889285
-1.80211551800213	0.40518546889285
-0.649319222104321	0.16021039083734
2.74531503858304	0.788587032684406
-1.80211551800213	0.40518546889285
0.138169594891086	0.0265198668009027
-3.09280325935961	0.972693856185307
0.137716344096337	0.0264356853006178
0.139073148904902	0.0266055202308437
-2.58468514934926	0.681926813759725
0.138618353811657	0.0265211219118666
-2.58513149511835	0.689509113042442
-2.58468514934926	0.681926813759725
-1.80211551800213	0.40518546889285
-1.80190156331263	0.405310176911618
-2.58468514934926	0.681926813759725
1.95338582999428	0.463576578510391
-1.80211551800213	0.40518546889285
-1.80190156331263	0.405310176911618
-1.80211551800213	0.40518546889285
0.138618353811657	0.0265211219118666
1.95256933090985	0.464168557061862
2.74531503858304	0.788587032684406
-1.80211551800213	0.40518546889285
-0.650318276706871	0.160755761640221
0.138618353811657	0.0265211219118666
0.137716344096337	0.0264356853006178
0.13806085974017	0.0349020150681185
0.138618353811657	0.0265211219118666
-3.77336026249091	1.52994227958119
-0.372967191440885	0.109879462987979
3.91337671586789	1.72666008519133
0.333500553523229	0.180073076589142
0.641203436908402	0.204828865510354
0.538570843915616	0.310106268628483
-1.30023156904106	0.598440833167432
-0.754670103122347	0.267616103379387
-2.79913819422312	1.88815600094006
-0.162841987508279	0.0593911034514988
-0.161323141410888	0.0593428238464744
-0.372967191440885	0.109879462987979
0.432216086405575	0.176459106478166
-0.940241441399988	0.690282691697602
0.591829396559823	0.310688057891531
1.07715600956906	0.662746585851246
-0.621200208375836	0.302453230845517
0.848112694891905	0.625035636629115
0.431010812152499	0.173541718161138
-0.618803014519538	0.300045459723861
-0.999188079883302	0.499195556120989
-0.0704900742805476	0.0308853318681583
1.00907487707479	0.37988153605154
0.433128399509895	0.1763668859627
0.135112765781988	0.0570060211619631
-0.747026160981094	0.25892046859858
-0.23997851337229	0.0797141941925215
-0.540865103557082	0.324676550389313
-1.33976153925759	0.838353628785089
-0.620664206933368	0.301874622328127
0.125296430785151	0.0426623300035241
0.330087330114261	0.183026291187426
-0.413156556914363	0.173908804707241
-1.238505877496	0.935932825045958
-0.622463529417997	0.303470935584768
-0.208297700432248	0.111767546241519
0.382441524201531	0.172846715056874
-0.0722234144195462	0.0319372484884233
0.383617837186828	0.173970673436915
0.676305685874292	0.312306419858118
-1.30410907664163	0.599798999320701
-0.541486546335587	0.211448846736342
-0.535953611007358	0.20815255049836
1.29973471610108	0.564385220901548
0.140605369101782	0.0351308802058006
-0.540567326781551	0.21079663144273
-0.649319222104321	0.16021039083734
-0.649961670532414	0.158635340685799
1.42795516831077	0.478570790474717
0.13842244264629	0.0346674790325417
1.95338582999428	0.463576578510391
-3.09343711568729	0.972052225554497
-1.15790256442372	0.35664499176059
-0.653515136282054	0.159727161117317
-0.650318276706871	0.160755761640221
0.138169594891086	0.0265198668009027
-0.659391095185893	0.158977027492346
0.13377964661681	0.0339655613686654
0.138547275345784	0.0347818496624983
-1.16152021660948	0.35929571617842
-0.655163635992096	0.160369482742199
-0.378051187678928	0.111023447161183
-3.09216987140428	0.960869115746174
-0.252847335174533	0.0818392584262519
1.0488329181685	0.510466369895979
-0.371963944093828	0.110621992809151
0.13806085974017	0.0349020150681185
-0.238582126977172	0.0793549061566532
0.804594062501754	0.339064803644296
1.43184622835253	0.479292741706694
0.64342341463051	0.205691875654135
2.74531503858304	0.788587032684406
0.927971507294548	0.243537608899139
-0.111079199501302	0.0444318085674208
0.128296084606295	0.0384571369192157
-0.378051187678928	0.111023447161183
-2.30215719257309	1.18604706736687
0.139073148904902	0.0266055202308437
-0.243241014092852	0.0808370662671502
-0.751444890588777	0.263713332527736
-1.51462332274441	0.772846556574775
3.61850462978752	1.41205255014363
-3.47400814940775	1.26328835340161
0.142425808142815	0.0356096114179749
1.43108326772595	0.478167346987275
0.128442643496009	0.0377485333383593
0.139073148904902	0.0266055202308437
-1.16680976292454	0.361321943590249
0.138169594891086	0.0265198668009027
0.141666634051722	0.0357514933011427
0.138169594891086	0.0265198668009027
0.505766542576991	0.183848744269859
0.137716344096337	0.0264356853006178
0.138169594891086	0.0265198668009027
1.42898338960615	0.478193832396807
0.134526944690639	0.0258144647389653
-4.0174180881396	1.78617707428656
-2.58513149511835	0.689509113042442
-1.80190156331263	0.405310176911618
-2.58899611685113	0.683672524401667
-2.58513149511835	0.689509113042442
-1.80583314024352	0.404036831265938
0.138169594891086	0.0265198668009027
-0.650318276706871	0.160755761640221
-1.80211551800213	0.40518546889285
-1.80190156331263	0.405310176911618
0.138169594891086	0.0265198668009027
-1.80211551800213	0.40518546889285
-2.58513149511835	0.689509113042442
-1.80190156331263	0.405310176911618
1.00486217117273	0.378265244161087
1.95338582999428	0.463576578510391
0.137716344096337	0.0264356853006178
-0.651469596498525	0.158623372365254
0.137716344096337	0.0264356853006178
0.137790482671227	0.0349173015404508
0.925979622549504	0.243736825113843
0.137716344096337	0.0264356853006178
-0.649319222104321	0.16021039083734
0.137716344096337	0.0264356853006178
0.138169594891086	0.0265198668009027
-1.80190156331263	0.405310176911618
-1.80211551800213	0.40518546889285
-2.58468514934926	0.681926813759725
-2.58945281070023	0.683631203527574
-2.58513149511835	0.689509113042442
0.926329332609966	0.245803896301602
0.925979622549504	0.243736825113843
3.24830720791551	1.09477551568481
0.137716344096337	0.0264356853006178
-0.650318276706871	0.160755761640221
-1.80583314024352	0.404036831265938
-1.80211551800213	0.40518546889285
-1.80211551800213	0.40518546889285
-1.80190156331263	0.405310176911618
0.139073148904902	0.0266055202308437
-1.80211551800213	0.40518546889285
-1.80190156331263	0.405310176911618
2.74438259751335	0.780038400688451
0.137716344096337	0.0264356853006178
0.134340225825743	0.0459478776911086
1.95338582999428	0.463576578510391
-1.80211551800213	0.40518546889285
0.139073148904902	0.0266055202308437
0.139073148904902	0.0266055202308437
-1.80190156331263	0.405310176911618
-0.649961670532414	0.158635340685799
1.95338582999428	0.463576578510391
0.138169594891086	0.0265198668009027
0.141628868364635	0.0268733845859336
-3.09216987140428	0.960869115746174
-2.58945281070023	0.683631203527574
-1.54237757139436	0.559823959245922
4.15772432340643	2.00809868588151
-0.645977108318167	0.157387277340251
-1.16152021660948	0.35929571617842
-0.37705103334154	0.111772840936855
-0.749758417812177	0.262810020338643
-1.54109898628274	0.564008735008191
-0.650318276706871	0.160755761640221
0.133264717489137	0.0398651258030508
-2.08842733153289	0.971005061190044
-1.05805813359704	0.428511662134487
-0.649319222104321	0.16021039083734
-0.753925861436807	0.267481396825324
3.62467162070288	1.43500145314363
-1.16180306616162	0.360626829502971
1.00976637943184	0.381454911222285
-0.381393591442191	0.111085050560728
-1.84190336279857	0.769704627409186
-1.80190156331263	0.405310176911618
-0.648677249821696	0.158587087101144
0.138818714405564	0.0354421828043769
-1.80211551800213	0.40518546889285
-0.649961670532414	0.158635340685799
-1.16105011316119	0.35650557951397
-1.80211551800213	0.40518546889285
-2.30693606199867	1.18894486544748
-2.58513149511835	0.689509113042442
-1.16653542749665	0.357252169580594
-0.649961670532414	0.158635340685799
-1.80211551800213	0.40518546889285
0.138169594891086	0.0265198668009027
1.95338582999428	0.463576578510391
0.128296084606295	0.0384571369192157
0.503876995823466	0.183153812193994
-4.02148240437186	1.79135100546719
0.93002098112329	0.244423585041229
-0.368734126017043	0.108489275130813
0.132755613913402	0.0400087413766842
-0.168709143575624	0.0618957168726134
-1.16180306616162	0.360626829502971
-1.16180306616162	0.360626829502971
0.137716344096337	0.0264356853006178
0.430700215324852	0.175008159531737
-0.370960450535942	0.108999469994633
0.135931183146639	0.0408601823442341
-3.09343711568729	0.972052225554497
-1.84290267129783	0.7723474188048
0.126802817719759	0.038018792856063
0.131405301493996	0.0450882414222608
-1.29645256159416	0.603706616563397
1.80093935898315	0.704324948653496
-0.654514463701247	0.160265207029626
-1.29571251938989	0.596925856875547
0.133743144680782	0.0398540974543432
-0.0717945995309036	0.0314979739199441
-0.409998477425756	0.174852973148685
-0.748717096925392	0.26268742708996
-0.49679855039686	0.262940161450173
-0.748218261379527	0.262913312316052
1.30977120345695	0.57893048591637
-1.05384695295636	0.432037760899314
0.139847419253076	0.0352678773972538
0.138618353811657	0.0265211219118666
0.138818714405564	0.0354421828043769
-0.645977108318167	0.157387277340251
0.137790482671227	0.0349173015404508
-0.649319222104321	0.16021039083734
3.62168394400497	1.42736372029797
-0.164717030217209	0.0605798459598444
-0.164403605220993	0.0602516836701797
0.134073230654708	0.0460155036809627
0.500628369874049	0.178468477032615
0.138169594891086	0.0265198668009027
-0.541486546335587	0.211448846736342
-0.37373542401889	0.110004299970677
0.426716710995548	0.173213467399165
-1.84536271575861	0.770197726260662
-1.15790256442372	0.35664499176059
-2.30308872056658	1.18989522650814
1.43108326772595	0.478167346987275
-1.16180306616162	0.360626829502971
0.135447191982407	0.0586962151604272
-0.747277512006623	0.261950498179665
0.138375656503241	0.0404207688069331
1.04120438943091	0.505893763441845
1.30977120345695	0.57893048591637
-0.163444156183812	0.0593970316978044
0.138818714405564	0.0354421828043769
0.134986889048387	0.0462856031126629
-0.537706696651568	0.204615344493767
0.427307329026678	0.173322868473184
-0.646622749070198	0.158987296788642
1.95256933090985	0.464168557061862
3.25036486382959	1.10725094810752
-2.58899611685113	0.683672524401667
-1.80583314024352	0.404036831265938
-2.58513149511835	0.689509113042442
0.139073148904902	0.0266055202308437
2.74531503858304	0.788587032684406
0.137420997667979	0.0409326259269069
0.139073148904902	0.0266055202308437
-0.649961670532414	0.158635340685799
-1.16577583586829	0.360083099240396
0.138818714405564	0.0354421828043769
0.506468506416984	0.184272460164198
4.15772432340643	2.00809868588151
-0.23997851337229	0.0797141941925215
-1.84290267129783	0.7723474188048
0.131769780715528	0.0397831026994758
0.139847419253076	0.0352678773972538
0.638661759222662	0.201540571310924
-1.0466059758693	0.42263598942516
-1.16180306616162	0.360626829502971
-1.16180306616162	0.360626829502971
-0.654514463701247	0.160265207029626
-2.58557826662177	0.681302812577655
0.800079574854174	0.341914550374125
-1.16076621190063	0.359385238156804
2.7489176254429	0.781882431670721
2.74531503858304	0.788587032684406
-0.654165411001464	0.159831562379876
0.142425808142815	0.0356096114179749
0.138618353811657	0.0265211219118666
-0.54720464544438	0.211003281959072
0.139576085242422	0.0352987079074651
-3.09343711568729	0.972052225554497
2.08826346784154	0.942765758491391
0.138618353811657	0.0265211219118666
-3.09739452059542	0.972553736075869
-0.650318276706871	0.160755761640221
-0.655163635992096	0.160369482742199
-0.374504096873756	0.109063507862746
-0.371963944093828	0.110621992809151
0.927971507294548	0.243537608899139
0.138169594891086	0.0265198668009027
-1.05314945343007	0.432914540626917
-0.240928484682292	0.0794592918982822
-0.650318276706871	0.160755761640221
0.138169594891086	0.0265198668009027
-0.161924550637959	0.0595326272869975
-1.16605123679474	0.358241254731586
0.138547275345784	0.0347818496624983
-0.750699276625547	0.264252450117151
0.128925533708437	0.0438883757730603
0.139073148904902	0.0266055202308437
0.13806085974017	0.0349020150681185
-1.55148252777341	0.560146364284981
-0.649319222104321	0.16021039083734
-0.37373542401889	0.110004299970677
1.04943825292443	0.511264523795884
1.01005776396623	0.384301698232896
-0.648677249821696	0.158587087101144
-0.372732473872603	0.110746709749891
0.138169594891086	0.0265198668009027
0.138169594891086	0.0265198668009027
-0.649677393302236	0.159121336474823
1.54992724374578	0.785062078842457
-1.84364570734871	0.769128563045154
3.2493353238897	1.10864834370629
0.138547275345784	0.0347818496624983
1.95338582999428	0.463576578510391
-0.368970569520409	0.108704530129129
0.138169594891086	0.0265198668009027
0.139073148904902	0.0266055202308437
-0.654165411001464	0.159831562379876
0.138169594891086	0.0265198668009027
-1.54109898628274	0.564008735008191
-0.372732473872603	0.110746709749891
0.926974875419701	0.246284209674963
0.926974875419701	0.246284209674963
-0.246744187489769	0.0819875861942725
-2.58557826662177	0.681302812577655
0.132517398019614	0.0400248322660559
-0.537890139455942	0.208648019897415
0.923120742885382	0.240835684941142
1.00780161245042	0.382676369772637
-0.234364447612845	0.076611766491715
-0.0745669813757738	0.0327043588917449
-0.246744187489769	0.0819875861942725
-0.648677249821696	0.158587087101144
0.138818714405564	0.0354421828043769
-0.370192063582796	0.107755133242033
0.131769780715528	0.0397831026994758
-1.29515834308224	0.603610157609632
-0.649677393302236	0.159121336474823
-1.84264604569047	0.766512726713672
0.13377964661681	0.0339655613686654
0.139576085242422	0.0352987079074651
1.05191529311535	0.519138413454858
-0.539001335022026	0.207686338514741
-1.16501672782279	0.357025208830094
0.426999830129114	0.173224779129442
-1.84190336279857	0.769704627409186
1.09376574635797	0.823757857593985
-1.04473605205256	0.423572303964998
1.30392693638538	0.574036761821476
-1.80211551800213	0.40518546889285
1.95584693887656	0.462330835133922
0.137790482671227	0.0349173015404508
1.55259080843722	0.777380091161839
0.139847419253076	0.0352678773972538
-0.649677393302236	0.159121336474823
-1.29247879869502	0.594955895800984
1.01421910313051	0.386497027111194
-0.164717030217209	0.0605798459598444
0.137657029645535	0.0344892399783439
-0.650959635012338	0.159168476600347
-0.368734126017043	0.108489275130813
-2.58899611685113	0.683672524401667
-1.84536271575861	0.770197726260662
-0.649319222104321	0.16021039083734
-0.744055499890896	0.258369185064904
0.137790482671227	0.0349173015404508
-1.04921291121102	0.426520143491694
-0.545641755228151	0.213156326519175
-1.54287595262912	0.564324390459102
0.139073148904902	0.0266055202308437
2.54216547408546	1.42300583603059
-3.09739452059542	0.972553736075869
0.132008056168482	0.0393965941991127
0.138818714405564	0.0354421828043769
-0.105418713596291	0.0420930050823237
-0.786176974594147	0.350839154379538
0.5029366256476	0.181276920282539
-0.372732473872603	0.110746709749891
0.499677806509618	0.181395612831858
1.05191529311535	0.519138413454858
1.79870938672057	0.706124174779807
1.95338582999428	0.463576578510391
0.925335174824177	0.243267565805426
-0.157925565937643	0.057074111209946
0.137716344096337	0.0264356853006178
0.137716344096337	0.0264356853006178
-1.80190156331263	0.405310176911618
-1.80211551800213	0.40518546889285
-1.80190156331263	0.405310176911618
0.139847419253076	0.0352678773972538
1.95338582999428	0.463576578510391
0.138618353811657	0.0265211219118666
-1.80583314024352	0.404036831265938
0.141628868364635	0.0268733845859336
-1.16152021660948	0.35929571617842
0.138169594891086	0.0265198668009027
-0.655163635992096	0.160369482742199
-2.58899611685113	0.683672524401667
-0.646622749070198	0.158987296788642
-0.650815605433229	0.158518447092606
-2.58513149511835	0.689509113042442
-1.80211551800213	0.40518546889285
1.95256933090985	0.464168557061862
-0.372967191440885	0.109879462987979
1.95338582999428	0.463576578510391
-2.58899611685113	0.683672524401667
1.75255668584379	1.7370572625093
-0.162841987508279	0.0593911034514988
-0.650318276706871	0.160755761640221
-0.655163635992096	0.160369482742199
-1.9928763605004	1.39060625388703
0.159175912455118	0.103315981049615
-0.240229628086566	0.0794522230625189
0.537296276942703	0.445641640739729
1.00780161245042	0.382676369772637
1.44934779653544	0.891212773637663
-0.0486472640194168	0.0227859506956792
-0.400209486653414	0.21946390343554
-0.704861418007927	0.57213595770511
1.25826352655386	0.698954794444829
-0.31644252813068	0.145040045583937
-0.806036979707353	0.540348142222268
-1.80190156331263	0.405310176911618
-0.749707900448518	0.266629197702648
-0.372199398666119	0.10861997456099
-0.367964462335371	0.108363329225903
-1.05245216258944	0.431815108906743
0.137716344096337	0.0264356853006178
-0.372732473872603	0.110746709749891
-3.46924124245495	1.26110671680306
-1.04895682546004	0.430951643107204
0.133502874099665	0.0402503094723903
0.139576085242422	0.0352987079074651
0.141168720466643	0.026788068800843
-0.243489732986148	0.0812398100864258
-3.47073410037615	1.25961524031716
0.138169594891086	0.0265198668009027
0.922124936246008	0.243516971274684
3.24830720791551	1.09477551568481
0.139576085242422	0.0352987079074651
-1.84215992422119	0.772497364016813
-1.16756877193145	0.358467365380653
-3.09675293313402	0.963861246988004
0.138618353811657	0.0265211219118666
-1.54109898628274	0.564008735008191
-1.84215992422119	0.772497364016813
-1.48658898532484	1.04861524599031
0.128053308325002	0.0485905049684476
-1.05314945343007	0.432914540626917
-0.648677249821696	0.158587087101144
-1.0466059758693	0.42263598942516
-0.199835544983694	0.108835508322702
0.423315510192861	0.171523923653337
0.598859737377354	0.312272693455715
0.636334245031832	0.202658963099978
0.504580075605894	0.183905699075097
0.592761551414912	0.30566556641237
0.13806085974017	0.0349020150681185
1.7999374187146	0.711558267279855
1.01496655409926	0.392016410565643
-1.54538955663062	0.564367029919961
0.130882611694412	0.0448066859255122
-0.646622749070198	0.158987296788642
-1.16180306616162	0.360626829502971
-0.501844561677326	0.263701432475559
-0.649961670532414	0.158635340685799
-1.84215992422119	0.772497364016813
-0.119482404314862	0.0475944941325368
0.486760772274179	0.304220511677795
1.01202616470632	0.384309287615817
-3.47148123429515	1.24344411644129
-0.321627089817708	0.148727965594792
0.132129592379522	0.0507684643984597
0.130491514010977	0.0447267681525709
-1.84536271575861	0.770197726260662
0.638106441805795	0.200917531067273
0.428518317050907	0.174046878111496
1.01080793058073	0.389781480211188
-0.246744187489769	0.0819875861942725
0.136421791514599	0.0525462082369464
-0.799141920722044	0.442648273039795
0.136471825034789	0.0593672744044938
-1.84364570734871	0.769128563045154
-0.744797769739109	0.261223376171582
-0.411875745781014	0.17307626466685
0.805863302134345	0.344881526276407
0.139073148904902	0.0266055202308437
0.636334245031832	0.202658963099978
-2.58468514934926	0.681926813759725
0.137663849025598	0.0410571652515246
0.392051133148837	0.174048997062589
0.137790482671227	0.0349173015404508
0.133037105859592	0.0510757561308982
0.13806085974017	0.0349020150681185
-1.54639876708013	0.566309129661381
-0.648677249821696	0.158587087101144
-1.80211551800213	0.40518546889285
2.74531503858304	0.788587032684406
-0.645977108318167	0.157387277340251
0.138169594891086	0.0265198668009027
-1.80190156331263	0.405310176911618
-0.752937485397278	0.263546788628664
0.134073230654708	0.0460155036809627
-0.368970569520409	0.108704530129129
-0.650318276706871	0.160755761640221
-0.650318276706871	0.160755761640221
0.138618353811657	0.0265211219118666
-0.655163635992096	0.160369482742199
0.137790482671227	0.0349173015404508
1.42822224336494	0.477074019570971
-1.80211551800213	0.40518546889285
0.137716344096337	0.0264356853006178
0.5052829367669	0.182279638609026
0.138818714405564	0.0354421828043769
1.95256933090985	0.464168557061862
0.139073148904902	0.0266055202308437
-0.370509740783027	0.107903753835967
-0.655163635992096	0.160369482742199
0.137716344096337	0.0264356853006178
-1.84215992422119	0.772497364016813
0.12918993805387	0.0442507386000375
0.138618353811657	0.0265211219118666
0.926329332609966	0.245803896301602
-1.80190156331263	0.405310176911618
-1.80211551800213	0.40518546889285
-1.80211551800213	0.40518546889285
-1.80211551800213	0.40518546889285
-0.650318276706871	0.160755761640221
0.138169594891086	0.0265198668009027
-1.80211551800213	0.40518546889285
-1.80583314024352	0.404036831265938
-1.80211551800213	0.40518546889285
-2.58513149511835	0.689509113042442
-2.58468514934926	0.681926813759725
-0.650318276706871	0.160755761640221
2.09120925855951	0.941576846521806
0.926329332609966	0.245803896301602
-3.47956517355882	1.23553253438715
2.7462498006239	0.778261278020301
-3.09343711568729	0.972052225554497
0.142698404858563	0.0359575700897484
0.138618353811657	0.0265211219118666
0.925335174824177	0.243267565805426
0.138169594891086	0.0265198668009027
1.95584693887656	0.462330835133922
-1.80211551800213	0.40518546889285
-1.80211551800213	0.40518546889285
0.137790482671227	0.0349173015404508
1.95256933090985	0.464168557061862
-1.80583314024352	0.404036831265938
0.137716344096337	0.0264356853006178
-1.80190156331263	0.405310176911618
-1.80190156331263	0.405310176911618
-1.80211551800213	0.40518546889285
0.930671315320304	0.244899140334393
1.95338582999428	0.463576578510391
-1.80583314024352	0.404036831265938
0.929670085417592	0.244778423912617
0.925335174824177	0.243267565805426
-1.80190156331263	0.405310176911618
0.138618353811657	0.0265211219118666
-1.80211551800213	0.40518546889285
-1.80190156331263	0.405310176911618
0.139073148904902	0.0266055202308437
-2.58899611685113	0.683672524401667
-1.80190156331263	0.405310176911618
-2.58468514934926	0.681926813759725
1.95338582999428	0.463576578510391
-0.650959635012338	0.159168476600347
0.139073148904902	0.0266055202308437
0.137790482671227	0.0349173015404508
0.139073148904902	0.0266055202308437
-1.80211551800213	0.40518546889285
-0.650959635012338	0.159168476600347
-1.15790256442372	0.35664499176059
-1.80211551800213	0.40518546889285
0.134526944690639	0.0258144647389653
0.141628868364635	0.0268733845859336
-1.80190156331263	0.405310176911618
-1.16653542749665	0.357252169580594
-1.80190156331263	0.405310176911618
-2.58468514934926	0.681926813759725
-1.80211551800213	0.40518546889285
-1.80211551800213	0.40518546889285
-1.80211551800213	0.40518546889285
-3.09280325935961	0.972693856185307
1.95256933090985	0.464168557061862
-1.80211551800213	0.40518546889285
-1.80583314024352	0.404036831265938
-2.58899611685113	0.683672524401667
-1.80190156331263	0.405310176911618
0.139073148904902	0.0266055202308437
1.95256933090985	0.464168557061862
0.141168720466643	0.026788068800843
1.95256933090985	0.464168557061862
1.95256933090985	0.464168557061862
-1.80211551800213	0.40518546889285
-1.80190156331263	0.405310176911618
-0.648677249821696	0.158587087101144
0.139073148904902	0.0266055202308437
-2.58557826662177	0.681302812577655
1.95256933090985	0.464168557061862
-2.58468514934926	0.681926813759725
-1.80211551800213	0.40518546889285
0.137790482671227	0.0349173015404508
-0.649961670532414	0.158635340685799
0.137716344096337	0.0264356853006178
0.138169594891086	0.0265198668009027
-1.80211551800213	0.40518546889285
-1.05384695295636	0.432037760899314
-2.09051641699184	0.975356223053455
0.427605900232615	0.173170350163645
0.803396428962993	0.343865653568856
0.432818540013999	0.176395167801005
0.637330363110719	0.200600181375881
0.640204384260695	0.202440736609696
0.134542642796399	0.0341445690681232
0.139576085242422	0.0352987079074651
-1.68732830067476	0.959382419767752
-1.05035502520079	0.424976701356084
-0.653515136282054	0.159727161117317
0.130724970298542	0.0390457878767985
-1.04429788633618	0.422544946241406
-1.17619204489667	0.666062644274033
-1.04965581966949	0.429420534826054
-1.85565934119835	1.17380103692402
-1.0506117909771	0.425111529407623
-0.247691537145485	0.0808012268099273
-0.99884068990539	0.507360313729787
0.137299566105226	0.0590248651426026
0.590787288956511	0.428211284464024
-0.39561998294138	0.312890108154943
-0.537517418286813	0.207787642934785
-0.536598984622011	0.209038089032502
0.0220448036722512	0.0127694933510933
-0.03728462678901	0.0178209782766589
-0.787701717733618	0.350390774736043
-0.995514592535457	0.503604665926418
-0.302502771159839	0.220404894672084
-0.165320765543476	0.0607703071733124
-3.468495517409	1.24545977066643
-0.373053653203401	0.10950615431338
-1.04781487862809	0.420186524086519
-0.408916272225057	0.173941516536407
-0.418734173838753	0.236670567071276
0.154802544371943	0.0934446041479585
0.137556978054592	0.0531923652243862
-0.618763311534973	0.302466954406303
-0.375278197967961	0.109168764094764
-0.173879170145071	0.0630313403801181
-0.241198348770329	0.118281825395012
-0.0342128448914403	0.0163125485683449
-0.243484148452124	0.0808609088407405
0.143458160699927	0.0358142984417619
-3.09280325935961	0.972693856185307
0.148494617975806	0.0853704177247589
-0.805276382248144	0.444211508845926
0.132517398019614	0.0400248322660559
-2.58557826662177	0.681302812577655
0.135514492544212	0.0521282796685156
-1.23145626680321	0.925340031602985
-0.111802426887164	0.0449555909623443
0.130491514010977	0.0447267681525709
-0.410201222772444	0.285954616212317
-0.19343312238582	0.103785581011932
0.13806085974017	0.0349020150681185
-0.315577614826267	0.146862481150169
-0.813534653234071	0.539644026571118
-0.411704921089641	0.235860110170524
0.137716344096337	0.0264356853006178
-1.80190156331263	0.405310176911618
-0.747972485615798	0.261954605937602
-0.66905350966668	0.397682311557487
1.01380203664019	0.937346556038906
0.136471825034789	0.0593672744044938
-0.144171000026207	0.103429895877049
-0.160369944065727	0.0919641485355134
1.95338582999428	0.463576578510391
-0.650959635012338	0.159168476600347
-1.54109898628274	0.564008735008191
-1.68775223803841	0.954783475215587
-0.407309108987057	0.23023060212793
-1.48194109998454	1.04375276485911
-1.05314945343007	0.432914540626917
-0.755479298841516	0.259795095422612
-1.54211096447874	0.565956548030536
-0.654514463701247	0.160265207029626
-0.782175372677927	0.349105651546352
0.133621657798323	0.0257280473816019
3.2493353238897	1.10864834370629
-1.1636728295934	0.354558135670583
-0.750699276625547	0.264252450117151
-1.15790256442372	0.35664499176059
-2.58513149511835	0.689509113042442
-0.371963944093828	0.110621992809151
-0.650959635012338	0.159168476600347
-1.16076621190063	0.359385238156804
-0.378051187678928	0.111023447161183
-1.54716733927322	0.566283034461824
-0.649677393302236	0.159121336474823
-2.58945281070023	0.683631203527574
-0.372732473872603	0.110746709749891
-1.16331040146866	0.356501861337983
-1.16501672782279	0.357025208830094
-0.648677249821696	0.158587087101144
