x	y
-0.648677249821696	0.158587087101144
-0.654514463701247	0.160265207029626
-1.50605218074536	0.775679282877028
0.640432049403559	0.206671110179374
-0.753181884414792	0.264903486950086
-0.370192063582796	0.107755133242033
-0.645977108318167	0.157387277340251
-3.09675293313402	0.963861246988004
-0.663648985162216	0.394470115492014
0.508781691198075	0.185680235788344
1.01080793058073	0.389781480211188
-1.84462146111998	0.762103522861904
1.42795516831077	0.478570790474717
2.09537311075111	0.938456404491761
0.640432049403559	0.206671110179374
-0.118050809859546	0.0469293624388148
-0.537890139455942	0.208648019897415
1.09239890270797	0.811855107208127
-0.0487327027785657	0.0229315087181471
-1.17109180508981	1.02599010300901
0.505524711177284	0.184537045848412
1.43287798690679	0.475136223572177
0.926329332609966	0.245803896301602
-0.746534217740653	0.262483449927324
-2.58513149511835	0.689509113042442
1.55173884031121	0.784928292248589
1.43184622835253	0.479292741706694
0.127364007019332	0.0482389848662359
0.333193545459479	0.182939059786337
-0.99884068990539	0.507360313729787
-0.253303562499486	0.0827286722953335
1.01155779435024	0.385777953603479
0.926974875419701	0.246284209674963
0.138818714405564	0.0354421828043769
-2.58468514934926	0.681926813759725
-0.374504096873756	0.109063507862746
1.95584693887656	0.462330835133922
-0.646622749070198	0.158987296788642
-1.29580538399491	0.604526107834548
0.642339481048893	0.200613914575854
0.133503734813561	0.0507661747032354
-0.165633878223146	0.0608230448483071
0.432526466772313	0.175579738668412
3.25215396833713	1.09944519815717
1.7959287507101	0.710356981550796
1.79692786302671	0.707950117880233
1.4300525619712	0.473890200865325
0.139073148904902	0.0266055202308437
-1.17185131443688	0.356117859587755
3.24830720791551	1.09477551568481
3.62573565960846	1.41848408933262
0.134542642796399	0.0341445690681232
0.431083330835771	0.173156805932815
-0.369739934267753	0.108830229788068
1.54811257297718	0.771761590408387
0.155450952668695	0.0956661122245736
-2.58468514934926	0.681926813759725
1.95584693887656	0.462330835133922
1.01595055020248	0.392095167936931
1.55414783644723	0.79255832938947
-0.54475781047568	0.20785883685848
0.648207567850117	0.202781585382309
-0.538163648191357	0.207948957950952
-1.80190156331263	0.405310176911618
0.139576085242422	0.0352987079074651
0.646199645243868	0.204301808848624
-0.648677249821696	0.158587087101144
0.130783366724484	0.0391461997340817
0.879140979156404	0.464835201611275
-0.533270090097079	0.203525447098513
0.375904753812778	0.169595391952458
0.644424999818512	0.207579266186308
0.135568968576203	0.0339891491304889
0.128356786971529	0.0436526425575876
-3.76852422420012	1.52461461294132
-1.16180306616162	0.360626829502971
-0.650318276706871	0.160755761640221
1.42795516831077	0.478570790474717
0.144803086510497	0.0355043127546911
3.62062366405083	1.43326252584705
-1.54639876708013	0.566309129661381
-3.09216987140428	0.960869115746174
-1.29247879869502	0.594955895800984
-0.650815605433229	0.158518447092606
1.01693374560247	0.388544360896459
0.640432049403559	0.206671110179374
1.4308149383669	0.474993175817053
0.136676224470739	0.0411018975580698
1.26712699193383	0.700291057789033
1.43108326772595	0.478167346987275
3.25706867603825	1.08683794724682
0.139073148904902	0.0266055202308437
-0.650959635012338	0.159168476600347
0.929020853400311	0.244303524147299
0.802291828206662	0.339135616468798
-1.80190156331263	0.405310176911618
-0.544995323112593	0.212530818243473
-0.240907189293576	0.0785608979908774
-2.58557826662177	0.681302812577655
-1.80190156331263	0.405310176911618
1.95256933090985	0.464168557061862
1.43184622835253	0.479292741706694
0.138169594891086	0.0265198668009027
3.25036486382959	1.10725094810752
0.925979622549504	0.243736825113843
2.09439244536298	0.948783083649303
-1.80190156331263	0.405310176911618
-0.649677393302236	0.159121336474823
0.930671315320304	0.244899140334393
0.925979622549504	0.243736825113843
2.09660578766707	0.938544598588769
0.134942268942205	0.0403123831956986
-0.170767757520181	0.0614494505611708
0.925335174824177	0.243267565805426
0.138618353811657	0.0265211219118666
0.132517398019614	0.0400248322660559
-0.378051187678928	0.111023447161183
-0.544726922023982	0.212503767866522
0.926329332609966	0.245803896301602
-0.544081214106925	0.211880882351101
-1.04921291121102	0.426520143491694
-0.240229628086566	0.0794522230625189
-1.16105011316119	0.35650557951397
1.95584693887656	0.462330835133922
-0.372199398666119	0.10861997456099
1.95584693887656	0.462330835133922
2.093644067217	0.946467308542565
0.925979622549504	0.243736825113843
0.641091615314066	0.456858439926139
0.699334181258665	0.457930280588385
0.387654022848454	0.173979329426566
1.04685523316611	0.497792703331137
-0.750699276625547	0.264252450117151
-0.370192063582796	0.107755133242033
0.138169594891086	0.0265198668009027
-0.243489732986148	0.0812398100864258
-2.58468514934926	0.681926813759725
0.139073148904902	0.0266055202308437
0.142425808142815	0.0356096114179749
-0.541486546335587	0.211448846736342
-0.654514463701247	0.160265207029626
0.92732486785368	0.24306890205782
0.137790482671227	0.0349173015404508
-1.80211551800213	0.40518546889285
1.42795516831077	0.478570790474717
-3.4747598518894	1.2627547738838
-1.16152021660948	0.35929571617842
1.00682260093215	0.383667953301438
0.929670085417592	0.244778423912617
0.143458160699927	0.0358142984417619
1.76648179490149	1.36057671930997
-0.660933297548311	0.397427091045789
1.08713076317019	0.803692672524545
1.21690547544946	1.31481667395219
1.43184622835253	0.479292741706694
0.135633414284217	0.0464242544434658
0.13806085974017	0.0349020150681185
0.134542642796399	0.0341445690681232
0.141938162059784	0.0354191252721787
-0.649677393302236	0.159121336474823
-0.649319222104321	0.16021039083734
1.42692741367696	0.472854481440801
1.3067371029194	0.575609476779766
0.648207567850117	0.202781585382309
0.139073148904902	0.0266055202308437
2.54825121289006	1.4210688969076
3.24830720791551	1.09477551568481
-1.80190156331263	0.405310176911618
-1.16255649541829	0.360535388481223
0.92113051285893	0.24102514029113
0.925979622549504	0.243736825113843
1.01889870976503	0.3812744849764
1.95584693887656	0.462330835133922
0.929670085417592	0.244778423912617
1.95338582999428	0.463576578510391
0.926329332609966	0.245803896301602
-0.754915023302398	0.265106216530069
0.640432049403559	0.206671110179374
-0.409067976023999	0.230656521441916
0.380092949818795	0.313185376970812
-0.44800640400846	0.348382636201956
0.629076194286291	0.433608550893893
1.00659170771323	0.383129425199669
-0.544995323112593	0.212530818243473
-1.16605123679474	0.358241254731586
-2.58899611685113	0.683672524401667
0.137790482671227	0.0349173015404508
3.62467162070288	1.43500145314363
0.644653544443343	0.203394918883316
-0.653515136282054	0.159727161117317
-0.755659764208684	0.265241875072543
-0.316883071961373	0.145727054119484
2.11227522907415	1.46602842848943
0.138169594891086	0.0265198668009027
-1.18076150997811	0.660915436691878
-0.246045390123551	0.0811323193711411
2.08924618973395	0.946370198374706
0.139576085242422	0.0352987079074651
0.135062527036147	0.0585764555817885
0.12918993805387	0.0442507386000375
0.677545326141095	0.319753943438779
1.95584693887656	0.462330835133922
2.74531503858304	0.788587032684406
0.512747932767563	0.181743914372711
1.01409754611243	0.365415710399383
1.04858505135101	0.510233522893343
0.0263943573046445	0.0151617400960312
-0.614922666475239	0.298888890539692
0.942928250645231	0.635830820221775
0.599751727663593	0.313739631174203
0.357943368388386	0.177024791369482
1.04987224487647	0.509411343678692
0.503634604531393	0.181750809305392
0.50902590722156	0.185473067884794
1.55845228462058	0.785152960886062
1.04732145218183	0.507332776343911
1.43499437670553	0.469713899049653
-1.1600126841405	0.35529503686347
-2.58468514934926	0.681926813759725
-1.80190156331263	0.405310176911618
0.133516783675935	0.0336393793939088
0.133621657798323	0.0257280473816019
2.74531503858304	0.788587032684406
-3.09343711568729	0.972052225554497
-1.54109898628274	0.564008735008191
-1.05384695295636	0.432037760899314
3.2493353238897	1.10864834370629
-1.80190156331263	0.405310176911618
0.133264717489137	0.0398651258030508
0.138169594891086	0.0265198668009027
0.133621657798323	0.0257280473816019
0.139073148904902	0.0266055202308437
0.64342341463051	0.205691875654135
0.772996923157694	0.457935954218146
1.95256933090985	0.464168557061862
0.675748937609653	0.687141232352244
0.736508481944716	0.719257235900087
0.634318900960735	0.675466793770542
-0.0329978585003151	0.0219397652055785
0.358963980876754	0.299576939283247
1.08010445299041	0.788880499159707
1.24652105665552	0.856018009191181
0.153047046141649	0.0805021012067133
0.140968049821716	0.0671599489667924
1.3852742553568	1.06837021970321
0.638108512265522	0.454747968824521
-0.243731416940134	0.0797640228897181
0.134249836964903	0.0400890519468039
0.129180834540573	0.049372626195376
1.95256933090985	0.464168557061862
0.142698404858563	0.0359575700897484
1.05161155852892	0.512954053774621
0.140605369101782	0.0351308802058006
0.126565388852724	0.0378858273324485
0.350513598383148	0.174724844126286
-0.040772219920231	0.0195459613035928
-2.30179683838977	1.19334254313319
-0.413679972972131	0.167772971276107
-0.408916272225057	0.173941516536407
0.800227672723986	0.341851244617158
0.717144930703389	0.590837202131572
-0.0759615133212299	0.0333155076383531
0.558645839749569	0.437804064820567
-0.119009039360453	0.0849642771652864
0.722100025805584	0.583584625292997
0.30391280039542	0.349933057952648
-0.801552909550046	0.883234613278729
0.263084866166822	0.20286236784588
0.0497320018428596	0.0443533214844245
0.465001492135093	0.431634811096462
-0.496642409276247	0.432632874909044
-0.284010470439368	0.181156939452736
2.12851765454218	2.14399781663939
0.525628343126662	0.438616813520914
0.167294853168858	0.119779866362142
-0.522790885503604	0.490436322907857
0.458037391476725	0.422051878754953
-0.202730789052973	0.158605367383987
1.06094949142238	1.23448146055015
-0.287541845305197	0.183346325074092
0.828075834349834	0.980575450785061
0.382850177784093	0.311758073487245
-1.23299711043695	0.898305889322942
0.596841430931921	0.728627580079239
0.643141812505579	0.452991696867544
-0.0408476727230379	0.019341110342724
-0.157311541367816	0.0894564628965119
1.04671431462836	0.513193629181291
-0.806874538239834	0.528866748573121
0.351948363377535	0.177489465865794
0.385084996503917	0.314850964506554
0.564661666571117	0.535065100603763
0.66431446494263	0.915669880309108
0.406716871243809	0.507444723793362
-0.329876685766509	0.361399581994368
-0.648114361814104	0.619053607205757
-0.351382844714378	0.405014997473418
0.252028621183407	0.259122622195943
0.188809701789802	0.184845482421727
-0.00967066423894533	0.00668065076824388
0.689303275112593	0.690825675807512
0.141272444762175	0.124110367314441
0.409197805134525	0.395639206026717
0.174883435392618	0.153376850139159
0.689840742834424	0.793638731670886
-0.0490158927379083	0.042075100834185
0.387415273709612	0.319483772952331
-0.98987927770321	0.985609574225742
0.450396346416751	0.428115455707575
0.255040198983426	0.230400506614756
0.1621816775206	0.103822204776862
0.609844865443535	0.813215010189979
0.12865687577515	0.0437318071150248
1.05323050573219	0.501534308212372
0.506990763315446	0.631346007568181
0.337602520283952	0.336084969499388
1.23706733015497	0.848381662433368
0.854516002229581	1.18061650100453
0.90648399515559	1.31550054160874
0.564616071382011	1.04651603494186
0.360354524833568	0.318511600247936
1.04602899773866	1.74888253282935
0.858398011168338	1.50917694294557
0.0606261094725889	0.0516443759322971
0.612357919287699	0.750361314096528
-0.162841987508279	0.0593911034514988
1.32126507558306	1.54403578156748
-0.198658112183148	0.106124399939629
2.72942065755721	1.69304822196136
0.383431657343368	0.173577912421418
1.25804516449605	0.701846958196435
-0.064350785022063	0.0278559565417673
0.401981611688695	0.427826723610495
0.558626215243177	0.536540322781553
0.422435828958142	0.422122256001602
0.304929287898074	0.195543914638318
0.370606278198858	0.317051095330855
0.54081390860097	0.791697474546375
0.267986344969572	0.233425779478815
0.172128135025742	0.117019690288633
-0.745785150939405	0.95802382277637
0.423209873914312	0.423030828916426
0.944263025915395	1.34577038593846
0.020035881563912	0.0148033165943351
-0.0542068170858786	0.0459711422895456
-0.328761970324652	0.300184381010852
0.443156490876379	0.518135459566646
-0.0556253721645684	0.0365614237648209
-0.16364543689676	0.0940271858470208
0.78674285013253	0.95318719985981
-0.372199398666119	0.10861997456099
0.64342341463051	0.205691875654135
0.929020853400311	0.244303524147299
3.25036486382959	1.10725094810752
0.537678060281947	0.309709857050163
0.393585932976484	0.311800567054146
0.163366110237427	0.105718684913011
0.566949845464319	0.5258532023389
0.580132210541213	0.633270386745099
2.12862622798306	4.15043831307248
0.268283187023713	0.2376027358973
0.261458156843646	0.235654407006618
-0.118248204709022	0.105842221934593
-0.102178916383992	0.0829895465465727
-0.0736542524842996	0.076456294059725
0.587648719758698	0.772686167924268
0.260830373802086	0.285510086910767
0.261717290281097	0.217072085727899
0.410517178445431	0.413739941253619
-0.286178751280075	0.280490528284517
-0.104338131660454	0.0850997729100788
0.966163175041415	1.26288296450916
0.0730788596084822	0.0517793627952313
0.267844019450916	0.216147495243964
0.0773366144612127	0.0548317367166495
0.653059936394569	0.666265758756737
-0.717734778416004	0.643681154341947
-0.636002598256791	0.576875070025673
-0.399922000559595	0.314955783035475
-1.9451739530851	1.89273115148316
-0.197537434761748	0.15331915410521
-0.0224170579614545	0.0151998363162641
0.371136716992043	0.317863278932708
-0.732890237907222	0.815502448978302
-0.140040668612357	0.12477901106597
-0.278557201190592	0.275277152590365
-0.501937362972037	0.573109957704101
-0.0183147527601388	0.0143865465062682
0.778625649412823	0.588873455765191
-0.0254357144398423	0.0171965006437144
0.160301191363994	0.0985197365833099
0.47339972053358	0.428513313843738
-0.115146689470547	0.0683066525589137
0.490647991678285	0.438985435793268
-1.04730399701661	0.424280980589094
0.128999547000152	0.0438806201745586
-0.0763942107133342	0.0329972957199899
1.07527058489643	0.659827608810812
-2.48418259556406	1.40661822838661
-0.80103721868013	0.439196388262969
-1.66586678519101	1.73320266714468
0.0435016896875174	0.0267621489455079
0.171516518001383	0.138945723018059
1.56594578841529	1.65848617633989
0.39228103963678	0.301608365870508
1.08847133235031	0.807471445518263
0.882610252770618	0.895504728181638
0.319455728734591	0.190467422522179
0.383124554722705	0.442580296538755
0.482699770892026	0.523816500246121
0.327101360628802	0.319783078200369
0.576184184312289	0.558917904038163
1.07714061719777	1.37722748403622
0.37275730145191	0.399662265073373
0.264984673844705	0.229710867453118
0.367956707716757	0.53001489596438
-0.0746701788305934	0.0685372414271887
-0.0735122374658814	0.0547901889434607
-0.70337416266176	0.568002534063953
-0.320294923067913	0.148177619840786
-1.11411556052135	0.75284925674686
0.422351427028631	0.29632165349827
-0.0180803504360622	0.00914712193134934
1.07378017481678	0.655782645548644
1.24424857194772	0.846004409873031
0.313236566213976	0.188616733745955
-0.141755719952575	0.10150276178369
0.523013219622807	0.432004966912405
0.0548949606155719	0.0356025115193924
0.668467755521915	0.682818290686071
-0.234666250487086	0.232555806724603
-0.797227318059183	0.973312615348234
-0.0447130131354502	0.0332087421557878
-0.225076365034594	0.192680094367139
-0.0185456625204769	0.0125949400722209
0.157719647875558	0.106539016475904
0.0732943039106985	0.0487517012142041
0.683569691269754	0.78413040838185
0.0701297676078887	0.0475779227687246
-0.494878418584457	0.498926711120332
0.491438521743261	0.441166619438227
0.161016032752522	0.109906178932951
1.05959065570343	1.2307156841952
-1.54134641011664	0.564552208534783
0.130755305563244	0.0449465396920763
0.640204384260695	0.202440736609696
-1.04825804245851	0.430881776490226
-0.615459105858285	0.298391792013086
0.286997975529248	0.196133392322938
0.325224391211421	0.181407603489313
0.39261284185555	0.322698345772141
0.814901463232066	1.41502835761866
-0.0187129249267788	0.0146771696272471
0.153652758534352	0.0937065392477837
0.601041273594935	0.558821854850038
-0.349243780880009	0.251016501562305
-0.530044658582809	0.665016497383056
0.258660203164694	0.249122438489108
0.261655905634338	0.346818145156921
0.405738422847898	0.425867783448821
0.474599078315898	0.526355882972796
0.253151619816811	0.297185452877932
0.801041618131626	1.63694925563246
0.351001893568226	0.176156774576494
0.0651754296701676	0.0433415971150819
-1.10641274555199	0.747990652766865
-1.05289679402267	0.425457742295197
-0.237634114381875	0.0784173059311123
0.640432049403559	0.206671110179374
-0.615698508048874	0.512634629279452
-0.212004398324653	0.196567667178996
0.256656640100097	0.241176310459122
0.492806342058296	0.520909962782674
0.730354326655202	0.708639980341779
-0.199435467636705	0.211225401095502
0.031732908725207	0.0182632679787333
-0.594542768263687	0.442880109838514
0.171916661470327	0.12861246179823
-0.732674988047936	0.856050806019628
0.819476086070926	1.06395183939423
-0.0941994229588661	0.069569654081087
0.160904161759651	0.108439491493591
0.518950506801106	0.519415753413222
0.644353244319103	0.743237580695736
0.366741633365099	0.320536824502309
0.493162110427473	0.309606336378434
0.440919137697713	0.428727335212768
-1.54134641011664	0.564552208534783
-0.406097094408452	0.172828244638938
1.43211444118756	0.474033268230349
-0.377823620534237	0.111128034755999
-0.996580814307894	0.499933094755242
0.121573137052779	0.0410393732434389
1.60954288735947	1.11441660122293
0.502937522134549	0.312015510019606
0.320111418573924	0.333640888055171
0.632508709328509	0.437838364825771
-0.119578166819963	0.0719524593977349
0.168320247485362	0.109478677628356
-0.338824460942137	0.418415276798547
0.180341782864248	0.160752451066447
0.287724325442604	0.382643329207663
0.395310747369663	0.538411321667888
0.922528341414915	1.82206212819447
0.172897209810198	0.122169787893391
0.0101362833589075	0.00547538149282538
-1.07430931347412	1.14673165894727
-0.0118048165962418	0.0060700272762169
1.25926481101365	0.693582551567859
0.299044218283702	0.188766118201413
0.107223361018704	0.0865326851153306
0.858659220780551	0.989281873257401
0.130236657270183	0.115127612129442
-0.135750752886288	0.11065816305534
0.421977579720222	0.422234078564253
-0.0414933337862017	0.0318435345718914
-0.216851709129155	0.20235955606435
0.341947795218631	0.320447541484456
-0.397455604448161	0.352948244931997
0.12918993805387	0.0442507386000375
0.139576085242422	0.0352987079074651
0.430994181149932	0.173808003780719
1.42970262451774	0.46489469838612
0.706476488926911	0.799257962466326
0.904896313437564	0.996682150474858
0.991328634503438	0.803750441474545
0.752851661033228	1.16293368082182
0.304173411801424	0.194782034970988
0.411557570866327	0.515326224978432
-0.0161439231551547	0.00808830220136757
-0.699908336850916	0.565414556548069
-0.0698529449831002	0.0439149372420628
-0.194390186980166	0.103996419070727
0.350464956159291	0.175653984910933
-0.561610713767734	0.356584241055538
0.0643575709148326	0.041321484575114
0.972265797118032	1.27487498861079
0.311769533570306	0.345445018737207
0.363744111633575	0.320735558614334
-0.0228230632224363	0.0180045677355833
-0.15264628436768	0.155280788162109
1.08064770556951	1.65349599128984
-0.274131512142815	0.206231504665324
0.577885105678746	0.693440569894677
0.139408013517235	0.132260781811057
-0.0298316121158611	0.0251185629208288
0.274668548326205	0.216191612398721
0.899009161817853	1.11631165991159
-0.655163635992096	0.160369482742199
0.926974875419701	0.246284209674963
0.506227015255489	0.182899351925803
1.55102209351615	0.778798937917858
0.916273348604246	1.3205727579382
0.558591505397047	0.445985635734549
-0.120437585454246	0.0718134937717787
0.167780170370292	0.127791513549769
0.188420177601988	0.170311463032815
0.524509701336421	0.630487933087464
0.338401528866328	0.527427585181324
0.285490845817177	0.201162167063837
-0.198842513269598	0.107041543740429
0.492865588705058	0.311412351899969
0.142475292478784	0.0749611502791796
-0.706244287665711	0.573945451223064
1.01080793058073	0.389781480211188
0.273971262559419	0.199541896692991
0.383513497123717	0.315280578564257
-0.323691448013099	0.313699557937242
0.195563989600983	0.171352984529411
0.447021068879185	0.42471360497308
-0.410820917500361	0.448456319617647
-0.39395078037982	0.407445429605409
0.284092783355748	0.220744936494335
-0.529929150457158	0.494721807221558
0.276769677001872	0.211910417949563
0.748214445427648	0.901222303802895
-1.83723681340657	0.760405161947283
-3.09343711568729	0.972052225554497
0.138818714405564	0.0354421828043769
0.644424999818512	0.207579266186308
1.42795516831077	0.478570790474717
0.138818714405564	0.0354421828043769
0.126565388852724	0.0378858273324485
0.595106328749127	0.309669982455524
0.580434110432463	0.553414607353368
0.494542374553196	0.609897958842978
0.261404095830264	0.252209424991751
0.0400899279566464	0.0305953208719183
0.00896741620781872	0.00802212190320496
0.160825860201109	0.183926698174996
0.391060609539985	0.630924784017655
0.613211079718231	1.08566126213828
0.429428910343852	0.510852481143042
0.526360359137694	0.789595296382732
0.0437945129581803	0.0348887982361225
0.415177055847641	0.567551720198484
0.32282598079773	0.316276257184115
0.39328095374179	0.517374362957521
-0.213334199729555	0.166266251660043
-0.0293323415192366	0.0197008609299306
1.84664567400972	2.35157733259041
-0.49086955677908	0.426203430398491
0.023355628138798	0.0135945004807173
0.596479266975409	0.553175522089869
0.357656781294765	0.314179079776474
0.362358865043429	0.325839356091136
0.683243523987333	0.795143668389079
0.0120683955904887	0.00995489445829291
0.675107365050472	0.950153938201249
0.946774394818581	1.15324194661282
-0.0215890569925297	0.0146390479515254
0.0910417397103566	0.0709445229556475
-0.322254637408097	0.313139860316849
0.189234829926656	0.169803803198606
0.0178489631667574	0.0126544263719771
-0.178157732659347	0.141336749185537
-0.0884833038535059	0.0648122251226059
0.0841438761904446	0.0618968765303328
-1.84462146111998	0.762103522861904
-0.649961670532414	0.158635340685799
-1.69568184229618	0.957465346098121
-0.967523348779938	0.593498408676453
-0.105225755632128	0.0417262021159788
1.25826352655386	0.698954794444829
0.641203436908402	0.204828865510354
-0.24838532814763	0.0814701316571013
-0.412995427701793	0.173626112250536
1.25883634401987	0.69029567304117
-0.414857779070285	0.176682385019192
1.047016010608	0.51327505140288
-0.342915508045858	0.203001393457964
0.139245745474404	0.0599559360941925
0.851755283746104	0.599449153836079
0.49868795278575	0.845857439004915
0.254717722344895	0.300931525518349
-0.0917691211906927	0.105991106416444
0.0681225571027623	0.0768575631428084
0.125676446763851	0.153848170034468
0.00597034579420019	0.00634588098831817
0.429514955687624	0.615957761815221
0.319360850168873	0.334251130660878
0.0867338922150916	0.082564876449689
-0.141682653469573	0.113979209097831
0.445986439067625	0.572727012953119
-0.123063617811942	0.123498930758449
0.209472910464552	0.208950049810537
-0.226301617868145	0.224428500943369
-0.229185363721083	0.198473040934712
-0.356175181159107	0.316317200623073
0.0579281096930792	0.0376301431715857
0.257597907670733	0.263344257908111
0.175216603615875	0.119036094578235
1.16075333216873	1.6728258206205
0.095535794239107	0.0761486646439072
-0.350829023784732	0.285049251383464
0.184138375203415	0.146013660836369
-0.0717351739850734	0.0594466780807673
0.0309287197840321	0.0238402762433227
0.0274555447629335	0.0204709736387046
-1.63963849871853	2.28702966072792
-0.195905566586582	0.132111330023857
0.273348879955556	0.241901345781988
0.0471855062762579	0.0304751196959718
0.132279016539978	0.0392355437606514
-0.240677024303625	0.0791681775998101
-0.103697604042874	0.0414992041073059
-0.102626397939785	0.040910047685406
1.09333396926588	0.826241928070266
0.500379391071303	0.180303967231713
-0.993118384436988	0.494566315602661
0.588197242954401	0.435688892623666
-0.0736877563857711	0.0309329119293993
0.426086447005187	0.171169008760811
-0.15886953390138	0.0910441723796129
2.33438273603865	2.67952319935664
0.0889802115059617	0.114579607010442
0.200859958680099	0.266529899973295
-0.0115822151976799	0.0122770622741221
0.21862640521911	0.311453081074531
0.640847499806337	1.02412078860371
-0.0431324236645856	0.0202604419386822
-0.946829119591927	1.09672224907445
0.849027253553607	1.07285502128284
-0.574996340033863	0.531207030073562
-0.231995417060786	0.23121695692523
0.261458861794555	0.264662915086565
-0.872890392224624	1.66018244282692
0.256131466246995	0.234325541156917
-0.107375633398639	0.103756591584315
0.258052116740976	0.250339896977086
-0.697240078138072	0.978410414936215
-0.439815656061988	0.496109120212645
0.162837684834087	0.105066395392237
0.1450359424055	0.0682848711334544
-0.547722260623188	0.460883279904484
-0.0251799809231205	0.0169481495424361
0.163889371459751	0.0998780050409651
0.432679929718107	0.313871160600625
-0.411155704449456	0.287343738883054
0.459152202038853	0.306110957237054
1.38664249350647	1.06827876202682
-0.0714772694932758	0.0310879500790983
0.779485985855204	0.46307389003247
-0.318240714471738	0.146680298775818
-0.421732885284452	0.234486913763291
-0.170514281317078	0.06197564419417
1.2634283920089	0.706946124414368
-0.0704022569552877	0.0308662437822223
0.344073186416035	0.172450368042137
-0.238232884074345	0.156141683844
0.54470496601988	0.420306700269052
1.20594483692005	1.52873399378132
0.485621755789551	0.802580592415464
0.0208496892797087	0.0273310258138118
0.294152076209258	0.507864017475112
0.106046964635271	0.127886893256559
0.0487195476166439	0.0550955052595701
0.304984171624623	0.401151029016628
0.0960074089599495	0.114437404818456
-0.00583041457887998	0.00550995104477113
1.22197752162366	1.46697177877559
-0.322955499060786	0.268844306148996
0.351402888368916	0.440095173062766
0.467825224591448	0.774938144503201
0.462947654403	0.312613756776613
-0.164113417640613	0.0601976090971911
1.45180180598914	0.902763125963225
0.978848795530685	1.0766254640809
-0.5413960558512	0.210897885586138
-0.398727921232914	0.354589283943085
-0.15311270141702	0.161002884961025
-0.175861893538834	0.215507463184332
-0.0890201630682965	0.0861097851394187
-0.465098325639114	0.659817536178103
-0.374363047392081	0.454202065749662
-0.603437122449736	0.755626657342455
-0.501340337258471	0.574969705891471
0.719022904045664	0.595071467513757
0.433517914421688	0.313086165644206
-1.02014005273483	0.939839896049935
-0.798210749530216	0.812333706966249
-0.31627640914588	0.257450046205748
0.143711023952806	0.076256849257087
-0.24665400547891	0.122972901775109
-0.887394028702494	0.906201927200718
0.300063860238425	0.204533719717641
0.153009606783084	0.0923759753688121
0.151185426454512	0.0791735718078103
-0.624101446521643	0.515265463551478
0.942547245780118	0.627670872803383
-0.31404256341103	0.145249497732937
-0.0122480856432857	0.00628561747044726
0.533177727205947	0.443621169774364
0.275051990199722	0.203086465265183
0.483989012848477	0.301026184111284
0.784970811746955	0.737415905595988
-1.36494367024878	1.34695082863719
0.950578711854643	0.637779068995893
0.932138231642347	0.896504326483769
-0.120988134294873	0.187990965094545
0.387631054540038	0.635926085837565
0.0871777986490372	0.128578105170937
0.126851111881539	0.162322572452247
0.0695361311793116	0.0796824442388013
-0.23064298533076	0.348769206326637
-0.108957364460076	0.146106806531659
-0.203216838126261	0.270621528602856
0.144253511174112	0.192638954753257
0.408236139062272	0.713734612328267
-0.0553349833545298	0.0621343094716646
0.251428100133009	0.336134768555707
0.0961667765703121	0.100180597184243
0.0615275448054901	0.0583740735497789
-0.048189678098165	0.0477413835551191
0.00523831274608799	0.00453213745944677
0.406603255136824	0.533762864976806
0.69458585021592	1.19529618138926
0.24452841406973	0.273198526674843
0.617890174363907	0.820477490638923
0.606216680193428	0.660850868427295
0.597548725116633	0.745136551484835
0.606104856671076	0.830176095350117
0.546487898149822	0.811913512990785
0.530695824717141	0.537925041545298
0.274854574760983	0.245300650636013
0.179552525189024	0.14727185138803
-0.641709299561182	0.793520888828851
0.493900022151511	0.417859092375404
1.36285269954627	1.96009076101714
0.542652994824605	0.641456282618734
0.533361513630816	0.627062236976466
-0.198723146733643	0.200120368692854
-0.232826260083742	0.231777945152604
-0.0930989106717083	0.0843011642732898
-0.0153244253436331	0.0104915616004317
0.253500753273298	0.253108926494134
0.157801281613786	0.107451352038868
0.507341779422939	0.535431770642305
2.730537289469	2.90231062150138
-0.231551294986717	0.179079302849102
-0.0463035003693345	0.0305931662932688
-0.161681655964269	0.0901999966578504
0.443757105970589	0.31865212641948
-0.246989071171801	0.0815311001871286
1.01352383527603	0.385779054090432
0.67621243755849	0.318523629907513
1.25467883440668	0.6931996752636
-0.122969311312145	0.074174512665247
1.44672035489898	0.91099682350394
1.04018128049934	1.10932692638946
0.360169498515635	0.178750556716001
-0.500883690466975	0.261110047777789
0.531801957015293	0.303475401766924
0.0101362833589075	0.00547538149282538
0.3824883896358	0.564457861232517
0.126617228483879	0.116082253509247
-0.0306844350112572	0.0354291806662073
0.0334043067394785	0.0446635758304948
0.190082949612419	0.316820496564624
-0.117432293488335	0.166043651540081
-0.224110501372561	0.28191563385702
-0.203045958017805	0.290928583577143
0.298016490944261	0.377536746159839
0.112009546318556	0.127161158187334
0.0805167550368324	0.0979634333983732
-0.108069335047139	0.111916208264227
0.425398561514259	0.302542123595402
0.188160139336671	0.155117758765364
0.845996962056619	1.34354274970103
0.55952137523697	0.944200309153682
0.359007106487732	0.567331847041594
0.294662029798211	0.488219381614769
0.68739500491659	1.44092820503989
0.259175335148781	0.358212315549917
0.766051220642597	1.23574089531932
0.22536522909394	0.274040126382911
-0.12754456203313	0.138083432198978
0.584598754607679	0.732506705177252
0.486000695410707	0.596695861391645
0.188903327637477	0.162561805071988
0.881119983694358	1.20299717812628
0.164280050994878	0.112294290205205
0.181752670416483	0.148257572973795
0.318885373821637	0.341720715723635
-0.114703231349096	0.110131415239671
-0.125875561296168	0.130044644202868
-0.251828408475321	0.262566281080347
0.0809171772340759	0.0592848152024882
1.2571483667668	0.700646344545551
0.943354861208698	0.636953975690312
-0.125615779949539	0.0751960911433498
-0.286319514607362	0.179878573218107
0.00352058950753736	0.00240587570358747
0.202480643792702	0.209004267704217
0.0316238779032957	0.0273675480524712
-0.0715657068996842	0.065448987070329
0.252547348363319	0.279110249796985
0.164868470980932	0.179411815684561
-0.0705603773220867	0.0649009830499573
0.0979304442934443	0.094458217980256
0.437562581613813	0.309838168147937
0.167786267521399	0.115452905942757
-1.1073605663013	0.746724354758002
1.06773739294263	0.646041517076371
0.144894332974339	0.0872650296083666
-0.660005862831875	0.389779145792201
1.07256972255612	0.656206737045857
0.261510394201727	0.246336118577481
0.635844216946359	0.563241023037351
0.141622879212106	0.0613794438926938
-0.702181621861744	0.556796663754216
-0.255575293751642	0.128733357395257
0.499689298478667	0.431823471061769
0.987018142932975	0.796007411547647
0.332281463401842	0.183389681673013
-0.613996511109693	0.295111904924313
-0.07911992740367	0.0341013561532864
-0.318803796448453	0.149077156959207
-0.802459613882569	0.613552383196369
0.163681625087692	0.100448370546645
-0.197152285458921	0.132879784838909
0.529087141875078	0.436998437181448
-0.517220185862833	0.394332607333063
1.75188180747688	1.34087435978239
0.819672335474665	1.48157514350929
0.268714085820649	0.388006530407775
0.414062610681287	0.892319511050703
-0.207837389750862	0.371050192271444
0.277215820351706	0.47932037700922
0.0930197256348069	0.110815772280325
-0.205917139378009	0.284551677049014
0.764304703137692	1.51182426974825
0.00584483318448786	0.00635559673387652
0.150876631202804	0.182845497167999
-0.0551264636041846	0.0508304118924592
-0.391262080471195	0.376607946211404
0.161751118408434	0.105756246277909
-0.27639472254841	0.324518464666729
-0.145564784871063	0.15829077931184
0.110316369050571	0.123390102443857
-0.642090789056438	1.31023882277003
0.153225178569563	0.21576659330122
0.433613248561081	0.684009983816833
0.292667422611532	0.363393954040367
-0.0923424414826061	0.0938549757764807
0.468929487630166	0.517299164824796
0.0709893869219809	0.0613874190746091
-0.28026241216531	0.27515650347585
0.495710368531733	0.616220805987351
0.85676643479138	1.27265570000235
0.557650243286096	0.648909842762308
0.155133172409772	0.0885091822653676
0.161890536658661	0.104234925430664
-0.152386929857886	0.122509623189262
-0.628420820349818	0.736486315045573
0.351283125651366	0.456223045417167
0.0832991430220841	0.0767725186026483
-0.212368617188957	0.110948576039201
0.135744384071377	0.0519988574618716
-0.611329202379655	0.502001181513372
-0.786496231567495	0.35210829920392
-0.15897888497123	0.0897065514042953
0.285661670252596	0.36141420190142
0.28518610160125	0.331133512507664
-0.329933309937206	0.385211020196358
-0.621909464757004	1.01471087068471
0.194538808434881	0.190753188002197
-0.122954947147974	0.119358094580196
-1.05199935755635	1.17821545113108
0.699192565488162	0.456060183860183
0.135504607142295	0.0648409177713095
0.775214368193752	0.606684839625181
-0.551466460514404	0.348601313438071
0.164514881186407	0.100024777759184
-1.69199523536141	0.984856688168279
0.893021466647384	0.48248254927892
0.180163317849019	0.13403030727539
0.463429844444176	0.312381090383838
-0.45589952487731	0.361018691313523
0.135396848785613	0.0696849236247103
0.315747864907203	0.189531372077098
0.141494037948258	0.0610489676051575
-0.161237085120728	0.092047958803573
1.12031099322846	1.14530487577559
-0.958767209624763	0.585983204177203
-0.0703451708625279	0.0451622338887668
-0.940241441399988	0.690282691697602
-0.818970217427333	0.618545010702257
0.66855428066536	0.581183167616741
0.149331622911852	0.0788356696126062
-0.474367411126362	0.319762043064403
-1.47130914226748	1.27479149792914
-0.61862729111801	0.300331195278872
-0.0487045805246733	0.0316606916715862
0.567311513230419	0.447556044286845
0.718786141011853	0.597512468964516
0.381533849964003	0.171992731032845
0.26235674005009	0.400737905105917
0.301000645475167	0.41707002628263
0.470644094445035	0.963721136800745
0.190406918937997	0.343384464892944
-0.0547617688698589	0.0811767411794644
0.0358655148748799	0.0435258920763538
0.0905686916497918	0.113000952438104
-0.00374316076702238	0.00410828632662111
-0.108606567307971	0.142925747855475
0.100606141021839	0.131920843513771
0.126762018236766	0.156268292084993
0.0374281892832559	0.0288862418040494
0.0258081107498074	0.0198637262326987
-0.38849612442048	0.496271964729218
0.276610508752101	0.390940963703329
0.348740471347729	0.558041133834233
-0.144779813659724	0.188110311527442
0.221588493102926	0.316362738960931
0.459818803130876	0.930199851759744
0.31335030267946	0.3546298951759
0.412572029388617	0.678625653674366
0.201934465563307	0.208719111827074
0.581572527913498	0.736338700765426
0.155830462605677	0.160538056621694
0.635886684682537	0.986262786884795
0.159764950829279	0.0974080747538738
-0.805047651068513	0.997924974641182
-0.527404626485637	0.663553776838358
-0.0917936347256085	0.0829028775775778
0.345322989068179	0.524380711808658
0.00881531507540712	0.00848171894246308
0.681896700069306	0.790171009115159
1.31502450313967	1.54436117035924
0.00493211971744821	0.00268214161284058
0.779344295492824	0.615790910197516
0.293961357673804	0.187928865835014
-0.0691497930096645	0.044142902340395
-0.0416837169905772	0.0199027005408717
-0.344448547396396	0.210884042349458
-0.977861960103675	0.951728591397988
0.361261436071434	0.328061398804985
-0.99884068990539	0.507360313729787
-0.456191210637746	0.467490309348382
0.307929831406548	0.382123640067692
0.438703994548734	0.696943592650649
0.0949364504329264	0.100173554494666
-0.0226625436017056	0.0236946315096298
-0.443960261847741	0.605128941082133
-0.321635100635526	0.289244282482252
0.355008585038297	0.44513836296839
-0.315065833669628	0.146663822557794
-0.0205060329975407	0.0137149356038314
1.01570782136357	0.952897964795369
0.0554337893799049	0.0359269631233667
0.301728382549484	0.196676040652201
-0.300425654170445	0.188706557223152
-0.0160325003393551	0.0108729979802043
0.557927631258559	0.621089180908451
-0.0568254639304022	0.0370517251662051
1.14159129499818	1.4984369498516
-0.169671050411924	0.118683202951196
0.608562152024106	0.568565363474333
0.303236129223106	0.204383253592552
0.97653726781466	0.783713280031374
0.00760471554561455	0.00408057696736497
0.437540712288323	0.31301909820038
0.71006374961513	0.583448190268304
0.00696089828703395	0.00377054217954174
0.581870828206619	0.544227776322474
0.727515638852457	0.597231582475876
0.0415400129527929	0.0256402576189456
0.0538568200544647	0.0348251108318477
-1.75382413894855	1.9334815534281
-0.0671695783522175	0.0296669260119912
1.01550028595069	0.96187122679486
0.0622415528772756	0.0421540053294593
0.122821024286016	0.138781564256886
0.0588902622807587	0.0818350560969681
0.1392675763817	0.205449112111569
-0.00275573913516326	0.00343272340720552
0.52323820028596	0.978962398337553
0.0113609783389363	0.0117822730617519
0.344192647010781	0.560460137822747
0.124542148886727	0.156388008152228
0.441012880171996	0.804379917683039
-0.210960272729753	0.280773158634952
0.233268117766577	0.316303731797538
0.375233776613819	0.488670627804889
0.693908550391762	1.27523578739791
0.132676443117274	0.118316459446514
0.278752506114095	0.208598746077195
0.384367400004978	0.31581354604988
0.947492691717934	0.928214568835568
0.267895741934793	0.217466218836734
0.512842433398306	0.53819205578797
0.125798107801355	0.117836286975954
0.463207063293587	0.588214710374358
0.437605585311397	0.622387844680905
0.400281020957624	0.50855385554406
-0.0630778207988096	0.061589955038069
-0.102316111457389	0.104034705973809
-0.45307742235183	0.494490636269354
-0.375258227481715	0.477444974336074
-0.136063258290569	0.122376129125219
-0.0165061211962149	0.0129099059077795
0.546906616812764	0.871955677518496
0.101501393665095	0.0986447404221444
0.122582334305198	0.107374216089812
0.783151602072833	1.12263749398642
-0.026755645018003	0.0208035934988566
-0.255848332567061	0.23714313421475
-0.0694718142716562	0.0637641816106898
0.671368765530583	0.58210108436833
-1.25649018690325	1.82109794330393
0.0407716798339164	0.0427421527151357
-0.0395371608818949	0.0363466740058624
-0.582267859507735	0.839878769097546
-0.352520298794845	0.341497003398967
-0.199743983193865	0.201577227426453
-0.74711604256638	0.964238270880441
-0.650813957675516	0.642553008239491
-0.426588334085248	0.40852675720178
0.575207143345054	0.543728866450679
0.0383774466531997	0.0296916441091048
-0.263570450600235	0.224688001942129
0.201209710552032	0.185393482596673
-0.282904166040616	0.237019831803709
0.603393250389744	0.561165336039993
-0.00165900175923177	0.00114567399791039
0.659137906041929	0.684035968383474
-0.150727986029168	0.12117283166873
0.266951861254983	0.228087369465743
-0.0687560716966636	0.058248320513016
-0.0365516087583922	0.0278199974577685
0.0117971837525218	0.00941959429135854
0.152304037821232	0.0978865492738014
0.600675356278748	0.645700333586067
1.28755755445332	1.84537302427014
0.656304920815977	0.670713758754211
2.11106338799159	1.45820991095723
-0.503689559690045	0.267283523217896
1.75829109708683	0.975089760905117
-1.30023156904106	0.598440833167432
0.132745121169626	0.0512044927375912
0.503178003100022	0.18139115003774
-1.6841440419262	0.95991044016449
0.675070079402767	0.317521362750003
-0.167194301643837	0.0606769952280747
0.129840797352239	0.0445844341304171
0.427912885754657	0.174104059517884
-1.54287595262912	0.564324390459102
-0.070806693535888	0.0308948661938724
0.296003340672709	0.1916884140354
0.972634681815703	0.769352528862659
0.820393392353634	0.854716651432404
0.52278939228326	0.85823615060725
-0.00132647875954933	0.00169457478706709
0.265078101121159	0.421108027934513
-0.08030321884252	0.117899323050601
0.284364242417897	0.473606938990974
0.300557423496568	0.374952597667033
0.354084927188823	0.539972134216481
-0.070958235483679	0.102959891408632
-0.0444190146216916	0.0683228070236918
0.495502301028562	0.808273318845364
-0.608402255434336	0.793854891557604
0.315552279798006	0.337127464525065
-0.124929484519627	0.111587224119881
0.339623637503107	0.330034801374898
0.679351020763047	0.321470737969825
0.501560762708499	0.313334621018503
0.599238505244802	0.31326798900738
0.510425175538684	0.184248558920947
-0.944008148364855	0.69141563082958
-1.72963115882478	1.42227800458528
1.0198715082153	0.955275484432531
0.551537260553526	0.546107649425213
-0.619297754157899	0.697778050518529
0.261998145147327	0.292676411596634
-0.204058501047317	0.290035720500583
-0.106086489871037	0.122329164032552
0.00467265029445706	0.00478961733314456
0.347064550057072	0.323917179196707
-0.311936160361817	0.256508048437449
0.111872461587268	0.0928791830550391
0.436806083621027	0.4208117359566
-0.622652484505496	1.42354658454277
-0.000655946684176461	0.000731668535883101
-0.168099042753245	0.19922387322512
-0.863202384748345	1.71029194452893
-0.118307940331808	0.126703068873125
0.165653078878388	0.182345980453397
-0.0928053289191505	0.0951930802071501
-0.391735428944128	0.583083831350542
0.383519948700452	0.431489494416527
-0.135614503764644	0.139177670524943
0.153280641921159	0.182510704810103
0.256131582818691	0.285708696394765
-0.147431227220896	0.150349836479726
-1.15010488011426	1.51607160192512
-0.269505779134259	0.2057063575127
0.63211617750391	0.575670562310785
-0.728709762175701	0.801786350695253
-0.279155411263278	0.209925156918739
-1.11131258233005	1.09520417734928
0.572313175997352	0.652167016619004
0.42287272563167	0.603548644859845
-0.27707341963446	0.256110952190527
0.35150889850897	0.324973190794442
-0.127879277422328	0.115054995821767
0.447368422783816	0.426550481214662
0.884745818358591	1.20764257601592
-0.574964212168529	0.754273041426053
0.0706873379080565	0.0607485577255953
-0.415445876917635	0.424081673241605
0.156643687659822	0.163795689680798
0.0450501778573056	0.0367003786533864
-0.342858881328746	0.346414567342203
-1.76754518135568	2.65515216239033
0.168028598789019	0.127878748871668
0.187853513025555	0.166722484298017
0.10582201502156	0.0886560062158053
0.761188952364659	1.01980155910455
0.181807161362398	0.151474361533669
0.479826405056836	0.612006338976524
1.76104738113058	0.992382441662297
1.05171292309813	0.509928274318562
1.30160840250665	0.573222303587342
-0.746534217740653	0.262483449927324
0.141666634051722	0.0357514933011427
3.25318829374075	1.10976895754928
0.131531340806028	0.0393848494794365
-0.791082425452461	0.354688548548345
0.133264717489137	0.0398651258030508
-1.84041886221884	0.766882661788326
1.30581051293515	0.583204526982758
0.640432049403559	0.206671110179374
0.668259394925848	0.305240541251418
1.79971117079625	0.713547256095307
-0.165029630388723	0.0604405571991372
0.50902590722156	0.185473067884794
2.72942065755721	1.69304822196136
0.778445607775698	0.608702782268588
0.539479348142633	0.955854322733611
0.0234404135133332	0.0226760806805135
0.30559739729911	0.372585026994985
-0.0521286638151684	0.0478882093325639
0.0308393164619357	0.0361977370497186
-0.15928314332994	0.20300473495367
0.053057681231082	0.0806646481484162
0.530455251430608	1.01765644094659
-0.0280213403318508	0.0241953769029041
-0.0518684060042252	0.0542704209251346
0.109471671667421	0.177421957960786
0.401928847304529	0.940819794376903
0.214634955641176	0.260020571657439
-0.0162312107091487	0.0108746816035173
-0.402887654540085	0.324606013403988
2.2210034787435	3.61307362208219
0.593696546011837	0.308521367232153
0.842456085579273	0.603018317227331
0.801383180273715	0.338980745417885
0.132279016539978	0.0392355437606514
1.26016345229505	0.701979403502623
0.353289188010446	0.17727009311894
-0.31518855263506	0.145872225877924
0.137556978054592	0.0531923652243862
-0.926092532801997	0.753779831441639
0.951044792927179	1.15253608109604
0.515115541147808	0.681294752637275
-0.0311950466395414	0.0335079868782094
-0.343411565290859	0.410504620036955
0.53298400286436	0.815336866569402
-0.123953466630353	0.0905350638072455
0.718000497554942	0.592327029528441
-0.45823899064385	0.362895809266529
0.0597393023715702	0.0385167614976187
0.0643366135988	0.0800575099330747
-0.0566904536806019	0.0632130075131956
-0.0716983885006004	0.0605474567410886
-0.00425898975374034	0.0040330639390485
-0.0577906273969027	0.0573546911665933
0.024363095196431	0.0209272536419183
0.0417851710553259	0.040568303191579
0.116081648163847	0.122439879414604
-0.000973448772903361	0.00103458063231913
0.359587813418434	0.546879574924486
-0.127000045497827	0.113214664695826
-0.131002745387461	0.125529013591963
-0.602793650180204	0.442362307847247
-0.119807342060144	0.0712380690521191
1.63231857940947	1.46398155112074
0.599716357891212	0.445350894875362
-0.110722956319377	0.0445628979454948
-0.994190410641711	0.498801134643378
-0.811899955976032	0.618816447933023
0.264324603146176	0.235809030516468
0.988814228514942	1.56673271933063
0.367527918258575	0.312989575175928
-0.0075499117360766	0.00521518058656114
0.466341245153185	0.432295412054008
-0.557576570783327	0.695624669111831
0.570861940961611	0.888011658954108
0.88378451532422	1.1796125128072
-0.207220759284823	0.190907662454634
0.415594846316413	0.500384622425933
0.0269973895872437	0.0238642970650868
-0.511767676170932	0.5697621596032
0.149206672280896	0.0844035236927454
1.12841397958092	1.12497647533431
-0.308617482304231	0.254211582687815
0.753547388811887	1.0099424681606
0.347837899706598	0.315046782444035
0.437327351197512	0.315141682276705
1.07189290633137	0.64473929822835
0.433420871313236	0.174895185886725
3.25036486382959	1.10725094810752
0.642202725024316	0.20486814652215
-3.09280325935961	0.972693856185307
-0.240892370455321	0.0792841914193826
0.138169594891086	0.0265198668009027
-0.654514463701247	0.160265207029626
0.500379391071303	0.180303967231713
0.142698404858563	0.0359575700897484
-3.09216987140428	0.960869115746174
1.95338582999428	0.463576578510391
1.95256933090985	0.464168557061862
-1.16215049582938	0.354329340870658
-0.753925861436807	0.267481396825324
-0.373283661399062	0.108870255273452
-0.650318276706871	0.160755761640221
0.926974875419701	0.246284209674963
0.382263216249373	0.170513150684152
-0.0406144347864852	0.0556638476284505
0.12825449239667	0.166001069099247
0.126247665465751	0.161852055394955
-0.283620670504475	0.414993568789004
-0.0697603483784011	0.109496305817488
0.0639756499843195	0.0916229921795869
0.00595873647901756	0.0100476137160558
0.333534037096473	0.602140684807689
-0.0333672447233592	0.0344065022870458
-0.138253929262928	0.202498794463306
0.657121587253953	2.37295050925147
0.196996291928755	0.437841219787121
0.0967084401830166	0.125791837855519
-0.828151184545647	1.24948983404655
0.854137872366343	1.26062900203805
0.405385807394251	0.425551044855672
0.315778539312909	0.428862686002295
0.560233477382544	0.443662318076521
0.131142088064851	0.0445435122752936
0.123422811651221	0.0469472913071866
0.351948363377535	0.177489465865794
0.800870945134033	0.33934509997196
-0.0337652586035548	0.0160485380777833
0.787092730692917	0.463465944722557
-0.347477571149393	0.204973233623452
-0.552905578032395	0.344043565760336
0.579682480388219	0.562235917890698
0.178734881243267	0.132902424238479
0.0759820915324325	0.0672993483735146
0.064232344452651	0.0603624490611943
-0.306896407531999	0.513694907433279
-0.736035984715681	1.46574157508768
-0.0644780797864232	0.0768523568629256
-0.666204073019588	0.94024550948165
0.354895501159642	0.321469482563999
0.436877745290074	0.408404065739999
-0.548799039075425	0.550798883419623
0.0576872271121879	0.0744395817728887
-0.410156031580255	0.618227442520863
0.0514649302988495	0.0529812557853648
0.375549961368926	0.54580032720759
0.218221851808943	0.252730690159924
-0.00885296490885754	0.00942147965030466
0.519370495371261	0.895268852473535
-0.11540806794297	0.115582391041093
0.253742997906821	0.259981086455534
0.464072596831829	0.310827048471234
-0.176507614678828	0.122829730487064
0.463158133386147	0.311855609508249
-0.00384443335969446	0.00180833654638362
-0.967974058422032	1.0328439936594
-0.0695032952423575	0.0304228724879784
0.488301998579945	0.434432590078095
-0.023396258264625	0.0201530466346599
-0.0652896557682891	0.0558174716365702
-0.133627868761631	0.107980114778608
0.195474417740442	0.179525372967576
0.323489582589369	0.36203115793383
1.15736172456723	2.26117068964418
0.21269953984647	0.245136308689067
0.129343129861599	0.11840481258946
0.0523523488847985	0.033622077540568
0.149483747558595	0.150703580895648
0.561669691240264	0.714174304822171
0.253329930387848	0.265346423246798
-0.799957589137962	0.884249487535886
0.17517659895814	0.135095928488514
-0.0247126167808699	0.0191139396895185
0.125380373550625	0.105024318293905
0.786125519801079	1.18761915187483
0.182829404492583	0.169955063199383
0.449854407224489	0.429556953890444
-0.0908076603923309	0.0564283428243788
0.590251239962044	0.720744551204015
0.779780483675919	0.465729776704502
0.92732486785368	0.24306890205782
-1.51881602064381	0.767199189845328
-1.8555421458185	0.745834294441887
0.137790482671227	0.0349173015404508
0.137663849025598	0.0410571652515246
2.33509030557097	1.17288824783147
0.13273416326183	0.0446282262586656
-0.745791187837514	0.261749146161392
0.131947928994692	0.0390584570073534
0.139847419253076	0.0352678773972538
0.137033206871248	0.0343903632230145
2.74531503858304	0.788587032684406
0.134554338304469	0.0518320974953485
0.64342341463051	0.205691875654135
0.505514712818863	0.182262620756373
0.5029366256476	0.181276920282539
0.399177656113337	1.17752194598002
0.323030394990887	0.936437808700827
0.20611327742675	0.465758414857759
0.219115034232888	0.510758482602855
0.211454085557985	0.50352733546064
-0.180520287215126	0.348807010680878
0.518640414700711	1.5182239796254
0.132249954234079	0.217887746400049
0.499303470227063	1.30592975379598
0.156957711303697	0.276108086805054
0.327499334542895	0.633458469382184
0.100021872668423	0.112365456257229
0.314038952175357	0.475067375480125
0.0768048738538982	0.104662347588161
-0.238585117139303	0.359168714799774
0.497758640538668	1.01516207962382
0.41257110187263	0.788397878450953
0.223151040230108	0.332870779109654
0.22851905709695	0.30388437775187
0.27805755120626	0.43015570361408
0.48413961099256	0.731253935091019
0.266603157056179	0.329525853000388
-0.704116070673022	0.951685652089009
0.903532618716645	1.50187641572577
1.39650339516735	2.34409217043362
0.417720583521167	0.42604899317933
0.269531987248593	0.231732402573527
1.32159256500016	2.38152740747424
1.10527141601145	1.58751157031601
0.100263431585123	0.0953151322542602
0.30627235313066	0.361882763312731
0.311582788785148	0.34535662428387
0.0827549514366506	0.0866608618137578
-0.411144575324957	0.391105049229071
0.261141849914968	0.285845547040383
-0.992342980260102	1.49897375592443
0.151633435840847	0.153437536609238
0.5277746331246	0.709346473377165
-0.0681510371837492	0.0572687247890818
-0.297369627626447	0.364691192560625
0.430590982387015	0.433285608136914
0.392226077338595	0.308458172740853
-0.394618428449276	0.314252256404656
0.0203706536701658	0.0118309845772675
0.456882495290457	0.303299045361213
0.00928148870762577	0.00502848057062147
0.0170956480725825	0.00904361767443013
0.636489051330163	0.446613993353237
-0.136003357221428	0.111044099014629
0.645741833064131	0.457002409012323
0.177637347233133	0.148531055483788
0.119303902461896	0.101590590984506
-0.0371031305587879	0.0289583632059191
-0.803684180761334	1.18315213100362
-0.138770129114986	0.122574522860602
0.44580784199654	0.508795534844393
0.971139569558695	1.50395995826338
0.582541154721257	0.736537223926714
-1.62032062703465	1.93861987195814
0.476964581085534	0.422260516239708
-0.620623852528062	0.516649534700568
0.459552738738069	0.435937589151492
0.826518005594426	0.748273573345692
0.432772514312996	0.313703873892077
0.0778519524646345	0.0545338251213541
-0.473961128281483	0.448018646783398
0.266602072240862	0.221678511931613
-1.11417303752309	1.33688056749233
-1.10870073453771	1.07405945418612
2.2619726416361	1.74313773264228
-0.791401001108939	0.350879919431616
-0.497701394758449	0.263019914063892
0.598605466461498	0.454324472622587
-0.153385150667448	0.0878860180810282
0.591022301534505	0.305173976290951
0.466840480538489	0.314724170174825
-0.750699276625547	0.264252450117151
-0.00678566798650026	0.00357574937066307
0.160599004949441	0.113725439293373
0.0600662101113149	0.0401282812374663
0.83994081332712	0.760661053097525
1.7551985629931	1.77045690872424
0.151521541807977	0.0871039650119322
0.133565538754188	0.0576236744751249
0.334986099999125	0.184157169990036
-0.172537156333294	0.121177718823025
0.378504083964949	0.168514836554533
-0.61104792032169	0.290472756797637
0.027566696127411	0.0159854157581146
-0.319394316068957	0.147614726157155
1.08586500781699	0.809528586120806
-0.0404029138886753	0.0190997436475036
-0.0129650491010016	0.00665424402782248
0.298401137150398	0.193869263207216
0.422302671165503	1.15191010504349
0.159025713509386	0.282377356121341
0.297830470631171	0.986991634206243
0.384127037520105	1.28064521287655
0.0820763354392892	0.179222946721795
0.456795658019895	1.59016223635589
0.424821513082579	1.08080923903672
0.069648225152553	0.111954414510084
0.314876136483918	0.613959202323323
-0.374995796938127	0.805850983263231
0.361969881111799	0.721895394434614
0.240039267142558	0.376229278494631
0.139686785352478	0.132475558373996
1.10625030694158	2.09974700701393
0.479396172388962	0.873921546187066
0.441035585507719	0.913069940872974
0.282384075271629	0.534222149809165
0.201225504845441	0.352200548820929
0.290749706815792	0.56575958584675
0.353546046630125	0.643322881000266
0.241608745950295	0.292217633417488
0.1380817277586	0.182758598237233
0.570185095068917	1.07253818830707
0.159226089011399	0.174623761336785
-0.5400280747233	0.617632582998422
0.809673180155776	1.34347857747388
-0.370076379707493	0.397232186757344
0.148620893489241	0.14978368697239
0.615294236365763	0.665630792723769
0.888385638475535	1.08067340701433
0.0726594755487108	0.0640481680475742
0.70334537267981	1.14250706352361
0.858686353348988	0.989463756826917
-0.242120364860101	0.22530766510758
0.188977153156052	0.177385351013861
0.254951638044747	0.283353159690396
0.209421924041203	0.25529368873415
-0.84818342077614	1.18512045751214
0.155990328484056	0.157808272328336
-1.5797171027154	1.45819022887103
0.0286309968649656	0.0166721462407317
-0.62467468113121	0.296872220372483
1.61421406089321	1.13145762266747
0.720305573939172	0.594929607747805
1.04301766912254	0.509338270960851
0.374472164405176	0.167849042380904
0.313881965714915	0.190330825968767
0.633157061878095	0.572977588779301
-0.429193852885296	0.563191711164062
0.203935484286511	0.222696664381975
0.0725719804037046	0.0635727394264447
0.727723182034327	1.14613461825129
-0.488526411413598	0.608442479282677
-0.0660205032408789	0.05463178803603
-0.801604358732774	0.875579624906348
-0.812756043642002	0.619480642481925
-0.794780853063649	0.433176757492009
0.583399186549486	0.29855429761349
0.137251631378974	0.0652756249548501
-0.114298526155181	0.0671357793153062
0.289307764355911	0.182408191182467
0.642309789769364	0.453801334704533
-0.910885445633502	0.745410807731063
0.398873154294085	0.316922472995686
0.378691849704496	0.171166530783688
-1.02220546504231	0.936833981718859
1.30510192432853	0.576350418556889
-0.749707900448518	0.266629197702648
-1.33976153925759	0.838353628785089
2.63160698890656	2.64063142714596
0.502930967277417	0.181333117013942
0.132754372873048	0.0334623448971025
0.440902068699058	0.17379613273561
1.31024810625553	0.577037468119118
-0.0931154831860091	0.0686866340769791
0.772525269270578	0.611274965163062
0.12918993805387	0.0442507386000375
0.674048586220379	0.588710272338651
0.166056658376141	0.119249511959015
0.384157359431508	0.173687608011526
0.938063711852955	0.927934939913291
0.832662235601436	0.753470282453062
-0.800545464664791	0.694150537070616
-0.407760660232132	0.230798785951925
0.435746112132968	0.313196875175117
0.142738179971212	0.0684506922239225
0.638108512265522	0.454747968824521
0.00907786243616075	0.00489150029279039
-0.25240551296615	0.126030260377261
0.675310354565511	0.317820710948733
0.899519700288481	0.785107571351745
1.10036040957054	0.826599874882047
0.779186960021535	0.740450881930839
0.433073782631305	1.30276811268479
0.62375908236891	1.95503452457166
0.266231944838191	0.781984396026981
0.364756435310781	1.53246253252229
0.422932840071853	1.85327325828341
0.17863221064398	0.548259949775741
0.101428040276099	0.238700711805725
0.476362246349366	1.34017066619757
0.25524736437016	0.589658815663681
-0.201332511853003	0.341328981015064
-0.169862175009629	0.294372745892718
0.295106312907664	0.618062438926619
0.32218025671164	0.647358445059904
0.685829999876217	0.867978915515266
0.446391181134724	0.510664109785695
0.365683694780215	0.550404399739208
0.227166913416057	0.465641500209374
0.244720940388968	0.472488873349302
0.271834073136064	0.639767558711132
0.143959861783718	0.244175383883983
0.904246340885542	2.83553093643869
0.0245697065732774	0.0237495789811697
0.137687618615091	0.208086348637901
0.40463499185057	0.739643564201306
0.174600816803008	0.238891930424122
0.562377077779997	1.1108038572838
0.296770669025428	0.409896911550192
0.00427274178749103	0.00420631914722164
-0.200446914200148	0.211434240357189
0.297212821359933	0.382996497780176
0.320539909378732	0.372037901283098
-0.0388835165552099	0.0393909514401359
0.464915541248954	0.704626049165678
0.505358438655017	0.833117813493038
0.164191169355706	0.123586068288176
1.23138612943806	1.7177379383113
0.530139386491176	0.804814978570524
-0.255137444969412	0.299528602864847
0.0794130688270543	0.0808982048753684
0.0077521971027731	0.00421671355776212
-0.066677023893092	0.0293327114047124
-0.509637535343729	0.265052079270774
-0.0813978474952375	0.0349799410172398
-0.247938632709693	0.124887350428106
-0.793878643397756	0.347885163809613
0.147183667881646	0.0704912606350522
0.418074481407107	0.315811380806798
0.602078919013774	0.567999550273864
0.419645715732568	0.59802020792181
-0.233732412030005	0.275397151436299
0.0929099875055367	0.0990242594352715
0.514432664203157	0.780784561089366
-0.142323438559632	0.142482101047624
0.592587177041311	0.837939944356177
-0.258322479202527	0.303759333620628
0.357362634367407	0.178786723822583
-0.340879916987684	0.237347289472623
-0.0134545115707264	0.00688145081559113
0.383617837186828	0.173970673436915
1.75326621981209	1.36112015215852
-0.408916272225057	0.173941516536407
-2.24537048467235	1.8349869698606
-0.417945160413531	0.238515409842722
-0.00879988435256174	0.00601156795196833
-0.0622260458604637	0.0270622982297615
-1.10555200435079	0.7647811178863
0.426701646836818	0.171232343476935
-0.52323556823014	0.396602344933962
-1.04918860874569	0.425130851310869
-0.371729277964481	0.109124865696984
1.78963637053932	0.693521895965692
2.74438259751335	0.780038400688451
1.30603729879231	0.575027978579309
1.0056115986486	0.378718929959726
0.285589707118914	0.202914702398658
0.251398018573697	0.255503239229423
0.0512094073314069	0.0311534819290556
0.584158417604286	0.642798522404868
-0.0312692703522619	0.0241455434649042
0.0209356813128949	0.0109768957087854
0.970202391233116	1.06401421997402
0.402493413422298	0.297786027432725
-0.0839766342223983	0.0515538278115547
-0.164721452201245	0.093725263052343
1.05202550650733	1.19234095591395
0.282132038636556	0.191606696661577
1.23468098105901	1.02482640343964
-0.699210038987576	0.487215577704839
0.838884378426811	0.764204200243018
0.16514995596755	0.10750739655357
0.679283024764716	0.780195888126241
0.595514144490648	0.445674199437138
0.696144027450055	0.444106539302189
0.940123611728795	0.919646012199534
0.0536127726254328	0.0348724576011698
0.292228321890371	0.19592947096888
0.602317035235119	2.66818223090865
0.971382502302844	4.42816336506498
0.410412769107623	1.68928788651649
0.782113836311768	6.34293347567497
0.374096035013384	1.65319803405624
0.34839015354703	1.49476034525094
0.112929786999002	0.283202312467555
0.223564931409963	0.53107987374141
0.00507647081879639	0.00820253580756706
0.570722258256799	1.63493364661058
0.184118416274655	0.337677054405573
0.224340340517124	0.492392966360457
0.187502849347352	0.311892623303884
0.182125397679324	0.148649008343107
0.244081212960054	0.283026569740363
0.0121966762470995	0.0148223995064123
0.298157459223443	0.609190714360207
0.00344704578793167	0.00519645712977634
0.150893584682421	0.287464352892727
0.0619825285761044	0.102161883943429
0.142103779264658	0.236685413968047
0.466419824613592	0.710019701662525
0.322339848335888	0.615432195826745
0.220167559594092	0.338062821003765
0.265949802604614	0.452665524438758
0.443644036087935	0.716953331538384
-0.617733598713335	1.05277373666607
0.549503447239503	0.992052160448486
1.39487256541407	2.89241182157707
0.534571006646114	0.837325189018102
-0.197171268753499	0.199332367407814
0.510572542453161	0.777991771285572
0.711330864319663	1.44108579126205
0.276981941530228	0.36684538978884
0.387838565243681	0.316440594175604
0.432099636215806	0.433992343574139
0.554544278945289	0.613397607558147
0.348076945972543	0.418169866428067
-0.00742185007062209	0.00583218037011244
0.00565724253773144	0.00310792626139857
1.01069856034866	0.958013930808603
0.131709003984819	0.0565101722021411
0.378227764000028	0.170205318481916
0.888387974329828	0.479986838285812
1.62047234575313	2.2897806040785
-0.0259152070698407	0.0225292206125806
0.650650413181676	1.13248790621228
-0.922484934292997	1.69165667478197
-0.153330028436987	0.164418796005919
-0.812313449925211	1.4771027639868
-0.036100797166181	0.0308336756863632
0.088982592622441	0.0849195004721914
-0.469285491022921	0.311819448800461
-0.615925662410205	0.294578870259337
2.59856945310332	3.61266949004082
0.142676569661728	0.0749404414166552
-0.561128935845817	0.35841533564908
-0.242999218734238	0.119853141232869
-0.796428913586524	0.435621443019982
-0.266078889694035	0.202247048414071
-0.706496649270231	0.563373227445016
-0.0929396367861015	0.0563636252251567
0.37804267051968	0.169158640191613
0.128532989649213	0.0387330108702786
0.312275530370213	0.186773484648027
-1.30346996970208	0.594061053859853
1.30510192432853	0.576350418556889
1.79770278509994	0.709688375349796
-0.750699276625547	0.264252450117151
1.05440155751561	0.514006068716458
1.79770278509994	0.709688375349796
0.293478879693488	0.21110136792598
0.508081388675797	0.18525425523165
0.460426703461073	0.425815502925258
0.17363974594899	0.128269309264386
-0.38882705924874	0.374881554525522
-0.919250491167761	1.18776942151501
0.158039017495198	0.111478188238689
0.300950117230422	0.175691637899075
-0.118308954998893	0.0707027355332106
0.152608461208848	0.0872668154685242
0.179166034412815	0.143525640750879
-0.0232031704147074	0.0115748639603882
1.00512304725952	0.934549051692815
0.44385274887245	0.318493648594304
-0.354892016496722	0.212912145779627
-0.349332535852942	0.210212850399546
-1.01638475355117	0.904493392772046
-0.350924779699512	0.313828750439586
0.77800764601934	0.609799915773739
-0.0734911576306965	0.0466894910731773
1.32198019727605	1.36475723164932
0.565175549058536	3.26442506225607
0.638463704950681	3.15677447349697
0.195726419304632	0.698005228881458
0.583894553055575	4.471809312246
0.301684137762265	1.33047281106158
0.168435983243458	0.554362319985528
-0.00316204924260406	0.00690616949558197
0.0566732266597859	0.103675739862706
0.0335875642739962	0.0548859645776055
0.245803452535376	0.558179187566873
-0.21709344228093	0.452616065699642
0.19816120955062	0.375747561577212
0.180321864961981	0.167335474967789
0.0352208418363673	0.0318568000912707
0.204707612219128	0.326966836829886
0.480697124487143	1.35392595952423
0.517098633870364	1.58913624357907
0.169295292266865	0.36789954181466
0.226893617970593	0.453944762232204
0.301370081242267	0.625565574356985
0.406939634548536	0.567155883779336
0.416432924824742	0.891742641117953
-0.0931178034266009	0.11967011862541
0.358097117053986	0.645195472433976
-0.226103312302525	0.316317565087148
0.170927136111961	0.205065000755146
-0.0992371815894845	0.101965888596878
0.562949258054651	0.795807242992248
0.305329565255548	0.408698266830242
0.90678565099236	1.48665096110745
0.669754478785763	0.75671084206587
0.353374926498378	0.441377690805337
0.389197102189707	0.318750134677376
1.523407016897	1.29294249085456
0.983070635104776	0.791962926928718
2.11273610530874	1.42828598669676
1.30371096228142	0.564189678165173
0.133839510334783	0.0514783633650397
-0.142349413605	0.101023741814334
0.463348359686751	0.607196687751911
0.0600808723550248	0.0631087527016944
-0.0543030076861293	0.0535598250545821
-0.278319405376563	0.371533847050564
0.209404387755316	0.207551840794102
-0.361185795763965	0.399896986894557
-0.404463811709104	0.49322625821266
-0.924640699742831	0.775447519990134
0.701615547822569	0.700997727741911
-0.3197869858185	0.145925097022664
0.653338257219313	0.452609160945694
-0.424494553664327	0.237941744583045
-0.11366904227828	0.0456837591633765
1.8859480372544	1.58743548635585
0.165725233817266	0.110916887875613
0.481726061390902	0.432537266013019
-0.347020614738629	0.247268066526047
-0.617726724474063	0.300368406367299
0.137033206871248	0.0343903632230145
-0.0791022538551911	0.0343518964543347
-0.495895076991173	0.261543952549636
0.643141812505579	0.452991696867544
-0.367195240283961	0.107121976389446
-0.99884068990539	0.507360313729787
1.55173884031121	0.784928292248589
0.532233730887152	0.303304550291093
0.274270344483233	0.219328706327879
0.179480650403193	0.133994779991327
0.399396545530654	0.3149541639177
0.175222845231182	0.135157757583809
1.38166219653786	1.06235584180823
0.906834638083516	1.00507914092346
-0.621735156490156	0.509717072860398
0.071196722104822	0.0480713172794997
-0.197437351636756	0.106683043412655
0.167623794154152	0.125043647898674
1.65205999755164	1.5070450276106
0.99174777690829	1.18696114751716
0.842256304932399	0.759216243758783
-0.685746106599716	0.477965521590783
1.21934866649223	0.974122595337707
0.418236896738017	0.316390229197369
-0.614021945527329	0.298157648386911
0.834019090572939	0.747212254654326
0.11956070163241	0.482046001283767
-0.105659985244677	0.367972855659518
-0.303371982351605	1.46569725092377
0.151996948893774	0.393134751672924
-0.148134903278147	0.3563934272318
-0.499837377131715	1.87076606117327
-0.21932271439459	0.453006794105076
0.0358932651317792	0.0340880088030324
-0.132067763190133	0.164840440869884
0.665145830822853	2.03595722111905
0.339043028364225	0.920581609430043
-0.132674538976355	0.24375736350149
0.24681845551736	0.542199717291976
-0.108339924102857	0.178180695593285
0.247333848570892	0.458928974445909
-0.374278474644063	0.628216307819646
-0.164836926138194	0.236367178120232
0.271987687148788	0.381624886212359
-0.242866538381082	0.309496483590843
0.59293403646414	0.977681001608213
0.762502954695978	1.3253149636402
0.287424957842808	0.374001354283342
0.663925606362119	1.0318655976178
0.198499384897293	0.202862735925403
0.261833492680582	0.287070321145522
-0.042569186979933	0.0397840348913712
0.173207347047769	0.130655138498317
0.0359490266646315	0.0220179023897634
0.550180020935545	0.632548232547335
0.141073953121574	0.0741617081295512
-0.0368146055544692	0.0285506159181542
0.339853291870477	0.390284126645462
0.74648054736133	1.21032613745414
-0.169583996525477	0.172059210258116
0.249547218931865	0.282380577092836
-0.30573107476101	0.300238251286275
-0.20562703547129	0.204245736535508
0.0625039562914212	0.0514106627299181
0.101245628455896	0.0808482881156453
-0.0144096188023716	0.0073213259877231
0.821213714514092	1.06629635250127
0.303706715098175	0.18026837417715
-0.226921413277051	0.171414445292795
-0.2551009587519	0.127990660517593
0.329211867601554	0.183184981108425
0.824545431943967	0.976642515178913
-0.997560542170196	0.994665267002605
-0.637021797409261	0.571115358105683
0.571230450776248	0.53754009392596
0.144530799875238	0.0696222584588446
0.410665541643643	0.309122842506614
-0.163401354001417	0.0926472095913947
-0.0704022569552877	0.0308662437822223
0.126591754435651	0.0434512482036923
0.129840797352239	0.0445844341304171
0.837364467707394	0.754070754179946
1.04671431462836	0.513193629181291
-0.0763725913316967	0.0334157346121913
0.168291878308718	0.12475287802275
0.0201150461243959	0.0116194147130212
0.321204594360062	0.175975465822286
1.09278079967733	0.805612029438204
0.72047244156086	0.598659655276925
0.494917691559735	0.527154695159398
0.385235472973398	0.426818617497031
0.672935548189465	0.7705103277074
0.720478668366409	0.813848748970192
0.739562290912206	0.722346710691379
0.753764591739622	0.927342590634417
0.783025346489613	0.935594697151837
0.712785835817645	0.806994502491499
0.437748967574153	0.420032661923935
0.0776462968580988	0.0515422638780587
0.890206441668031	0.74779101201358
0.558439504490202	0.438916679610455
0.59787536076233	0.313265353712179
-0.197437351636756	0.106683043412655
0.562451083523836	0.442305339854238
-0.109287574984068	0.0438132578834764
1.10233851056576	0.960255669458044
-1.1077575624657	0.763527308311214
-0.412630089986945	0.237289675859955
0.147856821886521	0.076744359159844
0.130492805613892	0.0556670280263664
-0.0403820269374178	0.0191162333469385
-0.039411129313783	0.0189180949844998
1.56168544533783	2.1516778503383
0.513610158097557	0.440581679992232
0.774614551324871	0.597859652200672
0.130199243961336	0.0607425690948352
0.78215952615424	0.467909010669066
0.434864004802148	2.70308987303277
-0.000636193870460769	0.00127632063561017
0.0527995218726139	0.109564962772438
0.19643162677141	0.471726994944471
-0.271969731631031	0.596565216959671
0.451973519032439	1.25978118139096
0.071633937075487	0.136801460199435
0.334382881671579	1.00924689656011
0.794408954732759	2.9176606505895
0.122016871312268	0.186965977005809
0.351087519198699	0.61357141146382
0.746383061433761	1.53509515086882
0.639049300689866	1.18437140332373
0.532550155588352	1.04268083973041
-0.0923749687362085	0.163468915707857
0.631817527789071	0.934419028357016
0.109065764043968	0.0899524614614015
1.12202629117667	1.91209951215149
0.166218596769404	0.116736823272494
0.165186270720635	0.122504438154158
0.833162484481151	0.977921187930789
0.699775370148831	0.444793828302235
0.167340353410158	0.111898454021991
0.596452039402888	0.445763524798831
0.152017966840381	0.15037580294603
0.183346551302687	0.166388426925508
-0.130553843716171	0.162843104506158
-0.0279713850312662	0.0328411229890635
-0.0924994326133416	0.0964399600988559
0.181068528777116	0.205718692275079
-0.313011336840238	0.255932594690242
0.539685400761293	0.720602586187773
0.115799431858195	0.0955293915743061
-0.346286133080291	0.277554926095625
-0.686205069826167	0.77278923049726
-0.341230046036661	0.206353531379623
0.172197680009005	0.127741978737482
0.366184495470873	0.453580610745187
0.0113574615320811	0.00898123225005742
0.189479857338222	0.174094297815832
0.308490824836787	0.340397857211743
0.465102477514426	0.514582855845497
-0.0847240934052009	0.0636144581846401
-0.185097884360037	0.219041007786077
-0.570400702217814	0.740026298294577
-0.053428447140278	0.041111872716556
-0.119155674629599	0.0979247323203728
0.141136698456651	0.131315393054207
0.338145872994542	0.331540168586948
-0.253645976886872	0.215014033745041
0.368621696444043	0.323155177982108
0.263277629505881	0.228027453231053
0.331290051035882	0.325520331529101
-0.793263411486407	0.916255114891696
-0.426255994762089	0.401354586421716
-0.684296657814704	0.750420666641189
0.77773409732999	0.8389037984114
0.266500912040345	0.222612177812154
0.0461295643363359	0.0356735930255066
0.358482870321526	0.317121172827823
0.455308274489796	0.414087941095936
0.378697689947599	0.425204064608271
0.324589483025366	0.325197371466181
0.100478525386809	0.0728648322254457
-0.526717328456464	0.493408533997479
0.410465426314959	0.420150873398765
0.314577916916471	0.343364688261804
0.513994751546561	0.538464310283207
0.534158771862639	0.443964410261199
0.599137231492087	0.666706129698656
0.823755081319616	0.853402182502481
1.24601739860235	0.842377964822026
-0.164113417640613	0.0601976090971911
0.128999547000152	0.0438806201745586
1.42795516831077	0.478570790474717
-0.7499539562993	0.263513086552406
1.047016010608	0.51327505140288
-0.999406115771593	0.508196794759441
-1.04825804245851	0.430881776490226
0.514634173115622	0.182351399478498
1.38304207587645	1.05188273551774
0.641431038909059	0.206705899790905
1.94681033559665	1.20731718303751
-0.500529607214017	0.265407803517613
0.135931183146639	0.0408601823442341
0.426693155302289	0.171121365968425
0.136806096085007	0.0521549055398232
0.40499856984881	0.499544641598828
0.269848623618836	0.220061830211838
0.648755721992241	0.455036816947933
0.589062279930703	0.303553864743197
-0.0355381571487865	0.0167228853013834
0.881449267703329	7.76206560179704
0.462373370509943	1.89904399106182
0.299007314234682	0.799228725073985
-0.0650595638719809	0.132656845409314
0.282936723106484	0.681949797258953
0.264815723680013	0.492184396106439
0.0520962012175583	0.0746199808602573
0.136233333220815	0.260957355317432
0.18554715000171	0.443812362426964
0.456442619285593	1.1257464625992
-0.289739986274564	0.394944353813394
0.630036092530489	1.16334857465341
0.952685284488084	1.87704028574021
0.369866133565655	0.427366229411392
0.726931984454689	1.56262280715302
0.301318115715876	0.671295648938247
0.430143463337237	0.529983612636397
-0.251054517383517	0.212824121886887
0.34957577106804	0.324176448741605
0.286426505554906	0.213792314169233
0.308831197460902	0.183442653126466
-0.304293183247957	0.246538267728233
0.693040909212324	0.44798971275707
0.485099819156373	0.302715521459241
-0.155495449319275	0.0560466344166384
1.09243132904167	0.827435644971434
0.30202621516895	0.391865817868413
0.238913742057742	0.280711004737276
-0.117020564987076	0.119536343909751
0.29865992446773	0.414711509455508
-0.16511389008684	0.195516389352919
-0.475241940676143	0.685719280651791
-0.086643266214654	0.0838637408413323
0.166656102892721	0.122408252248224
-0.0514891355969175	0.0335864308916206
0.303749346272127	0.179714579730031
-0.0207608274574682	0.0141677918048628
-0.0474587497715515	0.0311213176725691
0.287946953719247	0.197525984628818
0.527611490721882	0.435943096305379
-0.0270292589659408	0.0231682154831109
-0.358681005344241	0.39042060490173
-0.350557410661062	0.335439669908438
0.911184798210606	1.40148337037379
0.0744755595521441	0.0525660034488991
0.577390248690671	0.658724060519207
-0.32010494347527	0.35563700099503
1.11781281943819	1.82497454314752
0.0500712399419565	0.0400170757560782
1.00855778976096	1.50896968313798
-0.0494998993107423	0.0424156029311077
0.0636019293779171	0.0432211729418404
0.639833968537814	0.676373883388455
0.891240368924413	1.08580335927451
0.507414969105211	0.436684298474825
-0.216865747302136	0.202633082266947
0.766167688667342	1.01587303865848
1.57054961827308	2.56030015902627
0.101313720740492	0.0829074411425232
-0.137993634371339	0.097206533395394
0.829108132571718	0.754148069026202
0.183182956510402	0.159194833171764
0.115107488018803	0.0958929201570399
0.269050260574191	0.201026184728953
0.191482870874109	0.162736109067503
0.547843068636583	0.62610029190903
0.179948046258141	0.155387331531447
-0.24020647065504	0.159348610116584
1.13552496481208	1.50216591666347
0.635862535903458	0.749234922708788
0.25454215263476	0.295994356158301
0.120140985007509	0.104593376510934
0.260149564880637	0.222397726979024
0.144509029422431	0.0695781831278887
1.03010306186682	1.42720527640779
0.579147438404902	0.289960351435955
0.804306426214091	0.344854975606889
3.25602807611411	1.08608283170182
-1.54211096447874	0.565956548030536
-0.54110730002075	0.208535025061615
-1.84624185579889	1.15734289139658
0.640204384260695	0.202440736609696
0.641104859986785	0.202425076080571
-0.413476959777927	0.16773610431989
-0.371963944093828	0.110621992809151
-1.16076621190063	0.359385238156804
-0.754670103122347	0.267616103379387
2.33647975774558	1.1902357498922
-0.114744315344893	0.0462153660676551
-0.118945833856785	0.0473131902858002
0.435009964037666	0.174896538077082
0.492228284050675	0.309067965592911
0.743535760749025	1.09593072363909
0.749025626231294	0.722074599097336
-0.665031123163458	0.397050321386326
0.344942011430818	0.171500975449865
0.134745422080958	0.0517852696558337
-0.041969214798438	0.0198466516828407
1.37765083887363	1.04373076665933
-0.164302289699057	0.495917469255413
0.0152692019232875	0.0287221901896165
-0.0646410561753793	0.116986171567373
0.342699965100037	0.923347453876687
0.685674528075384	2.55847029882568
0.279561385576146	0.670099205668595
0.0773498046167301	0.127668563460902
0.0258976564182083	0.0353757856914154
-0.173851445146092	0.294267212172871
0.378146127267778	0.736122681150566
0.382117195478133	0.69969180476488
0.10998696986791	0.160592602339401
0.322459939299067	0.761766811955368
-0.054012896210667	0.0496975518367402
-0.0834459976889856	0.0761458066528791
0.715937465278322	1.0538234623369
0.850205751621914	1.16945933296624
0.257503372591315	0.205451981447268
-0.237545548172073	0.219913210196957
-0.885843063740507	0.965343811535304
0.176452018448211	0.13583774235796
0.264338164972585	0.213336395704214
0.37168928872526	0.523088406794698
0.186621920697273	0.174726833203012
-0.0101572539982345	0.00794304507846976
0.0293686118827946	0.0253602933649108
0.125722935115057	0.14681471833171
-0.0837951983616713	0.0698217189033686
0.66203935907169	1.01680784213708
0.755834057124466	0.912848010298198
0.126173647617311	0.112460986066202
-0.360043891635377	0.316176854345253
0.620043438354117	0.671174273905592
-0.0601503335230574	0.0516282617780018
-0.266821165245841	0.201319379437221
0.103815227718682	0.0838999911989041
-0.106610869189337	0.0871505208037155
0.910035795895194	1.30783582255465
1.72423031933929	3.15871470919014
0.254084990162382	0.231148554411998
-0.0914846103378487	0.0674236924159873
0.784836668188728	0.949227383865635
-0.441348884034927	0.479262212684722
0.183897866149502	0.154118845660219
-0.497979286474184	0.506084917273004
0.430229311065155	0.432951492854512
-0.62486761124679	0.708775811459345
0.0483109146525574	0.0310217960853285
0.461215555290162	0.436737601170057
0.147686070504421	0.0626320973140915
0.379813710005871	0.313397050271611
1.22062679283783	1.58612926588388
-0.500805892442516	0.510300156101932
1.22037229610586	1.3397542939307
-0.660079864714917	0.695622909459936
1.08321671255631	1.46728752711198
-1.73229079367171	1.43831117603342
0.582025220075575	0.640128175551618
0.256966473915366	0.209286784153397
0.573571894947198	0.544328147295631
0.0471577550026704	0.0288766381061353
0.173502053566414	0.133526099535028
0.179936034857997	0.152075642032145
0.942819002062056	1.15255050865145
0.643592415811637	0.577922747573485
0.4169651545359	0.414497718178788
0.350578386440991	0.303418123151724
0.289955007619733	0.200046954425882
0.47579744884592	0.538462650678617
0.381654714748913	0.421942527814031
0.189787267848783	0.174650194816841
0.260795954153666	0.227857215497617
-0.036767858639859	0.0286887027722081
1.59118926304361	2.45367541309514
0.142438311261113	0.0807742311812706
0.348685968829682	0.176546970120616
0.642202725024316	0.20486814652215
-1.50452594391491	0.783000045076724
0.384863489590947	0.174885684504261
-0.540188763035123	0.210389950149253
-0.539919082620629	0.210635134915098
-1.54211096447874	0.565956548030536
1.05100741137477	0.518952111891946
-1.10507848064896	0.764672701159103
-0.255638066826491	0.128800976092292
-0.109977586362459	0.0431409637683599
-0.242540504674911	0.0808346916156265
-0.622100361432571	0.304102017504355
-0.0697381501044504	0.0439945933114794
0.848240558398014	1.07398155932391
0.260091454895902	0.231367111273618
1.22502327688116	1.18918398703129
0.052561231768358	0.0318708303092289
-1.36128824645067	1.12923160762948
-0.250256422804428	0.125890269667324
-0.00854277823471151	0.0170894700590289
0.102374318031583	0.232777825827875
0.0313947193283516	0.0647703962780999
-0.195789023866313	0.391948071089704
0.743750991550036	1.48994486632805
-0.00979841687740511	0.0109893433457049
0.0270245185744207	0.0412530328551892
0.159304124340194	0.361142230667959
-0.156708391678739	0.332777818645644
0.161406002091914	0.324737220883109
0.493852584149849	1.45715015822831
0.207688865006901	0.424258185627972
0.577156836830068	1.13416643695468
0.272163362456495	0.501099684760204
0.184884440723288	0.272445834864605
0.00196796618643056	0.00219650359852534
-0.10714266602475	0.110991731218685
0.0619947378263784	0.0598990231078419
0.0398357907668507	0.037586749370772
0.0681690036502391	0.0673415881662442
0.8626593558541	1.61524283250475
-0.0247512992275316	0.0231276530074191
0.0563022529295204	0.0470473184623749
0.0635670353535173	0.0530247945386406
-0.115640734375144	0.0466039644284396
-0.81991253100343	0.698447011028918
-0.168929271400578	0.118151264887132
0.31198395458515	0.186587904857015
0.189666182210799	0.160192882880727
-0.102521544487619	0.0984555199220787
-0.0541702598218105	0.0539695935838912
-0.598236271411265	0.769019955525692
-0.378358413575459	0.457379096220137
0.585512115772336	0.734875265590202
0.378154504282485	0.445719378684915
-0.314107901979018	0.34780621276512
1.75064759686093	1.71577702579327
0.39918707248312	0.311533022910564
1.24510435109722	0.853846493465511
-0.240269367855357	0.158877685056766
-0.802661481004906	0.610533290000043
0.824332979267428	0.736819042062842
0.947413684423611	0.638978035417402
0.737083529386881	0.804269036325239
-0.517638732466231	0.39456071100901
-0.660432636856613	0.38909092238788
-0.121438289493363	0.0888219247831613
1.23224894431755	1.01257340185848
0.142259221173437	0.068191901792886
0.500379391071303	0.180303967231713
0.850244485083819	0.620729962735469
-1.69624439531692	0.961970545921345
1.04610704894877	0.51238392387227
-2.09984244616012	0.971605373793925
-0.405530795212908	0.172425679747037
-0.0700406420559371	0.0306447574180844
0.340852730755899	0.326315641870618
-0.0169675905174087	0.0113463423494877
-0.801170345390586	0.526494880767112
-1.4670964916347	1.29387997988071
-0.108465157993992	0.043729522101738
1.1176600804873	1.13699055961853
0.811093717353821	0.334848545908869
1.44672035489898	0.91099682350394
1.09015919843213	0.819268792235781
2.72243891828034	1.6561776085525
0.705544459927832	0.797228712106203
-0.416748975240209	0.428295250115434
0.638123300816077	0.760258443895315
0.285242696414128	0.194152477147917
0.27397199663106	0.194123309322397
0.183528427076609	0.156292266785281
0.110720294267468	0.0890260188810633
0.0355310018776712	0.0217571706867955
0.839601864916045	0.60061708767871
1.04795885506533	0.510175078759724
0.488008348247174	0.430741806762457
0.587056283106856	0.433400456346986
0.163861897962387	0.112617733562153
0.00950525017572848	0.00511260599378675
-0.409653650783678	0.174503983044039
0.0148353506601676	0.00786177830573065
-0.0443105331839865	0.020924285792059
-0.012080660655198	0.00622210156263383
-0.165667991162858	0.094459684618607
-0.0473381491787537	0.022220102166202
0.152117355499338	0.0800394811484842
0.173106620502981	0.13356415352006
0.413263018250415	0.314968136571876
0.715637017363187	0.57648078512556
0.140968049821716	0.0671599489667924
-0.694086278041413	0.489690129952061
0.155025724923027	0.0954521583694032
0.140596907573201	0.0608860240648
0.0229339951754449	0.0133500852089243
0.0148110954953304	0.0562170805665156
-0.0150918427240855	0.0507248642996129
-0.247434179294059	1.22115376363782
0.223173583169983	0.773698496713504
0.259735132536394	0.810301052031809
-0.000567204939820873	0.00100210672927661
-0.182115548956018	0.478250813046084
0.176003350083221	0.394415392698479
0.549269278654568	0.880879844954343
0.909356499178314	2.1819289764657
0.508557555792518	1.35470435492832
0.492059868986052	1.6515005529043
-0.201948612313674	0.468720557378341
0.147039658597184	0.301063128187763
0.394682072913144	1.04906661421065
0.199552406150378	0.377825928968828
-0.133860752917639	0.161669408490339
-0.156270069424249	0.232294143585846
-0.0656688948527333	0.0856753612184024
0.23010247207523	0.377449010703179
-0.522982886448748	0.997034636061931
0.752735835369202	1.59734871697706
0.0614073244061491	0.0668321807283585
0.210459235225396	0.239093693750724
-0.11170514202789	0.121505423646205
0.365234459307357	0.417045443291427
0.338775843948229	0.480574307995011
0.0517214667884141	0.0516203364250074
0.00712591143593189	0.00668586208105954
-0.0447289520741427	0.029385120505459
0.350420237784067	0.318074191017101
0.196236471930333	0.191677322609186
0.398134198890314	0.318054841307619
0.493149689622075	0.310582933164142
1.07449153600826	0.661953506025303
-1.23942933739997	0.940340279341871
0.633577290836755	0.575067119089738
-0.661450669041599	0.394599754400623
0.326161554539763	0.341805351287456
-0.837512016925456	1.22162062649168
0.139072906033966	0.13873876177586
-0.23077383700151	0.228053516903624
0.0255827267620439	0.0247160493984981
0.243539997482904	0.253145671931361
-0.797442265890828	1.06152471325535
-1.24315527150322	2.11642749520806
0.774594276104144	0.607838552930364
-0.403750950284182	0.225805802449769
0.773956222004541	0.610320089274655
-0.357519172328224	0.293573950704424
0.0722514996653285	0.0510004786630575
-0.248415295364859	0.125213674061896
0.349989717931548	0.175984837253963
1.31889312407719	1.36951308099784
-0.118110746198564	0.084855702466364
0.48937074736016	0.30805302300333
0.163122770121607	0.106598479346686
0.15145606988711	0.0921678817847649
0.422711979755247	0.169729639448661
1.01520360297676	0.386582739475358
0.642054311001311	0.453370844835126
1.05191529311535	0.519138413454858
1.30745495657921	0.576594767890921
-0.2012194959164	0.109721249679616
0.178383312207045	0.14688966990889
-0.454517688911774	0.351679411060042
0.53665257109805	0.308260819419223
0.140387613384752	0.0739876670334821
-0.683928694172382	0.482203097456554
0.892591296390523	0.469449791903276
0.888387974329828	0.479986838285812
-0.0880921564075209	0.0707874368012187
0.48183304311366	0.525023219918504
0.020802687918574	0.0155812181791309
0.67225068798065	0.58037429904851
-0.000668420292591833	0.000187688551477102
0.432891926933886	0.307355163074291
0.285665730901112	0.194178340210882
0.0553093303201845	0.0358868202873372
0.597089311495086	0.45472256882299
0.160211342828104	0.103245158265774
0.131104150631562	0.04918940673749
0.154759144504793	0.0923500025528993
-0.0676622360884758	0.02992921492593
0.147480770688956	0.0777506868538583
-0.0403242260029834	0.0193820428990159
1.76264271245317	0.970264297742291
-1.68995102616566	0.965206293593559
0.00752102829422172	0.00399889828012584
-0.59934449724028	0.445101640054775
0.776144608353936	0.608936802127397
0.145400625900812	0.0833112489072962
0.853129905333009	0.612856076399494
0.595954154733155	0.313662255262955
0.331817377364098	0.182784641735117
0.144052503073331	0.0693617330621453
0.139756591540627	0.06019729605065
0.324758471389734	0.180795123240498
-0.0297199537618311	0.0139943797663009
0.008849285695362	0.0333790339964565
0.131379142538418	0.644441748889892
0.332917699342929	1.75641354697077
0.188797677615165	0.718243821996093
0.55611477316505	3.17772235306453
0.130054878105098	0.336588695558449
0.0178936994923465	0.0376569177219668
0.301406745586094	0.858445773557095
0.65854074195132	1.17346058193436
0.534031342513342	1.09189368250752
0.181368911387676	0.364512123358028
0.68736580329804	3.23843445200966
0.17969187743735	0.449432515327539
0.0490606311470188	0.0999584064327838
0.370739111522203	1.11582404090876
0.713646127346217	2.66536867248456
-0.0381129287045631	0.0422137244520069
-0.12584454876457	0.206402574724289
0.0128427751847741	0.0189469503412805
0.174898047460794	0.275182215263309
0.194406263873926	0.275334354209494
0.645893732147845	1.31864655350561
-0.632506535412006	1.30303605018148
0.162163782080267	0.17345592865518
0.245701948190544	0.330598433054884
0.10793511026534	0.118237226244292
0.123892157560219	0.142794193086003
0.00324581858506085	0.0036489783988149
-0.0454878936842683	0.0472026658163004
0.250916700561873	0.296501218235098
-0.163906858431829	0.113281938727626
-0.0452662640359309	0.0297150096340058
1.12445131899036	1.93036102582721
1.11284754805037	1.11487762622984
0.526660730334575	0.436946507174615
0.292655918687495	0.201029193107429
2.11261131698013	1.4894747852763
1.06554095955467	0.646795237984342
0.163989548701838	0.100035706235181
-0.0888785135931431	0.054550082428436
-0.277191041298714	0.226410675763762
-0.120399009778648	0.11584678628656
-0.183757797463395	0.228282507870084
-0.097447722519137	0.100704886130266
0.202882279673027	0.271596219990941
-0.13148062549874	0.117938833564276
-0.282861864768564	0.295980432857244
0.00633818393355238	0.00428311436046687
1.22631028653839	1.01849265498325
0.321743724285242	0.177293150448102
0.34456797718861	0.172788047174501
0.00991846885126198	0.00531120503170542
0.329621329033922	0.182665343379738
0.784478144522496	0.467114068466933
0.0611452977201705	0.0392840875633547
0.176601799543959	0.124569979933061
1.31000962917872	0.587023547729711
1.30581051293515	0.583204526982758
-0.240229628086566	0.0794522230625189
-0.534392143049664	0.203745310864302
0.487154165827393	0.293259545029583
-0.716065106506029	0.693994855556167
-1.08910192035554	1.37344832954719
0.594684916497053	0.311573640098471
0.419441269122383	0.316910218614563
0.134554338304469	0.0518320974953485
1.11894252117576	1.14821829866985
3.92169914704775	1.70790447007316
1.00982540305298	0.385206220726638
-0.0999914954617059	0.0817007791583119
0.3310347544882	0.337850985972568
-0.404235553440268	0.323008105833041
-0.021738042690823	0.0146721738203229
0.418074481407107	0.315811380806798
1.91857521282731	2.9988424941997
-0.811387956201744	0.699107477608273
-0.805671662746165	0.60713854840695
-0.905737137582477	0.844024742276884
-0.551673904318259	0.467179092176556
0.773858625851274	0.820982741199721
-0.963597119925751	1.02720578036511
-0.606279962932499	0.281855313376656
0.160598318410949	0.109649522102321
0.278945855024131	0.201626627745346
-0.103022075982653	0.0636508859033108
0.985153622133665	0.797702824863594
0.39865986922143	0.318374322719005
1.38575736895464	1.06581524493349
0.976567800325893	0.783192537487406
0.143404084096634	0.0751904186765633
0.320627937220366	0.191335590217567
0.432289555744413	0.302140530195278
0.64844883937219	0.759558347240724
1.63323457511218	1.46523490813658
-0.0713897043053106	0.0313308856162664
0.0882551847073654	0.451448267080807
0.0571818924127005	0.227558580201663
-0.602338627044298	6.17222957741104
0.05559274806157	0.167999135883297
0.29526068048833	1.35517212805697
-0.329211696451558	1.61129873140048
0.444137249081449	1.9228846168863
0.716086265896914	1.81408309325061
0.850755692661884	2.34343135545947
0.3284449894224	0.886499532283719
0.293103258204251	0.913771156658352
0.00241098509565093	0.0046024892345733
0.0159534104825467	0.0291493324920146
0.399239959991663	1.27512580234557
0.582420251817543	1.96354055398555
0.378416511213955	0.701485898440355
0.483085330328852	1.29451489372744
0.447358214526629	0.963277983880817
0.440169787955189	0.978889390234612
0.399741965037954	0.687728234032416
0.547153010322643	1.1428293928868
0.245943517401694	0.330879479993122
0.777877976746554	1.48075989249997
0.577593006342327	0.811253999831082
0.66806241975349	1.12394214277951
-0.155341837342118	0.191700518984489
-0.169576571096005	0.209771700354415
0.166662120621695	0.232477464573436
0.013261589443749	0.0150479034372127
-0.175689032248308	0.19843311589141
0.682262060847182	1.26619618955441
1.21310302524046	1.31562629088814
0.253309688338087	0.242950858590655
0.34782109546791	0.322130558488661
0.21549020410133	0.268758334471102
0.421958798192303	0.509491353192628
-0.145391713012527	0.103405422517719
0.0404665007091881	0.0249247055059904
0.154695977903736	0.095543905311817
-0.0732082920161014	0.0323430675314121
-0.160406674189867	0.0589738488213368
-0.310868877359392	0.142738320808919
0.99200663419249	0.793048497546213
0.583699181812384	0.293621618617968
-0.38419855741859	0.366604790883572
-0.0181927611195732	0.0156584231485841
0.0122675211980309	0.0114288235972686
-0.527285834820975	0.734537427103834
0.243493883205093	0.302606969374153
0.612487973176234	0.914819565569642
0.298991454879993	0.347040558674995
-0.574864699898661	0.652074686101547
0.131242806144598	0.0556558833325553
-0.456314848798633	0.362152092578325
0.984214025889755	0.787561984335347
0.703326531190866	0.711571634184757
0.385504720435877	0.310162439833052
-0.512495796249075	0.392825738129467
1.30906895135202	0.585546772041702
0.427912885754657	0.174104059517884
0.133502874099665	0.0402503094723903
0.63611382542294	0.202940731306447
-0.374056649896452	0.10984667872003
0.380659208100774	0.172749149895122
-0.618011073895791	0.291770852069111
-0.113237553586184	0.0805302700882627
0.180332038228796	0.128232508142629
-0.0675751623148778	0.0296410095443525
0.0757950896954236	0.0512713281332816
-0.0372392329198524	0.0178452615371284
0.303764825787868	0.196228617771195
0.138244131258846	0.0657902007632392
0.31112612156302	0.184509292121474
0.98034060812099	0.78481512313951
0.132731185008627	0.0569814418207354
0.131021865338521	0.0391721334922174
2.09562316418738	0.929819753473407
0.168028924147298	0.125332511090611
0.150048925195981	0.103658553120201
0.373802050476258	0.315882650024823
-0.0775915701571434	0.0648587326283102
0.00512571738831676	0.0041151592617433
0.303676353807216	0.196842573944828
0.154795227253752	0.095291083408765
1.10285696091029	1.57129664307431
0.357722812793298	0.325050959468933
1.46715562282171	1.45620746984174
-0.0483253145631912	0.0317720150271035
-0.293204827712334	0.18605496187446
-0.551908601374494	0.472451366023686
-0.525925923792889	0.400412395510183
-0.637791284210689	0.585328838018433
0.694988167783367	0.690517227571022
0.26885259699078	0.196688956190427
-0.0363260721369763	0.0174106933008506
-0.126577194626998	0.0748314712974713
0.0234872247462741	0.0137112346380925
-0.0731577319566622	0.0315748127927716
0.453661343605304	0.30156956995607
0.138784574776811	0.0726801598230434
0.162189339576128	0.11055554691864
0.639989823605838	0.450143905427401
0.43984229362868	0.319416871208016
-1.03045914372747	0.928357307980358
0.0400607051484571	0.0246733130082694
0.145545879674374	0.0774404602238362
-0.0437870181975114	0.0205488999252291
-0.353088557505653	0.256702992129527
-0.0750435731289707	0.0330638759152141
0.150374505128159	0.0867361489091187
1.54967460389708	0.771811008207858
0.56097122837488	0.450048260958691
0.0244438329713697	0.101080276535712
-0.156721560722994	0.915319749908448
0.503813712832591	4.65161013228168
0.422098653345308	2.69127914739046
-0.161525648743688	0.559049668849385
0.598441732047558	3.46631794367769
0.474859117179118	1.69926840203792
0.586444299792893	2.48647368582213
0.374678557627955	1.24275269745106
0.272577488208667	0.765203847743722
0.0187791924423899	0.0334047355696024
0.453727886432323	1.38303267336491
0.310608601975415	0.760307772380985
0.591060620314838	1.95356971361476
0.169776711455087	0.328716081646699
-0.000350471658432014	0.000270118948606157
-0.185681515911559	0.244387963703434
0.324774456069219	0.490906964359007
-0.286066524106712	0.332098563385959
0.933516028013066	1.58717782062874
0.0398051547650986	0.0365755711840964
-0.237523339896623	0.237032108715109
0.0882281090846046	0.0669986563043961
0.371841576930179	0.430260439903501
0.637271655834996	0.926110383395413
0.0830509245589308	0.0749779561551092
0.462051100384569	0.608893520596746
-0.109838622610038	0.0986080678432289
-0.278975818284516	0.324226767861833
0.0798826045692436	0.087973283186367
-0.0572607340645817	0.0588607047543528
-0.269797699182205	0.36977569309819
-0.44538564699295	0.610061441194408
-0.0454557286617748	0.0452984395427994
0.82999769498154	1.62472280993733
0.0476242347074455	0.04423641321962
-0.614762375405727	0.971736469211911
0.411752042220714	0.526926418727131
0.407714684155307	0.513010125753798
-0.443446392230329	0.392162356747333
0.897237691078544	1.12339303895194
0.0949926260563905	0.0719453174946342
0.0109506329551375	0.0105439474559558
-0.496178575379674	0.429051744307754
-0.00957299062636674	0.00835729899827972
-0.873925651762952	1.41034904020503
-0.193527857544661	0.207634148696807
0.467601829138619	0.520024186456684
0.380072061866636	0.431366185686698
0.25928897837903	0.234631892870189
0.442434378172068	0.416667932163167
0.204397116578771	0.207610353685451
-0.241222464492868	0.220361329210555
-0.360920795338918	0.37429306429494
1.03450635085387	1.08974258265246
0.513533322841443	0.534120276183548
-0.387541152487281	0.400360960322414
0.0879101290723927	0.0659890365802992
0.157383015468284	0.10710573688873
1.21563395251181	1.17132078936212
0.0172450321121334	0.0100544059477072
2.01275325169059	1.85276569833702
0.157869321780529	0.0962197980472121
0.306745203901725	0.18384910767904
0.828150667676114	0.739536849477018
0.268960857011046	0.197868168420762
-0.405336171297758	0.282742050374238
-0.730923973014837	0.766133912594425
0.400589445025548	0.316911421698301
0.750297782719457	0.910090034399536
0.160180500970233	0.109210895592677
0.251721318150557	0.225956275388395
1.77374958948907	2.52917361630288
0.167079924461894	0.113597566200413
1.09290326701328	0.822751382143306
0.738810625256457	0.804761116736981
0.461666270866576	0.30571420524077
0.63604288494431	0.446753247563175
0.950100236673924	0.64001131537105
1.01396469255267	0.958019633296568
0.594503591714722	0.446409322682845
0.715533098165799	0.806393099383153
-0.232536554574812	0.179539779758215
0.57337836596917	0.5470992075971
0.770250907195044	0.717379532323184
0.884464253486712	1.20263173576781
0.196363216335461	0.171680878688393
1.48456476034155	2.32599581049474
0.464463582085229	0.431632715403004
0.413697946480344	0.314316997671111
0.156576334821835	0.0892702986516525
0.294901804219507	0.188947528417611
0.32871402464502	0.182230231586416
0.144144588460939	0.0678524537163777
0.134073230654708	0.0460155036809627
-0.711456076144567	0.571703242935489
-0.620368090302096	0.298254177414873
0.316377506899432	0.190352803607889
-0.316567235100394	0.144377585782161
0.844777911324568	0.613001894281848
-3.46924124245495	1.26110671680306
0.675441028398077	0.319290313551598
0.887925441253663	0.478254789914584
-4.72381940259323	2.84176025608259
0.525398287871674	0.291311812979108
1.88804404395028	1.58806893177126
-0.367369289264194	0.298263055197775
0.146538692662053	0.0834802240676331
-0.143178161840575	0.102137518316456
1.21910232710548	1.47980371631349
-0.173982877129634	0.12194472213598
-0.140337674263732	0.120374844187192
0.580785579326461	0.639907194341195
0.105677597579217	0.0828486233832524
-0.00546437217922062	0.0037403328285236
0.777340699738093	0.616182527392593
0.304500549860433	0.193483397572417
0.906460992937274	0.782036307771811
0.138226354469659	0.0721787016407015
0.782713558241129	0.612875160044898
0.592664555730376	0.308811114106468
1.23884131869025	0.857710464946485
0.12681214354984	0.775714518279147
0.34287245485596	3.03679008800633
0.247643522841433	1.35812528767582
-0.248224650105426	1.18312550707268
0.559566843552145	3.26536722621775
0.629787727025144	2.86658120559911
0.635173370812639	2.87397471546614
0.293283665929888	0.909505973628081
0.207105091373501	0.588246879384177
-0.277882090888376	0.853031499144403
0.381968096170937	1.25073251372101
0.566298788443977	1.90179373809121
0.540533832747374	1.70953729600354
0.444441862278159	1.18007667061503
0.0815893683410832	0.11171224698545
0.262934295950704	0.43746410527916
-0.375243668145293	0.661543383823915
0.188235840113364	0.22562439275464
-0.509130717210963	0.6665188747939
-0.227047256109468	0.241947508713489
0.961193842941245	1.99144068105379
-0.271558392430055	0.334222967601185
0.557219960718326	0.730599462771653
-0.020020288419278	0.0175203623832018
0.571178972331685	0.811243069509722
0.0475009140495966	0.0439254737801857
0.076775871156273	0.0873798214804283
0.695324119467404	1.38247729344546
0.152647083790954	0.18802960096071
-0.343707355202481	0.400743575603764
0.331519655934079	0.464768170133864
-0.0476092816523031	0.0460070924941092
-0.103927035544631	0.107702809818804
0.470673323187653	0.696104481795388
-0.200246436506521	0.24476129132465
0.0337106766501999	0.0348169869890849
-0.0179390834431883	0.0140890341430133
0.906928657661731	1.45426438502409
0.196412162431176	0.180902503305817
0.304246614348734	0.349937303331569
-0.286517931773266	0.242607812397131
0.94931650382867	1.54364458372368
0.308007270974037	0.337853287062081
0.140752952902433	0.141003242720837
-0.21726506203055	0.202929616747879
0.454400771973407	0.607112786445245
0.639082956814103	0.766018121605134
0.441839800532584	0.507155828179289
0.413096066272356	0.495810627990766
-0.120049675730062	0.0865104553109748
0.364023397962963	0.305114134320518
-0.0239713293942658	0.0160206353855288
0.674392463700121	0.693571593202609
0.259872306331653	0.238093016203698
0.644822598001672	0.581770956777167
0.449466302446838	0.299503883723551
0.419821325044991	0.32074568180553
-0.0893155948264101	0.055536664457596
-1.51429894367649	0.782030400332231
0.153043866564642	0.0874055761533763
-0.0763505583148517	0.0334657467407519
-0.702726245281376	0.613507953305219
0.638645930689938	0.680145865437503
-0.408570778600263	0.287383505869274
0.290337339283503	0.209024748694079
0.274457217175243	0.215232660661513
0.0228848722315273	0.0163944791901831
0.446525817624419	0.43479400615699
0.169857273483759	0.122197664689051
0.417922892396649	0.427131257087718
0.411360416982298	0.432556252539619
0.379364394910381	0.303297749554461
0.13058305280536	0.0611638238477383
2.51946463622208	3.29890582977381
0.294983376323211	0.189708431769396
0.28599821911157	0.196202201686871
0.36615312959632	0.311517254303687
0.60031268468587	0.564026267934531
0.824669252130811	0.736047627035295
0.103687733100469	0.0816599036625732
-0.0305565295515652	0.0205677262267532
-0.092474105657979	0.0677390288163375
-0.0920384948322972	0.0677543258338088
0.37846414008829	0.31109895303625
0.1691490495521	0.120641402966801
0.634315715394874	0.754751916371333
0.388589282109524	0.317659868833482
0.149707758317003	0.084466041596332
0.519626977721985	0.518258093547088
0.300956501383445	0.178251345534023
0.439976349389835	0.17437213132703
0.140865673211771	0.0679797365137437
0.296586678066897	0.190410013372756
1.47212104741096	1.45065439778136
-0.69133212401199	0.488806405970564
0.383078213827389	0.173623050496421
-0.322031317936241	0.14738105383145
0.488335440031386	0.304434705572152
0.589058947340894	0.429065784346094
-0.414082950266505	0.233967749269856
0.155227676380098	0.0950617962654334
-2.0907818935671	0.980234505113829
0.638999815498527	0.452706069741017
-0.809509431606786	0.540432439014185
0.137309104876819	0.0658747567075952
-0.617093524209908	0.514850592016714
-0.118334664007004	0.0852306098070116
-1.11898529678004	1.32916190824577
-0.118225890839078	0.0850277653903654
-0.244700695803157	0.240143370739993
0.757318334990585	0.915525858844339
0.0245249170402809	0.0183815492807534
0.151301665390237	0.0859240050719763
-0.665452671510422	0.397612491853498
-0.637773162977631	0.514533769294485
-1.05835271433006	0.854284652875164
-0.960163911348772	0.590550727974614
-0.0563148828630785	0.0354158998034023
0.94110620881686	0.638148984875642
-0.163789861287274	0.113473489914307
0.59651081586398	0.308327344431185
-0.00744009684420283	0.0296243334378827
0.0677915812150572	0.297086072066282
-0.298746185006257	1.77735679154825
-0.0426633191948783	0.113772995615996
0.246792475955503	0.99396684725186
0.312334599223864	1.44333493058317
0.0833087050516932	0.205781185435942
-0.0838774771455883	0.198728984641895
-0.571604319637367	2.66236790051072
0.463767417827937	1.56573161396577
0.41438680152866	1.13463694603338
0.263463654821284	0.63289348500673
0.231363634513484	0.654788340937453
0.238845877327818	0.422209217601509
0.536816224776122	1.08151247507012
0.291457191389093	0.407373352770576
0.215160993890828	0.247428521959408
-0.250805153016344	0.248078854570913
-0.0893421654638821	0.0798212483553513
-0.790429337391391	1.01778703367663
-0.133222047693988	0.124518261431097
0.561436338692207	0.448883797741576
0.200191168097712	0.179310316115471
0.106193325364907	0.105043817781676
-0.0201537694065576	0.0157624594409802
0.099112918280525	0.107979907822039
0.451260985069368	0.707490060567717
0.0831416620749607	0.103302690241749
-0.21244597190125	0.308957763955937
-0.350772256674105	0.585631394249779
-0.553670864995828	1.16933536754401
-0.0664602463855351	0.0655533357647725
-0.550306356951154	0.855348808899308
-0.174367519169121	0.197851001353146
0.256019517971873	0.294034878404652
0.334697518221596	0.446583820575684
0.437223878997484	0.563342308753419
0.616663565426538	0.901887270185932
0.603286952751989	0.980235718964203
0.0518124538541082	0.0482608209113283
-0.141758941186529	0.160827311808592
0.0263749533556971	0.028555536215281
-0.115381051618309	0.118996991847995
-0.0286242483276805	0.0267278036212061
0.573748574089207	0.716562074838114
0.0935528387562474	0.0897161365621058
-0.17061832892753	0.135217200497829
-0.524061624674452	0.566190006556156
0.284844171092142	0.236486174522327
0.0271937983546831	0.015765268605144
0.179209125460915	0.147625601980328
0.138900662251461	0.137942678662546
1.36889916819284	1.96006858830972
0.679478123758585	0.781378950471689
0.340001057852722	0.323823681706208
0.390825472228456	0.327471101756546
0.169513982173352	0.11818283849588
-0.389754961504503	0.375001909555272
-0.12033965609847	0.0876717572567106
1.21641069782293	1.16590201359942
0.177039135650613	0.14870608498928
0.433029876236134	0.410574184841057
0.0118361078491468	0.00935316754003443
0.179280917297889	0.150501498755314
-0.00151601252495	0.00126802254108026
0.239459357507424	0.275004355382759
0.11335894171229	0.0944495512493357
0.931237405552275	1.22649424725944
0.373029132413898	0.311182698811404
1.22250466645615	1.02471918060881
0.254424320061947	0.271046566363855
0.311047743468786	0.310901751539932
0.777446679850586	0.737506947861202
0.87644620193883	0.902145484361822
0.407805042952077	0.305842240977196
0.163755254426826	0.116804759611668
0.607829759036416	0.64772312907118
0.0305746389483363	0.0187033032128526
0.824569612790878	1.05882452732995
0.0123830055652437	0.00943444997486298
-0.168249042029833	0.135029862975973
-0.0531351215070996	0.0343665392820808
0.0658700095408016	0.0442320011034689
-0.213401181827192	0.166120094992644
-0.529566955661825	0.583028741742995
-0.16083044719797	0.152830717033177
0.401281542031183	0.315190897251789
1.01217028470482	1.49065537207645
0.439629183771572	0.315587390723301
1.44814551999689	0.910021425154128
0.779738855745198	0.453655972005668
0.891054299485973	0.483106398566011
1.61006056146374	1.13316508829393
-0.656425293254178	0.389296731441432
0.804954811703476	0.345472225969279
-0.31978122237563	0.148295979589916
0.376269093145559	0.168466848955099
1.04362213336551	0.505201886738609
-0.929315305295619	0.670523981180839
-0.500944855299684	0.267249709597218
-0.404576233684127	0.284869547592823
0.512050074494105	0.183311074585388
-0.619165887525896	0.30050872790294
0.530838611206539	0.300645842959291
-0.197268380484844	0.131977586654635
-1.57906403024377	2.08957774225719
-1.48516613576784	2.03670775639528
0.191048242961791	0.180395664355888
-0.706957176531075	0.616213559379566
0.392488002081955	0.311674334518225
0.0845039126590778	0.0761750650159231
-0.916622391214169	1.48768888145829
-0.291148134414869	0.308118893677744
0.272960098635368	0.204118629153446
-0.448526535152944	0.347689267916647
-1.33362927845285	0.84028154810296
-0.318862040089567	0.145700148440708
0.157660957064399	0.0902326443853883
-0.0796775637098002	0.034588258075646
0.13448075969552	0.0566889931212075
0.671545359847249	0.312738037464226
-0.0403078814487027	0.0192459995739671
0.717340257700376	0.597868045406967
0.138194770235512	0.862051184165199
-0.403341795699582	3.94130429608696
0.261962344609479	1.47083057337917
0.744674120182593	5.7350895488955
0.849296235848818	7.45816803739786
0.368371367710142	1.92143283645644
-0.147254147448251	0.508017883545213
-0.694562496646249	5.10735306404463
0.345026234476656	1.27781318584159
0.286514481056664	0.863385983229008
0.0135299680441681	0.0237690060801321
0.449906101308923	1.60076538409794
0.271777208120636	0.532470279497649
0.331087524320711	0.537968530442543
0.360914189448468	0.662090314510487
-0.284849604328284	0.405786575743633
0.251298455584741	0.293257929467205
0.958336189508914	1.99918397979757
-0.178445576191796	0.189974995563906
-0.261906573915416	0.262198056174464
0.325730602803856	0.332214321469947
-0.310850570421314	0.360416236380639
0.264066118850132	0.355826910882565
0.265510692986023	0.342293044036023
-0.316791607532625	0.47424995963235
-0.0348327249129375	0.0406778929405089
-0.221257125755295	0.312966307943596
-0.0498583134757923	0.0490803819501382
-0.014044001828231	0.013942109961421
0.480409463900921	0.7154001305781
0.139410046460653	0.159917251454046
-0.372194735784312	0.553331186137229
0.0222704106823373	0.0226977847249752
-0.463313688039217	0.74527492297658
0.319816432703003	0.417920419867011
0.316049822343821	0.345676262245628
0.268475820424916	0.232104351675822
0.557398608320699	0.439687070340874
0.470702831593086	0.520842908398307
0.0514939105826094	0.0532474777219258
0.45661636955969	0.435877372689622
-0.0451713833772762	0.03462904830094
0.518882007553055	0.635086907533956
-0.567131476427253	0.823941072257363
-1.03297173629301	1.6804932554731
-0.115604492399801	0.102882511509391
-0.201628908592901	0.199754344247363
0.266734931112331	0.213124406884209
0.362782680952248	0.429060794056967
0.748339140112891	0.829210026134931
0.180143189161636	0.121851782473141
0.166139619392819	0.106623972425008
1.22554327850403	1.00656960177333
0.150889532417195	0.0921009018423789
0.0446653521526458	0.0274783306519243
0.163954768140401	0.106754111138414
-0.284856180249088	0.180538340060546
-0.124112984764568	0.0744574055037952
-0.204777595890116	0.136957102497379
0.0515313589694427	0.0332653670670155
-0.0295592429180934	0.0198017404412908
0.189220434501235	0.184919170038935
0.131456366765827	0.0501335785897107
0.544221937840472	0.628311232143995
0.454218255208867	0.305290790119236
-1.16949234430889	1.01695944623534
-0.046888447001566	0.0220753454067371
0.89510287575386	0.477520252421519
0.841079734878273	0.608084530991171
0.734135283061162	0.705234998599249
0.879522326721603	0.904034607707177
0.302803524354903	0.195018948137541
1.00812752476568	0.926380013370319
0.776675335030107	0.605965300169975
1.11384577278126	0.985484319566924
0.431198029097211	0.30787713290327
0.245782681332457	0.220789840478656
0.162692248785518	0.111531785309585
0.345934528688107	0.310772941122441
-0.232710147230007	0.218337869212737
0.352916835828012	0.319703292532203
0.727950378849296	0.90745325339444
0.351510978702186	0.305008887389957
0.844777911324568	0.613001894281848
0.00612524240803153	0.00417036569785527
0.0146234653317402	0.00776289638787651
-0.406663506836411	0.17279698026155
0.139847419253076	0.0352678773972538
-0.242540504674911	0.0808346916156265
-0.410733451674696	0.287578096199015
-0.128741979229701	0.0935976842332202
0.155850086818023	0.0893842666389105
0.123158023338026	0.0406395227459811
-0.798745703088064	0.43710814171122
0.539841569442302	0.311287181390802
-0.341004024726082	0.207470094658258
-0.81115348207879	0.625904698815022
0.503876995823466	0.183153812193994
-0.0117615216411884	0.00602987006912901
0.128421988678593	0.0547784053282256
0.425994537207181	0.321331845451479
1.22433716047704	1.01039144611467
-0.287430839588568	0.24072770698624
0.330367779668499	0.344484797004516
-0.803263191455589	0.699709770938729
0.161148367646188	0.116963617141158
0.994262572621532	1.1678363006608
0.11822868338343	0.098600689752593
-0.239274892524336	0.182640423001015
0.262674745993032	0.202899355557696
-0.934381578747463	0.688259335794085
-0.717957797372041	0.634466502173435
0.297498980475098	0.203261196031162
1.09501828027603	0.821670566662367
-0.473316386312984	0.320624777453056
-0.0695761357058932	0.0304369656293879
-0.199835544983694	0.108835508322702
0.691265603816037	0.443875998025591
0.127714637931748	0.750784678326643
0.549160641678456	6.27084045566739
0.965443203133245	8.88047710089393
0.581917166112946	4.03868422320943
0.40133121333673	2.46418356285863
-0.276529113934356	1.51288229080928
-0.355519510229423	2.02659957551945
0.136051128841868	0.40691754806679
0.39584067879755	1.52836453340317
0.875889117763842	5.0453808953106
0.5292720868791	1.70136951613485
-0.0489476904984244	0.0824831911256132
0.108302200823427	0.185274065359108
0.0379849742169358	0.0486019904257563
-0.152665883167476	0.204542036197223
0.158430278653618	0.197709609836432
0.543664489877436	0.93226361123937
-0.232544571927369	0.286573710034541
0.202112212295698	0.237045889804978
0.351175712382131	0.423883869011545
-0.218027150054363	0.298031686703172
-0.258350506631804	0.327936699897647
-0.149545092630615	0.194167399616122
-0.0757438451310432	0.0923001817731945
-0.463794899926836	0.813151175721727
0.162671780466975	0.233913784486089
0.41859203701598	0.507175940467961
0.0578224716641086	0.0541461001510771
-0.241048387190078	0.254588295361508
-0.0227623240943209	0.0253952271996618
-0.458130073658501	0.750482645350001
-0.0686614093813606	0.0675478511638213
0.341484884639985	0.548473768494647
0.560135334220786	0.443405353845261
0.356039197551275	0.307908027491125
-0.438331959674306	0.385301636683852
-1.34631951226319	0.850674956631522
0.332287632090035	0.181694918829635
-0.00326876984182251	0.00255007615870224
1.22758627009344	1.47603584867146
-0.101757022056246	0.0844568099982616
0.151498510099145	0.160008988647206
0.258760513152555	0.337035393964174
-0.329475673547623	0.418792497510365
0.300634813365771	0.333594913169476
-0.0263010021295	0.0244496715693297
-0.301115160915202	0.336031498764957
0.151831257724729	0.156363003025789
0.468392067412741	0.424443928999098
0.568639669043765	0.641379855682878
0.438695089703121	0.314780129948599
0.308681359952875	0.198527537914474
-0.344448547396396	0.210884042349458
0.461077033214994	0.312221255903769
-0.804288206510806	0.529227027260296
0.384509989658748	0.174899135225633
0.783906035860182	0.464423658979439
0.0469774739784665	0.0302438028012976
-0.133906300038039	0.109267685200281
0.536289826081758	0.303288642235343
1.47078336399419	1.46692508714791
1.67380921805969	1.925523056221
0.292968818898932	0.200208704619005
-0.0326122045220577	0.0218959493291659
0.0538861926690238	0.044813536426012
0.451482864078852	0.301812746973539
0.527263400625646	0.533521937959826
0.724852242973828	1.06886476538831
0.706738329606004	0.893299327205603
0.536736342373642	0.309418505612572
0.104353336394038	0.0841030360400785
0.777951898672472	0.60550819811525
0.50645224219597	0.179164758070291
-0.160884344769375	0.0925069480567091
0.142093862690921	0.0727337118066535
-0.408348196652589	0.173037028474031
1.55233491709606	0.780491055902145
0.417491359229496	0.319192624657205
0.644798391234584	0.453953987659145
0.312499836150284	0.186049327243251
0.383970873834602	0.174549965674074
0.540734935771451	0.312138642406066
0.950224943438032	0.921134268957798
1.23964648643018	0.855464631126961
2.11746253394309	1.44442398752855
0.470421868801408	0.314571312211205
0.458802356011757	0.422985420660973
-0.249189798702326	0.212564793566449
0.32325361750166	0.333789822197455
-0.497272613792281	0.507006204659657
1.11089950406064	0.962225099938683
0.28055044795068	0.200806034431991
1.95256933090985	0.464168557061862
0.634776719251475	0.580325803509764
0.556269247270882	0.4456128707256
1.22175252700278	0.99923620671646
-0.117075988699747	0.0468937957831159
0.150693249022238	0.0924974705147837
-0.414312984090118	0.290071529288441
-0.167526066297912	0.114939967429407
-0.113310755014642	0.0454808648595026
-0.10316195259349	0.0412582216406303
-1.99246573807522	1.37126725282963
-0.409349575316363	0.287803723315266
0.130273630097158	0.0501529017881732
-0.593061911344302	0.438873760512758
0.376257500531892	0.169443449905246
0.0330160032119855	0.0189684321001679
0.147498881969906	0.0778298328142824
0.389299765688289	0.30455195678689
-0.00511844750931347	0.00274113545245601
-0.409668002624355	0.283162459721572
-0.518933513055004	0.487101436775335
-1.48334032621466	1.03284044348811
-1.35797596147941	1.12937813238155
-0.263821746092969	0.19906397109535
0.271553202970504	0.202360071246868
-0.618347773092747	0.509633698815259
-0.554233359416781	0.352512153787127
0.853000973215524	0.625728519931229
-0.247886789608196	0.163332044482225
-1.49377832352068	0.996678325960458
-0.960988697201818	0.588993893045247
0.539777635897499	0.30920275667799
0.141871731525996	0.0675991786844996
-0.650318276706871	0.160755761640221
0.674935475200989	0.311532358176628
1.23390074073116	1.02181974625479
0.484174018970331	0.300343805148079
0.0545081635327951	0.258771183782808
-0.120985721601429	0.628952967845629
-0.175188500068056	0.952449182018479
-0.535693107588173	5.43662569819836
-0.137754587720227	0.405431697236126
0.0822805558718205	0.184796058309386
0.187060003251769	0.485282501275575
0.0901313278510349	0.195992960022924
-0.185020622488069	0.343101519273293
-0.339667092513498	0.61747486125298
0.319574591820879	0.539262110057952
0.336869746223775	0.484009509131991
0.677541934223166	1.20552362888886
-0.169882527115713	0.173856194849897
0.682450147640697	1.04315541441042
0.814690616300706	1.37473929959883
0.525555944429411	0.633185257705059
-0.4887590096372	0.722574534416699
-0.96054742296779	1.61291112454062
-0.347455105885196	0.477259726036676
0.536651638822105	0.927342270695003
0.183496424995918	0.248813032828888
-0.534716764116406	1.13835819228757
-0.532106097406346	0.855734231565669
-0.00597842313745784	0.0059931264575721
-0.265722922994877	0.389772768152022
0.362746127809847	0.575358937399356
0.0820282038544285	0.0919931024761653
0.136270572235049	0.148987716062506
0.175094591662021	0.201444381641526
0.248453852699392	0.253807374379658
0.248192196480819	0.269322963183434
0.105501391659347	0.0837444731062661
0.551595838227536	0.639914512815526
-0.290960631751585	0.245621933068817
-0.0755724147107695	0.0481422805041241
-0.427910691768077	0.408834106870041
-0.350129112540149	0.425240929295016
-0.454581480392881	0.464587305789183
-0.743191646142441	1.12044979215727
1.00773567876974	1.70276416495459
0.360308527592629	0.437191491624318
0.0777382719473319	0.0690770513018948
0.732711034929703	0.983482739811686
-0.747639631440435	1.02052871889534
0.468929487630166	0.517299164824796
1.14331104723637	1.47933731016947
-0.203354946101858	0.174255309779953
0.799978361928716	1.13280298057754
0.641091615314066	0.456858439926139
-0.0129954795640153	0.00655985784424707
0.0732135821350838	0.0486995588883139
-1.05344696364587	0.853097107578887
-0.437716717531541	0.379654729571262
0.778763350069099	0.739544299068373
0.174377053270584	0.118722185700418
0.0702494126596334	0.0493017332257975
-0.0180798667841586	0.0139608103930261
0.463327908079989	0.423972614132254
0.260325054991671	0.216414162113228
-0.470340486845487	0.539306217340081
0.331984896994746	0.332105911658426
0.441042851202345	0.428700149011208
0.438484321590755	0.313285906068059
0.529228215482598	0.618741998327978
0.181022777173658	0.144043001742681
0.295066177204276	0.188488284805338
-1.10870652185543	0.765326721228268
-1.540235141542	1.74986750603146
-1.85379837077741	1.17735138328201
0.00918987946516304	0.00496598899120001
2.00932480407401	2.86166520668131
-0.155481463687363	0.0878955869598615
-1.15174289016788	1.27351763112295
0.272619454516443	0.203566627265493
0.152930534905007	0.103062983349331
-0.800997258883211	0.616142352806311
-0.400140611282434	0.3171667456043
-0.118183799244217	0.0973332315494324
0.356315706262164	0.31547785916768
0.575971571887289	0.552165370458382
-0.113930255178299	0.0937436931764345
-0.361108742853815	0.375266932789419
0.170721388717287	0.127012569313017
-0.28924317096854	0.244983163369897
0.381035301313382	0.324283897991094
0.389678558104747	0.423436987420574
0.932732691442677	0.241118375689451
0.460916268706258	0.303941185654411
0.167373563985883	0.119723530011677
0.429738004776667	0.174027388577235
-0.796312200500569	0.438095067607232
0.462294392464418	0.315435248410614
-0.783096649568445	0.346616166516464
-0.551053057537471	0.210729552857346
-0.99324698383951	0.493530542814087
-2.08515586123549	0.962584064284973
1.24012098320504	0.859992788968831
-0.494077115235316	0.254064878265807
-0.499547743653516	0.262787096277281
0.129447035975134	0.0552457011137084
-0.322611923661454	0.150307945378287
-0.310359019184267	0.14224092617264
0.137399928986305	0.0462783386797431
-0.257814011636202	0.192457612197631
0.980486781088701	0.787241026200453
0.26777397113167	0.19817433980943
-0.0393234233296183	0.0256157032582301
-0.796578193573529	0.753229022698793
-0.45925710612926	0.363302809988887
0.107153851231117	0.0891397684382749
0.58364311547708	0.802773274485544
-0.342592703277352	0.374487426045184
-0.408891097639243	0.28682193839193
-0.458733885365985	0.361366512871469
-0.342884934006532	0.206990591856754
-0.0736495272610681	0.0323708575292395
0.133503734813561	0.0507661747032354
0.3053260531701	0.183486346353364
0.324781760992693	0.180634988333801
1.7692698879348	1.33231269847393
-0.96878221114579	0.584026810710357
-0.505501557960806	0.267016480955288
0.540256333506185	0.311198145745925
0.783997724723214	0.457096386772093
0.0440267556187505	0.203386120806235
0.0279595905685466	0.112211638824452
-0.309413291236554	2.03789214314182
-0.542265444344819	3.39411050051902
-0.774481014104935	4.02000842717625
0.395970105237034	0.923847816756143
0.298550815646642	0.549259474902306
0.0488082887594523	0.0672648721589901
-0.125901429527378	0.288943783370325
0.489733554794928	0.689356103266459
-0.117276725676009	0.096597605592378
0.0535380119292033	0.0417401589525613
1.42131211185094	2.08859609424137
-1.05438914337727	0.857982925605953
0.000616351184627326	0.000476643000902603
0.0468141792061321	0.0286343572561619
-0.806040515214851	0.539925245423872
-0.0644357305033115	0.0282701094820043
0.262934731835139	0.202468289206531
0.833701745424208	0.764781180967845
-1.35973964650474	1.5393151770909
0.342169139667229	0.31327760126484
-0.371085779861617	0.399424645921128
0.00157275578112642	0.00178585080578069
-0.125193308027826	0.182865638358847
0.338223955178175	0.744988116073626
0.268133570594162	0.449318458789492
-0.942253977817437	1.36854876373189
0.121572363014715	0.10164417010093
0.031970617006204	0.0394045790608003
0.115840737414522	0.139484080562522
0.237845685300193	0.31717108777956
-0.814825841870928	1.39113459179265
0.0391590450512254	0.0425572987347316
0.103584127349344	0.149043545986974
0.302051939595248	0.38798599073065
-0.0749439257271072	0.0814858693981884
0.84885610871364	0.618223678400344
0.0583853421568767	0.0378063321981865
-1.05993324103783	0.849668132449189
0.140938002405334	0.0538530325457891
0.705440571754875	0.459556746778395
1.08803267606264	0.781976154025941
0.657478598261521	0.681955660212868
0.46117781822679	0.596553764751355
0.118363204696183	0.124462459893798
0.294169179303269	0.334493888447869
-0.00140737890409937	0.000965563554286875
0.388578733885963	0.422513975737963
0.163798189944861	0.110427466659555
0.430410166468328	0.516116349084008
0.18926811205285	0.170233748667948
0.248389222450667	0.242316937928495
0.442079122849508	0.415216176319801
-0.474817568763588	0.6496940317359
-0.0330760265748117	0.025642692773454
0.329584196851394	0.47665771213623
0.553396432667858	0.698314807331102
1.22114879706744	1.18368037298288
0.456028231738969	0.309801214121918
1.05019394222672	0.505616700435567
0.690213975784555	0.943231894613782
0.253981394354729	0.286723853943788
0.102390995123262	0.0976425916161238
0.267659898063826	0.256707757736899
0.16940984696154	0.137466503788457
0.192313617382119	0.173091179745731
-0.0854433696199146	0.0642908708996397
0.15427094516165	0.095231317004386
-1.18537121117694	2.25400536729334
0.828353917397956	1.33102261859412
-0.274178403592128	0.307477562907019
-0.489178237223787	0.584657311436765
0.171766587476196	0.132678838468949
0.171219944135774	0.132382038181256
0.0921413245559269	0.0848171596683574
0.564844480208352	0.800682965500914
0.82064466485963	1.04983043359015
-0.187678736274403	0.187724138620749
-0.229019566917544	0.244210321928392
0.917258932295771	1.21798221556769
-0.51900565879485	0.391020286021701
0.595954154733155	0.313662255262955
-0.994002063596532	1.31129103718747
0.0913033659631761	0.0691216298044215
-0.0564442508621405	0.0425940974484126
0.351453999635813	0.177386144408616
0.641715774910117	0.771264073116339
0.46955140833141	0.435851204276786
0.133246928349518	0.0632300593142507
0.639660215207864	0.203910262751024
0.370483083827544	0.315011625237763
0.312742724341979	0.186720099274163
0.388373316981921	0.174297995517844
1.43499437670553	0.469713899049653
-0.236008497146937	0.0772385840822939
0.504822188982883	0.184110918199219
-0.249338917755059	0.0812135713204943
-1.54211096447874	0.565956548030536
-1.54033413653663	0.562613885619299
1.43184622835253	0.479292741706694
-0.748021070817505	0.259437181730533
2.7479767545239	0.782066977880158
-0.376278890867832	0.110765860075796
1.01080793058073	0.389781480211188
2.7479767545239	0.782066977880158
1.01097898122568	0.384935969679341
0.137790482671227	0.0349173015404508
-0.161924550637959	0.0595326272869975
0.79747062420093	0.336571067175277
0.883878124047466	0.467738089792477
-0.691572657708301	0.491007674195221
0.814058972076207	1.03259861935062
0.196134563693661	0.190080525273329
0.137556978054592	0.0531923652243862
-0.357175382366668	0.21127298466513
-0.228336961368319	0.269875586064288
-0.394064667754028	0.516415886871832
-0.831242334418791	1.24489439259051
0.530087939822158	0.443581012468025
-0.560195022926784	0.357956141796025
0.503876995607107	0.183480745946702
-0.372967191440885	0.109879462987979
0.133503734813561	0.0507661747032354
0.143639528802287	0.0686806755580347
-0.0208705769136369	0.0104554341873128
-0.113868804247599	0.0674799653104799
0.471168325922536	0.414109929470431
0.0250893627908083	0.0145562206634708
0.876015616553903	0.883503979149399
0.0612336138885539	0.305362938047373
-0.0921557890093875	0.429626697731873
-0.466588600709841	3.16685749050721
-0.492713461777274	2.28059327022381
0.738083831929735	2.70547792464222
0.0940400414296103	0.141546160437661
0.32538426006942	0.798296170244582
0.250925087561801	0.7592470809925
0.588587023691909	1.02246042794082
0.148355003009496	0.14389407280948
-0.225303474356494	0.193987759943478
-0.321919810839446	0.313256468273601
-0.262594706521128	0.254018406230268
0.671356505359061	0.862610207375721
0.401008300651815	0.318114269221752
1.52352943086689	1.8249764862314
-0.5554858017369	0.349536964939779
0.72047244156086	0.598659655276925
-0.124960646470444	0.0750666329742776
0.74902336636622	0.825806616919417
0.315476528943364	0.328490855392958
0.210244538197457	0.249064394808894
0.325625314642662	0.537170759291192
-0.217817751348871	0.401192592805183
0.187645193726561	0.317993208694725
-0.219224005477801	0.388826729749834
0.0212508421606447	0.0187863252897787
-0.0987821974245617	0.0878114515570349
0.734175493376198	0.981606397852099
-0.041798342533365	0.0579543006356315
0.614456443660644	1.58361218346318
0.0688120632553642	0.0728133438980346
0.339866873821293	0.472638207862795
0.0868513333567997	0.101626949525556
0.185313710793894	0.26807372154988
-0.521348092688755	1.05480218285686
0.346013339884259	0.466431005994909
0.0853066503242147	0.0885443238059731
-0.27434642803802	0.204281949775165
-0.10087956158713	0.0837162060451992
0.157096877683995	0.101964440782504
0.302673146861967	0.197004971289445
0.863632340683636	1.00028231884646
0.530457639608259	0.30362010470355
0.704780108441884	1.05957678021071
0.34281904668876	0.407874274534151
0.319607740170996	0.340332975169227
-0.0540741201096146	0.0448096957873942
0.192323733595326	0.176095348875802
-0.196441073065912	0.184367694818335
0.694211814400484	1.0464934353561
-0.562420955459751	0.704784337441118
-0.149641070319272	0.143038257309186
-0.698808563222483	1.00517258285185
0.102857950196902	0.104522385276149
0.0342271179283582	0.0263401425395813
0.267020331396174	0.206791047717439
0.760728407961414	0.934642223210595
0.160063046124728	0.19920512055149
0.295714952744461	0.187221753791403
0.151626677025432	0.0866686977597382
0.379050511600615	0.402732709944569
0.135615787056653	0.122880876052652
1.403585605444	1.68591344739579
1.47163549156607	1.43958260513265
0.988531653198373	0.805944460469629
0.356465677981145	0.178986526499127
0.475089415727101	0.580853346633754
0.253786475833534	0.314561788835662
0.373613504741818	0.484521857179413
0.257513518251946	0.317938437425274
-0.206489448336756	0.220003524887293
-0.185951812444145	0.209251237362136
0.181640527792765	0.154657631022671
0.264083006135681	0.234925523569967
-0.436319104679041	0.504160911924681
-0.0512964159464256	0.0337683223081534
0.363203902624461	0.307590963930499
0.717111063899417	0.961753198973996
0.311663195574772	0.331109210751938
-0.290929483053063	0.337936414359205
-0.242424734340162	0.232764252053306
0.0441183915028544	0.0281306226414566
-0.320534293449637	0.290118153568039
0.498742806299433	0.60224760295705
0.36370163778189	0.321665294193684
-0.0620705125860167	0.0517156301987306
0.313919504339162	0.348126512558038
-0.394205654956643	0.381869013470477
0.462332503581575	0.626762516957894
0.385040003203438	0.427876325519563
0.0558744569261225	0.0450376893418577
0.428901471345931	0.299349506384387
0.278658106404705	0.210722967894768
0.064435765941904	0.0539945230831608
-0.043242259809563	0.0328288689707956
0.0851581871957769	0.078719875015682
-0.103359424748255	0.0636389469947095
0.0680925126461713	0.0585824439856079
0.0594163025222628	0.0400609843877059
1.11438996717804	0.991420100510489
0.670756440395307	0.693338489916758
0.562613791897215	0.445784809890546
1.43575974850663	0.470793566917827
0.0169479009467615	0.0122130107635966
0.0897776113313738	0.0694520698969995
0.515227114750021	0.779500560677707
0.0928509667979358	0.0704505236191143
-0.0759442541136042	0.0334346828316316
1.06975325288328	1.96145955602717
1.61234746090059	1.12939006017436
0.890165402719589	0.47976520457601
0.134896429334878	0.039767367684544
3.2493353238897	1.10864834370629
0.925335174824177	0.243267565805426
-0.377279345813368	0.110037093431777
0.379767975082268	0.171829370723845
1.23147252968812	0.818949161138315
0.92113051285893	0.24102514029113
0.134159906876777	0.063494901021142
-0.372967191440885	0.109879462987979
1.0174081459446	0.379856022772381
-0.243484148452124	0.0808609088407405
1.00673302274986	0.376202842063423
-3.76928214896483	1.53063223544118
0.137033206871248	0.0343903632230145
-1.29294312375558	0.584532494074216
-0.81158674425055	0.781150038580532
-1.28802787967993	1.40091146820943
-0.198420140159144	0.171250628836771
0.326239041619474	0.326422719078765
-1.11119717550365	1.06027292162081
0.056676693831203	0.0367810801395087
0.441507635287386	0.604260922600956
0.499172868997665	0.801022627654399
0.0794966626611075	0.0830504897039686
-0.168433097623357	0.116538011800416
0.673263322663053	0.582206823522602
0.379396674433148	0.170627484804735
1.07865412111936	0.661976032709241
0.948302898136461	0.641030590343643
-0.160450820523962	0.0919922909907767
-1.36366606263564	1.39143072906721
-0.113347502855609	0.0668036007376149
-0.795789051618215	0.680515658354626
1.52532450874801	1.83203920679964
0.047865855391839	0.21516672689849
-0.239750240364798	1.56576808529763
-0.422429709229831	2.64440346709556
0.018823619993732	0.0411847618773828
0.385339968608908	1.49229484192246
0.381592941974371	1.31857024969789
0.300689427621871	0.910659530490594
0.0764543406142891	0.118710429419878
0.376251802042092	0.686776856556573
0.526248395653271	1.10077746126134
0.834183696070069	1.87274010553114
0.39022221676252	0.5394841490126
0.430516168232088	0.623606497073075
0.586764438163667	0.745005527389017
0.320033090701176	0.34981681379003
0.388935269087199	0.421591281548882
0.59761866222023	0.910478421381856
-0.336585962695361	0.369878273791416
0.250749016324932	0.293243711661137
0.158516810953936	0.200673027997278
0.0309105474205994	0.0351545229431198
-0.638206819996187	0.943044369691616
-0.164833131729819	0.202725580339516
0.692488309099213	1.18931497959434
0.168805997886821	0.186721290439568
-0.119806430872202	0.113258871401329
0.115910268992716	0.0992844270483381
0.116765097566593	0.0978399809735055
0.172081289752099	0.123082660679192
0.0412643106251651	0.0326709222202829
-0.570117119874149	0.630825968293713
-0.407441533750924	0.288289987402343
-0.0553448406604253	0.0426445585815426
0.56415452640135	0.733540809001778
0.0517043082220035	0.0412073802367499
0.614940026116736	0.958218578755068
0.194429548408618	0.186580116041871
0.520541353772575	0.693745359001957
-0.761869777477704	1.11889394610186
0.112324556848588	0.093610181249811
0.582818497838789	0.802643401541705
0.415123934598933	0.418323513837032
0.79128125038864	0.851753091062367
0.399292112412219	0.318134046905139
-0.443299525982951	0.391120104386161
-0.330792331006163	0.323221778892269
0.354223532252551	0.304149094217204
0.54049807912343	0.544004322691116
0.372630505237567	0.319677403357753
-0.201471053572398	0.108732844578922
0.553207556805542	0.434645856741043
-0.0181238225467621	0.00910038704393143
-0.0137023711726114	0.00702717444864034
-0.358621658039166	0.259221224711295
-0.278093492151983	0.173855409251445
0.40661752500818	0.321339030217916
-0.248637476097874	0.189338067680577
0.903389961377659	0.972507444146878
0.169248896483381	0.125500982972327
0.272310240194423	0.19063330509764
0.263635251654073	0.204819007455562
0.461632257474844	0.424513271708223
-0.402955924459053	0.389250750519037
1.05876575783008	1.2472463416179
1.13719021166012	1.34738820268004
0.0473086370138128	0.0304693328759563
0.132285070138854	0.0571628066209519
0.338371323074148	0.319530892727151
-0.740016460914136	0.827501287925082
0.819076067732596	1.14905043761906
1.0964227399148	0.954955743743923
0.884173709287987	0.472402721672149
-0.130786769463675	0.0779900842817241
0.00980178286662788	0.00529108748293348
-0.513691470263713	0.391356805248039
0.315006010668816	0.189071424448688
-0.118945833856785	0.0473131902858002
0.324781760992693	0.180634988333801
0.457901008088797	0.312791220938195
1.55784129103212	1.61229007938674
0.042358352051412	0.0261835507534249
-0.484944081940611	0.416142660808618
0.854924375084228	1.09131274250969
0.0324509079121404	0.0242748724742609
-0.259012667464296	0.195463793292201
-0.435582403253029	0.416518229745083
0.264956552818225	0.2229837245298
-0.883258174828189	0.972185565687474
0.153924807990755	0.101846973176912
-0.355207935025215	0.368779563498487
0.342597485317145	0.337551705421218
-0.14770749838942	0.106036870096346
0.0108630288890966	0.00740433630319296
1.44616845787182	0.902399080424598
-1.80190156331263	0.405310176911618
0.555097478338885	0.441697944163783
2.1458632980422	2.82191921642563
0.591730023655774	0.441808624332247
0.0579449641355597	0.0385036693752525
0.152091855569662	0.0923480974803718
-0.208547392277488	0.112321742779376
0.632093947356051	0.435601910266382
0.147660957031871	0.070750526610108
-0.254207337148143	0.127266835391726
-0.668578241195382	0.396516482451822
-0.1638005064279	0.0600618571222791
0.384167426198213	0.167940707048477
2.72942065755721	1.69304822196136
-1.04825804245851	0.430881776490226
0.351899265998224	0.177155337157001
-1.04730399701661	0.424280980589094
1.04491520476609	0.506834839144269
0.131019638754062	0.0447751745372152
-0.627374015887581	0.302577983997486
-0.413083562640049	0.237619775236265
-0.537319984289297	0.204713039584117
-0.804134317410414	0.436380131085333
-0.193010085173727	0.103179342583055
0.903439564418686	1.00360880443669
0.479892299517524	0.43875887949641
0.0533168707128943	0.0337739185354581
0.36128836008987	0.317381523695293
0.717426249199249	0.598320833284274
-0.474744201555502	0.452526182768275
-0.365738947814337	0.329416447609125
0.641947101675913	0.772071197968622
0.190932926410852	0.157195439073908
0.667182903745162	0.580394582810426
0.0126063302358199	0.00675607690734481
-0.940922892710308	0.686756072214935
-0.556387927775264	0.349946700041202
1.76409178863283	1.00871452403416
0.303101686184988	0.197183450487757
0.135033124779627	0.0646061720063912
0.131221946558283	0.0502960026991821
-0.127559451074316	0.0759254121932676
-0.165633878223146	0.0608230448483071
0.545259085808368	0.311500415232669
-0.07661097116193	0.37217980064392
-0.151381046316892	0.777241791434879
0.357225653169021	2.12313370616875
0.328911744194023	1.46315008878994
0.320815110837361	1.2351485117978
0.385893620328886	1.19351137891083
-0.00979617171791395	0.0169894368828869
0.464294740792606	1.3490282756818
0.449911786254289	1.27129220474929
0.721212836801684	2.16564686194556
0.209737506896226	0.335402969207431
0.211653618819738	0.295397588117257
0.313656439591461	0.471446732929001
0.17009963379705	0.205214549896736
0.395384055252592	0.621900630778445
0.471400093107235	0.944636717640532
0.179654805737536	0.24670067274521
0.287668654102566	0.478439186821333
0.280603340796367	0.479774264407712
-0.0661510615519293	0.0606498577298709
-0.238152872209722	0.329299483194409
0.216356618371685	0.33605416354211
0.321873345477428	0.479928769281466
0.0165928970129068	0.0124318828745048
0.576188109226388	0.557930932966819
-0.486740146543827	0.421987915375137
1.76240943503143	1.37031640138018
-0.596790820892483	0.445194225789298
0.449967020466414	0.29990375799991
-0.723252542631184	0.691185455285097
-1.75093781456855	1.94322993169552
-0.810524817105267	0.538839211472437
0.525486703876013	0.43925019313178
-0.891366311370865	0.903494749128958
-0.8021006343015	0.531475475832632
0.344728964998266	0.328288994826192
0.115995060555981	0.117201193327357
0.797355245807627	1.51286911374014
0.332428815909223	0.480817952110506
0.411743583403708	0.311828754402562
1.13893794784179	1.39058250343388
0.293879922531946	0.200194753636609
0.852077772592217	0.625306078253396
-0.426718846298028	0.405494911981836
0.606260683659853	0.656180663738958
0.15149301524631	0.07975270707057
0.334077697137972	0.184529541286496
0.34689194291272	0.174756289870083
-1.50300139121394	0.765829659959939
1.30675103647863	0.583158549436276
-0.155708699027695	0.0895350781456796
-0.357350039044915	0.320553192882068
0.41971410092742	0.320534481101298
0.894026110682638	0.483621637116731
0.652687235920014	0.673084449422356
1.75656146466318	1.36785086834149
-0.079610580555725	0.0343608606621345
0.457949392842902	0.592607063473307
0.245646568287929	0.285552503489101
-0.00238890645265076	0.0017758989163735
0.306037454703136	0.183531155270607
0.171496468014681	0.143920123614751
0.431680677694771	0.173490632341558
1.02332116822219	0.380084031139872
0.1470992772937	0.0833582853401537
0.674400994786224	0.587475514315222
-0.298346089825178	0.188484422448235
0.143633244582584	0.060968903104367
0.852825293268341	0.621830663927686
0.134073230654708	0.0460155036809627
-0.803779290375477	0.440879993625365
0.694882856439975	0.45141974945748
0.136919308020491	0.0408177028889142
0.504224439381976	0.435898213601877
-0.180042022411316	0.142444270270953
-0.283792948266177	0.240218632681404
-0.28234828196791	0.232792142976564
0.792449457869479	0.958525690581515
-1.37006265235211	2.12935626571656
0.0754289085007042	0.0508104982802937
0.0336819940597296	0.0246875339079756
-1.10640720192498	1.54738999619968
-0.196984796104082	0.185299239055349
0.7204302684111	0.898153382420128
-0.0305736952118664	0.0261633085015072
0.263196653619558	0.235618388068828
1.95256933090985	0.464168557061862
0.940626585033273	0.635578531100905
-0.104043429134561	0.0864092688296736
-0.0776565289652182	0.0496286748043505
0.00548664029901187	0.00400968135899424
0.171815933199015	0.134076707219099
0.178269117144083	0.131768480285481
0.279070156750893	0.199841656168633
-0.279343384507619	0.234950403248175
-0.815643635713379	0.770233439210616
-0.441899672496197	0.389811154821511
-0.874470449680071	0.961586388879342
0.156209326093766	0.105813265172501
0.728509690896648	0.711446162108483
-0.199784685101753	0.135335215472889
-0.453909866197721	0.359277697012655
0.15354429134567	0.0992604490085685
0.586080969496514	0.299580358488585
0.771607674433667	0.456689081283294
-0.0726926463216214	0.0317743871047985
-0.406664680650381	0.286325876767198
0.266987177578652	0.207747614577733
-0.701149055957095	0.56587233855234
-1.11104063254537	0.754346744271256
-0.341181270168229	0.206307759485056
0.854205597009366	0.609726381872246
0.155133172409772	0.0885091822653676
0.668978346185497	0.580184431303678
0.0058595312920361	0.00322045484157418
-1.17912159300931	0.662258652691352
0.0486468889231343	0.0315558481423165
-0.117764308715601	0.0695606275902058
0.281911379319176	0.213286068411189
-0.046888447001566	0.0220753454067371
-0.723615031849149	0.707599994083733
-0.153408438771997	0.108215510267203
-0.0905617720064543	0.0555909714373217
0.396412783249484	0.315918463456604
-0.23441199950012	0.179470324283591
0.77751384945099	0.60886108567264
0.0549886398539237	0.0331873054067057
-0.248142417567758	0.0817264643962973
0.140495897635385	0.0670939268284211
0.0102826060328464	0.0378692233120146
0.0499079334786811	0.184479187348687
0.249512990424236	1.16337292998006
0.309055810322615	1.36008440210474
0.309179223767564	0.627039856859221
0.487746803802072	0.91877584176016
0.427307368065719	0.777100705296415
0.222531200222327	0.363459951641804
0.357261224966376	0.663210572621806
1.21622621128459	1.47014714674461
0.288757569444503	0.194294090846236
0.593407069070909	0.447629224451238
-0.239367311429737	0.158097525081884
0.501951028998794	0.428690172888181
-0.0450575144121129	0.021057247239478
-0.247688428186081	0.0823916105388393
0.970202391233116	1.06401421997402
-0.0565710118610565	0.0371704324158048
-1.2896950729183	1.57743211462867
0.509093597067657	0.527126197613358
0.380689947979469	0.521699858730499
0.503751877504509	0.798259789629439
0.603252502042835	1.05756064548285
0.641137127129357	0.97797869930138
0.441015015386255	0.315703910372293
0.434051935966595	0.314063405780213
0.027788786453615	0.016176686516619
0.293073463980341	0.19909820737131
0.145092977268315	0.0771643200097993
0.295299226997737	0.190812017880156
0.385499917339315	0.32009863349945
0.180432852973603	0.138923383645428
0.128729189524472	0.0428643418305481
-0.548826775034017	0.211250996003237
-1.55148252777341	0.560146364284981
-0.617726724474063	0.300368406367299
-0.537244494096108	0.209199262988428
0.34284704948075	0.317620331793392
-0.446426296558039	0.390745580703507
0.378504083964949	0.168514836554533
1.13234489016879	1.27758835561296
0.381371707416748	0.169975354699587
0.326578424980011	0.18124398231236
0.141109942912127	0.0612078552861342
1.76966044122017	1.35055981902294
0.67711437897708	0.318354079635132
-0.160406674189867	0.0589738488213368
1.23873499504143	0.856815162660153
1.44197655829195	0.904947505639359
-0.967034168694282	0.593347339779727
1.08191107906649	0.792469834130954
2.34069277617099	1.17709168823907
1.3149184560518	0.573772915914149
0.316399141622686	0.170460660713123
0.640432049403559	0.206671110179374
-0.446293786704802	0.347549619579941
-0.236519680716937	0.183575340870265
0.0152895072536813	0.0109263835311998
-0.450265347499738	0.457925179752924
-0.751026887192177	0.887419000660954
-0.397394337431634	0.31665300510338
0.168558701938626	0.115865644270289
-0.0251982865275585	0.0170023231755047
-0.5276775122074	0.495207080758953
-0.269635539324833	0.249280418691934
-0.309066138708862	0.305867365597686
0.30932508830778	0.340824910161083
2.74531503858304	0.788587032684406
-0.112130933053719	0.0448286059291505
0.842187213378858	0.609966035706728
0.0610465612889005	0.0509164160912552
-0.360635572785721	0.296246891376574
0.446525817624419	0.43479400615699
0.152066884413312	0.0914502781343254
-0.149479240128633	0.0846514101883675
0.0929151306102534	0.0726539808579914
0.167563249417235	0.114020280966269
0.607063049169888	0.561175866385213
-0.0737916267822513	0.0468383820771313
0.405773185150001	0.323560888629744
-0.391049895704294	0.306746719131445
1.01730192524734	0.960398127715778
1.01439399667537	0.944377627237155
-0.982530972469344	0.972387633609082
0.588925059225891	0.30692713767465
1.42108947566497	1.60506606270135
0.356870201621534	0.178199764834443
-1.02110340722243	0.937103045317484
-0.712676709460002	0.634209173871815
-0.803742546827481	0.443705159186511
0.816274371042372	0.839573095945578
1.09063634082775	0.819870707734832
-1.06037073851157	0.851688342246477
2.1253027672926	2.14678463138435
1.1271527383876	1.14670200346524
1.4556020591572	1.42005527838519
-0.345691995362913	0.207163031241237
-0.939983109468186	0.694829862286736
-0.011540801437263	0.00592327680091451
1.07917044414486	1.37191965041303
0.146712130826369	0.0764122178936091
0.143711023952806	0.076256849257087
-0.996320849720103	0.994374363057274
-0.206864065739035	0.162957408888653
-0.286136295554579	0.181241580399304
0.0267204266344967	0.0155323850626702
-0.0681027702571607	0.0299490125272113
-0.959594895952265	0.577708704259299
0.121869892064161	0.0414119067952811
0.105681244304068	0.583470855951162
0.0462048289099736	0.174222838665537
0.119270765003319	0.454350343780088
0.383868890397675	1.01478307931496
0.55719096173662	1.41623337477273
0.132817556772541	0.224898583539829
0.503876995607107	0.183480745946702
-1.95932519266041	1.88085815202268
-1.36186370921912	1.38610244129528
0.70098661712072	0.458515533069416
0.159975816647075	0.0983560838215302
0.637016578518162	0.581597831834313
0.456964188123952	0.311645921417258
0.264152372051951	0.248784166115786
0.815356225373216	1.64827475709095
0.249069568352409	0.36876281245048
0.261377405562903	0.34918510996744
0.200279604328453	0.201469450370205
-0.720024102230278	0.643297642838034
1.32736664531243	1.40743410257032
0.155395361891858	0.100263966424744
0.903858813245754	0.767270033698852
0.675881890216982	0.31467432022328
-0.243998378575171	0.118709222655317
0.382538489331006	0.172659190283577
1.30930772219347	0.578363663392743
0.379206341293721	0.170397641869067
-1.05489177493846	0.855389908058958
0.0445371700086295	0.034135671212841
0.280024417391153	0.212186067353598
-1.84810394331344	1.17076971917858
0.546682357486834	0.541171723725581
-0.241997508932612	0.157450660160352
-0.6908353864375	0.488074624135562
0.704558573242938	0.457909502925658
0.365032931872366	0.321734400144356
0.388810881223087	0.319989004834891
0.938465340260101	0.623170439051461
1.43184622835253	0.479292741706694
0.136650751159166	0.0527716036977143
0.159923619702476	0.101114286756363
0.691223283091391	0.695337658683524
-0.195630275722182	0.104602989665633
0.376796890626774	0.170142176796762
-0.541756837620845	0.209412208548733
1.26622927213172	0.702635956115402
0.508781691198075	0.185680235788344
1.43512929527157	0.871093348769041
-0.665452671510422	0.397612491853498
0.611427956866774	0.572117393977393
-0.27904315437084	0.272294274765216
0.263113592348851	0.266207279574634
0.358878836532715	0.317429088115713
-0.548939483482862	0.469033394924734
0.782144294224682	0.833908162984886
-0.224487751246218	0.221776065660777
-0.655676686014477	0.857229700757115
-0.0633448602058741	0.0578304233141737
-0.606983235655529	0.917086468759564
-0.15606606216335	0.167426539007457
0.146034714800373	0.0833501436135887
0.544018973734915	0.625349872250132
-0.174617746795327	0.172396462309809
0.0054696110983241	0.00452829242738839
-1.31097544850365	2.0943822208236
0.188881491160494	0.159102054682432
0.0738133002086231	0.0619660372242011
-0.964579466401224	1.57108467442733
-1.29026619180031	1.60183661149986
-0.0544801346425555	0.0464756567675058
0.443386433952024	0.41926072709714
-0.629005437740918	0.51990555163836
0.163645887778423	0.124473819077912
-0.350416411598078	0.251485667118762
0.308353226698094	0.182037973209554
-0.200042330141144	0.135863963806163
-0.29329906924967	0.187904183407228
0.673905400042419	0.577499463906787
-0.292685155661654	0.186253316453234
0.410265616297151	0.310550503624634
-0.198178348061625	0.107164473164083
-0.172611717425495	0.120425668222978
0.500967950505065	0.435488671462371
-0.0208294203683891	0.0104766374782366
0.925452617916228	1.03047603961633
-0.143539155803834	0.101462735424261
-0.60925889414605	0.491449427064257
0.521819745807643	0.43408534551075
-0.660054041601753	0.388146814913143
0.630927678791126	0.437870015993998
0.41532349881706	0.313316234227321
0.171232756490264	0.131882432066049
-0.125207624233069	0.0910389999326285
1.22595348563195	1.59432336789819
-0.167938157595307	0.116181313558243
0.39443193168189	0.306127405738
-0.169801638052894	0.118503316055617
0.650293036081029	0.456939866691041
0.495460964135645	0.310478818171219
-0.00721706163219458	0.0273254568048832
-0.118392465795475	0.574066550619309
1.46396348852854	1.44150167848961
-0.729099695799615	0.76584758372546
-1.82845110278778	2.1016267794382
-1.00443223520338	0.502284206026845
0.287630469575336	0.19777443409408
0.174872859156904	0.135691968177633
1.46084283110974	1.43368346528591
0.132920056205146	0.121804786338977
-0.00966870317504921	0.0103104501599146
-0.121282230406778	0.142310665144957
0.171483343884895	0.194516280244878
0.168003760009526	0.234219666737433
0.305758115486995	0.356295548204298
0.000285639292668892	0.000250423482810026
0.206186798284118	0.228815895497541
0.156070066052456	0.0962271062195474
0.628142443780238	0.559361796003769
0.295385767792193	0.21101845087053
0.17813803372518	0.152371962661998
0.805863302134345	0.344881526276407
0.131405301493996	0.0450882414222608
2.32831596007181	1.16684659830358
-0.161831289388075	0.0931503938847974
1.25166248514625	0.672824706964554
-0.37705103334154	0.111772840936855
-0.640858361883324	0.580077039554735
0.0101568221671928	0.00808961291511014
-0.291460520151683	0.18189534728319
0.142957599459704	0.0608405612064618
0.18191808487916	0.135535525487125
-0.0718150025706929	0.0318713616421324
1.51288428866367	1.24983983273346
0.124657464578955	0.0420531386291872
0.285524571408853	0.190233739684317
0.420322607754573	0.418155170804005
1.14829511916212	1.41299605446484
0.0391440141050545	0.0239560157313006
1.0127751373005	0.389769011989825
4.54782542326819	2.56053410613821
-0.788045447426295	0.347116983871425
0.531756681795128	0.302180719982629
1.5631115300253	0.754534290433052
1.30977120345695	0.57893048591637
1.51895689059012	1.28890096160702
1.2438205605621	0.858953966787391
0.156722842451926	0.101257779860349
-0.888282725344771	0.900316798856361
0.403050518444868	0.417612809401114
-0.450013746722375	0.585042231069859
-0.062132619192205	0.0521882858738206
0.630006995162559	0.672549585775298
-0.961569883039872	1.02251395276308
0.015852064024026	0.0117769627324055
-1.21747017175655	1.84011521878223
-0.663318473224401	0.932015064231769
0.203289247032627	0.201581379326004
0.0858748939287425	0.0890375794619786
0.446485457453453	0.515344040525434
3.25215396833713	1.09944519815717
0.323979956549486	0.177621865259221
1.00356211138485	1.25188308733248
-0.304695380800035	0.316943628144626
0.91687239943878	1.18715299697337
-0.801654474569923	0.889416934079496
0.0999629657877916	0.0787098886557798
0.586755610915963	0.809517074486731
-0.393481626828009	0.380905803659774
-0.933902482667647	1.13747454457195
-1.06269940517831	1.59051530033898
-0.148114881639978	0.106172558658661
0.353087404536892	0.306296629639298
-1.05764088931607	0.859048487950902
1.32086379352875	1.35878666878998
0.872584732457517	0.880944046335808
0.673021245635865	0.583062877637657
-0.0194549655493389	0.00983092469625321
0.978328432119219	1.06287049565942
-0.117783799198486	0.0700046365381472
0.55251574127604	0.436549596375344
-0.121828722563083	0.0718311311422802
-1.36173604375651	1.13039185537175
0.48160052083379	0.293201861895452
-0.592739862851665	0.442686900728823
0.496677422719441	0.312535548310475
-0.962441487652543	1.0412170775873
-0.303802266546098	0.223467796819811
0.677470578284004	0.595194068805352
0.281566963094125	0.187756576964253
0.604231433549888	0.562230348484753
0.463063675252654	0.426932865125166
0.728913136959522	0.602031829219457
0.0940472039320713	0.0716211178869373
0.738596671882535	0.698574896844071
2.53833459571636	1.40120631688955
0.326599321652469	0.181949869961616
0.0333862388147102	0.142849203565074
-0.0277745582177213	0.0985932642025939
-0.013120718533107	0.0355759549208114
0.436041471252333	2.02145224118046
0.244681355374621	0.609930335022331
0.38094623258063	0.851243235561425
0.691514265303432	1.98140558789245
0.684641428930606	0.67268741362741
-0.964833058631502	1.57178059127875
-0.917248075219407	1.22173163342549
-0.588880097991676	0.428427117067399
-0.67389213595202	0.709989424197527
-0.00262682973216859	0.0017880062492054
-0.0141448951061282	0.00726423083269828
1.05407323087503	2.07325557360453
0.62137371477948	0.91561126996085
0.118333124339221	0.136824257053188
0.24489863984497	0.332297210764336
-0.106771524403073	0.111030804554164
-0.646180282152442	1.04246906593293
-0.34038083057058	0.45922682601397
0.250365764103671	0.282635559625548
0.252352929256821	0.23485248836743
0.601866641900147	0.454776361507179
0.177552195263461	0.153555623366231
0.11843797760779	0.102931145308679
0.176626959315301	0.130388000299438
0.90977019141749	0.781002976976213
-0.359265820197808	0.256853106420482
-0.124872073410095	0.0751688967565704
0.147604098774072	0.0704825376507349
0.38028922997406	0.171691890692594
-0.320271718172287	0.146411912400688
0.851907008332849	0.619147718540351
-0.268784337620452	0.203741510050031
0.410754103093043	0.415489389754117
0.760930233241319	0.938734156253677
-1.61160344306043	1.23693216535039
-0.170285202193411	0.118407507998725
0.054956661113298	0.0353807985724527
0.773630375226997	0.597696875888546
0.169736563086335	0.0936680129439249
0.0695078488741329	0.0466427076550643
-0.0816522618058667	0.0677317505339434
0.263240433578691	0.22105427398548
0.250902306918476	0.251007983087426
0.697984643749156	0.451518515670747
0.770659673209524	0.60528736920033
1.45023067960731	0.895727207553442
0.703191061438126	0.456373775869971
0.253995880573569	0.227528839674599
0.0302615286721325	0.0226424653279262
0.363662284857874	0.321785224644984
0.0995485929295415	0.0778492311394074
-0.801244571121132	0.810575571155315
-0.118308954998893	0.0707027355332106
0.563524121595566	0.640674858540062
-0.431453871216035	0.413085382257453
0.211809083853948	0.214535856878055
-1.23667135343339	2.1292163569414
-0.150222909713596	0.139932288024629
0.272627920271067	0.228205138560757
0.425274015361967	0.435637607994237
0.300870652368486	0.195011908060064
1.7558058605866	0.978886230744933
1.95338582999428	0.463576578510391
0.672250833246252	0.584314009208009
0.644507052778153	0.576930782844507
-0.00499783704316053	0.00435523301603842
0.375978705101355	0.306165235276368
0.0387963890763767	0.0299725484041489
0.0909606696073855	0.0702008862463352
0.0524373878571398	0.0411456555282994
-0.100542526501269	0.0835220744628898
-0.336661638199987	0.328318820034852
-0.849099803153269	1.09063318887541
-0.0351524232601273	0.0236043087031378
0.165635536149847	0.105934750126566
-1.17267951532736	0.654654775618928
0.16316230739523	0.111341341630866
0.491205450949031	0.311155137474942
-0.398655894034159	0.273810945208758
-0.178980492271638	0.123323731736139
0.288260895654598	0.194388771281956
-0.128761371860359	0.0931993720513116
0.291652476676467	0.184899567110138
0.833925219355718	0.753965446050265
-2.9215280140111	2.13136268526535
-0.645989532668506	0.5853327872562
0.713106157981583	0.588813458494917
0.601726101440563	0.45174639430894
-0.81560606017867	0.535000374987637
-0.816061866780445	0.772853708651999
-0.114149026840714	0.0823704981352531
0.343176236088716	0.17167534829835
0.187253263337168	0.163485259370093
0.178679714524016	0.135795327046299
0.146664806402744	0.0829666624514718
0.429814049383362	0.306397194642632
0.0518174610287327	0.239874634873682
0.0640202205455955	0.230536588892326
0.591174071516531	2.55025339716729
0.278953535162059	0.722729661604409
0.205491506684876	0.352196864547324
0.644026123907512	1.41780868271249
0.446604894542147	0.846733213271232
0.212205980543174	0.258498880412657
0.215356062730062	0.264014497174563
0.296033141427609	0.348676626188772
0.664483038372502	1.42120480730074
0.0980658454878135	0.105253260335353
0.34714295885455	0.407645605070047
-0.149068044373639	0.151307192081465
0.0481807838271493	0.0473670742925758
-0.0551990044167884	0.0572574295847771
-0.184541583155715	0.227926885687121
-0.193811156970502	0.286551726317073
0.195698616287216	0.2276655695767
0.120630061472894	0.140433836578561
0.182871140981593	0.159333639806783
-0.118765281944903	0.113891214377055
0.548728670307155	0.54581761440749
-0.318222939898038	0.338264730748551
0.260476039723045	0.262628891600947
0.166709826935591	0.122950804923
-0.187858647784605	0.175346398130524
0.179197518994703	0.197998162339505
0.311102211754074	0.331586573809902
0.446299246276448	0.428778305417705
0.185645729515678	0.18050346232737
0.136830023877628	0.13384501339749
0.0707816923737906	0.0608875577163561
0.315944777099738	0.33546360134987
0.288017164697166	0.207384556649475
0.351175904449995	0.32887781545072
-0.806383747463735	0.943365104116335
0.56638072732313	0.539762707632804
0.266993653820097	0.222142354547432
0.0641767796032795	0.0434652553567104
0.637404689552374	0.760926265312074
0.0197185008115886	0.0114402965720777
-0.163519175484398	0.144212352730577
-0.0663794938447991	0.0499705321754239
0.183054145689813	0.141535378203422
0.675280018007406	0.760725086501008
-0.232936151086458	0.200704405312176
-0.041079588094526	0.0314054708894195
0.262265275788373	0.226576651332076
-0.136123383432378	0.147913545244828
-0.303137523159184	0.356113157591697
0.67545435745098	0.772941318173541
0.550559656008699	0.544336112704084
0.199113128508284	0.22556595972619
0.425017130468192	0.613263120427705
0.33520162730794	0.320490850087027
0.268627984169698	0.210327939020562
0.529564694069473	0.442673522293312
0.780772095947285	0.469007875946361
1.00741896547129	0.913512908065313
0.492669545388855	0.442594353467443
0.818342572396716	0.841205221010256
1.0403610946079	1.08384189514689
0.0864167383709471	0.0636945062477052
0.26909640297127	0.240952942040524
0.512442090437868	0.637989675006454
-0.143108255470529	0.102266867760722
-0.568676326725705	0.510130691431715
0.0768787559055212	0.0700327369433137
0.252671970553062	0.229591862305813
0.179609592725272	0.173468684837279
0.375456927445262	0.305582270453593
-0.122409350191348	0.117711922624918
-0.0501837453950119	0.0384833596570703
0.69712417845089	0.702033087740084
0.905499207313526	1.00268626871348
0.163747372699575	0.111811920939228
1.02451999829914	1.60227572876002
0.322382863707262	0.319514202535159
0.634163602337138	0.442206864334936
0.138618353811657	0.0265211219118666
0.173896478212651	0.139131724556138
-0.183399901754263	0.146389009855152
0.454058918124817	0.735676280772407
0.0634745213934112	0.043135772224214
0.138546156801862	0.124159564828382
0.504453663901444	0.439337443566329
0.309724954670113	0.184255792970155
-0.453992630229701	0.359739757333366
-0.689896795674563	0.485855808402525
-0.364183170663278	0.104599597982621
1.55414783644723	0.79255832938947
0.133269655210264	0.0514052505492531
0.532623269959013	0.30916767420999
1.2720910521412	0.67640370195127
0.150830389693029	0.0711876881471289
1.04735831288932	0.514396011297143
0.797739398809466	0.337954367726383
-0.068561043435748	0.0302379538306446
-1.16912904268943	0.643819391700278
-0.10893038837639	0.0436505557969368
0.134677864468655	0.0633346785369026
-0.61348610565051	0.297980365867815
0.376984253851909	0.168295315532695
0.451261625464797	0.30100732565731
-0.746541897622762	0.826226766902817
0.362331553497012	0.315997139531594
0.0384525655541975	0.0326915591451539
-0.0163385834683955	0.0141859549147125
1.64613237177758	1.50704459059389
0.0309248756876706	0.122640910738362
0.0764121841378587	0.29601908245705
0.108024430998678	0.354790401764554
-0.00102535869696942	0.00210329051466249
0.20187031644512	0.51810977160351
0.0564064427717992	0.104017651061426
0.190682311783521	0.399403631926324
0.504822188982883	0.184110918199219
0.133242130922296	0.0567576205292149
0.434275896280663	0.308945548549801
0.170156345550205	0.129865246765397
0.131691731768424	0.0674168822240894
-0.0165209348498349	0.0113009979354855
0.0992105876795701	0.1070551585153
0.297234629689009	0.40337450715358
0.152239637173719	0.159139034232052
0.0787494740713855	0.0879485957464596
0.222072702098662	0.286337682612972
-0.433512984663784	0.553338168022943
-0.184216197365457	0.174587995019667
0.846255405278952	0.600996437672858
-0.247037690345044	0.12388310621043
0.458402053706987	0.312813665563988
0.697162781394241	0.448187836870871
-0.74554030308287	0.261955894337664
0.377476156793691	0.307555507204085
-0.411170191433053	0.412699592966165
0.404395711753765	0.299284651804337
1.54915667995414	0.775770930689392
-1.50571108094346	0.776897990755576
0.125681624662789	0.0430946049318035
0.926974875419701	0.246284209674963
0.157011066401094	0.0897192288766756
1.07741648625558	1.35671462234552
0.430922082633003	0.41952011871983
0.136536751098384	0.0588145613661722
1.10209953478848	0.982658815436697
-0.161007444408489	0.0591633782808746
0.132407115234569	0.0502603625779582
0.426997082820095	0.170475390766806
0.134986889048387	0.0462856031126629
-0.809508956494244	0.539745688778279
-0.587161654351074	0.580167815195456
-0.292245373244604	0.281732612143832
0.366295122075699	0.310102918008249
-0.277623551913155	0.210672323840906
-0.347017716276127	0.210416889726437
-0.585011453823695	0.657269013314097
0.0299496563442069	0.0260928211628932
-0.179155438583023	0.156878439176245
0.819554546546639	1.05391201991127
-0.0131632656333536	0.00671467291250981
1.33344706718217	1.40907207388861
2.09684126801949	0.936186440936493
0.433730210586914	0.176303641449018
0.640658905761581	0.203950748563405
0.13839215820449	0.0594752839461322
1.7947052374355	0.701940247969362
0.665454891821267	0.572698558662121
0.0688355983382053	0.0479302041646966
1.01527815513928	0.951876263599682
-0.557562304394119	0.359237773984332
-0.163990873361485	0.112601000804075
0.534404886736595	0.533542984105715
0.179593614402913	0.147468380102072
0.377949396611181	0.407589934925104
0.586884921469321	0.802237149883998
0.779319497335788	0.464415369068918
0.505524711177284	0.184537045848412
0.169011582329678	0.130439505106815
1.10964600451065	0.994185990620316
0.138169594891086	0.0265198668009027
1.26175932761623	0.690389463286445
-0.115260270901765	0.0461008558833764
-0.232365515985826	0.232085736634376
0.40262415661772	0.418518367461479
-0.872194073457243	1.01461876956063
0.565034339334183	0.638540139263619
-0.0978183804290857	0.0611096877600323
-0.249864415705702	0.165699061510651
-0.24200371975977	0.15951846512505
-0.526345279515611	0.401017246965458
0.41267078238756	0.307377852061233
-1.16596529411394	1.29697372838723
-0.138463085505701	0.0982284399169336
-0.042098404987027	0.0199020840791217
0.345519736838113	0.170751769800307
0.63426427128183	0.568112432220858
0.730569964419566	0.605631136700538
-0.704876325055801	0.561580323754241
0.162702563200181	0.106536594243501
0.366968614643838	0.321588054674304
0.521006512785539	0.546505359851216
0.607521385610055	0.653486818943657
-0.991032783640912	0.982632771113112
0.533099837392747	0.299687356243058
0.151613824549548	0.92974873978132
0.114812133574501	0.531350607563946
0.110456930061902	0.351085999141557
0.164808752043297	0.495225283852832
0.0670373225505036	0.149255384240792
0.410277819823704	1.54429727789002
0.291736541899359	0.890275941319262
-0.00364716681448167	0.00624719487949106
2.00886431731713	1.840609823367
0.526825747022609	0.297648946892344
0.140363036137061	0.0739028207125284
1.38931860435777	1.04693409478854
0.853085996920399	1.0795810217961
0.49671133110271	0.677824571792942
0.442443903201478	0.698466698227152
-0.0266086261507269	0.0266955584445606
0.205267505193487	0.230967190209207
-0.35149219612434	0.443167081606823
0.308588181176343	0.376881997515168
-0.171505010680851	0.173474502920609
0.487671178883685	0.305144983028228
-0.0501123401136711	0.0234409084264886
-0.201070708036341	0.13758597657294
0.879917160655317	0.884932449993401
0.843758435072714	0.760247737310251
0.723829664936606	0.596722886890584
1.04853061351236	0.513497604131398
0.63221594086863	0.573335710397383
-0.0930216287951673	0.0574556562117889
0.288188390743339	0.207255837641859
1.42898338960615	0.478193832396807
-0.0753633692840319	0.0326342589706787
0.63814267996862	0.450796829514007
0.935057545899691	0.918578400487732
0.424226378335166	0.171786795043042
2.01679174988796	1.85243852089138
0.386832158782822	0.174699905943863
1.22692117663794	1.02750534876531
-0.377279345813368	0.110037093431777
-0.200518032399496	0.10738595812574
-0.968433709685427	0.596827996981073
0.295331715919753	0.188153729165493
-0.225359007852682	0.22686294520133
-0.370354170252007	0.356919664528693
-0.355829240898915	0.284415116139542
-1.33965139404833	0.844412528575109
0.245924825506799	0.220458846668433
0.193377917862126	0.190059242399385
0.314271438995505	0.326728324928115
0.38108852188775	0.422250646296401
0.343671365899063	0.172012046765558
-0.282850810256596	0.23788538318289
0.64542681911787	0.206101967608227
1.26052033452946	0.694825267905602
1.10323463027429	0.976978394082972
1.95256933090985	0.464168557061862
1.54967460389708	0.771811008207858
0.891786233446578	0.479376604609741
0.639433294916704	0.204223062388441
1.79492986711335	0.708745443595502
0.508781691198075	0.185680235788344
0.496663259992376	0.311401056510149
0.394631981538252	0.312787001857358
0.629447939814724	0.654305482840168
0.279527288030526	0.225439050981117
2.25518663028802	1.72855387914991
1.20783177887082	1.42627777248996
0.969852778308523	1.26443404656543
-0.247479623780774	0.124081632727057
4.15872224159386	2.00334296505939
1.12364169140208	1.14350215424788
0.891786233446578	0.479376604609741
0.125033303465894	0.0428637016829975
1.58059835007254	1.65889863149267
1.95338582999428	0.463576578510391
2.0916792997764	0.947020632233422
1.38708349597227	1.05428286157448
0.134720480496125	0.046154809884801
0.632315128727303	0.57553555476519
0.189959418855283	0.16208473651614
0.586238764808894	0.655706251529094
0.119144112717645	0.1009957873755
-0.244290318875915	0.22313959081681
-0.578113851922853	0.654689381064351
-0.746407734588285	0.95163669566474
0.342537908617172	0.327831707367546
-0.667541403551021	0.69354779617832
-0.428444496182458	0.412250308717705
0.411230670948996	0.430212490258799
-0.666826461206202	0.688561952531544
0.192768641917622	0.17777358574791
0.0780169227323269	0.0569981435364019
0.324010329208003	0.32222177757158
-0.324699121274688	0.267745088532864
-0.174317355559429	0.12205313236007
0.116092658123269	0.0936774726358785
0.483463476103907	0.43531208016213
-0.000579714904502816	0.000156017464144203
0.178644461087717	0.131980127912579
0.0961147388671368	0.0731392961271785
1.12994593415617	1.28381879278652
-0.403084015782811	0.28301811266509
0.376984253851909	0.168295315532695
0.068051009474843	0.333741165263818
0.254554907337283	1.62802259342371
0.182581080665949	0.722131908321805
0.0638687746425997	0.168344280721654
-0.144843137786909	0.416429137769509
-0.0365354380059959	0.0829838075040049
-0.0769267080467943	0.173804562252066
0.132933464794398	0.0510034511521027
-0.0950057807971437	0.0694982623559868
0.552750010689492	0.852547436896695
-0.0712437240848791	0.0826645178158547
-0.65105911734432	1.04658453995292
0.461864618033474	0.784495009599001
0.0612370760859056	0.068753997757325
-0.594090334289811	1.02829054181156
-0.0632084346691796	0.0565233842367042
0.378581036876604	0.169849173806516
1.6036524498492	2.02235570047092
0.133506301580523	0.057041336272184
-0.565348450253769	0.359282370452654
-0.889355031279429	0.897492222456077
1.2438205605621	0.858953966787391
-0.201699437986873	0.110070898716132
-0.070043055833551	0.0450131515903852
0.999978452279275	1.1808898921277
0.465339739359345	0.312189308476269
0.598346083136373	0.311803470463921
1.55570247218897	0.782855365464993
0.139536536332895	0.0664389690392924
0.289930608160293	0.209050902619124
-0.498603610523331	0.26086807920911
-0.723825212879434	0.636791469309908
0.680821892067524	0.321997991694214
0.135568968576203	0.0339891491304889
-1.84116096838096	0.76985134303748
0.678684937277313	0.320760896548997
-0.704019823373598	0.570708823362615
0.159214343029013	0.102952093601556
-0.605947670065805	0.639026224683081
0.460919790796689	0.425356620838563
0.290484400925074	0.200036632218241
-0.415425080083732	0.176312678104253
-0.331034869805294	0.325531889731908
-0.0317839651261601	0.0273487551732032
-0.0120581739905826	0.0105020302641401
-0.740331478653181	0.827922571748661
0.133695334854809	0.0576472840948346
0.162509910938061	0.0994324101164664
2.34162975603992	1.17408510591033
1.26646836386461	0.694723939804507
-0.537517418286813	0.207787642934785
0.640432049403559	0.206671110179374
1.79670337293508	0.712109669548487
0.151945586487155	0.0801040262231266
0.129705851940839	0.0500169138857751
-0.789281131674278	0.349469577084022
1.0157137322373	0.387976380499905
0.925979622549504	0.243736825113843
1.30906895135202	0.585546772041702
0.308864733868154	0.183523429807684
0.861715840640375	0.972253156760039
0.174979187065612	0.136918420313378
0.0214394965310297	0.0125424746699897
0.383970873834602	0.174549965674074
-0.541676736821534	0.20902738866301
1.42719460355007	0.477448564652232
0.464301387894047	0.316057721534258
0.805234272741662	0.336641134484994
0.138169594891086	0.0265198668009027
-0.648677249821696	0.158587087101144
1.79063227897974	0.701853790205257
1.95256933090985	0.464168557061862
-0.589503599215631	0.431591390177108
0.147241930529402	0.0702315118293276
0.669550704901489	0.688894217492045
-0.294973073160394	0.288534123652296
-0.615104175240779	0.807681550922134
0.578609965818145	0.73187552423263
0.142266313640272	0.142499588627691
0.109810698914574	0.0915539612513586
0.0167695349799597	0.0124279428234574
-0.237815306426133	0.236451745979677
0.719123770724766	0.996826724850202
0.503809950800367	0.521025940993353
0.439747516420946	0.421826730358912
0.734480120665968	1.00047190490845
0.851611530294649	1.08422979134176
0.05704871174295	0.0446179052327197
0.824835309556919	1.16080915818135
0.183183525353702	0.149273818660372
0.253500903060524	0.24781739834011
-0.611976729660898	0.654788121341765
0.258757978090279	0.234186163689317
0.58142746927493	0.633451772926456
0.413017224209575	0.313437697396161
0.154600389851204	0.0950443189471547
0.719476665765819	0.588766296280488
0.0287772217678059	0.114570129111784
0.043308243954886	0.142777103835824
-0.0117873040569815	0.0293314989587571
-0.071322280667585	0.1812585709595
-0.0577327908815309	0.123119909656573
1.80296230556392	0.702658023385282
1.26073501187491	0.703010678778448
0.164672296091764	0.125387840789613
0.398496677934248	0.526462486372336
-0.209301238976501	0.22345459041071
0.11376856724374	0.113412780507607
0.265369363902268	0.355958275797568
0.457947296334432	0.60134068113919
-0.896849487467415	1.23652578159979
1.07207215977488	1.64926958814739
1.07612512701817	0.661061934315905
-0.795843845856416	0.433844460757483
-1.18332883009248	0.664084427664474
0.63931541852281	0.44548933527957
0.935705413057536	0.623255975540503
-2.24804887370787	1.89556677473309
-1.48556798769405	0.996737139095123
-0.251963260727995	0.125641566230394
0.385226718960957	0.173213467428947
0.138547275345784	0.0347818496624983
1.80600264736229	0.68514954375007
0.925979622549504	0.243736825113843
4.56078523210822	2.528131542146
0.136628230278163	0.0342854039182628
0.702844151096674	0.460433143266634
1.11003406081428	0.992605632379109
-1.2265081381552	0.89664467781406
0.646199645243868	0.204301808848624
0.314607391659921	0.189082777850691
0.136676224470739	0.0411018975580698
0.889628510378139	0.479172004156998
0.927971507294548	0.243537608899139
-1.50452594391491	0.783000045076724
-0.554263855540487	0.351606773834041
0.937121735650436	0.907196770699829
0.0931538694016941	0.0700976592232786
-0.00600625892869203	0.00409181778480709
0.592611092093206	0.447353612843025
-1.83871770989349	0.763183728810254
-0.670052029244698	0.776167074803985
0.848089353775783	1.24364464367643
-0.0199040455963717	0.015548151304812
-1.36057020524226	1.7748726685815
-0.372199398666119	0.10861997456099
0.658980037309351	0.547189506405423
0.681390022630868	0.321647044775536
0.64342341463051	0.205691875654135
0.138818714405564	0.0354421828043769
1.01202616470632	0.384309287615817
-0.784653935996524	0.346067642973006
0.134073230654708	0.0460155036809627
-1.16215049582938	0.354329340870658
1.3081274194218	0.579230011193741
-0.659391095185893	0.158977027492346
-3.09675293313402	0.963861246988004
-0.162138666031309	0.0587364941671403
1.43108326772595	0.478167346987275
0.501557396458874	0.181763123331669
0.281274089933852	0.202951634945168
-0.102819512955387	0.0634191741893039
0.299259685147938	0.194651927259437
0.0385609425909566	0.0236346521769126
0.148998715179659	0.0859368077137369
0.680253645004803	0.320643257971436
1.38570393332155	1.06576613605417
0.00606379054477128	0.0032565933896487
0.50902590722156	0.185473067884794
0.596468791110989	0.314139878149124
0.505524711177284	0.184537045848412
0.139065488656278	0.0671763622834523
0.132607473485159	0.0568637275922903
0.141168720466643	0.026788068800843
0.127549585831426	0.0385072991721353
2.7462498006239	0.778261278020301
-0.154417705398578	0.0866902526677708
0.128925533708437	0.0438883757730603
0.539411998532903	0.449524555332995
0.611506991653475	0.660944898169155
0.499168184929202	0.50892555875991
0.0813984454917818	0.0595993212066524
0.0785649837245228	0.0556126343963988
0.166587476321447	0.119328538476555
0.513819875861259	0.53492537986523
-0.359228294324273	0.348898060924026
0.447627992103158	0.424541310997193
0.780377748811793	0.935458344860133
-0.173240725553496	0.137549166326024
-0.0459665503306008	0.0354367239340875
-0.0168076883023888	0.0131755568757114
0.537893507613329	0.638398940060396
0.993258429944899	1.19580627124291
0.926823873938423	1.42253490538383
0.88225010053778	0.894979989079234
-0.169607967620306	0.131858734598444
-0.412562795331315	0.289643610900367
-0.281405723892814	0.237186800087691
0.490279913222326	0.311029248855653
-0.158642943148227	0.0885808653600145
0.0450377562475755	0.0274124100820779
-0.303788486985213	0.225281241555005
-0.256965935226025	0.129687556813002
0.12751759651284	0.692546924603924
-0.0564879779412517	0.21022638154235
-0.234971682764749	0.408313208693944
1.24701569786176	0.854205619005424
2.5403593823994	1.4201329345157
0.147241930529402	0.0702315118293276
0.119523786452093	0.0447711916695143
0.161393994663842	0.103973558832103
0.422404303848247	0.170657988200285
0.144380687878075	0.0759264337549338
0.627552383055776	0.920179745117295
-0.11627550199547	0.126586295616518
-0.535467017471427	0.74677868968918
0.29490290744611	0.418846459738608
0.648907323368842	0.922953408149225
0.351431441766802	0.324900560779869
0.310028868803496	0.349625392232197
-0.537244494096108	0.209199262988428
1.11199211859259	1.12187516907574
0.151817091769128	0.0862802123233301
-0.170225722424615	0.062449292067667
-0.315965553735581	0.146873211041939
-0.173280772451713	0.0628364542021193
-1.50540218348587	0.770110349355349
-0.0727829236847904	0.0318370948280251
0.155025724923027	0.0954521583694032
0.383444246342965	0.17250982704801
0.891594109996341	0.485178251415359
1.00659170771323	0.383129425199669
-1.16180306616162	0.360626829502971
1.30651499432768	0.576631348210832
0.139576085242422	0.0352987079074651
-1.05175508032405	0.42742275035592
0.160380077744356	0.104513682397522
0.670264679649351	0.314642480739066
0.12685424655362	0.0433860144624846
-0.613996511109693	0.295111904924313
0.428211844260622	0.171721660240625
0.508781691198075	0.185680235788344
0.138547275345784	0.0347818496624983
-0.23997851337229	0.0797141941925215
1.24691606153675	0.851138698923882
1.13155884566637	1.26688808570882
0.548470831023784	0.544764796931207
0.960223779584111	1.25677564267909
0.153981260240451	0.0879917253447733
-1.18476501215196	0.668882730697562
0.18266373281319	0.159697936545042
-0.600395959521269	0.601524824965519
-0.485915123138882	0.486081728732878
-0.43274106068815	0.415437710369079
-0.99475297354519	0.498268403021293
0.540653390926341	0.446192105433504
1.04949426648492	0.516016321322475
0.93002098112329	0.244423585041229
1.42719460355007	0.477448564652232
0.137716344096337	0.0264356853006178
1.4300120770332	0.472328161227103
-1.80211551800213	0.40518546889285
0.127549585831426	0.0385072991721353
0.643652025841357	0.204814057575745
-0.378051187678928	0.111023447161183
-1.04800222855483	0.424355857201703
0.141628868364635	0.0268733845859336
0.644424999818512	0.207579266186308
0.140849939775754	0.0415398473569265
0.137663849025598	0.0410571652515246
-0.749462000858586	0.2621567593617
0.140852554424158	0.0665136999794035
0.626408576032223	0.564580923286596
-0.148114881639978	0.106172558658661
1.07489517802659	0.651732383452557
0.779284516872662	0.459396391549707
0.133269655210264	0.0514052505492531
1.95256933090985	0.464168557061862
0.926974875419701	0.246284209674963
1.21490306257271	1.15061222208013
0.126364227021186	0.0478216422849743
0.287711940269595	0.216151630680599
-1.01392061563934	1.22850374063875
0.265850539311889	0.220373506128087
-0.871143460641644	0.953768507189881
0.423696311171079	0.512223438030414
0.339131322591666	0.332561135128117
0.369211308643825	0.4235405302549
0.715067127740704	0.986070630037646
0.171858156847634	0.143180575046223
-0.077478408376043	0.0568134015598765
0.320292749747606	0.191240631825839
-0.267815816356651	0.201112013386156
-0.12803289270007	0.0755899018413089
0.190657719792339	0.165605669506074
0.779989302251173	0.74320293193552
-0.546670946377257	0.465487563800831
-0.303694145559493	0.298153497311828
-0.0866203817612671	0.0529819869155033
0.522742874818763	0.430416121616159
0.461309990464925	0.416809569835975
0.530881630966149	0.440322148596114
-0.234808162435646	0.181630545603749
0.892584941543417	0.766202110983927
0.455475390351201	0.302626144631852
0.501557396458874	0.181763123331669
0.110250945953722	0.605494387871449
0.0652602975480042	0.251345753897183
-0.126724222896403	0.161589569401605
0.0217696194197794	0.0273974730945317
-0.160880861691267	0.254041922974822
0.6119340963712	1.30286163193918
0.107718707562779	0.0873345586147474
0.158076096660187	0.0976913342210614
0.44246274012652	0.432561670166441
2.05817152573923	2.55999084835371
-0.10893038837639	0.0436505557969368
0.540734935771451	0.312138642406066
0.507170252862813	0.182647571247782
-0.119807342060144	0.0712380690521191
-0.245125886823189	0.0807837724647685
-0.17573616659889	0.0630335067755148
0.676940602138549	0.578717615245733
-1.35960810929556	1.10330104038983
-0.0531860531903967	0.0350349278364923
0.40332380595667	0.513467413840543
0.656653474419117	1.09872592224288
0.358354622814141	0.417507700914933
0.625204347318322	0.9089435813148
-0.433652619727235	0.549494008472817
-0.265828854531605	0.259950631690516
0.297076367283737	0.357856010458919
1.09640120283032	0.828760806296515
1.52957511248979	1.29011962428669
0.695778399129093	0.705195484422541
0.297887225852487	0.193932473023783
-0.0122901085850976	0.00629225645115979
-0.248892050855984	0.125306899342208
0.785768459333294	0.469282505456099
-0.557320411516759	0.351556894505529
0.168092228196917	0.114178316693203
0.132755613913402	0.0400087413766842
-0.78924387183728	0.348604739701014
0.427968241407764	0.171984093924236
1.55195430013803	0.775907452258494
1.43499437670553	0.469713899049653
-0.10316195259349	0.0412582216406303
-0.23788425127927	0.0784171557797199
1.0306759031892	1.08190593719992
-1.27034670341251	1.19352449382437
-1.62776059385121	1.21955576326409
0.784478144522496	0.467114068466933
-0.410964195034156	0.174446518608924
-1.12028189607188	0.745059065738468
0.139088984871223	0.0347391602259325
0.536718451136399	0.310808999322767
-0.669447948468175	0.394293813772971
0.984012208191212	0.800415102244471
-0.221594822704612	0.217812549755328
0.0762647164659831	0.0661139350354191
0.166345903812652	0.107029814853615
1.52945735135244	1.27857120414599
0.949889971546535	1.35166897651586
-0.219043369172694	0.165045366462405
0.851372263174716	1.18546962203754
0.0497180092183702	0.0320846249980035
1.44374325211837	0.902868618476487
0.0419577224182508	0.0258699465439763
-0.373501444264572	0.109780204795531
0.144052503073331	0.0693617330621453
0.576459912695478	0.553506098892444
0.132517398019614	0.0400248322660559
2.74531503858304	0.788587032684406
0.134249836964903	0.0400890519468039
-0.37373542401889	0.110004299970677
0.133502874099665	0.0402503094723903
-1.69532854525063	0.974136322781026
0.138169594891086	0.0265198668009027
0.595618673474071	0.306898760952826
-1.5474633720333	0.553850398014262
-0.37373542401889	0.110004299970677
0.801807406267958	0.338805355853086
0.143458160699927	0.0358142984417619
1.07059638320481	0.65964965106335
-0.560880442946822	0.360114910432844
-0.254503396981774	0.165628367085704
-0.338008484919891	0.202772274158522
-0.0534874915112317	0.0348574100022811
0.780276343353852	0.468382954742763
1.3006719877267	0.570982695859716
-1.15790256442372	0.35664499176059
0.00469335528623277	0.00254079519906737
0.537678060281947	0.309709857050163
0.497104316313377	0.424953982287121
0.423274463975772	0.407352927472453
0.162870953093911	0.11527704926178
-0.327886305995775	0.268483142347518
-0.0350180068377167	0.0235524065473108
-0.478579254184315	0.455217708915553
-0.0994995319999965	0.0802918441620298
0.327752724869373	0.328322353812001
-0.276237920077897	0.272090836228598
0.00803635552848472	0.00540833142047092
0.253196045640364	0.260120442966964
0.273567621596228	0.220343879405277
-0.590377732407801	0.698619189902752
-1.17675810267935	1.48064716763776
1.31293968458736	1.52942563739605
-0.385850744371394	0.398562331101874
-0.097036246457766	0.0719544798881844
0.483755985959949	0.433821412841735
0.644779648198482	0.685187288005634
0.573613549991434	0.540969858232774
0.0348032878675075	0.0214064863614014
0.456698657827164	0.420248628317903
0.159708723471573	0.104166973984866
-0.0451789269554973	0.021477874880949
1.02226100700578	0.961431245330627
0.720390805640438	0.597060593603645
0.46135492676742	0.315276346247664
0.673784524257381	0.586364035793908
0.529651596103732	0.438232606403797
0.136082679681813	0.0525324784428168
0.112192556594431	0.59195028707394
-0.206979777525686	0.271034211645877
0.479844460677602	1.0816883651563
-0.0468270526198939	0.0564732893121817
0.357151137227341	0.592038598385481
0.144941408775335	0.0912390376024343
0.596380259582866	0.311809528664308
0.506149598967326	0.440468820991601
0.675070079402767	0.317521362750003
0.380121707371162	0.172795499204357
1.7986632649824	0.695887804785882
-0.164988899854355	0.0605952762512714
0.351453999635813	0.177386144408616
0.139600877429627	0.0467697736097162
1.00907487707479	0.37988153605154
1.04703881822428	0.509972446965714
0.59698332640387	0.313347175901406
0.291174219739063	0.208857877834288
0.380352085387741	0.430200857425991
0.660275447006022	1.06610828108093
0.635416154532861	0.98875716636292
0.247939036908987	0.258392979500357
0.752228138253557	0.927603154142962
0.26530579695241	0.228371161539738
0.345202050850963	0.337377929305033
0.482966175287835	0.298819243210223
1.89474859593356	1.59310555917114
0.932076739539809	0.903554681686304
0.300870652368486	0.195011908060064
0.637216838730331	0.450337062068766
0.382552924933728	0.170650934309931
-0.0440409274474635	0.0204784307234436
-0.961924511455756	0.589079919276881
0.328689027799348	0.18054587752802
0.152897859159016	0.088198387243042
1.31000962917872	0.587023547729711
0.426999830129114	0.173224779129442
-0.248387997661862	0.0825807028479737
0.432818540013999	0.176395167801005
-0.372967191440885	0.109879462987979
4.16297464468131	2.01131540508322
-2.58557826662177	0.681302812577655
0.64519752559114	0.205734411961475
-0.753925861436807	0.267481396825324
0.641863832647529	0.451905774642245
-0.249718719189391	0.12295521834072
0.646660380501026	0.201890156969149
-0.545937468398142	0.462088791171765
0.372411733240217	0.165579301111008
0.126802817719759	0.038018792856063
0.646199645243868	0.204301808848624
-0.537244494096108	0.209199262988428
-0.242540611132044	0.0799129882351132
0.456309101343481	0.307937980390401
0.176850027395694	0.144146672261082
-0.0687919109935123	0.0433534786051105
-0.416277517472906	0.289399961967308
-0.371729277964481	0.109124865696984
0.268762086254725	0.2183423278672
0.016545360687042	0.0118843716447082
-0.152536205479943	0.0867860598452193
1.03709058070998	1.0774381493722
0.505755132156118	0.18204282627756
0.4689369024136	0.31166678890818
-2.0933032092999	0.976892909140157
1.05040313922884	0.518133696966867
0.845518931357878	0.623774960953166
0.139073148904902	0.0266055202308437
0.643116964490613	0.200929236084753
0.505514712818863	0.182262620756373
0.137716344096337	0.0264356853006178
0.803361080865828	0.333358985165973
0.138169594891086	0.0265198668009027
2.54483027783621	1.43468379342015
-0.542036345709306	0.210633259955254
-0.535953611007358	0.20815255049836
-0.372732473872603	0.110746709749891
2.74531503858304	0.788587032684406
-0.742349181059267	0.256074125339766
0.643340792092692	0.200971374553889
1.42795516831077	0.478570790474717
-0.372199398666119	0.10861997456099
0.50902590722156	0.185473067884794
0.0343562089360078	0.020839049241728
0.297589752111975	0.189609300585713
0.678448247211873	0.321181182956278
0.128532989649213	0.0387330108702786
0.804306426214091	0.344854975606889
-0.54655735290113	0.211260778769488
0.637110020884382	0.202981575807905
1.24066013245203	0.852561263655785
0.640432049403559	0.206671110179374
-1.80190156331263	0.405310176911618
-0.670817615100969	0.39086718352339
2.10754295139392	1.46518638474586
0.0705125157129986	0.0470470688514314
-0.117909017706969	0.0843605777457697
-0.0546239539514653	0.0415550369974254
0.0337679602762941	0.0194577269862344
-0.812699623666362	0.6320697025516
0.268114137325446	0.225889673416095
-0.725553144865624	0.755010789511668
-0.291761010454958	0.264621695025518
0.195880260941504	0.17648476025895
-0.492744381283287	0.493036403894338
-0.63795599788073	0.742801521818692
0.0720510763148128	0.0508610087306204
-0.671315829751846	0.753351374184787
0.529213109096156	0.638552886090675
0.82232439746403	0.970229197056873
0.748834266404749	0.824382240871012
-0.0542045308609481	0.0408378586623996
-0.75447199375219	0.926235892807226
-0.291494359581861	0.18672364282695
0.486018881107652	0.433528442746419
0.0294687360541741	0.0215903383323702
-1.23396143824551	1.45733944327733
0.377864780847001	0.323500891692659
-0.35829478220313	0.260640643299041
0.831851040765844	0.759205247413519
0.500654576669127	0.313211662919502
0.148334390040018	0.0833844236243811
0.251223053955681	0.482085630507402
-0.179264797344129	0.326296919846852
0.128170357401693	0.197416386507934
0.458206013263699	1.01155426595543
1.34625636065269	2.28809557317823
-0.394192405592021	0.313796130349069
-1.11276903550165	1.07895032405741
-0.807417516262668	0.534709045415004
-1.23886859513266	0.917454495897077
0.540793553794894	0.309284059027987
0.0344800690578403	0.0211231485995658
-0.654185012348187	0.383863452659957
0.137420997667979	0.0409326259269069
2.53789338363063	1.39126246844506
-0.88459977258704	0.883351345445917
1.07578376777698	0.652983171670057
0.289152741205981	0.194204125637332
0.429495924520776	0.513903698445678
0.439004595128755	0.684589399969068
0.290902639103427	0.360241228144971
0.756666448416923	1.54786144034809
0.393606775612434	0.527644544040532
0.144348606438145	0.139431305082076
1.14661630295722	2.31737285693141
-0.805117667520469	0.540689850428562
-0.421033189299169	0.239021087988658
0.987155649991001	0.805692902760784
0.937538549524797	0.925241850255216
0.331437908890023	0.182154806519759
0.543448973506178	0.309534224495824
0.497950475151418	0.307047185330415
0.025198666432279	0.0146908932130392
-0.0967516068389626	0.0598125179250669
-0.164721452201245	0.093725263052343
0.505766542576991	0.183848744269859
1.31071131737431	0.580370529078579
0.504119448545076	0.18175729938249
1.0127751373005	0.389769011989825
0.502257853940925	0.180672046950637
-0.646622749070198	0.158987296788642
-1.05409989481754	0.428530499260954
-1.84561761110929	0.76467611260434
-3.09407144090335	0.959647090123049
0.888625099775903	0.479317320268856
-1.01380249942136	0.921348615081002
1.13113057645692	1.29135099647464
0.132452680865618	0.0395235140572552
0.37768898545785	0.170244248173548
-2.58468514934926	0.681926813759725
-0.115998485190889	0.0466372210510191
0.127549585831426	0.0385072991721353
1.01179148986041	0.390812379931115
-0.49679855039686	0.262940161450173
0.554277863230745	0.437997922586207
0.372074279026935	0.318995819494581
-0.0971704794711776	0.060143923570537
0.140213600976277	0.0608520726966992
-0.256487554569365	0.129258625019038
-0.196059609327166	0.166310122835064
0.266536461038097	0.223776844359512
0.753525147686317	0.999945115783684
0.39505092476003	0.314228073397115
-0.544995323112593	0.212530818243473
0.430572676758615	0.309928123160746
2.74438259751335	0.780038400688451
1.30090520337058	0.572638933080247
0.343083288801788	0.16950029788557
0.92113051285893	0.24102514029113
0.138169594891086	0.0265198668009027
2.74438259751335	0.780038400688451
3.2493353238897	1.10864834370629
0.379942993822229	0.16862823596508
0.140605369101782	0.0351308802058006
0.13377964661681	0.0339655613686654
-0.372967191440885	0.109879462987979
0.634342685225005	0.200262051002372
0.136676224470739	0.0411018975580698
0.151185426454512	0.0791735718078103
1.42795516831077	0.478570790474717
1.55058082848015	0.77555938050866
-1.54211096447874	0.565956548030536
1.42898338960615	0.478193832396807
0.927971507294548	0.243537608899139
3.62254507579789	1.42030496214698
-0.990641438194858	0.499830060480935
-0.257442795523042	0.129966494711828
-0.282308158484745	0.177482202129175
1.4656205861039	1.43439869904536
1.10595415857381	0.965070737674098
0.143557930723466	0.0686987486150834
0.427912885754657	0.174104059517884
0.500881313980477	0.177001538163269
1.04827876670718	0.512729987704964
0.128532989649213	0.0387330108702786
1.10036040957054	0.826599874882047
1.79492986711335	0.708745443595502
3.2493353238897	1.10864834370629
-0.50501149487898	0.266461656561193
0.434096757994358	0.173232953749715
1.04853061351236	0.513497604131398
0.641337916729303	0.678978128438272
-0.793459220954979	0.974156557105322
0.344262121020541	0.339373348554368
-0.0990789472212548	0.0725043277738766
0.934539410920456	0.91846397067378
-0.0969890634214139	0.0710572603917704
-0.319578957361958	0.286033742258718
-0.194476921916123	0.150359083153189
-0.640645601723723	0.795798485306174
-0.169630180030391	0.116197343804297
0.375169002209433	0.320765981261303
0.0960732864080976	0.0732615942389428
0.89121730909549	1.22229299164224
0.53197711358108	0.596139550207834
0.780330546677983	1.01310970401487
0.175730866304894	0.148673452379514
-0.162518404354656	0.110480374815307
0.970348103005168	1.06606188148405
0.349205329534767	0.311867294154938
-0.0698091004577574	0.0449044719356411
0.398226978467296	0.415975265905462
-0.19110594404251	0.149515755937514
0.28942657938757	0.199312178742737
0.290548630901396	0.197107393760212
-0.197437351636756	0.106683043412655
1.46861156847624	1.45130588000541
-0.122863314770373	0.0739201455906619
0.493076914582747	0.305452435578137
0.585567661520915	0.299173789557443
0.419599249369453	0.291753904704194
0.13058318975526	0.044400681981578
0.117155033220195	0.158093984332756
0.412252342057414	0.789118228126166
0.34053165074083	0.771625417498414
-0.0801110381917404	0.0971384935006192
0.262600945487722	0.393223183109952
0.351038586789815	0.319476824995012
-0.695941661458926	0.485368467528019
0.290878078662392	0.217601562622567
-0.111079199501302	0.0444318085674208
2.34069277617099	1.17709168823907
-0.244180925356045	0.081049134991476
0.549806184455389	0.431774042978533
-0.967944191275437	0.596677701401342
-3.770040500817	1.52983951262272
1.76290642725397	1.34921920055233
1.06657577828834	0.640926749920793
1.2534563280134	0.685071628214355
0.471645380905913	0.434276170836395
0.260500386723654	0.254893402624736
0.426086792251637	0.515704449271243
0.358188825464613	0.462450603100877
0.333142240528895	0.475150632118762
0.133418028947423	0.150131935437993
0.800038796582988	1.11225351189669
-0.30416133303073	0.299536232604206
-0.677035916292497	0.387924474044834
0.592722120505786	0.311472861936352
1.01450619014864	0.381688299080763
-0.115569345591147	0.0685412502617319
0.645741833064131	0.457002409012323
0.134073230654708	0.0460155036809627
1.04987224487647	0.509411343678692
-1.74015891180358	1.43720557419893
0.157733349808951	0.102590235201573
-0.916829614463109	0.776314114796777
0.134986889048387	0.0462856031126629
0.141628868364635	0.0268733845859336
1.04943825292443	0.511264523795884
0.132452680865618	0.0395235140572552
0.131769780715528	0.0397831026994758
1.42395946891673	0.472583961120929
2.08924618973395	0.946370198374706
-1.05314945343007	0.432914540626917
1.95338582999428	0.463576578510391
0.134942268942205	0.0403123831956986
0.640911051680955	0.4525706820375
1.07527058489643	0.659827608810812
0.127894779700985	0.0492384929400269
2.33344818907	1.17648881814106
0.126591754435651	0.0434512482036923
1.556606241661	0.779912172364091
0.126565388852724	0.0378858273324485
-2.09495514552012	0.983809814108261
-4.72494250290075	2.83383703472576
0.491017061386694	0.303723387340019
-0.726825822373904	0.645165224167096
0.172321501357729	0.128823408875281
0.845528727356151	0.619861005049902
-0.244428546932055	0.0805963435476292
1.29749240216013	1.79612473760122
0.543786340620348	0.447934715624177
-0.808193453665052	0.952507787215636
-0.202492642886171	0.134695614448244
0.432216086405575	0.176459106478166
-0.288059839184742	0.184034684175477
-0.748717096925392	0.26268742708996
0.800731449974192	0.3425296464443
1.61421406089321	1.13145762266747
1.44109311682681	0.902431779745543
0.137716344096337	0.0264356853006178
2.08942933324319	0.937032032738502
-0.156410859268319	0.05671112596927
0.644195640504139	0.203891935709909
-1.16152021660948	0.35929571617842
0.647434198867694	0.204530170773019
3.61956389250147	1.43028882967321
-1.16756877193145	0.358467365380653
-0.550411694793751	0.212093304237507
3.62467162070288	1.43500145314363
0.926974875419701	0.246284209674963
-2.58513149511835	0.689509113042442
1.79670337293508	0.712109669548487
1.45145722101094	0.908259665628721
-0.649319222104321	0.16021039083734
1.29973471610108	0.564385220901548
3.2493353238897	1.10864834370629
0.926974875419701	0.246284209674963
-2.58468514934926	0.681926813759725
0.137393054243537	0.0344634753891055
0.799290226460679	0.340854272095793
0.67901757313456	0.322548276957465
-0.0398143627239562	0.0187884701452765
0.283790481094952	0.204303775388156
0.14676440336715	0.070123635824282
3.92381962582763	1.65950567251949
0.596332744420052	0.311863444506357
0.536736342373642	0.309418505612572
1.0166972253032	0.3880595427182
-1.05830757618137	0.424133349862926
-1.04730399701661	0.424280980589094
1.79162840936759	0.703437230890096
1.95338582999428	0.463576578510391
0.929670085417592	0.244778423912617
1.95584693887656	0.462330835133922
-1.84590182331476	1.64868177782776
-0.322609667707192	0.146640656215102
0.429430403324828	0.174308914564631
0.156908805295069	0.0956202512704746
-1.36587079377843	1.36044171616685
0.396626604089079	0.308711173790913
-0.0160542696005439	0.0109233757874356
-0.20689837909587	0.161206887465626
0.772048392904989	0.454504086296581
0.108080772715559	0.0851674449058015
-0.40034328126491	0.322782693635886
-0.0582277602551894	0.0379336753391794
0.570780291542719	0.712123860585083
-0.123074469788417	0.0737742316354238
1.86527537852026	2.03798148527457
0.696300629688942	0.706575537411165
0.594765795386286	0.647802488289743
0.489566960461294	0.519572189196441
0.728049458839642	0.710177520367136
0.515719857484704	0.419219032832725
0.18290561656552	0.146632315829626
-0.5470031730715	0.338560454119286
0.277183363031907	0.196839544416552
-0.702295450618802	0.557160569691951
0.0480495117471288	0.0292850139234711
0.291597875048508	0.198889542167892
0.392505643109781	0.305444078099447
-0.165270693165297	0.114559405065437
-0.553310532691852	0.344907674297317
-0.805972285086165	0.631242873606396
1.09640120283032	0.828760806296515
0.380099872758889	0.1709421314455
0.551029572817041	1.72976225089779
0.225981750499742	0.494514938735628
0.372355302520568	0.86557035857089
0.425844113804376	1.01572870285807
1.27668889712003	2.09979831562522
-0.0461461451138036	0.0301845546146338
0.716382329429286	0.600201027103662
-0.257881450773153	0.129798173549634
0.943817319094449	0.638436447606473
-0.16776118524494	0.0607821297221987
-0.26318953491274	0.129720551977487
0.16589201226485	0.122191937409992
-0.165029630388723	0.0604405571991372
0.772601086744628	0.451500509244012
-0.0662704852710001	0.0292621314354455
0.142068913857898	0.05365775036775
0.191793937767174	0.163561192222403
1.13100462635736	2.57852396364685
1.19355247837662	2.82305181181367
0.581635412488647	0.972054579473775
0.129934075194682	0.157604842792615
0.319332847441335	0.415275753077888
1.13147191014837	2.02962282967938
-0.142558338973419	0.127072417109163
0.408471402163826	0.309908643816044
-0.110183371955416	0.0441964288526037
0.672074675205715	0.585145133129067
-0.202913287794563	0.109397782577696
0.151739750821036	0.092198126576128
0.136536751098384	0.0588145613661722
0.137432365546475	0.0592370194345653
0.312686162257136	0.18667763647976
0.838824610394002	0.764197803230005
-0.250606121491526	0.124888982661009
-0.804683993905916	0.436870397901829
-2.58513149511835	0.689509113042442
0.134720480496125	0.046154809884801
-0.408916272225057	0.173941516536407
0.430994181149932	0.173808003780719
1.4300525619712	0.473890200865325
1.01496655409926	0.392016410565643
0.926329332609966	0.245803896301602
1.42719460355007	0.477448564652232
0.14676440336715	0.070123635824282
0.410557720433883	0.308989974046323
0.33146066161087	0.182946882798576
-0.177802029097131	0.0633851255075452
1.01112813204647	0.952973305570262
-1.50512671215335	0.78497703069569
0.6007778732898	0.309807599531918
1.30675103647863	0.583158549436276
-0.247933599496154	0.081059996368568
2.39033661811497	2.00406681910827
-0.0257239831355359	0.017207409303612
0.485098091883638	0.540672377383036
-0.126999048402084	0.0920430324930824
-0.704861418007927	0.57213595770511
-0.542406515669322	0.20957393057014
0.630645275476241	0.658140997340247
-0.176602845915482	0.15439622380372
0.402149035554318	0.430531118545628
0.53003328263074	0.53113300219847
-0.613850078166779	0.297856367499501
-1.48467315075346	1.02473301751337
-1.16076621190063	0.359385238156804
0.309074334429351	0.186899611757743
1.51088337612456	1.79319284176544
0.63611382542294	0.202940731306447
0.927971507294548	0.243537608899139
0.805863302134345	0.344881526276407
1.55058082848015	0.77555938050866
0.135410564134746	0.050065442541225
0.641203436908402	0.204828865510354
-0.780056577842774	0.343063858953203
0.14129172143153	0.0347637670468945
1.0166972253032	0.3880595427182
0.50457577546401	0.182045166120913
0.132279016539978	0.0392355437606514
-0.648677249821696	0.158587087101144
-1.16605123679474	0.358241254731586
2.32831596007181	1.16684659830358
-0.23788425127927	0.0784171557797199
0.800079574854174	0.341914550374125
-0.242540504674911	0.0808346916156265
0.644195640504139	0.203891935709909
-0.650815605433229	0.158518447092606
-0.371195854454092	0.109335251451445
-0.991714797594778	0.49080540826766
-0.370192063582796	0.107755133242033
-0.37373542401889	0.110004299970677
0.783983525914713	0.468544087382068
1.03962630478003	1.09288598944441
0.602753783879161	0.648282624745885
-0.155646016223283	0.0873086443899288
0.59258909416213	0.310502396053611
0.894026110682638	0.483621637116731
-0.109826656577751	0.044177657424481
0.132755613913402	0.0400087413766842
-0.109003280378845	0.0437589916598376
-0.115998485190889	0.0466372210510191
1.06731945753741	0.650218795255209
1.95338582999428	0.463576578510391
-0.170828077605287	0.0625236604443727
1.95256933090985	0.464168557061862
0.299055079178099	0.193291732954294
-1.50873157577264	0.765713573597717
0.936669764974389	0.624685619070263
-0.443528467087952	0.389150829424315
1.03121049593129	1.0826271721699
0.463812909937405	0.425149383011853
-0.349363661651733	0.353969508972873
-0.0341705290946813	0.0261337465187599
1.11042402717647	0.968725722185015
0.394915856242319	0.422867682154597
-0.565740439239138	0.601806649763293
0.272261912002436	0.213331502936533
-0.421844886962786	0.433336282770834
-0.201674276379896	0.156018255387212
0.823059765486842	0.867428311856899
-0.0965316855356253	0.0713253688322964
-0.480935316282529	0.454011914094207
0.384147033682551	0.314666538488297
-0.400399191098196	0.349317202429123
0.269043251486301	0.247045956040379
-0.451364058927495	0.353015894563918
-0.180662982826102	0.125606707230798
0.0625004843149617	0.0423214986915083
-0.0997430445219652	0.0615738046607287
0.467569498914659	0.433951754686096
-0.0355381571487865	0.0167228853013834
0.680053732411733	0.59086255892622
0.169226470089329	0.125624193791438
-0.808212848354959	0.705678925738884
-0.810728736765547	0.692860131601513
0.141547245140789	0.0745791297464463
-0.251545420653852	0.127563395483443
0.273019765841525	0.429903883778807
0.382382191571543	1.01115287190769
0.59209767447287	2.34009515070998
0.554954171097079	2.14864458679286
0.350249007421471	0.9179083344493
0.544142125825451	1.69557301106856
1.18574985676438	2.38056413996451
0.70002372054809	0.892155332750703
0.335573387510426	0.337502830975022
1.22541425671691	1.35191703114275
0.5366888838141	0.310585242927931
-1.1008863999252	1.02824474806824
1.51570976608475	1.8088148189804
-0.471294138132123	0.316236263399597
-0.622972617989169	0.297309029583452
0.398455243961261	0.322573791092604
0.391080852776238	0.30305797226593
0.482950474619873	0.294314586318302
-0.181566389544788	0.159429750098146
0.143897314872961	0.1726741810561
0.539780419652153	1.11504968893339
-0.149304227937109	0.190052842094426
1.08340281913133	2.76319204976785
0.563100618129855	1.01939741725987
0.450393886007734	0.608949114773835
0.0428402944344984	0.0340465091920527
0.648275884972445	0.456457226217742
-0.176681129237717	0.1234513244747
0.147410509389105	0.0896014431179136
0.672250833246252	0.584314009208009
0.13372385822275	0.0634786020596993
1.23146367152437	0.841645527708144
0.696998738262711	0.450245584889773
0.410553361144922	0.307445014282996
0.260842095303482	0.224925147087492
0.497146955027546	0.311706013043304
0.84717739972048	0.612215685360476
1.07289028685696	0.659246757649372
0.597968093676474	0.308736208875265
0.646665480806266	0.456932850271062
-0.365723734816446	0.10590898963095
1.55102209351615	0.778798937917858
0.929670085417592	0.244778423912617
0.129840797352239	0.0445844341304171
0.644424999818512	0.207579266186308
-0.0416351246885733	0.0196711597414427
0.272296634169892	0.233123648175794
0.13342584199096	0.0456780844290643
1.07148602161048	0.6599189039757
0.640105850465034	0.203838328173808
0.131021112667729	0.0610862743283571
0.375364852523312	0.168898750090414
0.294041699757916	0.18901451618919
-0.229641326849721	0.2156988520276
1.43056777542246	2.11370598748471
0.0188528601824374	0.0109782711932655
1.07578376777698	0.652983171670057
-0.310827221310908	0.231762031370003
0.655796761075126	0.768253725772423
0.798763364937074	1.13375159534033
0.906000611253301	1.01108156862312
1.54967460389708	0.771811008207858
0.663063403542644	0.566911162153709
0.143458160699927	0.0358142984417619
0.140849939775754	0.0415398473569265
0.191916895224734	0.140358249635149
0.781267741496765	0.46756309913472
-1.04800222855483	0.424355857201703
1.04671431462836	0.513193629181291
1.04762263326671	0.514085617901239
1.42795516831077	0.478570790474717
1.79670337293508	0.712109669548487
-0.788363607019303	0.348547752589613
-0.552834568969978	0.208000070329488
-0.404964609222531	0.171528159493222
0.13842199601234	0.05938497798997
0.925335174824177	0.243267565805426
0.889817632427664	0.484607505046141
2.08751153945252	0.940460252577583
0.506227015255489	0.182899351925803
-1.68605747464206	0.957955764292689
1.06694705955856	0.650004273970151
0.929670085417592	0.244778423912617
-0.376278890867832	0.110765860075796
1.01520360297676	0.386582739475358
0.141666634051722	0.0357514933011427
0.432818540013999	0.176395167801005
1.55909644829167	0.775729844473512
0.431613510460781	0.175668079261446
0.530492138269289	0.439501719995733
0.38105719030045	0.30529506382797
0.679097166896746	0.588071204093863
1.13753488660873	1.28207823841006
0.132668064023021	0.0573436811619953
0.875930543127341	0.898459962836332
0.430771511341984	0.30849075857763
0.679386015502515	0.318405656360071
0.134154243459314	0.0392843628395827
1.30184132398035	0.572606547674884
-0.0727158019055341	0.032177876081156
-0.536598984622011	0.209038089032502
1.95256933090985	0.464168557061862
0.127549585831426	0.0385072991721353
-1.80190156331263	0.405310176911618
0.331356406397963	0.182385526594062
0.143470703542782	0.0738640386947271
0.59698332640387	0.313347175901406
0.491941399535746	0.309165759200835
-0.27170124854112	0.205053549798244
0.271328465879995	0.221580950014996
-0.516993080096587	0.397149383470268
-0.854466953941024	1.10658357250514
0.397044903668423	0.316429470782074
-0.0995515686151268	0.0823049500439487
-0.439095280914231	0.421729433834603
-0.690405333863416	0.850719875810651
-0.464532208420925	0.431066533021747
-0.105058461239425	0.0646063067511307
-0.245540750136698	0.158547056382784
1.96599761040145	2.29227283599613
-0.270043126413917	0.205981811074726
0.0398666968733888	0.0241759474731234
-0.948545373989916	1.09918632328784
-0.408776653738319	0.283086104241117
-0.0320548818204752	0.0213087322923956
-0.139006670620953	0.0985381169430415
-0.013620637358261	0.00693763172339359
0.0394002757044136	0.0243444147028248
0.5569906686567	0.444538230794446
0.539410331417975	0.308481511379693
0.147705036316356	0.0781967330212877
0.572281282376853	0.551227209748822
0.0695199861737588	0.0467453294322786
0.731896801878483	0.705759366630679
-0.109981144721638	0.0444201689309644
0.945227726591318	0.617102955515599
0.158936193606644	0.589374469798981
0.377499633729864	0.937961733808736
0.0843122373396417	0.174378400615846
0.427486481165399	1.50506930041407
0.535135250090914	2.55760536620425
0.638273614419737	3.42070433341869
0.517838233480598	2.04832463129694
0.420149023944977	1.37255544387341
0.746644853554205	1.42262955242099
0.0283838444139407	0.0248804565396319
0.44646388273339	0.512488071573045
0.0620721734344655	0.0400517065349722
0.485337977550864	0.435900971456184
0.701890816512825	0.458406285632168
0.119596216679041	0.0994944758272099
-0.359823376860538	0.296503580035556
-1.29598995084394	0.595570439200376
0.780717582730442	0.616657681627509
-1.01946024948304	0.919882554176691
0.177090899260685	0.140480022419415
0.136671446710283	0.126148931215385
1.03452790962775	2.58690964567912
0.696533038894383	1.90411168032783
0.356752492885665	0.670923673105485
-0.0163829468908243	0.0188076807872239
0.843263808271641	2.06999649734559
0.966095137332433	2.42420437222077
0.807905868425754	1.69593888048748
1.45399621186284	1.41507004294664
-0.515783553378383	0.395551656505849
0.753584719258541	0.834039649801794
0.161428470704288	0.118203196525375
1.05225238371654	1.2279891235035
0.834775798461554	0.751610917967804
0.983499308600272	0.795870197798536
-0.0888118617596764	0.0645954110309742
-0.175281291336219	0.137943059571098
0.572970225959525	0.546794254879585
-1.23621501224063	0.919555702934991
-0.407178440641871	0.170052566706727
-0.0677477629291705	0.0298663302575942
0.13269968256925	0.0511668869959815
0.543063124201865	0.307739662980756
2.09242869183638	0.949346787975783
-0.7499539562993	0.263513086552406
0.133743144680782	0.0398540974543432
1.2571483667668	0.700646344545551
-0.92529865411303	0.652450246854736
0.849402736766447	1.07861053018391
1.88409477775707	1.54789779099882
0.173020082460547	0.129404560396279
0.0135303597148845	0.0111988921204874
0.268627324502822	0.246800536444857
0.198658492972549	0.173214648931695
0.373507142639302	0.411801895796941
0.494807809509253	0.541298157218199
0.32046550182188	0.341779581818665
0.564846810211214	0.635064732408631
0.922577370266828	1.02826270248399
0.643683956961551	0.778611574991882
1.05793557524688	1.22015191982185
0.596332744420052	0.311863444506357
0.509481778177034	0.184030577940883
1.43184622835253	0.479292741706694
1.31165057176086	0.579030865160352
-0.782775105759389	0.348783751611011
2.3306312050231	1.17167998107687
-0.405839781713394	0.164610859467966
0.138547275345784	0.0347818496624983
0.144591161410917	0.0691712348588296
-0.795994401222413	0.348503247005266
-0.19631413536722	0.106338086775576
0.437130186387338	0.175918633068739
-0.798991865950407	0.346958325403675
-0.236426493262128	0.153439168550683
1.08666402292143	0.818370447146998
3.25602807611411	1.08608283170182
0.804694516036484	0.340900603373708
2.3325167228164	1.17501693103815
1.01398176237284	0.388014010752976
0.942521956941422	0.632047532179252
0.550981598677056	0.431802495222842
-0.169175024802808	0.118485715397862
0.816550492764276	1.05822452992212
0.939305431940085	0.63444952550752
0.882763189500824	0.904779642838822
0.0178289953183863	0.00943872356508791
0.367122013232686	0.312733626242975
0.390155648708349	0.174997000159803
0.385049004837606	0.17461081850334
1.09337231219774	0.811652189071944
-0.243484148452124	0.0808609088407405
-0.650318276706871	0.160755761640221
3.61956389250147	1.43028882967321
0.139576085242422	0.0352987079074651
0.133743144680782	0.0398540974543432
0.292442720120341	0.199701638417594
0.379415119479933	0.168552201382896
0.0303141656423259	0.0172284258894953
0.0714452125098649	0.0485194948932243
0.0040925169932786	0.0027893126356175
-1.01412606469146	1.22903669728672
-0.130242913505306	0.105389699414203
-0.491998420552649	0.492547362331637
-0.361353621971123	0.293193869233263
-0.296252195304796	0.289986908660095
0.258436949097458	0.215768398141895
0.0578024531252931	0.0493121252851966
-0.560226759572493	0.355842008246451
0.285766360252882	0.194028914140454
-0.0557794295132717	0.0362237693520726
-0.182057926723855	0.125471462475797
0.487507704012736	0.306241895568946
0.166539653038387	0.134677879308081
-0.640311051985404	0.580021820100669
-0.30892089363233	0.231158034305285
0.717655609520887	0.59041721918651
0.875481995091518	0.874232413977389
0.634193502202858	0.445834534113453
0.50638087897891	0.52577658891398
0.308831197460902	0.183442653126466
-0.520222974089583	0.388372710037154
0.773089036422619	0.725647871345396
-0.140694112761282	0.0996794761049502
-1.27317771812101	1.18785498227452
0.309034537959893	0.187427014883094
0.270741946656393	1.54842558694793
0.337581838436128	1.13574196235663
0.210622880627541	0.704686369311625
0.0772560656582973	0.187880491267761
0.829381937747173	6.48174686041041
0.791114418067345	5.55793228190391
0.864394787571187	4.86864119077507
0.344489579914918	1.20015766591984
0.460469070922113	1.04578849494938
-0.0307735264304174	0.0306896047284525
0.308212958172564	0.39507190340033
0.771918701371669	1.02220926465411
0.907132874023543	1.31337838451493
-0.662872446179338	0.639461990623701
0.408355716295701	0.417551969770829
0.178913677886577	0.146689138593443
1.2383066296912	1.17967228859155
0.633970396549486	0.668872552877954
0.420495221155012	0.494802296841276
0.89952973066886	1.12491976032113
1.00694453264228	2.29402865539263
0.984349587810345	2.63551881871918
0.591616559795508	1.39501838205033
1.04481477373915	3.55779203222391
0.679445945356204	1.5529244047925
1.47578495163885	4.93237071955596
0.692763437237796	1.19168326752457
0.0140926776757621	0.014814096064317
0.416960994091097	0.427276462176447
0.430579317859518	0.420663693546478
0.815003015637532	1.0494308399597
1.52856103861573	1.83473737644442
1.36705350439436	1.81797402741961
0.787655403434638	0.742693571518705
1.12661765469811	1.24000338764764
1.0059843705851	1.50983796365147
-0.0512388558417798	0.0332561449212236
0.18894037071253	0.169761551379085
0.157312275645879	0.0942668329304954
0.347788648560509	0.175920613301097
1.24424857194772	0.846004409873031
-0.412091569817293	0.231903525434736
0.382614509481889	0.172063843860674
1.05380079122443	0.513210927003378
1.61436148270456	1.11651695724915
1.26005949265284	0.697482198003559
0.381013403734791	0.173132440946282
0.55382282223824	0.42788719493714
2.15136897731777	2.82460548722825
0.153747637312288	0.0948225362323504
0.349617759426797	0.17474394905506
0.593235457096343	0.308633791534247
0.139491089879251	0.135452615818277
0.150286410764693	0.1430212101002
0.964636344931605	1.27431090339134
1.38237601376837	2.30194475922576
0.167256953109097	0.144923210039738
0.372480534136886	0.319806770153136
0.712494561227457	0.796128368060511
0.35324594609204	0.178158653157937
0.971381662140946	1.6933056947007
0.509021796914085	0.62235504731851
0.191772596082976	0.167996933294451
0.579682480388219	0.562235917890698
0.140795331485949	0.0790961277848629
1.25524956370111	0.68707005779135
1.89746869036255	1.61587366639787
1.79893570621489	0.71178866805356
-0.650318276706871	0.160755761640221
-0.649677393302236	0.159121336474823
0.682059634362244	0.316834262020844
-0.40514467262551	0.169813366988267
0.143857357985544	0.0752951787319759
2.22907064892217	3.09164882519227
0.856960896131836	0.62256299116368
-0.246499246608917	0.0809674801171634
0.142135716499994	0.0613770333174805
0.777102579878068	0.465950893000813
0.125937570023815	0.0424782044891037
-0.152536205479943	0.0867860598452193
0.435298378059699	0.173937269328231
-0.0363925778427884	0.0173730972620029
0.820068277066692	0.935374127191627
-0.383370681605286	0.361808010659008
0.909517940952547	1.02106368598174
0.854443548982772	1.18968832836318
0.0563311367654249	0.0378921205061712
0.388545898846189	0.172388471276739
0.685857359555899	0.848387808743782
1.02848706287001	1.06744003516327
0.126625930174631	0.0538011218177657
0.529977526168851	0.304343681800145
0.165478906227746	0.115522616455461
-0.756404770651299	0.263118044797256
1.95256933090985	0.464168557061862
0.925335174824177	0.243267565805426
-0.239530983949622	0.079101339152492
0.926329332609966	0.245803896301602
-0.803466114035188	0.442052806268878
0.452420985488558	0.304490326678837
-0.187145636014984	0.149035974349596
0.022047393840887	0.016426698598406
-0.254397755257141	0.216466223112629
-0.321884874199346	0.287443817396674
0.408799794385292	0.415096820143905
-0.0717126313417587	0.0459703972583291
0.557219613397643	0.646665291783921
0.0864167383709471	0.0636945062477052
0.0983601240116015	0.0738539788823497
-0.398456329350288	0.354056619934581
0.551581975508119	0.542359933687765
-0.0552560322042848	0.0360526606635318
0.836757172069072	0.749227781719129
-0.163029062040451	0.112528530448985
0.162077272053912	0.111212200410766
-0.117360811272391	0.0694739406385173
-0.471093640673669	0.31548991963034
0.292340295382386	0.202012775025584
-0.0686478615360603	0.0302719718428438
-0.00969044463634924	0.00500098098979677
-0.24519292504741	0.16023341578053
-0.522038910827764	0.400821736833529
-0.417110708623045	0.238013197776514
0.296110220417969	0.198332771305236
1.22071485733156	1.18481454148825
0.170414555353037	0.123518082699902
0.108754858227711	0.607204351576987
0.207338861662497	1.28555957431707
0.394143684347052	2.12553591860824
0.0433359380299068	0.127146962908821
0.172869378454456	0.655309512896498
0.82571542226059	6.93393690475524
0.652940496178288	4.42344901301785
0.759274369029797	4.4718204628678
0.746054581273757	4.52698066441312
0.594987172588477	1.79170405305411
0.574497761375367	1.32067994043048
0.471376649992493	0.855052107773056
0.105681903314962	0.11836631642423
0.710726349517698	1.13010583642279
0.133177557466484	0.140075014951985
0.333035985795443	0.46763019754442
0.749833331436377	1.33022944294433
0.648768844931869	1.24113707985433
1.09993671026534	2.08110814169286
0.471648854834946	0.695498164909215
0.0686086260545957	0.0813825090687257
0.456864641002331	0.970276445431841
0.445855071359757	0.837548599020546
0.122822635738551	0.16566075973253
0.618862661505859	1.16399331997469
1.08543495735246	2.55293324956366
0.119912953467087	0.13055589231327
1.15916086677922	1.76698440023747
1.05008148100872	1.54434680016494
1.09309595931774	1.98057521937738
1.12700836919441	1.97883746185442
-0.306000664267416	0.300246901651228
0.49645228584369	0.440528747636394
0.852511187899499	0.955605422518525
0.00330706145373914	0.00281831557565639
0.731220177163396	1.15640841648946
0.040824273528788	0.0313615824061241
1.21774624494395	1.47701004640619
-0.554590294722002	0.469756930337621
-0.600090064009867	0.428230966440161
0.388190950288828	0.174937886372795
0.333655261523926	0.183943822771981
0.495754668698367	0.311274296843318
1.33609377516184	1.39573873793071
1.5308221162362	1.2887568876064
0.84321327964913	1.04372506670074
0.594298375201603	0.651069901367932
0.403418476621094	0.423783284155556
0.480733156701168	0.425776081941118
0.78000408581846	0.848192959296423
0.937373720798452	0.922074913449954
0.359208845465336	0.315756032672832
0.99873623176034	1.4715787032706
0.167509551128095	0.124530928134874
0.706338308855037	0.46084580028993
1.2095067293808	1.98647402502332
1.21165284530909	1.45771265361853
0.509318603581283	0.44103926712066
-0.203360286983667	0.177522060723432
0.700138410523507	0.779423260320407
0.411456775520135	0.433276256424359
0.0750897107275344	0.0663737240307229
0.463652742733741	0.527744365133856
-0.00833981905394601	0.00718603203492755
0.673192630642481	0.581365759473739
1.76348568214448	0.992570415211608
0.02318021166631	0.0133726892087108
0.145523429366958	0.0769697337229288
0.357362634367407	0.178786723822583
1.94870656779779	1.24104878149689
1.11457197797444	0.996455756615998
0.452357354941089	0.30079116810565
0.639962373056207	0.574311453305106
0.83018137645666	0.740263246036841
2.6324946362286	2.64512008335481
0.532283482943682	0.303481721092298
1.7946373791831	0.704819446257817
0.940893848743821	0.926402126155141
0.78183077840385	0.60925314252837
1.22641797649347	1.17380716448026
-0.00137358495871065	0.000535447866909183
0.277462511939309	0.225558621011927
0.171642826552071	0.127706129292273
-0.90794572072259	0.830763814385605
0.290097027975006	0.210814977354084
0.265292728118779	0.24865652172388
0.274289642260657	0.237815984788035
0.650622429230794	0.763820709320415
0.373574630866035	0.319143385507472
-0.401721972101695	0.317665653879
-0.107421196940562	0.0795689713577432
0.131709003984819	0.0565101722021411
0.138169594891086	0.0265198668009027
-1.05219985204598	0.426292795033056
2.09341097070047	0.951512192253766
0.308106991745961	0.186315531085826
-0.201196926659054	0.137756386942108
-0.0939097731623822	0.0780161699594096
-0.171549812181567	0.134406985671957
0.446243897164738	0.422652031761301
0.253987550768071	0.236791983002919
0.166213576092878	0.131466741822179
-0.576663321486689	0.518279254780711
0.355890991968097	0.323812972026693
-0.249350316529555	0.212456949616953
0.00745236219755238	0.00507566462730382
-0.556876686872685	0.467149515178947
-1.23237729692729	0.927299784635706
-0.201897578711023	0.157709344902306
-0.154684283382336	0.0885698726747664
-0.154052814064092	0.0875615802147246
1.64920141218874	1.53261001675315
0.493336791083683	0.312700435087797
-0.237146210208302	0.154919352192304
-0.323512747184136	0.150877869497942
0.637376941569628	0.448129699073856
1.05282282691147	0.517428130004872
0.0110193675580898	0.00580431013092541
0.674738698940861	0.318159306432389
0.416031344974971	0.304474482689059
1.2125931027668	1.31425019668538
0.0330583443915326	0.14555972756357
-0.0496896692168995	0.205820190142721
-0.52122823450171	5.64026877695817
-0.351371678420744	2.49022576339919
0.410582602242875	2.68668745636885
0.501704036636461	3.25737914888162
0.874440431878931	6.79209550777199
0.385151146885379	1.80672665271021
0.27087514609965	0.846321568745251
0.373853380605577	0.663413689032345
0.303877195288054	0.519164650201691
0.290427587977714	0.470548872647649
0.159807738689597	0.237656682724088
0.516311127998224	0.960169807957433
0.24840723081132	0.400798196775147
0.161582430696496	0.190069102309935
0.745333648255954	1.72733384596778
0.104220700527353	0.140274384628584
0.502083831331524	1.17684474819187
0.0910206197486413	0.109218981873363
0.584757357062548	1.35523438836036
0.119697356684665	0.143665515522468
0.388289980768908	0.526210810452495
-0.372416351267341	0.521816945291427
-0.173952852373468	0.174448272661083
0.401077119747271	0.508087233372231
-0.0459968020413136	0.0386322659675741
0.0719059613138784	0.0590720475137753
0.384176233498415	0.416778437558908
-0.303935948770682	0.299345357456653
0.570030126179389	0.917660698038252
-0.00582236967090768	0.00547260260770819
-0.136702463387007	0.140086316632339
0.313537077101719	0.341935268016149
0.192430775678207	0.193370853767119
0.82078232672831	1.06816589245151
1.00414916338778	1.48815678698816
1.01901378879265	0.956286997007595
0.554773905949782	0.550350019953224
1.13092914414732	1.3927535572397
-0.33653834775415	0.370303121502154
0.185030024656735	0.153355044194099
0.715394559773576	0.901396289283678
0.180787684867027	0.167115077042342
0.50177092604675	0.609796875442907
0.385120324923263	0.499321380421784
0.421036851628403	0.509733982291478
0.122520595437165	0.103762403304653
0.433402931342305	0.503509450047187
0.735932050278979	0.999763523266305
0.908099000955741	1.31100217859982
0.417913092186216	0.319044566319105
0.570015206893798	0.712852005667652
0.67260078641604	0.766708813256006
0.636517647493217	0.756037069143727
0.0546429195947925	0.043250893900223
0.606426517379791	0.657968041887029
0.00553048687665935	0.00496362768089151
0.397217182876609	0.41935300084177
0.199039095217078	0.200238449749685
1.39193411462154	1.7198470246474
0.550624971350786	0.43260112209535
-0.0779742229467144	0.0586152393706565
-0.342326322388185	0.206937150936505
-0.0191718796209773	0.00963544089870556
2.2318180820819	2.43535428480806
-1.10823199731586	0.765218754986202
0.71566319153819	0.585203228242389
-0.276096398849184	0.207864556667344
-0.230622428961301	0.176864603110368
2.84152218580899	3.26231341049827
0.606302614940789	0.563141964854219
0.15939168584234	0.112713036938452
-0.250820637628737	0.165978330931565
-0.563778036776455	0.35033239276007
0.681266642505875	0.593760289580787
-0.809761743770892	0.686926011091014
-0.0855922590508848	0.0643328005456214
0.60250061970151	0.718657425016935
0.102865286630925	0.0803506884439039
-0.626438986944632	0.738260820477491
0.251506580250878	0.283796601220294
-0.286712617135574	0.259161445845679
0.499108328394826	0.631292617582072
0.315259555511092	0.344335021752096
0.27615942848741	0.214734932441144
-0.216378087264213	0.184524900752952
0.0190356917813765	0.0136546956467985
0.275669230092075	0.19692988777879
0.131142088064851	0.0445435122752936
0.139576085242422	0.0352987079074651
-0.748218261379527	0.262913312316052
0.135367591545968	0.0459572612231435
3.62062366405083	1.43326252584705
0.785544461961924	0.73197667466078
0.0969828955637668	0.0698061389075773
0.249746801200584	0.264312722446679
-0.160415252320769	0.12966094676402
-1.00816133179288	1.28720742851591
-0.992456953810452	0.999916754671385
-0.0892000464677622	0.0669948383484644
-0.932646445088036	1.14705689600838
-0.74289900046656	0.947164812530896
0.423876985823972	0.421595323997013
-0.197666151892677	0.106676568540014
0.391074778772912	0.321694176664311
0.535712286496977	0.429280158773088
0.679648423789359	0.586612707882614
-0.500454394459263	0.267050239825906
-0.317393035600132	0.14738170267795
0.456465337805762	0.309449491494206
0.30766231020598	0.185942545975126
0.941550730014246	0.624298918772498
0.778825285806148	0.458711382879833
0.674206593112083	0.318042593632573
0.771212555947565	0.452888982849151
0.134215547279229	0.0514177099579029
0.000729588071125642	0.00281817737187984
-0.13033152185993	0.717992750787182
-0.0825982736953463	0.331601900066426
0.428258625889394	2.15380625342496
1.0096060119508	7.16587230511162
0.672081210407632	2.92789501026721
0.18616686703195	0.512354206251815
0.181261309158206	0.614109466579565
0.151268349710203	0.326736583025201
0.128807998440118	0.241678394270911
0.275772736162869	0.586945381117396
0.450883140636995	1.1671994327389
0.443161185828209	1.3117889899566
0.806640988031592	2.74753938285794
0.112502323467578	0.163376442034212
0.755661124771362	1.25249125740312
0.454256680208732	0.670972202346162
0.76185457510021	1.09531618405241
0.357668954993858	0.435992745078401
0.386395353852802	0.431062605830817
0.57630851589291	0.55977966246561
0.24802233255507	0.25746742937217
0.526003197620098	0.849150842726185
-0.502399377849745	0.734759501170881
0.255155850288823	0.305932203382386
0.301416637540023	0.371881054417217
0.543068357834587	0.813154803385745
0.159835907871168	0.180284221688299
-0.35848928819582	0.575831151734599
0.451663965598224	0.701388106670537
0.0247132295841922	0.0209268137323165
0.290946711687422	0.354915756618525
-0.487591220291603	0.643403346479584
-0.116539492541941	0.112360446531037
0.185630986342315	0.170471993649266
0.425932503265403	0.535159915081898
0.0985988974734813	0.0938592933863273
0.630209444241907	0.844196505961427
-0.722023861142022	0.62862288967965
0.0280424080819888	0.0243926918530332
0.14280213335955	0.12870676248498
0.00743463049866888	0.00396450088881733
0.497280653523672	0.305789372925145
-0.421910301855111	0.550233148718077
0.129263354148715	0.113501661600422
1.33456095114071	1.39295830515529
0.5330509434039	0.307923058373961
2.10489788031382	1.44014084585142
0.149034969416102	0.0712575817496298
1.51544263128754	1.26581183294738
-0.916070503667342	0.777202171540579
-0.041717317693037	0.0198816433301263
-0.497173438118883	0.53614741519163
0.672673700946704	0.582446964252248
0.383970873834602	0.174549965674074
0.320450456919646	0.305516720960917
0.272645075344551	0.242207530205568
0.297113070951928	0.362323288677031
0.743139365220943	0.724848947088147
0.855706179845134	1.18322572260351
0.771322528676905	1.17745356585504
0.246154227681845	0.284928055098112
0.138876580501176	0.132833394009164
0.394767499888433	0.418546205904109
-0.0144598844482097	0.00984936285653571
0.0718525515017593	0.0488211044836148
0.35866633530664	0.316164540892039
0.179424702102272	0.148595291850266
0.255467880049644	0.243644105428025
-0.0192439102883383	0.0151078554391274
-0.00124856660446397	0.00118872354213049
0.496811345122445	0.528778537818507
0.0856424617632001	0.0630547433912789
0.728322103306084	0.900958049356601
0.382904255986524	0.316485491283533
-0.0261272509493617	0.0174393013452961
0.0778597204305271	0.0686333674000373
0.12516009976234	0.10424675856485
-0.00961093462752842	0.00745300489176492
0.46294736439197	0.429205299754689
-0.214426366167474	0.253056687015323
0.0865761586976702	0.0892859760777947
-0.179961620112573	0.124151799878138
0.139245745474404	0.0599559360941925
1.79893570621489	0.71178866805356
0.136676224470739	0.0411018975580698
0.319256817413178	0.190117699151881
0.926974875419701	0.246284209674963
-0.149252609853532	0.106071483775912
-0.142805665571151	0.116709564478979
-0.181410970499471	0.17205594080464
-0.155429091432578	0.0884132144227418
-1.17709677452912	0.667696448659059
1.26163296008449	0.706604794605791
0.338531766566621	0.165179272089171
0.85450462795312	0.621275512965068
0.571230742075475	0.549519313323939
-1.56037614820085	1.4716626353417
-0.7499539562993	0.263513086552406
0.130783366724484	0.0391461997340817
-0.0782816436016438	0.0340349424524686
0.141666634051722	0.0357514933011427
0.139847419253076	0.0352678773972538
-0.241844606231522	0.0790880277993904
0.67901757313456	0.322548276957465
0.926974875419701	0.246284209674963
0.0633878651113722	0.322921084815844
-0.163784842498434	1.05139993080557
0.746103179644053	8.45578512726445
0.466854053979218	2.91655678481318
0.575368573571493	3.32634256176395
0.406058918644762	1.84121063806445
0.131220468471864	0.437437973615826
0.483340167730504	1.81845932101705
0.538312358452108	1.96632187577795
0.207425110855	0.458091389786425
0.763256871317939	2.20877413071297
0.652073993171478	2.02070683026997
0.592720276079223	2.15425777587789
0.478881606969833	1.01157338765588
0.290104639257756	0.581571550180593
0.764402689309276	1.50496664027625
0.253799413719929	0.299719966132334
0.691463217866815	1.27278321234677
-0.188624127056256	0.239262899722369
-0.197235372753482	0.206846221902369
0.563877719927525	0.641009550309235
0.125051879052932	0.135270904120514
0.284074558370315	0.426267284143384
1.09527171241093	2.70113379798377
0.00900760065050087	0.00844453953596969
1.14829511735773	2.33374659833309
0.583430581416773	0.921087418570248
0.623222303828341	1.06812128333592
-0.350704921620914	0.563852369127059
0.246445992508064	0.303257128597253
0.295627272127818	0.370554455475727
0.120735616674461	0.129265609467465
0.270068667778941	0.361138765190341
0.415117888139726	0.516760706376051
0.41123428526196	0.525169747810537
0.316711729838157	0.342314551245883
0.252124031647751	0.273642078730755
0.143784870239397	0.150977909518595
0.214246081961071	0.234446296411449
-0.622744654439948	0.545861764467839
0.461681664214344	0.52243277066886
0.975240087907172	1.72840349744065
0.156977802762026	0.110730779002485
0.691582670533405	0.686046384078113
0.0867235011968314	0.0902516458662616
0.284980528734372	0.362586576972424
0.38586480281392	0.315771241521578
0.346080964083949	0.430666069733475
0.467122841049548	0.516876404093867
0.463892262213467	0.310408687581151
0.719450571250248	0.596584844594143
0.418177646632478	0.316253816561173
0.155941936983089	0.104540653413711
-0.196959218045193	0.105969202382516
-0.493399747177266	0.560309606892505
0.730895995684739	0.707459404977999
0.381905049599173	0.172892482576281
0.129419968367356	0.116531178587369
0.168697006633544	0.125600888095366
0.637169122896682	0.680932699729674
0.76158779659713	1.00749800480489
0.635350083126482	0.925749997849173
0.563699319640662	0.634697034688806
-0.0410122446984467	0.0351403635294309
-0.177038686671063	0.140938381911426
0.4317376873959	0.503653859881369
-0.858110135374776	1.03595827144755
0.715145701746167	0.981754134726502
-0.100206004038791	0.0887005291771848
-0.25395275739137	0.233072460819447
0.306014782414116	0.322165559402401
0.271503904808626	0.313915053612936
0.851896184722834	1.27427719744588
-0.140402883616283	0.100439517701288
-0.0177609082796626	0.0154948906948376
0.90786318324318	1.01635887654716
-0.075695944082716	0.0683064864961038
0.394868841680373	0.513532707276561
-0.672862881198929	1.08271141759941
-0.802360567681011	0.866316588038697
-0.016380319028112	0.00810745625528322
-0.649319222104321	0.16021039083734
1.04643772215065	0.514195401679448
-0.0150767776835107	0.00773306757158922
0.137033206871248	0.0343903632230145
-0.476827825009014	0.447520382526891
-0.809040342198188	0.780029747784151
-0.307001336231482	0.37777366678406
-0.0540190107372673	0.0352021667009442
-0.191570271767116	0.101256486617227
-0.116098661098119	0.0691022635589708
-0.622636965232551	0.303887002294065
-1.30192065338004	1.6031890357645
-0.064688067226505	0.0409835344225412
-0.0876301516226006	0.0538845219202672
-0.0741422651514142	0.0326106923562931
-0.254734781091652	0.127639917002864
-0.0342128448914403	0.0163125485683449
-0.169623487855993	0.0621362492988738
-0.238582126977172	0.0793549061566532
0.0143603604105353	0.059672851308098
0.550920257754522	6.75023881824872
0.239332851795383	1.36470420595754
0.346968889045197	1.9772705621927
0.471930976657004	1.39149800684228
0.594998428708249	2.07770941481233
0.48077229904172	1.11993309866072
0.14101235682569	0.230404778141391
0.828472916861482	2.18265660124587
0.404992413942761	0.734911083650483
0.515834267244567	0.875807469213359
0.796148404593874	1.61849047296901
0.843709842500795	1.97514815439651
0.497760428992597	0.782999516808182
0.387882668015319	0.549041974742297
0.320669353284876	0.463933815813989
0.106305830131735	0.119457058309995
0.470880887546889	0.691969914023034
0.00863765192132368	0.00769867737060121
0.429712968534463	0.638687957014764
0.0435441472259685	0.0476041100323732
0.300306092803889	0.446909506488964
0.322073407099327	0.544941137206526
-0.16512200534918	0.185253289467727
0.249549601702985	0.29468886207217
0.249819145913971	0.248708914293191
-0.518003689923162	0.748489217786587
0.430249529213099	0.506598756437178
0.16900947891794	0.175171275999622
0.355367449280027	0.333667943391323
0.356756842928587	0.419718769106599
0.318448422382302	0.361206792803735
0.0728817205000887	0.0514556224305788
0.0561432685331819	0.0513848513123957
0.413247195167479	0.636719587045601
0.697921933109261	1.12687182582391
0.362726577160221	0.321309490251249
-0.285963025536411	0.242049677268816
0.616619161468639	1.08499829797832
-0.242167243935906	0.254870360426796
0.258985436620581	0.242999662708796
1.01509882473727	1.31471061426786
0.386453200986221	0.417937477302977
1.42370801316217	1.55847503430646
0.907997662466179	1.00712609911074
0.734714046164425	0.80580879294869
1.55642052285549	2.1723387674927
0.497903330166558	0.610365868682776
0.573695221850911	0.821411872274292
0.419619146523314	0.416083853723182
0.261372803232107	0.249746891222567
-0.488693073473538	0.421358436694962
-0.324839227637911	0.333500597790926
0.615918188674314	0.828048655891962
0.530965127970232	0.543697200644022
0.470681124649207	0.536162734883903
0.0645506165867839	0.0435854641610256
-0.16309557189016	0.143998644492936
-0.18214489041912	0.168085269467857
-0.0484053582065744	0.0371571612127063
0.988993702489326	1.32937103012217
0.304478561948125	0.342605041548161
-0.383113872710783	0.420492609022703
0.177280559072521	0.130899878452642
1.09873780737663	1.48041259095122
0.33219088701048	0.349770460983224
0.529538513528708	0.662524732120294
0.0999259729871887	0.0750926240555175
0.850205751621914	1.16945933296624
0.0146932644499494	0.012077317996226
0.204241948073971	0.206140487645066
0.111553545530079	0.129637772780526
-0.047695274613053	0.0309318480791649
0.132745121169626	0.0512044927375912
0.644424999818512	0.207579266186308
3.2493353238897	1.10864834370629
0.124815693461025	0.0520726833554868
-1.0475594705505	0.429178184450482
-0.674038438526254	0.716260531045167
-0.28567962059143	0.241318281057651
-0.209322227653149	0.235818436272688
-0.354972038811609	0.253137545435006
-0.987266289071625	0.970478455722114
-0.56531323325086	0.355787329914862
0.785339853304951	0.740347571238262
-0.406908042299342	0.287458191941642
0.545330132595474	0.62986770187532
-0.719488349613604	0.642034400617798
0.35324594609204	0.178158653157937
-1.3524513300594	1.1085383275796
0.38451556062871	0.171183579453882
-0.23997851337229	0.0797141941925215
0.0417717842036832	0.184805145576704
-0.164358116573073	0.98245864968014
-0.145710707971471	0.671999346698979
0.816854149293257	1.87949653405783
0.253709406932071	0.41725275776636
0.971203577440683	2.04116580180503
0.792747142750333	2.26530286437119
0.435249752683913	1.02268603003098
0.320239626204443	0.785691793480029
-0.0758303444735351	0.116152149590166
0.334233437619264	0.698730973451059
-0.0242248618785376	0.0300847210418939
0.676433385143902	1.44080837271233
-0.131031097657961	0.181128989442474
0.579403770560373	0.817913121667252
0.486116578945682	0.611598629962214
-0.0651063994105924	0.0635968157356208
0.756572817166551	1.00253923593569
0.0488289603371216	0.0403966642370861
0.669710400286646	0.861092246368698
0.848550469762044	1.43555944615086
-0.244935425036904	0.290879731782627
0.296882429429499	0.431361498771017
0.206733850553486	0.229394289470642
0.0670511011276516	0.0665068156937668
0.292442720120341	0.199701638417594
0.0288324623671206	0.0166381399993911
0.593107204173595	0.550520167093623
0.277409651087524	0.226654024761045
0.750758113773436	0.916078281575776
0.109431285441724	0.10905299376511
0.191100626515079	0.176461172807756
0.0935742549094988	0.0687477077276805
0.383948079767155	0.404685443488967
-0.150720514816457	0.119885130408856
0.513531206573101	0.536333403542305
0.84745385291972	1.26880208345119
-0.154366768291311	0.153762352661577
0.394381801420537	0.42954300301551
0.905094285455954	0.77647794807727
0.0768427409559327	0.0821788450629351
0.0407921293162169	0.0326589372998545
0.357512206599403	0.442970605844015
0.433387958638213	0.510834521585372
0.563046410712017	0.648866643678064
0.908277009277021	1.02202095857144
0.595868590903168	0.310615750179102
-0.120757505915884	0.0719506180805803
-0.0231574638375565	0.0115933912459184
0.836052371604664	0.765461545473521
0.384322955723318	0.315658733885024
0.717426249199249	0.598320833284274
0.258584929130897	0.215380092141341
0.174315904564808	0.118392358101875
0.628967502093468	0.565003887276219
0.625839123032218	0.663836074211183
0.0401672279898783	0.0248242265306203
0.25651802569402	0.232556783073632
-0.432792090248718	0.497947257978717
0.25751494016471	0.222717525359537
0.386846233933178	0.420351665131978
0.828223022316738	1.0624052588233
-0.0933506831776827	0.0783766588705797
0.440190301474478	0.412325390904833
-1.02939106076292	1.13609171174135
0.944574053608781	0.919948661863259
0.145297292350196	0.0623836442062413
0.138618353811657	0.0265211219118666
1.04979605015058	0.505261104297865
1.01398176237284	0.388014010752976
-0.649319222104321	0.16021039083734
-0.411409240643798	0.32567124684496
-0.042504409030576	0.0201674849339689
0.108816089513694	0.0879214246910099
0.941811880894161	1.1289390759126
-0.356726448890785	0.320712897619693
-0.209094191951195	0.16265074373107
0.895036245567449	0.768611545359613
-0.251567781754115	0.211520295382069
0.732184601223514	0.722180665315978
-1.61365784618846	1.91475498943027
-0.581173132768853	0.662687214478982
1.52214043089116	1.29122577032192
-0.417026133586791	0.237737261291011
0.146034714800373	0.0833501436135887
0.0820982798860659	0.431564551662056
0.0779332124501093	0.348290969994798
0.371716860451036	0.522608133901538
0.714959598156393	1.2892561284412
0.554959452792547	1.07835672527877
0.539990940343086	0.875363368625684
0.785722325209505	2.4817436503075
0.204869412436082	0.466291793514069
0.586149590473177	2.11796149767211
0.314062734500396	0.724752477290454
0.204789136439956	0.444707309537176
0.497690251480673	1.33523314219008
0.545983511807079	1.36725200848672
0.338035918981003	0.682097650686995
-0.578056548918287	0.759972355065091
-0.123628832618649	0.109922805600794
-0.0885820329897101	0.0797263744589147
0.268989128724333	0.271772829174202
0.927353843560259	1.39968469110678
0.197436903977215	0.194801866216054
-0.178502188348519	0.179789860332746
0.111248169946631	0.123004422601252
0.259416202123555	0.364559288319804
0.503457920263077	0.701472658366114
0.394693828042438	0.479185391981958
0.0100483344492956	0.0072933113251297
-0.125188164079598	0.100724405333566
-0.0519932722919029	0.0339912331232249
0.498893620634142	0.679504479135671
0.550502093118321	0.71833047960444
-0.00477269107678006	0.00337133154579578
0.00355837080679761	0.003030183661425
0.443605769410959	0.669010222143995
0.72343673121366	0.60546528037775
0.263274769659422	0.311187470698973
0.456095126949917	0.528990142424379
0.824077897715838	0.962355575244544
0.279056776656151	0.200303953646323
-0.899187047331785	0.826628724231108
1.33036769474235	1.39743974892102
0.839676524962674	0.763587697115806
0.605247582607298	0.551135500148344
0.130273630097158	0.0501529017881732
1.4084561764069	1.74656441101303
0.307511723696119	0.198321836034693
-0.236008497146937	0.0772385840822939
0.378878762310613	0.310048689400866
1.52474626932546	1.77873813517738
0.301728382549484	0.196676040652201
-0.801739026152577	0.770324953335203
0.499257532633031	0.533714894045164
0.750840365709587	1.1749662338131
0.349305571718101	0.45006220218598
-0.0768396839122198	0.0577488920236933
0.167713138630083	0.13306243888762
0.406191172303496	0.323169877186026
0.663238523471726	0.680990587111768
-0.616288684383095	0.297893153333178
-0.649677393302236	0.159121336474823
0.140016264913674	0.0668368809160891
0.644195640504139	0.203891935709909
-1.24335608862133	0.940362899448724
0.773928836187879	0.456063955900038
-0.191230633769171	0.167580173202096
0.0428518423156515	0.0342442852292133
-0.381629542759868	0.419775166022223
-0.191849935874362	0.147738966392405
-0.897785291589502	0.844120187969489
-0.541305065218506	0.538936237652926
0.197296744326581	0.172998429024099
-0.2687512761482	0.249544027422489
0.273783423060838	0.206685519298646
-0.266809959075239	0.245965390808604
0.0085097748453462	0.00460079711800703
0.0146116061108876	0.0566177875242758
0.289963878152656	0.389527219816268
0.880432598713114	2.25905192444766
0.935666392028731	2.75104032049202
0.795069705420895	1.38592457217084
0.852627423365539	2.30751609459172
0.614021096278743	1.98261232955508
0.667327458644263	2.35928916670621
0.223578918573038	0.477601836427882
-0.0868129553088579	0.138915498630808
0.215673898952847	0.387473725674467
-0.142377745209337	0.209794891169968
0.453915423770654	0.985730539691902
0.81219845327248	1.37577037986639
0.104629501266989	0.097538024663857
-0.276760044742416	0.289149929929422
-0.165242193875511	0.15770439227231
0.663547578740779	0.95678163235497
1.16724947223683	1.87421774333229
0.290791595256409	0.326622431249092
0.592805340630608	0.539977174902487
0.160294556155551	0.102170450856986
0.27457685509107	0.212534567045026
-0.124956481424468	0.0913354512864204
0.603175298132898	0.450462238779861
0.0907439550519543	0.0665622266513708
-0.210484351072374	0.16521309733082
0.539979348598967	0.629465126362223
0.262823060806921	0.357534563321648
0.399282157261167	0.434867035733859
0.0442696892466441	0.0273733716876949
0.177425456826557	0.145651657913056
1.33019397870502	1.41006879604913
0.971187888304001	1.06851109864095
0.0445963682732918	0.0358307337288219
-0.464160959523509	0.530742732919867
0.372526342461477	0.443731643590304
0.783837519853391	0.929466240053056
1.0950328679601	0.826490749768653
0.494526534933114	0.311029568610986
0.858452096671437	0.617642137441043
1.45369166314702	0.88530667275208
-0.406031145478155	0.281398219649545
0.77941441081243	0.46297516556035
0.0592131078045765	0.0384795191385799
0.160896307823652	0.10500399929942
0.151924499303404	0.0797820585623262
0.128421988678593	0.0547784053282256
-0.014339565773807	0.00728593749741394
0.814921000933206	0.835997858764274
0.683661673563108	0.878471200911522
0.897893840811582	0.77048829815316
-0.0746351060988842	0.0327748839147642
0.89409700498626	0.76393641366054
0.918975230718617	1.03538964092963
0.275901137215255	0.217357120995426
-0.809176841870568	0.780604874730641
0.0160167710582488	0.0115367659796778
-0.702386627706264	1.02658882837804
0.0578358292157799	0.0486225944506744
0.785251272048219	0.735005544613751
-0.482558369341777	0.322124498193253
-0.995862266864379	0.497761429124932
0.132325125125984	0.032854701892731
0.644424999818512	0.207579266186308
0.512543342423126	0.181245530427905
0.775218541888266	0.463255120635734
-0.0456287366667666	0.0215939407430633
-0.370020008160178	0.331680197091732
-0.107577025589153	0.0881517431286817
-0.353728269021816	0.25557173392509
-0.404885354267208	0.28354686368405
-0.176509007142146	0.122925028317889
1.13106416481545	1.29049920032103
-0.15362933717748	0.108645081305867
0.34209595716432	0.327669960998065
-0.203185366359949	0.10958689963596
0.289532191870644	0.199635407535155
-1.11428415023147	1.08195884005183
0.796345971209114	1.81817801633184
0.698028455499604	1.62374087374255
0.851251104003576	3.15897309339434
0.590834913045375	1.12725860446875
1.43034540027702	6.46419993107209
0.577468252800668	2.0104805475635
0.709725710287743	2.91017247279436
0.0307931163121231	0.0511530047601716
0.517538481394685	1.5458811383093
0.231818754536912	0.462284402563292
0.741397647478335	2.04344608291236
0.103619268920828	0.128941644189097
1.07053544242102	2.39346935591892
0.25093295960761	0.266001270555835
0.409283738114602	0.511209089144731
0.24922867408786	0.242887712187896
-0.122554797527314	0.126214569921462
0.57202993827104	0.890054846450547
0.270132834158123	0.339965783137026
0.168510092273925	0.232084157770993
0.75605930001735	1.48182879480851
0.745722129260853	1.06655918155382
-0.0968622970461282	0.0604446614979935
0.772030583407999	0.608654834344825
1.99433096125264	3.18684983932424
0.00915047243147278	0.00950037894533157
0.0849559068630857	0.0876425781502142
0.0500630881131947	0.0448192983983571
0.109443047665185	0.0904161505865309
-0.00820051518974319	0.00645608819631504
0.266276730050288	0.24086416122631
0.581794556444718	0.796147865696994
1.0005215722727	1.86881484844931
0.793131168973329	1.04962161515109
-0.158554652201925	0.0900276075989408
-0.336494811793535	0.373204092692845
-0.238613623876691	0.156167768047697
0.995812481161901	1.17727645425999
0.41586514200689	0.408860942004542
-0.119655522944809	0.106889042439453
-0.117318810311851	0.119544858210061
0.0890448654543588	0.0819011890786174
0.367001610407657	0.438180372254698
0.0354044795452315	0.0307518060447041
1.00983907958907	0.955871589772404
0.182023969587332	0.150685474797212
0.2898492688299	0.198889232387894
-0.121283594562403	0.0723879599360038
-0.918321600577189	0.771245847872884
1.32686011344585	1.40757398883301
1.07008112355626	0.651536422382935
0.435101957659818	0.316110907557533
0.980486781088701	0.787241026200453
0.163122770121607	0.106598479346686
0.503190367696289	0.436939771381608
0.304762075978942	0.196446507539239
0.640018258336454	0.450074942227035
0.787980214743857	0.746310053988475
0.567344781806314	0.647566433715893
0.641536598116116	0.456700029384393
-0.098928802553567	0.0733564494306923
-0.667257336406396	0.861911202922228
-0.29937589698268	0.294704962403077
-0.389085867433041	0.436903605562509
0.25952121455258	0.277423441457962
0.827006720891187	0.867018126005109
0.420822892719009	0.416986825456712
0.902031920049321	1.11274570218116
0.490257187775026	0.436448225650287
0.925979622549504	0.243736825113843
1.7999374187146	0.711558267279855
0.530847807860712	0.300384891115313
-0.34952438187514	0.212308667517602
-0.132276615674725	0.107878395529652
0.791348259525702	1.20810569647646
0.258321236817997	0.254822958449467
-0.798688267364259	0.887993484211292
-0.137560636709501	0.0972372500695215
0.183802440947187	0.147436900882308
0.779362928713262	0.741873998223881
0.311865888875587	0.187364439139853
-0.25430201619799	0.128954701421019
0.6174209908683	3.77286237436833
0.848680765244584	5.38793199184184
0.837141274071185	5.70504587431641
0.780080562808452	4.69008991634553
0.728222162146735	2.54169046509468
0.916837504117175	4.39023328731407
0.618724927899494	1.23618257395771
0.771437864921084	1.95658345543248
0.571114985574065	0.829295814432159
0.782990468024912	1.46806460603879
0.312506824614301	0.360782516655283
1.38411025572784	2.5387243627701
0.710536394630997	1.34920253298395
0.510107754456246	0.973233602423058
0.468345330085889	0.779075281901591
0.657025643102447	1.19991919098592
0.415940147807494	0.612385111362971
0.720252127913159	1.46103413945748
0.306359986350066	0.496639720129737
0.722323638652096	2.16946560828962
0.75625075099578	1.88415641273235
0.350604278193245	0.452754120469111
0.492036534507303	0.85524923033439
0.343200523267695	0.620880401191607
0.873838330925985	1.76289534417545
0.561878388866427	0.73801736515597
0.202561775119381	0.24066181046301
0.629267229757843	1.16352282802837
-0.212335457387708	0.166823385087978
0.2507084388603	0.256260321446195
0.00562358223159542	0.00425190965473944
-0.102273750221967	0.115552097289822
0.138506716160827	0.149787987080243
0.0299894813898412	0.0308235940821269
0.386439672868415	0.532397413065131
0.898231253441173	0.479248490592666
1.37825182962257	1.86891489260875
1.13077520482784	1.14522362404432
0.142135716499994	0.0613770333174805
0.372596412741701	0.164378068084297
-0.165586432304184	0.0606717374796943
-0.199879569927989	0.201285367431496
-0.107763253091127	0.117484013063496
-0.347382215650023	0.479847249588026
-0.264294931060177	0.224138504336855
-0.66041178337739	0.387894472703562
0.315747864907203	0.189531372077098
1.01739220966844	0.965803725019326
0.644213187551504	0.570745728119654
0.142289755938952	0.0677332396518026
0.571136207440839	0.734552184959259
1.09989905638592	0.81910158262572
0.638133762510252	0.85114788887668
-0.1147612352519	0.0938261726059496
0.00514939229330821	0.0046070272706133
0.277194035415985	0.215286350460395
0.462844284139401	0.675799181781819
0.541770223391175	0.770678983192386
-0.707735143987959	1.04165268317182
1.21951304098338	1.60329675191353
0.277378327596767	0.210078493352415
0.575872026311803	0.729130789512973
0.531271366236861	0.696393524426421
0.453167365500392	0.614276500376212
0.922124936246008	0.243516971274684
0.449378344405834	0.414771436753153
0.447741570687525	0.423916066719825
-0.26348077809402	0.309410953302997
-0.472391533139699	0.316152353992273
-1.18142814697634	0.659026296378102
-0.506427657846698	0.264762794528317
-0.323559401835235	0.149807230374502
-0.120005472861648	0.0470781623506098
1.1114371340366	5.45260785457437
1.16262678162434	6.02751425465972
0.735407570908961	1.51684767283023
0.95422080050776	2.6928390235692
0.586306031486652	1.05204449166006
0.739128527212833	1.4074428468587
1.18992496138458	2.67366868456046
1.86378715016549	4.26619861753008
0.564525479734991	0.874392170004062
0.653567810508792	1.44006258865281
0.623815759175659	1.22560142676303
0.707117726936562	1.20295648781225
0.883812298595059	2.09090284640065
0.145932158780979	0.171465841667534
0.673148074078979	1.63286401983841
0.790011281712949	2.5652763254495
-0.0579152207969084	0.0755360291561672
0.299396925131668	0.396795813723496
0.938950339156797	2.37123358907849
0.708727097106858	0.960129038777213
0.364902588359709	0.591877240162714
0.236650805360221	0.327610254755363
0.208696688655954	0.295242988820418
0.351821938019904	0.586269466841201
0.582132635068389	0.980752104749392
-0.933723998269827	1.18919910934379
-0.109167615692128	0.119598174738963
0.411336387042954	0.605321903797517
0.165673082571078	0.1220840175193
0.701018834486638	0.45882024685933
0.408852462535271	0.504006651872493
0.637867883192046	0.446699426799379
0.304711481401104	0.196772862202906
-0.174068490741194	0.120723856503039
-0.252069788892407	0.127170600886815
1.01155779435024	0.385777953603479
0.0126524562778456	0.00916810483475506
-0.240067294677609	0.301236562456758
0.376732371173785	0.510417356353999
-0.449909373191636	0.393698255338826
2.89135831562173	1.96184641039345
0.135506264229104	0.0583261544619557
0.135488921599711	0.0580437091654306
-0.108082987312271	0.0432721314557777
2.11139597934409	1.46085039258582
-0.449128393831462	0.50325164347243
0.556043664313517	0.44356344917832
0.333966142122653	0.47544172501425
0.549688205701611	0.649039949587715
-0.479750942716932	0.518531566954087
0.222041323524368	0.257063383516699
0.515605002334648	0.535142708392535
0.272821981603427	0.228939552765134
0.601315670850386	0.993950581900205
0.326699573280962	0.348142893313745
0.142911574848474	0.166854780719919
0.134905946702522	0.129611266143951
0.164008885468179	0.18577719793448
0.0599023002762763	0.0581312428505239
0.443109289049693	0.319939231974593
-0.316349141225322	0.232626961911872
0.561635276032152	0.6516365592238
0.142698404858563	0.0359575700897484
0.0767354417812226	0.0554269338518804
-0.0371289680858103	0.0240902555225151
0.315123480474612	0.337006405870989
-0.320779836564849	0.146167462226786
1.01179148986041	0.390812379931115
1.01913790541463	0.388060093985107
-0.540837584872468	0.211287314007882
1.04271631472557	0.504331748851887
0.554517756910094	0.54959443145772
-0.165318734214513	0.0606610603776833
0.139847419253076	0.0352678773972538
0.730058765613681	2.81348280081619
0.723108125923599	2.81387051428521
0.795074540585283	2.28558070315849
0.502742902138319	1.24817238731169
0.456071111169905	0.796120810203919
0.307017551808659	0.493109525924724
0.567635467954997	1.02542092900659
0.777333575396348	1.35243950879072
0.85552214975733	1.93370683701497
0.544404025215768	1.03881454415244
0.867103239834895	2.06517319840087
-0.193723433856168	0.239441569349238
0.707936892722768	1.46761916244438
0.481590328588034	0.86279166555068
0.598524284354381	1.09447705815539
0.399546182853932	0.871573151631904
0.238263828794492	0.359429210852342
0.400649033140873	0.599459853010076
0.51911490602878	0.820162233516853
0.148878445488677	0.176312621483484
-0.299791812789207	0.441139235124287
0.260719579541493	0.324991605484894
-0.328515220472946	0.399130125593744
-0.735584658807509	0.986293994541098
-0.447587239821245	0.584667658992375
0.102591900624553	0.101747639383471
-0.0989617513040316	0.0818597981965898
0.197979504500728	0.214772000556102
0.945855233464564	0.937030675243246
0.404356788884286	0.432361026402009
0.251147457743414	0.238131557313558
0.500765936936925	0.431117224062707
2.12956793702412	2.1496207322254
0.128934561205538	0.0551132900204522
-0.0323894495266448	0.015409519288893
1.5538925777473	0.779864833648603
-0.238669640477763	0.238105720780942
-0.0948235728473705	0.0918198815584972
0.200356107392125	0.179642309498822
0.163587629263559	0.121150501981846
2.12850264565521	2.1122779275643
-0.288059839184742	0.184034684175477
1.23915143004858	0.854537118377773
0.558222491158298	0.445413201777883
-0.268386195166167	0.203849485501826
0.012160700316025	0.00826358141494399
0.300355472951311	0.195314755217501
0.795266844056424	0.335552258908945
0.203373013661141	0.20969997816507
-0.211394534898927	0.191644017586899
0.180158820819224	0.157423697933715
0.636822311412739	0.738023740291303
0.259993803128847	0.25598436494271
0.728924902545363	1.07941357240933
0.290422537177356	0.184713856003845
0.421716650467967	0.403735763717519
2.7479767545239	0.782066977880158
-0.444993049113234	0.387619837138746
0.169911887669359	0.127012011538429
0.158362810280098	0.119460784424521
-0.686249281136317	0.47842461918948
1.55751721634342	0.783229267431462
0.390501182761579	0.170285595807086
0.125681624662789	0.0430946049318035
3.17033094135689	2.54654201485261
0.639660215207864	0.203910262751024
1.42822224336494	0.477074019570971
0.694726476343842	3.08391117899472
0.713781527649455	3.26178004665039
0.682249888596407	1.70507849679531
0.320002290304335	0.657117655118676
0.306993947652744	0.474933915987498
0.780807953529948	1.73565948071317
0.108297843341172	0.107276828899276
1.17460770485612	1.9769020666812
1.2684950480122	3.49619284657875
0.261719469509419	0.382881468121978
0.0751492478768204	0.0918019357374818
-0.298874208117876	0.404695330219289
0.451624622671881	0.804862415669716
0.517034664251893	0.806148549985992
0.546117011530859	0.811369580844329
0.259087699478531	0.36167898394414
0.0709994446500532	0.0814111382247019
0.0528661814989742	0.0576078518908878
-0.247792502603219	0.319529559134317
-0.0537198158423085	0.0627724765735512
0.122092363855421	0.128668330616081
-0.446964137047185	0.451307806901501
-0.103777299210318	0.100944493480911
-0.111885007248523	0.12903062506833
0.448676290526038	0.42680393543985
0.212341036172119	0.244746476679578
0.304017733066529	0.38249638535057
0.317117470414199	0.190232880631151
1.21899733717045	1.00401157590351
-0.0879625847645346	0.0803749125891018
-0.272659425978213	0.299381674174878
0.454007064744699	0.306052484203442
0.296407893603798	0.203418745278374
-0.253782845908909	0.1265964924429
1.07148602161048	0.6599189039757
-0.542036345709306	0.210633259955254
-0.400651198140754	0.439189548785784
-0.155689886321198	0.183728042273278
-0.0413179312520556	0.0383854705982525
-0.0424199190074053	0.0276815377190659
1.79063227897974	0.701853790205257
0.345062662655804	0.172520989742511
0.13807353797487	0.0719779131927366
0.843685315357713	0.617749807066322
0.532283482943682	0.303481721092298
0.024195626563774	0.0171071077523707
1.0149874689453	0.966425474407022
-1.84190336279857	0.769704627409186
1.95256933090985	0.464168557061862
0.254906852164987	0.315954586897844
0.343384414576915	0.397675128206831
0.252979489965687	0.248511166099375
0.289325959252276	0.383650138039708
0.301459905507709	0.31226637029838
0.155143355230634	0.0887052314887436
0.141382589501472	0.0739460689813553
0.139576085242422	0.0352987079074651
-0.2822328089191	0.237137489366029
-0.206340352129392	0.141586632319421
0.148620893489241	0.14978368697239
0.534068015722224	0.305559216021576
0.49991679292187	0.180263240660553
0.503876995823466	0.183153812193994
0.940267534325222	0.626252984418598
1.42395946891673	0.472583961120929
1.42795516831077	0.478570790474717
1.14127716537244	8.06932715648666
0.802853603892696	3.95425867949282
1.16523662643389	4.30174165745046
0.458446655589399	1.09013584017359
0.399974510473103	0.708864061015313
0.420749594575983	0.73477841511686
1.38972783754778	3.61681812246937
0.332236614036455	0.415200800135177
0.974118233039879	2.0770479018121
0.558740411593678	1.11231753219412
0.205714413950932	0.256467298908569
0.811050605957915	1.90759880884163
0.684209880596103	1.60145841746214
0.0708458366658596	0.0625057527541675
0.250035942862885	0.325703079205406
-0.43216306348621	0.653997384075192
0.216455299737291	0.330256515405016
0.133134222886554	0.174895216765001
-0.111369970178972	0.143209948973782
-0.0866330350668916	0.0939569382215758
-0.0805600319524327	0.0604721090622716
0.561656881551317	0.811412778296481
0.652866368921613	1.00318058032279
0.142417919540334	0.15973564829455
0.915814421072949	1.74230024467923
0.187844150696952	0.169169044449678
0.907759416975629	1.02276636842861
-0.809599570301351	0.537421042276758
0.409537107983921	0.417011291791604
0.872910813973093	1.46124929485162
0.981377219348037	0.788892705260648
2.7489176254429	0.781882431670721
0.373309003258238	0.438593149879289
0.542510317028645	0.877562467830193
0.206909871957312	0.23434476204861
-0.443202412849562	0.335102566988995
-0.111079199501302	0.0444318085674208
-0.405530795212908	0.172425679747037
-1.50511475999619	0.773248956082543
0.134591946509405	0.0579261095380684
0.126591754435651	0.0434512482036923
-0.188610696148048	0.14963902556279
0.0311982620629518	0.0179222943976061
0.682777708986415	0.314666501782516
0.399780522406182	0.52627683738996
0.254550768749247	0.232274829372388
-0.0839126277725314	0.0686498678706315
0.473010796827806	0.775753496632598
0.275779029590222	0.217126850452819
0.37370293339474	0.327154720829186
0.277010713681271	0.226184209081561
0.0743985225611834	0.0540180528548625
-1.29249760437859	1.58368425954333
0.249282904165479	0.23147639706008
1.01080793058073	0.389781480211188
1.04671431462836	0.513193629181291
0.885963236005138	0.480667813853371
0.500379391071303	0.180303967231713
0.86763609283304	7.5528848556777
0.867862168998417	5.09864079212795
0.389569152567795	1.28426511776103
0.500347294306145	1.31917542735052
0.288483424729211	0.577505255930321
0.0744348861317004	0.100125966947057
0.0948052428594494	0.117451591429554
0.572809469544252	1.05552721903977
0.106163582964019	0.103601188858611
0.413968982166037	0.616341194372062
0.113192898383527	0.147169217478415
0.59736290673527	1.01043834611843
0.289840908162241	0.417698858745026
0.194003858334595	0.179645390770592
-0.159632852059809	0.171773406809836
0.257031620563968	0.339415476032139
0.295960268136827	0.389531979246271
-0.901845919930481	1.76055399359574
-0.505718206123621	0.77098212466829
0.324374829231106	0.387528365888209
0.343703361582748	0.321069300191764
-0.189031554250778	0.164770662275952
0.19968982776146	0.219437759578064
0.526438025527302	0.440629403869079
0.138945452875163	0.125812300530914
0.101442416102181	0.0769658181260644
0.00637748937901787	0.00349481563779575
0.649799764477439	0.455296536469147
0.254144152448188	0.252721603411171
0.0807602140901094	0.059151283250618
-0.335822837034521	0.432924625423167
-0.150375917289508	0.130713285022735
0.143236302158225	0.0760708521382788
-1.0534020476836	0.427456809042585
0.150017726580376	0.0791313297734497
-0.61862729111801	0.300331195278872
-0.167194301643837	0.0606769952280747
0.42361228733768	0.169820870590681
0.342580923945095	0.311808277477914
0.985551857817822	0.804997945090492
0.141628868364635	0.0268733845859336
0.217758263237492	0.232152476811921
-0.0801402167411406	0.0664603323394087
0.253238227102754	0.243046849600825
0.943476512357074	0.908304168721141
0.15414414581185	0.0877834075776003
0.355660172811347	0.177243911182267
1.46015097871447	1.46024487525421
0.642202725024316	0.20486814652215
0.643202247298856	0.202776762796674
0.589080602437387	0.97001388916161
0.332048159925956	0.473617969318645
-0.544154793648335	0.90316364955196
0.08904734807194	0.106987228535776
0.113185233008941	0.145248049275758
-0.0864074524342636	0.0890361008300324
0.136325003292697	0.145780503347011
0.151266552160305	0.167952639402763
0.0345988259248695	0.0210717135779941
0.139536849654583	0.130212027657586
-0.04160113355816	0.035671637392036
-0.141367362469495	0.134836484022159
-0.362319186028355	0.351999805859601
-0.497701394758449	0.263019914063892
-0.909614542004683	0.744962843209262
-0.883209226229604	1.01381251661677
-1.17561772865057	0.665094372174862
0.292174682235794	0.199041918392352
0.441349226657573	0.519470886402623
0.942428511957278	0.915559387960368
0.450009941406411	0.501390471721755
0.0698993991735093	0.0670989887096646
0.267567593445487	0.262305086855591
0.927971507294548	0.243537608899139
-1.11426272125049	1.32403318485592
0.154499936777959	0.0997585940981554
0.509725648789814	0.185898565895246
0.134805386154992	0.0338121207710829
0.251967839258098	0.331977867557585
-0.0346097758373737	0.0391366381891489
-0.496851867938025	0.983111225476861
0.447189290091798	0.810058134702956
0.483157789612762	0.997100585077929
0.378090596395604	0.452354904028832
0.29365903062016	0.371707823865106
-0.0954032941285552	0.0583808118739449
-5.08133920037431	3.69027455578139
-0.810062146145161	0.538669710587199
0.13372385822275	0.0634786020596993
-0.443779475816626	0.343730238599925
-0.691572657708301	0.491007674195221
-1.82557461469322	3.3482669610083
0.898226976323346	0.953404618491125
-0.313711345759115	0.143450843930432
0.121493716570901	0.128283796693313
0.091476235643945	0.0851143519922494
0.905484266113078	1.64451870071501
0.363221490897745	0.306992461319486
0.390962533130257	0.32060781964474
0.518291036399273	0.421013990512774
1.95256933090985	0.464168557061862
-0.323477302583258	0.269390118724315
-0.96487417894045	1.03757304780585
0.0180572968395647	0.0129049936237423
0.413263018250415	0.314968136571876
-0.0164030772042457	0.0191965458616526
-0.139454096179397	0.139494502661203
0.269880085355168	0.311769985420036
0.156528083943927	0.19106353934854
0.0414555673215125	0.052673430258689
0.213619160094907	0.311373691897914
0.216415340492658	0.287889578663979
-0.0676129125726124	0.0895023416068432
-0.0341666525602949	0.0402035413794275
0.342160343601251	0.476650254385601
0.333830797927384	0.454523682839092
0.790624334935947	1.53000386083298
0.637862195940249	0.68080165109745
0.348627558527459	0.174056715969623
0.947413684423611	0.638978035417402
0.641431038909059	0.206705899790905
0.131329680502213	0.118745186308048
-0.164147477163744	0.143091243111502
0.162963794353682	0.116055575281469
0.586246329131864	0.303561922110725
-0.500868200697924	0.266298415767563
-0.104407580565148	0.0411422982423772
-0.104057526365131	0.0413182637598398
-1.29284277839088	0.590655513878152
-0.665624327642275	0.704776332754699
0.15073590149249	0.0855025624179978
0.376796890626774	0.170142176796762
0.774012814430809	1.18158336031509
0.628123488171716	1.01344987880046
0.848916814934736	1.35259331077546
0.758700324928189	1.00922584706369
0.937113569408064	0.927235725637418
0.144878841292722	0.0757861267438666
0.190613166404929	0.166665053936915
0.639329222636839	0.203514926064791
-0.415596176579345	0.173345858471467
0.133621657798323	0.0257280473816019
-0.125757966215453	0.101694714808481
0.400574605002031	0.322179324547227
0.67246091851821	0.937206605830742
-0.10792713458243	0.0435843718382022
1.24563223569958	0.854413991300148
0.502237066295499	0.179554331795146
-0.267512245319876	0.500310214478929
-0.13998151272323	0.194682078803281
0.484867540723038	0.933418163320686
0.264273001871154	0.373452731667846
0.0604232481107428	0.0596261366107429
-0.0633078489207186	0.0819387843287348
0.265808330475139	0.462279813728852
-0.0422679953129723	0.0567160626706188
0.0107126737499653	0.0137434824802032
0.186142633006347	0.296885994625925
0.175159010628876	0.257541846180042
0.0290197084058782	0.0332508049527141
0.0868565708243973	0.0970784321184357
0.554866218457474	0.92204283042256
0.00704105548244555	0.0063001817691277
0.596091643308744	0.312565873458659
0.283187481689296	0.191993743957975
0.283266136453966	0.410324386202043
0.464966678563963	0.31515488860835
0.492228284050675	0.309067965592911
0.349712984719968	0.17238649804039
-0.0415218645022214	0.0360136951536721
0.267674031994688	0.378210277894649
0.299352249853106	0.375448810304542
0.552576962838372	0.54701563406541
-1.84684600536814	0.770075855753647
-0.25225481723817	0.165819702790641
1.23214027884607	1.19280826170699
0.839895750812804	0.599348627031018
-0.347333994850872	0.249529533896312
-0.305182178915852	0.336484392782669
0.462803789947072	0.420123256479751
0.325015029607785	0.453662632674984
-0.438459619032484	0.55261325059015
0.17379262833532	0.162312860092277
-1.43782657356532	1.76321335023331
-0.0695671213453476	0.0444263892055628
0.934163651573833	1.52996365922667
0.145004446616004	0.134479089670496
0.491707084639598	0.609027230404332
-0.175411141906566	0.176678027600602
0.965591548834954	1.05418380278307
1.3200428281134	1.52174713156964
0.800338380126396	0.337545208735542
0.943817319094449	0.638436447606473
1.01074601962064	0.385312386444489
0.351520296466044	0.328889029719391
0.186409169102351	0.166961906958237
0.529031855234948	0.783772261657526
0.29412326826897	0.18811192059031
0.142738179971212	0.0684506922239225
-0.16839608254843	0.0616855989568125
0.301213391234212	0.196099141039364
-0.000672219435089812	0.00112779786205332
0.196276535568854	0.347400669536584
0.541697731824116	1.39377098229994
0.459790306223564	0.834588155462667
0.36350220470796	0.537103536682599
0.118463036484485	0.179048230954881
0.21346865029864	0.333498640115453
-0.0787855512763184	0.109549172403311
0.429568955585338	0.99014671947887
0.0912947112894449	0.128083458898998
0.0518987264949807	0.0635860252259876
0.0705669799425463	0.0772706625255456
0.0802584216820497	0.0713384427769807
0.218633108562257	0.269680729344319
0.0326471387644009	0.0313230691932453
0.940019387660098	0.920034021978078
0.2682387568634	0.208864109658889
0.787720998532592	1.28930073064037
0.448084661706747	0.602913385873014
0.164512579270314	0.112118733488342
0.137369051590903	0.0524848369383123
0.0282769573093541	0.0245957389438845
0.46499254031739	0.758142127284195
0.479520195792847	0.650418974525419
-0.035720069033136	0.0302692604708588
0.490935435055909	0.307189855621976
-0.230543191440375	0.176979038118511
0.462208048950246	0.439498003369193
0.695786102640238	0.703273879510503
-0.706191256584372	0.568732831247833
-0.0645962654611641	0.0595685682433747
0.186020668593938	0.181409398372162
1.95256933090985	0.464168557061862
0.395078255920011	0.432041895419147
0.0283507430766707	0.02919026957484
0.306244344863494	0.409879963297221
0.396275161270361	0.520549050934399
1.09750284258267	2.34049530582321
0.190690521122179	0.17776395257707
0.454489894355901	0.690484316084235
0.48638536817669	0.771659002312214
-0.172572959944513	0.183727711471897
-0.425841094377365	0.406686899887839
0.557976500109031	0.555497086283594
0.0189974136450297	0.0163749626690132
0.176951350475772	0.202786916337266
-0.191444413800595	0.216431722277496
0.147112456138977	0.150407207140717
-0.689383718290436	0.815073475784212
0.473485414288588	0.419104828842552
0.365865228777708	0.324140091394848
0.459041981928599	0.311444961814605
0.642430262122492	0.204551977387731
1.22220552740233	1.00311590790104
1.04484488736244	1.11609255440261
-0.754670103122347	0.267616103379387
0.131405210276931	0.115991032097248
-0.0342913251935571	0.0292354751568846
0.0416246383457559	0.0445446373410754
-0.0912263067142443	0.0568453201252332
0.302776260526671	0.1797804693263
-1.50139661776717	0.771257642093803
-0.0350751771272167	0.0165176896260802
0.262148798738276	0.201257115727352
0.29203923432774	0.549033655984144
0.139337241577619	0.256896009732786
0.0883013505983972	0.128532005806864
0.343033388636482	0.605130055613578
0.142388608128197	0.194408612676016
0.0284847449307668	0.0322259937760842
0.250325430829663	0.352174723552728
0.102401430426015	0.114173840652706
0.539003736193836	0.953889078716721
-0.388969589164556	0.620999707594058
0.502883506708739	1.02114483244866
0.45653061607717	0.766671563666198
0.293930674813526	0.423606728502377
0.44458887742578	0.6036094667305
0.110779408689589	0.113984151190217
0.0539302076081816	0.0428531968963786
-0.000511081841513759	0.000581329293508236
0.0265124591022984	0.019706536064836
0.126243482340229	0.119605228680718
0.024448537866756	0.0181139543027802
0.13269968256925	0.0511668869959815
0.489355110031326	0.31022122879177
0.197819431573334	0.195886115827397
0.67142644783147	1.18576495179857
0.149434125908253	0.086144575755565
0.168619866306128	0.11561510946358
0.348282302911898	0.17563749575115
0.979958513295824	0.777485398419203
-0.239530983949622	0.079101339152492
0.778009584906509	0.834441245997829
0.749564811347513	1.04378173650152
-0.0698992196094627	0.0625783620174397
-0.0728996070850153	0.0468728747122464
0.948782970511025	0.638781217907932
0.00565724253773144	0.00310792626139857
0.938994568477642	0.618089699605995
1.86300021157669	2.03847850663796
0.940203285681724	0.637077588557656
0.269132103111281	0.219962861854322
0.384712535264374	0.312583898715065
0.348323543612613	0.173161677412574
0.877871944334138	1.37821319506891
0.612255862577981	0.576045842590131
0.5879501722121	0.65626303937414
0.441902497039669	0.504794720092521
0.424130243547213	0.513972471938106
0.0665962483945233	0.0452753129307789
0.487716521931309	0.533372325675397
0.194610825906634	0.179487007169795
0.951176356973286	1.1557201421463
0.533195829708475	0.444598637689323
-0.73892644648218	0.872518312528596
-0.61226936074699	0.759822316833321
-0.268584259605725	0.203131397868571
0.167479924023381	0.108811298375641
-0.207846787519142	0.111689715322588
0.0812519034912161	0.0576153813393305
0.869863562280353	1.33967912700186
0.389094305644212	0.450466485887107
-0.120643758891191	0.0992422920378857
0.414315223411047	0.315222832763032
1.01254068844739	0.386785712184281
0.300093580891788	0.341710343308652
0.325183357937965	0.17831836192421
0.141938162059784	0.0354191252721787
0.503173696642426	0.181140364188836
-0.0704900742805476	0.0308853318681583
-3.09675293313402	0.963861246988004
-0.635031630847427	0.742611736157112
-0.100575634316508	0.0744407332867784
-0.425991887767649	0.515867124608819
1.22067148759453	1.00199454936829
1.94297927238776	1.19993322639922
1.05040313922884	0.518133696966867
0.132517398019614	0.0400248322660559
0.120930099481501	0.0410532619666099
0.26451645742428	0.227543326924121
2.72950142690943	1.64886009810943
0.393866006309431	1.46422963346703
0.653889402904641	2.66695469965898
0.63549370029511	2.00732257383102
0.426508890915668	1.16037160467391
0.352342076805724	0.932584678026277
0.295920951636037	0.77305049707141
0.237113022498227	0.508953375655422
-0.233002307090867	0.473508219762917
0.131428331621566	0.234827038291483
0.228963263688425	0.327698734839211
-0.0292206404762785	0.0312395307887566
0.475874383117649	0.763123945247136
0.0106526857382986	0.0116533729923825
0.177662791633879	0.227429327283967
-0.0451249193904378	0.0475795579244755
-0.295214921139694	0.375841234293787
0.449090144684523	0.673906769247235
0.154989838073136	0.169960172474861
0.257960254427573	0.247850638861956
0.117017602840022	0.118719595345474
0.263505160000618	0.303004238806809
0.743676662331495	1.40579113845199
0.382366793444454	0.400513310251064
-0.182072104881089	0.145516963405079
0.331786835156124	0.425796633373636
0.449180950701075	0.609060428571565
0.104941837395058	0.102111575847008
0.201858678592092	0.181048275961168
-0.646480133107952	0.870509271757999
-0.518254283186788	0.556004419188706
1.09025845903028	0.812153892363614
0.711282454590697	0.977192363617453
-0.473024322023615	0.626292994466835
0.843968819191788	1.59711537946744
0.723006936634076	0.894261538897112
0.551751672811808	0.550962262430115
0.687979396212255	0.79281284390942
0.515780337048795	0.630103414486849
0.476464596514972	0.540016624465935
0.497284860679582	0.529720363512216
-0.404841431178347	0.170207120419428
0.488611613234927	0.60045240922747
-0.146232719391934	0.104515528662677
-0.861684284743839	1.06376753636809
0.249311516273668	0.211624275793224
0.0748178501683252	0.0661481658168758
0.766434204810315	1.02297106790903
-0.884944696315052	1.28682260183587
0.121910450384004	0.107108523977221
0.204171453202991	0.183647137310966
0.737624359775802	1.00211580861022
1.16751508838071	1.7750239152694
0.184957043071539	0.152647114909845
-0.321672507125092	0.268913469382796
0.667597734398315	0.839909754001544
0.0875844546399992	0.0654506651109524
0.111585890172736	0.0924833775669991
-0.391848592581155	0.490796739675923
0.669993948442057	0.752969315656876
0.595260638362114	0.654941865477396
0.0356031668403288	0.0315310130026946
0.389960639179803	0.53648991839618
-0.582238136875725	0.758718156275414
0.782265961336452	0.835098094813231
0.167747391873322	0.192319970164266
-0.828687146521191	1.24587188381362
-0.0511427693884895	0.0392289817627484
0.259973087796716	0.243484818773416
0.201900024633615	0.214842140539654
0.525880782740042	0.537147366642482
0.508781691198075	0.185680235788344
1.42692741367696	0.472854481440801
2.52006085066158	2.28255541363519
-1.16076621190063	0.359385238156804
-1.2073878815354	1.25240212528582
0.274532931169553	0.207124581078793
0.0236453682081227	0.0201564878232298
0.558546753561974	0.447148480882086
-0.098225374047001	0.0597550869252042
-0.798640150170348	0.766492683954692
-0.45377923878884	0.359456883689638
0.143631630262247	0.0813764535717193
-0.127660980989159	0.103226261566805
0.0177787248730747	0.0103347088523812
1.76348568214448	0.992570415211608
0.211169144615021	0.745004845736139
0.152485617254186	0.255425540980339
0.7568770806855	2.00387932213765
0.513338773406538	1.19168213491204
0.438897938205483	0.891221093418221
0.193094342983224	0.338591024707534
0.215442558076049	0.353217702631908
-0.260593178522105	0.438738224649407
-0.477704402254527	1.35546177916782
0.153764617781985	0.293707480615295
0.477249023221225	0.523163950876807
0.377099256607796	0.451338448180663
-0.153891443893392	0.123782261376815
0.263154530361164	0.228343374867033
0.202330112898488	0.191875415065326
-0.764583852072466	1.5828241423186
0.300413183339075	0.337354784930896
0.81890713098621	1.15140635859015
1.51906939952711	1.82800523253684
0.171773810881208	0.132664240883817
1.01408932159282	1.31309433374084
0.298326253388312	0.339466647510843
0.79692080521052	1.7072220800472
0.21472062953468	0.242062489923981
0.307464148999345	0.34652895708964
-0.0851526817766519	0.0626203052553877
0.327377784796064	0.481922794552691
0.291173379402886	0.376923568812457
0.406468975983989	0.612860993164637
0.297232076715725	0.383136975322201
-0.180774177195806	0.144062846221043
0.14921672118562	0.15205621113424
1.10523935880407	0.981831463724976
0.580745218492806	0.562091712257421
-0.025268440817893	0.0212371720379148
0.382291331291465	0.540824340458307
0.634628408644303	0.767265826078225
1.06022624538186	1.23934979015443
-0.245573112834553	0.161924752142649
0.432818540013999	0.176395167801005
-0.518567197617517	0.394810769035905
-0.804253729386705	0.444943656287596
0.13269968256925	0.0511668869959815
1.25621824181772	0.68589046907893
-0.896302670354921	0.833863834251035
0.338952626210646	0.333444515780625
0.0553864753387416	0.0356114391623167
0.908689889505078	0.777134867738796
-0.410395358220692	0.174479031259067
0.343176236088716	0.17167534829835
-0.499473773903918	0.264650632734672
-1.52752488203644	1.6908003253408
-0.541756837620845	0.209412208548733
0.440266198321708	0.428313680203271
-0.166173671057558	0.168798293331375
-0.129888165267179	0.132300710592103
-0.621505808156965	0.896877459075849
-0.074596901997714	0.0735460695401627
-1.05480582997449	1.82825158510963
0.00788108315326523	0.00653016628908256
0.257994432842127	0.318113784208548
0.12733204521556	0.139106009065241
0.299335552681556	0.374065879386115
0.104358339157844	0.0967591995757745
0.280844878629442	0.20284406600872
0.126876371713412	0.0427534563331399
-2.58513149511835	0.689509113042442
0.0242137800883833	0.013836947719524
0.713324597799695	0.591443833188592
-0.799727446425125	0.757844010083483
-0.302694958775288	0.221341311264316
-0.0334422122917776	0.026032237627234
0.452672706280375	0.425254719667336
-0.889229786611854	0.905135025244312
-0.217262912479852	0.214507750648997
0.275566618900335	0.230657637472957
0.351250833664536	0.318984882287241
-0.878627784841791	0.953312819236406
0.382080235014145	1.99474775937707
0.360272477855802	0.87460595835312
0.477766025795949	1.33880265357292
0.497020262499614	1.27366802775896
0.307387785413199	0.581552122538351
0.0104656771625104	0.0145733650120575
0.50746870373046	1.30102138548951
0.335707337233453	0.709718038945379
0.186296593973788	0.414839303141638
-0.077997108815001	0.058465349995779
0.588090141226694	0.654257518858006
1.02971345620562	1.07042627826865
0.762310785654951	0.927518907973408
0.248861472356881	0.390540958535287
0.6196803188618	0.921390760174715
0.122947518872326	0.151530720589428
-0.0477907234613883	0.0445908688114171
-1.00418343145804	1.82106849737464
0.0899795624402785	0.069106792631718
0.240148326687967	0.22524832375481
-0.0420633769020445	0.0387856201774358
-0.162272254192759	0.211343231216165
0.164860518873173	0.242459437502324
-0.0187361816421641	0.0209812794913796
0.0438777361569274	0.0404043610390734
0.457073372949075	0.432519017936156
0.025037501692695	0.0298692136030507
0.108344978480237	0.145845926261386
0.168052045925809	0.227848557641784
0.984463566011955	2.15206108364824
0.0985143805485269	0.0750120413797128
0.304102676944547	0.394721357149797
0.173204845184601	0.116872848496059
-0.0246200561413323	0.0193210626595201
-0.262160791487666	0.30635625331832
-0.0125320794384615	0.0138363362126623
0.395827926374545	0.627361180763315
0.784862404610129	1.61968775485631
0.445681906312665	0.799900772348751
0.579578005802805	1.00118794349613
1.2217967222355	1.17234064730316
0.262527338796801	0.227413802088869
0.310891810582693	0.188409850015462
1.3744795336655	1.02269758374136
-0.804705237540076	0.770483386837758
-1.23319037095661	0.908555270829755
0.90502064354781	0.775172443769552
0.698867330079714	0.459298352894978
0.262383674254082	0.211318601878559
-0.430184040402164	0.488818980516742
0.130428603967665	0.112031090963495
-0.392436020662863	0.344850840492677
0.29435291935364	0.190270260271903
0.982784761320018	0.803964240636925
0.598254072323625	0.312994871375013
-0.489704817326397	0.426138159271806
0.525438139301485	0.296443092963739
-0.0792122327493153	0.0592421192878971
0.385627688382977	0.414761400397393
-0.549702118746202	0.817574150513483
-0.329606215658267	0.454169897059282
0.0496090371611039	0.0487835974014484
0.5912034977425	0.657991061911875
-0.268405045644551	0.264441016574549
0.15813106794661	0.168777496826688
-1.17375992867823	2.51877131254691
0.215042787949919	0.275731064573601
-0.249459780166755	0.359099951092156
0.245223632312489	0.371829013819221
-0.409258031404003	0.173171489548782
0.138618353811657	0.0265211219118666
0.326901384223394	0.179974568165905
0.290934991212415	0.210084043840002
-0.664996882854804	0.702437999703866
-0.0449956123931504	0.0346276063596016
-0.183550348724902	0.159913878497359
0.460175013910747	0.502236492574478
-0.324438099806399	0.309583287739056
0.172441080729728	0.142676246149237
-0.240487794282451	0.183963522881812
-0.053889706299638	0.0458648294464896
-0.224176863551089	0.170132909765354
0.435189719861757	1.15757954393126
0.443918926424356	1.0199386131171
0.493235887993167	1.20905810373781
0.740353076564811	2.15430915535422
0.741171187212627	2.40372666934312
0.459541027371662	1.06933359447602
0.321800781957663	0.657967654093041
0.107068919875257	0.189481183217861
-0.0843510698744055	0.0633805776767773
0.432377214406575	0.306185600638422
0.164676650255076	0.122290936229592
0.00311453799861545	0.00238435571288341
0.381856126905526	0.314210214903224
0.701595554203487	1.21489595138238
0.27064027634083	0.252597446512431
0.390456349814355	0.307365090776094
-0.0915482966378321	0.0554117902308907
0.799384300260261	1.13108312231436
0.110019301633953	0.119448838788676
0.535440704253138	1.10855246032101
0.644003090219982	1.2449353893572
-0.226791817451949	0.221636883920269
0.608695032049931	0.567495888264338
0.366760149053689	0.63757569131339
-0.0314318750315237	0.035761006409151
0.481426939168349	0.930285661875278
0.408023116865789	0.617484695166519
0.257578600573255	0.221922212912245
0.56693223424638	0.774100200707842
1.01513709452227	0.951490357758922
1.21985564253169	1.45765943858832
1.26678295200509	2.40195122700012
0.259079905379093	0.345477468950772
0.175702062826085	0.222698157870099
0.335140940008451	0.469191068984075
0.499513715469002	0.940148809097442
1.08983720260015	0.823165365828675
0.703626411523665	0.459601625529781
0.30664438087061	0.197518047787867
-0.54976524556453	0.469511067343959
0.703161626524864	0.456188852302411
0.305085045007735	0.18020524096901
0.134720480496125	0.046154809884801
0.504580075605894	0.183905699075097
0.135651198274853	0.0519258653806455
-0.619663149282988	0.300023036116259
0.322263684677643	0.322340504161038
0.383335616934031	0.309840350186154
0.57041444392486	0.544903579366543
0.296732396565133	0.191450019725282
1.30581051293515	0.583204526982758
-0.200795969569467	0.109187222297064
0.271542420634555	0.218528774563285
0.503876995823466	0.183153812193994
0.467989107330885	0.516521494264092
-0.424181262331895	0.480143489538027
-0.156103804472033	0.186513700591925
0.296616141913623	0.363020291103436
-0.347121971139256	0.369495549894714
-0.104948078124231	0.0849133144344025
-0.473356405961453	0.511147589288126
0.342419762279465	0.477057500441818
0.250830729975381	0.259686375260352
0.190367197882169	0.203265573680721
0.136220486361987	0.172486836793908
0.0581307313950229	0.056311794758579
0.642650740895789	0.20298545340287
-1.80211551800213	0.40518546889285
-0.0240880016779524	0.0118995469193827
-0.23388530225422	0.179517851881206
-0.308442370074366	0.229239712992469
-0.652220143558551	0.644385142260522
0.0228473446840222	0.0175129186501489
0.184395461420119	0.160442294507942
0.81532716672361	0.950484811755334
-0.934149869630207	1.1398859526595
0.0833955441690589	0.0629863153929176
-0.128610540713063	0.0936633869284326
-0.117743612259865	0.0957998843308676
-0.363150600253573	0.350736147935957
0.488016807155473	1.40443498758955
0.232144242834872	0.494548827252181
0.683949582328166	2.47008832828393
0.652521676984647	2.2243476205273
0.52455375556173	1.47775081307973
-0.165585731330502	0.283965318181726
0.110718127951989	0.223126816391683
0.767346393710447	1.01923083520971
-0.119086589439147	0.086477000571604
-0.268041429420983	0.203774068400717
0.286722589737841	0.211366559877205
0.395364980221617	0.313575058930165
0.221534957848987	0.288473022979129
-0.115209823777546	0.177825493608584
0.26411251288383	0.400234130332569
0.52751261405789	1.00027096091345
0.264233401169381	0.275802934940699
0.0457029434272949	0.0398619290661261
0.15702606945552	0.0966310243117789
-0.532691119363843	0.569687590468333
0.253252436217895	0.291928218268741
0.262490672956253	0.384055540086493
0.429947267464726	0.872491507054941
0.0593586908076688	0.067660960035884
0.136074847762708	0.146953181359709
0.346481747194435	0.323924872158429
0.275282064834943	0.438358227504146
0.451946770609053	0.852015543994172
0.293944641922339	0.508774496241971
0.123186879651935	0.131399607821926
0.279046934134484	0.210360802658784
0.070439679196046	0.0621829046870723
0.440058719051879	0.316787660959003
0.390259398134418	0.304562826834497
-0.0146956202180172	0.012900563585491
0.356891548849694	0.531670471187764
0.0933212005115717	0.111162980509149
0.268299417867983	0.374623568860823
1.29868535988072	1.62705160717894
0.145400625900812	0.0833112489072962
0.142703577512654	0.0751017176385272
0.00918987946516304	0.00496598899120001
0.962024455335498	1.04370288181566
-0.19698544075993	0.106463602627733
0.318250739614666	0.186927491077392
0.142579331990777	0.079602673927815
-0.3523283546832	0.21308291145331
0.354484345610237	0.319260519982103
-0.28482757763142	0.256667399300868
-0.030252044509503	0.0201055196057633
0.140495897635385	0.0670939268284211
0.152172739105107	0.0720389589868929
-0.159106662011948	0.0918805838613567
-0.407019638437329	0.28757501211355
-1.17511928334287	0.662983172543037
0.0700923287035618	0.0475777733413795
0.47930644629642	0.609434086698401
-0.0688887359854993	0.07473452377534
-0.322847591695223	0.437612226523745
-0.174667858274032	0.193925492853133
0.629132082647955	0.569904958773931
0.349550862727776	0.314785224819109
0.167887405932148	0.177275081990634
0.0914187230038598	0.0993457319436604
-0.505501557960806	0.267016480955288
1.95338582999428	0.463576578510391
0.00232799262905385	0.00136630248243418
0.558696163224134	0.434267426526993
-0.01950888204526	0.0132864782538411
-0.431628573654824	0.413801272970432
-0.210545471633749	0.211504578574211
0.601371325193271	0.752568440896035
0.118087381072122	0.0975122237633016
0.166128345134048	0.130521064513603
0.252014411564716	0.234999241167878
-0.499353947667541	0.568496664896509
0.0759828643475237	0.0548461697520741
-0.0187209060727147	0.0146642350801537
0.499180154183862	1.91005429407384
0.302546789908504	0.777552692640581
0.758822928207772	3.21213397891105
0.599395421490384	2.09872515430715
0.680436618253447	2.49174181220118
0.536517145902805	1.71347060355338
0.78996524230809	0.858132563995551
1.55734350941185	2.17485445327055
0.057706498187927	0.0482144904469302
1.37494733770109	1.8513179581663
0.336244437260275	0.464051789304919
-0.673663158882837	1.58919586477789
0.261802421211835	0.392216423391635
0.24407869344568	0.251492503921241
0.146662071447042	0.197231779905231
-0.164311078376099	0.166643032976074
1.01391446192279	1.58458210278518
-0.73904195978894	0.766561025068572
-0.212588551266488	0.21264041264785
0.0233610475439199	0.0191241541441341
0.132167047004159	0.137276926911634
0.18459074619696	0.275838505232191
0.456540049377541	0.796055927228459
0.665945753175902	1.03510394633276
0.527811589355514	0.441312802203567
0.207808230457056	0.263112911820416
-0.140467786193211	0.173518382111324
-0.311728852052754	0.411518568927656
0.0498648464828776	0.049197165566585
-0.307363751583189	0.227609755411094
0.0976592737611738	0.0885819099871486
-0.98788811584619	0.990459021289119
0.99233068461861	1.19296409128729
-0.502361249510962	0.689998537349623
0.381606025861708	0.535031818334564
0.24079836561463	0.320518254682157
1.08607451126162	0.648515249713003
0.141392524683214	0.0674864128554943
0.281264234601462	0.202719302385649
-0.540188763035123	0.210389950149253
-0.799597553710783	0.601659486406229
0.428220694818722	0.173585777710766
-0.316483041967499	0.141316623792007
0.671887279874015	0.309500538025705
0.410272555620432	0.310262279973317
0.493064371307829	0.421728020240274
-0.0959130255501294	0.0586439890160822
-0.641266824981212	0.580453438777059
0.132745121169626	0.0512044927375912
0.64342341463051	0.205691875654135
0.354180145933936	0.177008218923925
-0.357751588409436	0.259295378687807
0.136021558207427	0.0586413438510883
-0.548994990572388	0.458639294483004
-0.0410574462515779	0.0318297520947181
-0.204565759960573	0.192973286901435
-0.0752602579223042	0.0678755186896482
-0.26137477731522	0.27426456961983
-0.422053827604171	0.398791211607561
-1.21433157966615	1.24247045005212
0.195996378776795	0.207762125027531
0.0943855783944354	0.0850009317228959
-0.414469783033915	0.174687389348481
0.137716344096337	0.0264356853006178
0.530834167188023	0.305894478035089
-0.323000322359989	0.150488009456996
-0.116204382179187	0.0689676650217722
-0.394609515600495	0.342950592658102
-0.478987185963318	0.54756268829543
0.0710377884694724	0.0481590465893259
-0.5711638711466	0.528278622442772
-0.362155440517966	0.378240083987028
-0.369023363927559	0.29861498406777
0.184563030731912	0.164222908354295
-0.741391863248854	0.920672680481277
0.506449974222801	2.33061774414093
0.527659986511185	2.15629240190047
0.278753542123786	0.82358166450731
0.458357556639519	1.80835542886155
0.16503721095119	0.10784422903546
-0.0654685471272625	0.0420293481994896
0.336127951446395	0.318998113014019
0.170190756144355	0.126812378519789
-0.0876588482423106	0.0910518329758688
-0.593030303576526	1.4378472606736
0.015656028942695	0.0166780509750426
-0.143694306531182	0.127719169626024
0.1862741737573	0.243820932639249
0.196744517314393	0.193403124315472
0.556365596817068	0.707453913100996
0.779622632045648	0.732593986565149
0.247626096595343	0.215256913321727
0.193153964369527	0.193017785382529
0.448285128619588	0.627883151122732
0.341917020944154	0.560647046969902
0.0657679661752894	0.0628836322499318
-0.190055793797814	0.203062337879721
1.29284286456168	1.76941976510422
0.535945848241027	0.860565097087415
0.225904337904742	0.312050117608793
-0.0575939637637819	0.063449172464125
0.448753550561233	0.697151361835991
0.721759315498787	0.596449691740503
0.305672220936794	0.352363900060278
0.886494783924782	0.478709653891414
0.350336936090215	0.317115966324261
0.853414248601055	1.348090170313
-0.114255189122593	0.129969331091626
0.312625148336176	0.407159640070044
0.394369284025277	0.531892589612498
0.493149689622075	0.310582933164142
0.344073186416035	0.172450368042137
0.150708752766155	0.0911143333497706
-1.68754104327948	0.97589369463233
-1.17140675917049	0.654833809369402
-0.152176838751273	0.0857135760509439
0.425479611927254	0.170411351476596
0.428518317050907	0.174046878111496
2.55325217265834	1.40138488922671
-0.348886179621886	0.211506883002191
2.42107103923194	2.95841517927278
0.0179047363472172	0.0129206366175619
-0.817452839682395	0.535071291915767
1.7592579955476	1.36320879061692
1.05342568250532	0.511495695936818
0.639433294916704	0.204223062388441
0.902476996551924	0.779369947972641
1.42898338960615	0.478193832396807
-0.935529522036501	0.679733593150425
-0.205816093603264	0.191905849233615
-0.388321085007055	0.417818528286799
-0.1048848625309	0.114088229037643
-0.666806465940006	0.903366887258764
0.183468919870978	0.146900326935829
0.16774867042365	0.124660787569606
-0.0219845981294705	0.0188798012254465
0.639433294916704	0.204223062388441
-1.15790256442372	0.35664499176059
0.432588156399506	0.310173048464768
-2.48935699802865	1.41365118641701
0.139651811768503	0.0722004400592618
-0.1036465125895	0.0768868687364977
0.102592400844799	0.080312386550734
0.258003912863964	0.232035869443612
-0.215335730373177	0.200813629475286
-0.305121240207444	0.227042425095994
0.182570746976376	0.15129482778156
0.854511409870076	0.965943097720173
-0.264449390718917	0.243750777405615
-0.286679569789293	0.18235165253185
0.445552442449274	3.11485881468486
0.550278059238947	4.01573769340724
0.483747278556769	3.33965510094115
0.225597875254665	0.947053848835031
0.261784813905303	0.262309018698027
0.453797946818133	0.525240368193981
0.36211893084106	0.449731174449133
0.0810047461650169	0.0732357910996652
0.319724680783579	0.511321148031681
-0.452547507805375	1.09187455486924
-0.629092353020621	1.60645581083663
-0.375780688285003	0.533201232430287
-0.0161080075772121	0.018760395243788
0.233812194900278	0.304776463702235
0.161360529432014	0.173971047007274
0.256483394790514	0.244709459768952
0.129646882409089	0.11774951544092
0.483213976569278	0.8110882527786
0.217328528381317	0.293986184067469
0.432028704447711	0.817161335539446
0.140013633708935	0.157980373829126
0.454578740552593	0.719085097917577
-0.175285052810342	0.17559403834084
-0.388556791436469	0.603604216548098
-0.129099230528993	0.157989353759658
0.186329943605284	0.251208232814243
0.375272005196028	0.545748406803725
-0.407441533750924	0.288289987402343
0.169542508313577	0.1894602644812
0.930940408917554	1.1258336332663
0.958046299463241	1.34480132163889
0.299441764175802	0.342966556154653
-0.543137503799246	0.759872554029681
0.163436772077185	0.184190853844471
0.570502210398541	0.705347170615018
0.364525552455084	0.30556624303552
-0.232776884832471	0.180656875007222
-0.00950250540653642	0.00491530259211195
0.411792242205707	0.311300716575965
1.51240649232346	1.25709655578635
-2.50344580866706	3.47054885189029
1.66862048857348	1.91871436850977
0.163092574488356	0.113110549592624
-0.443345643559782	0.383733343962089
-0.110925563315794	0.0800169753395843
0.0819475916332632	0.0608301892803083
1.46215471595304	1.46017317755937
-0.345201110205907	0.208670803239731
0.939322340177788	0.621838001183014
0.162884109186252	0.105640763700714
-0.129208092289825	0.0764300938793135
0.171773810881208	0.132664240883817
-0.0951819949695858	0.0775615640875618
-0.152270599345216	0.134134826399731
-0.0440642291359893	0.0378093417455102
-0.0208008053477147	0.016270022081699
0.266194057732398	0.227162232497848
-0.243489732986148	0.0812398100864258
-0.791683092699708	0.353639079026684
1.95338582999428	0.463576578510391
0.34689194291272	0.174756289870083
0.49747235913136	0.305840545303348
-0.715013354386774	0.686361859925914
-0.193495324748718	0.164386042348301
0.265118961185542	0.229873185622535
-0.331923743653553	0.302589741844183
-0.36356353201087	0.354191633084163
-0.548452667156459	0.46306396101507
-0.288579017267939	0.241572014831109
-0.538302574460385	0.536771089305253
0.50356618860276	1.05007858787108
0.154399346683146	0.22202765217133
0.52891189842924	1.06585828753425
0.0415362185993765	0.0515145451700028
0.505164961673488	0.973566993362778
0.284050883221112	0.5035345683619
-0.203614743999046	0.320584706426841
0.0597302256233554	0.0686885071079822
-0.400305820043656	0.703286699411762
-0.0560260526157113	0.0702374559258134
0.158651782552786	0.205587736475254
0.345315531604987	0.586793272808254
-0.274808632160829	0.359526673505787
-0.0519956974272347	0.0586772046357505
-0.00762354007511341	0.00760380835416965
0.397925817844436	0.689207745394208
0.404721215171501	0.636885037404372
-0.0346475337969144	0.0267722671460613
0.198277603503242	0.185805274935249
0.251795993308064	0.367230390195304
0.3015532820763	0.378446098016333
0.114221119603812	0.101951350909887
0.17422238773213	0.123250921846679
0.268930016008469	0.231707962958475
-0.127501075468493	0.0763113406727344
0.680253645004803	0.320643257971436
0.0912818358069435	0.0860127018405553
0.040847176138899	0.037584688139991
0.0164183965307893	0.0160931701679275
-0.470096322593343	0.505015434132122
0.599112827975677	0.447402685448128
0.157975369310644	0.0974912068493994
0.415387203813373	0.524543202091238
0.266668451571571	0.217314032638313
-0.268323378590093	0.299447812909413
1.26377741580779	2.18261462909187
-0.0127793755486779	0.00876173560714049
0.154711523136114	0.104018767608136
0.552750415720918	0.544655039881258
0.309202048246913	0.318999175325416
0.130423123229998	0.119747977210546
-0.354326279681514	0.411957771988154
-0.157480467551276	0.127071020095613
0.0771079677332023	0.054331637989337
-0.155410092185137	0.125547849063993
1.10810943500649	1.59269623310204
0.254662906593227	0.24230144720948
0.18660668421424	0.169098695905268
0.013792798671798	0.00998016452656337
-0.322558655084173	0.268383631179872
0.825224380332838	1.07205251961774
0.641332700866103	0.675190404081524
-0.623989301893853	0.513902140694715
-0.0413079741874506	0.027623043384272
-0.628278767853931	0.747155717786592
0.635004869329781	0.933199576096501
0.0979390419225143	0.0769260645746241
0.645064002887003	0.585180127217878
0.354854911873859	0.310909384216229
0.734484952207945	0.725264203326353
0.259843552577598	0.223144446639107
1.25288450950533	0.691168848705252
3.2493353238897	1.10864834370629
0.682393922796605	0.32042387014629
-0.104233352305599	0.0416452400814223
-0.649319222104321	0.16021039083734
0.521121968091533	0.428900199941615
-0.808604124285478	0.632027204331773
0.145776333555822	0.146985098205143
0.594277545235095	0.447847161310592
0.136650751159166	0.0527716036977143
0.137730036797154	0.0657915205100695
-0.61808879362596	0.299474621204173
0.137910057341836	0.0640813482971378
0.259640758188142	0.212863675303773
-0.508239858041075	0.264771331395836
-0.0497374811837761	0.0872930345882142
0.118198037996901	0.194189805770213
0.153513587156863	0.231108504487788
0.231237609788019	0.363352518691297
0.0994489222913342	0.146561328819749
0.2809336781611	0.443552234893561
0.320644996611193	0.518057384698829
0.274244651616281	0.455435059039329
0.342038293577979	0.615244419686414
-0.295193678747633	0.484275572716821
0.256065873855511	0.357794217048951
-0.205570515104663	0.287389118899022
-0.231374108386738	0.330848018913384
0.294914590899781	0.382795174738875
0.082112509351837	0.0964753541825757
0.48958178933037	0.908590956123259
0.328250686303431	0.449979601158881
-0.269088142438079	0.322425755462755
0.508494913263257	0.967421868444744
0.428925353362408	0.643805495908957
1.22282317660131	2.04171821234504
0.568901906249505	0.648178028578439
0.37589563094149	0.553126517268938
-0.109195918756702	0.123544399208639
0.0217955430465184	0.0157124697773649
-0.327013887324901	0.293753248312713
0.576458808440729	0.558816620153432
-0.128870237174728	0.0933017672885085
-0.750699276625547	0.264252450117151
-0.274957006897216	0.287033835139714
-0.0540926365750687	0.0417443655643648
0.217308084453561	0.25080742969104
-0.0807878925864545	0.0607247213339146
0.68464612112321	0.672478185745882
0.159553253297801	0.0973952692713312
0.267276142029546	0.208873345267979
0.696374279275256	1.08121476908838
0.279753020155416	0.259524951555392
-0.387375707406682	0.365470996707247
0.449527389641631	0.498377181010406
0.0845136345461967	0.0733488975214718
-0.55213424249608	0.462921129481445
0.276120758004329	0.224720798565644
0.0178172499465018	0.0102749341080571
0.00134447473232663	0.00111898720424374
-0.106581839897104	0.0965675755309906
0.797839062581249	1.12708431541332
-0.0334594675141587	0.0259443328353317
0.467615094844708	0.430483134850502
-0.301320862263641	0.274523891831234
-0.724303043402665	0.749573655611216
0.346519148223774	0.325152529074157
-0.729024932143291	0.754050193736239
0.169102050948167	0.126253277306975
0.257791029108185	0.236836839598461
0.191793138195183	0.176510065578773
0.069649946876018	0.049710895359221
-0.200610139290394	0.157708821931494
0.173543177086151	0.129443553354501
0.650025485896973	0.843421861232091
0.365071537011702	0.426981400805782
0.24705501145176	0.234825298741998
-0.116515310720692	0.046079960119874
0.326756728745102	0.335508681687697
-0.498554999856759	0.508270491115747
0.687723783314945	0.686867872563164
0.153840043717677	0.0887063000538447
0.466479874898622	0.429516825824006
0.69914776582296	0.889054050692292
0.497487421839827	0.531355809327697
0.60220814867361	0.567483690450912
-0.169310736207172	0.0622086261971111
-0.24838532814763	0.0814701316571013
0.137033206871248	0.0343903632230145
0.768345237732632	0.447726890231427
2.74531503858304	0.788587032684406
0.0799330773046678	0.0560140026869321
-0.554485407030412	0.353089399114297
0.373384517667511	0.421748404390356
0.94192654412591	0.92543403513003
-1.4536124365973	1.56123031870571
-0.402363120643988	0.168523207914178
-0.808511301630037	0.625170156297949
0.332745451915053	0.183489455683268
0.499271783238057	0.432129555445327
0.131197768825946	0.0558331871150039
0.0501988077127178	0.112013751339567
-0.105150816617739	0.232478775857357
0.292557151775696	0.829904052617665
0.0886129076968459	0.158529906204936
0.0284813075471722	0.0345019382800195
0.24850033419659	0.412034665194515
-0.0062027097854321	0.00685933349614417
0.165588617416494	0.23879236411483
0.214160366263194	0.285469731463786
0.439812061998636	0.769086797682242
0.428363106043893	0.76190581598156
0.0979450137646976	0.12062029066135
-0.181965536207694	0.232009775908603
0.0528661814989742	0.0576078518908878
0.00956740793694769	0.010514200409552
0.269902411768844	0.394939878291949
0.615537987589161	0.978348758844516
0.361513447027235	0.570793264744293
0.67787284722142	1.262756846454
-0.034253001226387	0.0343841393513873
-0.0314240612989404	0.0323724489717682
-0.214423490470307	0.2819049699787
0.579157083495229	0.887332090359596
1.2954681190089	1.89408767179493
-0.0797880945186377	0.066313014014413
0.677001805510682	1.23717008836127
-0.126271718648045	0.130369345795503
1.08894392973991	1.47189341200506
0.0450735631588484	0.0289344393356474
1.22407168027255	1.81422107019241
0.266808682629088	0.215710736802139
0.590422718505613	0.309222451025888
0.75749366538323	1.00713473103544
0.915022362810738	1.20927051287381
-0.679636387114109	0.9227930727221
0.248903569012627	0.216541936687848
0.455653551641422	0.426699334181405
0.576513792885237	0.632634447526133
0.326242531173191	0.315779241272464
1.04233307801671	1.52610874504733
0.261327911083206	0.236433435875372
0.160055544551819	0.104339636852257
0.0626009699588506	0.0434694895944573
-0.705604759115409	0.616021163833719
0.383978309971172	0.314043975074586
-0.458895797334752	0.465100435183792
-0.854389925158	1.0886180538548
-0.90599087322828	1.21365191927041
0.977362397913521	1.29365059936598
-0.901068382679912	1.20225370335848
0.0100821269918295	0.00730726881420321
0.334791290821553	0.335007157515429
0.0750228313529276	0.0530109975892602
0.384864911858751	0.315965168047568
0.0604819021988274	0.041029660975609
-0.862680003851862	0.911715127681842
-0.325972655476393	0.296158796329977
-0.132372333543873	0.0931399847386231
0.596311227043753	0.441562638884688
0.633928896385337	0.572287428830533
1.01556890477262	1.56249172498765
-0.223986026845265	0.170419149665376
-1.35280196862714	1.30745213545432
0.154832824089945	0.104420905087631
0.26786094276007	0.234022876604085
0.180490322296442	0.144322317596816
0.968220316102522	1.05789987616858
0.380640862153908	0.171894154360853
0.596251404673255	0.306380965540761
-0.782496399399875	0.346012441587796
0.671827755777756	0.584924468621896
0.538883601590486	0.308361648816935
-0.0979033756703037	0.071664433438622
-0.504329505231045	0.374751525397922
0.127239208880002	0.0433350040918735
0.723338520336409	0.593087131509656
-0.199804843943609	0.107741505859694
-0.805031533048323	0.529802787567576
0.155999113132581	0.101489432082233
0.291752271036611	0.200036983549224
-0.247443196598974	0.0821764216093194
0.00265680084771671	0.0056480337185165
-0.0686671883458312	0.147377600394803
0.146416020054902	0.338540705598797
-0.159471725536137	0.328999308730304
0.228843973352717	0.398494318073704
0.371731421088623	0.721610150985815
-0.179949253052584	0.26758956929651
0.144770994618955	0.200192357232466
0.314395291677482	0.560654982342553
0.491633850433951	0.94126464485532
0.651738298882515	1.25290815124718
-0.0219635794101638	0.0237599326516755
0.620498259630766	1.38382740505491
0.186125262523409	0.22916548927671
0.238675502664156	0.364831561299766
-0.278573778811803	0.406629687651212
0.300815190163181	0.351056855464708
0.404752801807885	0.715403945259511
0.459013875370907	0.788112871182143
0.477345650639666	0.794263804144214
1.15609913525704	2.82141651099905
0.800522549096966	1.9095525393628
0.567643846810395	0.901764435973715
0.320722044840425	0.322645546936012
0.48242895688077	0.437557194391908
0.538537763612483	0.861972713360871
-0.171331739623255	0.16233072579483
0.379214469753876	0.434711668552608
0.350099655059431	0.318746561261333
1.14006709300969	1.41441972880345
1.01229368086718	0.934979906490811
1.07397484779995	0.663192390518348
1.49334994263338	2.33900852349636
-0.206034917535311	0.194806368302354
0.0530088456555696	0.0495052464498047
0.0984896035738382	0.0792879303376459
1.22515437517297	1.47356390273933
0.554374715544213	0.442107833866651
0.693899593587429	0.69339554204714
0.675278903747792	0.308784808273922
0.319683333409222	0.33354226918404
0.86953168644902	0.983195700570515
0.173786832854533	0.134226981493132
0.739277611771718	0.815960797849142
0.0237576092613204	0.0176403665186331
0.030678964147499	0.0228943274053027
0.0300552499158604	0.0223401480169688
-0.444881856135931	0.392303071640108
0.0353711327460847	0.0272291263904838
0.27782874148847	0.21790147174256
0.0936559951167916	0.0680953908873965
0.260221952245897	0.243562237711582
-0.390359009784473	0.374799050146144
-0.148504585468174	0.104618946439396
0.0969428587204216	0.078519149312316
0.271699130091199	0.233554730648667
-0.221404384716982	0.16731311613284
-0.331596950447331	0.274791460735767
0.422147016398087	0.320341846992192
0.255143531624343	0.224646555394902
0.887467628834758	1.39297024004734
-0.289553594021952	0.281668245463954
0.673030319274288	0.582884738125238
0.0711065508810396	0.0502503594558324
-0.139613015604293	0.0984436422605185
0.0180073062046578	0.0105367537685218
1.84296093107392	2.99888872390351
0.275906494672153	0.207350585258337
0.136676224470739	0.0411018975580698
-0.747228166702206	0.259099254454139
2.7462498006239	0.778261278020301
-0.309783377426507	0.228486605776617
0.949634372005421	0.621672878988858
0.111502306780239	0.0929442894328355
-0.450626599217554	0.356255301041864
0.389083108986569	0.174936726261594
0.775667536716626	0.457798618222318
-0.593407135781449	0.430881935082584
-0.0452413867616355	0.0214828835716055
0.495924973067398	0.435656446891138
0.451846493055639	0.300931559414353
-0.756404770651299	0.263118044797256
0.32699658863425	0.179174814788945
-0.410395358220692	0.174479031259067
-0.997362795439389	0.503668584888394
0.0738052938284587	0.199043441986862
0.277891242068354	0.957215799950967
0.0719619279358206	0.159505815995747
0.0992321736231703	0.210055322902788
0.514118909967259	1.28692560507875
0.140978768629607	0.233587695100361
0.183778187522393	0.293927747870272
0.520106369421217	1.109107283514
0.150916117920798	0.186585258921446
0.171137282769364	0.224923931058878
0.194624994966234	0.265735708354364
0.251009736714791	0.339242266970756
0.463074031751539	0.823048111023885
-0.0492427908350139	0.0572956798928472
0.0912300797294676	0.113346324060354
0.350841557851224	0.511107159903573
0.280963726134538	0.445166472992115
0.150771583130648	0.197970038104333
-0.282504536691747	0.360939337713909
0.548534569007605	1.01139352674053
-0.195303042590126	0.238271310506754
0.690059935722623	1.31915557732637
0.561826963034443	1.1051875180556
0.758167783186447	1.10125542609811
0.655138819733619	0.859087630239965
0.49643606314783	0.794464902625
0.222652549259631	0.29183849378443
-0.45147584337331	0.545501243328032
0.0832050751850712	0.061152779236234
-0.326299269231372	0.29524958214072
0.781753921058608	0.74620998333964
1.05152803105349	0.487464090989304
0.545396024124194	0.705342262019381
0.872037296932436	1.13139870787484
0.145955054192029	0.141014866724416
0.415061700700529	0.426962305801012
0.586544950730785	0.300451262544997
0.724123639900349	0.90639669840719
0.321402401108327	0.327764121179792
-0.49469688047502	0.497056607212143
-0.621533998194658	0.517240798958045
0.181582125282485	0.14590797294399
0.252171650676557	0.256183382151294
-0.421192590388181	0.396272531926564
0.155242049530613	0.108491841744571
-0.0243319126562354	0.0162230686248644
-0.172043852965373	0.119353255299048
-0.40023215686385	0.352198638526116
-1.37285644294131	1.76759827081156
0.0587487476251618	0.0394058855954059
-0.802459613882569	0.613552383196369
0.369128869640592	0.324283099028846
-1.29575588889662	1.61136842643278
0.577120159236974	0.560413343619661
0.18025826770635	0.144786439027419
-0.929077054430424	1.1903869774042
-0.668724586961962	0.742567726313148
-0.0790856714413337	0.0593021632560295
-0.0628411608427981	0.0396548568876469
0.701548542738015	0.698195006176098
-0.653398722806093	0.644548920945173
0.285182483597483	0.212940519783488
0.413229861371104	0.312552786556285
0.700218320518975	0.708083791313415
0.384115967947837	0.403952274693523
1.04979874206017	0.510882375249265
1.00907487707479	0.37988153605154
-2.58468514934926	0.681926813759725
-0.669528868628926	0.397875251285345
0.566204041615192	0.4455744678125
-0.431966888591078	0.408597438364476
0.632819080940367	0.435208257871644
0.141567963461315	0.0742541487847476
0.592075894671024	0.306899962912185
1.04593640412712	0.49647927484459
0.638804670338533	0.446674688028254
0.15470901362773	0.0889290667025916
0.53625907660109	0.310173496859979
-1.73622051308646	1.46020790715495
-0.106493257389416	0.043045876551947
-1.0566663906773	0.424678224920916
-0.79076301318948	0.352699537353671
-0.746534217740653	0.262483449927324
0.121899420085361	0.699607070973192
0.0549015880568361	0.233845750108118
0.23167546531654	0.988955904050538
0.337009206119022	1.38324017377893
0.312693106315302	1.159188289915
0.333003789015486	1.06413672857223
0.247268917555825	0.503316273674916
0.188147488074584	0.31819593197948
0.616625549246436	1.54820724357645
0.402281336277471	0.806694765007052
0.427841826958246	0.837414903679558
0.128648665863386	0.196496978479226
0.398071642772797	0.787442183120148
0.506485798376337	1.12896663691771
0.238824628838332	0.419926170580997
0.734145329305232	1.46622008823629
0.0906981459438129	0.126126810495854
-0.274188517774093	0.422670017388885
0.253789566532641	0.317139580301922
0.0498445200938678	0.0608973256827495
0.610903328467938	1.28309093011464
0.0421779481271045	0.0463150141715963
0.331397416366285	0.486949980626415
0.588615698861173	1.0815463796457
0.619828455652144	1.24384170047245
0.642054753203418	0.677718759531427
0.0776890922520127	0.051853796280755
0.209111761714672	0.243871719422154
0.139956829329925	0.160973523945301
0.408167509121027	0.426923095227297
0.0702100706785326	0.0472566303782209
0.747135774364879	0.829109827655539
1.35203253284186	1.2353855550179
1.76222229668483	0.985943448335294
-0.425423762914405	0.550865888227961
1.02295532201444	2.0341999575421
-0.287130292607498	0.261053279118976
0.523075278881655	0.526824417694688
1.13539461215278	1.26616045081489
0.297748025920371	0.186813044435287
0.142454038917531	0.0738728110251049
0.00766103783850438	0.00415522765192245
0.0328141735192138	0.0189657968359099
0.356002862405194	0.177250710078406
0.154035243155525	0.15430445440045
0.201292406200459	0.201788144668482
0.464101346018887	0.529396172810562
0.77277963174102	0.918194252946687
0.819559119982382	0.86036781171412
0.423265073935106	0.435580990150168
0.18386220070049	0.157138406936663
0.184938146864227	0.159058949856018
0.300834756864946	0.327688342072795
1.28860304071168	1.85123491865025
-1.29630780657324	1.60133612702983
0.584715933793265	0.557933395004211
0.529367558438612	0.545781120279299
0.674997407380015	0.58427278776925
-0.229185363721083	0.198473040934712
-0.228380350599203	0.214109409006265
-0.636837550720976	0.573626279891718
-0.200719324108492	0.155447561838936
0.348965775152351	0.327338347135791
-0.0220631682206518	0.0148320053264695
0.291222476893851	0.199878802509604
-0.495816504042853	0.26148372732092
0.402558852561776	0.440530399490379
-0.352951958367373	0.339724599094741
0.259691497214279	0.231919786564778
-0.155141154914512	0.110310868916986
0.0733294357969994	0.0494364909558566
0.3621188950222	0.315798607758397
0.383078213827389	0.173623050496421
-1.07562329413874	1.15208342583342
-1.06204284331862	0.856206326361325
0.330206900561201	0.31383671466561
0.328572424327049	0.337399316324396
0.557642097682643	0.44623409027609
0.350746611917516	0.337392410126689
0.406631392583815	0.436796623764027
0.134526944690639	0.0258144647389653
-0.358223896693454	0.293276562602157
0.460203101373264	0.309793636860695
0.252189672694629	0.242031949449366
-0.504672626649129	0.267065456522574
0.136919308020491	0.0408177028889142
1.7999374187146	0.711558267279855
-1.17374978854649	0.657659932262566
0.887737869713113	0.481246055555837
0.0104571799526836	0.0056168645075945
-0.0764730262741804	0.0327747257865603
-0.54655735290113	0.211260778769488
-0.249079295211912	0.081217772819781
-1.18876526047751	0.658564633104342
1.55570247218897	0.782855365464993
-0.372732473872603	0.110746709749891
-0.998275375108455	0.504929634270352
0.102301727638689	0.59503852445246
0.304043425164206	2.55906234461374
0.367361714253432	2.61871150502508
0.0536567727826353	0.175853092466285
0.220180939346449	0.973956827869654
0.00211472364163368	0.00406438103484704
-0.0253906365862592	0.0412181791983212
0.387522010454654	0.987905866582282
0.277500898429371	0.728823981053173
0.293253130290963	0.737691804228214
0.173204880989471	0.383772073742069
0.418011204213847	1.23076046243817
0.238437023863625	0.585519823113349
0.308580172314208	0.918702732398733
0.381762150224882	0.684873176156204
0.347038793787482	0.906204583637944
0.723397099163105	2.32468754240367
0.255804063552372	0.477499398903488
0.351150996492012	0.831479259447172
0.657833057504387	2.08537841988001
0.399837067501121	0.965532425875316
0.213253404831315	0.400199087471557
0.392152967366577	0.878132920570071
-0.225096223376277	0.324541395975608
0.773195843350297	0.810950929668842
0.824807131664685	0.848687077485626
0.358568385132424	0.605292013082776
0.454280360952768	0.848107558329655
-0.167520139021662	0.148394008765255
0.0553939348454763	0.0358522209878719
0.733351863257172	0.712434572378601
1.67911051103736	1.9001048806593
-0.107389210124692	0.043337395747728
0.0186640049161708	0.0175067597444509
0.821370797560167	1.62672484484609
0.0263474732548745	0.0278519237734351
0.763725312234188	1.2765160763348
-0.411867903662864	0.29107371818205
1.66556673097428	1.89815005654666
0.829723616592017	0.974922306242039
1.98002654712818	3.20055740830502
0.160615365694313	0.097236123309463
0.43122454330742	0.608259975409213
0.473079116458448	0.752058651687904
0.542908217842526	0.723651416520473
0.06447398057306	0.0556448347358521
0.241502360640954	0.27377167036846
0.205457315360642	0.256480155883618
0.785952435146166	1.42636768459874
0.428875603203429	0.593500903968309
0.599371070715449	0.644320917031301
1.50281873993248	2.73832205370144
0.111767724166736	0.117447404977549
0.207606660620184	0.212950204450218
0.104536545141769	0.0973221569521784
0.306868593080393	0.374302354195465
0.701722366202927	1.12750078720473
0.495942707525603	0.613585533553124
0.0366731192038517	0.022669851839957
1.23884131869025	0.857710464946485
0.55629149445969	0.80537026790144
0.662596051375263	0.788001960783653
0.116891533000007	0.117763114491954
-1.35179434770227	1.09560169047935
-0.466248979845492	0.438976222779033
0.0634745213934112	0.043135772224214
-0.915963473946179	0.779544280822138
-0.269505779134259	0.2057063575127
-0.135901081902978	0.094839810117717
0.317228687844404	0.346731844456561
-0.255793556355522	0.297091468633841
0.206023789594821	0.225084553408175
0.587969562405318	0.813535430696502
0.730625099691932	1.29736911708639
0.403653126710688	0.523834860077108
-0.0235153235897075	0.0159820534438335
0.042629550623836	0.0272258136164982
0.150256496471376	0.160916772446164
0.429400199947022	0.307797743414112
-0.745791187837514	0.261749146161392
1.01179148986041	0.390812379931115
-1.50332476192238	0.769258219341708
0.490734350077653	0.31102110707755
-0.0794742848817714	0.0596565242705154
0.136009862206089	0.0578292745656216
1.7959287507101	0.710356981550796
0.139576085242422	0.0352987079074651
1.30745495657921	0.576594767890921
-0.749707900448518	0.266629197702648
0.142698404858563	0.0359575700897484
0.0689114426584062	0.363832535687019
-0.308234682965114	2.94290155757102
-0.168046057849837	0.976318057337298
-0.260871761745482	1.64077690333585
-0.514906969553726	3.22602870755519
0.104474664319521	0.253393579999692
-0.000399627579951919	0.000720118032161746
0.173747244241134	0.481164974819935
0.249592003145812	0.673794310515522
-0.0618466555007532	0.125108514855314
0.552958070873634	2.31385821652307
0.594801337281034	2.57751504753072
-0.39091355934899	1.83458561914996
0.116265421813433	0.281264262091336
0.126177570788428	0.299402143058189
0.33019624252258	0.921829347981243
0.409030063758192	1.26159779599517
0.409839848253393	1.40618152334242
0.348738206858245	1.03000405417209
0.391441430793753	0.948165787607943
-0.0144560294590346	0.0210074710860735
0.619161233022562	1.83426640114767
0.0218384178469044	0.027468447607054
0.472847884534332	0.860284202552793
0.490129268441976	0.762393770908947
0.188318155514437	0.256727208891811
0.15321486661937	0.19142301374266
0.630583311214766	1.29998644777798
0.0309845173689946	0.0301589694086141
0.315356521126227	0.454809311771711
0.697864978988417	1.19046255471832
1.1498674064341	1.54293786592132
0.321673460570399	0.446165574713209
0.36753024017851	0.5095401472101
-0.0682751273256793	0.0675678754255058
-0.175889171057809	0.167430435824889
0.667848542521877	0.940369447889739
0.336845488982917	0.330610856615162
0.0403045225803921	0.0360019687364608
0.41319064189589	0.50747825331916
-0.0254572453591567	0.0255005362447149
0.292020350652526	0.199466613846547
0.174784713446615	0.191817011842987
0.197503514155561	0.22535306572206
0.338344761505133	0.4417824715822
0.293473840571713	0.350686856959676
0.252477834415009	0.241870575211424
0.262241715722814	0.321105901078121
0.471987927530387	0.597021381673087
0.392145954713224	0.537297457682867
0.569961876810436	0.94698274441593
0.298880084830737	0.326108613029206
0.311910085401571	0.366997649788265
0.198625073522014	0.222670213196897
0.325872317332985	0.356836791882808
0.0226066489065294	0.0192095992200473
0.130993632732605	0.124781782541996
-0.163643756545008	0.156258749715251
-0.0145488399148563	0.0114495405924378
-0.079466968430513	0.0724069128255175
0.213612839504115	0.254703005640668
0.949263038437098	1.60588406706875
-0.186158419991731	0.175878982480515
-0.780764318745985	1.0444122754262
0.102994073394229	0.103563744658114
0.137790548682561	0.120712809924535
-1.08552416395704	1.56030635292076
0.0119576575214403	0.00859236915318643
-0.00157286540286317	0.00131694992785337
-0.0221865571404032	0.019378286604376
0.0518616542819909	0.0471964208608558
0.754427252845004	1.09875875020526
0.875841379389251	1.28781685217652
1.01179148986041	0.390812379931115
2.74531503858304	0.788587032684406
0.274116756137407	0.206496410139808
-0.239729739677352	0.158254410367163
-0.800665447749924	0.991324257017366
0.637183883023905	0.453335219593025
0.416826662699684	0.317194293860841
0.157660957064399	0.0902326443853883
-0.205706695929357	0.111246551397542
0.67453979435116	0.3189996086324
-0.102137804518331	0.0756223095010119
0.533175451366638	0.304855814525321
0.883533385867291	0.475071223953886
-0.782729207892041	0.342222376690622
0.37768898545785	0.170244248173548
0.425739020701106	0.171797865158022
-1.54134641011664	0.564552208534783
-0.00666004043060267	0.0267072915453704
0.0891910367166987	0.444157147585384
-0.0450251609626399	0.156015474568008
-0.276213975436531	1.04908907048633
0.025262513202152	0.0458095764876114
-0.0192888804388372	0.0353477033992666
0.559501988121068	2.25564830752979
0.622342512680337	2.16459158099103
1.0009606023486	4.86157471328029
0.978643122626284	4.98196688640118
0.79895283091053	3.58877098381029
-0.0469740565013358	0.109468821097004
0.0532275147397121	0.117066016993119
0.2238007666259	0.62478267433944
0.101271314006768	0.193198118352085
0.540687284022224	2.08601826604271
0.475559415976482	1.58804443839748
0.409912348796434	1.22294555749662
0.196526042791625	0.335333196903102
0.188524645140349	0.33984289679387
0.796081383208851	2.49863621451418
0.7086023501886	1.95730012832113
0.986709054931949	2.78139544794724
1.0250797952196	2.48789205684754
-0.183638466784016	0.234924394663605
0.557709990426127	1.00368636619105
0.483726560037574	0.950791096581224
0.0000695238448814509	0.000288429323538644
0.293882370477674	0.397078188086448
0.0349237436184318	0.0310047712968365
-0.0707572760729945	0.0451641204772793
0.375205678478325	0.529774084064742
0.515542922013714	0.724226107792327
-0.251470502140436	0.2813865387205
0.0552492567207344	0.0517512757480283
0.387825990428207	0.431607964692558
0.247354719830895	0.257904391226579
0.254351002939688	0.223037872250053
0.434179614575803	0.616507862720699
0.464141830594521	0.624455104724438
0.0542654820741037	0.0496603611371149
-0.099323703216067	0.0732209428088397
-0.110386920898261	0.0647292449541216
0.533276470457937	0.723539988106399
0.415707428229949	0.500844892452387
0.0455933748812808	0.0368665313381135
0.395821119776717	0.420844722399739
-0.133615691763337	0.137956157504426
0.383135920872119	0.435172101805713
0.403936686793285	0.442371536342352
0.572964436525334	0.647225107239914
0.832210277235581	1.46108248076681
0.238266196711237	0.275369057503513
0.272627920271067	0.228205138560757
0.194456636707653	0.198106478591815
0.109263320865275	0.107990080470379
0.163913197778737	0.183067979007426
0.478518254340375	0.615020806894275
0.540132850456954	0.71553839196086
-0.162939218500535	0.186299576007515
0.386622896941911	0.41862705893127
0.520145142414018	0.626247517394315
0.30254535986031	0.347908264495389
-0.261926587289419	0.276504204186996
0.508850782126694	0.619855736768962
0.844256514009071	1.2511495473455
0.0506761872054727	0.0472030848214673
0.26677505236763	0.227642227710513
0.18934748460008	0.169688506273932
1.17439232156644	1.97001608199906
-0.123660669923474	0.111344163301086
0.520396522729952	0.623733246575331
1.95338582999428	0.463576578510391
0.925979622549504	0.243736825113843
0.136919308020491	0.0408177028889142
0.137716344096337	0.0264356853006178
0.362683229438711	0.3025090863965
1.08890002389042	0.82136363282923
0.179023173662097	0.159270513915186
0.411749529924624	0.313036572894581
-0.319394316068957	0.147614726157155
0.296934609619437	0.204656671352772
0.29723806487052	0.188055117881068
0.428676702140316	0.307669165131886
0.167855919896555	0.122401509956919
0.418767757000782	0.311424888752216
-1.47827450747758	1.01073919039407
1.08978869653136	0.811196802816246
-0.170828077605287	0.0625236604443727
-0.792603495120915	0.350025979640015
-1.05409989481754	0.428530499260954
0.0586800612214618	0.293793812977333
-0.0545234410273886	0.237235358980282
-0.127015928839945	0.472790125098385
0.495694035665944	2.45861085157095
0.361004931494043	1.4510142452465
0.605148245525332	3.60046277847852
0.807947184831766	5.08988742344804
0.812660638737269	4.82540683697583
0.658980877200231	3.71044601578544
0.648774548736627	3.4427299354868
0.228607213681109	0.919561182492743
0.159400791098086	0.44334040782512
0.50552903515377	2.43072013374046
-0.0805874018198229	0.175019310366332
0.411913673275163	1.45921178823041
0.30622705726089	0.999794864419418
0.088238723917182	0.179741072404513
0.283481211732636	0.674404689117614
0.289091527456537	0.637078290235535
0.739595025223169	2.52004406114306
0.812111056936154	2.91640542322482
0.606279622640095	1.30684432229786
0.129739713751964	0.156316661814274
0.117173076198751	0.160861483335742
0.694106973919486	1.61418423219739
0.386046045476853	0.540721887523679
0.194204624241692	0.220122048271334
0.737702066240286	1.23025412029055
0.538132828548873	0.714458564017501
0.597237668713055	0.448100344458191
0.995851132246318	2.17073089839493
0.364734282712923	0.534113713159193
0.0852893475329541	0.0955411574295464
-0.0770904391039994	0.0711159813340378
0.48444195842361	0.604816277357369
-0.232791695086818	0.213714702037179
0.970489973430773	1.52682248582429
0.327906600489725	0.331711824308393
0.0174142071451927	0.0144306911915579
0.584170704658645	0.906550078554459
0.0719040654622279	0.050727034707392
-1.05412124668622	0.842822635064042
0.632898335196037	1.05062331784541
0.510661987752202	0.79464990966548
-0.28847516417591	0.354647340353323
0.0969092737165481	0.0900005487323532
0.272717726662058	0.301781606562532
0.159429984714644	0.170257773832478
0.2446807677368	0.248123374471131
0.253355082456789	0.249030465478735
0.682024862305677	1.13477632302642
0.409415034426112	0.512620562965037
0.902407230302913	1.62868665481098
0.161200700799593	0.169102349825921
0.0359096596029204	0.0351239367685893
0.649500194735517	0.84767185039966
0.0726344050532493	0.0626762044148814
-0.131062965869542	0.133496121483559
0.612696569261672	0.819433631772611
0.539095786955876	0.549809873570648
0.203715459213989	0.229918010977094
0.554384947245294	0.704564873189472
0.47722202076633	0.608285433553358
0.7647209698744	1.2634858988102
0.331835097717434	0.356458275464906
0.258455353212789	0.253796982717213
0.505278715786022	0.634044655297448
-0.164717030217209	0.0605798459598444
0.137790482671227	0.0349173015404508
0.138169594891086	0.0265198668009027
-0.0672552339731231	0.0297249119201208
0.640432049403559	0.206671110179374
0.0421526651906892	0.0322886840450064
-1.57160859789114	1.48437017935927
0.0187330342039827	0.0138327931364961
-0.934520490627723	0.660301934900355
1.32011472581279	1.50312530671356
1.09376574635797	0.823757857593985
-0.0394917425523976	0.018628268164181
-0.125908702096111	0.0757218778191206
0.0340313641500288	0.0195232359116861
-1.00260594939277	0.493580002631958
0.778160545810173	0.608272453539148
0.7885727937716	0.465248984481636
0.800731449974192	0.3425296464443
-0.372280362333769	0.108533187724126
0.130228263597879	0.043859059795248
0.0437408595820929	0.209556573975924
0.269062399390109	2.00190632392294
0.522811244874752	3.44027619941095
-0.190105925073005	0.822653811731283
-0.0895082828900686	0.232725279150204
0.0249060178875482	0.0599384924007638
-0.0353195871056091	0.077067371812206
0.0332650533088027	0.0678766599018446
0.147034263691958	0.406185782942007
0.204145494836104	0.624029744440822
0.00840704349754256	0.0143656096776973
0.173864844426197	0.391564026630943
0.277682520906406	0.657972392053602
0.699329995982922	2.24984619079718
0.0748899915796628	0.0854581342140789
0.423131765797473	0.594486121739216
-0.469925475924763	0.915372979421671
0.559294967121211	1.09160251031048
-0.126780197768094	0.156866459045524
-0.447341405820468	0.534809488951512
0.738362389391133	1.06797468498036
-0.0873994723610776	0.0782231725682177
0.300290558190863	0.193781145539544
-0.394064574620722	0.556161221648047
0.082181505257997	0.084151100986279
0.117323348120327	0.142730008916545
0.507621488344526	0.791336147219503
-0.604240934229303	0.75929679156929
0.346484109688924	0.322060671296561
-0.226458023376942	0.174065887893904
0.180959308509246	0.149779094871348
0.133150896930675	0.117502775193253
0.664864064663029	1.09070478715758
0.167412944234551	0.120249984637498
0.333193545459479	0.182939059786337
0.0610087254126989	0.059240907618775
0.22547344709461	0.297178202761738
-0.0734676944578328	0.0794959229589434
0.591379334345845	1.0589715315314
0.0774261568936376	0.0791438640590728
0.17073882084413	0.212179357983275
0.493695819699751	0.521362645915485
0.478502808657927	0.706710386478155
-0.541649752289795	0.813120673503232
-0.445871968705221	0.586055184747202
-0.181550152834007	0.172567034141807
0.448197954041127	0.513773809851862
0.257054561917757	0.240393848692531
0.59216891887173	0.902649086775531
0.704619246506485	1.05437205977598
-0.111517088534601	0.0675737513022839
0.136650751159166	0.0527716036977143
0.141938162059784	0.0354191252721787
1.79971117079625	0.713547256095307
-0.660976116894435	0.395720030842466
0.164187698832907	0.107252921290323
0.159044418920585	0.111787178151665
0.322875170358027	0.331794208901625
-0.0438645208957772	0.0208362974892464
0.335315207736946	0.183373592130935
-0.34978235506324	0.252530677587558
-0.110365838315129	0.0444253483088259
0.0253959448989077	0.0148094188373128
-0.963738469492104	0.591862789982875
0.136917599440364	0.0590641259625537
-1.29183447526749	0.594065373157118
0.886494783924782	0.478709653891414
-1.16076621190063	0.359385238156804
0.13842244264629	0.0346674790325417
-1.80583314024352	0.404036831265938
0.281167872244302	2.67292129266822
0.37009048871952	3.57535443532324
-0.0859332540701165	0.369417801229925
-0.149491170949059	0.783913019484548
0.027451062116842	0.0922640113809053
0.0481517157973269	0.168289212452297
-0.185423175511842	0.920246629273544
-0.412396428377576	3.16459140490357
-0.442398466933405	2.13963113192411
-0.439658608212636	2.38768572799679
-0.374066748107509	1.69767766592789
-0.032089876511784	0.0610117615731034
-0.519847725632008	2.9256533558035
-0.245058053240952	0.842347674765673
0.0295442279693066	0.0591124879241377
0.125587785448803	0.256023015484389
0.267919047155379	0.57909199844762
-0.0212129952097825	0.0272460592813089
0.141238583777847	0.141009525768386
-0.179580706988977	0.170510986286892
0.556909409674628	1.13652997005658
0.399697927682427	0.691497652733332
-0.0558173025231372	0.0512670588202172
0.460024817482539	0.425927236919525
0.780411718371014	0.745125163860069
0.484543794151255	0.435519297702561
0.382892340163244	0.17147343776083
0.0777517493489143	0.0777860067490492
1.02411586592898	2.24328154128041
0.919640147981894	1.96672755662564
0.905271763892836	1.30101738526581
-0.409476590394608	0.228039115213834
0.410649217639838	0.32334952177647
0.484376264193493	0.429556751798822
0.895196875135512	0.774993915947017
0.744104948478215	0.714486481409606
0.115864788027919	0.09812894680762
-0.24535918795571	0.189000994698041
-0.614161617283813	0.292798248208049
0.240852203527365	0.263472795147493
-0.263993263173618	0.350558851869247
0.326248454428039	0.408715927209783
0.789828702297418	1.11762149202697
0.259102367653183	0.298239812493408
1.53282974828733	2.97708866998704
0.452946025097242	0.528593490272476
-0.2424606872759	0.22294431174591
0.926895610039666	1.41926011091234
-0.290728298201828	0.262241086163752
-0.133342932271619	0.108864788154608
0.777280258589879	0.612557333580042
-0.345383749819618	0.21138184980874
0.109028465190257	0.0882491669239266
0.84653222367044	1.2184300000039
0.74579216634664	1.09348863001873
0.170426031055469	0.1223585469552
2.7462498006239	0.778261278020301
0.139576085242422	0.0352987079074651
1.26736516062966	0.694944664517169
0.595439420424868	0.448207821123345
0.909705400172957	0.778541388264892
0.895585905896502	1.11989401198534
0.134542642796399	0.0341445690681232
0.130724970298542	0.0390457878767985
-0.616795144677503	0.299669501636651
-0.165029630388723	0.0604405571991372
-0.00366842745545348	0.0017351766831847
0.138818714405564	0.0354421828043769
0.132517398019614	0.0400248322660559
-1.04730399701661	0.424280980589094
-0.74554030308287	0.261955894337664
-0.649677393302236	0.159121336474823
-1.80583314024352	0.404036831265938
0.178563313507269	1.29045095444012
-0.0715041721241578	0.331992664802905
0.366294086557067	2.98218129231784
0.677185195652437	6.97489659168651
0.526150557028318	4.2023521773616
0.25958888145291	1.30176178570759
-0.0199122317001364	0.05506541242171
-0.526494348841695	4.08285244052901
0.0948694396285343	0.228780013479337
-0.000354690952627194	0.000688614376520677
0.206285817076325	0.573045218038161
-0.280518959049317	0.718441624640049
-0.0915229968478876	0.19631656474634
0.137498783269932	0.315537653666826
0.233568455714086	0.542831768216852
-0.070904115489205	0.109527197116878
0.733034618035725	2.26408060586972
-0.0720596837964849	0.0971725232134547
0.100703248877112	0.0966703742233272
0.196621090013209	0.186119562073912
0.169404206721344	0.231771264850549
0.557537289129208	0.977085133693743
-0.0676198599818849	0.0670378549883426
0.140300543835528	0.126293129087588
-0.510406317371124	0.599757447631535
0.399291688600195	0.409563674870825
0.133423596120869	0.0513663752985991
1.05514173770567	1.81535565455697
0.300893682336243	0.362350455304462
0.377544976119491	0.525122791652561
0.176411965408485	0.153348935360158
0.0873035133940931	0.0641182876321922
-0.566654442914753	0.517884430768755
-0.736768189522089	0.75983204260032
-0.422873951399568	0.402153181729333
-0.135764768105344	0.0958751603077166
0.0994545809228554	0.0944098191108959
0.616684031999595	0.67245106744511
-1.01768532758159	0.925325858054552
0.250378449458038	0.28079968391956
0.305128762557859	0.399457930293446
-0.229660438653903	0.229026120292817
0.117359308380308	0.10025456127683
0.843096175753959	1.25082096264547
0.531587661412132	0.541654124700574
0.422645336620508	0.405197315177491
1.04693702074368	1.54190860484679
-0.199734937689625	0.173123692588833
-1.44894038598678	1.49753972059548
0.150680709468259	0.100224943068754
-0.355791472639156	0.319580160396932
0.507735229454079	0.537779106446366
0.360009758006694	0.323693245799038
1.43108326772595	0.478167346987275
0.68312155425915	0.31458131948321
0.312533704091644	0.184655048514301
0.592343167560318	0.307861739578165
0.137420997667979	0.0409326259269069
0.132691654059749	0.0395472168451783
-0.41224135078304	0.232702101096972
0.141397024626689	0.0681567972687863
-0.787362224888961	0.35065429277151
0.132517398019614	0.0400248322660559
0.1395967181447	0.0532050703395107
-0.649677393302236	0.159121336474823
0.13049847169047	0.817958093475991
0.543518512002884	6.8036860595646
0.766846615511749	9.41214011135363
0.344591099248398	2.27267733419023
0.206614444732313	1.00465112479655
0.0700243271586971	0.231633978630962
-0.482439806458325	3.74450461655075
-0.111918758943504	0.289296960695886
-0.316568179891504	1.21402541693803
0.0000432446816336538	0.000114935559309314
0.00151468290760084	0.00264041199170867
0.182531816260004	0.460066007332906
0.31315186766655	0.96124662122821
0.0268384481711299	0.0435104097729256
0.396404596325791	0.970123212158178
0.366916614731167	0.702908546414565
0.492136630343002	1.04385253128955
-0.0304084680511671	0.0258316230334362
-0.101949556087118	0.0848633296433092
0.0248100947242776	0.0309221656821464
0.288719132879267	0.390720469253969
-0.0588953928931397	0.0539069630784596
0.0685669339817425	0.0460618871237996
-0.0528498033880448	0.0398418618511542
-0.720880473216167	0.749631895689748
-0.0764377708134315	0.0335983929809046
0.62423842061637	0.742927765893591
0.421178623569739	0.510609159285227
0.793050632301059	1.29846974230434
-0.586504283949277	0.691969007312172
-1.46406151291474	1.32278421263839
1.22067127095933	1.01541785198651
-0.48177397259628	0.322748644845165
0.271328465879995	0.221580950014996
-0.680703487987406	0.837860974736832
0.197080130763591	0.186330695823585
0.0405850939410705	0.0250902510976544
-1.34219743325	0.850275268321979
0.356650612576061	0.414434287741563
1.13438929308083	2.11900333756722
-0.504341484501085	0.513425128226003
0.346748606626092	0.328735086839686
0.911641800101725	1.42353949879856
0.347249335833714	0.334448358194569
0.817102179142282	1.03049930297626
0.156737458579946	0.106055572939039
-0.126016638198349	0.0758447487737664
0.29305685336837	0.201339124606534
1.95584693887656	0.462330835133922
0.891874468288036	0.763886305487783
0.384863489590947	0.174885684504261
0.59736125603941	0.314055068499086
0.349926612237873	0.172460866617483
1.54902029058638	0.781201794884634
0.327807376556681	0.181363174559576
1.08629756823013	0.810635025597473
-1.16076621190063	0.359385238156804
-4.23155292712467	2.03103243582247
-0.164717030217209	0.0605798459598444
-1.1636728295934	0.354558135670583
0.0763934429497019	0.420878919325889
-0.172782650642725	1.20382517192332
-0.469961361321964	5.13733861463514
-0.401701247051533	3.69947728434826
-0.451488674002095	4.35789351137459
-0.81761917506569	11.2110302424105
0.672670259941429	3.61646589636912
0.253900095333804	0.900731738874682
0.0421202285390937	0.0913178654057678
0.325337949317661	0.91540201609605
0.283861931198956	0.938279537337189
0.210068753483486	0.655899102218227
0.214606641946372	0.567476517451223
0.461172963727527	1.40271638278323
0.741282808176396	2.64263415426629
0.183022610458825	0.297839445932495
0.0818552866098928	0.0766801229986573
0.562643045789166	0.723790142168976
0.494617105905652	0.968897472935834
0.672959615532052	1.36314081325876
0.547605079055773	0.639006034959107
0.0920237377959501	0.067607635131475
0.528157533948507	0.538452765418333
0.442458363831119	0.419133438631545
-1.33634575526881	0.841931906901274
0.250825287256789	0.286689865462887
0.924154517931091	2.50532142071967
0.216549054426303	0.252877304619611
-0.611590127742214	0.788275948719883
1.52437730129444	1.19570162406193
0.416055313223804	0.31155856705093
0.283206464168274	0.213671584008966
-0.614229021568355	0.503994044380333
1.32577659935679	1.32056446129697
-0.55028484046694	0.765154100628526
0.158665393567948	0.115523085224644
0.490902399585759	0.301646734521795
0.071725652003257	0.0761137037122519
0.474927059201694	0.804067352925185
0.354602699182481	0.475623525356189
0.131818305967655	0.136685707336708
0.570457006540931	0.804772319052752
0.646885152945029	0.782428331795937
1.6414438302485	1.52222917004062
0.800870945134033	0.33934509997196
0.673305596324746	0.314473870647407
0.534875191047408	0.307850241360467
-0.998275375108455	0.504929634270352
0.504822188982883	0.184110918199219
-1.16105011316119	0.35650557951397
-0.00427447553516353	0.0172074025780792
-0.0471375714478084	0.211034195726901
-0.137675509715974	0.758845157208371
-0.0443597763809369	0.172874029074991
-0.165452493618543	0.864183714449556
0.725358029159724	3.68694805844708
0.956749932795118	6.66084239041264
0.297204059144883	1.00417659121287
0.746947361286166	2.74588556145008
0.620092596460256	3.05051792049473
0.438860375052784	1.82492964172685
0.105475061559901	0.24039897778083
0.612835746048488	2.07648960953603
1.13029788980071	4.64554572795582
0.938647435588728	2.40990251358512
0.95039798035393	1.35199985857248
1.71918606149126	2.8732731333328
0.474179011281703	0.806335045793274
-0.159715946620193	0.215498210212156
1.02069118128506	1.31288556239813
0.87166272283064	0.85513944072024
2.3958345057002	2.0338712471157
0.982153576330296	0.787395109788936
1.30906895135202	0.585546772041702
0.261088988247488	0.316608976998701
0.157632859964476	0.213605223583359
-0.0374811671634843	0.0412025662285033
-0.487127547199022	0.416539578563325
0.329676638658938	0.183285115863043
0.164410164765428	0.0989343955729225
0.403423703558234	0.319348081017077
-0.103328824548118	0.0407527207585603
-0.031462709521057	0.0149966456856291
0.135358349251051	0.12558062214721
-0.722566316674595	0.706479117478595
0.377695211068658	0.16778143835423
1.95256933090985	0.464168557061862
-0.370366649593129	0.465094799201849
-0.822472169104341	1.5735578962244
0.378617145425212	0.531644541370753
0.29686771562912	0.354398207640165
0.704093470113427	0.459448225288222
1.01595055020248	0.392095167936931
0.140605369101782	0.0351308802058006
-0.240212656341916	0.0783755091525726
0.638330742604929	0.20169714697394
0.151660989070966	0.0785853382986011
-0.649961670532414	0.158635340685799
-0.0214909562144886	0.0940676018151051
-0.0819867839332484	0.431385406823022
0.00569841395716759	0.0206126474140286
-0.152978765084641	0.800879290143765
1.08608173039434	6.96338255679407
0.6198912988778	3.36633873251574
0.424128432626321	1.73988896949744
0.750205453859788	3.11475903472797
0.335618697094419	1.21877702132315
0.43215474205073	1.92606971504226
0.208361240711791	0.594687492684497
0.98124533455967	4.44943116933798
1.29905447918255	6.45493924715681
0.51707841762261	1.03629995890825
0.917499237921602	1.3279951445588
0.183168090420772	0.151900380214583
0.277294616403997	0.436993781289733
0.327704085701139	0.547988390078124
0.898967469463234	1.12772072899363
1.32240485246392	1.36304979689612
0.135506264229104	0.0583261544619557
-0.122969311312145	0.074174512665247
0.431010812152499	0.173541718161138
1.03244955914365	1.92881671637621
-0.212399550198009	0.297107517488834
0.478356669989604	0.883011381371328
-0.0432533302186323	0.033260446032585
0.143634190188002	0.0691358678413954
0.139186573283999	0.0600435921417735
0.713475889010847	0.581735602540081
0.146451397710886	0.0774263353979023
0.679919807501376	0.32283727045987
1.02253035094978	1.67599231976912
0.400659618875789	0.31898731099026
-0.413038071216339	0.175532905450482
0.176840369282049	0.202937828099448
0.29558505911858	0.401878723449573
1.09899662553222	0.817435899870809
0.13828188979895	0.065947917312321
0.60083445981204	0.668695820567193
0.922124936246008	0.243516971274684
-3.77336026249091	1.52994227958119
-2.31072845757555	1.18521193629947
-1.54716733927322	0.566283034461824
-0.80575404178367	0.701102017544613
-1.04965581966949	0.429420534826054
-0.754915023302398	0.265106216530069
-0.0104145897580575	0.0437630175006783
-0.119114905299146	0.71486257764429
-0.0260185063533496	0.0947048525702107
1.2636423280525	10.9113567617792
0.790117970071345	5.18013918381522
0.388844752747757	1.72509105116653
0.938089910080884	5.02358863697672
0.483382637546036	2.25702852758317
0.533555162260973	2.78654605776559
0.212970781600855	0.63772186080538
0.633356520202168	2.68822905203086
0.714955749727343	2.39927412359356
0.669787954751508	1.61664638184236
1.36895220823768	2.5492497775783
0.509141681220081	0.54611404868369
0.747193650665253	1.56346651641477
1.1941298702668	4.16644160763438
0.399273668624312	0.503656405073822
0.94487471233386	1.35490251484619
0.806169830961309	1.0225768547022
0.167369352442984	0.10858505481381
1.24563223569958	0.854413991300148
0.540394851055099	0.867164001682598
0.30829827248611	0.519736817440327
0.358129707457404	0.524396309489556
0.965604680036942	1.26748410479477
1.21538403290587	1.44037183606579
-1.05344696364587	0.853097107578887
0.142608565609377	0.0607971938714575
1.89345494312294	1.60270544678318
0.484190434022365	0.300666290712178
-0.0969025672510985	0.0798198936405098
-0.109250695718722	0.0780061688314578
0.160606365141474	0.0911787832171905
0.296985138653873	0.435323450178375
0.132427688889034	0.162192558406675
0.22290937264651	0.283658597819638
0.202656674749169	0.219340291333457
0.259994755120117	0.316858114647011
0.313673402036631	0.368778157125826
0.44835549842847	0.428453310557574
0.785046916330866	0.739943117591845
0.139029947833432	0.0534677394668494
0.634713023659717	0.57256904993529
2.10719957784855	1.43190457204844
1.01913790541463	0.388060093985107
0.640432049403559	0.206671110179374
0.800989673487252	0.342067986972423
2.73284256784892	1.68275724181833
0.328740339951187	0.181643240594106
0.780143870965774	0.449440825522945
0.511352003258395	0.182899074623415
-0.0451371605525637	0.222480019232627
0.164258087352309	1.02583848822351
1.18690615157987	10.3790114673217
0.683646406228677	4.74683624232876
0.411515528515566	1.92881195544691
0.790588869715651	4.09125173047751
0.420896160161569	1.92927529680222
0.551960748877849	3.0108845435975
0.121672409394408	0.306724538171281
0.304601752935836	0.809000449194702
0.761934593982473	2.65699856132623
0.552874425421864	1.35671226260345
1.02902212721165	1.63200128809799
1.08314411875952	1.35104894826103
0.438457861184739	0.836327908775588
0.525140025480351	1.13365659572574
-0.0899093491707181	0.0701852953915174
0.267960901819472	0.225686074530596
0.692380326582249	0.699866867471829
0.517271043418269	0.541941298202631
0.67083479639791	0.315102602022647
0.370519291210417	0.526245299050373
0.725131004855828	1.63189109211031
-0.196491171580055	0.280322852899242
0.124053757821717	0.106871813492182
2.05421603589821	2.56313516417303
-0.304293329674837	0.224063603157416
1.11457927120906	1.12802114152683
0.141771648686711	0.074811528572696
1.01711804850412	0.958489221912942
0.843927621690417	1.25730631994474
-0.122860672364927	0.0735179828509098
-0.510618672158099	0.382306554199756
0.0293630677272648	0.029695055555058
0.341612909964545	0.480201144401556
0.173513706746887	0.208540412733824
1.02224766027485	2.15244220509188
0.290706953596787	0.384975029267241
0.212788514063212	0.282646963945447
0.414096142787625	0.509150928426351
0.169599040019598	0.130955558549666
0.328273908272963	0.181723020320485
0.383431657343368	0.173577912421418
1.01913790541463	0.388060093985107
0.137663849025598	0.0410571652515246
-1.84536271575861	0.770197726260662
-1.15865836302273	0.356559362366982
-0.561128935845817	0.35841533564908
0.131142088064851	0.0445435122752936
-0.749758417812177	0.262810020338643
0.127971140709707	0.8213320111327
0.221587830113353	1.57258653035999
-0.30838604649098	2.32456113965853
-0.349074334535463	2.50731558460297
0.072026505921301	0.261452526866574
-0.0212424550010731	0.0664406599714274
-0.155281959421392	0.699135021517592
0.109642587090148	0.341124076094541
0.225277035257168	0.809854209413567
0.835480637068157	5.01840491569148
0.948270461265764	5.63418957314312
0.999841501448218	4.42149596357419
0.886163723218234	2.73799898161262
0.423294279585899	1.14850456109944
1.18310331314429	5.40005864125303
1.04893097921317	4.08850804725
1.03570879994126	3.24350250339709
0.740020624228089	1.7230541506037
1.08695103337157	2.78105304626513
0.446323730334058	0.425567573609597
0.813846480019956	2.11160702848102
1.35209923277741	4.69426029120446
0.353338335637493	0.572076991548329
0.443064129154676	0.729324543070875
0.899579088066105	1.62568003118263
0.248238483176896	0.278726691685553
-0.285859665011503	0.325721173158694
1.26638432180992	3.09834300576812
0.654968816772082	0.932545774063337
0.273565377599706	0.392488956226404
0.393163755001861	0.431105373415086
0.900383106414483	0.780631715868487
1.95256933090985	0.464168557061862
-0.170310886604785	0.203707963343395
0.552171093344113	1.19551357772032
0.514365928829584	0.819227540384024
0.651595610190435	1.07411381329917
0.312442014412977	0.336323069924432
0.250485358975334	0.310127372556003
0.799853936228098	1.2135958286708
0.585460947225164	0.745749023326748
0.65149826517308	0.847959220675202
0.196097604182943	0.184256278215475
0.005146386669793	0.00440257188785853
0.452083098441168	0.61699006199693
0.919506544317172	1.39273145702947
0.138333189566557	0.0518266927643236
1.1047990986797	0.978790236734307
-0.544995323112593	0.212530818243473
1.4449517014972	0.908328416896414
0.385049004837606	0.17461081850334
0.727441468383855	0.707826059972089
-0.560161926459578	0.356017951920668
-0.40948446286418	0.174346422488273
-1.54109898628274	0.564008735008191
0.0545095588766795	0.26098005305303
-0.302697661886189	2.72545870522746
-0.143340122487342	0.634644172329318
-0.0492869164863164	0.187996141032333
-0.101952779703812	0.397301361616236
-0.346692912708983	2.08637461289196
-0.193952403941676	0.510646217363238
0.214927083269027	0.659422310705579
0.454754803801408	1.77515847803705
0.72136785102508	3.78754332692838
0.57970706712211	2.81810674580443
0.435425016329776	1.46655515259439
0.256979033839509	0.554576209174525
0.477472230286101	0.985703671080141
0.130913095079595	0.281045698556879
0.447802021644438	1.36127869216251
0.467356706525766	1.33795305199143
0.276629810762074	0.550290939378708
0.759513374360165	1.4248672621728
0.676300941519992	1.6853024349034
0.699060207312346	0.98149985065188
0.346962443925279	0.478709416937081
0.482995312643354	0.877793345433233
0.182005417808401	0.294257661208988
0.635322863977362	1.6986521805443
0.0397362929640413	0.0479848981712516
-0.021697429879488	0.0274522471846384
-0.0918197833886335	0.137369356469964
0.113950847704907	0.163495487671147
0.10596968729063	0.0894482686867246
-0.0921826679350287	0.0571479522737201
0.0470747501232262	0.044331706739142
0.221327650993034	0.262542518734394
0.458592768204416	0.528884033755494
0.0776861950807709	0.0702093739931931
0.309206890433947	0.354627823134488
0.124346532432219	0.109687855806468
0.179424702102272	0.148595291850266
0.494478297286482	0.618932000104217
0.328585716585836	0.335005022956712
0.258002570191152	0.215060543384933
0.181464012076435	0.149711887776139
0.625100294837695	1.01134999814398
-0.0855584322192297	0.0358956708839262
0.175053825040274	0.149284352179092
1.95256933090985	0.464168557061862
1.51727063816386	1.28966551684397
0.269836925426515	0.206404365942657
-0.413535925988662	0.236474883158504
-0.0906900697671817	0.0565760595915816
-0.256771739972659	0.216514244823201
-0.0830210125482316	0.0508015657530059
0.315090397644375	0.188778664956985
-0.0227445308034303	0.0152587088948478
0.165229352593458	0.113190371713169
-0.721841062272863	0.706014726022643
-0.260612185413613	0.130452450077281
-0.35090351808581	0.211003102883678
-0.537011757186662	0.204952618811004
-0.617550395031092	0.297794807357832
0.0421035703367769	0.198723587644366
0.275337548861259	2.19877314149133
0.406272541922668	3.63644646244136
0.015699027038121	0.0499957566235974
-0.0672189564854521	0.231481115851637
0.185845573057621	0.640446280188503
0.177749930885099	0.572027881190226
0.416397360329323	1.70870731345703
0.97930107551394	7.31343299061965
0.523975488242813	1.93115613252994
0.218851147934167	0.430899924905738
0.721807839018488	2.78007923252546
0.300298322025237	0.701962257519985
0.323471388353043	0.861681979406347
0.232152170559547	0.452930137442484
0.329872161136215	0.689729399601765
0.578241236322847	1.21180549308437
0.661838466320341	0.783146935791187
0.911668505509149	2.45591244567889
0.607921154570842	1.15219636929146
0.694837946366573	1.75620287081309
0.000569134919926544	0.000683658151657495
0.90666326400061	2.34424360241852
0.335365405315214	0.505005256548871
0.361792515580004	0.522004338342303
0.248566101816265	0.406925159394452
-0.578399042342323	0.964755193677858
0.698760104544553	1.61447152735035
-0.323193824529596	0.377929246528686
0.493947196397766	0.416487813206419
1.95584693887656	0.462330835133922
-0.336374001310185	0.500448062460638
0.411542459368679	0.714298063887905
-0.408546396603239	0.563674104183602
0.545651385695423	0.869007279718512
0.440372934478377	0.496072599544138
0.403951701012867	0.522924974578266
0.253969134611099	0.242306100677556
0.320634815202885	0.363171418014345
0.0788787296984153	0.078460465857718
0.496859858782083	0.312462593901607
-0.0440487936155719	0.0377080721336507
-0.586034680040752	0.530159987144809
0.465467103767694	0.314469521105343
0.432045536902426	0.310242687819714
-0.0904551505193682	0.0558469367710124
-1.23896660900774	0.933231349855116
-0.0288094567906169	0.0189722263985579
-0.243510291868879	0.16120112147414
0.845518931357878	0.623774960953166
0.701486565689535	0.456922860344248
0.383800223927691	0.172508044420532
-0.325313277788253	0.14976211337478
0.159999612847094	1.10334135520655
-0.119665212782419	0.637804439135952
-0.273741477377377	1.95184487718227
-0.407610917627363	3.22882186324081
0.0724987940041603	0.218459603360377
0.0716708123193811	0.212490996335054
0.566116420971524	2.88273071273219
0.759804008408229	3.49586413298334
0.678458418997918	1.99763152495769
0.221216074657376	0.340604091511436
0.46798228861612	1.39058919135287
0.288856306183292	0.646903304057621
0.0711536302165456	0.0871677241790815
0.683291766442423	1.23699173269548
1.02029170786378	1.98177095178103
0.636573016439662	0.926447247164509
0.638108512265522	0.454747968824521
0.275712084889266	0.466882471878109
-0.00706588624604288	0.00819472795155961
0.380546508152758	0.714036348292535
-0.183560850577329	0.222816047639521
0.188062298364521	0.168323274445222
0.0249142803064502	0.0191756817855379
0.597883923144147	0.814671693240446
0.714899375555748	1.06379635238999
-0.0254814913740006	0.0172844102827612
0.337045169214285	0.453744443101472
0.146854675787209	0.142769571013488
1.94510869955383	1.21768151523035
0.099158907372631	0.114683777419396
0.358648252307585	0.620913504151421
0.106841026035484	0.138110915712489
0.475459375638139	0.690240028446522
0.39928593738901	0.506845163890738
0.520008005425059	0.797374000288084
0.151520016112997	0.0969909406834023
0.0321024420657055	0.023997928331481
0.132318328682527	0.0452503254788254
1.00682260093215	0.383667953301438
0.431924412347707	0.173464161315763
-0.172682511060434	0.062208045464075
0.126329806775911	0.0429818238760102
0.969681232464072	1.06493746156259
-0.409826637020451	0.174074560774058
0.889817632427664	0.484607505046141
0.92732486785368	0.24306890205782
-0.120377980366993	0.0478214749194148
-2.58513149511835	0.689509113042442
0.0659662818688093	0.335669956017669
-0.124861553724848	0.694521789313433
-0.395070999650791	3.22148109512402
-0.0374656325020114	0.0955419593417867
0.15426968090801	0.549049319559405
0.845160139445428	5.33362345462452
0.68988218902907	3.65061851771419
0.367026576806236	0.956226090326124
-0.223308919299395	0.488131390877375
0.271927896157587	0.459442810917955
0.0136929860372697	0.022989631388326
-0.17293507630416	0.314919914759069
-0.00263099183270475	0.00364917052850375
0.64895492111564	1.86161868622957
0.253484076071265	0.271841675598661
0.582522161260038	1.43683260033792
0.321888021503416	0.397912499115758
0.352280611547126	0.516584994894372
0.356051966139849	0.522522291754729
0.722283765796154	1.69083968031989
0.0253314399266469	0.0290461823086753
0.760820540001839	1.71973724074944
0.231049677564854	0.349849825941248
0.106202402767418	0.140814545935102
0.159184667966744	0.210370181152133
-0.223027244593525	0.191658531003844
0.0734307468787769	0.051489867856839
0.092532368007127	0.0857064866966263
0.139411099173203	0.157303163895987
0.41616967839953	0.579214820819609
0.108936706976486	0.0874077238576474
0.617912224247838	0.670120569266823
0.542259759813648	0.639797791280405
0.348685968829682	0.176546970120616
0.398411156550411	0.316366258240859
-0.0676666065977948	0.0433625199805174
1.22631083433166	1.02505206881952
-0.66450904782129	0.396220526076762
-0.806130620406552	0.530906544502238
0.286420889073533	0.208386128593837
0.0142872541565461	0.00757549244912249
0.594503591714722	0.446409322682845
-0.944008148364855	0.69141563082958
-1.33580820205968	0.822469350068551
0.140726965702393	0.0610240997598051
0.94022775369248	0.623834089793784
0.0303852347806494	0.136425717085781
0.106536718866267	0.588740033908874
0.285690803119671	1.78198315214413
0.342605300923807	2.33200837135789
0.809094793403711	4.92915538911811
0.897992299543269	4.37509547159259
0.668616393931413	2.10665487700532
0.363005386319406	1.10280915088768
0.337242357233942	0.890486124054023
0.285285375632456	0.601154483902696
-0.146280456431474	0.202132239045295
0.0587669684757042	0.0730723215864499
0.842112675187142	1.82696331251022
0.974236890121613	1.29135223030073
0.932669023917692	2.94242764569054
0.538986819147109	1.24045077147442
0.672196070718238	1.76349684378186
0.475016297699245	0.793589449906054
0.266818883983838	0.274255633393132
0.523688144663647	0.764524715187071
0.449202899496585	0.515534123524405
0.464378462125538	0.595943796076679
-0.351690917351302	0.403915740717484
0.204508135376492	0.290465348721798
0.262965001877588	0.276560078494068
1.67894788999681	1.93416367928448
-0.0805122577596438	0.101420913309685
-0.217479438764316	0.343314405329124
-0.0172857994108667	0.0183908704922878
0.523442379691475	0.956878819518196
0.0762675152887612	0.0829761733267136
0.0244547877215375	0.0250233761691467
0.145145876145296	0.146057559000127
0.215802540038675	0.241021360275758
0.265639751275286	0.316411068271208
0.139073148904902	0.0266055202308437
-0.63443887572422	0.580285198898197
0.771020966680929	0.589828415802266
-0.2640585979682	0.200366535359853
-1.16357071600373	1.02791762261221
0.356062335746565	0.178692364262233
0.383970873834602	0.174549965674074
-1.29515834308224	0.603610157609632
-1.30780404544557	0.581627338223205
-1.1914645484674	1.21417481732673
1.75159345766969	1.33771028705896
1.06881813966392	0.653621868424896
-0.107187390571747	0.0429022375193765
1.00757101741344	0.384130201865198
0.500379391071303	0.180303967231713
0.640204384260695	0.202440736609696
0.0614151005608123	0.314839813584963
-0.428774028123803	5.20483443685779
-0.0815415577290894	0.379330651101936
0.579098123065495	3.90842567370325
0.754000074521181	4.02399317658162
0.523880371466976	1.67632514118321
0.276102098225712	0.900389583808449
0.408284479446277	1.67187524199104
1.02708191389762	5.08749827519226
0.680211169002168	2.1020524206205
0.554971592502999	1.25881539708938
0.287272723278847	0.413227073690058
0.924574422643075	1.48701985722707
0.499545942650729	1.34061499720644
0.407253125573117	0.965099295834851
0.375755776155362	0.895247107613252
0.394883943431698	0.651433976458793
0.488352056551313	0.689570944549165
-0.252756690085051	0.273768812462213
1.08492621112737	2.52068355675508
0.772691498949903	1.26513511474892
0.44601713578762	0.690558004522038
0.49393041117554	1.03337015731407
0.592828157918474	0.819254666378372
0.467969522634077	0.434613831823394
-0.23324325777445	0.417558166000748
-0.07123998136547	0.104069361310458
0.115651075515492	0.161296227832978
0.28485821841118	0.44274340374203
0.0610087254126989	0.059240907618775
0.0915201013481937	0.104845238389851
0.302975557127428	0.532080523628025
0.136998302869817	0.175578206144779
0.596374270860463	0.891186254781565
0.499293100823213	0.683877372373424
0.894564543536702	0.482887348561858
0.137716344096337	0.0264356853006178
-0.113677649931282	0.0816239767582442
-0.985955464866158	1.29956968321106
0.666648533762393	1.02112891747422
0.143404084096634	0.0751904186765633
1.60917596688031	1.13177488413413
-0.0394917425523976	0.018628268164181
-0.50599172071889	0.266867626725669
0.948782970511025	0.638781217907932
0.828163862662181	0.751733825987697
-0.153185620412118	0.0871081101257306
1.25736532167505	0.697047384882655
0.127325808160313	0.0489124719091999
-2.0907818935671	0.980234505113829
-0.754981310507553	0.259853428594
1.42822224336494	0.477074019570971
-1.16076621190063	0.359385238156804
-0.00301353160020166	0.0119876761977379
0.579296859566239	3.05123985807814
0.991296418741439	4.03248203760269
0.165534907560588	0.23235608347736
-0.0917467794183215	0.176771360844914
0.121691677415267	0.269061622168205
-0.119964840897469	0.173419357076591
0.595224967591842	1.19447661494426
-0.0284626201712746	0.0278792294816087
0.559536371693114	0.869912987655677
1.24552444401035	0.84148923478946
0.386416582174799	0.797100100089903
-0.236890971747664	0.504729459318458
0.467405216779612	1.24361920212477
0.39483414367881	0.632814703620358
0.676558926619911	0.780150195220183
0.577552134115484	0.731743746160655
0.66789565285885	0.873477750173955
1.11143746752865	1.79507604307438
0.39234769068929	0.322323845709339
0.470139688825687	0.892761466886799
-0.402374677511029	0.518100734594934
-0.237469014746574	0.184419391411825
0.131620813656006	0.188232248914244
0.116658176633996	0.201254286178554
0.0586956287085101	0.076299233202297
0.287328652308792	0.449615839101533
0.147807920716687	0.165184268031834
0.0898637481008435	0.104591931648304
0.386379971488148	0.52880927441029
0.330725640024367	0.450945777254285
0.141666634051722	0.0357514933011427
0.503173696642426	0.181140364188836
-0.323512747184136	0.150877869497942
0.926974875419701	0.246284209674963
1.39322080363053	1.68917314829483
-0.407500102249867	0.324227906219949
0.200641480572038	0.20913554680311
0.498054757742008	0.313480476956699
-0.165341407094706	0.0594812594136278
0.145446153365143	0.0537791474683108
0.532764910932736	0.302450007463388
0.134954159163907	0.0452786800420587
0.535819679159864	0.441045645130318
0.383506445493129	0.171662221119129
0.8898158199899	0.473281313237588
-0.242540504674911	0.0808346916156265
-0.373053653203401	0.10950615431338
0.926974875419701	0.246284209674963
0.63611382542294	0.202940731306447
2.74531503858304	0.788587032684406
0.0862224899176005	0.474494564192813
0.248991638846789	1.81706711268874
-0.461830266259588	3.74987191164209
-0.233312135471005	0.96560131013446
-0.992192715974572	7.9646571164204
-0.895714417278277	4.41944508732869
-1.01006593003197	5.13118180267263
-0.369580487899784	0.558447746741111
0.214760988122042	0.545525111885156
0.0157570721003203	0.0259786089993258
-0.136602872760638	0.27951307733105
-0.618867584897877	1.77575429250263
0.00672673896642202	0.00767368554424257
-0.499034793661483	0.945128447873583
-0.432341249679877	0.783584463197261
-0.69368648763162	1.59560752989148
-0.225181583571629	0.340125429687039
-0.369871514982777	0.913512091117747
0.442661496107351	0.837066141230634
-0.643404426255077	0.795281488610544
-1.80211551800213	0.40518546889285
0.0584686763838443	0.0889144155165431
-0.29548350336718	0.68917809396829
-0.287328656234883	0.545050583877878
0.561074310826083	1.13316067124922
0.178376572314832	0.207314118138305
-0.164118514129544	0.212217623391089
0.257460277634228	0.374200879652568
0.373741090676156	0.58225180807776
0.396729735950243	0.646835561520354
0.0367268076789056	0.0358781763033772
1.44672035489898	0.91099682350394
-3.4747598518894	1.2627547738838
-0.111235862084243	0.0448500579875298
-0.108391809993777	0.0432903710050659
-1.16605123679474	0.358241254731586
-0.172869525919426	0.121008197074885
0.386327647208765	0.319507586352818
0.376231662852363	0.438423804275153
-0.805953299888351	0.885166123936117
-0.340067998221487	0.206672428941574
1.30906895135202	0.585546772041702
-0.0134073765562542	0.00685100634134622
0.940547950672974	0.919439907722618
-0.0115972415689912	0.00786974949457887
-0.29329906924967	0.187904183407228
0.140524468781853	0.0345877365803097
0.634342685225005	0.200262051002372
-0.105955936266835	0.0426845580298618
0.436210294585871	0.175609006683536
-0.374056649896452	0.10984667872003
1.01080793058073	0.389781480211188
0.135568968576203	0.0339891491304889
-1.16605123679474	0.358241254731586
-0.649677393302236	0.159121336474823
-2.59334626975444	0.673058213099307
4.15672562736447	2.0061543870442
0.503876995607107	0.183480745946702
0.63611382542294	0.202940731306447
0.0686617434501015	0.360470953526661
-0.203670625995843	1.44210617494232
-0.318189985465509	1.86551504367216
-0.816339904708925	6.56422981198375
-0.601086511857271	5.1567209058714
-0.544878223506934	3.73280547244442
-0.438680275902076	2.34586736466343
-0.67999895251666	4.06879093486298
-0.252306388107303	0.714575709994424
-0.317621646041756	0.804689666398186
-0.709360250052766	1.42214365342535
-0.153431426420758	0.361209797569906
0.268421725766684	0.683742558864067
-0.0969038951199278	0.19429043259807
0.00958252325767462	0.0151009688361166
0.0516776903959987	0.067996304351356
0.223611666383865	0.383202704078514
-0.679865872706752	1.81033195612659
0.0594582762914779	0.0893258216399306
-0.0828497606285847	0.119284368545147
-0.292691829529943	0.711883093061964
0.135922587946655	0.19702621883538
-0.292867896226898	0.353229404231495
0.39310506804029	1.05941213401956
-0.105927586042059	0.186593948653745
0.244606257743381	0.463350507122882
0.209841589116191	0.241541389227401
-0.392784587098158	0.658863494469416
0.438115217437315	0.728746253384352
-0.0918542894355704	0.102100338338845
0.0156768400008397	0.0140012564324014
0.0897125042393745	0.10443299474441
0.174313364596546	0.203072455095008
1.6040164374711	1.10715072510083
-2.08912348607224	0.975673467838876
0.128549695970254	0.0548313739151234
-1.34310631180381	0.852383009147828
1.42692741367696	0.472854481440801
0.263516273886448	0.211095865891908
0.739758346856729	0.730270899056511
-0.26155492401573	0.31930489381919
-0.167100946964025	0.114003256480303
-0.808681356534685	0.538705817865904
0.381533849964003	0.171992731032845
0.372593546000304	0.410214878220731
0.0494211961403186	0.031895481018194
-1.18386205591643	0.667275527521225
0.708494024121158	0.457425936835632
0.349179283191181	0.176261129745716
0.512994189853566	0.184777044587054
1.79563632322604	0.704599241543694
4.15772432340643	2.00809868588151
0.133351507732096	0.0330557201779221
0.133621657798323	0.0257280473816019
0.503876995607107	0.183480745946702
0.925335174824177	0.243267565805426
1.7947052374355	0.701940247969362
1.95256933090985	0.464168557061862
-0.240754459368759	0.159180877640297
0.503173696642426	0.181140364188836
0.797707710979369	0.333975145067525
-0.00449132260278589	0.0178927849880344
-0.0421256093311222	0.163975968183112
-0.199812982533737	0.948589850596851
-0.27261402730431	1.45726322457993
-0.271812961148664	1.17144716780755
-0.076482076475182	0.232133950482992
-0.338220858670544	1.46959895891904
-0.130432685120327	0.350124529660425
0.127758798686155	0.308678098090851
0.170027446074393	0.242779629565608
-0.0577827920036386	0.110306845252913
-0.106904312610066	0.175622983066239
0.338590321446827	0.976369025934177
0.462526437482859	1.51769121248886
0.313129881264737	0.726718025671115
0.457601135116718	1.31609284550885
-0.0693149156675001	0.114798011818527
0.086680825912073	0.150937772644347
0.030017826468479	0.0483486264693681
-0.0391661066643007	0.0711550792952084
0.253613823432825	0.408741260864735
0.00953232185918705	0.00853868296763206
1.95338582999428	0.463576578510391
0.0910893238231697	0.15044773693083
0.173424004113699	0.311976968673856
-0.0873235577215761	0.117411508707072
0.195040475968119	0.265653878307948
0.00852433346606855	0.00968506890713831
0.776611683038965	1.61520993198195
-0.138197267754606	0.146577593005966
0.176465116661393	0.223473977176027
0.293246115203029	0.325302891559603
0.0357503294815893	0.0317848121561048
0.257211884916602	0.330527533159786
0.689141878848357	1.10492011798156
0.222319113292119	0.302890742347136
0.904110228387955	1.49719726451134
0.203055232958097	0.239398298532654
0.247903366552398	0.266062203575695
1.44217883797865	0.89884378472194
-0.655163635992096	0.160369482742199
2.7489176254429	0.781882431670721
-0.502340594352873	0.266898155121914
-2.58468514934926	0.681926813759725
0.0372849895676179	0.0294139629855837
0.603429655297822	0.568455708674199
0.0692907516697518	0.0688113063574567
0.205351036387759	0.199109625368782
0.04059448892363	0.0323236589903486
-0.092345369355567	0.0677558076316519
0.438542110876326	0.430490152577686
-0.186870853810029	0.162564321517551
0.478178938211561	0.425621783093327
0.147723736507646	0.0846106233951015
-1.23053588462632	0.923585858906146
0.639033861481866	0.455206797074406
1.23107250459575	0.830386235990874
0.141454875625951	0.0671447570176181
2.25430693439746	1.72370832279762
1.30604689497771	0.574600894690801
0.49991679292187	0.180263240660553
-2.30103502779841	1.17883610946133
0.134542642796399	0.0341445690681232
0.844598087056296	0.622042391663945
0.295211564220328	0.190556519307661
-0.0829990836381657	0.0524072389523395
-1.18583275762165	0.669125952898397
0.796173300058586	0.335709547702372
0.800731449974192	0.3425296464443
-0.0166379054273742	0.0667318941585141
-0.0760299247313023	0.338256168501233
0.0243249904417457	0.0729135406097269
0.00681738453497251	0.0154889962077982
0.151945436715282	0.672469389171701
-0.0765150047658509	0.25044940390087
0.359443934078088	1.99463562660904
0.0959307358133895	0.261875011244276
0.351318350872061	0.879383729241573
0.344418503182627	1.18750848114268
0.529177349968241	0.796477279516789
0.297011554216471	0.560749504715888
0.175103708375646	0.396504025257493
0.425771750335319	1.703705225437
0.0119992777024014	0.0230379216185143
0.546911973537877	2.20656978959174
-0.143227468623896	0.398760749748745
0.00890570606000613	0.0169794613631949
-0.00964185054981127	0.0163843506573823
0.74472926460682	1.43437997520386
-0.313317139134162	0.256983728593256
0.230892059271342	0.312430320853274
-0.135531286310811	0.155065511836057
0.663679121878664	0.875131209173501
-0.0312663025421854	0.0210125121846479
0.956820814461456	1.88904962723587
0.0426093435515949	0.0329340746898888
0.511993228819867	0.53247570465428
0.371543098522187	0.318671869064883
0.313817250144394	0.16789369070368
0.145764378266969	0.0827964856393577
0.46537251307276	0.528734833854457
0.520892190874876	0.426960173013104
0.259420537908417	0.40400320763257
0.406597921306913	0.528772572051736
0.929589598768844	1.66261978242654
0.546043723956796	1.10340648615484
0.252514748729822	0.247888088716778
0.505081233579435	0.43375993076828
0.672574557761664	0.584224503467155
0.377875369694064	0.168833623513881
0.138818714405564	0.0354421828043769
0.138547275345784	0.0347818496624983
1.31000962917872	0.587023547729711
0.926974875419701	0.246284209674963
0.568116795908899	0.536308256368849
0.638364955764977	0.444529756740143
0.785688992927418	0.935108650776794
-0.11528185778423	0.101711444771655
-0.46114260717265	0.501849348805201
0.123750984174181	0.109199373551737
0.601906752644381	0.56438604357485
0.502585195856471	0.519556931903552
-1.03531876238213	1.60062923896511
0.168125135842988	0.120493717913026
0.0429134111051836	0.0263763613838712
-0.200316330104439	0.109278514281438
-0.166551048008481	0.0605901327587292
0.343578290299853	0.171518747662216
0.139065488656278	0.0671763622834523
0.149939281926602	0.0865285934369628
0.295035251726677	0.202577584918096
-0.807649865610389	0.627338408093081
0.161539420813106	0.107992865060823
0.455039500828323	0.30333062833748
0.423674823994072	0.31784308914831
0.947413684423611	0.638978035417402
0.600637759822684	0.452760532034838
0.304104823297564	0.197020750760891
0.313195362544548	0.187529197701817
-0.0621450979558537	0.0272230375375085
0.140726965702393	0.0610240997598051
0.136433082417729	0.040391101370101
0.0204586996194136	0.0805559376659975
0.0557831344245137	0.215996556617893
0.284610280793989	1.2375089916934
0.221177141493073	1.12323837689526
0.0545003895409881	0.161226821241916
0.235170206635852	0.909741401162331
0.172309899395566	0.470610435075157
0.0443068022943497	0.062497453585188
0.326077730351659	0.92310013355566
0.525123022789025	0.865490440668457
0.432343112408784	0.829058527482649
0.422192787648882	1.19712401673989
0.162315708197803	0.378381942920368
0.247182236778514	0.664506614033953
0.26642217758708	0.62830243097665
0.0152641151270642	0.0286896619729168
0.0888364267925026	0.173902921216613
-0.416022575738918	1.15328203801253
-0.130806280830381	0.132147150874869
-0.490121791130161	0.416078834121948
0.305918778885739	0.399183472794835
-0.304446787631212	0.413492785708599
1.26654275335509	2.27433696287141
-0.326993181365417	0.268104169423582
0.25430669141782	0.259480897609779
-0.738674827399013	0.822965183017561
0.261197809937675	0.239939901174501
0.602931075153697	0.653759927926828
0.64663187173458	0.454017328425211
0.555618385390529	0.442941193814866
0.352402886940305	0.306238627401174
0.666355504634742	0.30820025907754
0.661211879551777	0.673107556005338
0.45941016088325	0.688935852549616
0.20786936750015	0.235176420629282
0.197728669640554	0.171768676710178
-0.059096106885045	0.0540403943661734
-0.131725270129423	0.141443229335846
0.901056167644749	0.770423297541562
1.35134190091182	1.23097035195965
0.136536751098384	0.0588145613661722
-0.646622749070198	0.158987296788642
0.640432049403559	0.206671110179374
-0.502252901162435	0.260841293658475
0.133621657798323	0.0257280473816019
-0.805667773684461	0.531201126072742
-0.477237739813227	0.320281487432241
0.709590799816628	0.708599666623853
0.552577415102003	0.550434194631753
0.078223857871302	0.0562568912790941
0.702997230337128	0.893614293119722
0.578611604986954	0.554633745087288
0.394689835709206	0.3097389533403
0.936596553153815	0.624835215928534
-0.203882275384169	0.108382161245653
0.644424999818512	0.207579266186308
-0.106653786272357	0.0427077460799459
-0.413381207516543	0.17636300038956
0.508781691198075	0.185680235788344
0.154274576469494	0.0889125632634827
-0.0712099446479961	0.030675218024594
-0.0965987035030893	0.058893350866502
-0.0337312035178564	0.0160235183149924
0.72314977337115	0.598652959887791
0.429738004776667	0.174027388577235
0.697026779888114	0.45628334309006
0.675641318219284	0.318864643581878
-0.244180925356045	0.081049134991476
0.776661876029309	0.460979416536666
0.375364852523312	0.168898750090414
0.381550391626406	0.173085403603978
-0.04203973169724	0.0199177661077181
0.142006644110872	0.0613694693171533
1.55723301176287	0.75793271466948
0.0324578471280935	0.145002636163048
0.0909317769358182	0.44325046565963
0.160481060878887	0.733653720271699
-0.128885532759917	0.403590315426154
-0.0268688027467817	0.0565360831511639
0.531784657347596	2.14731767508211
0.240985973960249	0.365276243430205
0.55203880868224	2.49693652180656
0.385035189624794	1.1836223372014
0.361540668236131	1.05038221081272
0.398490269138178	1.23037223764192
-0.00117870785798655	0.00157396220808747
0.334127969767401	0.723457163598604
0.218930681613739	0.40263115729051
0.613071013784062	2.09944118586123
0.0848026229617634	0.137617198577129
0.0294120895585254	0.0486144247453394
0.672852088288518	1.43432967513225
1.23591814239938	2.57528466557721
-0.022168899964773	0.0323056167369512
-0.134410848600656	0.226589681109685
0.0327777672836815	0.0412495567379133
0.0851011463271345	0.102149211948203
-0.195438051758462	0.277503573193771
0.092107785831805	0.119391366610923
0.316140971494488	0.402703003732972
0.0254075104660811	0.0216153398366771
-0.1840523406034	0.197302636654708
-0.465542618672529	0.682128511143981
0.147899873200513	0.170090008890328
0.389961919746628	0.538841095696423
0.605160714471383	0.975447725396655
0.262118408875562	0.347508044193684
0.243768875253579	0.246834167720948
0.445914248804818	0.494326007329243
0.313641580171458	0.419783766170083
0.537283845777677	0.879228802300543
0.199326164847764	0.219200690811312
0.00446685536647948	0.00417580892860665
0.147758644825125	0.149053459087157
0.523864108089058	0.700144479756765
0.374455209985668	0.423866301769565
0.348510638798355	0.459466411423755
0.290251136513652	0.325753187192888
0.339537513063877	0.3425517153306
0.309826546546865	0.181753606914115
0.930671315320304	0.244899140334393
-0.748717096925392	0.26268742708996
1.07865412111936	0.661976032709241
0.141168720466643	0.026788068800843
0.168740517641791	0.125603203051267
0.936977414336974	1.25843401618274
0.278447424223722	0.361106050618155
0.467280671862577	0.431599004430999
-0.0125485513268392	0.00988271448652458
0.573786418646164	0.546478508924395
-0.364953231343634	0.105781956689199
0.704500347654101	0.45719836717787
0.146319394306654	0.0625473966403083
-0.168107670861975	0.0611894191219251
-1.1896683654468	0.66011219748114
-0.16623824947282	0.0610134655693771
3.03356217089354	2.21252463929964
0.181627446119602	0.145671269237789
0.158293571104353	0.101261996992946
0.286370434373249	0.191662471002296
-0.286134693980851	0.240887549339303
-0.343501449414765	0.243399591958207
0.596091643308744	0.312565873458659
-0.469717658144586	0.313703035873381
-0.243241014092852	0.0808370662671502
0.639660215207864	0.203910262751024
0.502995006527631	0.176144973960121
0.0494606132475449	0.22850871187024
0.10848275139385	0.465093857745338
-0.265130216478552	0.931208196860092
0.124460006811091	0.260009439520566
-0.0307799559385237	0.0479321115507197
0.0226569051694645	0.0245653247219322
0.242125976966804	0.704832306951745
0.384795290980833	1.29053642757341
0.325648241722467	0.991968255051266
0.327377946579264	0.789489216768837
0.651923625492744	1.6880466454066
0.163517819179739	0.215829568334152
0.515900097167897	1.10612074283681
0.214762094941459	0.351331992417368
0.30422289331916	0.53264935497213
0.351364023026247	0.5792338202408
0.00621964641981279	0.00516602664587232
0.0410972141797052	0.0631272716755137
0.391185399723065	1.03549196550243
-0.0295670196630712	0.0393486558077811
0.052306905793637	0.0576671401517921
0.746686168923415	1.54415498438631
-0.475389074050473	0.885740117129502
-0.306990441067674	0.407361840356998
0.200735627429497	0.233834590383788
0.297412380401447	0.448648875138863
0.794625384856271	1.79967460851347
0.0363766660840011	0.0406730986598119
0.365048625630248	0.501049992057346
0.248706092791358	0.28725287267241
-0.727618161449636	0.929606530652322
0.0109629532424016	0.0102788120355611
0.508463539863823	0.615087212690076
0.0885391697056706	0.0934966297715933
0.405780109291139	0.591083878601316
-0.00907470110184575	0.00791355098792596
-0.110079461510456	0.121274413018078
-0.15907619506105	0.179675988977831
0.0855492695327614	0.0853923863798154
0.0138669759689494	0.0117251793776257
-0.0659071062236005	0.0649942070682265
0.196728665807758	0.206114997536992
1.09434678471729	1.57266031276103
-1.16218776432518	1.01911814736424
0.13377964661681	0.0339655613686654
-3.77412214772395	1.53344506919461
-0.00439371243115152	0.00240956233601905
1.95256933090985	0.464168557061862
0.837485354580554	0.591767861965037
0.431906021220602	0.522820305009962
-1.80190156331263	0.405310176911618
-0.162239939886213	0.0592022994236757
-0.535953611007358	0.20815255049836
2.74531503858304	0.788587032684406
-3.09343711568729	0.972052225554497
-3.76928214896483	1.53063223544118
0.642202725024316	0.20486814652215
1.06060265279535	0.504365946602794
1.34210430225948	1.21069082192609
1.95256933090985	0.464168557061862
-0.252923644072384	0.128637135322424
0.655646771036077	0.677891772298418
1.26049080308498	0.695146732879718
-0.413906749629129	0.174157263861997
1.95338582999428	0.463576578510391
-0.654514463701247	0.160265207029626
0.644424999818512	0.207579266186308
1.79793422282707	0.704405735156038
1.30603729879231	0.575027978579309
0.0225169433320573	0.0938413423197815
-0.0857852505370792	0.395584932966187
-0.060992819779614	0.215221392446221
-0.228422292869904	1.01587425684974
0.500404720221964	1.78627863875213
0.218444365563119	0.815478161092909
0.528506433378965	1.50297528049505
0.19791094359518	0.475389664905074
0.103709994172191	0.261325561715382
-0.0573319416641515	0.141529050171959
-0.109438117061682	0.285799254728488
0.187779288104538	0.561383987857322
0.240612942593793	0.384798418652998
0.396317364970528	0.531026735530846
0.042219418016405	0.0571176679340564
-0.0472709199544199	0.0440216292820525
0.330402829438585	0.439989654555082
-0.231192191864089	0.284505500342704
0.628717802727136	0.848140276655774
-0.251747311921037	0.262532486556984
-0.206230568002764	0.221685136449519
0.453237130089169	0.411383551008368
0.0507984826291033	0.0463869472142722
-0.424162914993473	0.40063809685681
0.188803580062004	0.179945147561278
0.0631093133192423	0.0602440841902975
0.0989669656916076	0.0989314970359711
0.309031734950055	0.327388096145454
1.03735872299123	1.41978758005746
0.301815790663404	0.195343196533118
1.37506997956885	1.84681661481745
0.129654200855931	0.146185922908835
-0.0709333181547355	0.0884438651017432
0.233774684014407	0.386853868263992
0.219194220743599	0.309758596541578
0.255281979074241	0.299989264397303
0.728378945398354	1.23371670390573
-0.107495007780439	0.113591991054374
-0.850669014005115	1.75868698565785
-0.193873558780567	0.181423340135559
0.0522463227410585	0.033964228440106
0.484133640577019	0.435287024913913
-0.464844016011756	0.439550411364734
-0.323559401835235	0.149807230374502
0.137716344096337	0.0264356853006178
1.01496655409926	0.392016410565643
-0.162841987508279	0.0593911034514988
0.666413872883517	0.835853970035393
-2.58468514934926	0.681926813759725
0.139576085242422	0.0352987079074651
-0.665803669903152	0.387396414466969
0.280333856379697	0.188391838816206
-0.545910197315445	0.210647933455594
0.525544647152774	0.293927342036388
2.54392701202772	1.43286733070967
1.68292387758477	2.24650288240627
1.07954212765065	0.663249531849375
1.09333415936524	0.826741100605692
-0.0621444870439241	0.0403432518877065
-0.5413960558512	0.210897885586138
0.146461257313592	0.0888436890125391
0.139601761852887	0.0669900090895476
0.145316787137094	0.0753760911044791
0.289142546201553	0.210202213946779
0.354673592555897	0.177594287897402
1.07158158638041	0.655680342320189
-0.0122731630808493	0.0469142894535571
0.00483678848616402	0.0158985195623849
-0.23034270845941	1.09860357472324
0.15699294412159	0.377240201902561
0.242856713802145	0.97068495731725
0.157650160570261	0.254009012528
0.199983856474843	0.690000947451345
0.119477682239145	0.345743184548073
0.189163209349345	0.55991671907576
0.311389208235628	0.587411375848949
0.664472607379572	0.955318926380214
0.586127461141755	0.64715852245221
0.120212395131967	0.108524353018561
0.560748120277535	0.715132633407812
-0.28434864565846	0.234351349087199
-0.0113538055830528	0.00990368630625846
0.940897131729157	0.914762052857636
-0.573007079072888	0.517452400993433
-0.204886269778269	0.140429044653874
-0.11948325223492	0.0869804435381908
0.836321903696998	1.37648012309694
0.554339832222261	0.726963589636807
0.716908908759742	0.804988975968363
-0.302609257079889	0.224721260786967
1.32712864525654	1.38486095370918
0.60157660474194	0.452305889376511
0.820118612064787	0.962835382698756
0.710993913638684	0.581334356491983
0.909728173996776	1.01555577600199
0.0303621436605196	0.0318285365357637
0.0268398988831648	0.0290455454075627
-0.0508769284060603	0.0603187801262921
0.172398884993668	0.210790986928454
0.222222707679498	0.333931699599562
-0.217964201862956	0.244930008706477
0.0873643900365207	0.0822772887330688
-0.137696305507059	0.097462801456499
0.163122770121607	0.106598479346686
0.594205740380285	0.437618159539528
0.168712715179412	0.133851796080273
-0.803382008314817	0.440695546332442
1.7986632649824	0.695887804785882
3.91543307449018	1.71602442481913
1.26646836386461	0.694723939804507
-1.16076621190063	0.359385238156804
0.926974875419701	0.246284209674963
0.925979622549504	0.243736825113843
0.347788648560509	0.175920613301097
-1.69143143337513	0.984864497678572
1.60765672529191	1.07715647725832
0.355076221861696	0.17800033795357
0.926974875419701	0.246284209674963
0.428840454776996	0.172997092811838
0.13806085974017	0.0349020150681185
-0.416657794052755	0.236316988229636
0.948305578082939	0.637037526307814
0.375012576440081	0.168539047067921
1.88856945777783	1.60472857041296
1.23072780502662	1.02560445852323
0.427042543013282	0.17205182981018
0.0699323231848105	0.338852941021537
-0.155709564048326	0.829334497405067
0.0778499763787951	0.193492041001757
0.153302003046073	0.576220933398091
0.0592401284674917	0.168244900932401
0.273290981741988	0.514043771637627
0.307955570801825	0.352203033382832
0.592043500968152	0.749530514331867
0.0659185913570757	0.0689640856291845
-0.0680699415345794	0.0504166844449274
0.114495978824686	0.0944204645526413
-0.939293289358559	1.67284406707781
0.771203201061365	0.722529501208663
0.609760211140583	0.663765257554194
-0.201165075799421	0.15807853140443
0.575766004893148	0.652488171706196
0.248615527613696	0.278116333064036
0.378851458546516	0.422648584717233
0.176409571331565	0.134866500670595
0.0578476810008363	0.0375041043343322
1.67073421545643	1.93556006509604
1.60335703803238	2.04006069274215
0.0717979375766088	0.0500842592971283
0.155156917379744	0.101018821864526
1.11120032546949	1.68362980744801
0.369184199739284	0.542522506831275
-0.27607237192294	0.420625773425299
-0.209319304599577	0.30026416920447
0.1178859885389	0.143450632433482
0.0591956798688686	0.0562913507386998
0.410095877731842	0.735962806311378
0.0520693985012363	0.0552611830537122
-0.0224690716040189	0.0112347741435176
0.298923212110088	0.356758469392871
0.364616829443737	0.433672283341384
-1.42693335572372	2.10450026105538
-0.480348134808515	0.444858931570482
-0.361604732762547	0.260423396107632
0.556793492885572	0.444975509348004
0.509969571730134	0.184118798060044
-0.650959635012338	0.159168476600347
-0.163509927787284	0.0594540489341255
1.3069871315256	0.572362464671872
3.25215396833713	1.09944519815717
1.76318731223703	1.00370787033723
-1.48285240750734	1.03281763983465
0.303466221910364	0.180795621867066
1.2334776553962	1.01908307222452
-1.99902942241514	1.39324043146598
0.00552133237346444	0.00302563918138112
0.0103464446694604	0.00553384811725456
0.807657047620498	0.341688010260639
0.142703577512654	0.0751017176385272
1.04090364551027	0.49597308783226
1.07449153600826	0.661953506025303
0.643202247298856	0.202776762796674
0.136082679681813	0.0525324784428168
-0.0392251388845371	0.160356392463024
0.149159970887763	0.550440997773281
0.117324923583318	0.393236584795952
0.306502576238188	0.383241799766129
0.366570457164883	0.421416801797925
0.154093612808216	0.145441814395377
1.2772875208141	1.95066803248969
1.33839979207534	2.0074165425408
0.139188117151766	0.127108428676103
0.726217327336286	0.70155896879445
-0.422866275429152	0.400388421158303
0.462166628183023	0.424557530277372
0.186876215083434	0.154513368470221
-0.0733269728899786	0.0720358794430408
-0.600026703996948	0.709209256546675
-0.49072942039962	0.425616329509203
-0.4534223639231	0.353962727810906
0.776164760546153	0.460367175863375
0.168612399745349	0.120566542863774
-0.123463628605843	0.0901807506141279
0.411483836404733	0.322761669319236
-0.0769687894926128	0.0570998570451267
0.13403036302197	0.144205625076669
0.00178686072487584	0.00193724009034958
-0.133279355988024	0.167140330727829
0.0943318515747149	0.0945223143785931
-0.0532438726509872	0.0507140921552111
-0.148547558746168	0.132447380628021
-0.707802897891818	1.23124710788717
0.141625500947158	0.158955152774908
0.249173436101101	0.303062896835186
0.143155835669324	0.0752756161630539
-0.0225285562101729	0.0210293214736933
0.0547248397447512	0.045574451779364
0.306368370827442	0.196197803878684
0.342826534059993	0.319538643490335
-0.252872324468904	0.127405607221184
0.271849471032424	0.213509899760848
1.43287798690679	0.475136223572177
1.95256933090985	0.464168557061862
-0.240192843554859	0.0783619257533514
2.08826346784154	0.942765758491391
0.546968967978503	0.631393199114296
0.696467828124587	0.879103522600198
0.134986889048387	0.0462856031126629
0.4313034338578	0.175795446056529
-0.248394064801994	0.124908170426207
0.426716710995548	0.173213467399165
0.136830459600047	0.0655384176084928
0.0243298730304441	0.0141590390145172
1.31000962917872	0.587023547729711
0.134942268942205	0.0403123831956986
0.132654721583242	0.055593497694963
0.133652625026616	0.0572584197265463
-0.749707900448518	0.266629197702648
0.130755305563244	0.0449465396920763
0.374824850358179	0.167041237407562
0.127786724548058	0.038243739095717
-0.0690541393478211	0.030439598599659
0.541628890063946	0.312110471366698
0.571762685810209	0.550424347020051
-0.138508692217727	0.0984829968543337
0.4857225386276	0.429593794686656
0.159350158492712	0.0980730223157866
-0.355922583647409	0.292045106643797
0.971051497696415	1.05116142117282
0.534006832229243	0.310037673182925
0.698404555612149	0.449613238939547
0.885952171204415	0.476679952045824
0.907754423236206	0.776742862624271
0.272245287591377	0.210847750608708
0.556269247270882	0.4456128707256
0.289027038786665	0.208448006775096
1.94691886555302	1.23049757141814
0.137420997667979	0.0409326259269069
0.767450359480876	0.445924671720583
1.0870957430838	0.819003985167017
-0.40327400408062	0.167869715287407
-0.288394728434737	0.185157085190242
-0.0521897824770269	0.0339407752713786
-0.286693142505087	0.261475671100747
0.331424863459308	0.333409550507353
-1.89084830932805	2.7204088001521
0.847375051823559	0.616585397475913
0.143634190188002	0.0691358678413954
0.394946282524989	0.313944633167569
0.121560755087208	0.0999203501394
0.0458208588377114	0.0365099220772049
0.298872667734663	0.205170077148949
0.607994205496826	0.664862066762518
0.169202749667811	0.123740257225855
0.173394235778293	0.1295469537315
-0.807742677772484	0.629156263586202
0.849780576698173	0.623529260130136
0.0234872247462741	0.0137112346380925
0.128800385405616	0.0497090773739998
1.95338582999428	0.463576578510391
0.142002305590785	0.0803082333474196
0.144333620834693	0.075226895038035
0.148427261010886	0.0842039900790713
0.641203436908402	0.204828865510354
1.05724050906746	0.50252966087584
-0.246045390123551	0.0811323193711411
0.635117856765734	0.200579918716643
0.800227672723986	0.341851244617158
1.29996822162344	0.570401987916053
2.0916792997764	0.947020632233422
-0.160406674189867	0.0589738488213368
-0.410052768598911	0.174313469131536
0.92732486785368	0.24306890205782
0.137716344096337	0.0264356853006178
2.08331214814842	0.931132775442562
2.09341097070047	0.951512192253766
-0.23788425127927	0.0784171557797199
0.141666634051722	0.0357514933011427
2.74531503858304	0.788587032684406
0.648438632712042	0.204895256444076
0.503876995607107	0.183480745946702
0.799168712221924	0.340465651218408
0.127786724548058	0.038243739095717
0.926329332609966	0.245803896301602
0.140365997444261	0.250420477552615
0.53623591339897	1.21780493008224
0.483433290506258	0.914377886652153
-0.101518970974382	0.145043203702513
0.198378747092514	0.250364417311029
-0.10774307301657	0.134065170868444
-0.0264577431800326	0.0317965816532356
0.34035123708244	0.531782548860553
0.376384388753284	0.585659894473318
0.0992879214397806	0.110353611888165
-0.850255085936666	1.5649049510381
0.725641388371619	1.34101579810064
0.64233003247393	1.1771998436975
-0.331933262267599	0.402711325950841
-0.387653867184816	0.469193891105337
-0.741891392392581	1.16694989008135
0.138054910652066	0.135418390409577
-0.0623053716325663	0.0635591946955502
-0.16620717598797	0.204197906294564
0.0520317414862393	0.0610180313403986
-0.0414408070105485	0.0481517396464947
-0.0573633814630367	0.0662498302098925
0.00438383899399177	0.00461155281497862
-0.224743147547171	0.282962186828027
0.484529841141804	0.705543954282211
0.123601553892677	0.134903155389687
0.412066564556509	0.72042667593294
0.661955905665532	1.19214575176592
0.428000926425716	0.552452135175203
0.223283670804028	0.317621209641993
0.580404840456835	0.985662223247329
-0.15153773696984	0.188455821120184
-0.115972468828715	0.120672036318154
0.347952520795211	0.532388206536882
-0.0994999093482033	0.10878347290232
-0.0164459748838421	0.0143943607916788
-0.0697460687019154	0.0674270430389989
0.399935206095644	0.498721998035991
0.335992713173198	0.431679431783945
0.107786774147919	0.102971106544811
0.58587031108483	0.648616992780353
-0.0892325098416599	0.0728131032881025
0.42467955438456	0.29860102764242
0.698895465130576	0.452968143798439
1.26073501187491	0.703010678778448
0.509270177453826	0.181806539089824
-0.0460774356802836	0.0215245181943134
1.01496655409926	0.392016410565643
-0.110876640622088	0.0448924725384674
1.7947052374355	0.701940247969362
0.675641318219284	0.318864643581878
-0.406663506836411	0.17279698026155
-0.246744187489769	0.0819875861942725
0.508781691198075	0.185680235788344
-0.162841987508279	0.0593911034514988
-0.753181884414792	0.264903486950086
0.351453999635813	0.177386144408616
-0.498205495107265	0.261444523514838
0.423315510192861	0.171523923653337
0.360210008615642	0.318129109237867
-0.614386323917022	0.298711515778912
0.137033206871248	0.0343903632230145
0.133502874099665	0.0402503094723903
0.294548354908409	0.867085995892265
0.608578621888489	1.85896372518013
0.193152173784427	0.323232416220822
0.18397325719706	0.347081448338419
0.176027801794576	0.234790456377616
0.342031407639621	0.610145683839215
0.364930600928011	0.882033005192879
0.3222216177044	0.619701969515381
0.196002597078051	0.33868861212026
0.129278184711668	0.188003204864698
-0.287060532255575	0.346098350445722
-0.689607859946147	1.04930607961498
-0.267720056463429	0.389420899010885
0.46692575563966	0.603083662369286
0.0514785863629805	0.0659258607848855
-0.14774147956306	0.209266608124394
0.435735856364882	0.640743023424422
0.550042896750161	1.18317344179137
-0.268529713430255	0.396658664828762
1.19641215235322	2.78142095284353
0.0193535095494438	0.0139621712042384
-0.920490888021058	1.10098557121668
-0.201476674487037	0.214746607349569
-0.11726227896518	0.120747751958918
0.404701518335837	0.608850916540072
-1.29264106999732	1.43859537144782
-0.116310337449263	0.112469494643267
0.333548887379727	0.325844096605984
0.325419543516405	0.19227982697635
0.283969251079411	0.204878114355839
-0.359402611847678	0.32407693270007
-0.675917028661817	0.993262179187861
-0.065774624491514	0.0834920058205158
-0.468422493065656	0.962132954691885
-0.322629686701384	0.293258844991356
-0.632939773779488	0.931933033753013
0.0086072199159113	0.00885561297842088
-0.186888532364587	0.210934445721606
0.557915550748141	0.978152815027369
0.539994995392428	0.631953846234876
4.36918447303607	2.30033320724438
0.00960247323829887	0.00516491959752425
0.620815639060184	0.67771338331825
0.255507967290841	0.319949628505249
-0.41262076034666	0.236642630250595
0.137026016499981	0.0522973104894318
0.372411733240217	0.165579301111008
0.592722120505786	0.311472861936352
0.512050074494105	0.183311074585388
1.79670337293508	0.712109669548487
1.43184622835253	0.479292741706694
3.2493353238897	1.10864834370629
1.79870938672057	0.706124174779807
1.42719460355007	0.477448564652232
2.74438259751335	0.780038400688451
1.42795516831077	0.478570790474717
0.132517398019614	0.0400248322660559
1.95338582999428	0.463576578510391
0.138169594891086	0.0265198668009027
0.925979622549504	0.243736825113843
1.95256933090985	0.464168557061862
0.138547275345784	0.0347818496624983
0.925819939961969	0.242168104656227
1.42395946891673	0.472583961120929
2.0106019620425	1.84771173772036
0.500856724023143	0.180020395614116
-1.1600126841405	0.35529503686347
-3.09216987140428	0.960869115746174
0.142425808142815	0.0356096114179749
0.925979622549504	0.243736825113843
2.08849476509833	0.9440485467898
1.00982540305298	0.385206220726638
1.42692741367696	0.472854481440801
2.74438259751335	0.780038400688451
1.04491520476609	0.506834839144269
0.141168720466643	0.026788068800843
0.0380885652203563	0.0678147992964091
0.0838176978764374	0.128601660297593
0.0465227900312078	0.0662340496335955
0.272904871170619	0.548657917970759
-0.0686108156350471	0.0790735258409895
-0.152476929594639	0.209979537421856
0.0712990263122024	0.0955084812198966
-0.0369628919917881	0.0456489454061177
0.373693643897325	0.653836516247147
-0.129998985092305	0.189026468719691
0.307152670950692	0.444641224031437
-0.36592574501232	0.52377289845522
0.577315205318236	1.11446651137903
-0.0693554587697039	0.0718339706809158
0.0135216230035352	0.0146904099439142
0.332076109957692	0.505387575756975
-0.0773442844744339	0.0884764986131484
0.176732732591621	0.225009751252083
0.174672683048747	0.219199955066652
0.262630247781672	0.362029390998152
0.0624156849285263	0.0524351251627409
-0.818569067662255	1.37413694685421
-0.344028918590867	0.520605835389981
-0.240502515754285	0.322996830373599
-0.0716294584219438	0.0841409899299163
0.0737417110199788	0.0638915048410543
0.0973263931913321	0.10805032227903
1.15440898229421	2.26078966968881
0.11103509051183	0.0870374288958833
0.339551028745937	0.348846579522656
-0.325596189309898	0.380992850858236
-0.171261510961345	0.174702119701782
0.169346717838541	0.203106939422749
-0.399424044077321	0.672074567359597
-0.217924216507772	0.20295424958092
0.340272510582563	0.437838466804606
-0.017927439907461	0.0141415918151631
0.451370989612587	0.680589209236022
0.341602227800722	0.491231504846359
-0.0596743210832756	0.0501237447545772
0.881030097946461	0.466285678956515
-0.105955936266835	0.0426845580298618
0.132867524080742	0.0622947630834605
1.95338582999428	0.463576578510391
0.168203118258089	0.115629381150061
0.368777802515572	0.321887582264007
-0.382070638439279	0.558486384077629
0.159393222159936	0.102946111549543
0.891403138850952	0.478113786028942
-0.500120317126988	0.260761716737547
0.158037676729089	0.0890885020701184
0.128296084606295	0.0384571369192157
0.5052829367669	0.182279638609026
0.134340225825743	0.0459478776911086
0.644195640504139	0.203891935709909
1.43184622835253	0.479292741706694
0.884478566598595	0.906274465848304
0.556969769818165	0.785158268582732
1.95584693887656	0.462330835133922
0.134542642796399	0.0341445690681232
0.137080532436617	0.0260826732150604
1.43108326772595	0.478167346987275
0.137716344096337	0.0264356853006178
-1.80190156331263	0.405310176911618
3.25036486382959	1.10725094810752
1.42616742954426	0.471762089576048
0.140605369101782	0.0351308802058006
0.127312389438946	0.037842433686996
0.888275952279103	0.476698813461602
0.641357308385658	0.45188565796755
-0.102801568888524	0.0411313310114066
0.139073148904902	0.0266055202308437
0.927971507294548	0.243537608899139
1.43184622835253	0.479292741706694
1.95584693887656	0.462330835133922
0.958963130227071	1.25541840283792
2.54483027783621	1.43468379342015
-2.58468514934926	0.681926813759725
1.42822224336494	0.477074019570971
0.63910706673426	0.202016723610545
0.5071360209819	0.183347399230339
-2.58899611685113	0.683672524401667
0.628219348281338	1.93454976745242
0.306891798792308	0.526759290153317
0.116435202864668	0.161053808401524
-0.176279374289076	0.216005764787847
0.529450974244052	0.834808846385652
0.208914710849662	0.289219664073144
0.798899462140434	1.22141236225178
0.597342409359096	1.04344477264406
0.298599881458612	0.36096388241038
0.405339483213882	0.587221243587866
0.0412609397356608	0.0415366380829692
0.363991287084997	0.493879156816404
0.256652689957162	0.267480000983538
0.786091310887357	1.1068823022718
0.728894500430239	0.913589318642142
0.949741262532989	1.52934221860192
0.108767197811189	0.103799443280315
0.197302471132777	0.194038960437862
-0.306866992960113	0.337232881100925
0.287330427587028	0.416218841968503
0.340036446533536	0.486777932809721
-0.542761992311381	1.03951836184181
0.031294322460596	0.0356076903070304
-0.400923598350235	0.582794894731595
-0.532696610073446	0.838077028541406
-0.0874505090125066	0.101495284628384
0.406132257286143	0.66704282963078
0.526386893365463	0.873894616737221
-0.159048324583639	0.188395434014277
0.0439434552177975	0.044495716207957
-0.641883616849486	1.17727126666095
-0.39410583442679	0.562265665894373
-0.200160631285226	0.173716085747345
-0.647123818112114	0.842638918388781
-0.285241037591416	0.315013253608055
0.0776607845676901	0.0679352682784623
0.126173647617311	0.112460986066202
0.545294738927276	0.644867736730468
-0.179032251784341	0.168369146551981
-0.157064704962091	0.12677791638094
-0.166102493899917	0.0944002040526237
-0.174208660804453	0.0630795777353304
0.841542271297119	0.612250810181428
-1.80211551800213	0.40518546889285
-0.602467710655536	0.441833481465011
-0.146393776924747	0.102489370237436
-0.283624488734567	0.299041855285905
0.274325958876086	0.236801717773563
0.443842118305342	0.429167530683616
0.26317682730613	0.223907622094547
0.350421198562845	0.173552928233948
0.128934561205538	0.0551132900204522
0.594684916497053	0.311573640098471
0.158182563408347	0.0967836044850961
0.890705897272587	0.48558707094198
0.596808779327268	0.557378053261201
-0.084003748308673	0.0626997126225725
0.596563387967475	0.741312943735556
1.95338582999428	0.463576578510391
1.95338582999428	0.463576578510391
1.04703881822428	0.509972446965714
2.33157104854634	1.17733567459377
0.504816499640612	0.183371631391463
1.7959287507101	0.710356981550796
0.130491514010977	0.0447267681525709
-0.115102540246308	0.0464062353304709
0.147657628770358	0.0775498170853949
-1.16227469880569	0.355295007054579
0.594031172557104	0.307195920544237
1.2613896808141	0.6963254443582
1.80396686491934	0.697752475420165
0.499677806509618	0.181395612831858
-0.0528054117132933	0.0340821592982375
-0.165917977856602	0.0609706695180494
-1.85057020864953	0.757520792728728
-0.805117667520469	0.540689850428562
-0.539001335022026	0.207686338514741
-3.46924124245495	1.26110671680306
1.0127751373005	0.389769011989825
0.947970154457739	2.62791155706063
0.212777791677084	0.252509495902964
0.295203723057029	0.398740562907715
0.425650144489748	0.51724043757875
0.428050693921316	0.519352528870972
0.502078288079761	0.625468028345787
0.416268028362187	0.314421351789908
0.954285951499637	1.16730004231142
0.937559900417662	1.31611661430301
0.175964938701392	0.131663520489331
0.635388823454679	1.15727396065983
0.68648809901582	0.863215539143124
0.506342569191792	0.522933646471511
0.603950365244883	0.570039947617193
2.39759516017396	2.03774193095893
0.297249588165789	0.192256939957108
0.620152634870264	0.76397817576603
0.140619941242245	0.0740549179488948
-0.584116591229855	0.657011127795729
0.265569858857995	0.317146143558098
-0.0781408789806983	0.0992776670344686
-0.33707513810103	0.52811691448985
-0.224066258825612	0.317298209421129
-0.0289711005668227	0.0248937775945664
-0.0421232213222453	0.0324030322125665
0.0280607827290325	0.0318059773267995
-0.0354895910860747	0.0348114679407741
0.504930094149032	0.872329518507702
-0.0250222997929959	0.0288446151298353
-0.13871043592985	0.211014749645405
-0.673120400183321	1.46666496929983
-0.243172061154429	0.28086316451343
-0.557841873774913	0.470011074902417
0.134176100343271	0.0517130992440637
-0.495652759245862	0.671240947494772
0.260418822165933	0.2950871939952
1.06666262379903	1.33697677513797
-0.0692722380357577	0.0444999573734281
-0.91050142908999	0.845288997127387
-0.716612915617878	0.692378126847296
-1.84635936125413	0.772831105281446
0.925335174824177	0.243267565805426
0.139073148904902	0.0266055202308437
-0.110365838315129	0.0444253483088259
-1.80190156331263	0.405310176911618
-0.92071173959916	0.772321918926989
0.333169947600183	0.184337464662671
0.413263018250415	0.314968136571876
-0.328995155251218	0.342673721267336
0.24673928356307	0.250522959534115
0.0813627608683071	0.0594884322186238
0.0521204047900635	0.0434799063494181
0.950155566460866	0.631159114442734
0.783983525914713	0.468544087382068
0.470842880236637	0.432324897346007
0.460484977255146	0.304538847974012
0.0725012528782799	0.0487086243734475
-0.0918786653853297	0.0569457233108772
0.894026110682638	0.483621637116731
0.137716344096337	0.0264356853006178
1.31303880316999	0.56847483104475
0.947822728597768	0.640240958650982
0.527776725330496	0.299321304775352
0.135005321203398	0.0699179875213942
-0.194841545730325	0.104389655596893
0.716090983833973	0.585203585838429
0.49269463643653	0.310105904338083
0.595439417241003	0.311940942098591
-0.4175625110447	0.238471362448274
0.595061610902337	0.312877249550697
1.01416833560208	0.381091797768648
0.594684916497053	0.311573640098471
1.01005776396623	0.384301698232896
0.42361228733768	0.169820870590681
0.455093137742595	0.30705912882805
0.798257089708126	0.336539056056745
1.38522346232442	1.06464044495059
1.06409156663105	0.632159632141305
-0.799109388468008	0.439121893922092
0.508537530559089	0.182163812136398
1.04762263326671	0.514085617901239
0.128231952882552	0.049380865923928
-0.757176758777045	0.260082066782105
1.29213563836517	4.06035664419306
0.502530384335352	0.787617335812422
0.224268769164526	0.309511737935748
0.0514324931182068	0.0479258431444265
0.577951506177832	0.896745880063095
1.17385893203398	2.82796221860669
1.08870423687306	1.46201112836906
0.183088931670927	0.146597868830756
1.28153846581422	2.01135629229558
0.843291710666725	1.33084809111284
1.19100272866975	2.58547144502724
0.340580334204633	0.448373576056988
0.577860128581759	0.654187545954873
1.21684192718089	1.71082827221214
0.437114908174765	0.313882602387052
0.879426516237904	0.890287776993154
0.784110105596214	0.938703407582849
0.133655624742305	0.0633941992877302
-0.110585560173355	0.0905023345274885
0.48131407642118	0.709256979567425
0.177143724214271	0.244263480969137
-0.176246571635874	0.273005794555719
0.325559723850177	0.505239065246209
-0.142307063785725	0.135960608598079
0.265767661996873	0.242665212709427
0.0682842896429336	0.0785267444761788
-0.580765835840665	0.968409616927029
-0.137805266076751	0.171399568659271
0.376676805116386	0.687659729517691
-0.173205684653439	0.271153004384642
-0.298558273507264	0.439258832060665
0.0366456335973334	0.0375183409011901
-0.301609825573903	0.222089806671005
1.04643772215065	0.514195401679448
-0.210094994678693	0.224022933075622
-0.258741578448854	0.302394843690783
0.161134195292539	0.102963462367686
0.69619756416652	0.704175002393194
1.01470807461835	0.953582048266503
0.406889616098305	0.411050863544612
0.675310354565511	0.317820710948733
-0.368734126017043	0.108489275130813
-0.650318276706871	0.160755761640221
0.429430403324828	0.174308914564631
0.135568968576203	0.0339891491304889
-0.406064318971759	0.286510373265804
1.34973473921919	1.22956310511288
0.361791265091577	0.320397594168989
0.109178770009304	0.0887338513655821
0.0762864914112268	0.0697192787900941
0.405980717284067	0.320072672552418
0.4533181260394	0.409240044462299
0.771648268369183	0.6052014030794
0.269006921427062	0.210783253918574
0.134073230654708	0.0460155036809627
0.462859647281982	0.312821036878205
-0.906847556278779	0.847687258850123
0.148878441835777	0.0786343665565486
1.07397484779995	0.663192390518348
0.45680180286263	0.414879967638579
0.703112735054789	0.897934229371322
-0.0866829151294872	0.0641818479618613
0.2609145610846	0.231001570697809
0.171212029730539	0.122934432390071
0.146573336836361	0.0772009140785472
0.0835143162453266	0.0604616416057187
0.929020853400311	0.244303524147299
-3.09280325935961	0.972693856185307
1.22054454646895	0.991085112215812
0.136174499395106	0.0402058114068659
0.70106341335118	0.444900636150394
-0.547626901220228	0.4638989161857
-0.122332074320863	0.0733186240645821
-0.00722653232532277	0.00379920364972207
-0.156023762772061	0.0887481392935643
-0.243241014092852	0.0808370662671502
-0.0796775637098002	0.034588258075646
0.429096012698973	0.305615600160249
-2.30115109915387	1.19044958617643
0.942968167740113	0.629487013339937
-0.242088249126681	0.0799235848381177
-0.165029630388723	0.0604405571991372
2.1206376781095	1.45100832282818
0.814251110772379	0.332900744319481
0.861869729992479	2.96214491710127
1.29423521389899	4.40207988957526
0.254821635797275	0.400444698472203
0.5189575836799	0.890022157425961
0.29763465007399	0.408607441588518
-0.0561106648240936	0.0610398521835197
0.389854159806098	0.413758229974383
0.320868373960708	0.334915689595139
1.03526422022311	1.48865455935342
-0.422749557076061	0.434601559598652
0.44786393970307	0.608540109174454
0.362027269385856	0.433468476506922
1.09201009062182	1.97282778126485
1.27888282873003	2.09609574533066
-0.307262785013594	0.222398071264453
0.407151661053389	0.42810800493074
1.46387343266071	2.07390190162826
0.156765086102048	0.101244650518697
0.0450413360659557	0.0357984250549351
-0.584180183560961	0.931432079340523
0.224180911498644	0.361605718535111
0.292980495580649	0.506099799037146
-0.214618289968826	0.288075976312578
0.682761045479022	1.03273704219801
-0.419275474603909	0.428891137424688
-0.00607354528611966	0.00639126572958585
-1.20547305961542	2.56032446812916
-0.168929340087034	0.218541709988316
-0.229157472703109	0.359094244153452
-0.490777627737007	1.09772651848154
0.231167778414873	0.334328544208821
0.46227419354068	0.668047616821108
-0.656334625527222	0.677824801443882
1.21919936765798	1.45145056128736
-0.110470615404564	0.0991392429749603
0.341211314378487	0.403179505102745
-0.110085822812387	0.0807231073268014
0.918973743227533	1.21701140414243
0.300494652612284	0.193566387464928
-0.237683471097223	0.155911429874998
0.131840291729838	0.0504482683760295
1.42719460355007	0.477448564652232
0.137790482671227	0.0349173015404508
0.498736731149331	0.179281907261331
-3.47073410037615	1.25961524031716
0.893898530128521	0.767668958820044
-0.0391028280978548	0.0184276894446057
0.246394444848431	0.213265514587749
0.265795383619573	0.248623947430312
0.103629624717324	0.0826576150660857
0.164731186308916	0.111702609943106
0.394423569169933	0.311681549432206
0.151171676822424	0.0856432343083101
-0.041701189483626	0.0200088546579432
-0.31518855263506	0.145872225877924
0.982622861252878	0.795959850783079
0.528601250220705	0.301554244376192
0.271998824808741	0.214223876492175
-0.0433366154698189	0.0205395838816439
0.600637759822684	0.452760532034838
0.891573521372893	0.754666729114094
1.01520360297676	0.386582739475358
-0.182799318058548	0.145928496780219
0.158830780327248	0.0974619271323369
-1.81734699774061	2.86118318006088
-0.804278161065055	0.824246790615313
-0.205227370329325	0.139472869309474
0.532493688754885	0.436711350136741
-0.149994999936456	0.120073894343827
0.163720947222756	0.123795762626368
0.303738096218772	0.181140907187728
0.64519752559114	0.205734411961475
2.74531503858304	0.788587032684406
-0.315965553735581	0.146873211041939
0.147241930529402	0.0702315118293276
0.140021318652871	0.0676926869719086
1.30581051293515	0.583204526982758
-0.254261494115064	0.1269213610525
0.299989290918224	0.176153893462415
0.143016041734358	0.0739945657650773
0.278852544590263	0.211516252100211
0.428518317050907	0.174046878111496
0.779813603745428	0.466222991022358
-0.252447412843261	0.1281387249355
2.73657541338312	1.65580860872708
0.707610566875448	0.454060452085054
0.303393071449003	0.195240632203338
-0.200088466427853	0.106776429544484
-0.419660150651031	0.237653860789257
-0.204801322046003	0.110368343672947
0.384509989658748	0.174899135225633
1.30254395558294	0.573188775529332
1.79971117079625	0.713547256095307
0.350558945674384	0.176223031181432
1.25861395177752	0.69554127145935
0.432818540013999	0.176395167801005
-1.54109898628274	0.564008735008191
0.132755613913402	0.0400087413766842
1.49682283039629	6.69503939104488
0.998679890195562	3.1422019321541
0.790722962251832	2.46395262971055
1.05923012722966	2.58179279558601
0.752084217754068	1.65161482222374
0.634320382534719	1.29363250171462
0.640945451561947	0.760936842252515
0.643585077317424	0.773946070142756
0.532228727095456	0.545607296418567
0.640466694676824	1.00735639370052
0.932574588775271	2.08739846864143
0.667618122711248	1.01786416219577
0.967122384465082	1.46330338022708
0.635431084986515	0.669920035570733
1.53171916991553	1.28887409884122
0.080989743003653	0.0569930904855413
0.613824531421626	0.746545973972125
0.745135140753689	0.720246856812517
-0.223839119760755	0.236363496979494
0.432593715978797	0.838960184106265
-0.0789774594697411	0.111526976009444
0.315578326765178	0.576745930386734
-0.0940003533479163	0.12296134002462
-0.387467271085523	0.51050424230576
-0.400963356909369	0.461222917742254
0.193876133511626	0.29433108956675
-0.303788651178653	0.417839111555065
-0.0735861217938259	0.0947855511285736
0.164238231247542	0.280585316193877
-0.0553283107292653	0.0821424506370436
-0.324201696918745	0.50552854307967
-0.0669978417567956	0.0707173918366382
-0.17439635469802	0.122212436693818
-0.241465981240664	0.159327693105783
0.327779063789971	0.451679237411715
-0.141832854100545	0.154209019286367
-0.967443342642152	1.03082768466414
-0.0929652322813379	0.067620538324467
0.154499951229813	0.0928487283310559
-0.237449899318001	0.156833667532809
-1.46816866525618	1.29048309741985
-0.758903093547503	0.265752003191917
1.42898338960615	0.478193832396807
2.7462498006239	0.778261278020301
-0.211207663222867	0.144555931833914
-0.408083688675232	0.284100383626643
-0.846543936654665	1.09127196922165
0.190779516165991	0.171232093883519
0.817094343505342	1.14444079978478
0.351718062960596	0.302671615053585
0.250578611389571	0.261929401052885
0.117492253724274	0.100944505522346
-0.198381764873983	0.171861241179621
0.165948329071403	0.113338053908851
0.168970094057729	0.126263377693274
0.526575405148961	0.440290461015165
0.00252155947894874	0.0014461571481751
0.633476515496531	0.575653464476503
0.560868835003401	0.448903243628011
0.780834022342611	0.745038627508743
1.21806731533849	1.3449551529396
0.391291150382482	0.30597426013038
0.467569498914659	0.433951754686096
0.530662696909179	0.44372594818342
0.508081388675797	0.18525425523165
-0.523630975206031	0.491793124192959
-0.129360933495159	0.0938268426190195
0.143163697564679	0.0687053497165093
0.0240998236407354	0.0183696451073314
0.42925154538655	0.428774563610836
-0.0724951680912482	0.0613704914974051
-0.0302784791823575	0.0203024046470438
-0.400728909135547	0.384600644231062
0.164892025541045	0.110852049482209
0.567632157996056	0.449847212568633
-0.0649722598375185	0.0494384013029229
-0.239906771942467	0.237678360329619
0.0314972491166596	0.0275821683784761
0.281911379319176	0.213286068411189
0.163163460125841	0.115337973427021
0.595061610902337	0.312877249550697
0.0000928194436524126	0.000203379557744103
-0.0122908379864123	0.0062400268992262
-0.247688428186081	0.0823916105388393
-0.168107670861975	0.0611894191219251
-1.11537553780535	0.754462042664287
-0.913796995297037	0.767750249748803
-0.515673243126232	0.39417908142816
-0.0160079264645362	0.00818460214550859
0.512043780930634	0.527497046538646
-0.11195406573086	0.065997105172258
-0.0694592305706132	0.0303558473150154
-0.250693431367768	0.125990390052136
0.138704454630972	0.0658452171483433
1.2495896613151	0.831834248982574
0.496692907936748	0.30943170333651
0.326155933316882	0.181027092074075
0.701018834486638	0.45882024685933
0.6383928211949	0.445436280979806
0.988531653198373	0.805944460469629
0.32134013851566	0.173053228062803
-0.408689541341925	0.171260502542269
1.44696999239846	8.06561107166045
1.47554329672778	5.89359691959929
0.603518591791745	1.493631437152
0.718555099002077	1.40952861764581
0.343562869287401	0.47397241435538
0.39342581223809	0.631373442353518
0.142157124953584	0.131370676736895
0.964745109464821	1.63544191251844
1.18573032532297	2.10902648620198
0.25620524121573	0.2777326806064
0.973309840355023	2.52466663596045
0.610421326757239	0.996460348121557
1.17403795073883	2.06877762150582
0.644384777833119	0.827759297108516
1.52080585823763	1.82168330112724
2.01072212912994	3.58144748685264
0.556614839463098	0.708626448728831
0.174917665413796	0.135711662911414
0.355861226330063	0.420939481281005
0.698133603651286	1.19361156154069
-0.0223336057160082	0.0285542794964496
0.0665082847411973	0.092353288747052
0.181949188662963	0.266433135379169
0.79586975942109	1.45438604363179
0.39165094809627	0.533513469748797
-0.11218411052258	0.153604275214849
0.328024018785554	0.564524424742959
-0.150539619907613	0.191924422823315
-0.186372391675895	0.29104931911345
-0.639397546423256	1.57091560246513
-0.294246495724373	0.482419548714332
-0.0697629274451113	0.07746502670349
1.61414177283183	2.04145038471251
0.291861514814705	0.211328153230663
-0.00795248885112579	0.00827964216525775
0.158497209500744	0.174736160533296
0.488186696097392	0.435153057171882
-0.876978678298875	0.956106460707992
0.408471402163826	0.309908643816044
0.286306638529736	0.206873998379704
-1.50571108094346	0.776897990755576
0.138618353811657	0.0265211219118666
0.926329332609966	0.245803896301602
0.800227672723986	0.341851244617158
-0.658392610848039	0.158453435017864
1.52395672634174	1.81352163213833
0.528669765863141	0.301536719337302
0.550664544666128	0.539943226261088
0.466047668442539	0.431916008518951
0.317244031919165	0.332775148268514
-0.868291052076201	1.01315182157454
-0.897613117209822	1.26176989707744
-0.99188383035594	1.27135368596627
0.139964839890817	0.127212389421976
0.263245986564935	0.23017649168129
0.00187842086723144	0.00127236627853656
0.329211867601554	0.183184981108425
0.422620459202167	0.163832883630939
0.938896732194389	0.628799989348147
0.320832889750077	0.176435395580783
1.61207780403113	1.12273085327157
0.162702563200181	0.106536594243501
-0.094825529918831	0.0592201788927785
0.147604098774072	0.0704825376507349
0.890501375984746	0.746769247390148
0.668460246123932	0.581356144789289
0.0909783408776362	0.0663108964769916
0.967718232884078	1.06387975975628
-0.0550847630239455	0.0413668494630924
0.452556099716514	0.432700641592353
-0.951643504055385	1.09743902616802
-0.113018210066084	0.0812778633678983
0.595200311768645	0.310798207902781
-0.101067618907952	0.0842320263095934
-0.0495987881213742	0.0415934337296909
-0.0254551391516601	0.0217297113191209
-0.0979752952805443	0.0725504371276664
0.0630717330863191	0.0435914027863924
0.682284959510964	0.672869701697899
0.151671748725958	0.0864977989538495
0.640629254513448	0.448541696410091
0.0347610123650334	0.0200184099885085
-0.804412182532773	0.612813737154235
0.700069332785973	0.540162882600968
2.74438259751335	0.780038400688451
0.679254565734664	0.317559247724743
-0.0713229534329393	0.0316305852915741
0.486688709034924	0.298303482684326
0.385049004837606	0.17461081850334
0.856800014053332	0.625670788266355
-0.398767358844543	0.270419904470595
0.150693249022238	0.0924974705147837
-0.340919436977661	0.240198320306878
1.25141463596281	0.6798610149608
0.149965496557184	0.0783200271456688
0.591022301534505	0.305173976290951
-0.541486546335587	0.211448846736342
0.882804983223738	0.466870714210755
0.435954664450339	0.315592862897523
0.129576970372072	0.0440312204196401
-0.625574426507087	0.301010695945591
-1.73530175810845	1.46319861513076
0.131769780715528	0.0397831026994758
-0.156008946452485	0.0889856705139974
0.137896063531202	0.0531619810144832
0.642202725024316	0.20486814652215
0.766989108857077	0.58774242103147
0.351899265998224	0.177155337157001
1.01254068844739	0.386785712184281
-0.374504096873756	0.109063507862746
0.925335174824177	0.243267565805426
0.348192550419542	0.176204276959526
1.42898338960615	0.478193832396807
0.699717081861761	2.14976630656977
0.289312874392019	0.604102293713843
0.412552264803154	0.80965387566731
-0.00489038735368521	0.0054128639720755
0.549523897988041	1.32407286068581
-0.235766881104911	0.391257031796906
0.483065157475487	0.844396062174163
0.648709089224902	0.920992281034634
0.822724099678945	1.7735071482533
0.0822711511101969	0.0869993992969725
-0.097972521269409	0.0944122472600317
-0.590086339690915	0.933021362386652
-0.0672122386066526	0.0765054144482916
0.259345014598898	0.423452106076176
0.241029906435943	0.389310789955845
-0.140433198114983	0.20824029703888
0.00916675485582953	0.0103743272513121
-0.20582762778055	0.266003612357719
-0.0178539306056131	0.0168161408979768
0.0504180291372269	0.054990318786194
0.0395268116546886	0.0493541111525509
0.0450916606435909	0.0541946871096474
-0.482292586416512	0.782599370804157
0.043742056645081	0.0498899449346141
-0.0399948791762207	0.0419697210295571
0.125243783781037	0.153503803922941
-0.160885617161869	0.169069166197912
0.362408199413745	0.433550082641898
0.465102966441812	0.771132180450351
-0.0944846958399084	0.107549581758025
-0.00838375087225102	0.00655098317394803
-0.0145126139578296	0.0114687462954937
0.272460454530061	0.248315489983812
0.26130737708986	0.232909454960235
-0.324413198642292	0.150873461232606
-0.371195854454092	0.109335251451445
1.95584693887656	0.462330835133922
-0.195413257229373	0.104987279400475
0.138618353811657	0.0265211219118666
0.262553143212171	0.209200994941334
0.731996769703908	0.710182924530384
0.335722363663944	0.32477707697597
0.434092353806468	0.425557611209787
0.272555282625556	0.22273957360569
-0.4175625110447	0.238471362448274
-0.0389353267411991	0.025915786597298
-1.2466902867747	0.925530793833843
-0.0718150025706929	0.0318713616421324
0.490539166270532	0.304780488694151
1.5547361689204	0.769495388984206
0.345027159511148	0.171984326047021
1.24012098320504	0.859992788968831
0.457635897764625	0.421815022388654
-0.0329870698890614	0.022169110043729
-0.439767044099774	0.387343995455979
-1.49379352364737	2.04379435236219
0.0729341106186437	0.0515828500180277
-0.410311303283152	0.28734331648465
-0.806834522183001	0.63042987441443
-0.105278110701115	0.0646085256910999
0.840271494655817	0.739780937585984
-1.53427892099985	1.73749343103293
-0.718205001385667	0.73541689837401
-0.266134012158917	0.202473899208324
0.273562617420607	0.25753793985491
0.173241826123944	0.137865683293275
0.0927583478637881	0.0734955077028816
0.0102988668341998	0.00745881718246385
-0.327421586545435	0.29698442758799
-0.85903096314465	1.09577854642581
-0.740710306933322	0.831748575248358
0.149721356748208	0.0957747820763262
0.168456244218778	0.124921456499329
-0.250295078008728	0.213431108555194
0.262359444186628	0.252729540637416
-0.292019209975056	0.186084141398986
0.144112723234728	0.0692457291350753
-0.0376880701350831	0.0179760352940175
0.291795898682127	0.185079457537441
-0.669009207304172	0.393438956392897
0.582933835078035	0.72726130137794
0.922124936246008	0.243516971274684
0.639433294916704	0.204223062388441
0.927971507294548	0.243537608899139
0.67498020267354	0.313009100734809
-0.161924550637959	0.0595326272869975
-0.68724324113083	0.857649753192309
-0.0657782654535317	0.0289302162377653
-0.302194979192255	0.223943491898585
0.174397680388852	0.143586044407516
0.133264717489137	0.0398651258030508
0.130755305563244	0.0449465396920763
0.538505243868514	0.309568301549242
0.800731449974192	0.3425296464443
-0.241140128574617	0.0795260112898711
0.638661759222662	0.201540571310924
0.130491514010977	0.0447267681525709
0.134851728763608	0.0510641496216592
-0.078692553349353	0.0342858814560717
0.428825611450252	0.174366674929911
0.491763051272137	0.306320472697073
-0.319653077990966	0.147588845989263
0.38028922997406	0.171691890692594
0.933076756306565	0.606005948387525
0.138547275345784	0.0347818496624983
-0.537244494096108	0.209199262988428
-2.09051641699184	0.975356223053455
-4.22817245099253	2.03267637872746
-0.0700406420559371	0.0306447574180844
0.354726703313101	0.176191992429071
0.644195640504139	0.203891935709909
0.131405301493996	0.0450882414222608
3.25318829374075	1.10976895754928
1.79670337293508	0.712109669548487
0.124357802468054	0.0418831230942096
0.203168024810103	0.286381419385954
0.176248309094609	0.222418369477347
-0.713316572321552	1.23325325188216
-0.417191977666806	0.565161731109127
0.631359801601955	0.97901325625976
1.09325853112567	2.16122556211804
0.258039732298235	0.257662834662225
0.0223990515934275	0.0185038670449596
0.198254163623366	0.211745278702963
0.72252854313939	0.893664702735475
-0.156640067406803	0.136798746717307
0.317244031919165	0.332775148268514
-0.671257009226134	1.01349092745949
0.820850386976068	1.06239734255611
0.407596462610101	0.497841957545251
-0.187269866040985	0.186471717335631
-0.0597359184260963	0.045166887147013
-0.439815265878771	0.383874951868881
0.0145306131533539	0.0105167157790604
-0.386258466381065	0.398575079981351
-0.116640609007932	0.096064516015761
0.302453869520254	0.193492157948502
0.859588642071398	0.99099360897362
0.00428193451592123	0.0032048252817277
0.00973745536582784	0.00705590237179165
0.270893556727191	0.232900152989968
-0.151594145363349	0.0862828485993544
-0.75764483463941	0.979437045125009
0.17205879705823	0.132538321735774
-0.322595922599175	0.265183497901166
-0.735474668906917	0.823737646741114
-0.231468058738756	0.178437018075344
0.774383047852354	0.45530761426009
0.131769780715528	0.0397831026994758
1.95338582999428	0.463576578510391
0.802747172690907	0.339306669845037
0.149331622911852	0.0788356696126062
1.0127751373005	0.389769011989825
1.77048767675009	2.49957735504219
0.695361718781914	0.446774433753859
0.93707844155692	0.627325173894209
0.424226378335166	0.171786795043042
-0.160352317233932	0.0576968438175349
0.532687372345494	0.307701738631162
0.303393071449003	0.195240632203338
-1.00777158163528	0.496584153298184
1.42692741367696	0.472854481440801
0.134942268942205	0.0403123831956986
1.42395946891673	0.472583961120929
0.925979622549504	0.243736825113843
0.127312389438946	0.037842433686996
-0.371729277964481	0.109124865696984
1.80171542630451	0.706040065289216
0.141622879212106	0.0613794438926938
1.44616845787182	0.902399080424598
0.899759179001215	0.77566451466542
0.845416386150279	0.600945344479646
0.144353038759108	0.0759077980652934
1.25804516449605	0.701846958196435
-0.416657794052755	0.236316988229636
0.288362106586874	0.193791967413486
0.152377028199954	0.079614844747681
-0.204801322046003	0.110368343672947
0.351453999635813	0.177386144408616
1.08318680601076	0.659158498179406
-0.596002801470037	0.433010772220098
-0.244190797351914	0.0812410173227275
-1.84610423045024	0.772015626597942
0.131708715990167	0.0395807956970691
-0.241840209542203	0.080476940077082
0.130724970298542	0.0390457878767985
0.128463635326266	0.0493757620403598
0.429430403324828	0.174308914564631
-0.0672410236610363	0.0289318198471722
0.888326045471989	0.75065844616471
-0.119482404314862	0.0475944941325368
0.326117656293957	0.177661408328668
-0.0349493905985649	0.016681140732564
-0.0465575062430076	0.022012186435937
-0.792002188780058	0.351038609125196
0.0250787408284466	0.0144665508404782
0.166543175428458	0.107725499454491
0.280657349072738	0.189466102616718
1.26447162386137	0.675277241979975
-0.157009173639413	0.0570740867319647
2.09242869183638	0.949346787975783
1.95256933090985	0.464168557061862
-0.242788883618067	0.0808805347641532
0.299295487174327	0.205582517140924
0.642202725024316	0.20486814652215
-1.80190156331263	0.405310176911618
0.930671315320304	0.244899140334393
0.926329332609966	0.245803896301602
-3.09739452059542	0.972553736075869
3.2493353238897	1.10864834370629
0.137790482671227	0.0349173015404508
-3.09739452059542	0.972553736075869
-0.416646943731306	0.238040746846936
-1.54462112347851	0.558792637671358
0.507836883903904	0.183767118983846
-0.416557589666579	0.237869725450522
1.01155779435024	0.385777953603479
0.926974875419701	0.246284209674963
1.95256933090985	0.464168557061862
2.74531503858304	0.788587032684406
0.138169594891086	0.0265198668009027
0.138169594891086	0.0265198668009027
0.929670085417592	0.244778423912617
0.380830520088272	0.171419819096383
-3.09343711568729	0.972052225554497
0.64542681911787	0.206101967608227
1.95338582999428	0.463576578510391
-0.372967191440885	0.109879462987979
2.74438259751335	0.780038400688451
0.139847419253076	0.0352678773972538
-0.655163635992096	0.160369482742199
-1.54033413653663	0.562613885619299
0.800473766880362	0.337564218889536
0.926329332609966	0.245803896301602
-2.58513149511835	0.689509113042442
3.24830720791551	1.09477551568481
2.7489176254429	0.781882431670721
1.95338582999428	0.463576578510391
1.95584693887656	0.462330835133922
1.95256933090985	0.464168557061862
0.198979331808025	0.19162229187863
0.430129863568401	0.512427913461082
1.68532518806183	3.24680184764766
0.410927586380372	0.421621483435593
0.495018307688429	0.615416383933003
0.160242349815353	0.104611856208662
-0.80256633309364	0.620118039839744
0.152107339160731	0.0866374343202261
0.284464764624763	0.201107723179947
-1.02701524057176	0.931504692829323
-0.458639526182057	0.359096106259712
0.396625878308021	0.315890325858656
-0.196335911318024	0.131784006700685
-1.55253420712731	2.31325263640253
0.149121026805875	0.0901650804670343
-0.441145028885793	0.388484033733708
-1.08216859414741	1.13993651517179
-0.14467592196656	0.117272434455557
0.376242666211588	0.319708346853924
-0.803133155994979	0.705393518186764
0.318236817408469	0.191353016828335
1.05474288164551	1.23579421084599
-0.809606076247527	0.5401320843643
-0.347459799999548	0.21064080479158
-0.806498621050259	0.540517024777795
-1.95068122243904	1.92082860056977
0.38640647592542	0.172363181537574
-1.56639057102908	1.49176883745766
0.327393679905629	0.181216563893343
-0.451364058927495	0.353015894563918
0.295925913498591	0.190083427871875
-3.26317229145982	2.94143488148236
0.535758455932505	0.307863275100041
2.5403593823994	1.4201329345157
1.04853061351236	0.513497604131398
0.640658905761581	0.203950748563405
0.131903202912038	0.0566434486200385
0.14098133308563	0.0605628020972608
-0.37705103334154	0.111772840936855
1.7999374187146	0.711558267279855
0.50457577546401	0.182045166120913
0.925979622549504	0.243736825113843
0.138169594891086	0.0265198668009027
1.95256933090985	0.464168557061862
2.74531503858304	0.788587032684406
1.95584693887656	0.462330835133922
0.426116716852576	0.171400059493789
0.500618029906439	0.182017934068643
0.135931489053765	0.0651430087437291
1.77164797060717	0.951838829806641
-1.16718865379534	0.351984536036533
0.138547275345784	0.0347818496624983
-0.0709135803836853	0.0314601090791741
1.04675762974469	0.509098298349181
0.685329995844403	0.317573720545215
0.800227672723986	0.341851244617158
-1.29737770341506	0.597045648006494
-0.504595018871555	0.266946512375652
-1.16501672782279	0.357025208830094
0.423008357220325	0.170996116997491
-2.58513149511835	0.689509113042442
3.62062366405083	1.43326252584705
1.0157137322373	0.387976380499905
0.64342341463051	0.205691875654135
0.392051133148837	0.174048997062589
1.00659170771323	0.383129425199669
-0.243489732986148	0.0812398100864258
0.428518317050907	0.174046878111496
-0.651469596498525	0.158623372365254
0.925979622549504	0.243736825113843
1.95584693887656	0.462330835133922
0.141666634051722	0.0357514933011427
1.55479791616394	0.782861546376213
1.45035667956304	0.893387919162496
1.95338582999428	0.463576578510391
1.95584693887656	0.462330835133922
0.926974875419701	0.246284209674963
0.137790482671227	0.0349173015404508
-2.58513149511835	0.689509113042442
0.138169594891086	0.0265198668009027
-1.54160829876422	0.55434455678103
-0.649677393302236	0.159121336474823
0.127312389438946	0.037842433686996
-2.0953884382881	0.976610062929474
0.138169594891086	0.0265198668009027
2.74438259751335	0.780038400688451
1.95256933090985	0.464168557061862
0.927971507294548	0.243537608899139
1.95256933090985	0.464168557061862
2.7489176254429	0.781882431670721
0.138169594891086	0.0265198668009027
0.926329332609966	0.245803896301602
2.74438259751335	0.780038400688451
0.92732486785368	0.24306890205782
0.922124936246008	0.243516971274684
2.54548136986112	1.437906267709
1.79063227897974	0.701853790205257
1.95256933090985	0.464168557061862
0.134526944690639	0.0258144647389653
0.139576085242422	0.0352987079074651
1.95338582999428	0.463576578510391
2.75160033023002	0.768358222418302
0.141168720466643	0.026788068800843
1.95256933090985	0.464168557061862
-1.80190156331263	0.405310176911618
-1.80211551800213	0.40518546889285
1.95584693887656	0.462330835133922
-1.80583314024352	0.404036831265938
0.133621657798323	0.0257280473816019
1.95256933090985	0.464168557061862
1.95584693887656	0.462330835133922
0.415151692812696	1.31825272539659
0.56194960533109	1.75658370192628
0.164916483115405	0.284761871087574
0.83934157606333	2.6304084342336
0.510799736247675	1.11759024814025
0.0467551522024527	0.061047957059763
0.896070794388565	2.1175438694768
0.76753202613784	2.21734574809049
0.746141072861697	1.79208858168199
0.463339638283175	0.904531442498263
-0.13314985835053	0.179721373310847
0.117617776666631	0.15246114667366
0.168825645881925	0.222861703176638
0.670391898079922	1.10209328407708
-0.62537360349807	0.853569306635644
0.0537296415046263	0.0607395215685338
0.399202350622097	0.642689875822703
0.377130957934908	0.562790798880631
0.546310546239848	0.625306112898563
0.538365105439687	0.806700984456163
0.195316189704648	0.196752872071713
-0.530418082737229	0.497565631717929
0.432837740872635	0.506081997382596
-0.0299374881293574	0.0230054643122712
0.149928948906527	0.181258430404803
0.147304491491231	0.181009163594421
0.33019534840958	0.446965218409616
0.466970106438123	0.511795471633778
-0.311902006365033	0.362089135704161
0.284693783822674	0.391089261351589
-0.0273124286667117	0.0267425776406357
0.624718043916465	0.91414238582752
0.503876995607107	0.183480745946702
0.710143925457328	1.11029114873997
-0.403191509375859	0.360704656832548
0.890358361904575	0.483863449958916
1.75952844625861	0.990113077146636
0.505755132156118	0.18204282627756
-0.169623487855993	0.0621362492988738
-0.11161928619506	0.0447980855545616
0.152897859159016	0.088198387243042
0.183637267471985	0.163455919589334
-0.808491572156971	0.442910243135367
0.140165832766063	0.0737833922649689
-0.839384838783658	1.06584568222037
-0.594969647752411	0.835578245966899
-0.291733520669134	0.246689842165333
0.326578424980011	0.18124398231236
0.262343763463445	0.227442268615198
0.0859901728561492	0.0621284131586649
-0.105928556106085	0.0962899939491946
-0.249226434482603	0.210712491717401
-0.377233884229361	0.333852375428886
-0.135065810233107	0.121414433651406
-0.265590020834679	0.201679378967627
-1.54033413653663	0.562613885619299
-1.85619144295401	1.18063310930499
-0.240907189293576	0.0785608979908774
0.630001574092455	0.436198411211565
0.0391961052210358	0.0239019673636558
-0.427465864307943	0.488998576065962
0.670531652428068	0.759425766641919
-0.558012676367743	0.358733362337889
-0.927233044578796	1.12218977692779
-1.43368145533036	2.09846843166018
0.889192283439475	0.7488933739556
0.00178553382061879	0.00143469325643632
1.60465353541534	1.1102799283727
0.138169594891086	0.0265198668009027
0.644195640504139	0.203891935709909
0.138169594891086	0.0265198668009027
0.138169594891086	0.0265198668009027
1.01496655409926	0.392016410565643
-0.649677393302236	0.159121336474823
-3.47400814940775	1.26328835340161
-2.58513149511835	0.689509113042442
0.640204384260695	0.202440736609696
0.877994458717387	0.899396512379771
0.592036755943688	0.439228755330472
-1.30152218159531	0.600761901527298
-0.63231146115896	0.752190638233368
0.126486414676472	0.0372569657578064
0.697990649915793	0.452062259096499
0.461091305131143	0.498616188814718
0.530457639608259	0.30362010470355
0.152197313285894	0.0965173512472651
-0.316864906595859	0.145949411702669
0.64519752559114	0.205734411961475
0.929670085417592	0.244778423912617
-0.648677249821696	0.158587087101144
0.128532989649213	0.0387330108702786
0.139576085242422	0.0352987079074651
2.09266208534358	0.949177804895113
0.913540350960605	1.02959800730883
-0.803729844556557	0.621897434983665
1.4300525619712	0.473890200865325
0.138818714405564	0.0354421828043769
0.926974875419701	0.246284209674963
0.299768521218286	1.10396174354026
0.223807609122449	0.682089603641611
0.449511722327437	1.77665450101718
0.270051076660774	0.704608117183607
-0.15916767123549	0.2870787824374
0.471423245186543	1.04533406673879
0.447985495327622	1.22236432205105
0.599061649092252	1.46209013646769
0.235883344015458	0.470328891850505
0.359276207302886	0.848952683213945
0.78229994199663	2.12670670114548
0.606619500625473	1.69231199471625
0.0859598064614861	0.120148116782798
0.156032534065811	0.190035912812107
0.0831705483589674	0.0740577228755329
-0.527547621644925	0.658848241024892
-0.163858120693216	0.225537724067664
0.0687925847933401	0.0816948773091295
0.450342965306065	0.706853306459015
0.600716578611205	0.451083582073745
-0.0460900530547875	0.0513559535987976
-0.397213369391023	0.479342968239637
-0.73817087538349	0.81670893304986
-0.328761970324652	0.300184381010852
-0.916881708577956	1.17209001058797
0.457794760803033	0.676319249216103
-0.22977286050656	0.364398363263971
0.0125853639299448	0.0145992194265579
0.062940138719909	0.0570153175483681
-0.41211461342052	0.568484634818789
-0.130972500369134	0.132021785410109
0.22423647829595	0.28989955779579
0.641997986919505	0.858311536016876
0.0464200136920068	0.0457146106755694
0.52954647291612	0.438572165930827
-0.541756837620845	0.209412208548733
0.795916309961363	0.338880381128544
0.801640822834797	0.342681912930608
1.63779414029161	2.37029356907349
1.31000962917872	0.587023547729711
-0.750500136544216	0.262945921354945
0.130491514010977	0.0447267681525709
-0.536871325065758	0.206916257792961
1.3048691446356	0.580886125685909
0.322995484473808	0.174832434955582
-0.630140264476129	0.563739832661781
-1.51003354156156	0.780251715305574
-0.256016617058634	0.128565556153094
-0.567129516165265	0.705871014150561
-0.902109598975336	1.49319655260912
-0.846692130692394	1.17319724891313
0.133083947721306	0.0514872556193567
1.61436148270456	1.11651695724915
1.04459613730149	0.506366777282318
-0.0518061507484733	0.0437783557735981
-0.077072826714978	0.0693967363697012
0.527197125353243	0.70717417449826
-0.310744518256899	0.254831679126983
-0.707254505793353	0.625715025492676
-0.457016356119919	0.545467026794085
0.156275630215711	0.0958691424894011
0.793732180175816	0.32942004100113
0.139088984871223	0.0347391602259325
-0.371963944093828	0.110621992809151
0.29332234777428	0.188345890847429
0.424474976587458	0.509724911474555
0.432216086405575	0.176459106478166
-0.966190861537029	0.59635773416659
1.01353136034315	1.55599690780622
-0.516454840525524	0.395320550379107
-0.414514623299934	0.176183685547673
-0.416328935725485	0.45111653768631
-0.0768797313723535	0.0574651935103015
0.42391891802808	0.1718634323489
0.385049004837606	0.17461081850334
-0.797908574687743	0.977234629414097
1.4308149383669	0.474993175817053
0.504580075605894	0.183905699075097
0.138169594891086	0.0265198668009027
0.929670085417592	0.244778423912617
1.42719460355007	0.477448564652232
0.137790482671227	0.0349173015404508
-1.54109898628274	0.564008735008191
1.42692741367696	0.472854481440801
-1.16076621190063	0.359385238156804
2.74531503858304	0.788587032684406
-0.36416051053301	0.259339904039744
-0.540457902837981	0.206302363843523
-0.166551048008481	0.0605901327587292
0.0176586469928258	0.0144123268209018
-0.240928484682292	0.0794592918982822
0.639329222636839	0.203514926064791
0.152478418674646	0.0977448965384311
0.2035292005832	0.22589471935129
-0.124989102478181	0.11047236874838
-1.27251714731482	1.20591334113321
0.198958313681862	0.21561531223179
-0.646622749070198	0.158987296788642
1.42898338960615	0.478193832396807
2.74531503858304	0.788587032684406
1.95256933090985	0.464168557061862
-0.111412544764416	0.045089943788383
-3.77336026249091	1.52994227958119
0.132517398019614	0.0400248322660559
0.138169594891086	0.0265198668009027
0.138691704175645	0.052997387335233
0.00479908549351911	0.00326015227826702
-0.6166508282649	0.297825514211298
0.638661759222662	0.201540571310924
0.640432049403559	0.206671110179374
1.95338582999428	0.463576578510391
1.95256933090985	0.464168557061862
-0.369504231805591	0.107567671934274
0.138618353811657	0.0265211219118666
0.221894487078987	0.849616877010205
0.307356984213992	1.3453460815509
0.401411027027111	1.73447913069908
0.227700551420201	0.553611703559747
0.418406921199349	1.04871997825281
0.161433874976452	0.262365022386409
-0.0793233125867632	0.132164004234643
0.551201336527859	1.34668739699647
0.300416279572683	0.74336074172213
-0.109565497087596	0.173576042547936
-0.292654786622365	0.57135498257104
0.342272315355424	0.774403765378645
-0.16172847264601	0.245058408607288
0.671988921133034	1.23558146938774
0.576213911952638	0.622838352350724
0.599819258520214	0.74945832613887
0.339162076504172	0.491997088770412
-0.0926743774019711	0.100502586030289
-0.225599730368171	0.26568624837708
0.173280852070424	0.124032875918281
-0.200443248650656	0.202218509990783
0.555892616219333	0.647485297057181
0.902164471811194	0.769370111237807
0.376948716936273	0.305891729289621
0.997022534897981	1.19537381570283
0.0333834992670983	0.0298162095979871
-0.0838850459506752	0.108925458442121
0.374520910546051	0.727451562368186
0.568560315035272	0.542816984973017
0.0247673125388985	0.0214412589574773
0.0526506475817574	0.0517655627659195
0.0444428619078427	0.0442467259161926
0.876846751110738	1.38029964844179
-0.319314381948276	0.149466669246134
-3.47073410037615	1.25961524031716
0.432818540013999	0.176395167801005
0.670521730513289	0.58367821805993
1.30930772219347	0.578363663392743
-0.749707900448518	0.266629197702648
0.926974875419701	0.246284209674963
0.137393054243537	0.0344634753891055
0.640432049403559	0.206671110179374
2.74531503858304	0.788587032684406
-0.0487327027785657	0.0229315087181471
0.86794996786609	0.99059221343477
-0.115260270901765	0.0461008558833764
-0.936410932953763	0.682930974519389
0.0202751879995616	0.0150405938444108
-0.443638505017526	0.583919770330567
0.268934707573048	0.23024445317581
0.381196610179048	0.171438388574072
1.75861187369956	0.985278328845602
0.996240155740879	1.1798571670049
0.0389045595525199	0.0350436417312021
0.144568599354464	0.146020664025579
-0.0339578117999488	0.0227211122628298
-0.249599695660837	0.207969324804226
0.799399399184615	1.03615164291089
-1.1183202302173	1.07629582907157
0.135931183146639	0.0408601823442341
0.505524711177284	0.184537045848412
-0.248387997661862	0.0825807028479737
0.139073148904902	0.0266055202308437
0.127786724548058	0.038243739095717
1.55008955259745	0.778774959831316
0.952401634343003	0.627561364763495
0.549971640478501	0.780101721731469
-0.995453654276322	0.499654387107498
1.60541865256496	1.12484980229209
0.0936344034120621	0.0714307254147683
0.0375148767707207	0.0230971885788523
0.388657362975435	0.321499569194087
0.460828516448657	0.424881153896044
0.494832642091607	0.309056185614411
-0.759143907243174	0.261581616542338
0.0075568412386025	0.00628182040733103
1.29996822162344	0.570401987916053
-0.369739934267753	0.108830229788068
-1.80190156331263	0.405310176911618
-1.80190156331263	0.405310176911618
-0.649677393302236	0.159121336474823
0.926974875419701	0.246284209674963
0.142425808142815	0.0356096114179749
0.399496968600229	0.319459684183219
-0.111975056220398	0.0443781982191736
0.60162514835215	0.307349828602747
-0.203731045630085	0.160607066169667
-1.11687215330335	1.09691732518088
-0.44088151699824	0.504583627058176
-0.505805465676838	0.575149885136846
-0.321195156970842	0.148184842267768
-0.00582083026300709	0.00394465574029185
1.01589046027837	0.379279546997223
0.137716344096337	0.0264356853006178
-2.58899611685113	0.683672524401667
1.42682311163348	0.473648243082631
0.139576085242422	0.0352987079074651
-0.371195854454092	0.109335251451445
0.930671315320304	0.244899140334393
1.00486217117273	0.378265244161087
-0.377279345813368	0.110037093431777
1.26467428132923	0.684470908928258
0.496067754421381	0.618304679993065
0.604320792659845	0.306327825203418
0.141666634051722	0.0357514933011427
3.24830720791551	1.09477551568481
0.925335174824177	0.243267565805426
0.354121856670957	2.31011183278447
0.453860280044135	3.58018204895228
0.667635185061319	5.28436936360241
0.514462292606436	2.55164885107133
0.562093126705446	2.5287064995259
0.406004145480542	1.27972027975335
0.630762071453851	2.60872607244879
0.484298737363149	1.43044578848068
0.418963767135903	1.21637439146349
0.306001242710683	0.72970615375203
0.475369143807808	1.19423591154977
0.615606348711882	1.922727155791
0.497209874786485	1.02042803184393
0.399557737186522	0.702626071112906
0.661831670294967	0.95066359595252
0.182093537600307	0.162374568779769
0.608436296559979	1.08250340042036
0.0311661155567889	0.0323222016359001
0.360052034490706	0.452032509388807
-0.0475753117133198	0.0365393694260236
-0.29055050066745	0.321248865528213
-0.47605176161704	0.511357491477662
0.697872000570793	0.694825078951451
-0.152844910817099	0.107682710897925
0.374546178502657	0.304148251864554
0.148430184879077	0.137040994337681
-0.258039529043532	0.335588868809476
0.103229208603623	0.121600280415561
-0.228353529665504	0.174952479239912
0.244825929520275	0.253217023599509
0.570051834723775	0.810815813117197
1.0060981270373	1.50439050798673
0.777948909448961	0.46104149746558
-1.10554414929103	0.752746174710134
-0.787701717733618	0.350390774736043
-0.247443196598974	0.0821764216093194
-0.255042574508163	0.165144246063622
0.425431779789384	0.170935389204419
0.640204384260695	0.202440736609696
0.642430262122492	0.204551977387731
1.30581051293515	0.583204526982758
-0.23997851337229	0.0797141941925215
0.927971507294548	0.243537608899139
0.846568355229412	0.61641890393731
0.296769332886722	0.211051816063782
-0.414290591555743	0.1764908411527
-1.85235672744169	1.19229071989772
0.777569176813899	0.843065942416307
-0.495255221620125	0.500723094199942
-0.723759457032526	0.701529474349047
1.94444880744691	1.22417439870263
1.07251536147681	0.653773310141498
0.47401896348696	0.522833500696872
0.0152469534493063	0.0110115292800878
-1.02189426803654	0.923728563906564
0.402752205667471	0.319215928524596
-0.216678760066924	0.186798670460645
0.149211820019828	0.0904486534233198
-0.372967191440885	0.109879462987979
-1.54134641011664	0.564552208534783
1.42822224336494	0.477074019570971
-0.239530983949622	0.079101339152492
0.80404554339976	0.344481245407227
1.79971117079625	0.713547256095307
0.855879475065625	0.625260553786149
0.312767212055962	0.315620145905478
0.503876995607107	0.183480745946702
0.693861121779191	0.438162459908673
-2.92525848110125	2.16003762536612
0.0320355659965531	0.0195968620268051
0.56722705098795	0.447301535384329
0.881072193998789	0.898617075644317
0.0836973555211657	0.0613932680474494
0.131388755570793	0.0565782980611537
-1.16180306616162	0.360626829502971
0.276033554802126	0.231468824577936
-2.0907818935671	0.980234505113829
-1.16152021660948	0.35929571617842
0.638330742604929	0.20169714697394
0.138818714405564	0.0354421828043769
0.133621657798323	0.0257280473816019
-2.58468514934926	0.681926813759725
-0.372199398666119	0.10861997456099
0.532233730887152	0.303304550291093
-0.786496231567495	0.35210829920392
0.8073683784219	0.339168590465013
0.18067429457708	0.132020498563528
-1.17108714600837	0.35581246469474
-0.654514463701247	0.160265207029626
-0.650318276706871	0.160755761640221
0.139543450624509	0.0675192261100814
0.0698340227100163	0.0472687205989765
0.277284773379382	0.217196721161022
0.800338380126396	0.337545208735542
-0.136343259748961	0.095767256027358
0.141666634051722	0.0357514933011427
0.137716344096337	0.0264356853006178
-2.58557826662177	0.681302812577655
-2.58468514934926	0.681926813759725
0.639433294916704	0.204223062388441
0.805234272741662	0.336641134484994
1.01155779435024	0.385777953603479
0.13377964661681	0.0339655613686654
0.922124936246008	0.243516971274684
0.926974875419701	0.246284209674963
0.138169594891086	0.0265198668009027
1.43108326772595	0.478167346987275
1.95256933090985	0.464168557061862
1.95256933090985	0.464168557061862
-0.650959635012338	0.159168476600347
-0.374056649896452	0.10984667872003
1.95584693887656	0.462330835133922
0.63611382542294	0.202940731306447
1.4308149383669	0.474993175817053
0.293531167071338	0.188173874832934
0.141592190786087	0.0413747380235866
-0.650959635012338	0.159168476600347
1.95256933090985	0.464168557061862
0.926329332609966	0.245803896301602
0.830769547489469	9.37123128765521
0.401057256436106	2.69494565373717
0.672604649730072	5.09470097289321
0.618439392982539	3.57687857762817
0.500425566599264	2.34605573389694
0.294468436102008	0.927107045305058
0.878341004705896	4.7765614731997
0.541186614348383	1.81542412869922
1.18058752514635	5.72755099432035
0.18046579728073	0.364041684015902
0.652718765396345	2.208667792847
0.827620184696793	2.38934473246683
0.507005428088533	1.15946519499268
0.0183186005354435	0.020725874982719
0.468820806081481	0.751373419108224
0.0650718515380174	0.0737096271673485
-0.104772221384803	0.139765686134218
0.307678044122918	0.475911065448278
0.22361399840208	0.284940037418996
-0.0675407731289885	0.0625636209450292
0.197447323094661	0.234213212801689
-0.436860359247784	0.548927786559141
-0.430839643606153	0.41302418743023
-0.227178202716638	0.225132919432374
0.262955616513347	0.226244851660991
-0.0306730121151822	0.0283606023062253
0.147459944961286	0.152681376767643
0.194596003146628	0.219820383940587
0.0642149241219442	0.0547290544678783
0.102202353199145	0.102585037490465
1.22247101271614	1.18685365472977
0.974515369830325	1.24929670043602
0.467414633361705	0.314711109304645
0.528648664334798	0.301265411625381
0.441497868757574	0.17374428475656
1.76881671752931	0.971269215275666
0.597668312416079	0.445533089629402
-0.306116769984198	0.22851381272912
0.352797249109913	0.177555138523587
0.50457577546401	0.182045166120913
-0.323000322359989	0.150488009456996
0.506227015255489	0.182899351925803
2.09266208534358	0.949177804895113
0.42391891802808	0.1718634323489
0.694445734213187	0.449703018918159
0.133502874099665	0.0402503094723903
-1.5479363497401	0.560916837957921
0.00447378965979378	0.00305335212183624
0.256594926511669	0.244574203223555
-0.016669678641386	0.00842214951324121
1.44637801096684	0.912150936562615
0.500379391071303	0.180303967231713
0.545811291822767	0.540355452338728
-0.364227169247367	0.329833873759343
-1.00445027354571	1.45764646403072
-0.45743032595589	0.424300662002745
-0.18037029421637	0.143446882194796
0.262955616513347	0.226244851660991
-1.45131571064158	1.53856733240137
-0.380396034792448	0.109512226282398
1.42822224336494	0.477074019570971
-0.755659764208684	0.265241875072543
-0.748962934462903	0.265874158565463
0.426051702258407	0.170071770036018
0.679586781493095	0.322193279624011
-0.318682388727191	0.146797761612495
-1.09966142564599	0.740631992202366
-0.166276845399009	0.115343785078285
2.73884445451803	2.90897305977924
0.672998483356306	0.58108270362805
0.135367591545968	0.0459572612231435
0.507836883903904	0.183767118983846
0.141168720466643	0.026788068800843
1.04641343930251	0.504807529713157
0.134966091484567	0.0689192808961504
-0.166832891529579	0.0608169340101326
0.139576085242422	0.0352987079074651
-1.80190156331263	0.405310176911618
-0.371963944093828	0.110621992809151
-0.540457902837981	0.206302363843523
-0.376278890867832	0.110765860075796
-1.16105011316119	0.35650557951397
0.641431038909059	0.206705899790905
-1.48236458589488	1.03065875464954
-0.997927577505705	0.506088294798231
0.801640822834797	0.342681912930608
-0.800046354899374	0.443631616689735
1.76161460404586	0.998795483303276
0.139576085242422	0.0352987079074651
-0.650318276706871	0.160755761640221
-1.04851378907912	0.424859501269914
-0.347263097350837	0.211835622580494
-0.0920384948322972	0.0677543258338088
0.059502679271119	0.0384372288667916
0.145092977268315	0.0771643200097993
-0.5240259700498	0.397842191150032
1.30651499432768	0.576631348210832
0.131405301493996	0.0450882414222608
-0.369739934267753	0.108830229788068
-1.80211551800213	0.40518546889285
1.80373891850601	0.704362478450975
1.31165057176086	0.579030865160352
1.52430268509889	1.29596493734429
0.925335174824177	0.243267565805426
-0.372967191440885	0.109879462987979
0.922124936246008	0.243516971274684
1.95338582999428	0.463576578510391
0.642202725024316	0.20486814652215
1.95338582999428	0.463576578510391
2.7489176254429	0.781882431670721
0.587570538479572	0.303847650983307
0.143504453742169	0.0616658170189631
0.385756059656369	0.174638974009755
1.42692741367696	0.472854481440801
0.930671315320304	0.244899140334393
0.640432049403559	0.206671110179374
2.3325100448268	1.17874795812717
0.923120742885382	0.240835684941142
0.134526944690639	0.0258144647389653
0.926974875419701	0.246284209674963
0.674002902717758	8.29689968473372
0.577267337488378	5.65287800962067
0.430391187875849	2.78651612205791
0.463919566619318	2.23292361079579
0.493410284468783	2.08462447043237
0.307516217042455	0.873432244187124
0.467671541962145	1.70203842778034
0.477966392835078	1.48213507306948
0.368699992745452	1.09927133570614
0.341103461315258	0.862699308582997
0.696593895188976	2.36306799015113
0.259727294088952	0.563274890864148
-0.0125662861536585	0.0172177764700791
0.441668590142748	0.772145591156051
0.254182462642087	0.260237795524614
0.353432486477649	0.435419543307309
-0.212783873624291	0.258215255764712
0.317604509715088	0.466795410724218
0.134443353375976	0.17122379156841
0.705448493720066	0.965280869520367
0.624976745651487	0.991384337981232
-0.156680971999927	0.148156969243418
-0.16007544274217	0.129443540443346
0.426628998270787	0.419626280599709
0.421188900373692	0.417325863707593
0.0213648329551753	0.0160232781635641
0.180035255371252	0.26186707699665
-0.0796887851205299	0.106915096746811
0.926780940375685	1.2159168025378
0.528373966070847	0.718006738009027
0.980586808522522	1.54902746691298
0.936187638337739	0.625735587957596
0.145567392564664	0.0543864417268055
1.31094944803572	0.585633714178286
0.640105850465034	0.203838328173808
0.130755305563244	0.0449465396920763
0.34456797718861	0.172788047174501
-0.796240260730817	0.429954872225949
-2.08933727800484	0.957787948356477
0.376257500531892	0.169443449905246
0.133502874099665	0.0402503094723903
0.927971507294548	0.243537608899139
0.133621657798323	0.0257280473816019
0.930671315320304	0.244899140334393
1.95256933090985	0.464168557061862
1.76597374327832	2.16116024732298
0.138226589719724	0.0659302728589446
1.54902029058638	0.781201794884634
0.554680096870188	0.542152922443946
-0.276855390419088	0.289698920264001
0.892282639500854	1.11659163653812
0.513068186324434	0.1786983902239
0.436782908384849	0.422945712400482
-0.0398600568847925	0.0191310443466897
0.460701427643025	0.307788088999352
1.86911553062701	2.04251645561369
-0.456064070673418	0.465115269237142
-0.504819591617537	0.690312960802518
0.0282427896412968	0.0172531215072604
-0.140534694292	0.1005804162849
-0.328818344587622	0.360346224568379
-0.48177397259628	0.322748644845165
-1.16255649541829	0.360535388481223
0.516522918818099	0.181688366086347
-0.650318276706871	0.160755761640221
-1.04781487862809	0.420186524086519
0.640432049403559	0.206671110179374
0.613540804707455	0.761011194378513
1.77244245892569	0.973264707021465
-0.0393426197841202	0.0185856562587153
-0.94938963748188	1.09273362483159
0.49000706655722	0.306709422003756
0.143545177072202	0.0604565306180545
-0.0695503862464445	0.0586718583199476
0.806170365919194	0.334296529078751
-0.650815605433229	0.158518447092606
-0.645977108318167	0.157387277340251
0.139073148904902	0.0266055202308437
-0.654514463701247	0.160265207029626
0.138169594891086	0.0265198668009027
0.926329332609966	0.245803896301602
0.138169594891086	0.0265198668009027
-0.524985714618571	0.396274112152067
-0.107030676983149	0.0432926976170955
0.134720480496125	0.046154809884801
-0.54923422169197	0.651885950366205
3.91337671586789	1.72666008519133
-0.646622749070198	0.158987296788642
0.133502874099665	0.0402503094723903
0.929670085417592	0.244778423912617
-0.413072954239024	0.234856103744323
-0.0510801826378704	0.0391013203738391
0.111555759468671	0.0906684468376972
0.420887939510287	0.166910247726867
0.780565562817693	0.733065001070046
3.62062366405083	1.43326252584705
0.926329332609966	0.245803896301602
1.79870938672057	0.706124174779807
0.922124936246008	0.243516971274684
1.43184622835253	0.479292741706694
1.95256933090985	0.464168557061862
1.01080793058073	0.389781480211188
0.796219573498043	0.333138261327775
0.137716344096337	0.0264356853006178
0.644424999818512	0.207579266186308
0.138169594891086	0.0265198668009027
2.7462498006239	0.778261278020301
1.75799559735266	0.978163333334627
0.795578285229982	0.332873224019439
0.0593958328838874	0.0382589869399168
0.648207567850117	0.202781585382309
0.137790482671227	0.0349173015404508
0.642202725024316	0.20486814652215
0.139073148904902	0.0266055202308437
0.257095952801429	1.66446490507636
0.318987046575726	2.12974083680751
0.341875835747201	1.65947659145952
0.525362987230356	2.43428571557406
0.708797519713287	3.10669926487696
0.551316090212773	1.77103222177054
0.547490185997313	1.50805603223192
0.575984660824411	1.70327909188177
0.378300660660239	0.859780372973597
0.994692978331298	3.58404686217625
0.630956877574693	1.44307720679823
0.173331340469517	0.23853056329743
0.0525936700267666	0.0544250695354284
0.253486535310665	0.25270694748442
0.35289025786364	0.434347182231863
0.293599133113608	0.346165348267604
0.54323036080085	0.806908319996026
0.0410416265001126	0.0401301078062237
-0.0925116467994116	0.076420888794
0.264911061555704	0.308592064919839
0.736562507223145	1.11469490713904
0.25600072321546	0.211623092484175
0.0221288925722319	0.0162526947070801
-0.344327803125201	0.245249427936188
-0.598525377404829	0.769298408933424
-0.47503948942707	0.570892920134221
0.678528612264238	1.01654662148965
1.22283584138865	1.19575403441404
0.876700487423334	0.892509723751692
0.13269968256925	0.0511668869959815
0.59736125603941	0.314055068499086
0.639660215207864	0.203910262751024
0.136676224470739	0.0411018975580698
0.593180602081494	0.309281164073886
-0.1638005064279	0.0600618571222791
0.380830520088272	0.171419819096383
1.04853061351236	0.513497604131398
0.50131905120822	0.180918046026188
-0.372732473872603	0.110746709749891
-0.748962934462903	0.265874158565463
-0.369739934267753	0.108830229788068
2.33157104854634	1.17733567459377
1.01421910313051	0.386497027111194
0.893560562736329	0.477111689273296
0.8382114183797	0.598857843492921
-0.541756837620845	0.209412208548733
0.508081388675797	0.18525425523165
0.131910720187813	0.062550243665741
0.265896795201097	0.205988337435106
-0.203637795947143	0.138047751036555
1.26533138789409	0.702417569363971
1.25288450950533	0.691168848705252
0.132755613913402	0.0400087413766842
0.13840812259958	0.0408921198665596
1.55880485147037	0.758790873700465
1.7569464923622	1.36895531890407
0.350482454861715	0.176324469613531
-0.45925710612926	0.363302809988887
-0.0191718796209773	0.00963544089870556
0.691301315228745	0.431770251168258
-0.0750435731289707	0.0330638759152141
0.307907382706483	0.182257447571326
-0.918100016167177	0.781246639357557
-0.961483161039726	0.581756878607902
-1.0969449506818	0.735588641853395
-0.359638163950093	0.295936081988743
-0.628660519861343	0.522034282181198
0.92113051285893	0.24102514029113
-0.750699276625547	0.264252450117151
0.795916309961363	0.338880381128544
1.42395946891673	0.472583961120929
-1.16255649541829	0.360535388481223
0.137786547255047	0.0525829604188277
-0.116515310720692	0.046079960119874
2.12684272860716	2.15722129270574
2.08331214814842	0.931132775442562
0.641104859986785	0.202425076080571
0.475912877281122	0.420833897103645
1.31000962917872	0.587023547729711
0.927971507294548	0.243537608899139
0.37768898545785	0.170244248173548
0.837364467707394	0.754070754179946
1.77152596423452	0.963817231145621
2.74438259751335	0.780038400688451
0.142425808142815	0.0356096114179749
0.138618353811657	0.0265211219118666
3.24830720791551	1.09477551568481
0.137716344096337	0.0264356853006178
0.138818714405564	0.0354421828043769
1.01595055020248	0.392095167936931
3.25139583150282	1.09209130025117
0.380476608585642	0.168937224270515
-1.84264604569047	0.766512726713672
-0.0749575314629194	0.0328644819558481
1.61156079179612	1.12120369267417
0.140537711572049	0.0467983530536706
0.139073148904902	0.0266055202308437
0.926329332609966	0.245803896301602
0.139073148904902	0.0266055202308437
0.641657829571976	0.201878292806112
-0.616963741250397	0.298047450445086
-0.44538295800682	0.387247146864225
-0.0920528842573164	0.0564001931684438
0.599978310946378	0.456004592897964
-0.247077950729818	0.122276286189687
4.15572615841177	1.99645037814372
0.139073148904902	0.0266055202308437
3.2493353238897	1.10864834370629
3.91337671586789	1.72666008519133
0.139073148904902	0.0266055202308437
0.139576085242422	0.0352987079074651
3.62168394400497	1.42736372029797
2.11798687875973	1.4364448328073
-1.16680976292454	0.361321943590249
0.137790482671227	0.0349173015404508
0.640432049403559	0.206671110179374
2.74531503858304	0.788587032684406
2.74531503858304	0.788587032684406
0.507969410993114	2.31623860980595
0.2079510438323	0.564085803046057
0.504034345450461	1.77521609150476
0.427819306823567	1.3460014379931
0.450235386969834	1.19198875094648
0.348356976383924	0.870633700659823
0.955540103705322	3.49756012201315
-0.00687559725274179	0.00769551874803872
-0.154790171396414	0.213679043036917
0.911492891250282	2.32600406979557
-0.115474980760983	0.111769287517159
-0.291834545620882	0.370635202887221
0.362291802060747	0.551701584933557
0.541158580241494	0.837524452564286
0.129823720109341	0.11427097071494
-0.00288844856793842	0.00252354366344437
0.323072878513892	0.330238819509524
0.516348603425387	0.542434111102491
0.248207464338347	0.24751323798528
-0.042533382210079	0.0278466434209193
0.201349108144009	0.205918120003408
0.0327855287835013	0.0329421697298401
1.76643274968927	2.16669254575019
0.949198182004484	0.641372209461979
-1.29972730756308	0.589574358808021
1.76741619797287	0.990717463357076
0.131469439929658	0.0389941114854996
1.07954212765065	0.663249531849375
-0.937468936259317	0.68459284514494
-1.16843481878247	0.641932982178145
1.44163458322876	0.897583415485501
2.1167961184997	1.48503844043372
-0.250029719406668	0.0807432822718782
1.01104201595136	0.385305051110661
0.641203436908402	0.204828865510354
1.42795516831077	0.478570790474717
1.01254068844739	0.386785712184281
1.42682311163348	0.473648243082631
-2.58468514934926	0.681926813759725
1.01447560505221	0.965316269207699
-0.16623824947282	0.0610134655693771
0.384335511514087	0.173210318245947
-0.165970311170184	0.13148381630581
0.257903013901163	0.205899390999494
1.86387850268923	2.00708923367912
0.808596719059427	0.341954693942453
0.582884564150552	0.29814665714877
0.350112700882263	0.174304196204155
1.30839406869701	0.574336449943532
0.433128399509895	0.1763668859627
0.12685424655362	0.0433860144624846
2.54457884186562	1.43608686752379
0.300203591669765	0.194813401116739
0.143011030950679	0.0804032133841983
0.27632282115509	0.224892085795378
0.431675784709674	0.430372133914464
0.160495169613379	0.109532103878804
0.58908402946435	0.437101836689494
0.163034829484485	0.119079194679568
0.320733765419628	0.190574513680625
-1.26285207576746	1.77801405583518
-0.802720469338766	0.435913160684294
-0.816787637387085	0.626371963251381
-0.167301166556256	0.115743995841432
0.132055155653072	0.0449007949188124
0.127549585831426	0.0385072991721353
-0.244439790893105	0.0807612783384271
-1.1700555978362	0.354625449088458
3.25139583150282	1.09209130025117
-1.68549277416325	0.954790187533158
0.676575110767742	0.317073045454102
0.375552887148619	0.168504458190629
0.078818803372834	0.0571431344175773
1.61547241956529	2.05812078597197
0.348725639487604	0.171413462240634
1.01516609147971	0.944763158756542
0.984598828778087	0.792705308607279
0.502930967277417	0.181333117013942
0.286421432881822	0.195932306441827
1.55751721634342	0.783229267431462
1.38660341069955	1.06725303422696
2.08331214814842	0.931132775442562
1.79162840936759	0.703437230890096
0.134196458780367	0.0397046446216347
1.79563632322604	0.704599241543694
-0.374056649896452	0.10984667872003
1.95256933090985	0.464168557061862
1.80373891850601	0.704362478450975
0.907250935525126	0.763685603315585
0.347788648560509	0.175920613301097
1.04580566003061	0.510596983508345
-0.0733163217036358	0.0468556179532503
0.804694516036484	0.340900603373708
0.926974875419701	0.246284209674963
2.74438259751335	0.780038400688451
-2.58513149511835	0.689509113042442
0.133621657798323	0.0257280473816019
0.587570538479572	0.303847650983307
-1.17858882965062	1.42783825547148
-0.293626439686534	0.186318626820291
-0.0164510262358862	0.00840946093600393
0.780307605073868	0.465566168475677
2.7479767545239	0.782066977880158
1.42795516831077	0.478570790474717
1.31004168491493	0.570431048013254
1.95584693887656	0.462330835133922
3.25036486382959	1.10725094810752
0.138169594891086	0.0265198668009027
-1.80211551800213	0.40518546889285
-0.371729277964481	0.109124865696984
3.2493353238897	1.10864834370629
1.42898338960615	0.478193832396807
0.139861959796527	0.0412618846585003
0.930671315320304	0.244899140334393
0.139576085242422	0.0352987079074651
0.638330742604929	0.20169714697394
1.95256933090985	0.464168557061862
1.79492986711335	0.708745443595502
0.134542642796399	0.0341445690681232
0.398637894040603	1.45929369723811
0.310695042116696	1.12726834863527
0.508677456859705	1.952638780962
0.366717931660475	1.410430385369
0.252342869958813	0.674050601938912
0.702189120252518	2.34608195581866
0.489423367951608	1.60037860031957
0.457761394006978	1.27883965150893
0.538856055245855	1.1401028619788
0.821454752315828	1.15310124835894
0.249077414938863	0.234975486521782
-0.550541924146905	0.855590087007338
0.148581870661274	0.180689009089323
-0.140162209884395	0.170652288927077
0.440093442704162	0.41897955476135
-0.597692578231441	1.01578950587093
1.02243719811409	1.31216507027179
0.692604377026496	0.449137345153945
0.983564732460897	0.797968581252964
0.145070471664304	0.0770823206870093
0.901035739593774	1.29088728811469
1.8007131844382	0.713314573443425
-3.76852422420012	1.52461461294132
1.55751721634342	0.783229267431462
-0.247585216117655	0.161095091947264
0.680821892067524	0.321997991694214
-3.47400814940775	1.26328835340161
-1.50452594391491	0.783000045076724
1.42898338960615	0.478193832396807
-2.58513149511835	0.689509113042442
0.926974875419701	0.246284209674963
0.138169594891086	0.0265198668009027
1.42970262451774	0.46489469838612
0.925335174824177	0.243267565805426
-1.80190156331263	0.405310176911618
-0.645977108318167	0.157387277340251
1.07828162064652	0.650457187152984
-0.40034328126491	0.322782693635886
0.426918559911993	0.298652663569603
-1.69568184229618	0.957465346098121
0.53794063697314	0.522033864999167
-0.088703141125451	0.0843678924226441
0.273490787266013	0.21519392008283
0.157736773799191	0.0904019386869752
-0.750453159564684	0.266070645067511
1.80296230556392	0.702658023385282
0.138169594891086	0.0265198668009027
2.74438259751335	0.780038400688451
-0.538163648191357	0.207948957950952
0.155342457160747	0.0886887480757754
1.7959287507101	0.710356981550796
-0.199209534182518	0.155878741501081
0.302632898911267	0.345817654415848
-0.120302637781407	0.0717535624193404
0.327368180888114	0.180331721225592
-1.14584975832343	1.27773693584822
0.392382172592344	0.414519337371214
0.332935276002958	0.414831810237789
-0.811469986277212	0.616321611574575
0.784987149976577	0.852375934589028
-0.26503447890372	0.312274234416718
-0.130859379458723	0.0784516628843297
1.95256933090985	0.464168557061862
1.80373891850601	0.704362478450975
-1.15714724515563	0.352620115329855
-3.09739452059542	0.972553736075869
2.54392701202772	1.43286733070967
-1.80211551800213	0.40518546889285
-0.25418461217653	0.126971901533868
0.70788429506138	1.03865293458182
0.27183043217575	0.226655205322816
4.16424550444288	1.99223438714364
0.531873868828567	0.300252879481662
0.490377121970954	0.437789501542665
0.34416639013165	0.171748735766364
0.885804281056231	0.468511938195624
0.0205096312110568	0.0107579873239285
0.139847419253076	0.0352678773972538
0.138169594891086	0.0265198668009027
0.138169594891086	0.0265198668009027
2.7462498006239	0.778261278020301
2.0916792997764	0.947020632233422
0.372949491614357	0.165889875970226
-0.0756175164013566	0.0631939620204451
1.42795516831077	0.478570790474717
-1.80190156331263	0.405310176911618
-1.80190156331263	0.405310176911618
3.25602807611411	1.08608283170182
0.139073148904902	0.0266055202308437
0.491188689599254	0.30991466950574
-0.176467167321556	0.187668511806004
-0.309174007931258	0.25358874525181
-0.917618081513328	0.771177958165874
-0.359767974231867	0.324828862470248
-0.236008497146937	0.0772385840822939
-0.0429524614041144	0.020397947144087
0.134542642796399	0.0341445690681232
2.74531503858304	0.788587032684406
0.926974875419701	0.246284209674963
1.95256933090985	0.464168557061862
-1.55071033604129	0.556075151007254
1.95256933090985	0.464168557061862
-1.80190156331263	0.405310176911618
0.138618353811657	0.0265211219118666
-0.170225722424615	0.062449292067667
0.431597794306143	0.172364069449091
0.925979622549504	0.243736825113843
1.95256933090985	0.464168557061862
0.139073148904902	0.0266055202308437
0.137080532436617	0.0260826732150604
0.138169594891086	0.0265198668009027
-1.80211551800213	0.40518546889285
0.228465316048557	0.940017312488227
0.296777635161532	1.3751848890266
0.27577561696465	0.991735259234573
0.307353503198911	1.28572836218218
0.36031752556271	1.43186367768208
0.452571850912627	1.61794202019666
0.444198786937152	1.62810765040645
0.200271909996529	0.396949602961349
0.65180182664663	1.73685513647273
-0.242350909547617	0.256513358368299
0.633560067636556	0.986415451406338
0.534949617206253	1.10441478058545
-0.220722594893174	0.334965483769951
0.450506864185403	0.756654818057062
0.335999651263175	0.322973392207559
0.0889023294149931	0.0948867868674738
0.467304223307854	0.605957605425321
0.421326242763653	0.41441600945215
0.383535087965047	0.550320946698645
-0.150134292365206	0.219818247916847
0.206785665836911	0.331562416400608
0.669672153257995	0.848767527861204
0.479707053265159	0.698623900131218
0.675310354565511	0.317820710948733
-1.53956972045097	0.556149616231128
0.587278547798004	0.300601898922383
0.137787655534592	0.0660486040468317
-0.0598824042505957	0.0256586752851976
0.669933543252313	0.313410463284172
-0.372967191440885	0.109879462987979
0.512296682193737	0.184360640072117
0.641203436908402	0.204828865510354
-1.16076621190063	0.359385238156804
0.925979622549504	0.243736825113843
-0.371963944093828	0.110621992809151
0.137790482671227	0.0349173015404508
-1.16152021660948	0.35929571617842
0.143458160699927	0.0358142984417619
3.2493353238897	1.10864834370629
-1.80190156331263	0.405310176911618
-1.80190156331263	0.405310176911618
0.423715812602971	0.169993591072405
0.133269655210264	0.0514052505492531
0.134954159163907	0.0452786800420587
0.548821508233189	0.422497911932759
1.04484512626777	0.506584562086484
0.139245745474404	0.0599559360941925
-0.137579952954953	0.0970905665511192
-0.346378930695044	0.397668258276018
-0.149597896640214	0.107182160727135
0.0202663973417771	0.011776207705962
0.64342341463051	0.205691875654135
0.640327927997844	0.202105416098505
-0.0150767776835107	0.00773306757158922
-1.54538955663062	0.564367029919961
3.622744731928	1.40801772966037
0.139073148904902	0.0266055202308437
-0.371195854454092	0.109335251451445
-0.500532012321068	0.2631786093178
3.25036486382959	1.10725094810752
0.891786233446578	0.479376604609741
-1.736119566223	1.43953481131136
-0.00451946357647888	0.0030911590956251
0.0930833249453079	0.0726461513127513
-0.511115268406621	0.389027021483037
0.634872463043012	0.575048079570319
0.0430178703069931	0.0332601128123158
-0.0395111540725615	0.0306132101572065
-0.186886832401217	0.187091896658951
0.982153576330296	0.787395109788936
0.174310119600724	0.118052355908998
-0.869053169371805	1.41416665320379
-0.662766138139763	0.391179953731736
-0.365723734816446	0.10590898963095
1.014729443048	0.384082142894649
0.499438878411928	0.178227149702229
1.79162840936759	0.703437230890096
0.138547275345784	0.0347818496624983
-1.29451143883044	0.600706476246576
-0.504181042481014	0.267482585449495
0.662405876955463	0.7534443869864
-0.193362647407921	0.169085101633331
-0.419666728106638	0.174931452334159
-0.545910197315445	0.210647933455594
0.978326026443407	1.07383441205415
1.12832721009164	1.28126198194435
1.42719460355007	0.477448564652232
-3.46924124245495	1.26110671680306
0.132279016539978	0.0392355437606514
1.43184622835253	0.479292741706694
3.24830720791551	1.09477551568481
0.639329222636839	0.203514926064791
0.41329224218353	0.405718545375898
0.643202247298856	0.202776762796674
1.79670337293508	0.712109669548487
0.133621657798323	0.0257280473816019
-0.649677393302236	0.159121336474823
-1.80190156331263	0.405310176911618
0.847943005108014	0.621438107701349
-0.097290481204751	0.0802172303073645
0.10974727755256	0.0874732402441021
0.541213442724656	0.312131945358105
0.183659210933782	0.151056599826753
2.74531503858304	0.788587032684406
2.7462498006239	0.778261278020301
0.21311863349843	0.245807413268462
0.083283824521512	0.0776239294604183
-0.376278890867832	0.110765860075796
1.05282282691147	0.517428130004872
-0.645977108318167	0.157387277340251
1.95584693887656	0.462330835133922
1.95338582999428	0.463576578510391
2.7479767545239	0.782066977880158
0.141628868364635	0.0268733845859336
-1.80190156331263	0.405310176911618
0.644195640504139	0.203891935709909
0.926974875419701	0.246284209674963
0.141628868364635	0.0268733845859336
-2.58899611685113	0.683672524401667
0.132325125125984	0.032854701892731
1.26095725034489	0.693786266334319
0.925335174824177	0.243267565805426
-1.80190156331263	0.405310176911618
-0.37705103334154	0.111772840936855
0.386342822830715	2.57595086405625
0.442455760051298	3.15390185779306
0.469418808441104	2.88027257035716
0.272499903314647	1.30884799427145
0.0874479886359527	0.249063074591602
0.262307446957519	0.882400711173709
0.295324177364456	1.01713566881591
0.322406087148375	0.897656749355281
0.25607600432393	0.540660772033469
0.707895857392099	1.28595833522136
0.000738491882299067	0.000908374522461837
0.260447278105409	0.474719185804691
0.375202914448808	0.708170083089162
-0.0160482945679195	0.0179504999177288
0.931558175770975	1.40871764351986
0.227790291535184	0.314661235743588
0.258849219974052	0.288029053190588
0.286600913230985	0.206742546483643
0.052209609272991	0.0719125662999684
0.172969525901753	0.271602778870627
0.268504417406607	0.226216310437811
2.11349095329745	1.48756561160817
0.640432049403559	0.206671110179374
0.796565634602013	0.336415337888685
-0.783917853848612	0.341421617956713
0.42391891802808	0.1718634323489
0.558462011422431	0.443256824869174
-0.802476124443406	0.435105289691584
-1.50785708360991	0.769718898152135
-1.54615842792672	0.564342761115075
-3.46924124245495	1.26110671680306
2.7479767545239	0.782066977880158
-1.80190156331263	0.405310176911618
3.2493353238897	1.10864834370629
0.137790482671227	0.0349173015404508
0.133502874099665	0.0402503094723903
-0.246744187489769	0.0819875861942725
-0.645977108318167	0.157387277340251
0.137080532436617	0.0260826732150604
0.424522203287792	0.170673896887327
0.677578403677398	0.314192085892075
-0.0680244321424147	0.0435376420759969
-0.626838523946777	0.302387554560819
-0.991555896170336	0.495824086494421
-0.132043141784286	0.116476356104841
-0.388515407266036	0.372567287574639
0.00347930995574251	0.00263794391261246
1.23745629475342	0.856212211002861
0.131531340806028	0.0393848494794365
0.135185873505605	0.0402401710200621
0.940799747381233	0.933842200113496
0.851451218037097	0.622011828546726
1.05472277889527	0.514601317533127
2.0823332078187	0.9200459057284
-0.115459882139839	0.0463015550636823
-0.0930986274383681	0.0684637527045767
0.139543450624509	0.0675192261100814
-0.371963944093828	0.110621992809151
0.133373880706187	0.0448535988917937
0.799290226460679	0.340854272095793
0.137393054243537	0.0344634753891055
-0.0727158019055341	0.032177876081156
-3.09803658564349	0.963618638434641
-0.0432531613861747	0.0316925033348884
-0.102013878329519	0.0819419553885071
0.590505072014492	0.305912288405102
-0.716867453087033	0.646115888212898
-0.248255267820805	0.207927638087039
-0.341926534618704	0.373884919695966
-0.0748081000535371	0.0693418572466497
-0.657229033548736	0.643510731847072
0.274542428130735	0.221683663538563
0.0670626885460994	0.0565291495693268
0.334872378696063	0.183086553564939
-1.80211551800213	0.40518546889285
1.7959287507101	0.710356981550796
0.139073148904902	0.0266055202308437
1.42970262451774	0.46489469838612
-0.247688428186081	0.0823916105388393
0.131769780715528	0.0397831026994758
0.53719830395031	0.31080395184756
0.605480823699818	0.904176104212423
0.457313749885835	0.427778893155213
-0.158890529130216	0.057770449745491
0.135514492544212	0.0521282796685156
0.147301737890853	0.068667338388663
-0.122397810868797	0.0887756992395398
0.67051041200651	0.585023598647523
3.62062366405083	1.43326252584705
0.134526944690639	0.0258144647389653
1.42692741367696	0.472854481440801
0.641203436908402	0.204828865510354
0.503634604531393	0.181750809305392
0.804954811703476	0.345472225969279
-1.80190156331263	0.405310176911618
-0.208531552195343	0.109829738281433
-0.977796209548456	1.5677364337298
-0.258399238127771	0.255834623187558
-0.811310772284661	0.437766580709421
-0.0672548382603975	0.0567147230635154
0.505057274384793	0.180318538416802
1.95256933090985	0.464168557061862
0.137716344096337	0.0264356853006178
0.132754372873048	0.0334623448971025
1.01080793058073	0.389781480211188
1.95338582999428	0.463576578510391
3.25036486382959	1.10725094810752
0.134526944690639	0.0258144647389653
2.74531503858304	0.788587032684406
-1.80211551800213	0.40518546889285
0.138169594891086	0.0265198668009027
0.138618353811657	0.0265211219118666
0.355166934835866	0.177696998499278
0.138169594891086	0.0265198668009027
0.418922349244027	2.79035520744608
0.351053637421404	1.98113445780732
0.286300492263719	1.19204965384392
0.568335880874364	3.21347196820665
0.462359379216016	2.08247888865754
0.201624116646654	0.453358416334839
0.0501529600277073	0.0784458304507561
0.56833681876353	1.3327978887639
0.605453556251606	1.54171258883083
0.83846491719864	2.99457683757486
0.534305383107606	1.49532994086198
0.694504854832915	1.84589273340218
0.433551728754144	0.588553338711142
0.232296687288894	0.369332415483354
0.398313514319347	0.614397074645481
0.262947220095899	0.404338156172407
0.195705220156015	0.242036202397714
0.528662728973837	0.897674704147542
0.549749926166292	0.946695577704012
0.931352025490566	2.41052439700964
0.837241824160393	0.757674088189559
-0.115640734375144	0.0466039644284396
0.383617837186828	0.173970673436915
-0.550108037629036	0.21008624763811
0.312509199513911	0.189459183947777
0.643896679124121	0.453907010221521
1.45948998709637	0.874842178717586
-0.0500951853711035	0.0234676536407398
1.05100741137477	0.518952111891946
-0.313654489189248	0.145277048318243
-0.23788425127927	0.0784171557797199
0.63910706673426	0.202016723610545
-1.80211551800213	0.40518546889285
1.30977120345695	0.57893048591637
0.138169594891086	0.0265198668009027
0.926329332609966	0.245803896301602
0.641203436908402	0.204828865510354
-1.16105011316119	0.35650557951397
-0.959592605837896	0.591142255632478
-0.197549622395602	0.106047793869454
0.302963844560092	0.19485257987292
0.364927538531296	0.323189581446574
-0.240677024303625	0.0791681775998101
-0.10631365799272	0.0423822020373839
0.172711118258882	0.133425096389211
-0.211089099279076	0.196093633994922
0.0679920507946411	0.0478863814215765
0.695215644990152	0.453358234902523
0.780772095947285	0.469007875946361
-0.117649053751029	0.0676395599621339
-0.748717096925392	0.26268742708996
-3.46998743660351	1.26411646563651
2.33133829579049	1.17443064736696
0.333191542972813	0.183844536502058
0.138169594891086	0.0265198668009027
-2.58468514934926	0.681926813759725
-0.417284807918665	0.175637073526662
0.144122086472955	0.068002905571061
0.31000382409542	0.187194380479613
1.01080793058073	0.389781480211188
1.44474694036503	0.890653007745976
0.139576085242422	0.0352987079074651
-0.414857779070285	0.176682385019192
-0.79953700064824	0.442390796118815
0.134554338304469	0.0518320974953485
-0.240127791734421	0.157283480580848
0.187914852439614	0.152605881132095
-0.517164288004437	0.397044998175269
-0.091763349582909	0.0568568346707527
-0.698403143479841	0.864241502484002
-0.145267444224701	0.124379260579974
0.0180783411257106	0.01494620092482
-0.0912263067142443	0.0568453201252332
0.173185570185272	0.138317177208742
0.0458097306627538	0.0359203750399593
-0.68900112202847	0.478572092591654
0.503173696642426	0.181140364188836
-0.784972171108555	0.346530443461615
-0.750699276625547	0.264252450117151
-2.58513149511835	0.689509113042442
0.134954159163907	0.0452786800420587
-0.501351813961356	0.263250966236684
0.408471402163826	0.309908643816044
0.272228605876747	0.236300514053231
-0.0791149137000727	0.0588789406510968
-1.29543444342512	0.594115706507602
1.04362213336551	0.505201886738609
-0.114564444780422	0.0460703149482727
-0.360543253330337	0.293629188291765
0.389610728024873	0.319050514905511
0.137299566105226	0.0590248651426026
1.30581051293515	0.583204526982758
0.508781691198075	0.185680235788344
2.7462498006239	0.778261278020301
0.139073148904902	0.0266055202308437
0.139576085242422	0.0352987079074651
0.141628868364635	0.0268733845859336
1.95338582999428	0.463576578510391
1.95256933090985	0.464168557061862
1.79971117079625	0.713547256095307
-0.90760974849542	0.840903808114886
-0.682339798305179	0.796015048037115
0.266890197901215	0.205974217555672
0.140213600976277	0.0608520726966992
-0.174057388406938	0.137490602688118
1.44163458322876	0.897583415485501
0.141628868364635	0.0268733845859336
0.532283482943682	0.303481721092298
3.61850462978752	1.41205255014363
0.505524711177284	0.184537045848412
-0.174807609773438	0.0632744258546514
0.331392216908342	0.179685757010038
3.62360809261866	1.43608472685745
0.926974875419701	0.246284209674963
1.31000962917872	0.587023547729711
0.925979622549504	0.243736825113843
2.74531503858304	0.788587032684406
-1.16255649541829	0.360535388481223
-3.09739452059542	0.972553736075869
0.138169594891086	0.0265198668009027
0.147934342850686	0.0777940624308626
1.42692741367696	0.472854481440801
0.139073148904902	0.0266055202308437
0.137716344096337	0.0264356853006178
-2.58557826662177	0.681302812577655
-2.58468514934926	0.681926813759725
0.139073148904902	0.0266055202308437
0.641203436908402	0.204828865510354
0.132517398019614	0.0400248322660559
0.640658905761581	0.203950748563405
-0.323559401835235	0.149807230374502
-0.370192063582796	0.107755133242033
0.354728841466415	1.05949484634914
0.523656341922707	2.12293289318743
0.628080132005254	2.40055337229718
0.573307250559092	1.88593889550452
0.139623473665652	0.268038147615344
0.194854781875135	0.349673473410662
0.285422236329633	0.532049178435568
0.427896018558397	0.957247508068258
0.425342804822481	0.933733963874666
0.335911265922852	0.568921645802414
0.506358090517167	0.959557288513677
0.337662319875712	0.589802876184691
0.405029633382037	0.712406167395216
-0.125353688392859	0.14856081869522
0.319542516595021	0.477311332155922
-0.365872365239098	0.523782459451439
0.0340477582061443	0.0341051832023075
0.627448248337171	0.750095342654457
0.875570808865538	0.89395252281266
-2.24802765429092	1.85473854261625
-0.802135935498951	0.617674715160232
1.6434191082814	1.49802276542647
0.835354404302708	0.755409934843372
0.0107743286183098	0.005747712446028
0.15141162840432	0.0924078900569292
1.64037331684662	1.47301763804255
1.22479809836375	1.02291563313123
-0.0732082920161014	0.0323430675314121
1.42795516831077	0.478570790474717
1.79563632322604	0.704599241543694
1.55753977551937	0.771653479704986
-0.372967191440885	0.109879462987979
-0.368201646064937	0.107458491723104
0.432605112236327	0.173803370611223
1.05019394222672	0.505616700435567
-0.653515136282054	0.159727161117317
-1.54563063269447	0.560692390639586
-1.16076621190063	0.359385238156804
-1.05384695295636	0.432037760899314
-0.545700874243755	0.206679593057808
-0.744055499890896	0.258369185064904
-1.04823939227333	0.424436916831073
-0.333286195124615	0.149461862260595
0.847938897680381	0.615094806751615
-1.33979369188133	0.839602182430366
-0.505989803376668	0.267935293753142
0.150604841812989	0.0857929027895251
0.269774501802984	0.200860908491804
0.0374361544038379	0.0229118076128568
0.925335174824177	0.243267565805426
-0.165633878223146	0.0608230448483071
-0.654514463701247	0.160265207029626
1.95256933090985	0.464168557061862
0.433420871313236	0.174895185886725
0.299175187333668	0.192998298327104
-0.409467319464802	0.285439675497005
1.26780468183035	0.685562978884668
1.23656925973993	0.850179054665229
0.37484178919252	0.167265496175389
1.63990772149138	1.50274656000678
-1.11273137645513	0.761825613095215
0.127549585831426	0.0385072991721353
-1.05086905245911	0.84073847518095
-1.04851378907912	0.424859501269914
1.04098721144017	0.498601361008876
-1.75410678213143	1.88299635538444
-0.259100409980152	0.128444148044699
-0.455154549035504	0.360021511887645
0.398154327702095	0.325589823371665
0.28055987171679	0.211992786192849
-0.400623079215585	0.354488274914713
0.0774698411371678	0.0566121175411876
-0.295590666888366	0.216817226401135
-0.259368850929213	0.19496292412782
0.777021180201735	0.604493444972957
-0.484517327918725	0.460858905727742
-0.496872331143992	0.500516595482584
0.411088731695812	0.309631892673169
1.60831248906578	1.10304130402297
-1.04825804245851	0.430881776490226
2.08429028619333	0.934651562790532
1.07578376777698	0.652983171670057
-0.618763311534973	0.302466954406303
-0.410788407642713	0.23415932208807
1.11160045548326	0.983437976727195
0.0954742355807008	0.0726459511474463
-0.518495808002823	0.399344962178855
-1.30606223327244	1.61674590880839
0.160243304415977	0.109815948054621
-0.0993236676964739	0.0610662218339645
-0.455284088018453	0.359955896134047
-0.937468936259317	0.68459284514494
0.694918973651084	0.449560550717981
0.903907096233162	0.773255725098145
0.376984253851909	0.168295315532695
-0.413723517512865	0.175732979945065
0.131405301493996	0.0450882414222608
0.805863302134345	0.344881526276407
3.622744731928	1.40801772966037
-0.648677249821696	0.158587087101144
-0.648677249821696	0.158587087101144
0.925979622549504	0.243736825113843
-0.241840209542203	0.080476940077082
3.24830720791551	1.09477551568481
2.73535327456831	1.65330700492695
1.42719460355007	0.477448564652232
0.644424999818512	0.207579266186308
0.132318328682527	0.0452503254788254
-0.0712099446479961	0.030675218024594
-0.0776552098612227	0.0492829385146727
0.283583638291278	0.204382831740699
0.527708102533761	0.30179968056756
-0.163211346126354	0.093890358072502
-1.04851378907912	0.424859501269914
1.42795516831077	0.478570790474717
2.74531503858304	0.788587032684406
0.133516783675935	0.0336393793939088
0.884030197846713	0.892248795833699
-0.0339139567137724	0.0225452280046475
0.408915619289812	0.429633694435099
0.172317047817645	0.12319675668737
-0.0160079264645362	0.00818460214550859
-0.318803796448453	0.149077156959207
-0.205253961478139	0.110920101451424
1.79570418994076	0.710490111832351
0.508781691198075	0.185680235788344
2.7489176254429	0.781882431670721
0.135568968576203	0.0339891491304889
-2.58945281070023	0.683631203527574
-0.372199398666119	0.10861997456099
-2.58468514934926	0.681926813759725
-2.58468514934926	0.681926813759725
1.04949426648492	0.516016321322475
0.719004004701459	0.596019648971746
2.09439244536298	0.948783083649303
0.138169594891086	0.0265198668009027
-0.649961670532414	0.158635340685799
2.09144561382562	0.93889144203748
-0.371195854454092	0.109335251451445
0.138547275345784	0.0347818496624983
0.503634604531393	0.181750809305392
-0.370192063582796	0.107755133242033
0.802291828206662	0.339135616468798
0.925979622549504	0.243736825113843
2.33745675302213	2.67619943571164
2.32831596007181	1.16684659830358
-0.37373542401889	0.110004299970677
-1.16180306616162	0.360626829502971
0.640432049403559	0.206671110179374
0.141628868364635	0.0268733845859336
1.4308149383669	0.474993175817053
0.925335174824177	0.243267565805426
1.79570418994076	0.710490111832351
1.95256933090985	0.464168557061862
0.803396428962993	0.343865653568856
1.75670795423375	0.981332676267987
0.927971507294548	0.243537608899139
0.489357068947547	2.12116600462553
0.78566074567146	3.81802845030548
0.317926305062437	0.892770565870778
0.146815990157879	0.275749741520054
0.0702779943454337	0.103225876069916
-0.359283791145115	0.682757970102284
0.233411540330338	0.380510668988541
0.346974665373348	0.601289676316954
0.653874442650139	1.1632888402923
0.314045436977734	0.490730639109826
-0.41359050330229	0.667118192753251
-0.417443294411327	0.548495564492255
-0.201334085325849	0.253187109786876
0.0971857300460661	0.10511055622844
0.528764477180985	0.441107229360708
2.33438547646625	1.17016321502236
1.60881014861691	1.12910670530083
-0.263520519309138	0.200425435019228
0.631899766805282	0.440171373300719
-0.0695733465711046	0.0437388683963755
-0.0713529617171763	0.0453304643273817
-0.563510282068211	0.358413576791933
0.594825054588365	0.303998869988574
-2.4835683574276	1.39350270597439
-0.107014849013301	0.0427565829834279
-1.84190336279857	0.769704627409186
0.126591754435651	0.0434512482036923
0.641203436908402	0.204828865510354
-0.23788425127927	0.0784171557797199
0.130491514010977	0.0447267681525709
0.133502874099665	0.0402503094723903
-3.09343711568729	0.972052225554497
0.646199645243868	0.204301808848624
1.42795516831077	0.478570790474717
0.926329332609966	0.245803896301602
-0.536598984622011	0.209038089032502
-0.645977108318167	0.157387277340251
0.675641318219284	0.318864643581878
0.151314695403952	0.0922419699592215
-0.163211346126354	0.093890358072502
-0.2344437106668	0.153313281588974
0.352349666304454	0.178009324678032
-0.00366842745545348	0.0017351766831847
1.01005776396623	0.384301698232896
-1.80190156331263	0.405310176911618
0.142698404858563	0.0359575700897484
0.505766542576991	0.183848744269859
0.00660716075628296	0.00361307644476994
0.643370302137585	0.444978444253457
0.3247451952173	0.177269315024478
-1.69164083932895	0.965227816590986
-2.09399808074663	0.980549459513818
0.430700215324852	0.175008159531737
-0.686994912111446	0.484910999557051
-0.0754508410087536	0.0331931665515138
-0.751444890588777	0.263713332527736
0.431680677694771	0.173490632341558
0.63533835195479	0.202617768704467
0.59736125603941	0.314055068499086
-0.0268962912599483	0.0132649545728636
-1.05602795915331	0.837360710038914
-0.497541556571045	0.430198771410284
-0.721050414874149	0.743519441933709
0.118172871492464	0.098978319633307
-0.577805741857312	0.538738031710131
0.0845324366707666	0.0621803470291198
0.594204301540331	0.536975392563363
-0.802924137788991	0.893162127678884
0.549775150530734	0.429254769755161
0.5574756608802	0.550306360817441
0.0295944913312784	0.0180429249135374
-0.965128774399	0.587862123031168
-0.532994544628155	0.203350029163399
-0.791086930979309	0.426381293315907
0.640204384260695	0.202440736609696
1.01889870976503	0.3812744849764
-2.48358348835002	1.40529688423834
0.79993415790714	0.338364150330313
0.377336180340363	0.170103151768751
0.82689035343397	1.07123179811564
0.415593027192811	0.318019398138036
0.451482864078852	0.301812746973539
0.151862144332594	0.0632842135469046
0.00465436079257799	0.00258374145139507
0.161985716002232	0.0992223327541595
0.565736043799792	0.447799056586491
0.504822188982883	0.184110918199219
2.09266208534358	0.949177804895113
0.499438878411928	0.178227149702229
0.50902590722156	0.185473067884794
0.677212662154594	0.317491908475002
2.7462498006239	0.778261278020301
0.640204384260695	0.202440736609696
-1.54160829876422	0.55434455678103
0.92732486785368	0.24306890205782
-0.649677393302236	0.159121336474823
1.79570418994076	0.710490111832351
0.328301473546226	0.179653857877882
1.42616742954426	0.471762089576048
0.137716344096337	0.0264356853006178
0.886850581301755	0.481641910239333
-1.30538773109704	0.600022011439438
1.34310635413478	1.18177276817262
0.640611945721421	0.454559723468346
-0.960163911348772	0.590550727974614
0.155776768024639	0.0887076335131553
-0.167795132472293	0.0613751270235051
0.133502874099665	0.0402503094723903
1.79792720273559	0.699424862602515
0.861182050434902	0.977117861928514
0.591017619127275	0.792011726546393
0.17280091066795	0.138177763289695
-0.223961203406444	0.192493250399935
0.0260795945810393	0.0222160637756754
-0.402958580141933	0.385181858194458
0.289903386844462	0.214976255135358
-0.347363840428441	0.24623517176682
0.592804774328391	0.308186929697014
1.26557140349225	0.691980587512407
-0.37373542401889	0.110004299970677
-0.378051187678928	0.111023447161183
0.134489699809032	0.0400924429288267
0.926974875419701	0.246284209674963
1.95256933090985	0.464168557061862
1.95256933090985	0.464168557061862
-0.161323141410888	0.0593428238464744
-1.80211551800213	0.40518546889285
-2.58513149511835	0.689509113042442
1.06928658753446	0.64939630046149
1.01155779435024	0.385777953603479
-0.659391095185893	0.158977027492346
0.138169594891086	0.0265198668009027
0.926974875419701	0.246284209674963
0.129278986113907	0.0386815864932076
1.42616742954426	0.471762089576048
-0.650318276706871	0.160755761640221
0.926974875419701	0.246284209674963
-3.76852422420012	1.52461461294132
-0.645977108318167	0.157387277340251
-1.54211096447874	0.565956548030536
1.31397906412597	0.573633430312359
0.129032375066658	0.0491949992686883
0.498736731149331	0.179281907261331
1.01496655409926	0.392016410565643
-0.374056649896452	0.10984667872003
0.137033206871248	0.0343903632230145
0.133621657798323	0.0257280473816019
0.13840812259958	0.0408921198665596
1.95256933090985	0.464168557061862
-3.468495517409	1.24545977066643
0.142698404858563	0.0359575700897484
-0.750699276625547	0.264252450117151
0.326089643434227	0.178923536223862
-0.370960450535942	0.108999469994633
0.51279588920195	2.18848638344636
0.282123262302234	0.955053658861422
0.0783069744120534	0.13457344408388
0.207834218103605	0.429402541367551
0.20501331798744	0.427199162760881
0.281273423367405	0.606216125435883
0.218190799907197	0.38165301062893
0.0868511906872235	0.102178492878226
0.179353523141932	0.265941430496708
0.534157663695294	0.963829501054324
0.519281043642748	0.709630091281281
0.623320425609275	0.988493992645381
0.744339830582556	1.25071834712382
0.374324401635706	0.563244417891331
0.0917490317271763	0.119698524228093
-0.321679641885352	0.504061694077039
0.161398199243385	0.208689698976784
0.32252980183621	0.529846183555852
1.96322200386735	3.46713105285154
-0.110876640622088	0.0448924725384674
-0.54259671069596	0.204361836918484
0.641203436908402	0.204828865510354
-0.0197133111719919	0.00997287870104449
1.10383708699085	0.811987761464537
-0.725898427239122	0.747878029939765
0.380640862153908	0.171894154360853
0.808300040945747	0.342286925855588
0.680821892067524	0.321997991694214
0.133502874099665	0.0402503094723903
0.135185873505605	0.0402401710200621
1.01155779435024	0.385777953603479
1.01074601962064	0.385312386444489
-1.54033413653663	0.562613885619299
-0.543812857487076	0.209534702759096
2.74438259751335	0.780038400688451
-0.381393591442191	0.111085050560728
-0.646622749070198	0.158987296788642
1.00659170771323	0.383129425199669
2.7479767545239	0.782066977880158
-0.367964462335371	0.108363329225903
-0.744797769739109	0.261223376171582
-1.80190156331263	0.405310176911618
-2.58899611685113	0.683672524401667
1.30769071044512	0.580821984597342
0.595200311768645	0.310798207902781
0.669933543252313	0.313410463284172
0.0475910023852692	0.0304591231099377
-0.558046395472173	0.358499826866795
0.94878322551064	0.635949557416024
-0.206567013022378	0.195321898841716
0.118541765158527	0.100896607341156
0.183461800594668	0.150662101186315
-0.367964462335371	0.108363329225903
-0.791989847080709	0.423774733166021
0.0864017654701392	0.0610131198514827
0.288692648665432	0.195825964914035
2.11261131698013	1.4894747852763
1.05040313922884	0.518133696966867
1.79570418994076	0.710490111832351
-0.412023967856777	0.225072889214567
0.348685968829682	0.176546970120616
-0.350020207220469	0.212527660399885
-2.09984244616012	0.971605373793925
0.642202725024316	0.20486814652215
0.131469439929658	0.0389941114854996
0.134986889048387	0.0462856031126629
1.07575168453648	0.665444902236586
0.484366072392693	0.29874770422253
0.177328656749522	0.142237561382679
0.368502665605608	0.423630059977995
0.176110331770997	0.130783293931502
0.165078071337476	0.117846884592339
-0.144555153874163	0.113614153448826
0.433882370530613	0.418608247270478
0.245826092291703	0.283880423102731
-0.522941328682426	0.399822838254108
0.717000019680986	0.585566730265205
-0.273753443466181	0.262693612073834
-0.41931802572829	0.236697164193946
2.33577604148799	1.18742693832559
1.95486898145442	1.19567786665398
-3.09280325935961	0.972693856185307
-0.112830731237178	0.0443386773079892
3.2493353238897	1.10864834370629
1.01080793058073	0.389781480211188
-0.500883690466975	0.261110047777789
0.179451502234387	0.152703971365598
-0.089765519902714	0.0674373799795998
0.700518847719589	0.455443763059163
0.128549695970254	0.0548313739151234
0.333635078545639	0.184252461500861
-0.00320653238515905	0.0023357906640193
0.031732908725207	0.0182632679787333
0.59493479458605	0.446479224555982
0.381722533875872	0.171965476909828
-0.753925861436807	0.267481396825324
0.142425808142815	0.0356096114179749
0.138547275345784	0.0347818496624983
2.08652881445073	0.929140985441339
0.596468791110989	0.314139878149124
2.09341097070047	0.951512192253766
0.138169594891086	0.0265198668009027
0.137716344096337	0.0264356853006178
0.138169594891086	0.0265198668009027
0.106857885590126	0.0865660191697086
0.128273953571336	0.0435604712556113
0.641431038909059	0.206705899790905
0.929670085417592	0.244778423912617
0.139576085242422	0.0352987079074651
-0.653515136282054	0.159727161117317
0.16516360879804	0.113288664948677
0.164215002857026	0.127829804735552
-0.800312927579183	0.921415476462858
0.38116759551991	0.315637992341895
-0.560040183150198	0.595148098252135
-0.378051187678928	0.111023447161183
1.95256933090985	0.464168557061862
0.821098158294776	1.05372655437366
0.695551504511893	0.873742347323699
0.40446191813058	0.521259783501456
0.854014780090851	0.974114092797917
0.339906637949572	0.302665001590439
0.0416418608940939	0.0367560702243754
0.0479905203583585	0.03686672492369
-0.597405643823931	0.74206412112887
-0.240296520072155	0.235662504128539
0.307880871131113	0.335774514775955
0.313453717101334	0.185159771649268
0.126989036599047	0.0484604618783854
1.94927875867265	1.22385648827129
0.504580075605894	0.183905699075097
0.141628868364635	0.0268733845859336
0.137716344096337	0.0264356853006178
0.133264717489137	0.0398651258030508
2.74438259751335	0.780038400688451
0.137790482671227	0.0349173015404508
0.138618353811657	0.0265211219118666
-0.539919082620629	0.210635134915098
1.30906895135202	0.585546772041702
0.425739020701106	0.171797865158022
1.79063227897974	0.701853790205257
0.138818714405564	0.0354421828043769
0.138618353811657	0.0265211219118666
0.926329332609966	0.245803896301602
0.930671315320304	0.244899140334393
0.133621657798323	0.0257280473816019
0.133621657798323	0.0257280473816019
0.132967462222848	0.0450628838470658
0.63611382542294	0.202940731306447
-0.377823620534237	0.111128034755999
1.12279417215331	1.09176830159143
0.126756720674171	0.0482899270330802
0.137716344096337	0.0264356853006178
0.133435113675883	0.0394923327104963
-0.653515136282054	0.159727161117317
1.95256933090985	0.464168557061862
0.137716344096337	0.0264356853006178
1.54788837270478	0.766951201950055
-1.16180306616162	0.360626829502971
-0.368970569520409	0.108704530129129
0.133621657798323	0.0257280473816019
-0.622463529417997	0.303470935584768
2.09022812164202	0.945927753511983
0.50337626011421	2.19822016428257
0.400398619503768	1.38188633191881
0.341566821270261	0.836774877955684
0.483183110411029	1.39545128353179
0.503948629684398	1.46075696602704
0.60058118029952	1.70784335110378
0.417457226973843	0.842920776341801
0.0509336557667806	0.0503566260980179
0.0121826222890682	0.0132808764324842
0.535532710235199	0.903748586467446
0.321350538672709	0.336364649040426
0.423960927569918	0.51592259466278
0.677686702519705	1.03411194229142
0.490551437947924	0.676676450006535
0.766235339569527	1.35495844525351
-0.154975665568447	0.170733382375851
-0.0943928929849746	0.0970549150321964
0.547215424600115	0.902671069038462
0.866271685497809	0.995633374983147
0.323810166988372	0.176983288366587
2.74438259751335	0.780038400688451
0.640105850465034	0.203838328173808
2.09069571556961	0.936618721395183
1.7959287507101	0.710356981550796
1.76790142705701	0.968968954774509
0.128463635326266	0.0493757620403598
0.589530263328609	0.305450808433336
1.94960017784595	1.24096219156804
2.73315133644063	1.67630339226483
-0.323512747184136	0.150877869497942
1.01520360297676	0.386582739475358
-1.80190156331263	0.405310176911618
0.925335174824177	0.243267565805426
2.09341097070047	0.951512192253766
0.5071360209819	0.183347399230339
1.42293417334597	0.472946291653134
0.138169594891086	0.0265198668009027
1.4308149383669	0.474993175817053
-2.58899611685113	0.683672524401667
1.7986632649824	0.695887804785882
-1.04569085125238	0.424269012979002
1.95256933090985	0.464168557061862
0.132517398019614	0.0400248322660559
-1.80190156331263	0.405310176911618
1.01450619014864	0.381688299080763
-1.04991224513861	0.426593579308661
1.06027925806343	0.502356187006011
-0.244428546932055	0.0805963435476292
0.404348422344635	0.3020145033625
2.09758759763192	0.938434430282536
-0.623673772515759	0.300238921123147
-0.156160907272674	0.125443559571638
0.423403959718844	0.413852388622444
0.382614509481889	0.172063843860674
0.141114729276534	0.0466179282114715
-0.239280214302503	0.0797093161228399
-0.77785118392575	0.339493548322418
0.988123573616674	1.13730924855136
-0.811352670244677	0.534342385478443
-0.0737008847864396	0.0324218177454584
0.642202725024316	0.20486814652215
-1.29451143883044	0.600706476246576
1.26125032267308	0.671511717181725
1.09333396926588	0.826241928070266
-0.540837584872468	0.211287314007882
0.64519752559114	0.205734411961475
-0.649319222104321	0.16021039083734
1.54757688619462	0.766421304884915
0.509725648789814	0.185898565895246
-0.685306399806829	0.478204799352003
0.12685424655362	0.0433860144624846
0.538641404077836	0.445731751103299
-0.513016172102218	0.50315656280737
-0.0615427779155919	0.0390227506683176
-0.162585348370699	0.0930643628148792
1.05764022367615	1.23615926056123
0.175095130620316	0.143038246068614
-0.418670005534176	0.430453662539507
1.13490658847253	1.27910100646198
-0.810887802094444	0.703265999874959
1.02902965225921	1.42598689310435
0.785274413559976	0.468664817598977
-0.376278890867832	0.110765860075796
0.506227015255489	0.182899351925803
0.133676190897627	0.0451799827147991
0.92732486785368	0.24306890205782
-1.80211551800213	0.40518546889285
-0.247688428186081	0.0823916105388393
0.128532989649213	0.0387330108702786
-0.88061616169815	0.896400694462436
-0.896766400658081	0.913291848559568
-0.321580467164719	0.147230460478024
0.148614971011217	0.0545194513298133
-0.0447148605165156	0.0212428067616241
-0.190442866381484	0.126943272472826
1.07308694664784	0.659098122303309
0.132754372873048	0.0334623448971025
0.644802934092959	0.446517090863519
-0.376278890867832	0.110765860075796
0.925335174824177	0.243267565805426
1.42795516831077	0.478570790474717
0.141628868364635	0.0268733845859336
0.925979622549504	0.243736825113843
0.926329332609966	0.245803896301602
-0.649677393302236	0.159121336474823
2.74531503858304	0.788587032684406
0.926329332609966	0.245803896301602
3.62467162070288	1.43500145314363
0.129032375066658	0.0491949992686883
-0.122234641926366	0.0891599733472293
0.817676990792759	0.848604489727254
0.376796890626774	0.170142176796762
0.871262543424248	1.002497163426
3.91543307449018	1.71602442481913
2.74438259751335	0.780038400688451
0.139576085242422	0.0352987079074651
3.2493353238897	1.10864834370629
2.7462498006239	0.778261278020301
0.350573760328011	0.32476995623897
0.595053908469617	0.551663017177597
0.342925944079749	0.316987745546191
0.83487369658406	1.40304384787786
0.328326904354049	0.324531113453793
1.43159553179206	1.59706899442128
-0.635111501829217	0.574303406946364
0.0527169003926311	0.0440033186593515
-0.174422212937148	0.152534014907623
0.0131567784492573	0.00941728964067352
-0.249731996605903	0.232405565086041
-0.558137837191213	0.597732546358511
0.307983147197145	0.328522412260694
0.131947928994692	0.0390584570073534
0.683295886413862	0.321423944540654
-0.367964462335371	0.108363329225903
-1.54134641011664	0.564552208534783
-1.04921291121102	0.426520143491694
0.141168720466643	0.026788068800843
1.95584693887656	0.462330835133922
-1.80190156331263	0.405310176911618
-1.80211551800213	0.40518546889285
-2.58513149511835	0.689509113042442
2.74531503858304	0.788587032684406
0.63533835195479	0.202617768704467
1.30906895135202	0.585546772041702
1.0568438180163	0.508707503321914
0.772237581989522	0.591445022731816
1.51540954899388	1.8178979710477
3.62168394400497	1.42736372029797
2.74438259751335	0.780038400688451
0.138169594891086	0.0265198668009027
0.145565146619046	0.0360310894434119
2.74438259751335	0.780038400688451
3.2493353238897	1.10864834370629
2.74438259751335	0.780038400688451
-3.468495517409	1.24545977066643
0.93002098112329	0.244423585041229
0.135931183146639	0.0408601823442341
-0.645977108318167	0.157387277340251
-0.375278197967961	0.109168764094764
-0.37705103334154	0.111772840936855
-0.348695897678806	0.211161805093191
0.504822188982883	0.184110918199219
0.137716344096337	0.0264356853006178
0.143458160699927	0.0358142984417619
0.138169594891086	0.0265198668009027
-2.58468514934926	0.681926813759725
1.43108326772595	0.478167346987275
-3.77336026249091	1.52994227958119
3.25318829374075	1.10976895754928
-1.80211551800213	0.40518546889285
3.25036486382959	1.10725094810752
-0.754915023302398	0.265106216530069
0.641431038909059	0.206705899790905
1.95256933090985	0.464168557061862
0.205375819250715	0.683098320995275
0.532475171762832	2.41867833625929
0.492792736274156	1.21519135757621
0.714197711776928	2.28688623091291
0.329064964948884	0.839947360264681
0.52379847153027	1.50478202086855
0.322430450784821	0.725238924421135
-0.0737888784591446	0.0744603882639958
0.34267962090596	0.602034554997666
0.489474507036126	0.766122575096159
0.984809590370019	1.57633494561502
-0.0184520346836815	0.0161669882164768
-0.231596481380417	0.213254262634214
0.457332526695921	0.765644927652986
1.07584167545365	1.96035702034517
-0.0223767834640619	0.0233984796149064
0.151772071215709	0.216947573709268
0.11715656377816	0.156283462706067
0.399388729528809	0.78383383165924
-0.0867481580999831	0.0713505141222342
0.677914322074604	0.316955307292222
2.08849476509833	0.9440485467898
0.508781691198075	0.185680235788344
0.783110924917556	0.849994745880221
0.517850433089443	0.619436088264427
0.776637451995134	0.609206655146307
1.04610704894877	0.51238392387227
1.04732145218183	0.507332776343911
1.31071131737431	0.580370529078579
0.135557135793726	0.051470758559678
-1.10459322075842	0.749772271923653
1.23737038772259	0.851709103707498
4.37013447103938	2.30282216271903
-1.54186427014847	0.562391050588268
-0.540188763035123	0.210389950149253
0.648207567850117	0.202781585382309
0.137080532436617	0.0260826732150604
-1.16680976292454	0.361321943590249
0.133264717489137	0.0398651258030508
-1.16501672782279	0.357025208830094
0.139073148904902	0.0266055202308437
-3.09739452059542	0.972553736075869
1.95338582999428	0.463576578510391
-1.1600126841405	0.35529503686347
1.95256933090985	0.464168557061862
-0.37705103334154	0.111772840936855
0.504580075605894	0.183905699075097
0.640204384260695	0.202440736609696
3.91752706378917	1.7353819299003
0.133313004084395	0.056949834160382
3.17888118778103	2.49137874112079
0.62262935716865	0.653634962096945
-0.615823417152397	0.296506690652635
-1.34530255536777	0.848321209747589
-0.145658134571756	0.104441057090506
-0.541555690937396	0.532598815975041
0.00466464806251471	0.00346272950759844
0.132654721583242	0.055593497694963
-3.09216987140428	0.960869115746174
-0.796704670965126	0.433500537264648
0.296820284205269	0.191387187031466
0.612423171262456	0.565735243118004
0.136410468281151	0.0654789499443106
-0.537517418286813	0.207787642934785
-1.16152021660948	0.35929571617842
0.596468791110989	0.314139878149124
0.42409602647345	0.318643577630114
0.681390022630868	0.321647044775536
-0.239280214302503	0.0797093161228399
3.24830720791551	1.09477551568481
1.7959287507101	0.710356981550796
2.74531503858304	0.788587032684406
-0.989727107019184	0.49416154643739
0.152377028199954	0.079614844747681
0.0636735682179475	0.042632337389945
-0.549106658817661	0.656518210831355
-0.127819243827732	0.0770406730397384
0.978563137153872	1.05748441343819
0.428261502545295	0.412580357406041
0.584102888825896	0.743534630126533
0.2489129414037	0.28598912019596
1.34943266769198	1.24362465397248
0.0839768927526227	0.0593487248839572
0.494389533797831	0.667293263223685
0.165028023552644	0.107559238888405
1.3048691446356	0.580886125685909
-3.09280325935961	0.972693856185307
0.508781691198075	0.185680235788344
3.62360809261866	1.43608472685745
0.139576085242422	0.0352987079074651
0.429430403324828	0.174308914564631
-0.118586866959407	0.0472095058084317
0.478336404429758	0.625290713262528
-0.0689771939208742	0.0441938849960069
-1.16076621190063	0.359385238156804
0.132517398019614	0.0400248322660559
0.137790482671227	0.0349173015404508
-0.200658145333936	0.154792522630029
-2.46929069918964	2.37317255740441
0.129055684053971	0.0433702031423471
0.429693126908149	0.322086819401194
0.0930640789051799	0.0706065014602562
1.42795516831077	0.478570790474717
1.95256933090985	0.464168557061862
0.138818714405564	0.0354421828043769
0.816281215476974	0.957101438583933
0.644195640504139	0.203891935709909
0.924819524550708	0.242047041172073
-1.80190156331263	0.405310176911618
2.74531503858304	0.788587032684406
1.95256933090985	0.464168557061862
0.141628868364635	0.0268733845859336
-1.80190156331263	0.405310176911618
-0.371963944093828	0.110621992809151
1.59498314815228	1.94203097610446
0.319033030599317	0.348908016313531
0.189243197511913	0.168854971657539
-0.041701189483626	0.0200088546579432
0.455983046859642	0.426954369944255
2.09242869183638	0.949346787975783
3.2493353238897	1.10864834370629
1.95338582999428	0.463576578510391
-3.468495517409	1.24545977066643
2.09067142670581	0.918566910645788
0.402124316249325	0.418352644363418
0.521199237699901	0.625707934339765
0.308979931833564	0.364594050521999
0.429065020190722	0.509229340707753
0.225617209576958	0.29299870745707
0.288729032947552	0.205170802901355
0.484457122825961	0.602868985764707
-0.697238365208961	0.906249267196967
-0.737479504177724	0.917505623339279
-0.830440283274684	1.28989702594852
-0.291418752215863	0.372581385240184
0.310706265775988	0.34989111232124
-1.05270440983302	0.423182877493502
0.140107423802322	0.0413029130612869
0.127549585831426	0.0385072991721353
1.0127751373005	0.389769011989825
0.138547275345784	0.0347818496624983
0.138618353811657	0.0265211219118666
0.138169594891086	0.0265198668009027
-2.58899611685113	0.683672524401667
1.95584693887656	0.462330835133922
-1.80190156331263	0.405310176911618
-1.16076621190063	0.359385238156804
0.134526944690639	0.0258144647389653
0.134526944690639	0.0258144647389653
1.05348765191887	0.508825959834105
0.80318427798285	0.951785553107016
0.78840275387742	0.744108570914341
1.01815356301985	0.385097139541497
0.133621657798323	0.0257280473816019
2.74531503858304	0.788587032684406
2.74438259751335	0.780038400688451
0.138169594891086	0.0265198668009027
1.95338582999428	0.463576578510391
0.137716344096337	0.0264356853006178
-3.77488446443192	1.52874110171612
-0.748962934462903	0.265874158565463
0.930671315320304	0.244899140334393
0.926329332609966	0.245803896301602
-0.994326931113019	0.491834322725082
-0.280357180712858	0.175105820075958
-3.46998743660351	1.26411646563651
2.74531503858304	0.788587032684406
1.95256933090985	0.464168557061862
0.133621657798323	0.0257280473816019
0.13377964661681	0.0339655613686654
3.2493353238897	1.10864834370629
-1.54287595262912	0.564324390459102
-0.383166854456112	0.110600439217772
0.929670085417592	0.244778423912617
-0.408525359595675	0.173562292508035
0.137716344096337	0.0264356853006178
1.95256933090985	0.464168557061862
0.275555292597023	1.38841504196758
-0.107528129867796	0.352721647844615
0.164021426770683	0.417527193830114
0.0965241019926623	0.219897516932396
0.283623047515046	0.942875151296269
-0.0342969789665413	0.0637038696061137
0.0427637391986924	0.0693148371028278
0.447228675486719	0.916083588178931
0.456547879645599	1.15063769009493
0.607337991643973	1.44646675660558
0.286611072085051	0.360398972184527
1.04498633967573	2.39477194529279
0.671125012640744	1.09875795478212
0.491363459011797	0.983264659187858
0.712487809423243	1.672576195755
0.26758449730917	0.45270888523072
0.889305465922883	2.82516163875516
0.196970996948158	0.30417664910228
-0.100706185628328	0.0821596450818493
0.493604644715661	0.310235000328025
0.130105167826918	0.0446113493171228
-0.245843244265103	0.0802194831942887
1.42925034845688	0.471239687923602
0.338267640087816	0.333991221590285
0.497278129404163	0.847359906057226
0.644644666361227	0.585745519292481
0.143216264125839	0.0756052479789865
1.26557140349225	0.691980587512407
1.30580229922326	0.576935208796654
-1.23850736180647	0.941600548552389
0.52819807346163	0.440668106443131
-0.617363775826488	0.298920776015589
0.893677215754573	0.480836433204756
1.42795516831077	0.478570790474717
0.138169594891086	0.0265198668009027
2.74438259751335	0.780038400688451
-2.58513149511835	0.689509113042442
3.25318829374075	1.10976895754928
1.42795516831077	0.478570790474717
2.7479767545239	0.782066977880158
-0.156410859268319	0.05671112596927
0.139576085242422	0.0352987079074651
1.42190933723257	0.467369829987504
3.2493353238897	1.10864834370629
-1.2999567634103	0.607427613348062
3.25318829374075	1.10976895754928
0.639433294916704	0.204223062388441
-1.8471013721322	0.774661148617268
-3.77336026249091	1.52994227958119
2.72272863065584	1.66324975197188
2.63333767248234	2.54671980048987
-0.815303602018308	0.625600410435997
0.152542832915113	0.0866079862835099
-0.256016617058634	0.128565556153094
-0.963738469492104	0.591862789982875
0.170685236296384	0.138205446240151
-0.473795453814093	0.564767074833029
1.36654873060193	1.81498823788789
1.23107250459575	0.830386235990874
0.129840797352239	0.0445844341304171
-2.58468514934926	0.681926813759725
-2.58899611685113	0.683672524401667
3.61956389250147	1.43028882967321
0.509725648789814	0.185898565895246
0.927971507294548	0.243537608899139
0.926974875419701	0.246284209674963
0.136410468281151	0.0654789499443106
0.377519090920393	0.317481851333091
-0.622888316646348	0.502859595407697
-0.295074228662653	0.185627510501074
-1.50605218074536	0.775679282877028
0.418108882583009	0.164165762759779
0.311571151413693	0.183765790142769
0.640432049403559	0.206671110179374
-0.24437523550233	0.078363563944214
0.139073148904902	0.0266055202308437
0.505766542576991	0.183848744269859
-0.708007748259725	0.628298288629864
-0.250642819101633	0.126536888563547
0.893212125879325	1.11912739368183
0.200699068583231	0.201887046644577
1.11158917857968	0.980777770824523
0.780780960009012	0.614860513345221
0.043851933282902	0.0271053219412963
0.345279825711294	0.322475588898759
-0.348644555683459	0.405228126878969
-0.298572042030976	0.217366174337719
0.286131122104059	0.205427503373032
0.249626272185494	0.23796182539461
0.154626340059704	0.100512946804928
-0.24933364489508	0.0820914459040719
0.138169594891086	0.0265198668009027
1.01595055020248	0.392095167936931
2.08826346784154	0.942765758491391
-0.248633515605828	0.0819034838488796
2.08728138566165	0.931388033103116
-0.286919379523117	0.178765322810772
0.254188372897256	0.255415205620232
-0.277800930473431	0.23271045472823
0.380121707371162	0.172795499204357
1.30160840250665	0.573222303587342
1.0772511839728	0.659684274630355
-0.446784257202557	0.395208677103302
0.427302889738451	0.305926731680393
-0.617329279333499	0.301150841900563
-0.542400554139707	0.540894997079311
0.260238034442364	0.216941484860444
0.128296084606295	0.0384571369192157
-0.54110730002075	0.208535025061615
-0.650318276706871	0.160755761640221
-0.371963944093828	0.110621992809151
2.09562316418738	0.929819753473407
-0.0587969186550124	0.0444853325821186
-0.746534217740653	0.262483449927324
0.138169594891086	0.0265198668009027
1.95256933090985	0.464168557061862
1.95256933090985	0.464168557061862
0.926329332609966	0.245803896301602
1.95256933090985	0.464168557061862
1.95256933090985	0.464168557061862
0.138818714405564	0.0354421828043769
1.52187857117936	1.84829064284181
0.323381277900501	0.327269523896344
-0.552773834439143	0.585070430611449
0.429624236740232	0.309089345840264
0.301103597552334	0.31482939029595
0.390420098017435	0.426928000866644
0.732365367436541	0.990636527225923
0.288030213878406	0.206308176974681
0.405425561607123	0.410214906673096
-0.537177260401449	0.840852909340872
-0.24794338661723	0.230466768562294
-0.431244405736148	0.493096916933526
0.193678516718703	0.195076861136837
0.0791959578069994	0.075463987029124
-0.575149657995959	0.858563581008151
-1.68605747464206	0.957955764292689
-1.05314945343007	0.432914540626917
0.795659865725441	0.335010077352381
-2.58468514934926	0.681926813759725
-0.649677393302236	0.159121336474823
0.138818714405564	0.0354421828043769
1.95256933090985	0.464168557061862
-2.58468514934926	0.681926813759725
2.7462498006239	0.778261278020301
2.7462498006239	0.778261278020301
-1.80190156331263	0.405310176911618
-1.80190156331263	0.405310176911618
0.925979622549504	0.243736825113843
0.134542642796399	0.0341445690681232
0.640105850465034	0.203838328173808
1.95256933090985	0.464168557061862
0.133621657798323	0.0257280473816019
-1.80190156331263	0.405310176911618
1.42898338960615	0.478193832396807
0.138818714405564	0.0354421828043769
0.640432049403559	0.206671110179374
1.01080793058073	0.389781480211188
0.73132535980398	0.717895017078784
-1.16152021660948	0.35929571617842
0.138169594891086	0.0265198668009027
0.138818714405564	0.0354421828043769
0.925335174824177	0.243267565805426
1.95256933090985	0.464168557061862
0.925979622549504	0.243736825113843
0.138618353811657	0.0265211219118666
0.138169594891086	0.0265198668009027
0.141168720466643	0.026788068800843
-0.373283661399062	0.108870255273452
1.01080793058073	0.389781480211188
3.2493353238897	1.10864834370629
0.134542642796399	0.0341445690681232
0.432605112236327	0.173803370611223
0.00856478824161309	0.00584614774597566
0.503876995823466	0.183153812193994
0.132452680865618	0.0395235140572552
-0.371963944093828	0.110621992809151
2.74531503858304	0.788587032684406
1.95256933090985	0.464168557061862
-0.654165411001464	0.159831562379876
-3.09216987140428	0.960869115746174
-2.65024055440704	1.65411266082247
1.79162840936759	0.703437230890096
-0.413723517512865	0.175732979945065
1.80195797435116	0.697288209820227
0.478398451599619	3.7699497817399
0.199705047497728	0.938875767638235
0.44671023578999	2.40203514003315
0.0721397644503794	0.190711441984432
0.412008151730027	1.99436377881508
0.206684677858938	0.575854208484616
0.335204300007554	0.99147673788365
0.507914220288569	1.64965979185162
0.452460134166178	1.39185544211201
0.299754283969311	0.607483864988126
0.202664087369082	0.299216178393831
0.812587791607426	2.30857038358655
0.27169416942749	0.533258302183097
0.37034215386012	0.831650962781643
0.586233250017929	1.42564578593814
0.276079959821965	0.460776478980963
-0.196908124205426	0.332904052444433
0.249656675556025	0.405272091992185
-0.168325548520281	0.234202922350292
-0.425484013924164	0.437988942281301
-2.00041973225604	1.38173536933575
-3.09343711568729	0.972052225554497
0.508781691198075	0.185680235788344
0.955520937789282	0.616392105770466
0.922124936246008	0.243516971274684
0.637956631035506	0.830272224604569
1.31074336278695	1.67381709778562
0.8970674560242	0.780274749898326
-0.80383871575539	0.516395403337351
-0.557317684839559	0.353817038796578
0.898511522006503	0.773027288869318
0.277543238119691	0.219063765404055
0.133944485241856	0.0512194969632781
1.55259080843722	0.777380091161839
-0.509145885817594	0.267050252611147
0.691403965796929	0.441364524151759
0.508325950710815	0.183108533971571
1.79971117079625	0.713547256095307
0.509481778177034	0.184030577940883
-0.368970569520409	0.108704530129129
2.72054469501686	1.65288703282296
-1.1600126841405	0.35529503686347
-1.54639876708013	0.566309129661381
1.01179148986041	0.390812379931115
1.42898338960615	0.478193832396807
0.801164793553301	0.341294454493149
0.137716344096337	0.0264356853006178
-0.104057526365131	0.0413182637598398
3.2493353238897	1.10864834370629
0.643116964490613	0.200929236084753
0.139073148904902	0.0266055202308437
-0.164717030217209	0.0605798459598444
-1.51429894367649	0.782030400332231
0.702256309294907	0.455176283882924
0.266286671467208	0.202702684615092
-0.0487166856381687	0.0229045849370254
-0.589983583459002	0.434074850961541
-0.173695595687504	0.121891394882242
-0.901555147003839	1.20537507329264
-0.14322464160156	0.116542971673349
0.706370685129045	0.458789501405737
0.376796890626774	0.170142176796762
1.01080793058073	0.389781480211188
1.01491214380314	0.381542346540397
1.01254068844739	0.386785712184281
1.42190933723257	0.467369829987504
0.926329332609966	0.245803896301602
1.43211444118756	0.474033268230349
1.05968168893418	0.507935191702626
0.642430262122492	0.204551977387731
0.155652730559423	0.0953715705071009
0.274847605875834	0.207392759797937
-0.957824633057696	0.580744291177011
0.379230457608014	0.165511815334456
-0.242540611132044	0.0799129882351132
0.35324594609204	0.178158653157937
0.509481778177034	0.184030577940883
0.131669054203935	0.0451092981844482
1.2414512281637	0.848358687700678
-0.0686478615360603	0.0302719718428438
0.520820241035977	0.546064707054688
-0.209767953361432	0.165039232585877
0.289078440032148	0.196510105103799
-0.0171722953656019	0.0115979254651461
0.04458451582651	0.0359403013339863
-0.307891802084738	0.249448483482505
0.129752067124256	0.113575572940705
-0.0101735495042831	0.00693611117593112
-0.0509425046967	0.0391970108218434
0.195695718612796	0.188794775868464
-0.666366130698674	0.397561324527142
1.80373891850601	0.704362478450975
0.939786531956152	0.633358814968297
-0.745048422115321	0.258886286174359
-0.785291228573989	0.349787734626296
1.95256933090985	0.464168557061862
1.04392451247498	0.508766194763748
0.643647103312532	0.45145089895917
-0.405753668291889	0.391315376601982
-0.406226344910999	0.324907416506559
0.431353869750893	0.170677986367364
-0.31518855263506	0.145872225877924
0.703627374777826	0.458674939839609
-0.443002195294758	0.389039073831085
1.22204551855508	1.01904791304358
0.158385764842322	0.090306120366411
-0.185076476388286	0.146717287825386
0.00501703087600891	0.00342448415737146
0.641203436908402	0.204828865510354
0.139861959796527	0.0412618846585003
-0.649319222104321	0.16021039083734
0.138169594891086	0.0265198668009027
-0.0750435731289707	0.0330638759152141
-0.135420355289159	0.0935411826373021
1.25378174849126	0.693055704036991
0.139073148904902	0.0266055202308437
-0.535681314610669	0.206813692594554
0.138169594891086	0.0265198668009027
-1.16680976292454	0.361321943590249
0.795659865725441	0.335010077352381
3.2493353238897	1.10864834370629
0.137051842930544	0.0588232683260853
0.32973340984067	0.310312864300975
-0.0482528144367872	0.0315306136256894
0.489148383722986	0.440851482457285
0.0713591388532689	0.0501782939870908
0.136174499395106	0.0402058114068659
1.95256933090985	0.464168557061862
2.74531503858304	0.788587032684406
1.79670337293508	0.712109669548487
1.43184622835253	0.479292741706694
1.29176673946124	1.88944048043967
0.635486380592915	0.838560105213741
0.81722323321223	1.12920357559783
1.04709798162659	1.10974291747125
0.246000408663929	0.26156105250005
-0.304772251827386	0.36276332296693
-0.591742125775259	0.703524437577138
0.758169378390123	0.933548558809392
-0.962512424048239	1.75769088312971
-0.352043867358729	0.386632131253853
-0.105665920984128	0.109960860184122
1.01155779435024	0.385777953603479
1.04271631472557	0.504331748851887
-0.31978122237563	0.148295979589916
2.34069277617099	1.17709168823907
1.01074601962064	0.385312386444489
-0.541756837620845	0.209412208548733
2.74531503858304	0.788587032684406
-0.648677249821696	0.158587087101144
0.138818714405564	0.0354421828043769
0.126565388852724	0.0378858273324485
0.137716344096337	0.0264356853006178
-0.242088249126681	0.0799235848381177
1.8007131844382	0.713314573443425
-0.37705103334154	0.111772840936855
0.137080532436617	0.0260826732150604
0.925979622549504	0.243736825113843
0.139861959796527	0.0412618846585003
0.139847419253076	0.0352678773972538
0.351548239939763	0.175876352411584
-0.649961670532414	0.158635340685799
-0.500905925131448	0.252627232132246
2.09144561382562	0.93889144203748
0.506468506416984	0.184272460164198
0.627130767410661	0.746673171607563
1.26085635026721	0.690156488783681
-2.58557826662177	0.681302812577655
1.95338582999428	0.463576578510391
1.95256933090985	0.464168557061862
0.644195640504139	0.203891935709909
2.74438259751335	0.780038400688451
3.25215396833713	1.09944519815717
0.135568968576203	0.0339891491304889
-0.244113423993134	0.078713520500526
0.510425175538684	0.184248558920947
-1.16605123679474	0.358241254731586
-1.80211551800213	0.40518546889285
0.137556978054592	0.0531923652243862
-0.626474205238422	0.302621101688347
0.13269968256925	0.0511668869959815
1.43184622835253	0.479292741706694
-2.58468514934926	0.681926813759725
1.95256933090985	0.464168557061862
0.138618353811657	0.0265211219118666
2.34162975603992	1.17408510591033
-0.649319222104321	0.16021039083734
0.925335174824177	0.243267565805426
-0.541676736821534	0.20902738866301
0.92113051285893	0.24102514029113
0.168592279991131	0.607396249038964
0.0840052414003082	0.239974785963157
0.0688531565312009	0.156368160594861
0.20230146154217	0.529131748180053
0.323155522938045	0.850674515500119
0.553443105127804	1.43026470128343
0.485957844973451	0.931409677472623
0.611776454134902	1.52011205848177
0.347465315998543	0.656875858548399
0.202809225223299	0.366384514959238
0.260711941990489	0.511475874151011
1.1399607278163	2.13441857285893
-0.328655957782435	0.151189792663394
0.431680677694771	0.173490632341558
0.134526944690639	0.0258144647389653
-1.26543790987823	1.17637124448496
3.25318829374075	1.10976895754928
0.47353413308842	0.765538746531582
0.291329753784488	0.200462713656758
0.380659208100774	0.172749149895122
0.388188551472482	0.171982908434086
-1.33925285003255	0.83542805559533
0.533142998032281	0.304154897497456
1.63416647522058	2.34894905533191
-0.540188763035123	0.210389950149253
-1.85628223725657	0.750646102155037
0.137420997667979	0.0409326259269069
-0.372967191440885	0.109879462987979
-2.58899611685113	0.683672524401667
-0.540837584872468	0.211287314007882
-1.80190156331263	0.405310176911618
2.74531503858304	0.788587032684406
0.140605369101782	0.0351308802058006
1.95338582999428	0.463576578510391
-0.748962934462903	0.265874158565463
-0.649319222104321	0.16021039083734
-0.655163635992096	0.160369482742199
0.64342341463051	0.205691875654135
0.137716344096337	0.0264356853006178
0.140524468781853	0.0345877365803097
-0.649677393302236	0.159121336474823
3.91337671586789	1.72666008519133
2.7479767545239	0.782066977880158
-1.04404001932271	0.423497660928267
-0.408869331927566	0.172287095578278
0.162946463579848	0.105545739729984
-0.149968639869696	0.107107158340557
0.455805979445607	0.305415269204281
-0.616342153211743	0.511293649191475
-0.0540824591097716	0.0417286862083655
0.287789660501399	0.327129557252275
-0.0469677811436531	0.0360424807551848
0.148405828297616	0.0783812623623538
-0.998446883336653	0.498291721323971
0.926974875419701	0.246284209674963
1.4308149383669	0.474993175817053
0.63611382542294	0.202940731306447
1.4308149383669	0.474993175817053
-0.649677393302236	0.159121336474823
0.12845124068633	0.032045054961697
1.95256933090985	0.464168557061862
0.149838304777979	0.0707308200443899
0.796173300058586	0.335709547702372
-0.00263442003636559	0.00194071202792316
-0.0725314600994313	0.0542245778527471
1.39650165009559	1.03620843122694
-2.08981984785612	0.976979991676915
3.62360809261866	1.43608472685745
0.132389169187048	0.0626055732859673
0.133516783675935	0.0336393793939088
1.30675103647863	0.583158549436276
-0.520533002971289	0.402246676371958
0.13877740085088	0.059946367433824
1.41674314839161	2.24973114515619
-0.181667451796258	0.17238737744199
0.0485297736475245	0.0295852011418837
-0.0936847453743368	0.0688833321848979
0.429241750622259	0.50629140593633
0.204811234054909	0.192196174451848
0.174838377778732	0.140028922650752
-0.105903189729645	0.109457685820527
-1.36447836404424	1.35250296752162
0.139847419253076	0.0352678773972538
0.512994189853566	0.184777044587054
-1.16255649541829	0.360535388481223
0.142698404858563	0.0359575700897484
1.95338582999428	0.463576578510391
1.01496655409926	0.392016410565643
0.308353226698094	0.182037973209554
0.3284329353765	0.34480638537168
0.695965558683352	0.868031977373528
2.08331214814842	0.931132775442562
0.384157359431508	0.173687608011526
0.0811292258615618	0.0591561180195759
0.00086108223099246	0.000591600542805877
1.23845164807962	0.84300045320178
0.286294084753568	0.19507611117715
-0.850917341725983	1.14827396748714
0.126591754435651	0.0434512482036923
-2.58899611685113	0.683672524401667
0.138618353811657	0.0265211219118666
1.95256933090985	0.464168557061862
-1.54058228908419	0.558038570704529
0.598581230102274	0.663598534325977
0.504580075605894	0.183905699075097
1.95338582999428	0.463576578510391
0.925979622549504	0.243736825113843
1.42795516831077	0.478570790474717
0.137716344096337	0.0264356853006178
2.74438259751335	0.780038400688451
-0.101764495632122	0.0921366235150758
-0.688325533826879	0.818776844045432
-0.49679855039686	0.262940161450173
0.600916236564476	0.632691808757102
-0.371195854454092	0.109335251451445
0.141628868364635	0.0268733845859336
-1.80211551800213	0.40518546889285
-1.80190156331263	0.405310176911618
1.95584693887656	0.462330835133922
1.95256933090985	0.464168557061862
1.95338582999428	0.463576578510391
0.512263075657881	0.623922215427059
0.566285848431027	0.882054704855971
0.364890797066923	0.557297583559725
-0.0241592079704396	0.0159136442223034
0.256554681803275	0.346176717363331
-0.394023306502035	0.347424686639433
-0.457169923847351	0.567728559211864
-0.050898601024592	0.0477519052726931
-0.709600937491268	1.11796471102294
-0.792598566160519	1.12380436225021
0.130491514010977	0.0447267681525709
1.60779668823239	1.11450985057666
-1.0475594705505	0.429178184450482
-1.80190156331263	0.405310176911618
0.925979622549504	0.243736825113843
0.138818714405564	0.0354421828043769
1.95256933090985	0.464168557061862
-1.54211096447874	0.565956548030536
1.95256933090985	0.464168557061862
2.7462498006239	0.778261278020301
0.138818714405564	0.0354421828043769
-0.649677393302236	0.159121336474823
1.95338582999428	0.463576578510391
-3.09280325935961	0.972693856185307
-2.58513149511835	0.689509113042442
1.95584693887656	0.462330835133922
0.141168720466643	0.026788068800843
0.139576085242422	0.0352987079074651
0.926974875419701	0.246284209674963
0.138169594891086	0.0265198668009027
3.62168394400497	1.42736372029797
0.138169594891086	0.0265198668009027
0.50131905120822	0.180918046026188
0.767781650224541	0.589330408381232
0.884450393645519	1.19589840861808
-0.749707900448518	0.266629197702648
0.644424999818512	0.207579266186308
-1.80583314024352	0.404036831265938
0.137716344096337	0.0264356853006178
0.137716344096337	0.0264356853006178
1.95256933090985	0.464168557061862
2.74531503858304	0.788587032684406
0.138169594891086	0.0265198668009027
2.74438259751335	0.780038400688451
2.74438259751335	0.780038400688451
1.95338582999428	0.463576578510391
-1.16255649541829	0.360535388481223
0.137080532436617	0.0260826732150604
3.61850462978752	1.41205255014363
2.7479767545239	0.782066977880158
-0.649961670532414	0.158635340685799
-1.29672981259494	0.597834175312312
0.163806446473984	0.105793388960664
0.67901757313456	0.322548276957465
0.137716344096337	0.0264356853006178
0.138169594891086	0.0265198668009027
1.7999374187146	0.711558267279855
0.142425808142815	0.0356096114179749
-2.0907818935671	0.980234505113829
3.91546572819885	1.71168750050801
-1.36972119516988	1.11238358573668
2.74438259751335	0.780038400688451
3.62360809261866	1.43608472685745
1.0056115986486	0.378718929959726
0.190378831548869	0.963925304878499
0.0603025070599991	0.190391945412781
0.316043368364055	1.29746026781398
0.338248628920336	1.29145078828847
0.420528865955229	1.28325280290009
0.36551940387035	0.8565388730404
0.532185158077201	1.37857719347475
0.3127038713494	0.599469114573265
1.01814954085864	3.72203499497848
-0.116315248862421	0.111984683824111
1.64297419938825	1.52580714673674
-0.111412544764416	0.045089943788383
-1.9937769058399	1.37698436990169
0.563361682871352	0.445261497200733
1.95256933090985	0.464168557061862
0.412732088883506	0.422647402150007
-0.0188349871326336	0.0195945821464665
0.0922031623516467	0.0674080284262309
0.16600992717166	0.116710129948672
0.59261325767498	0.437558322213027
-0.0867595331942331	0.0526698838145397
0.0619973020500068	0.0420082239808972
0.940130780739871	1.15514060275759
0.552419128253434	0.434008016410765
1.77288738100184	2.17110204810856
0.349122711988175	0.174637715170198
0.326971082038927	0.177927718784925
-3.76928214896483	1.53063223544118
2.33647975774558	1.1902357498922
1.0461186457864	0.507908115213028
-0.239029385343018	0.0787747954854874
-0.624140722564468	0.296682746797856
0.64519752559114	0.205734411961475
-0.0639440887174981	0.0280145632209958
-0.753181884414792	0.264903486950086
0.639433294916704	0.204223062388441
1.01155779435024	0.385777953603479
1.76529488135153	0.99253421700988
-0.371195854454092	0.109335251451445
1.04888922310291	0.508828314123198
1.5501804258727	0.774176324231999
0.808664965358326	0.332043105119635
1.05440155751561	0.514006068716458
-1.01836210115844	0.921306513339315
0.699615030777132	0.454540709108427
0.431963341565929	0.419734460158905
0.60466905979124	0.570219672551739
0.254066759971863	0.225031118550132
-0.438943502979804	0.504588229667413
-0.308618394076962	0.353052264444424
0.466965137947997	0.524686415931425
1.34973473921919	1.22956310511288
-0.997927577505705	0.506088294798231
0.707159739200083	0.456813939471802
0.424522203287792	0.170673896887327
4.37013447103938	2.30282216271903
0.635732337892506	0.440501422450521
0.594593885421522	0.309971917398282
0.596091643308744	0.312565873458659
-1.16105011316119	0.35650557951397
-0.649677393302236	0.159121336474823
1.10572588333492	0.982902054335057
0.15116374133416	0.078988468865331
0.591022301534505	0.305173976290951
0.458627154137497	0.310409458170348
-0.0728020343527811	0.0550632801575961
-0.0106578063919083	0.00724890936429591
0.142309075936788	0.075227669029799
-1.10147741503796	0.752910413189644
0.600162816214417	0.309488493149328
1.14310910915677	1.28376144895755
0.176104296596014	0.138637408334639
0.780898497902824	0.608819509766155
0.786738947911022	1.01742652505324
0.529234689754659	0.540022321463849
-0.0833866730048251	0.0699243963628501
0.332254294418022	0.33171691692045
0.573912515875154	0.556453690085462
0.375904753812778	0.169595391952458
0.426997082820095	0.170475390766806
-1.18105707649419	0.665913991802514
0.434641538620832	0.17502897313687
-1.17619204489667	0.666062644274033
0.71229287179896	0.577357188132591
-0.205972125629306	0.178665333717735
0.397706138166452	0.440307881878706
1.29581623321425	1.77925914005247
0.292526652262504	0.210494545838053
-1.36128824645067	1.12923160762948
-0.0945282816690995	0.0784935001615852
0.439498743645061	0.437218310011219
-0.412552853097653	0.233328422948209
0.130438818140713	0.0492796343647623
0.139576085242422	0.0352987079074651
-0.749707900448518	0.266629197702648
-1.17746409435819	0.658643198343711
-0.212588551266488	0.21264041264785
0.357854963584736	0.178888034428816
1.43184622835253	0.479292741706694
2.74438259751335	0.780038400688451
1.4308149383669	0.474993175817053
-0.650318276706871	0.160755761640221
0.129840797352239	0.0445844341304171
0.92732486785368	0.24306890205782
1.01104201595136	0.385305051110661
2.09439244536298	0.948783083649303
2.54216547408546	1.42300583603059
-0.10794016870465	0.0874887729532296
-0.555454689023752	0.347073547696216
0.328049916870156	0.342390042312637
-0.410508578441372	0.169282546874822
-1.16076621190063	0.359385238156804
-0.650318276706871	0.160755761640221
0.641203436908402	0.204828865510354
-1.16105011316119	0.35650557951397
0.137716344096337	0.0264356853006178
0.141628868364635	0.0268733845859336
0.132279016539978	0.0392355437606514
0.752709145970825	0.825838370955062
0.583808741079643	0.647128453529099
0.11000005714486	0.0893730190468718
0.44529190896959	0.601321204140667
-0.0692821529204666	0.0713581814757107
-0.0482677768089085	0.0514107214588851
0.258650531982637	0.2468612143273
-0.567383438646368	0.602470174474288
0.208837819998388	0.232922716413706
0.296073951762855	0.392926195370725
0.48185896850348	0.690744554578816
0.0272359141048069	0.0155353645756477
0.892599225163149	0.479533331457852
-1.04686110962204	0.424375524671107
-0.618763311534973	0.302466954406303
0.381181749185143	0.172240019475104
0.332281463401842	0.183389681673013
0.130497434174418	0.0323931512172402
0.138818714405564	0.0354421828043769
0.13377964661681	0.0339655613686654
-0.371963944093828	0.110621992809151
2.74531503858304	0.788587032684406
0.139073148904902	0.0266055202308437
0.435933458130611	0.175207919216368
-2.09121319358706	0.97046144115579
0.138169594891086	0.0265198668009027
0.130724970298542	0.0390457878767985
0.926974875419701	0.246284209674963
1.01172484601803	0.38539678793708
-3.09280325935961	0.972693856185307
1.00780161245042	0.382676369772637
-1.99093966901769	1.35977386229223
1.01618730262127	0.38316937883976
0.133695334854809	0.0576472840948346
1.01496655409926	0.392016410565643
0.3900886622173	0.171179104361283
0.925979622549504	0.243736825113843
0.644653544443343	0.203394918883316
0.929670085417592	0.244778423912617
1.42822224336494	0.477074019570971
0.923120742885382	0.240835684941142
1.42616742954426	0.471762089576048
1.95338582999428	0.463576578510391
0.138169594891086	0.0265198668009027
0.92732486785368	0.24306890205782
0.142698404858563	0.0359575700897484
0.63533835195479	0.202617768704467
-0.111772179401005	0.0451824261502468
0.163245709503405	0.099532929538001
-0.195125389054904	0.10463986788209
1.25793867782652	0.688439395578364
1.01005776396623	0.384301698232896
1.44549416829447	0.909610308903803
-0.1644255059425	0.0596961554935056
-0.110340832989386	0.0445605801049694
-1.73530840167656	1.4590084705383
1.42822224336494	0.477074019570971
0.926974875419701	0.246284209674963
0.642202725024316	0.20486814652215
-0.650959635012338	0.159168476600347
0.510867793507605	1.30739288807146
0.652466158571188	1.88715303039963
0.470191253096746	1.05293435372225
0.722380592451842	1.06537785090582
-0.00606106157088598	0.00322387652401661
0.14129172143153	0.0347637670468945
0.131823666266718	0.0447389631924422
-0.506969553144246	0.374250795941285
-0.371729277964481	0.109124865696984
0.263943665328721	0.254976759282471
0.676963162834822	0.875391972022387
0.336032565705908	0.414055857418025
0.923271811973769	1.49232656689733
0.176877204831106	0.149830822588978
0.723894501710994	0.905583638697891
-0.24578572693658	0.185980563705508
0.55926368501269	0.620972736072723
0.0770771687386982	0.0683391245385366
-0.134259462177474	0.118724695616334
-0.19845945040486	0.103463469122963
0.160743799625974	0.0978146882901389
0.292864983501001	0.199578647528053
-0.315003832731026	0.144842056097375
0.144142997823029	0.0764485803484311
-0.790481876212766	0.354530755409143
-1.1763129779058	0.662709400768897
0.684197693155187	0.321067010084729
1.26220385852182	0.697736162447627
-0.996429866572081	0.497888677415148
0.842758575812211	0.613720489167174
-0.553332142372161	0.352101778233508
1.30839749007399	0.569711288387208
1.76841039542078	1.00207926786404
0.484375656435526	0.295247801044485
1.04097171818767	1.10191378437328
0.848579646180364	0.622610704034424
0.940636889629778	0.921522665862264
0.0284529426466205	0.0219159070029353
-1.33977958876272	0.83217853022918
1.11726439958067	0.989865164439794
-0.0866533147409631	0.0710993054490636
0.627470488651927	0.660796146362892
-0.117885984299765	0.0974347338614594
0.293060443924534	0.211008105388971
-0.0759615133212299	0.0333155076383531
-0.0122901085850976	0.00629225645115979
0.948719326719986	0.64058418568144
0.795659865725441	0.335010077352381
0.134986889048387	0.0462856031126629
1.79670337293508	0.712109669548487
0.500618029906439	0.182017934068643
0.927971507294548	0.243537608899139
-0.650318276706871	0.160755761640221
-3.09280325935961	0.972693856185307
0.63910706673426	0.202016723610545
0.126329806775911	0.0429818238760102
0.144319070937244	0.0539613571661269
0.265489551637456	0.215317790283713
0.490074215939449	0.302463791993914
0.131129533870447	0.0708968626754087
0.0346532216542028	0.0212848049737193
0.49268348376469	0.308725736031354
0.315049202435943	0.189241490742095
-0.417934675997967	0.291379038789604
0.010075630608579	0.00538762839945718
0.485367943683346	0.303633595535867
0.596380259582866	0.311809528664308
1.07891246380742	0.653945121581641
0.348151086073594	0.172391652299908
0.282150432277522	0.208933050962435
0.0994534815446644	0.0766045669639808
0.166291027545743	0.107058136994098
0.448528929081067	0.29757599981014
1.235132641441	0.847055991900037
0.173542830456032	0.110659693225378
1.13163858496918	1.3898138227129
-1.14744250193475	1.2941323468727
0.171964424977146	0.133385665911605
0.0384809136730024	0.030175037678988
-0.0350180068377167	0.0235524065473108
0.0941970839977113	0.0719676154350174
0.697297724395726	0.700000061536076
-1.44758462227892	1.50343343637362
-1.18386205591643	0.667275527521225
-1.29247879869502	0.594955895800984
-1.4530130648913	1.22006972466805
-0.45464506353892	0.351683424117965
0.269142734944551	0.242991611141534
1.25288450950533	0.691168848705252
0.640432049403559	0.206671110179374
-0.32536272318213	0.149068745050358
0.132407115234569	0.0502603625779582
0.683295886413862	0.321423944540654
-0.242540504674911	0.0808346916156265
0.138547275345784	0.0347818496624983
0.134636563100498	0.0637428173294858
0.389978311467605	0.323171938665943
0.167369314050135	0.11509892173954
-0.0510326722216677	0.0385644629972665
0.82442161519285	0.736945442019102
0.842462741007783	0.613219047078168
-1.34771451444691	0.822608615765168
0.133628779626514	0.0573348516354761
-0.376278890867832	0.110765860075796
-0.405490307930909	0.167442356275241
0.788972311931675	0.46704310974606
1.42498522338498	0.466870648976945
1.13266268730365	1.38356769515599
0.0072282448301131	0.00527983329256669
0.183565421678153	0.170444694893887
0.26519880083218	0.258799826573431
0.24816108735032	0.302006635737494
0.655928954644793	0.941577895412706
0.244247420048036	0.256391335855966
0.073125076407471	0.072967876649123
0.33101258110307	0.33906017047181
0.383244464376559	0.416954451016955
0.364682336722811	0.321682208775317
-0.451456276353224	0.356226395810553
0.881499550404863	0.905517769491527
-0.47426290345825	0.321151522692627
0.141550612885612	0.0609177590561122
0.709432133197485	0.458717060692198
-2.58899611685113	0.683672524401667
-1.54615842792672	0.564342761115075
1.01767991716492	0.384616945139857
0.125033303465894	0.0428637016829975
-0.650318276706871	0.160755761640221
0.133502874099665	0.0402503094723903
0.950100236673924	0.64001131537105
-0.240212656341916	0.0783755091525726
1.42822224336494	0.477074019570971
-0.114206629713226	0.0460179645801643
1.06896236761775	0.639397599607373
1.95256933090985	0.464168557061862
-1.54538955663062	0.564367029919961
0.679386015502515	0.318405656360071
0.368857997093841	0.314049241453917
0.133516783675935	0.0336393793939088
0.136650751159166	0.0527716036977143
2.22363842405384	2.34059944282936
1.04732145218183	0.507332776343911
0.596091643308744	0.312565873458659
0.506468506416984	0.184272460164198
0.686671929586336	0.317571083842517
1.05009918415931	0.516830094992167
0.510425175538684	0.184248558920947
-0.256965935226025	0.129687556813002
0.512995856215553	0.444559180015513
1.4575991373409	1.40175594602983
0.4313034338578	0.175795446056529
4.15897975551762	1.99068569592152
0.674206593112083	0.318042593632573
-0.164113417640613	0.0601976090971911
0.130841293424562	0.0499644932153219
1.44217883797865	0.89884378472194
1.08043047266547	0.662565458889096
1.94992240262625	1.21699685269381
2.7489176254429	0.781882431670721
0.644653544443343	0.203394918883316
-0.747228166702206	0.259099254454139
0.495103517198694	1.021278828056
0.273299829302665	0.642896030473021
0.330690121128215	0.540788812242533
0.168516188607172	0.247411103736921
0.355535073009403	0.460525602408242
0.249902078997767	0.249966886587039
0.470286149796072	0.42882056646634
2.7479767545239	0.782066977880158
0.641203436908402	0.204828865510354
-0.164059830108286	0.0597405510973234
0.92732486785368	0.24306890205782
0.457865366493468	0.520898026582861
0.432526070735998	0.411725913684212
-0.154700130496079	0.135484439209953
0.92993735837505	1.6695573627992
0.538143685883712	0.819827053133504
-0.0924661971300675	0.0744627790881648
0.499513468094357	0.621453410970727
-0.256071609014816	0.26637911826674
0.311789039750693	0.352154774674991
0.484235361850597	0.619498157711367
0.174639212543005	0.143716785197634
-0.153066096661496	0.13415582032135
0.576342048525632	0.622713195644632
-1.05111594863471	0.821732677519686
0.125944161747299	0.0432199706166619
0.984012208191212	0.800415102244471
0.427316565804675	0.173552865810992
0.135082410408703	0.0518540068368415
-1.56389141567785	1.51641283896869
0.801248437980704	0.336486821816783
0.150566338562059	0.0791932067771823
0.717413203061884	0.596734331162798
-0.25288373877213	0.126604571381064
0.291118102776884	0.199605065948431
-0.0168942155967886	0.00861910795222448
0.561860914946605	0.450069652075984
-0.127043122119923	0.0760146374756235
-0.915293607825778	0.769802817256791
-0.618885109027032	0.517663229923019
0.377799544299634	0.16915101436567
0.15073590149249	0.0855025624179978
0.639571721626212	0.446666629231387
0.774325299644859	0.460293240114662
0.377363115829201	0.30738136696216
1.22859919052188	1.02114934683767
-0.117691369740511	0.0466748526090682
1.95723349435563	1.22007073815084
-0.622100361432571	0.304102017504355
1.07564710724461	0.658408859247353
0.351899265998224	0.177155337157001
0.926329332609966	0.245803896301602
-3.4747598518894	1.2627547738838
-1.05150311804555	0.425228463804741
0.887037292069543	0.477992287688392
0.145787000940452	0.0760361290834834
-0.151160902993226	0.0859900961991335
-0.201471053572398	0.108732844578922
-0.816889049941077	0.516524552691284
0.326599321652469	0.181949869961616
-0.69177322638778	0.488546910366754
0.0171343482130938	0.00996540555333706
0.376008830211373	0.307571532608006
-0.972259675198415	1.03578948494222
0.262305825522052	0.233154194256738
0.592540206332968	0.440395730334992
1.42369419927876	1.57777829011221
-0.0180803504360622	0.00914712193134934
-0.99517254685699	0.993078326225791
0.278515392318712	0.210308288437951
0.458337737893573	0.312428434277725
0.120838091824361	0.100405997990633
0.496209013068375	0.311749566476841
0.162270140646033	0.117854042719231
0.0433136112619036	0.0268014019914284
-0.59934449724028	0.445101640054775
0.128036785628973	0.0546982916702465
-0.658226544652433	0.385335365965781
-1.36974482121387	1.75461393072559
-0.902283605498856	0.854073833154999
-0.344703578975114	0.209126271037014
0.148615254215376	0.0707768747122465
0.343270735655985	0.170499884697144
4.16524424719338	1.9963782573534
0.125818118229927	0.0374087094341112
-0.50549764861478	0.267736143162943
-0.690692970127376	0.487440159436743
-0.795395378883152	0.347630609369842
-0.247688428186081	0.0823916105388393
0.14409339110945	0.0811381826591585
0.337672182299942	0.163551459972855
-0.252605308369778	0.082989951556058
0.584721368835372	0.29430579746624
0.144073722968888	0.0693384517825376
0.304840027415607	0.182500568812526
-0.659185064393687	0.390877999125505
0.124894192844213	0.0476271995221898
0.134745422080958	0.0517852696558337
0.67440813175541	0.316114749456319
0.137218707006764	0.052840364561039
0.130261088867323	0.0385441346135394
0.134249836964903	0.0400890519468039
0.534246578615362	0.439145787275579
0.708966485866647	0.460596006302498
0.884916510364197	0.462800793580733
-0.418726153432496	0.233504005383741
0.165001263682128	0.112906153129866
0.843699098969212	1.1637512330766
1.21570968404799	1.53485146488269
-0.0373038650832989	0.017827969937852
0.0270328161131052	0.0155692671444009
-0.0640276156718121	0.0281260857165018
0.136433082417729	0.040391101370101
-1.84561761110929	0.76467611260434
0.135931183146639	0.0408601823442341
-0.749707900448518	0.266629197702648
-0.165633878223146	0.0608230448483071
1.06872538544869	0.650517701776861
-0.623506228049927	0.298462469344425
-0.786166968099484	0.351530725159594
0.130491514010977	0.0447267681525709
0.697542201144457	0.450498169143979
0.353739636558949	0.17826105886595
-0.650318276706871	0.160755761640221
-2.58557826662177	0.681302812577655
-0.199160485730209	0.106173862524346
0.899087826913018	0.782735373207509
-0.240928484682292	0.0794592918982822
2.39264932923187	2.03459616759043
1.42898338960615	0.478193832396807
1.0462581965438	0.497507495766536
0.335337102761707	0.183440760822688
-0.162239939886213	0.0592022994236757
1.22188624888843	1.00556954756807
-0.371963944093828	0.110621992809151
0.801383180273715	0.338980745417885
0.509725648789814	0.185898565895246
0.42912362294564	0.172581071085286
-1.84426652134461	1.15818700867353
-1.29672981259494	0.597834175312312
0.885075835280921	0.478125948623508
1.44374325211837	0.902868618476487
-0.167432897822157	0.0608942361797
0.387258539195864	0.757245619495035
0.288479379300256	0.415902860860368
0.328231960530804	0.94095491479926
0.25882694548152	0.458935924152724
0.565508213061428	1.3781393156726
0.659852472448566	1.10871670809916
0.133999825149598	0.117994645006917
1.06073365622895	1.22515822437044
3.25036486382959	1.10725094810752
1.79393121355608	0.700241743161792
0.963898726978582	1.04902159098801
1.01202616470632	0.384309287615817
0.0753384808362977	0.054201382301333
0.433775232382914	0.305812587671032
-0.183100446858825	0.174238629056979
-0.147295061345812	0.146877083697869
0.300007509832697	0.336352010635055
0.365995800569851	0.433624645979877
0.116485402792637	0.118338421275168
0.632487068615221	0.899950609196991
0.248297805003797	0.259226657890952
0.818053081857051	1.22956494984055
0.693952158552211	0.880282786026359
0.789734587000699	1.04606489324681
-0.104144189069166	0.0765631600917965
0.486499488612435	0.304559099685998
-0.235893246182143	0.155465708060827
-0.0143678810606552	0.00725931058684206
0.667182903745162	0.580394582810426
-0.33985614288287	0.205117631394951
0.799168712221924	0.340465651218408
-0.16623824947282	0.0610134655693771
0.140063868179167	0.0663648276854036
0.153981260240451	0.0879917253447733
-0.161793992179864	0.111132525642731
-0.235819152188522	0.154702434169773
0.943636585646017	0.930746164147529
0.602137385916132	0.30780313435666
-0.811869231042184	0.839890365296521
-0.133721559108525	0.0794820501348277
-1.28519774432582	1.40720891667252
0.537296276942703	0.445641640739729
0.441938886040064	0.432127272517286
1.08850298260897	0.810815690018545
0.559190548599592	0.442097318395287
1.11076871124792	0.991445334129137
0.700518847719589	0.455443763059163
0.130755305563244	0.0449465396920763
-0.164717030217209	0.0605798459598444
2.11085185064066	1.48252179433793
-0.0662205528337343	0.0288248112419114
-0.501351813961356	0.263250966236684
-0.368970569520409	0.108704530129129
-0.646622749070198	0.158987296788642
0.431597794306143	0.172364069449091
0.145950472718198	0.0681516781196748
0.132318328682527	0.0452503254788254
-0.0367340313247941	0.0172858345822736
0.0582615811213108	0.0378142997442777
0.555814608361937	0.545557727915532
-1.46935028543943	1.30335336427156
1.65918508335356	1.51548536065538
0.153260986039191	0.0874939146685599
0.383800223927691	0.172508044420532
0.423636777326917	0.419593940134431
0.63458570340603	0.570727993008719
0.279683289828556	0.211347934506636
0.530087939822158	0.443581012468025
-0.0194742981160747	0.0131760416828296
0.436143581141438	0.315343333603846
0.0488457444101987	0.0313830057911193
1.33689593249679	2.1660532037765
-0.178015478819422	0.178151584719785
0.173390824100045	0.12792416509753
0.197458643159526	0.187267631541104
-0.562939350918729	0.600550349299829
-0.185150728499577	0.094087925242223
0.0583418404095305	0.0378403494679644
-0.47497150822719	0.311844596122833
0.157381152619669	0.102267060886809
-0.569177966037404	0.350223296717699
-0.34882032778215	0.251893130656387
-0.546801528584188	0.462106342843802
0.986965871803563	0.797212470081417
2.093644067217	0.946467308542565
0.79345160283281	0.330367413520648
3.25422405878576	1.0988640104023
0.138547275345784	0.0347818496624983
2.25985028562818	1.72858502237915
-1.30316143934076	0.590441810575278
-1.50112534623152	0.770397496286007
0.133502874099665	0.0402503094723903
-0.0787053847579029	0.0339559188277931
1.00976637943184	0.381454911222285
0.145606758794732	0.081536628072195
1.55008955259745	0.778774959831316
-1.05409989481754	0.428530499260954
0.497585522845331	0.312659569644864
0.316820095827394	0.189680067616714
0.781664218715309	0.469353953045455
0.468725102429593	0.435891021207215
0.170120499318063	0.115550139755705
0.148563208123126	0.0855583981140539
-0.164537338163898	0.0920494603048987
0.547026004708034	0.308448231221281
-0.812607122890052	0.532333978221587
0.381181749185143	0.172240019475104
1.05047137568061	0.505319328972763
0.805234272741662	0.336641134484994
0.134176100343271	0.0517130992440637
0.140345104377181	0.0604752531665873
1.05040313922884	0.518133696966867
0.594081343464104	0.308787906513444
2.38983527156621	1.96634116850814
1.42395946891673	0.472583961120929
0.589470302355741	0.303803377515686
0.124894192844213	0.0476271995221898
0.947413684423611	0.638978035417402
0.893017423968582	0.76348183807905
0.289992378729468	0.184794942375852
0.403107943990138	0.322311864997348
0.146502899715859	0.0762590662105682
0.187215731193089	0.16349773332535
0.166595267696612	0.128060555802216
-0.0547434176722662	0.0466797650232306
0.257319261043814	0.206386371706343
0.71763299111042	0.596545293134263
0.782626084489486	0.736382802310569
1.866196504897	2.04345864719102
0.137716344096337	0.0264356853006178
-0.244180925356045	0.081049134991476
-0.163197529718782	0.0596830890651502
0.637110020884382	0.202981575807905
-0.803742546827481	0.443705159186511
-0.0169383422374169	0.00861155165819483
0.144617418218243	0.0769810703320119
1.42822224336494	0.477074019570971
0.422711979755247	0.169729639448661
-0.318803796448453	0.149077156959207
1.7999374187146	0.711558267279855
0.139073148904902	0.0266055202308437
0.343141997677456	0.170722612640295
0.46725009518057	0.433472937481159
1.3006719877267	0.570982695859716
0.799584245267975	0.338483546615682
0.706366645040533	0.459574490861732
0.321229458215232	0.177104181870508
-1.6958906698802	0.975567694194657
-1.16076621190063	0.359385238156804
0.803361080865828	0.333358985165973
0.793706853960489	0.328507490675674
1.30839406869701	0.574336449943532
-1.11056550910142	0.759772806035186
0.806510817831472	0.341303301129528
-0.758903093547503	0.265752003191917
0.14548710957392	0.0696542153273973
0.593235457096343	0.308633791534247
0.328301473546226	0.179653857877882
1.25679184301848	0.696025644879197
0.80404554339976	0.344481245407227
0.644195640504139	0.203891935709909
0.153745484259724	0.337012072023056
0.476291272740959	1.9852218456139
0.0408204471773155	0.062458729028184
0.153743923368282	0.289036193989595
0.650586598080516	1.90509382362292
0.435232008383193	0.752804213985709
0.0112425718937304	0.00662115099304814
-0.37705103334154	0.111772840936855
-0.312668535590046	0.14257191127799
0.696883186823195	0.698263346701559
3.2493353238897	1.10864834370629
-0.0852666875651278	0.0717130165590039
0.466918918465298	0.599452892631154
0.308833038602933	0.479249568625586
-0.0500355468659821	0.0469082281618399
0.498031686582283	0.726502946441959
-0.0869649192309292	0.083744945036692
0.318066251105086	0.340451009601905
0.445396180589191	0.534837505803533
-0.0796700738246004	0.0838579657579845
0.94490810357892	1.6243507282968
0.913540350960605	1.02959800730883
0.284456004334431	0.213395418107876
0.59660943451404	0.55875861388958
-0.66495218128251	0.39378751351864
-0.26318953491274	0.129720551977487
0.495480185438942	0.309519553369351
-0.53927097726266	0.20974189922174
0.491841470908314	0.303508588616112
-1.34490228922774	0.848517087584835
-0.341444703401255	0.207694344880535
2.51114915855866	2.27947797158347
0.675641318219284	0.318864643581878
2.26171024669389	1.74684923433429
1.1047990986797	0.978790236734307
0.735944401613186	0.715224539473848
-0.0634679386154802	0.0484115228867999
-0.73864838477285	0.868314979378206
0.297767764257769	0.192136341851883
-1.0152973686707	0.931163624575115
0.196773446358031	0.194512649654239
0.328588108369743	0.344915072714825
0.689183163320307	0.694731859192985
-0.209828889473635	0.14334770071193
1.76318731223703	1.00370787033723
0.783091960458322	0.465943380947908
1.05592306926228	0.509552535621127
0.344985075308763	0.167787912464385
-0.972901250535692	0.572964991222944
1.42898338960615	0.478193832396807
-0.0791850073511966	0.0344872856052582
-2.30050549445659	1.18380395686638
0.507836883903904	0.183767118983846
-0.74554030308287	0.261955894337664
-1.55124935520499	0.554633420638825
0.38961154757423	0.171099760392618
1.07776645340061	0.658470298557926
0.342833992561008	0.318913799193234
0.0351128695592331	0.0214669556614838
-1.96156843722841	1.86222643607355
-0.122624268555708	0.0736985398549162
0.157445702030013	0.0900124210538831
0.545735330152841	0.31042923038267
0.283923443366193	0.236095347758364
0.877684837904195	0.998138069778311
-0.359959801019654	0.322660217776208
0.185797232331133	0.163720259091782
-0.0723284386611839	0.0590690841992815
0.134183357797544	0.121362765520805
0.394957853156295	0.424954972237463
0.181722725096383	0.148351883936791
-0.0180174124925858	0.0142184753389649
0.171685915142018	0.121546124824962
0.771511256978114	1.02248114341549
0.0646031288056289	0.0541922132232553
0.0216233610728025	0.0125364016688925
-0.662698318066652	0.392393715009139
1.3749944289229	1.01394049960856
-1.33837681931066	0.850676516243257
-0.296915864766308	0.188107032685859
0.1303907986286	0.113816310631637
-0.113344874051922	0.0803653848285718
0.325690211841483	0.181509801595978
-1.84215992422119	0.772497364016813
-3.10202322642753	0.9540585653027
0.795916309961363	0.338880381128544
-0.243037200359954	0.0794695125621782
0.802485658744588	0.340222262255854
0.133264717489137	0.0398651258030508
-0.252605308369778	0.082989951556058
0.529689400573345	0.438219868159312
-0.166506720587323	0.147048919720281
-0.685807161636222	0.480761712251607
2.08826346784154	0.942765758491391
-1.17524773222224	0.660870238872787
0.501557396458874	0.181763123331669
0.678684937277313	0.320760896548997
0.490083504460393	0.30510751168345
-0.115282099191945	0.0462757845682528
1.55239096568043	0.775447909362186
0.644424999818512	0.207579266186308
-0.537517418286813	0.207787642934785
-0.171744035907971	0.0622766425148134
0.591396558038217	0.30787605265913
0.138169594891086	0.0265198668009027
1.31094944803572	0.585633714178286
0.130724970298542	0.0390457878767985
-0.160947632915051	0.058357065356587
-0.163794242813771	0.0595974017446855
0.143458160699927	0.0358142984417619
1.00757101741344	0.384130201865198
1.7999374187146	0.711558267279855
1.05009918415931	0.516830094992167
1.04895169153785	0.504298022921662
0.134249836964903	0.0400890519468039
-0.160406674189867	0.0589738488213368
-0.504513644678769	0.265360944900553
-0.541017554329635	0.203830034237828
0.889628510378139	0.479172004156998
0.603181597701727	0.753928290348812
0.194273362072143	0.178268819131348
0.519739682205123	0.624993978341884
-0.0327189449509373	0.0217621755172528
-0.137696305507059	0.097462801456499
0.983760127707762	0.778746748724131
0.488900327842536	0.309271470280186
0.678684937277313	0.320760896548997
1.42898338960615	0.478193832396807
0.141628868364635	0.0268733845859336
0.138818714405564	0.0354421828043769
0.128270469690416	0.0489637302433796
-0.62941569091691	0.297768849783051
1.38124465236233	1.02803800296671
0.67510743727222	0.319464404088542
1.55874335958313	0.771678233328882
1.42692741367696	0.472854481440801
1.95338582999428	0.463576578510391
0.134954159163907	0.0452786800420587
1.95256933090985	0.464168557061862
0.139576085242422	0.0352987079074651
0.63611382542294	0.202940731306447
0.589818682935865	0.306543314203429
3.25318829374075	1.10976895754928
1.38256091604983	1.06484566219605
0.542585141156161	0.311014671562393
1.43723098267444	0.877205235068262
0.384335511514087	0.173210318245947
0.433318073901216	0.307225152273498
2.08845250211581	0.939678333949901
0.139576085242422	0.0352987079074651
-0.243738387832607	0.0804072076503759
3.62467162070288	1.43500145314363
0.120930099481501	0.0410532619666099
-0.240192843554859	0.0783619257533514
-0.617188727149071	0.299509832761619
1.38304207587645	1.05188273551774
0.674738698940861	0.318159306432389
0.885963236005138	0.480667813853371
0.137716344096337	0.0264356853006178
0.161769447425248	0.372016052835207
0.254073622462207	0.69749036637331
0.387854794984326	1.32910704296011
0.238212377057392	0.534544257108932
0.0634733086215486	0.115918555628586
0.32709101713249	0.754207228569452
0.383996979750453	0.527467217877478
-0.808096125106809	0.442746883425911
1.26679727488486	0.703654742778479
-1.00351902659442	0.501050896899398
0.397463824506274	0.316296572617105
1.55414783644723	0.79255832938947
0.654277691025719	0.773283113275511
-0.508526951184689	0.580961911683496
0.341583790530019	0.592604004012762
0.547826485528243	0.701249796116431
0.895835144996964	1.46139197240807
-0.35554921245279	0.343153906992623
0.472315845881338	0.519724031180917
-0.143452902900997	0.111841888876992
0.316484505282949	0.352822533319202
0.129113718925274	0.118903905349693
0.145998686476681	0.0775408605238176
-0.350698021531528	0.2511600798664
0.59684705060167	0.313578932016721
-0.317432451691287	0.145320270169501
-1.69158480826313	0.958561779400559
0.378854776060935	0.170284004416968
1.07449153600826	0.661953506025303
-1.30346996970208	0.594061053859853
0.435610189267415	0.175668833000029
0.679351020763047	0.321470737969825
1.30557418676413	0.574374892461532
-0.377823620534237	0.111128034755999
0.136021558207427	0.0586413438510883
0.305369272443428	0.182335971919963
0.0171343482130938	0.00996540555333706
0.370653796569007	0.322450946992923
-0.325704178512902	0.334858165442409
-0.459394382512369	0.358959773428053
-0.367039550275109	0.298294726510054
-0.394476264977354	0.430791139135971
-0.0400354886915732	0.0393753046460585
0.052695358545619	0.0443365954510538
1.43999758221093	0.87125089681442
0.549987921730952	0.433076734277779
1.23602081242935	0.847269356482426
-0.748218261379527	0.262913312316052
-1.54109898628274	0.564008735008191
-1.16756877193145	0.358467365380653
0.131947928994692	0.0390584570073534
0.136628230278163	0.0342854039182628
0.130755305563244	0.0449465396920763
-1.54970392395302	0.554224922030208
0.429764498893098	0.172925717525918
-0.54110730002075	0.208535025061615
0.63611382542294	0.202940731306447
1.42795516831077	0.478570790474717
0.929670085417592	0.244778423912617
0.13806085974017	0.0349020150681185
-1.80190156331263	0.405310176911618
-0.370960450535942	0.108999469994633
0.644195640504139	0.203891935709909
0.442890123545775	0.314675265303136
0.640432049403559	0.206671110179374
0.502257853940925	0.180672046950637
0.38814453806001	0.30501459055021
1.08709022692354	1.45976720627777
0.436789399853641	0.315144712613172
-0.256081476141843	0.127816530422916
0.146035347280271	0.0884538464335873
0.376916350827617	0.306603218815078
-0.9181462843511	0.764401957015994
1.01080793058073	0.389781480211188
0.629078968128117	0.671494598338532
0.177970655126559	0.16012830229601
0.786868419628895	0.951657298063408
0.260162075865913	0.239588950754518
0.44406034717147	0.430284952793083
0.461138964009788	0.425911373472035
0.943891865255867	0.63439429975275
0.432216086405575	0.176459106478166
0.377890469967226	0.307574342547069
0.936640367364969	1.54080631563517
-0.828464364289195	1.25681546622181
0.136594971292568	0.0709681352380874
0.1695076890049	0.116695245378245
-0.611552120363363	0.503580406908742
0.0185721223754389	0.0108078110997552
0.169740834544404	0.12139876389161
-0.0758057160070775	0.0639457310610586
-0.256381758237718	0.124843755648595
0.128999547000152	0.0438806201745586
-0.239530983949622	0.079101339152492
-0.537517418286813	0.207787642934785
1.44549416829447	0.909610308903803
0.17080595189493	0.135435920806235
-0.555761741848698	0.353713338210368
0.506227015255489	0.182899351925803
1.95338582999428	0.463576578510391
-0.540457902837981	0.206302363843523
0.889091519382391	0.473713380559112
0.640432049403559	0.206671110179374
0.12845124068633	0.032045054961697
0.925979622549504	0.243736825113843
1.31024810625553	0.577037468119118
-0.150727755012726	0.0855611071504283
-0.26487251525618	0.19677780023878
-1.17672857018046	0.665466879137116
0.128296084606295	0.0384571369192157
-0.749462000858586	0.2621567593617
-1.54134641011664	0.564552208534783
-0.319763692861657	0.146210422376545
0.910328152455846	1.02633766585506
0.361287149266226	0.326084446214049
1.56638136719746	1.65998035325673
0.266883363500309	0.216973759940971
0.14496512940871	0.0828312889028637
0.804954811703476	0.345472225969279
1.0127028534828	0.381989356260492
0.138169594891086	0.0265198668009027
-1.29571251938989	0.596925856875547
-2.58468514934926	0.681926813759725
-2.0933032092999	0.976892909140157
-0.16839608254843	0.0616855989568125
1.30906895135202	0.585546772041702
3.24830720791551	1.09477551568481
0.49991679292187	0.180263240660553
1.3081274194218	0.579230011193741
1.01398176237284	0.388014010752976
0.925819939961969	0.242168104656227
-1.1600126841405	0.35529503686347
-0.166832891529579	0.0608169340101326
0.130652572761823	0.0379876771048601
-0.650318276706871	0.160755761640221
0.507147811732689	0.180851748637007
0.327393679905629	0.181216563893343
0.192928109681267	0.194831001883944
-0.0946687909697642	0.0774240019886422
0.184957043071539	0.152647114909845
0.102326388819817	0.0845253706618727
0.176769148535573	0.148864719175314
0.16424591025662	0.121691745994792
0.355819945089991	0.3118645904351
0.298949824760862	0.190574896340818
0.133052186542427	0.0572067344585484
1.29903038359605	0.563814435655874
0.422702034398146	0.16783879993834
0.93002098112329	0.244423585041229
-2.58513149511835	0.689509113042442
0.133516783675935	0.0336393793939088
1.95256933090985	0.464168557061862
1.42719460355007	0.477448564652232
0.133516783675935	0.0336393793939088
-0.790198981691691	0.345957336390125
0.149087152065227	0.0790073160662764
0.146383656976967	0.0699629550097858
-0.0982624694105366	0.0729464154380464
0.93988185569659	0.622834643076224
0.795659865725441	0.335010077352381
-0.540457902837981	0.206302363843523
-0.649961670532414	0.158635340685799
-1.29931224338209	0.605121029278862
-1.16152021660948	0.35929571617842
0.135314626858193	0.0515393934275906
2.08826346784154	0.942765758491391
1.30510580941007	0.574633213521749
3.62467162070288	1.43500145314363
0.308068567850582	0.900609803932731
0.232118627950881	0.594953365453391
0.0848135193418611	0.170810612636353
0.437212697577975	1.59537797465718
0.341832011438529	0.885540774094836
0.253644994995578	0.598397546023537
0.567917415614673	1.71595476492195
0.108505237989004	0.122478898400819
-0.424319102441904	0.405429620847179
-0.368734126017043	0.108489275130813
2.53464915431392	1.39460607604427
0.156812499926223	0.0958362427169813
2.7489176254429	0.781882431670721
0.646418921527773	0.941978016144651
-0.316713588268383	0.371337785987124
0.150229586907069	0.223721361808375
0.659937871328123	0.853992739463652
1.42483633568303	2.16298960523353
0.368592449738164	0.315699488300268
0.261427259541823	0.240541926625297
0.53773768863431	0.710239483916083
0.116401151916382	0.113633230726101
-0.122574786410598	0.101106078462348
1.12265206270838	1.15310154305947
-0.347538109714949	0.249396546034438
-0.0377495083660824	0.0180459340478604
0.309478884112708	0.187331691331693
-0.0709135803836853	0.0314601090791741
0.137947030958258	0.0592439737071219
-0.166551048008481	0.0605901327587292
0.381181749185143	0.172240019475104
1.42822224336494	0.477074019570971
2.25570774697776	1.70213567057658
-0.383166854456112	0.110600439217772
0.926329332609966	0.245803896301602
0.800989673487252	0.342067986972423
-0.408223551711478	0.231890775381959
-0.036335138767499	0.0243672217243881
1.06631640463891	1.34901011703822
0.847963547074926	1.17127143477772
0.0380251105202134	0.0234399559577641
-0.589400083101021	0.436692511594682
0.254242332861998	0.258365884239749
-0.737418387547048	1.15153614128694
-0.834359256557403	1.2695446104638
0.282448443715305	0.20184822855198
-0.0703391620830277	0.0308131053314295
-0.24076372684613	0.118295453762292
-0.365723734816446	0.10590898963095
-0.109287574984068	0.0438132578834764
1.89530119620543	1.59850085989804
-3.4747598518894	1.2627547738838
-1.84190336279857	0.769704627409186
-0.243489732986148	0.0812398100864258
-0.789881444960189	0.353151521764817
-1.84758804068498	0.762209408506236
-0.747277512006623	0.261950498179665
0.926974875419701	0.246284209674963
0.503876995607107	0.183480745946702
0.142425808142815	0.0356096114179749
0.137790482671227	0.0349173015404508
0.142425808142815	0.0356096114179749
0.129643468541556	0.0437633765290747
4.55026795756626	2.57015241219946
-0.246744187489769	0.0819875861942725
-0.545910197315445	0.210647933455594
0.504816499640612	0.183371631391463
1.79893570621489	0.71178866805356
1.05139123092654	0.506672941017209
-0.0597554367045027	0.0373159098194112
0.173821198805804	0.124104421075584
-0.167046125272899	0.115685269266041
0.4853805186568	0.301806236428266
-0.419660150651031	0.237653860789257
0.167143387839064	0.10619240871606
-0.016669678641386	0.00842214951324121
0.443418298177497	0.31606932725302
0.185938249638167	0.162834839548707
0.334525824785314	0.336466136716843
-0.465832656524906	0.534993053896075
0.272576212216729	0.226425180671895
1.2290431596548	1.02314633768419
1.07148602161048	0.6599189039757
0.384157359431508	0.173687608011526
0.151734573825881	0.0907954043133887
-0.686735027777602	0.944328774020924
0.321465491818623	0.319127690823073
0.142438311261113	0.0807742311812706
-0.809902390467942	0.627628406759498
0.366161931977959	0.303333632292658
-0.128896016992201	0.103689707580456
0.698711862895047	0.452567144715032
0.551386506604999	0.536782010572893
0.429439807644499	0.417658711227773
-0.0683198382941077	0.0437511460070232
0.436531891438947	0.175979805241969
1.00982540305298	0.385206220726638
-0.413038071216339	0.175532905450482
-0.0249551129016716	0.0196682810539607
1.24061769540098	0.858143262251967
-0.376278890867832	0.110765860075796
1.79492986711335	0.708745443595502
-1.80190156331263	0.405310176911618
-2.58513149511835	0.689509113042442
-1.15790256442372	0.35664499176059
1.4308149383669	0.474993175817053
-0.243738387832607	0.0804072076503759
-0.649319222104321	0.16021039083734
-1.04851378907912	0.424859501269914
1.30906895135202	0.585546772041702
1.00063182543226	0.369808538696356
1.38706144544057	1.84676749398657
0.498692166083149	0.313423837577886
0.593928900291963	0.436139555598519
0.699618191828205	0.779703021414916
3.62767584574932	1.41430462866463
-0.764136732373432	0.259127485845396
0.929670085417592	0.244778423912617
3.24830720791551	1.09477551568481
0.641104859986785	0.202425076080571
-0.175353515059255	0.123049506611041
-0.693128701854626	0.901716770464575
0.172508892315265	0.133681259836691
0.282203696474891	0.204082918587944
-0.0671696540525661	0.0508044470802606
1.79893570621489	0.71178866805356
0.640204384260695	0.202440736609696
0.134986889048387	0.0462856031126629
-0.650318276706871	0.160755761640221
-0.171141038737208	0.0622009878427026
-0.649319222104321	0.16021039083734
-1.28962474227536	0.583722014649394
0.138547275345784	0.0347818496624983
2.74438259751335	0.780038400688451
0.130105167826918	0.0446113493171228
0.138618353811657	0.0265211219118666
0.129299133104508	0.0442965545546769
3.25602807611411	1.08608283170182
0.142425808142815	0.0356096114179749
0.139576085242422	0.0352987079074651
-1.29451143883044	0.600706476246576
1.55816203902384	0.773856683030631
0.428211844260622	0.171721660240625
0.130724970298542	0.0390457878767985
1.01179148986041	0.390812379931115
1.01172484601803	0.38539678793708
0.930671315320304	0.244899140334393
0.673278603017097	0.866930531358198
0.0588614047934574	0.0377690756927803
0.77692334990209	0.736272564100808
0.484211761142038	0.51307616389487
0.19860986149124	0.183567395166253
0.894568477015218	0.755851797477056
0.142425808142815	0.0356096114179749
0.675674964824304	0.316783380028713
0.893329184296754	0.470345881738261
1.42395946891673	0.472583961120929
-2.58468514934926	0.681926813759725
1.014729443048	0.384082142894649
1.95584693887656	0.462330835133922
1.95338582999428	0.463576578510391
3.62168394400497	1.42736372029797
-0.260372578382095	0.197080638300571
0.713392975642065	0.456329495503722
0.700551001627007	0.458973635216588
0.126591754435651	0.0434512482036923
-0.646622749070198	0.158987296788642
-0.990076889048968	0.498519022982592
0.641431038909059	0.206705899790905
-3.09280325935961	0.972693856185307
-0.165320765543476	0.0607703071733124
-0.545263178660646	0.20858840398643
0.642430262122492	0.204551977387731
0.922124936246008	0.243516971274684
1.01496655409926	0.392016410565643
0.105919010244423	0.305976814259432
0.335016091526828	1.32819085141187
0.494026281432331	1.53810814636752
-0.0358531632630968	0.0536696453202082
0.507757103436872	0.945107858593051
0.327069527089521	0.434534969908326
0.737978336712478	0.724793392023148
0.642202725024316	0.20486814652215
1.30836647972328	0.576929789658821
-2.46224469709243	2.40601225090447
2.74438259751335	0.780038400688451
0.715377934684741	0.987618627332787
0.360971569333469	0.411850123476936
0.750147932169425	1.34648297671641
0.400374347110257	0.598838351511703
0.228161362975508	0.280580406656745
0.560372933877029	0.987805710935614
1.39375421517419	3.63989327152705
0.635341965628804	1.00529786771933
-0.176059941173279	0.177675888360992
0.661468728029369	1.10476336963705
0.0814595427509917	0.0735654035597731
0.157912971532422	0.102922042755573
0.289109269872886	0.198831111816721
-0.694526800337594	0.48886847328603
-0.0106572129424639	0.00551401399679548
0.944257913975836	0.639029963143697
-0.603219166241513	0.443501697145449
0.34729488988748	0.175578462655389
0.596301361959428	0.447180458651907
-0.0349995175421039	0.0167015115379789
0.144424615993403	0.0754441401493396
-0.198933058472823	0.107959371027928
0.432143441692713	0.307925974066108
0.942065129241186	0.629848959344817
-0.59893939017108	0.439709329570366
0.257390136880818	0.235928261981922
0.365215633957848	0.310641770034818
0.0459044139630682	0.0291967121052572
-0.250451335654387	0.163521901307689
0.0149904000235026	0.00876905341031019
-0.409826637020451	0.174074560774058
0.981705559096048	0.791336192264472
-0.256063403138249	0.129353578875543
0.139056711861924	0.065873966189497
1.04362213336551	0.505201886738609
-0.323387589255272	0.149671728605009
0.8073683784219	0.339168590465013
0.804694516036484	0.340900603373708
-0.165006826123839	0.0602540952978305
0.385226718960957	0.173213467428947
0.126565388852724	0.0378858273324485
-0.747277512006623	0.261950498179665
-0.116690279278913	0.0465011141924394
-2.58945281070023	0.683631203527574
2.08649637968959	0.927374987606136
-4.01520503988512	1.75287929887452
1.0461186457864	0.507908115213028
0.141328980310537	0.0530400098725847
-0.0978183804290857	0.0611096877600323
-0.327292247966663	0.149146573623391
-0.800555803404835	0.44379923760272
-0.208676293351274	0.143265010775968
1.21808453001863	1.19087305638023
-0.809793208606334	0.704443405673563
0.435294138141167	0.306988276576988
-0.129726104657472	0.0776450034983741
0.29323778101916	0.200279201867572
0.536718451136399	0.310808999322767
0.141875538643019	0.0739110745488724
0.460771706760788	0.304693852044184
1.38801053736638	1.05310819485188
-0.466232592841064	0.309960677693837
0.34685013234979	0.324474956895739
0.778989665033083	0.464482530997563
0.258674182065519	0.212851930930384
-0.900489050324609	0.848879924227655
-0.204240756683538	0.137100585667493
0.297028118986824	0.192284377572505
-0.178256875926368	0.124338842405287
-0.394482195133894	0.316171202512322
0.563923549860822	0.446740396037814
-0.127093412232882	0.0758974906056066
-0.203903778545134	0.160380242206379
0.61608733089118	0.750710634989203
0.769355919987626	0.600823519560581
0.144164268993008	0.0767049768470646
-1.15020014341939	1.27077369978512
-0.346916739710035	0.249095303805357
-0.595494437647369	0.441640963140741
-0.617726724474063	0.300368406367299
0.926974875419701	0.246284209674963
0.138169594891086	0.0265198668009027
0.138818714405564	0.0354421828043769
0.925979622549504	0.243736825113843
-1.84141746589933	0.769507517210725
0.135235985047267	0.0399377111449028
1.05380079122443	0.513210927003378
0.877714103013252	0.46071739268566
-0.786487616780747	0.347673232944334
0.138679739053505	0.0721465633481969
0.296915503952111	0.188718704485328
-0.551152991113408	0.346508719383838
-0.0122480856432857	0.00628561747044726
-0.34884562800866	0.25167030675206
-0.406176160118505	0.284544100683789
-1.70478312958069	0.937309863659186
-0.404212817275869	0.226860377612828
-0.253545944613226	0.082508530811706
-0.808224506854104	0.53859065175137
0.495622810249456	0.308722732208018
-0.0363260721369763	0.0174106933008506
-1.10823146948116	1.05025431661274
0.784781220165382	0.743220409862501
-0.110340832989386	0.0445605801049694
0.128463635326266	0.0493757620403598
0.34729488988748	0.175578462655389
0.427316565804675	0.173552865810992
0.131769780715528	0.0397831026994758
0.146326717326926	0.0358941120966716
0.139576085242422	0.0352987079074651
-0.165633878223146	0.0608230448483071
3.25036486382959	1.10725094810752
1.09335833115763	0.798564614450053
0.593014728941501	0.303681384970911
0.352258250789143	0.176424114150202
0.135557135793726	0.051470758559678
0.131021865338521	0.0391721334922174
0.504580075605894	0.183905699075097
1.01491214380314	0.381542346540397
0.142703577512654	0.0751017176385272
0.561819134453273	0.449010202397159
0.530457639608259	0.30362010470355
0.157880241747146	0.0901477395424356
-0.247443196598974	0.0821764216093194
-0.806121156889448	0.529337206472274
-0.803466114035188	0.442052806268878
2.11557953809779	1.45959727558079
-1.2909115578658	0.593192236801032
1.25288450950533	0.691168848705252
0.647434198867694	0.204530170773019
0.593615195387113	0.311396953803509
1.10073789177745	0.970380705359919
1.07397484779995	0.663192390518348
0.496223226714409	0.311238221196064
0.685647938829738	0.791076832291887
-0.818538229127896	0.618373324737446
0.140213600976277	0.0608520726966992
0.0705090172293996	0.0498040200596956
0.670354602365123	0.693049332195671
1.1097798586712	0.995730016682172
1.3286641718833	1.53793034171865
-0.036805146560903	0.0286489344182678
0.172966498407464	0.142143882968485
0.0766296823755109	0.0557435465880806
0.145070471664304	0.0770823206870093
0.322138093713033	0.177715433479489
0.278391209184578	0.186660127586493
1.79570418994076	0.710490111832351
0.134249836964903	0.0400890519468039
1.01595055020248	0.392095167936931
1.95256933090985	0.464168557061862
0.129299133104508	0.0442965545546769
0.433420871313236	0.174895185886725
-1.18142814697634	0.659026296378102
0.350558945674384	0.176223031181432
0.775156461104655	0.450505832726178
1.25234481115484	0.678518776824321
-1.29552816328236	0.594102445823174
-0.1638005064279	0.0600618571222791
-1.17985865466708	0.669212334712806
0.129941237746952	0.0445266641773187
1.75567820035677	1.36153434251892
1.42795516831077	0.478570790474717
-2.09634661107878	0.979836563621813
-0.371963944093828	0.110621992809151
0.336347799188291	1.44940032248382
0.175734696968689	0.616038028512489
0.223444613898983	0.810640812929787
0.654494963866517	2.9991438637535
0.283642778435999	0.776713665396772
0.603466417898669	2.39506993234661
0.637814040708998	1.43314298463572
0.137193316776304	0.12104088293973
-0.0726926463216214	0.0317743871047985
1.0161803921059	0.956321642983148
-0.249328768420964	0.164961014789494
0.138547275345784	0.0347818496624983
0.431210084909481	0.586373592899994
0.196799786648484	0.201416124444796
0.116734083931934	0.177407529123772
0.896399545436523	2.20578012934284
-0.175070589746846	0.206438468201361
0.230961949386382	0.310851161032834
0.65381293351708	1.13879660420177
0.596155822030688	1.05940170598086
0.391706849024763	0.563341340081799
0.537961220382172	0.867256955677681
-0.413951569720101	0.454421934276452
-0.00757221389585204	0.00664359669757438
0.329729821554806	0.312201173650814
0.270531826449651	0.201510190443877
-0.0218273100916123	0.0108741578761137
1.75825864145971	1.7750545944052
0.137218707006764	0.052840364561039
-0.509145885817594	0.267050252611147
0.988357703761531	0.803713744824495
-0.109287574984068	0.0438132578834764
0.462011913252697	0.312729512718517
-0.521586644277355	0.489743213917868
-0.808344309003209	0.711089730490488
-0.452700325965987	0.395406777354429
-1.13710238553144	1.70045746848806
-0.145838379817723	0.102006347140561
0.37072939701614	0.316229919174647
-0.151240781199565	0.145365771637094
0.0227724502570501	0.0191491877802667
-0.110217131073764	0.0899062667426283
0.284629635911048	0.206722479091129
0.872584732457517	0.880944046335808
-0.811493748990186	0.61912211002183
-0.555726956240127	0.357077399666761
0.146752551327454	0.0775618081089592
-1.30032547478172	0.595768358703752
-0.989512450724473	0.495769154713674
0.880869948582091	0.470534611263815
-0.16160833434626	0.0591682623929478
1.01595055020248	0.392095167936931
-1.54033413653663	0.562613885619299
0.922124936246008	0.243516971274684
0.132754372873048	0.0334623448971025
0.12918993805387	0.0442507386000375
-1.04730399701661	0.424280980589094
0.53176846351453	0.303838585819231
-0.404808143777547	0.327125378327558
0.729640475595302	0.716370418551577
0.134513506074792	0.0516168326605336
-0.956499646592972	0.588110761466998
-0.795271151361205	0.747275919091647
0.644644666361227	0.585745519292481
0.964232998614405	1.05181056533112
0.522998419337675	0.525440572994192
0.563037567010679	0.447381235904939
0.163587629263559	0.121150501981846
0.147723736507646	0.0846106233951015
0.199289160956158	0.197264746834007
0.394313895089944	0.312919474856607
-0.555722084499094	0.662331192964731
0.0789346022009473	0.0595025908003536
-0.745835383685199	1.00893141130884
1.63901356390036	2.36348667853856
0.266929550428463	0.217219802143789
-0.143515249313889	0.102354611091936
0.293073463980341	0.19909820737131
0.0585933609706668	0.0394766771561314
-0.0748007112594646	0.0480461110169333
0.274202692429317	0.214371484282223
-0.0984931369257686	0.0813416049512568
0.0676523982094604	0.0586794379998237
-0.152324183507484	0.154088165696043
0.259674570834692	0.206850395728945
0.772917443676236	0.596858333504375
0.383265670319092	0.171649700772243
0.0472827119082978	0.0305476844266433
0.198517718491985	0.198800428277266
0.592540206332968	0.440395730334992
-1.16105011316119	0.35650557951397
1.7947052374355	0.701940247969362
0.137716344096337	0.0264356853006178
-1.80190156331263	0.405310176911618
-1.16180306616162	0.360626829502971
0.596468791110989	0.314139878149124
0.506227015255489	0.182899351925803
0.131708715990167	0.0395807956970691
-0.163509927787284	0.0594540489341255
-0.964228748063982	0.595779219000089
-0.79016298564893	0.353742857390894
0.693087630205237	0.703213725924622
0.156358869791948	0.0896320220844206
0.0985797455886035	0.0807546329745981
0.118098425125323	0.097375220944018
-0.61368635169023	0.504511520281582
1.06943653591978	0.646664418940129
1.94749214407039	1.21363881854734
1.26322768220445	0.6955480324248
-0.072307154063633	0.0320370501195015
0.00275597932335426	0.00158947894949015
0.181778674134315	0.155569591809909
0.0153323495938952	0.0103350022095627
1.11363803929794	0.994860263585803
0.351948363377535	0.177489465865794
1.26500243131196	0.700613656027153
1.42692741367696	0.472854481440801
1.30906895135202	0.585546772041702
1.45180180598914	0.902763125963225
0.428220694818722	0.173585777710766
1.31000962917872	0.587023547729711
1.8007131844382	0.713314573443425
-0.369739934267753	0.108830229788068
0.67621243755849	0.318523629907513
0.509481778177034	0.184030577940883
0.139600877429627	0.0467697736097162
0.13919985283083	0.0719391425585998
0.130491514010977	0.0447267681525709
0.42361228733768	0.169820870590681
0.707159739200083	0.456813939471802
-0.787885803208021	1.05677743194652
0.356662869419153	0.325204238951022
-1.18546228809176	0.664590960026521
0.136536751098384	0.0588145613661722
-0.535308373225824	0.20589537458875
0.299259685147938	0.194651927259437
-0.96562580998955	0.590705686590862
-1.05314945343007	0.432914540626917
-0.243489732986148	0.0812398100864258
-0.650318276706871	0.160755761640221
-0.368970569520409	0.108704530129129
0.801640822834797	0.342681912930608
0.638106441805795	0.200917531067273
0.476865308266462	0.425383618765572
0.360268461307459	0.302595387925368
0.619461426788277	0.838045786696159
0.146089598649547	0.143572815850384
1.08876999131375	1.57170570628704
0.0962530986429463	0.0916792043556925
-0.0361821728481989	0.0281836641291192
0.141620307753206	0.0534801189203293
0.301213391234212	0.196099141039364
-0.0312357400846503	0.0209740812365532
0.929020853400311	0.244303524147299
0.594081343464104	0.308787906513444
0.538985128444834	0.310836163570355
-0.07735752307781	0.0495277791659406
0.790180240010131	0.942190198655129
-1.33877693710735	0.843263307042163
-0.56959291280174	0.357271366516684
-1.33979369188133	0.839602182430366
-1.51929251724363	0.74060230517132
-1.16152021660948	0.35929571617842
0.138009446438002	0.0717719192364526
-0.248387997661862	0.0825807028479737
0.943774327994138	0.618166258125901
-1.35016895283915	1.10889818475316
-0.0197133111719919	0.00997287870104449
0.641203436908402	0.204828865510354
0.500379391071303	0.180303967231713
-0.790693613030272	0.349074690599726
-1.8471013721322	0.774661148617268
0.887199687258106	0.480645526352824
0.281034971429038	0.937106411717709
0.506052176963838	2.22484938273714
0.157936590274748	0.570701941667748
0.416522042424726	2.1667219291431
0.743450146099443	3.27344270288137
0.267708722625487	0.693455442773763
0.536047938039463	1.65033783210951
0.564739695064389	1.29983273304054
0.92086594328902	1.32708575554417
0.140570460905139	0.0590770104483422
-1.35420453018177	1.10983019454578
0.481315519109782	0.432303765875566
-0.750699276625547	0.264252450117151
0.125769562803025	0.136327651483193
0.477955325841154	0.694463847231742
0.476785577015714	0.898886272559425
0.167085949627487	0.238177022406678
0.500588961387817	1.00174864879456
0.653971641159201	1.32823321419002
0.72333297644018	1.51547058596564
-0.259097361793352	0.303485113143489
-0.113622640292165	0.123683215384385
0.338007052054732	0.449620867324325
-0.482537296694185	0.593519572842859
-0.0367340313247941	0.0172858345822736
0.144353038759108	0.0759077980652934
0.347332213540102	0.173487779826099
0.147165822322995	0.0762663854834337
-0.20550324866218	0.110926871059089
0.927000346019804	0.881327081680146
1.46426506375161	1.45692650164339
-0.800032236330347	0.832459486017413
0.507399878887278	0.441105563252904
0.482303472597377	0.520729571519487
-0.625604118530113	0.513700278883812
-0.845852257084249	1.08890491987498
-0.419125851116039	0.431151416501175
0.256109477274107	0.218477057338731
-0.141131631926988	0.0999986913685208
1.21701868656643	1.57106843963791
-0.0953595786725619	0.0595257165004452
1.22268139291592	1.35194244761847
-0.408686539412514	0.232520677170617
-0.0721983076740694	0.0315106182631888
0.42391891802808	0.1718634323489
-0.157009173639413	0.0570740867319647
0.774783733372058	0.458625279779495
0.679586781493095	0.322193279624011
1.01104201595136	0.385305051110661
1.00907487707479	0.37988153605154
0.131769780715528	0.0397831026994758
0.134526944690639	0.0258144647389653
0.140345104377181	0.0604752531665873
0.360574837635759	0.178700477704015
0.167493132710423	0.108299798016207
1.04066730567538	1.09571840865328
-0.499549260075635	0.265624759306447
0.534006832229243	0.310037673182925
0.0464571922731924	0.0286304878508832
0.0563664532395038	0.0376129836618715
-0.417549102068869	0.236635450418269
0.0504655747706807	0.0325781853351082
1.21868105054856	1.48349242978569
0.395888497415655	0.315304239874333
0.161640995476325	0.104685513054805
-0.629292057436121	0.713432877218259
0.440545165122749	0.429156297186367
0.267177832209803	0.243390428683583
0.257242386557518	0.235142120199485
-2.23991045775285	3.17889973605847
0.434709340091545	0.415916800944208
0.178840540837335	0.147712182372524
0.310927525729755	0.334992297177197
0.772030583407999	0.608654834344825
0.175404551250646	0.134623844956801
0.17495602600733	0.144356310096848
-0.449507300275593	0.392601870349369
1.24293205813011	0.858709333881235
0.78259689682663	0.465329518430992
1.79770278509994	0.709688375349796
0.136676224470739	0.0411018975580698
-0.160947632915051	0.058357065356587
-0.624658561177124	0.29286741027561
1.31336402743771	0.560909525019105
1.44440258588398	0.896257170029596
-0.371963944093828	0.110621992809151
2.11591695942925	1.48514015579634
0.699824419804267	0.445901303622717
-0.259809621314975	0.221480915871425
0.0274537916069684	0.015835184733115
0.422570572881295	0.32180022955014
-0.558249374000158	0.474947694087764
-0.310582409135421	0.231173777721849
0.380640862153908	0.171894154360853
0.285229102647055	0.206165069514852
0.67263686402768	0.315639842179209
0.389975213398429	0.173815538399074
0.0383138032209188	0.0294576179244392
0.60026485033585	0.312958239507999
1.43655701642722	0.874390513241176
0.596762733660179	0.309920186649765
1.05171292309813	0.509928274318562
0.138547275345784	0.0347818496624983
0.803396428962993	0.343865653568856
-0.748218261379527	0.262913312316052
0.380830520088272	0.171419819096383
1.55108656873486	0.772983662632903
0.640204384260695	0.202440736609696
0.131769780715528	0.0397831026994758
-0.0465826507378596	0.0302283150799928
0.306515795705301	0.198478803483925
-0.315453443998414	0.146358149772524
-0.066762808098966	0.0295232250825857
0.890165402719589	0.47976520457601
0.592804774328391	0.308186929697014
0.468147469898168	0.312638072875787
-0.851964724822565	1.03888570034682
-0.587371036791849	0.667293625472816
-0.687377631161949	0.490784883293283
1.44074976678366	0.89435459715547
0.135185873505605	0.0402401710200621
-0.989163087923071	0.492881719517763
-0.618763311534973	0.302466954406303
0.800227672723986	0.341851244617158
-0.409433849153033	0.174099423107401
-1.54109898628274	0.564008735008191
0.127549585831426	0.0385072991721353
1.76071036503273	0.998877381269508
1.00160728954786	0.37399144253537
0.0674555902094651	0.0450046843601043
1.51365344226106	1.25336851594292
0.449389332770378	0.424027380840785
0.47791636548415	0.42704184111965
0.301353811869518	0.19318978151009
0.847486303487907	0.619572226467607
0.767946509720064	0.446441512127286
1.09153490922263	0.823907543728334
-1.69143143337513	0.984864497678572
-0.121791604187233	0.0714429141012467
0.642249542035908	0.444078640890023
-0.249315959695042	0.125782769531469
0.132279016539978	0.0392355437606514
1.79870938672057	0.706124174779807
0.381533849964003	0.171992731032845
-0.748962934462903	0.265874158565463
1.04551699634049	0.512090042496049
-0.554743866929419	0.347122495050429
-0.252497309022547	0.128271921232759
0.379229961965568	0.171873047561836
-0.104593684315839	0.0415576816713597
0.808300040945747	0.342286925855588
-0.649677393302236	0.159121336474823
2.08924618973395	0.946370198374706
0.799821312383683	0.341077504348771
0.139847419253076	0.0352678773972538
0.223820418259458	1.12251602862968
0.395820731513093	1.47695498714334
0.485716440809163	2.81334537097881
0.554030659947904	1.77867133657322
0.898739534694801	2.51867746075323
0.421467982039959	0.77383217331912
0.620937206135818	0.751162920851588
-2.48909014431717	1.42234991357588
1.38438937221996	1.06329772875786
0.897144776128821	0.769558991245629
0.135931183146639	0.0408601823442341
1.08571178467405	1.82424468945788
1.26576335761476	2.61025795167903
0.452892090738717	0.618423790187973
0.324376090089663	0.510182591957884
-0.0199079193847066	0.023792630689674
0.613021682017569	1.3752406069352
0.307033321265168	0.516503996796599
0.700074087800853	1.51064490711024
-0.00417336646295548	0.00410680549998205
0.188451684140085	0.264890544313938
0.0918808142572649	0.101536321129528
0.0882812624739592	0.0666444795228399
-0.126257891208848	0.0754639189424478
-0.2552556058889	0.128465125931468
1.13442033294209	1.40598431636087
0.636010562205387	0.444754621000344
-0.0102155514076657	0.00529365663547569
-1.14892793353141	1.29607510447701
0.745524627069137	0.825879936108914
0.0653625927162761	0.0444378401234401
0.686612745828652	0.690123507856986
0.553487827969369	0.542427557670762
-0.621115149877857	0.503368323739417
1.07862519056844	1.36725446076058
0.270622466755472	0.217473010307623
0.31224433559572	0.18657690658718
0.567315969822751	0.540381577943733
-0.239786839622599	0.158854121761404
0.648156061473305	0.581137475768975
-0.157728648617438	0.0910079208508592
-0.197474704192506	0.105338735997368
0.126565388852724	0.0378858273324485
0.166845354303788	0.119628719100604
-0.200065421606392	0.107167776520317
-1.47918695015335	1.01130197620411
1.11003406081428	0.992605632379109
0.530826299121897	0.435102155843059
0.65008833873126	0.456838599034733
0.367248055879225	0.313532246030106
0.854040552673671	0.618904548915197
-0.115282099191945	0.0462757845682528
0.13783715069168	0.0769179082590627
0.0929214691369209	0.0707690250191633
0.832373845813571	0.869197379023028
0.0585689527744963	0.0377373054650412
-0.095797818848007	0.0848800715290703
0.372387230007464	0.429761021599909
0.0175843631824248	0.0102853069189871
0.774284978924111	0.603045897974683
0.71904889099658	0.587295559000181
0.716166709373099	0.595254175611849
-0.330971996197946	0.150022084962764
3.24830720791551	1.09477551568481
1.85888878355509	1.95993689907342
0.594416775691055	0.445911311750316
0.139882379884245	0.0591070613789824
0.67477466395096	0.315389608419303
0.307852633585755	0.179869996192373
0.459498901758733	0.306030406018439
0.58908402946435	0.437101836689494
-0.803774163611895	0.695253576328681
0.310428444085419	0.182431959756023
0.142561282484991	0.0739396422401778
0.140975434529119	0.0672074332845694
-0.29019687123424	0.185979928349333
-0.97206990964931	0.590598832993067
-1.29275954993395	1.40865964125691
0.688215299994929	0.438030429014719
0.892942624079298	0.473579436853138
0.589578229902193	0.442997306433438
0.902576272639281	0.776333554648694
0.591022301534505	0.305173976290951
-0.0699302614874901	0.0308974140201937
0.428518317050907	0.174046878111496
0.300699539083264	0.194618663319972
-0.160884344769375	0.0925069480567091
1.04519775194941	0.509793399052128
0.649164693428921	0.456370882741737
0.137051842930544	0.0588232683260853
0.588464335468801	0.304613018276651
-0.809682693346178	0.831180812868532
0.642017231292308	0.457861141263419
0.352843693565944	0.178111946589704
0.950065816100234	0.633252483116838
0.847082364800561	0.612866483629523
0.671726711395743	0.58522817185876
0.131973360108155	0.0621659319786509
1.51706674233678	1.80578245409121
-0.121645813787874	0.0886353305296584
1.09025845903028	0.812153892363614
-1.10819786242231	0.759415435008267
-1.85672363553329	1.18370401960293
-0.541486546335587	0.211448846736342
0.889817632427664	0.484607505046141
-0.407771833720852	0.230853435133528
0.778425617765133	0.461832778037087
0.136457318260663	0.0651391230024984
-0.207931606243184	0.142269634600506
0.136889352631788	0.0656532454926697
-0.115998485190889	0.0466372210510191
-0.503689559690045	0.267283523217896
1.75914061320301	1.33426812591972
0.608423673226343	0.740568680490321
0.948302898136461	0.641030590343643
-0.62300054208081	0.304053369621964
0.778408818454419	0.612956722694096
0.587756868218393	0.436830099691941
0.348685968829682	0.176546970120616
-0.0363551582304313	0.0172662991961678
1.26085635026721	0.690156488783681
-1.04429788633618	0.422544946241406
0.50902590722156	0.185473067884794
1.0166972253032	0.3880595427182
-0.118386374800295	0.0704685781902795
-1.34299440389064	0.844551456521058
1.76538973578546	0.984776870596903
0.386479012614747	0.173445029381613
-0.318754118103612	0.147581027801005
-0.993466461526202	0.5008963607004
0.926974875419701	0.246284209674963
-1.84635936125413	0.772831105281446
-3.468495517409	1.24545977066643
-0.166551048008481	0.0605901327587292
0.272201942239906	1.84101015941176
0.723744295891319	2.68781573867102
1.21134131095769	4.37744927570938
0.129865970952064	0.121746275648107
-0.679048327365968	0.470408372063625
0.900383106414483	0.780631715868487
0.375893729667402	0.307161375070311
1.30160840250665	0.573222303587342
-0.156514245334361	0.168392695207271
0.472242525996444	0.712897305145021
0.319797710204809	0.459811324863189
0.485403185070745	0.977024481644168
0.454388117227081	1.00958543857588
0.647295314733428	1.90693298645451
0.473897796197858	1.11151542600077
0.174609540228612	0.282271496286101
0.404432638446675	0.759519811361002
0.336634976400733	0.624635297365203
0.107693553907532	0.13856286590531
0.0497918032270934	0.0540826710222076
0.0761073376527152	0.0551534279709582
-0.155768313549178	0.124820217291046
-0.743065902875554	0.880245240019415
-0.611967745367919	0.504564252114816
0.123862704107633	0.112009300419009
-0.402049316489892	0.278261103263462
-0.11718914023509	0.084587162120242
0.483892890768569	0.433113782408366
0.81848021007507	0.960328583965556
0.939437595368791	1.1335264792633
0.583657083647724	0.562455315358033
-0.200835401797974	0.174044822953508
-0.629520900908654	0.551176517200652
0.818514416102555	0.949433597339512
-0.470293558977904	0.448098980245663
0.627675541744113	0.56161003854201
0.182498069449761	0.159513700680469
-0.450427034519703	0.352967184608518
-0.640453759088116	0.58899633984926
-0.0375149860828706	0.0250081015157497
-0.80367981677189	0.703491766523262
0.14764968522655	0.089673141197936
0.0465316666664662	0.0298568379189358
-0.261358808400733	0.194223722157443
-0.286791771881708	0.23766323571635
0.0931088925886909	0.0708876207816997
0.534447261100276	0.304412335506717
0.13961811506451	0.0661773826408621
0.428148761082409	0.505419396837825
0.86133541569426	1.17753979312822
0.92990191308552	1.20604073138712
0.597395605630097	0.448195536707168
0.868154169712292	0.993715154947944
0.175160808920224	0.129115924625383
-0.234830873786557	0.179144731715091
0.0420629373938938	0.0256915481939911
-0.236008497146937	0.0772385840822939
0.142698404858563	0.0359575700897484
0.127549585831426	0.0385072991721353
0.152595918555395	0.0804070551105999
0.651498291374633	0.664894564951267
0.150566338562059	0.0791932067771823
0.527751531220434	0.539916874135346
-0.476027366717855	0.3077909544907
-0.867524198320973	0.929252534823567
-0.241647096213479	0.160658289765131
-0.80751074720339	0.434662592108834
0.697990649915793	0.452062259096499
-0.523779348837085	0.399587514740245
0.280027471195423	0.216566902164285
0.586246329131864	0.303561922110725
1.2377108194928	1.01970962578097
0.254247417538586	0.208356997243856
0.453013008530225	0.301122707936548
-1.62470340584668	1.21466067589763
-1.17220774428676	1.01354288615272
-0.0127742813837381	0.00648426258794509
-0.698766294621837	0.555876977373885
0.322655221020405	0.177734582585638
0.775214368193752	0.606684839625181
0.380830520088272	0.171419819096383
0.303015639616833	0.179399159440107
-0.346324905145485	0.21069689761083
0.893744104821562	0.767295153529172
0.137787655534592	0.0660486040468317
0.138109282782615	0.0657420549387209
0.172534240472904	0.127809024201575
-1.14183181370884	1.26485081065573
-0.235216742114759	0.181490919691323
1.08850298260897	0.810815690018545
-0.242787580726994	0.0800171629256298
-0.0114103383441264	0.00580240749211157
0.903941364044348	0.774536986969557
-0.260492754072291	0.129628575463157
0.316841623318625	0.172126392633056
-0.502340594352873	0.266898155121914
-1.345410384382	0.848596110691533
-1.73761202185088	1.44317752284436
0.138679739053505	0.0721465633481969
-0.124344648708395	0.0750525792537637
0.282861551959801	0.17405201789826
0.294041699757916	0.18901451618919
-0.742349181059267	0.256074125339766
0.777626525638934	0.600375219145256
0.318662489023416	0.173697360814224
1.38078914658638	1.04474875928814
-0.806543308257625	0.710181808317869
-0.094940716212633	0.0591919495194666
1.09153490922263	0.823907543728334
-0.35234618194494	0.252355238876002
-1.0810663110717	1.1435766033532
1.26163296008449	0.706604794605791
0.147193674365242	0.0700549248644299
0.427912885754657	0.174104059517884
0.800079574854174	0.341914550374125
1.44637801096684	0.912150936562615
0.137880518700344	0.0597795180115816
-0.241840209542203	0.080476940077082
-0.0525609231094883	0.0239049763991725
0.136600332728459	0.058583152393766
0.140345104377181	0.0604752531665873
0.126802817719759	0.038018792856063
0.505524711177284	0.184537045848412
-0.372967191440885	0.109879462987979
0.510668751789218	0.184537578196263
0.172689018291197	0.815029533640326
0.25686684507637	0.767464611218047
0.540483840860107	1.85872374144431
-0.00975993649260551	0.0113261649170908
0.511995103484432	0.531412819771906
0.381550391626406	0.173085403603978
0.826307321069401	0.741353405654288
0.35221529226597	0.31782607640817
2.09242869183638	0.949346787975783
-0.276320399809066	0.324223015234716
0.459290197444936	0.616982744296668
0.102243289367114	0.1276522131378
0.00868086694890738	0.0106230174190944
0.383151507778083	0.800805493545993
0.689025666884491	1.88490960463667
0.204638945667898	0.330292380546842
-0.171257303358006	0.235446611410659
0.312717635709239	0.453180937424118
0.320603652955971	0.510576229858498
0.378420894945991	0.323932851578648
-0.295444454230001	0.270936713150563
-1.26448343342409	1.17340212058294
0.53807355605075	0.311026776320283
0.48318489592063	0.29683752038486
0.574170422196073	0.557139477088268
-0.884926876427547	0.907699592888485
-0.0561181238186773	0.0365948012379023
0.42270389440503	0.316695231023689
0.727339125882514	0.709283711849955
0.43574591056582	0.425505254433169
0.267469304423024	0.21824623678911
0.689424647598572	0.866531849008354
-0.223775278848376	0.170130357425059
0.018041643243556	0.00952504244902925
-0.277624544763066	0.232569980341952
0.330087330114261	0.183026291187426
0.899519700288481	0.785107571351745
0.827018394043942	0.870189107117265
0.378572855774126	0.31229219924201
0.591402720784886	0.661226182083957
0.777978260201036	0.844100035002902
0.453359974392404	0.306298882592366
-0.344448547396396	0.210884042349458
0.270209239984011	0.199149118860056
-0.415644348533297	0.236384934349873
1.54811257297718	0.771761590408387
-1.34197438323861	0.840601251319925
1.95256933090985	0.464168557061862
0.137716344096337	0.0264356853006178
0.138169594891086	0.0265198668009027
0.600644064219128	0.314108576444545
1.45618386899476	2.08505310912874
0.582592590202877	0.421770563265738
-0.298872958097357	0.188682788763104
0.348819048904244	0.171632035646856
-1.48561122548369	1.04637989593548
-0.558463140940426	0.357445968856898
-0.802838884150937	0.443974499020205
-0.266731858677745	0.12934181868198
-1.36178291890314	1.12402827170616
-0.251984020460064	0.126205440626096
-0.131565896857945	0.106696869968076
0.330578491845552	0.180124047812487
0.289109269872886	0.198831111816721
0.138860110796933	0.0593379158670439
0.67901757313456	0.322548276957465
0.779813603745428	0.466222991022358
-0.162472142565523	0.0586522628874072
-1.35842414752675	1.1293835803593
0.308269369268625	0.18307038562733
2.00975734614484	1.84761440866313
0.913198430038874	1.02873959714139
0.555352201986398	0.548770872622886
0.979336169519456	0.79554192078765
-0.660432636856613	0.38909092238788
1.89166106352918	1.61436441834029
0.131531340806028	0.0393848494794365
-1.17615071741896	0.668885387988931
-0.82155717048476	0.51713979963357
-1.23493169797254	0.941007419672188
0.781201401889848	0.466618674671619
-1.33836127579358	0.845003479411118
0.498493234043276	0.307811739130022
-0.995294780861803	0.496473178656247
0.595061610902337	0.312877249550697
0.149737289188263	0.0908970567363524
1.10334596084739	0.943902099590798
0.279054780642318	0.208365488406457
0.162125235199798	0.114131341323987
-0.0118048165962418	0.0060700272762169
-0.314103662830011	0.144329178624001
1.32547202625551	1.39556742495929
0.377391150514067	0.307108034228642
0.380099872758889	0.1709421314455
0.138124398652496	0.0532597376879852
0.592430057661944	0.304060894525562
0.776607538636664	0.466614224872673
-0.0708620748983352	0.0308068902559004
0.302731701319981	0.19519472142412
-0.0148117556686097	0.00748496657841269
0.672400579683082	0.31071329161053
-4.2377166926858	2.01268081794709
-1.29571251938989	0.596925856875547
-0.550714498391052	0.210080974350985
0.135575227202627	0.0588194788716142
0.125681624662789	0.0430946049318035
2.73406343727964	1.6676518677432
-4.01668012166502	1.78404944980048
0.128800385405616	0.0497090773739998
0.800989673487252	0.342067986972423
-0.170225722424615	0.062449292067667
0.930671315320304	0.244899140334393
0.42912362294564	0.172581071085286
0.195033559072591	1.13260003647362
-0.160396545890219	0.844860304690306
0.04925677170301	0.170232205552521
0.376816798543228	2.15909149394186
0.292646949310377	1.37967498749336
0.269256542410468	1.00318412093993
0.52172299203805	1.45478489280043
0.685952493466784	1.1216701588297
0.837677355407405	0.757776580315533
-0.370863522978795	0.298840723952876
0.39237706799528	0.417578677006932
0.507405509383455	0.180581253244151
0.397837490200895	0.776255751813264
0.146318958987401	0.196041435417164
0.234996244507215	0.481784056972459
0.288337152907012	0.577223977491738
0.442634809381532	0.839438737926519
-0.0625930908597216	0.0801697620175361
0.281274124091394	0.481806044161053
0.679268195737296	1.41305579976278
-0.273010350047349	0.432958667396266
-0.611628581817895	1.35407284590657
-0.0155649162515809	0.00794474858809376
0.658411503198229	0.68298400606437
-2.12811903670772	1.61280909159223
-0.80026358896391	0.521072101750237
-0.944634453859879	0.688421089525387
1.09505041709007	0.820805018435422
0.301213391234212	0.196099141039364
0.41640415168629	0.316303726307518
-0.923416534070676	1.19057382113243
-0.431010152820393	0.437888999183763
-0.263985252547978	0.26384786501486
0.165449324628405	0.126705759012634
0.0905204409101508	0.0676484536551111
-0.35621745493526	0.412939276640362
0.0998993094691228	0.0991632952891591
-0.483281317543579	0.522509961831256
-0.30416871436393	0.226010546427089
-0.0120775740916228	0.00831342695971973
0.288839267685804	0.208941250402946
0.588309916398905	0.653177028402068
0.271879024921257	0.212751344626368
-0.189495349516662	0.162306095598871
0.0104176901250924	0.00832445721070132
0.155345303472157	0.100490787545194
0.429430403324828	0.174308914564631
-0.00238588598828844	0.00178890490530328
0.437421765069376	0.516758105938806
-0.683928694172382	0.482203097456554
-0.781896267646272	0.344362579736029
0.925979622549504	0.243736825113843
0.141628868364635	0.0268733845859336
0.929020853400311	0.244303524147299
0.133269655210264	0.0514052505492531
0.893138271026877	0.481561165516268
-0.163462982042859	0.0594377018747612
0.329581806235858	0.33884613987141
0.0792163403251747	0.0557800253245557
-0.292424953442677	0.285804233937026
0.31667417687924	0.188090795298222
-0.79016298564893	0.353742857390894
0.803785201394883	0.337346626268689
0.350569748496789	0.174946345519671
-0.815884717133134	0.698031556112496
0.16226838207098	0.105380407023969
0.263517478560276	0.239992570659204
-1.31418094773366	1.80392343738474
-0.097312352150357	0.0808655603227581
0.176730997006307	0.15162177848256
0.508781691198075	0.185680235788344
0.639433294916704	0.204223062388441
-0.656877012944955	0.388915171301691
-0.420832137747029	0.173648899035638
0.643202247298856	0.202776762796674
0.88560608247656	0.4772698841079
0.88927850949922	0.477723950608782
0.12477072485865	0.0424174239993924
0.519418236723518	0.421535744391915
-0.332546078291493	0.323994274934772
0.384157359431508	0.173687608011526
-0.0489191196512049	0.0412521100601659
-0.589737849396211	0.694661501359323
-0.909003710870872	0.847043550158666
-1.16753174500704	0.641464850722636
-1.50512671215335	0.78497703069569
-0.373053653203401	0.10950615431338
0.384696780583626	0.172207522453703
-1.54462112347851	0.558792637671358
0.349672493541199	0.174788104317679
-0.19343312238582	0.103785581011932
1.25769058712102	0.697929531497635
1.04671431462836	0.513193629181291
-0.25288373877213	0.126604571381064
0.127464942143177	0.0377651762056251
0.175809342894391	0.142673385933732
-0.308336702085972	0.33591329847167
0.0710470476099749	0.0495431831359618
-1.24198363490067	1.62013664905938
0.268551461606582	0.256954243816287
0.0347496946823037	0.030311200544395
0.141168720466643	0.026788068800843
1.76901242113297	0.98920016259399
1.04762263326671	0.514085617901239
0.79900651989224	0.330065479864002
0.676543796411754	0.318693570596001
0.275807866929072	0.215517851601842
0.0594524357404126	0.0384656856317748
-0.342380233808315	0.207682345894588
-0.169310736207172	0.0622086261971111
-0.495895076991173	0.261543952549636
1.55324176552158	0.789473162707191
-0.0726306306356556	0.0317187259492194
0.131405301493996	0.0450882414222608
-2.09888984919756	0.968460105575803
0.149735727193089	0.0858538627930456
-0.622607297526766	0.300839747618287
1.0772511839728	0.659684274630355
0.500807315987336	0.312298100369137
1.01421910313051	0.386497027111194
-3.77259880828192	1.5127153101387
-0.540188763035123	0.210389950149253
1.79670337293508	0.712109669548487
-0.270844992159787	1.89814745588061
0.243399393928411	1.34348983206729
0.523854282899912	4.10484345933011
0.236326466503614	1.14520548682038
0.525334329255008	3.8841398289613
0.814736907584684	3.40071904112444
1.09153340231413	2.25073957262692
1.05537753304078	1.20198049459997
0.589168895381003	0.826436692721022
0.455198182131023	0.688203332258598
-0.295008188062025	0.188010625829776
0.911414583600401	3.20190694153179
0.486191460113329	1.23830377001272
0.540608750857944	2.11931135259728
1.02142163026566	2.15528500601186
0.601508409785162	0.753399904208421
0.634148733282512	0.837120626768222
1.34467585628934	2.18630879315903
0.449832499003664	0.617983876674024
0.8653200854259	2.07049987741347
-0.355944388220483	0.286138156869051
-0.959257623003494	0.587243909885569
-0.0744643254399283	0.0323615203456967
0.134073230654708	0.0460155036809627
-4.22747935038727	2.0278639818236
0.279874396423198	0.200850752130553
-0.396076141160948	0.345729386186637
-0.576655984985254	0.537073671576239
0.066381764316334	0.0631021232520859
-0.274619838145253	0.20662842848786
-0.317713557456189	0.473009947521219
0.0144593715404857	0.0174964510181598
0.242117269501242	0.277807619660165
0.598759506868227	0.308745069697425
0.0265746942139743	0.0154329592654009
0.574600021634855	1.00738538423495
0.465389629564986	0.515923393806179
0.268783687336407	0.296492205375596
-2.64967800843871	1.64846250533493
0.427152541904727	0.169353118107019
0.129278986113907	0.0386815864932076
-0.649677393302236	0.159121336474823
1.44982092993463	0.883449335706573
-0.172245282725084	0.192435376589152
-0.0398436404701464	0.0188459886669649
1.95256933090985	0.464168557061862
0.139576085242422	0.0352987079074651
2.74531503858304	0.788587032684406
0.925979622549504	0.243736825113843
-0.650815605433229	0.158518447092606
3.25422405878576	1.0988640104023
0.141168720466643	0.026788068800843
0.138547275345784	0.0347818496624983
0.989991211195496	0.796088539535059
-0.496164259219876	0.834667685137247
0.64519752559114	0.205734411961475
1.42719460355007	0.477448564652232
-2.58468514934926	0.681926813759725
-0.750453159564684	0.266070645067511
0.926974875419701	0.246284209674963
-0.539455169977682	0.600709614339499
0.233783851307705	0.318538198067218
0.300816005609405	0.410915124994186
-0.358621658039166	0.259221224711295
0.360764188919932	0.476905589007795
-0.0758569119038517	0.0331373249751612
0.5052829367669	0.182279638609026
0.139073148904902	0.0266055202308437
2.74438259751335	0.780038400688451
1.95338582999428	0.463576578510391
1.79563632322604	0.704599241543694
-0.650318276706871	0.160755761640221
0.127549585831426	0.0385072991721353
-1.80190156331263	0.405310176911618
0.139073148904902	0.0266055202308437
0.642430262122492	0.204551977387731
0.138618353811657	0.0265211219118666
2.7479767545239	0.782066977880158
1.42795516831077	0.478570790474717
0.634452151331544	0.576605540861464
-0.411734125031266	0.362725443879091
3.24830720791551	1.09477551568481
0.260760811232883	0.3734518982015
-0.0917617254471861	0.0569022018328599
-0.995886203812249	0.490601302120795
0.925335174824177	0.243267565805426
0.926974875419701	0.246284209674963
-0.370960450535942	0.108999469994633
1.95256933090985	0.464168557061862
0.925979622549504	0.243736825113843
-0.655163635992096	0.160369482742199
1.0166972253032	0.3880595427182
1.4300120770332	0.472328161227103
0.0895631837951333	0.087066453687481
0.618634210574464	0.885477130915792
-0.324628626321457	0.469969533569947
0.19979844686012	0.212413686027657
0.144528274480245	0.0618330615353217
1.05161155852892	0.512954053774621
0.641431038909059	0.206705899790905
0.64519752559114	0.205734411961475
1.95256933090985	0.464168557061862
0.92732486785368	0.24306890205782
0.137716344096337	0.0264356853006178
2.74531503858304	0.788587032684406
3.62360809261866	1.43608472685745
0.79747062420093	0.336571067175277
0.139088984871223	0.0347391602259325
1.42719460355007	0.477448564652232
1.95256933090985	0.464168557061862
0.135879697342193	0.040042092096282
0.502930967277417	0.181333117013942
3.92169914704775	1.70790447007316
0.647664512342753	0.202249453631059
-0.118227008778675	0.0467886171739053
0.499896764244387	0.602627354369408
0.37235560509773	0.318772213454099
0.136919308020491	0.0408177028889142
0.926329332609966	0.245803896301602
-2.58513149511835	0.689509113042442
0.504338022226436	0.180177455072905
1.95256933090985	0.464168557061862
0.796173300058586	0.335709547702372
-1.29155516506689	0.594081085783431
0.137790482671227	0.0349173015404508
0.138169594891086	0.0265198668009027
-1.80190156331263	0.405310176911618
0.137393054243537	0.0344634753891055
0.0776971433234648	0.426391698033493
-0.0973590456611898	0.471801177095518
0.341719343240342	2.20678902562207
0.403688474802745	2.66978941500561
0.295740954374923	1.63377412373368
0.554344127949124	4.38134996672298
0.990389460699328	5.20545823335711
0.0524858579888063	0.0482507718560579
0.637237383655572	0.677055606721879
0.0656832987563613	0.0554511229954696
0.34313226929375	0.457658260783046
2.0176830424226	1.85812010690179
0.306484654596881	0.62407964887967
0.21788174641896	0.404241482060947
0.321071297352365	0.95137078084228
0.150309916278255	0.177467269632291
0.906086189534759	1.11917020201099
0.65636284703092	0.774895540332984
0.341292637286921	0.315929258449498
0.656185695708665	0.775417907173398
0.670084466665695	1.40847702571333
0.334154274123373	0.342322924668941
-0.124872073410095	0.0751688967565704
-1.17087266893708	0.65261918210246
-0.80751074720339	0.434662592108834
0.138957249831158	0.0469686287821224
0.138169594891086	0.0265198668009027
-0.622463529417997	0.303470935584768
-0.371195854454092	0.109335251451445
0.508781691198075	0.185680235788344
1.07626750769814	0.664196174085665
0.831240988379509	0.881588670424631
-0.083770407334896	0.0700623336396207
-0.0364480796366199	0.0339934385201479
0.133181749058595	0.05758539353645
0.378602994794338	0.310874504056366
0.200282592535876	0.208715160917238
0.946150242688165	0.630036598566463
3.25036486382959	1.10725094810752
2.54889737970719	1.42420103735778
2.74531503858304	0.788587032684406
-1.68789405059719	0.962577030391486
0.39048438167778	0.544991816569878
-3.09739452059542	0.972553736075869
0.131531340806028	0.0393848494794365
1.01323380816185	0.382629292904723
0.138169594891086	0.0265198668009027
1.42682311163348	0.473648243082631
1.43287798690679	0.475136223572177
1.95256933090985	0.464168557061862
0.92113051285893	0.24102514029113
-0.649677393302236	0.159121336474823
0.137790482671227	0.0349173015404508
-0.164717030217209	0.0605798459598444
0.799201610155906	1.12555498717754
-0.117098346487505	0.138661721329402
0.133435113675883	0.0394923327104963
0.639433294916704	0.204223062388441
0.926974875419701	0.246284209674963
-1.04825804245851	0.430881776490226
3.62360809261866	1.43608472685745
0.165203164678251	0.126555806384759
-0.0949144829018919	0.108416332213575
0.142418924795127	0.161528951788423
0.0430160994688363	0.0264546355488109
-0.0530143967981596	0.052550834070974
1.76538973578546	0.984776870596903
-1.54134641011664	0.564552208534783
0.642650740895789	0.20298545340287
1.30675103647863	0.583158549436276
0.92113051285893	0.24102514029113
-0.648677249821696	0.158587087101144
-0.750699276625547	0.264252450117151
0.925979622549504	0.243736825113843
2.74531503858304	0.788587032684406
1.42795516831077	0.478570790474717
1.95256933090985	0.464168557061862
0.525899911605212	0.530341777426175
0.930671315320304	0.244899140334393
0.655726487917112	1.40400409890724
1.17208892244959	1.88709797973655
-1.51026008280891	0.769550330578937
-1.80190156331263	0.405310176911618
0.507411456480791	0.182627863027312
1.4308149383669	0.474993175817053
0.642202725024316	0.20486814652215
0.137716344096337	0.0264356853006178
0.141666634051722	0.0357514933011427
2.74531503858304	0.788587032684406
0.315117074285816	0.399994565277303
0.357538063665513	0.465259731408984
0.15733204753469	0.19147505471875
0.5336565483031	0.303812382373124
0.974537772067932	0.782278311158399
-0.372732473872603	0.110746709749891
1.42692741367696	0.472854481440801
1.30416567431915	0.574921760660865
-0.116179027186003	0.0466633349984021
-0.650815605433229	0.158518447092606
-1.80211551800213	0.40518546889285
0.925979622549504	0.243736825113843
0.132452680865618	0.0395235140572552
1.31421957857318	0.580185170467997
2.08924618973395	0.946370198374706
3.91337671586789	1.72666008519133
1.95338582999428	0.463576578510391
0.138169594891086	0.0265198668009027
0.428211844260622	0.171721660240625
0.639433294916704	0.204223062388441
0.138169594891086	0.0265198668009027
0.141628868364635	0.0268733845859336
1.00682260093215	0.383667953301438
2.74531503858304	0.788587032684406
0.138169594891086	0.0265198668009027
-0.0482516631088848	0.0226093633455228
0.0859797866795683	0.079682187036438
1.76122124262525	1.78319311372683
3.91855812891033	1.72940162808931
3.91855812891033	1.72940162808931
0.133516783675935	0.0336393793939088
-1.80190156331263	0.405310176911618
0.649212303350985	0.203142381617355
-3.09280325935961	0.972693856185307
-0.161036207703521	0.0581086038893606
0.137790482671227	0.0349173015404508
1.75980578263061	0.996347529573378
2.74531503858304	0.788587032684406
0.141628868364635	0.0268733845859336
1.79870242510895	0.701115077526403
0.427912885754657	0.174104059517884
0.926329332609966	0.245803896301602
-0.0307716444271771	0.134114420150859
0.0188049178801274	0.0712902874975207
-0.00563061621322837	0.016750387815338
-0.579604260147155	5.50464281719338
-0.358032899992466	2.05763836625324
0.356697459889072	1.01497683699506
0.0549606626580798	0.0576582734708912
-0.477805688682501	0.317786723349758
0.66381051200992	0.874684765452029
0.297465015266779	0.34570354664652
0.503876995607107	0.183480745946702
0.399567634105223	0.90983452050975
0.294209394171694	0.567036079003412
0.189230346726941	0.403928552995004
0.593653442900214	1.70759111236854
0.519209456556807	1.44515385955213
0.6878548715811	2.02342087072771
0.578959790672381	1.51145751377508
0.0264515102542378	0.0352516474627285
-0.27463294414903	0.533042133848496
0.398422432313215	0.85060425576161
0.273916373346974	0.419960774138685
0.209984548033444	0.247735809857338
0.581697352157819	0.902646480721835
0.729348733631917	0.894156051273792
0.422407715533047	0.410947477077845
0.503307636131723	0.431991545384394
1.70689227976182	2.62346519080851
0.473607342450853	0.420140423705339
0.407365990700337	0.32072979295147
0.735761347933045	0.726834509177926
0.427968241407764	0.171984093924236
0.280739524108578	0.202689326525214
-0.0213373003952838	0.0106811496039892
1.31473074230804	1.55194952748649
-0.158162379918514	0.0912374371937559
0.421375050244694	0.318008949394297
0.277684379053312	0.209758694763876
-0.00907455314727701	0.00611855458409231
0.110184616937583	0.0854833349009816
-0.0848617540059315	0.0775577264821407
-0.00706714062571823	0.00543937092756769
0.785523544900303	0.852423798114775
0.652814601747537	0.760151767158636
-0.068838642083685	0.05819994897242
0.568607219902917	0.613648430434137
0.169584492318303	0.11015608428251
-1.34922941268206	1.09142399337158
0.125297592141152	0.0425008393245429
0.982338167201267	0.803056598100543
0.847866380812314	1.07398805026072
-0.317426130537991	0.233498005231456
-0.808241096230978	0.833033182507572
-0.248415295364859	0.125213674061896
0.805530818684596	0.336665610748168
-0.156093122239477	0.0564043560788011
0.432818540013999	0.176395167801005
-1.53655802789428	0.551742889008445
-0.993977856855451	0.501317812529576
-0.368970569520409	0.108704530129129
-0.955520728278011	0.586697928839501
0.0443978890092268	0.0269678209728277
0.145092977268315	0.0771643200097993
0.669406925169376	0.584117945606608
0.568517578291018	0.5488732828167
-0.195116083042852	0.103533736562915
0.141040635755856	0.0606764719550975
1.01080793058073	0.389781480211188
-0.992121086243654	0.495951382950266
0.43745777782994	0.174986000394917
0.146975260555943	0.0931819024462886
-0.277242847016077	0.172006871854027
0.0806982613248014	0.0587324917999468
-0.524363319308855	0.402100479569282
-0.926559562929288	0.772851968931884
1.10297962074509	0.989818758211452
1.6457091240999	1.5255598249587
0.592630386808795	0.304740712044672
-0.808885871579304	0.437360141307526
0.799584245267975	0.338483546615682
1.04301766912254	0.509338270960851
-0.165633878223146	0.0608230448483071
-0.625767825081459	0.298173540602104
0.131142088064851	0.0445435122752936
0.135185873505605	0.0402401710200621
-0.753181884414792	0.264903486950086
0.131708715990167	0.0395807956970691
1.4300525619712	0.473890200865325
0.601156755051927	0.313326299747314
0.795578285229982	0.332873224019439
0.12918993805387	0.0442507386000375
0.306772673320984	0.183729815526557
-0.60731691264573	0.590977921666203
0.261351487341861	0.233829632590786
-0.672128194294654	0.39218419984592
-0.995453654276322	0.499654387107498
1.0157137322373	0.387976380499905
-0.504102204108252	0.267253466571545
0.79993415790714	0.338364150330313
1.80195797435116	0.697288209820227
0.42391891802808	0.1718634323489
0.176213735054465	0.120199746826076
0.0815221181856554	0.0844658889755893
0.341548580130333	0.316827246044837
0.748278233067598	0.820983370299468
0.0773922410709994	0.0548657509175016
-0.0672552339731231	0.0297249119201208
0.141871731525996	0.0675991786844996
0.587654609686495	0.305228213183286
0.796822032336151	0.339034428445647
0.424829140010351	0.172125883775507
0.127549585831426	0.0385072991721353
-2.58513149511835	0.689509113042442
-0.803715542817519	0.703241406440519
-0.748717096925392	0.26268742708996
0.887579695664797	0.472693843733467
-0.261827615727602	0.128450356300342
0.136854311103452	0.065197322765001
-1.04851378907912	0.424859501269914
-0.240907189293576	0.0785608979908774
0.142698404858563	0.0359575700897484
0.131405301493996	0.0450882414222608
-0.799621320331054	0.439730487498041
0.460084134592554	0.308792169830776
0.146271330787485	0.0836953175645682
1.05433143050337	1.22430973769338
-0.0569056087707898	0.0359584292671475
0.432818540013999	0.176395167801005
1.7601421888798	1.36845525290596
0.803785201394883	0.337346626268689
-0.241840209542203	0.080476940077082
0.430994181149932	0.173808003780719
0.141917861541201	0.066845241773286
0.373840699412649	0.166000935392549
-1.68641048158956	0.97156392950868
0.138375656503241	0.0404207688069331
3.62062366405083	1.43326252584705
0.457490891325742	0.303540789768563
0.683340409588349	0.312152472087354
0.587952030276387	0.304198905455753
-0.246744187489769	0.0819875861942725
-0.649677393302236	0.159121336474823
-1.54615842792672	0.564342761115075
-0.372732473872603	0.110746709749891
0.644424999818512	0.207579266186308
0.0154313287848569	0.0649187329017004
-0.115397611577713	0.632077215405898
-0.471117494622243	4.94523215142293
-0.139189173492068	0.612988736942519
0.40453439946145	1.52397658199113
0.350740489151329	0.583237505289846
0.504036596223985	0.437348310111194
0.376653882513006	0.433676923847333
-0.160340650624382	0.190107761696699
0.851458364627759	0.623199265043571
-0.0875484469281916	0.148976948465046
0.0994092630123271	0.170811888192093
0.267904219411423	0.755340750096106
0.583893434402336	1.69964034996287
0.288648279853366	0.614458338691538
-0.151413133711048	0.243841745344226
0.135487245295851	0.22594378052284
0.823132116890906	2.73833196667856
0.0543228462747341	0.0826011444157439
-0.0850278246504588	0.13213426398234
0.110146639401484	0.123668474831547
0.512943079551548	0.756661948037337
0.145768236554561	0.13808169279049
-0.16849772855055	0.143477075928524
0.259444515304394	0.223890253796514
0.585422690650865	0.659285984457093
0.362742648092966	0.329780108447514
0.168209855124246	0.109251119963783
0.270527406550951	0.220337253768805
-0.205291956264718	0.138897861459434
-0.323124016485839	0.150322897462286
0.293350341563834	0.212300254365216
0.536456290982638	0.446119962063543
-0.0966366832050836	0.0712396240117027
-0.073303110871169	0.0613438109539748
0.0277002401482935	0.0244857796403444
1.15633973161525	1.66854730462005
0.0140054775846605	0.0118995515510829
0.300419959516452	0.387040792762283
-0.926670744175917	1.82303927491921
0.130662423351007	0.114689046147147
0.119506005886106	0.101673383208682
0.15691942203287	0.0958510652923782
-0.55028538103699	0.340383786578967
0.375378256614992	0.167577398575938
-0.163794242813771	0.0595974017446855
-1.01823039904254	0.915211549328865
-0.303026489816845	0.298886827316046
-0.91320368071405	0.771385997991969
-0.413947858919656	0.176554546535984
-0.160721852546086	0.0589654523662976
-0.243484148452124	0.0808609088407405
0.80404554339976	0.344481245407227
1.01080793058073	0.389781480211188
0.428241289583821	0.174216330191094
-1.10866951643556	0.762276769118091
1.03047070573781	1.67025137503961
0.156176241314498	0.0961826170371071
-0.310827221310908	0.231762031370003
0.676613833460986	0.875435063556634
-1.06017268978531	0.850343168921516
-0.417085097766489	0.235040529174256
-3.770040500817	1.52983951262272
0.64519752559114	0.205734411961475
0.69170012300246	0.446856625521479
-0.0839164545045786	0.0512603407493748
-0.460289536276736	0.471613330650827
0.187328099024848	0.183395519784108
0.173652918239566	0.123527293992141
-0.173888119555234	0.135613535229504
-1.94950770812537	1.90092787725923
-0.115459882139839	0.0463015550636823
0.141040635755856	0.0606764719550975
0.140032020441038	0.0531445169702407
0.92732486785368	0.24306890205782
0.672933044147216	0.312684948099661
-0.253303562499486	0.0827286722953335
-1.16076621190063	0.359385238156804
-0.802366510471571	0.437774808004521
1.02086557302962	0.381874562594937
1.79262476035013	0.701086338174517
0.892789829734852	0.47550972524334
0.641431038909059	0.206705899790905
0.350509169222541	0.175818458005786
-0.372732473872603	0.110746709749891
1.01767991716492	0.384616945139857
0.13269968256925	0.0511668869959815
0.174636830125286	0.129326239764595
0.782964542166615	0.613331534150353
1.94691886555302	1.23049757141814
1.04362213336551	0.505201886738609
0.774735808050041	0.455588790682204
0.106797557874797	0.0837231649981331
0.109810698914574	0.0915539612513586
0.158606934937254	0.0968556394026157
0.140213600976277	0.0608520726966992
-3.77336026249091	1.52994227958119
-1.84536271575861	0.770197726260662
-2.64982899703004	1.6153559252558
-0.370509740783027	0.107903753835967
1.07537934974307	0.663936036393242
1.44641321192491	2.52290454917499
0.190234730661317	0.167339420426521
0.517411321371462	0.537809792944386
0.154790748769306	0.164595048275782
0.0195229756730157	0.0182321603598744
0.375155674452534	0.409611586340722
0.0485840721699698	0.039605775476619
0.554711259708755	0.639729756256883
0.309962810647918	0.188116955312448
0.146752551327454	0.0775618081089592
1.31094944803572	0.585633714178286
-0.54075591557501	0.210281213474268
-0.371963944093828	0.110621992809151
-1.84364570734871	0.769128563045154
-1.05384695295636	0.432037760899314
2.33483689203872	1.18298064190505
1.94838553138403	1.22070565782326
0.127239208880002	0.0433350040918735
-0.372732473872603	0.110746709749891
0.508081388675797	0.18525425523165
1.24101040842391	0.85709571398306
-0.42196043053585	0.238889682007533
0.13806085974017	0.0349020150681185
0.925335174824177	0.243267565805426
0.67901757313456	0.322548276957465
-0.00315517686153707	0.00226361522550988
0.847362604775219	0.60902665202094
-0.785569512138	0.350167212429349
0.143458160699927	0.0358142984417619
1.30184132398035	0.572606547674884
-0.958767209624763	0.585983204177203
1.303478642082	0.570952432784822
0.808300040945747	0.342286925855588
1.23784642569224	0.855608430046028
2.54082233188545	1.41996007997198
-0.411905954035855	0.174590198515495
0.386294159072654	0.174985884071174
-0.0837324810221098	0.0358726282757933
0.507836883903904	0.183767118983846
1.01595055020248	0.392095167936931
0.127929242305181	0.0481292311452766
-0.236936795329668	0.0775009271795023
-0.533270090097079	0.203525447098513
0.433730210586914	0.176303641449018
0.776607538636664	0.466614224872673
0.640432049403559	0.206671110179374
0.137716344096337	0.0264356853006178
0.681826516956302	0.319090733056294
-3.46924124245495	1.26110671680306
0.334077697137972	0.184529541286496
1.30906895135202	0.585546772041702
0.0326328576631566	0.14582738171143
-0.244980336042875	1.94699375537577
-0.0210346647632477	0.0711286673686746
0.717842251433223	3.87564769384088
0.288906633592046	0.446875250907564
0.282203696474891	0.204082918587944
0.648504168132229	0.907482147167889
-0.030466167994111	0.0340850337097012
-0.57166072418015	0.528480647645598
0.255150347070614	0.614607877848552
0.182400036756413	0.35913287527338
0.372598676580974	1.39110592298802
0.0983662331298312	0.148503651937648
0.93582769833959	2.69116053631572
0.101545480585805	0.115158666121211
0.339560104678664	0.516746333418436
0.592627197716602	1.12532279904578
0.456270634692319	1.01090655369383
-0.740598965137653	1.65787380821556
0.590092654933569	0.817099385099548
0.517112563742517	0.610846480349619
0.406474390984584	0.421879758751601
-0.591786797642828	0.440589044397711
-0.0713897043053106	0.0313308856162664
0.897508746971533	0.463293175401226
-2.24255615489681	1.84940316761616
0.39206866720766	0.31113974513565
-0.256855856184049	0.220025511714163
-0.132941355560522	0.116244224733053
0.152769237832591	0.169263048803754
-0.56905402794832	0.518824202797932
-0.631198191682872	0.75170058004944
0.430702973973253	0.685002351043753
0.0236619679902898	0.0262777274186935
-0.0550563278756436	0.0413730944247753
-0.250163436557179	0.265639839091656
1.38615971558075	1.07084756345947
0.929020853400311	0.244303524147299
0.133516783675935	0.0336393793939088
-1.16227469880569	0.355295007054579
-0.964719126522819	0.59795724590223
-0.189279260895096	0.161890722122267
0.771607674433667	0.456689081283294
0.925979622549504	0.243736825113843
-0.545641755228151	0.213156326519175
1.95338582999428	0.463576578510391
0.142425808142815	0.0356096114179749
0.64342341463051	0.205691875654135
0.133269655210264	0.0514052505492531
0.505524711177284	0.184537045848412
0.137080532436617	0.0260826732150604
1.42579475314428	0.469453428525921
-0.405186522637126	0.172289835749246
0.835811943417637	0.877545133657515
-0.114365177525289	0.0456312505862719
0.776627935268226	0.737779731077346
-0.354427000146089	0.38810922748202
-0.242292064734812	0.07964190102884
0.642430262122492	0.204551977387731
-0.54075591557501	0.210281213474268
0.138818714405564	0.0354421828043769
-0.243489732986148	0.0812398100864258
-0.115309126525804	0.0829551604416434
0.650954074770367	0.841891654890265
-0.287033280829765	0.299249681092897
-0.889498948648945	0.904491233556329
0.0625897521670216	0.0534187202410465
0.704998419645212	0.448726956837714
-0.61786350837451	0.301730813295305
-1.84041886221884	0.766882661788326
0.132517398019614	0.0400248322660559
-0.165318734214513	0.0606610603776833
1.42925034845688	0.471239687923602
-0.373053653203401	0.10950615431338
-0.246744187489769	0.0819875861942725
-1.05245216258944	0.431815108906743
0.137663849025598	0.0410571652515246
-1.16255649541829	0.360535388481223
3.61956389250147	1.43028882967321
0.135931183146639	0.0408601823442341
4.37873147682871	2.22985724110801
-0.650318276706871	0.160755761640221
1.42395946891673	0.472583961120929
1.4308149383669	0.474993175817053
0.926329332609966	0.245803896301602
0.97137034395348	1.06267738611976
0.64542681911787	0.206101967608227
2.09684126801949	0.936186440936493
2.7479767545239	0.782066977880158
0.892942624079298	0.473579436853138
-0.462012906579509	0.611909212936645
0.167677007392576	0.120012984814609
-1.84757248494674	1.16673743288432
0.131273354241287	0.0503133378749045
0.137393054243537	0.0344634753891055
0.133839510334783	0.0514783633650397
0.129278986113907	0.0386815864932076
0.135568968576203	0.0339891491304889
0.132129592379522	0.0507684643984597
0.139576085242422	0.0352987079074651
1.30883023487579	0.572795684693663
0.506144648988488	0.721990339590798
-0.0239726576327115	0.0188201578344969
-0.676565659071392	0.845949541326154
0.382517356767026	0.425789076320611
0.0384436615999129	0.0366898639164817
0.0704086327918614	0.0722095145610524
-0.0682657098193438	0.0671181581940996
0.531808544663437	0.638081455555536
0.36261907461559	0.314068564499087
0.20820571746003	0.210686916968917
0.0157130166326943	0.0143983180900119
0.128925533708437	0.0438883757730603
0.136082679681813	0.0525324784428168
0.130783366724484	0.0391461997340817
-2.58513149511835	0.689509113042442
0.139073148904902	0.0266055202308437
-0.243738387832607	0.0804072076503759
-0.744797769739109	0.261223376171582
-0.749707900448518	0.266629197702648
-3.46998743660351	1.26411646563651
2.54796694186638	1.41891505184144
0.50738087048618	0.182889267122129
-1.54134641011664	0.564552208534783
0.795009809051372	0.337449798272737
-0.540188763035123	0.210389950149253
0.345941728992265	0.171660198701496
0.52908295537898	0.303632442768657
-0.00168252021126637	0.00114939860153323
0.258468975355929	0.252062205412008
-0.406269123404498	0.170726180731799
0.678821367962212	0.317949688676888
0.795659865725441	0.335010077352381
0.791862681116362	0.330234622747397
1.79971117079625	0.713547256095307
1.79492986711335	0.708745443595502
0.499677806509618	0.181395612831858
-1.54058228908419	0.558038570704529
-0.649677393302236	0.159121336474823
0.639660215207864	0.203910262751024
0.138818714405564	0.0354421828043769
1.0127751373005	0.389769011989825
0.349122711988175	0.174637715170198
0.434096757994358	0.173232953749715
0.139897491124065	0.0469952787506905
0.130856680902228	0.0553190171887153
0.447649259777599	0.42600482812292
0.381722533875872	0.171965476909828
1.01815356301985	0.385097139541497
0.145565146619046	0.0360310894434119
0.133621657798323	0.0257280473816019
-0.378051187678928	0.111023447161183
0.138818714405564	0.0354421828043769
0.129941237746952	0.0445266641773187
0.926974875419701	0.246284209674963
0.643652025841357	0.204814057575745
1.31000962917872	0.587023547729711
-0.37705103334154	0.111772840936855
-1.50172381447308	0.772310922363776
1.01767991716492	0.384616945139857
0.0909104595580126	0.526983438884417
0.278055394267558	2.41113307715795
0.315460112393079	1.35442835716568
0.346362170886155	0.693026633112911
-0.0148220126879006	0.0128750473024477
0.145236924194302	0.18719092894778
0.102488315746648	0.141103964949356
1.31810968796785	1.51563369986479
0.318686388791926	1.02716473665087
-0.42600852779885	1.54022298402852
0.257753407849156	0.939344523223002
0.289672255167719	0.629520224372261
0.622885318421659	1.50956719277117
1.22154531745907	4.35658146226427
0.38865754688004	0.656827212506595
0.455118395700064	0.903108479386532
0.112278620111939	0.181056213737273
-0.417391550762734	0.832585510708652
0.4978714018789	0.710759110755998
-0.550338223071992	0.838468360806205
-0.364433757900959	0.350018417797814
-0.137334736882668	0.0961128669560152
0.333209342939399	0.183010049199907
-0.6166508282649	0.297825514211298
0.164721382131178	0.106989279247923
-0.179655026406696	0.157866530748435
-0.0431727666770616	0.0367941967557768
0.488040144873908	0.879452401495763
-0.180754766854855	0.142210983224151
0.4082023056972	0.425150251104679
0.268269530995207	0.438309167639155
0.128899740969859	0.168917064184763
-0.48831624684606	0.492061995589493
0.503106182593997	0.53387520764449
0.750781767285994	0.982169843643411
1.22402424868069	1.0146619158499
0.643652025841357	0.204814057575745
-0.752194007398662	0.261059846312193
-0.253322806039737	0.126384479818188
0.332764517362122	0.180305105595295
-0.502788942673608	0.575504093749665
0.13840812259958	0.0408921198665596
1.79893570621489	0.71178866805356
-1.16152021660948	0.35929571617842
0.141168720466643	0.026788068800843
0.641203436908402	0.204828865510354
-1.80190156331263	0.405310176911618
3.2493353238897	1.10864834370629
0.132754372873048	0.0334623448971025
0.137790482671227	0.0349173015404508
-1.1700555978362	0.354625449088458
-0.165318734214513	0.0606610603776833
0.268743629960494	0.217209747680006
-0.477852980022042	0.323491202343481
-0.109362157085979	0.0437184268841514
0.0620668396013303	0.0582747386401832
0.439976349389835	0.17437213132703
4.15572615841177	1.99645037814372
-1.80190156331263	0.405310176911618
1.0157137322373	0.387976380499905
-0.371195854454092	0.109335251451445
-0.0672006967425263	0.0508356825814981
-0.0935789704296617	0.0924808390660042
-0.930302184100294	1.6556290263761
0.933955747334303	0.912119703773629
0.255211748631777	0.225371853981599
-0.164403605220993	0.0602516836701797
0.777039090655203	0.456760680344303
-0.247688428186081	0.0823916105388393
1.00982540305298	0.385206220726638
4.15672562736447	2.0061543870442
1.43396011234821	0.469223739016395
-0.374056649896452	0.10984667872003
0.132008056168482	0.0393965941991127
0.138169594891086	0.0265198668009027
0.129840797352239	0.0445844341304171
2.74531503858304	0.788587032684406
0.138818714405564	0.0354421828043769
0.12947410781537	0.0325244751018023
1.00757101741344	0.384130201865198
1.30581051293515	0.583204526982758
0.135633414284217	0.0464242544434658
0.138169594891086	0.0265198668009027
1.60593545605421	1.11308268825983
0.160567586811895	0.166288838361258
-0.17460861908339	0.15208512059417
0.130273630097158	0.0501529017881732
0.505766542576991	0.183848744269859
1.4308149383669	0.474993175817053
-1.54160829876422	0.55434455678103
1.42692741367696	0.472854481440801
2.7479767545239	0.782066977880158
0.509725648789814	0.185898565895246
0.30797140102576	0.360855611644405
0.423308781070427	0.583828948691995
0.477960756501389	0.579956386056449
-0.0814507730998995	0.0676130016811712
0.458383549226856	0.690023440527824
0.139488520830245	0.175072952654628
-0.0135668124066181	0.0123270272419965
-0.642372199824236	0.5893899316741
-0.182644234355647	0.145646740061314
0.235186451047963	0.264842299561904
-0.111373317595217	0.114404311190767
0.132686151872238	0.149156284728893
0.0363503745946729	0.0353084716194477
0.257494257850078	0.352452501317801
0.826057676342387	1.47121710900516
1.10827361213509	0.996066740988776
0.780309172634301	0.742993360113778
0.382426799068198	0.17158926431484
-0.0681027702571607	0.0299490125272113
1.07575168453648	0.665444902236586
-2.58513149511835	0.689509113042442
0.138169594891086	0.0265198668009027
0.137033206871248	0.0343903632230145
-0.748962934462903	0.265874158565463
0.636334245031832	0.202658963099978
1.7959287507101	0.710356981550796
1.79262476035013	0.701086338174517
0.641431038909059	0.206705899790905
-0.237634114381875	0.0784173059311123
-1.04007097486919	0.412259875149665
0.423623494737594	0.16999231936055
-1.1600126841405	0.35529503686347
1.95256933090985	0.464168557061862
-0.406097094408452	0.172828244638938
0.68312155425915	0.31458131948321
0.263622654109945	0.292916123730203
0.780429448473287	1.01079549864923
-0.343071463903236	0.209516423179799
0.428211844260622	0.171721660240625
0.640658905761581	0.203950748563405
-1.84041886221884	0.766882661788326
-0.750699276625547	0.264252450117151
0.64342341463051	0.205691875654135
0.136628230278163	0.0342854039182628
-0.165320765543476	0.0607703071733124
-1.16501672782279	0.357025208830094
-0.749707900448518	0.266629197702648
0.932732691442677	0.241118375689451
0.780673283487758	0.466077166637653
2.54241420110643	1.41564657966056
0.67453979435116	0.3189996086324
0.727020270219746	0.603304307500971
-0.598572768786292	0.741954300364776
0.312995404175116	0.189109176884061
0.596468791110989	0.314139878149124
-1.80190156331263	0.405310176911618
-0.372967191440885	0.109879462987979
-1.16215049582938	0.354329340870658
0.138818714405564	0.0354421828043769
1.4300120770332	0.472328161227103
0.130882611694412	0.0448066859255122
0.491772986068792	0.308593322085946
3.25215396833713	1.09944519815717
1.01375799328144	0.385551763829273
1.3048691446356	0.580886125685909
0.0506890756144778	0.244618360114519
-0.0817165710062292	0.349867776973873
-0.55727767298948	2.36687736701083
-0.248616545914505	0.447693217267573
0.00955459288795353	0.0146503787237789
-0.194947372446047	0.568129161936579
-0.552190762163619	1.07736309836094
-0.259310041066254	1.24482333167659
-0.591891028545423	4.31740049367286
-0.362960283802115	2.24362899253437
0.14627908792259	0.306691163445997
0.341684346550159	0.706534851576008
-0.142173044662884	0.208509008090848
-0.0101692449096134	0.013274548943181
-0.0445592944620485	0.0627222824340439
-0.177052600016254	0.405764611524619
-0.435441049728514	1.07317072417656
0.175857406861856	0.201580978503343
0.280769565477988	0.364507650511266
-0.106897197693142	0.0875371182701971
-0.715148190616947	0.635294424468078
0.00534271812984274	0.00293600753364572
-0.0441994868004956	0.0206320345000052
-0.0416351246885733	0.0196711597414427
-0.0259105028462207	0.0128037703678292
0.821292019756469	0.966113618167078
-0.0865309686971508	0.065013370704531
-0.203715189034215	0.217271154361757
0.394571132145067	0.674499822129391
-0.0442036438063099	0.0377950879170902
-0.649783667025389	0.958828221716881
-0.0613276401119571	0.0822028561094928
0.233373090118177	0.421079512049618
0.0963844143850013	0.1232091155489
-0.202554966459854	0.157955725632563
-0.113597126586376	0.0451293367501576
0.260093646164293	0.300345189976448
0.296925842638368	0.373483563947898
-0.0932609947618624	0.0580214095861878
0.63611382542294	0.202940731306447
-0.753181884414792	0.264903486950086
-0.7554146096534	0.265429935709281
-0.409777424931822	0.171207136573558
-0.131747191513005	0.161781200645782
0.130755305563244	0.0449465396920763
-0.653515136282054	0.159727161117317
0.926974875419701	0.246284209674963
-2.58513149511835	0.689509113042442
0.5052829367669	0.182279638609026
-0.37705103334154	0.111772840936855
-1.04825804245851	0.430881776490226
0.141666634051722	0.0357514933011427
-3.4732569225175	1.24987015294251
0.131769780715528	0.0397831026994758
0.504816499640612	0.183371631391463
-0.0838296342312129	0.0622527380009817
-0.0442508909423576	0.020951532947819
0.0304292632664739	0.0175772313078799
-0.391579163773714	0.629919213142832
0.32655657862791	0.178852361099969
0.133516783675935	0.0336393793939088
-0.649677393302236	0.159121336474823
-0.372732473872603	0.110746709749891
1.42692741367696	0.472854481440801
0.177779246955552	0.148571277319567
-0.247631806257328	0.364742585593052
0.330597602053485	0.451186612124083
0.161773329243548	0.109279821660916
-0.229178041556475	0.280946110318353
-0.0672806166137434	0.0295477047357351
0.138818714405564	0.0354421828043769
1.80373891850601	0.704362478450975
0.927971507294548	0.243537608899139
0.929670085417592	0.244778423912617
0.137033206871248	0.0343903632230145
1.95256933090985	0.464168557061862
1.95256933090985	0.464168557061862
0.139073148904902	0.0266055202308437
-1.16076621190063	0.359385238156804
-3.09739452059542	0.972553736075869
0.504580075605894	0.183905699075097
3.61956389250147	1.43028882967321
0.266163874191457	0.211873033397907
-1.84610423045024	0.772015626597942
0.129299133104508	0.0442965545546769
0.142698404858563	0.0359575700897484
0.134986889048387	0.0462856031126629
0.118430312576038	0.15231166754065
0.126565388852724	0.0378858273324485
2.33227757474271	1.18011145248786
0.637110020884382	0.202981575807905
1.55233491709606	0.780491055902145
0.135367591545968	0.0459572612231435
-0.0236352199822112	0.0223048766285116
0.487995378742091	0.763567471962878
0.39226253646571	0.635081388536951
0.585865562135566	0.884325971954882
0.213714953506224	0.286821400649082
0.293791721752075	0.465806676679947
0.153856793580962	0.183035919822214
-0.0658716669513639	0.0415150346458896
0.541890302893557	0.524062564880798
0.248554125572379	0.266857277552353
-0.0545896414810135	0.0529252821912564
0.295684523404348	0.404946972685342
0.38789535976995	0.658398045737899
1.05816231745781	0.506856639780465
0.137033206871248	0.0343903632230145
2.7462498006239	0.778261278020301
1.79692786302671	0.707950117880233
0.433730210586914	0.176303641449018
0.130491514010977	0.0447267681525709
0.642202725024316	0.20486814652215
1.8007131844382	0.713314573443425
-0.540567326781551	0.21079663144273
-1.80211551800213	0.40518546889285
0.138547275345784	0.0347818496624983
0.642650740895789	0.20298545340287
2.7489176254429	0.781882431670721
1.95256933090985	0.464168557061862
-1.61238056502291	1.14662547133624
0.126989036599047	0.0484604618783854
-0.152687174834905	0.132254304367531
-0.13714853619681	0.157462724594123
0.301917862097916	0.384397134827857
0.290936050117167	0.185807350356992
0.434331900029893	0.174811971556402
0.644424999818512	0.207579266186308
-1.80211551800213	0.40518546889285
1.95338582999428	0.463576578510391
0.137716344096337	0.0264356853006178
-4.01815633861707	1.78248781708792
0.636334245031832	0.202658963099978
-2.58513149511835	0.689509113042442
1.30510580941007	0.574633213521749
1.43184622835253	0.479292741706694
0.505524711177284	0.184537045848412
0.772104434384817	0.456066827940938
-0.618763311534973	0.302466954406303
0.673638406368234	0.317580013534459
0.14730051417109	0.062007752813491
0.291960025764651	0.338354925944694
0.0068054304368917	0.00372192181464666
-0.9605784840518	0.58875862086234
-1.30131185670481	0.591815651420072
-0.746534217740653	0.262483449927324
-0.655163635992096	0.160369482742199
1.3046325386948	0.567722039950183
0.641431038909059	0.206705899790905
0.898759338122035	0.769846892921114
-0.0426893610586979	0.0200778256030596
0.138547275345784	0.0347818496624983
0.64342341463051	0.205691875654135
0.641431038909059	0.206705899790905
-0.0369571705869565	0.160317620795253
-0.100838679710254	0.427260594606147
0.192555055217683	0.488726056098839
0.0158579544302101	0.0379085605016797
-0.0330891571254689	0.0899658416469126
-0.565607729484095	1.72882920321285
-0.16195960160326	0.782340300716374
-0.166039506663644	0.708642255499731
0.211033107283379	0.873522774381761
0.674797611376511	3.64835314417005
0.624115921433871	2.84144193656828
0.320975477394002	0.923308338425393
0.316478694809809	0.772263604381105
0.378995263830404	1.0936148619405
0.529664101967082	2.13645131581955
-0.0137363290213889	0.0228258587124553
0.266755930262394	0.477236713686792
0.183046312816326	0.28886748580202
0.407367230013114	0.780661504353045
-0.11973380314034	0.106209470680137
1.2821074373286	2.07668431717253
0.417971876505795	0.312245416396289
0.356836120669245	0.325923559973228
1.1217765128687	0.981102242611641
-0.0306295443119249	0.0203913918752568
0.989676399018518	1.17384204323811
0.281182660130023	0.211329325677485
0.626096051151252	0.731482165712456
-0.126659198543754	0.121036548579081
-0.28299730163911	0.294753442897887
-0.00447519594052606	0.00307054634638798
0.109247107371158	0.0876428790786032
-0.0932670117210815	0.0886895258388199
0.264434532275023	0.213648420207928
0.0420302832645996	0.0253666871860928
-0.201247656671514	0.109742504583824
-0.683236594179466	0.770746324038192
0.805470085190132	1.09138918450757
0.776559643872916	0.458618517578228
0.350598093023122	0.173766438846559
0.494262691982425	0.313175682117163
-0.116894463129228	0.0465610073001653
0.282030943071004	0.190841060091859
0.199371889509342	0.203965658819175
0.150680763038528	0.0863618909324084
-0.685981669654082	0.475788844923698
-0.809599570301351	0.537421042276758
2.74438259751335	0.780038400688451
-0.648677249821696	0.158587087101144
2.72761536419459	1.68935865402092
-0.252447412843261	0.1281387249355
-0.544995323112593	0.212530818243473
-0.318803796448453	0.149077156959207
0.376804946145487	0.167449283184135
0.343229755838324	0.170249455995899
-0.253782845908909	0.1265964924429
-1.05301119069658	1.40513736696407
0.602598919750661	0.569272736258487
-0.452746843352034	0.356319971332928
0.716842284561005	1.06840845978013
0.0278746625654724	0.016080206210512
-0.778174790020853	0.339300374122359
1.35270483682022	1.23263944522551
-0.0451644974927825	0.0213023603279611
-0.337128796410654	0.201179496736561
-0.40371446041722	0.32254598297058
-0.254795994321931	0.232603090168955
0.00429548593144803	0.00320791740772802
0.168694330209211	0.120088373096052
-0.319221150633092	0.265272003504692
-0.200675685564061	0.134951437011604
-0.0451789269554973	0.021477874880949
-0.117050598033915	0.0463564407619422
0.351053645582145	0.176327588602737
0.140653425674921	0.0606738790206114
-0.796234887072652	0.515990586946242
0.540320409994569	0.311281743426057
0.679586781493095	0.322193279624011
2.33647975774558	1.1902357498922
-0.248633515605828	0.0819034838488796
-0.409998477425756	0.174852973148685
0.659035343850726	0.675561063197046
-0.0501730066006897	0.0330216583129831
-0.596365737803789	0.443678780690553
-0.106851384601286	0.0429754283978586
-0.372199398666119	0.10861997456099
0.341784330025644	0.169507350368426
-0.0156850337635462	0.0107141404343284
-0.338448459000566	0.202994980660401
0.380480161366946	0.168938378777994
0.141114729276534	0.0466179282114715
-0.408613984999948	0.232043485400918
0.991754076795198	0.787537334997472
-0.108444005294099	0.0431242275435362
1.09721995616208	1.47899085798133
0.716078708231712	0.977085424857552
0.448745056509597	0.42803130948957
0.0758493812767407	0.0536735076676505
0.82987280330671	0.865059695907282
-0.449848726638085	0.391991895453384
0.193051766202488	0.186075478591694
0.659267340247929	0.685545270521341
-0.453028065918089	0.358456480834116
0.695961892307844	0.697016100861799
0.185348087324967	0.162544901825559
0.0353339947530612	0.027359151013005
-0.544726922023982	0.212503767866522
1.26285845725239	0.705909555090977
0.125597591782963	0.0423287841173492
-0.798632994836154	0.441411482741035
-1.61755341737679	1.24276268174671
1.37676478621626	1.03816908697417
-0.407438489405207	0.1720367818029
-0.964792188705173	0.598795656697518
0.320909577146319	0.323347460710918
0.926329332609966	0.245803896301602
1.52289296268243	1.27100971981321
-1.06277254112583	0.843058738650123
1.00796271978928	0.94816597978683
-0.307011519647895	0.228602122428728
0.260241464394368	0.210196058535308
0.532764910932736	0.302450007463388
-0.128667637970887	0.0770866812802314
-0.160120684019448	0.0582347409090439
0.388727779232261	0.175282179157905
0.780772095947285	0.469007875946361
-0.162866269335381	0.0587645248174042
-0.80628374931693	0.433941908293721
-0.0694152265522899	0.0300359899087046
1.55687223512352	0.771439580241442
0.882299231149555	0.468978819095862
-0.0363125433633987	0.0173109345566279
-1.04499426449967	0.424194737412645
-1.09883699362288	0.730573294939494
-0.687572824962223	0.479000509691289
0.888541724962857	0.742945977289664
-0.311647206110932	0.141227916859043
-0.242066792076427	0.161157485029498
-0.241635102009221	0.224929778263862
-0.287600450662665	0.181413277369208
-1.0475594705505	0.429178184450482
0.137218707006764	0.052840364561039
-0.805441111587751	0.611676169242529
-0.795549430794052	0.341778154603421
1.94759126830589	1.2104858456334
0.801383180273715	0.338980745417885
1.05161155852892	0.512954053774621
1.56217651996798	0.760268186334815
0.0702459807081942	0.274775199628137
0.00713326592981231	0.00961812165033927
-0.0866755063163004	0.170584008849015
0.0408745098449858	0.095804354940885
-0.403168333790374	0.689277094712898
-0.0320315763591767	0.0913934953080449
-0.442682701210105	1.98534511740069
0.33765311072795	0.90999106683838
1.01251763049125	4.60244208204375
0.37682227861092	0.722210362672818
0.068581861159539	0.0913827659697601
-0.100708091824379	0.124437593640926
0.349107720065389	0.559377773366091
0.616586773209781	1.38975345613206
-0.61589630606169	1.16608780585683
-0.0255004796940661	0.0238527818000731
-0.844202889288181	1.269024154335
-0.466787275934227	0.537166634248629
0.139433592929769	0.0730781368751096
0.437327351197512	0.315141682276705
-0.0385614061459692	0.0182138573203295
-1.05996662365841	0.848395467969795
0.131792570699465	0.0506912441120161
0.568204980492029	0.447510400863922
-0.0667524824377104	0.0286543656740862
-0.50922273919031	0.267782977199923
-0.323000322359989	0.150488009456996
0.706366645040533	0.459574490861732
0.384403501389535	0.317042608315254
0.7194378871605	0.592270953418813
0.165990697422801	0.108539794202208
0.587138882049405	0.305518259271402
0.512050074494105	0.183311074585388
-0.783323464956372	0.342380637683985
1.76630510808126	0.981215028476364
-0.243489732986148	0.0812398100864258
-0.374830084286624	0.109230425070539
0.132517398019614	0.0400248322660559
-0.110340832989386	0.0445605801049694
1.56003052463223	0.7740873125592
0.639248375361919	0.449096161447829
0.800731449974192	0.3425296464443
0.133502874099665	0.0402503094723903
1.01005776396623	0.384301698232896
-0.1698399940613	0.0615958521350996
-0.61348610565051	0.297980365867815
0.803656970938969	0.33879829028938
-0.243489732986148	0.0812398100864258
0.136279801563126	0.0462244546206811
-1.54134641011664	0.564552208534783
-0.160120684019448	0.0582347409090439
-0.367195240283961	0.107121976389446
1.30581051293515	0.583204526982758
0.384870702615937	0.173164586766607
0.428211844260622	0.171721660240625
0.799427554875135	0.337387398836876
3.25318829374075	1.10976895754928
0.425787311572241	0.170378311753942
1.43108326772595	0.478167346987275
2.54216547408546	1.42300583603059
0.144530799875238	0.0696222584588446
0.383970873834602	0.174549965674074
0.346437889080331	0.172232101387871
-0.0768443085534253	0.0337068427304235
0.349122711988175	0.174637715170198
0.134720480496125	0.046154809884801
-4.23155292712467	2.03103243582247
0.804954811703476	0.345472225969279
-0.404055102718481	0.170994422576
0.139576085242422	0.0352987079074651
1.42898338960615	0.478193832396807
0.129278986113907	0.0386815864932076
-0.540567326781551	0.21079663144273
-1.17615824500348	0.349813077084225
0.132691654059749	0.0395472168451783
0.644195640504139	0.203891935709909
1.42682311163348	0.473648243082631
1.05500218210656	0.508193502868623
2.54367552911629	1.42916220575719
0.122167496031036	0.041151675684893
-0.372967191440885	0.109879462987979
0.508794978589134	0.181221387020459
0.132754372873048	0.0334623448971025
0.674738698940861	0.318159306432389
1.01155779435024	0.385777953603479
0.458274648456815	0.306361480582099
1.7668904229212	0.982525900425234
2.08826346784154	0.942765758491391
0.801640822834797	0.342681912930608
1.44440258588398	0.896257170029596
0.428567132075106	0.173799387991257
0.13058318975526	0.044400681981578
-0.650318276706871	0.160755761640221
0.511367717753323	0.182929976181839
1.79492986711335	0.708745443595502
0.427912885754657	0.174104059517884
-0.165318734214513	0.0606610603776833
0.637627603272732	0.445130931466887
0.425431779789384	0.170935389204419
1.76499591455827	1.01020915988236
-1.0475594705505	0.429178184450482
0.136087829091375	0.0588774350992748
-0.924103810773139	0.772836815286908
1.08850298260897	0.810815690018545
0.432216086405575	0.176459106478166
0.682393922796605	0.32042387014629
2.08947720126277	0.943612171539552
-0.157607605313424	0.0572612044682484
0.126591754435651	0.0434512482036923
0.495458469913434	0.176521721030671
1.01254068844739	0.386785712184281
0.126591754435651	0.0434512482036923
-0.320294923067913	0.148177619840786
-0.367964462335371	0.108363329225903
-0.244180925356045	0.081049134991476
0.59028748373217	0.306191083449944
-1.55071033604129	0.556075151007254
0.682961212989587	0.32008114646786
1.04641343930251	0.504807529713157
0.800522026534657	0.337948009918291
-1.30346996970208	0.594061053859853
1.07158158638041	0.655680342320189
0.596468791110989	0.314139878149124
0.144786095357293	0.0620643657249459
0.504822188982883	0.184110918199219
0.794349473904347	0.32877053628255
2.11349095329745	1.48756561160817
0.432509501915433	0.174245095594874
0.509725648789814	0.185898565895246
1.3048691446356	0.580886125685909
0.122565428532359	0.0365098729576567
-0.37705103334154	0.111772840936855
-2.58899611685113	0.683672524401667
0.134591946509405	0.0579261095380684
0.929020853400311	0.244303524147299
-1.16501672782279	0.357025208830094
-1.30023156904106	0.598440833167432
-0.751444890588777	0.263713332527736
1.42692741367696	0.472854481440801
1.42795516831077	0.478570790474717
0.140726965702393	0.0610240997598051
-0.785246190857392	0.347699697462423
-0.754670103122347	0.267616103379387
-1.16605123679474	0.358241254731586
1.31669516096044	0.546611276923767
1.42719460355007	0.477448564652232
-3.4747598518894	1.2627547738838
-1.17108714600837	0.35581246469474
0.926974875419701	0.246284209674963
0.190113544098097	0.333576430657318
0.0225496131644355	0.0337354115788391
-0.0247617377546263	0.0381513233754885
-0.503904644485564	0.635242705944854
-0.059231421478451	0.133857285158039
-0.194365589364018	0.604992169100951
-0.0598139227001673	0.086786706122799
1.2664902274537	2.70905419364093
0.426274201215154	0.42157413838599
0.783900371455997	0.854227226623286
-0.572292159983195	0.513221237450807
0.171671825302949	0.1282725935146
0.178983702800669	0.146340133364574
-0.313439318235705	0.27846620030653
2.42340239361545	2.99770776412542
0.140868847427295	0.0794862076022288
-0.614557881771222	0.29766312138209
-0.368970569520409	0.108704530129129
-2.58557826662177	0.681302812577655
0.130491514010977	0.0447267681525709
-0.649677393302236	0.159121336474823
0.92113051285893	0.24102514029113
0.136433082417729	0.040391101370101
1.42692741367696	0.472854481440801
1.76681332009606	1.00366687308257
1.01496655409926	0.392016410565643
-0.244190797351914	0.0812410173227275
-0.341939312296573	0.207458340747082
-0.161007444408489	0.0591633782808746
3.91752706378917	1.7353819299003
0.927971507294548	0.243537608899139
0.134526944690639	0.0258144647389653
1.95256933090985	0.464168557061862
0.141168720466643	0.026788068800843
-0.247443196598974	0.0821764216093194
2.74438259751335	0.780038400688451
-0.650318276706871	0.160755761640221
0.138169594891086	0.0265198668009027
0.138169594891086	0.0265198668009027
-2.58513149511835	0.689509113042442
-1.80190156331263	0.405310176911618
3.24830720791551	1.09477551568481
0.922124936246008	0.243516971274684
1.95256933090985	0.464168557061862
0.139073148904902	0.0266055202308437
-2.58468514934926	0.681926813759725
1.01913790541463	0.388060093985107
0.139073148904902	0.0266055202308437
0.137716344096337	0.0264356853006178
1.95338582999428	0.463576578510391
-1.80211551800213	0.40518546889285
-0.649319222104321	0.16021039083734
-3.09280325935961	0.972693856185307
-1.050323549172	0.420820392398359
1.04795885506533	0.510175078759724
0.131405301493996	0.0450882414222608
-1.16152021660948	0.35929571617842
0.141628868364635	0.0268733845859336
1.95338582999428	0.463576578510391
-1.80583314024352	0.404036831265938
1.95256933090985	0.464168557061862
1.95584693887656	0.462330835133922
1.95338582999428	0.463576578510391
1.95338582999428	0.463576578510391
-1.80583314024352	0.404036831265938
-3.09216987140428	0.960869115746174
1.79971117079625	0.713547256095307
-1.80190156331263	0.405310176911618
3.25036486382959	1.10725094810752
1.95338582999428	0.463576578510391
0.138618353811657	0.0265211219118666
0.139073148904902	0.0266055202308437
-0.376050641505638	0.110143849291774
2.7479767545239	0.782066977880158
0.137716344096337	0.0264356853006178
0.137716344096337	0.0264356853006178
0.143458160699927	0.0358142984417619
-0.650318276706871	0.160755761640221
0.933386740287997	0.241580741321053
1.42925034845688	0.471239687923602
-1.84536271575861	0.770197726260662
1.4300120770332	0.472328161227103
0.435120587186843	0.170966952429681
-0.649319222104321	0.16021039083734
1.95256933090985	0.464168557061862
0.926974875419701	0.246284209674963
0.141628868364635	0.0268733845859336
2.74531503858304	0.788587032684406
-1.80583314024352	0.404036831265938
-0.649677393302236	0.159121336474823
-2.58468514934926	0.681926813759725
1.95256933090985	0.464168557061862
0.138169594891086	0.0265198668009027
-1.80190156331263	0.405310176911618
0.139073148904902	0.0266055202308437
1.95256933090985	0.464168557061862
1.42898338960615	0.478193832396807
1.42795516831077	0.478570790474717
-3.09407144090335	0.959647090123049
0.142425808142815	0.0356096114179749
1.42719460355007	0.477448564652232
-1.54237757139436	0.559823959245922
0.139073148904902	0.0266055202308437
3.9123489333965	1.72015641649178
2.7479767545239	0.782066977880158
0.139073148904902	0.0266055202308437
-0.649677393302236	0.159121336474823
-0.649677393302236	0.159121336474823
0.133621657798323	0.0257280473816019
0.139073148904902	0.0266055202308437
-1.80190156331263	0.405310176911618
0.141628868364635	0.0268733845859336
2.7462498006239	0.778261278020301
0.138818714405564	0.0354421828043769
1.42795516831077	0.478570790474717
-1.80190156331263	0.405310176911618
0.133621657798323	0.0257280473816019
-0.650959635012338	0.159168476600347
0.141168720466643	0.026788068800843
1.95584693887656	0.462330835133922
0.926974875419701	0.246284209674963
0.925979622549504	0.243736825113843
0.0810921423648968	0.17388978075635
0.256823517937651	0.862901379886117
-0.254105795200036	0.425229270548631
-0.0905350776262084	0.309321802180679
-0.0588639886267023	0.173503133121654
0.218615083092667	0.483889180613734
0.926625867038942	2.62527983216829
0.336095045610339	0.500747131597497
1.05729100654753	2.3673502585152
0.478853247441889	0.668857372591683
0.881060918929861	1.62870675234516
0.917787909001175	1.73933941276064
0.819622238433329	1.45449525585536
-0.544535904381023	0.615824537367587
0.683945238139955	0.783298447156955
0.417231857860017	0.314779980035278
-0.073615978814065	0.0322792195945672
-1.5474633720333	0.553850398014262
-0.16950824203859	0.0614190007857037
-0.240928484682292	0.0794592918982822
0.381722533875872	0.171965476909828
-3.77336026249091	1.52994227958119
0.134489699809032	0.0400924429288267
3.25318829374075	1.10976895754928
0.679386015502515	0.318405656360071
1.43184622835253	0.479292741706694
1.42579475314428	0.469453428525921
1.54915667995414	0.775770930689392
1.95256933090985	0.464168557061862
-1.16105011316119	0.35650557951397
-0.654514463701247	0.160265207029626
0.641431038909059	0.206705899790905
-1.1600126841405	0.35529503686347
-1.80211551800213	0.40518546889285
-0.649677393302236	0.159121336474823
-0.752937485397278	0.263546788628664
-1.80190156331263	0.405310176911618
0.130592174751145	0.0608926181380491
-0.749707900448518	0.266629197702648
-0.238582126977172	0.0793549061566532
1.7947052374355	0.701940247969362
0.929670085417592	0.244778423912617
-0.753181884414792	0.264903486950086
0.141753529298666	0.0469406887449273
-1.29294312375558	0.584532494074216
1.0473185286848	0.50559986677109
0.132452680865618	0.0395235140572552
0.139073148904902	0.0266055202308437
3.62062366405083	1.43326252584705
2.74438259751335	0.780038400688451
0.138818714405564	0.0354421828043769
-1.80190156331263	0.405310176911618
-0.649319222104321	0.16021039083734
-0.650318276706871	0.160755761640221
0.137033206871248	0.0343903632230145
-2.58899611685113	0.683672524401667
0.12947410781537	0.0325244751018023
-0.173609848705418	0.0624505848616202
0.922124936246008	0.243516971274684
-1.16076621190063	0.359385238156804
0.137716344096337	0.0264356853006178
-0.653515136282054	0.159727161117317
0.140605369101782	0.0351308802058006
-0.655163635992096	0.160369482742199
-0.371963944093828	0.110621992809151
2.7462498006239	0.778261278020301
0.134542642796399	0.0341445690681232
0.137790482671227	0.0349173015404508
0.925979622549504	0.243736825113843
0.137033206871248	0.0343903632230145
1.79162840936759	0.703437230890096
-0.790099058214395	0.348191271729368
0.64519752559114	0.205734411961475
0.419955906478292	0.166916101798645
1.31000962917872	0.587023547729711
0.507147811732689	0.180851748637007
-2.92051270129468	2.12072610701679
0.929020853400311	0.244303524147299
0.638330742604929	0.20169714697394
0.64342341463051	0.205691875654135
1.55233491709606	0.780491055902145
0.424829140010351	0.172125883775507
0.631985551006005	0.197920027926051
-1.51370223743142	0.781966032238712
1.42293417334597	0.472946291653134
0.930671315320304	0.244899140334393
2.74438259751335	0.780038400688451
-0.649319222104321	0.16021039083734
0.930671315320304	0.244899140334393
-2.58468514934926	0.681926813759725
0.926974875419701	0.246284209674963
0.639433294916704	0.204223062388441
0.142698404858563	0.0359575700897484
-2.58513149511835	0.689509113042442
1.42692741367696	0.472854481440801
-1.80211551800213	0.40518546889285
1.95338582999428	0.463576578510391
0.925335174824177	0.243267565805426
2.08924618973395	0.946370198374706
1.45111349679092	0.897232126223851
0.138618353811657	0.0265211219118666
0.135651198274853	0.0519258653806455
1.95338582999428	0.463576578510391
0.926974875419701	0.246284209674963
-2.58513149511835	0.689509113042442
-0.649677393302236	0.159121336474823
1.0157137322373	0.387976380499905
1.00584278548199	0.382668190967484
1.30557418676413	0.574374892461532
3.62360809261866	1.43608472685745
-0.654165411001464	0.159831562379876
0.139073148904902	0.0266055202308437
-1.54033413653663	0.562613885619299
1.95256933090985	0.464168557061862
0.644424999818512	0.207579266186308
-1.16291141970543	0.357339131189168
0.135568968576203	0.0339891491304889
0.92732486785368	0.24306890205782
1.4300525619712	0.473890200865325
-0.246989071171801	0.0815311001871286
-2.58899611685113	0.683672524401667
0.142698404858563	0.0359575700897484
1.95256933090985	0.464168557061862
0.929020853400311	0.244303524147299
-0.655693812882749	0.15727529205589
-0.37373542401889	0.110004299970677
1.01323380816185	0.382629292904723
0.133621657798323	0.0257280473816019
1.54876761412822	0.762654331068483
0.137790482671227	0.0349173015404508
0.138169594891086	0.0265198668009027
1.95338582999428	0.463576578510391
0.5071360209819	0.183347399230339
0.512994189853566	0.184777044587054
2.74531503858304	0.788587032684406
0.00173885262664566	0.0050455399118872
0.302297228894877	1.19449024048651
-0.00740717572037418	0.0212320984212095
0.0343982515747615	0.097275776642543
0.303941661854094	1.02591365851223
0.80436967765019	3.04221839608135
0.729009065371307	1.99372984176858
0.211921773142427	0.313198167483349
0.770084150613354	1.52300820787275
0.361755779653613	0.573894429440104
0.120218313873642	0.157232458573862
-0.263547157191358	0.361773037734298
-0.376357116289957	0.408456608781641
0.484267133176384	0.659841647395372
0.608575237787193	0.813235607474713
-0.288543686415367	0.240067883639814
0.531633448196071	0.431441301375818
-1.11539469736766	0.75237304422448
-0.788298076768399	0.413771578055827
0.139700136845847	0.0605305670575496
-0.378051187678928	0.111023447161183
-0.00162034892563406	0.00068111903119395
0.640464701676293	0.451962297062153
1.31600493544762	0.546089144692157
1.76471126914754	1.36434805117048
1.76100678189526	0.982990137618838
1.01595055020248	0.392095167936931
0.427605900232615	0.173170350163645
0.348685968829682	0.176546970120616
-0.370041379672604	0.106914286342733
0.640204384260695	0.202440736609696
1.42795516831077	0.478570790474717
-0.649677393302236	0.159121336474823
-2.58468514934926	0.681926813759725
1.42970262451774	0.46489469838612
-3.4747598518894	1.2627547738838
0.84610832167917	0.613213937864939
0.881567759770823	0.470224670933294
1.01815356301985	0.385097139541497
1.21922233908865	1.17354289114459
0.63533835195479	0.202617768704467
2.7462498006239	0.778261278020301
0.808942878913427	0.338801570916659
1.01398176237284	0.388014010752976
0.140555259947426	0.0793445662776752
-0.564411572386512	0.358827552940643
0.134607054354649	0.0513655099155347
-1.16221729108314	1.00795188477935
0.121573137052779	0.0410393732434389
0.130755305563244	0.0449465396920763
0.5052829367669	0.182279638609026
0.639329222636839	0.203514926064791
1.56252485255483	0.762381298188905
-1.15790256442372	0.35664499176059
0.135879697342193	0.040042092096282
-0.245141409663293	0.0807658318475998
-0.654514463701247	0.160265207029626
-1.16180306616162	0.360626829502971
0.501795793944459	0.178458438621573
0.885963236005138	0.480667813853371
0.50738087048618	0.182889267122129
0.132517398019614	0.0400248322660559
0.429430403324828	0.174308914564631
-3.77975819361132	1.49399884678158
1.94444880744691	1.22417439870263
-3.46998743660351	1.26411646563651
-0.368970569520409	0.108704530129129
1.01254068844739	0.386785712184281
0.63533835195479	0.202617768704467
-0.373283661399062	0.108870255273452
-3.10137332680345	0.953686224961348
1.25500546280828	0.684246125717309
0.129643468541556	0.0437633765290747
-0.624869545072274	0.298205112922879
0.470924776744901	0.313985012755927
-0.209960154355925	0.112465531620635
0.599142446599911	0.308621104669471
-1.84798995307189	1.17705315211458
-0.19496295792461	0.103587953806609
0.323047392137146	0.177971317098074
-0.247688428186081	0.0823916105388393
1.04795885506533	0.510175078759724
0.345465207275656	0.173168189098121
-0.505577660942165	0.267852442510804
-0.319832159424613	0.141434700472277
-0.750453159564684	0.266070645067511
-0.158890529130216	0.057770449745491
-0.0363125433633987	0.0173109345566279
0.42791628133047	0.172343356334904
0.132285070138854	0.0571628066209519
1.94534285904652	1.22544495661562
1.04703881822428	0.509972446965714
0.137716344096337	0.0264356853006178
-0.244439790893105	0.0807612783384271
1.06591290411865	0.641404904570972
0.139576085242422	0.0352987079074651
-0.37373542401889	0.110004299970677
-1.84852524277866	1.17935621630822
1.30486661940995	0.575505252631608
-1.16105011316119	0.35650557951397
-0.243241014092852	0.0808370662671502
-1.54639876708013	0.566309129661381
0.929670085417592	0.244778423912617
1.42822224336494	0.477074019570971
-3.09343711568729	0.972052225554497
2.34069277617099	1.17709168823907
1.95338582999428	0.463576578510391
0.133264717489137	0.0398651258030508
-0.166322800106153	0.130246403690538
-1.54134641011664	0.564552208534783
-0.372732473872603	0.110746709749891
-0.368970569520409	0.108704530129129
0.433730210586914	0.176303641449018
0.506227015255489	0.182899351925803
-1.04991224513861	0.426593579308661
0.796173300058586	0.335709547702372
-0.157607605313424	0.0572612044682484
-0.371963944093828	0.110621992809151
0.922124936246008	0.243516971274684
-3.77975819361132	1.49399884678158
0.63611382542294	0.202940731306447
2.34092943894129	1.17138386588459
0.128296084606295	0.0384571369192157
0.640432049403559	0.206671110179374
0.800473766880362	0.337564218889536
-0.75074715029621	0.263334856390217
1.80778761251591	0.687400354678256
1.4308149383669	0.474993175817053
-1.05900411316214	0.424285528599581
0.143458160699927	0.0358142984417619
-0.23788425127927	0.0784171557797199
0.927971507294548	0.243537608899139
0.134720480496125	0.046154809884801
0.135687810090981	0.0405518208503784
0.63910706673426	0.202016723610545
0.682961212989587	0.32008114646786
0.807657047620498	0.341688010260639
-1.83871770989349	0.763183728810254
0.138547275345784	0.0347818496624983
-0.376050641505638	0.110143849291774
0.133621657798323	0.0257280473816019
3.24830720791551	1.09477551568481
0.508781691198075	0.185680235788344
0.140605369101782	0.0351308802058006
1.42822224336494	0.477074019570971
1.04913646577078	0.507645145343534
0.336315872588091	0.66009198228317
-0.219851573580322	0.566628563159058
-0.0839677845502553	0.179216981825693
-0.132758538018487	0.148463039315479
0.446984717088554	0.430497904797764
0.524907676348318	0.432537728264994
1.66656415352506	1.92059604331177
1.33837749471964	1.18505368325172
0.148878441835777	0.0786343665565486
0.164929379389262	0.117359726900692
0.803396428962993	0.343865653568856
1.22585461228588	1.01736775896476
-0.791082425452461	0.354688548548345
2.25554587257093	1.69875350855798
0.640432049403559	0.206671110179374
0.644195640504139	0.203891935709909
0.64342341463051	0.205691875654135
0.503876995607107	0.183480745946702
-0.381393591442191	0.111085050560728
0.140107423802322	0.0413029130612869
1.95256933090985	0.464168557061862
-1.80190156331263	0.405310176911618
0.137716344096337	0.0264356853006178
0.141628868364635	0.0268733845859336
1.79770278509994	0.709688375349796
1.79492986711335	0.708745443595502
0.141628868364635	0.0268733845859336
0.139073148904902	0.0266055202308437
2.09439244536298	0.948783083649303
0.137716344096337	0.0264356853006178
1.95256933090985	0.464168557061862
1.95338582999428	0.463576578510391
0.138169594891086	0.0265198668009027
2.74531503858304	0.788587032684406
1.42682311163348	0.473648243082631
1.95256933090985	0.464168557061862
2.7489176254429	0.781882431670721
0.138169594891086	0.0265198668009027
1.95338582999428	0.463576578510391
1.95256933090985	0.464168557061862
0.132755613913402	0.0400087413766842
0.138618353811657	0.0265211219118666
1.02086557302962	0.381874562594937
-0.648677249821696	0.158587087101144
0.138169594891086	0.0265198668009027
1.01491214380314	0.381542346540397
1.95256933090985	0.464168557061862
-1.1600126841405	0.35529503686347
2.7462498006239	0.778261278020301
0.93002098112329	0.244423585041229
1.95256933090985	0.464168557061862
1.95584693887656	0.462330835133922
-0.649319222104321	0.16021039083734
0.133516783675935	0.0336393793939088
2.74438259751335	0.780038400688451
-0.646622749070198	0.158987296788642
-0.649961670532414	0.158635340685799
-1.80190156331263	0.405310176911618
2.74438259751335	0.780038400688451
0.925979622549504	0.243736825113843
0.138618353811657	0.0265211219118666
0.134526944690639	0.0258144647389653
1.95256933090985	0.464168557061862
0.925979622549504	0.243736825113843
0.134526944690639	0.0258144647389653
0.138169594891086	0.0265198668009027
-0.655163635992096	0.160369482742199
2.74531503858304	0.788587032684406
0.134526944690639	0.0258144647389653
-0.649319222104321	0.16021039083734
0.138169594891086	0.0265198668009027
0.929670085417592	0.244778423912617
0.139073148904902	0.0266055202308437
-0.654514463701247	0.160265207029626
1.95256933090985	0.464168557061862
0.926974875419701	0.246284209674963
0.141168720466643	0.026788068800843
1.95256933090985	0.464168557061862
1.95584693887656	0.462330835133922
1.95256933090985	0.464168557061862
0.134526944690639	0.0258144647389653
-1.80211551800213	0.40518546889285
1.95584693887656	0.462330835133922
0.641203436908402	0.204828865510354
-0.648677249821696	0.158587087101144
1.95256933090985	0.464168557061862
0.930671315320304	0.244899140334393
-1.80211551800213	0.40518546889285
2.74531503858304	0.788587032684406
1.95256933090985	0.464168557061862
3.25318829374075	1.10976895754928
-0.163068276534729	0.0587330301723415
1.95584693887656	0.462330835133922
1.95338582999428	0.463576578510391
0.926329332609966	0.245803896301602
2.74438259751335	0.780038400688451
2.75160033023002	0.768358222418302
-1.80190156331263	0.405310176911618
1.95256933090985	0.464168557061862
2.74531503858304	0.788587032684406
0.92113051285893	0.24102514029113
0.139073148904902	0.0266055202308437
-1.80190156331263	0.405310176911618
-1.80211551800213	0.40518546889285
-1.80190156331263	0.405310176911618
1.95256933090985	0.464168557061862
0.137716344096337	0.0264356853006178
2.74531503858304	0.788587032684406
1.95338582999428	0.463576578510391
0.137033206871248	0.0343903632230145
1.95338582999428	0.463576578510391
1.95338582999428	0.463576578510391
1.95256933090985	0.464168557061862
0.141168720466643	0.026788068800843
1.95256933090985	0.464168557061862
1.95256933090985	0.464168557061862
0.034602423134014	0.145520406694906
-0.144443010501922	0.731094120245217
0.385728847101482	2.73063854015629
0.934827480316323	8.0834753733915
1.01652103087895	7.6946376881965
0.675395467730633	3.51961043619141
0.30163758471486	0.8445749116315
0.577546585465107	2.16026843492463
0.261114606209221	0.677488209841146
-0.162832119544863	0.332899561249383
0.207387337780776	0.347672834728845
0.366434276567179	0.746847693381462
0.479590427619616	0.999904529661012
0.577492558358497	1.05233631007282
0.333550538885913	0.433369968464605
0.745026717458854	1.35535151589196
0.877556134458155	1.78780875106054
0.211680319937143	0.235964264469952
-0.000598382798462333	0.000718219951777081
0.678130677124781	0.876801307496529
-0.109556086650505	0.0893537226559004
0.554800194346897	0.643068550493104
0.287769633682231	0.208919509129838
0.652556979617706	0.670956534727866
0.466765965917977	0.514236862835781
0.480538535697545	0.522062880882048
0.686136575307807	0.788570079872952
0.48157014052101	0.295465878358303
0.163681625087692	0.100448370546645
1.46486723953817	1.44744866177588
0.632538175971767	0.435072338038497
-0.116784089660151	0.0850833044956658
0.0280962932991051	0.0163269702915433
0.642559466216028	0.448012041278635
0.383979951955764	0.172465999477642
0.704093470113427	0.459448225288222
0.293611506922128	0.188430113238268
0.331836293944928	0.182404035489419
0.468369474550314	0.434489649513496
0.157975369310644	0.0974912068493994
0.327527676656098	0.329040587037615
0.0479143108610021	0.0388574097177859
0.567905763277129	0.452787386181005
1.24691606153675	0.851138698923882
0.780872037133271	0.728949706553124
0.152837554277421	0.0926290516514048
-0.287541845305197	0.183346325074092
-0.361901369597552	0.259408785208163
-0.973402757960454	0.582200388607574
-0.256965935226025	0.129687556813002
-0.95011221428996	0.683482908073684
0.781267741496765	0.46756309913472
-2.08938828267238	0.974219420953404
1.05330723703512	0.49890584641359
2.51874499759978	2.33401141507394
0.895128305199735	0.755792070779201
-1.22915600838589	0.906814570281674
0.000705482131233679	0.000505010402914592
-0.121588374166418	0.0885887281749361
-0.31320883610555	0.22842258167252
-0.354892016496722	0.212912145779627
1.01550028595069	0.96187122679486
0.589530263328609	0.305450808433336
0.936516460649364	0.91647320700803
0.146278015036462	0.076402184882789
0.136457318260663	0.0651391230024984
-0.556419752453765	0.353402230855111
0.323071193379559	0.177365819384775
-0.182030895285856	0.126510997595165
0.515048489769239	0.618349380833159
0.170203079736387	0.120988682796469
1.28836669487337	1.99065140436434
0.710149102367292	0.581721794551096
0.167986273804854	0.119884720609462
-0.526535256286548	0.402754504595778
0.558725431317603	0.439290040857327
-0.485445967111337	0.455161530238718
-0.014851080531381	0.00755194898167182
0.312024120258669	0.188868154050482
1.60642109993948	1.11757205951485
0.559287634884948	0.443123851894504
1.06414909291901	1.20822236050892
0.157687807635533	0.106911803893094
-0.544995323112593	0.212530818243473
0.637110020884382	0.202981575807905
1.31397906412597	0.573633430312359
0.129180834540573	0.049372626195376
-0.0714053929429766	0.0316260463508322
0.14500900203205	0.0697312098145235
-0.232275130777279	0.178824822768454
0.133118174577742	0.0572056752888464
0.531728421604161	0.307995628366837
-0.0713897043053106	0.0313308856162664
-0.661450669041599	0.394599754400623
0.144528274480245	0.0618330615353217
0.640432049403559	0.206671110179374
0.127549585831426	0.0385072991721353
0.642755653897508	0.454411033211502
1.95256933090985	0.464168557061862
-0.54434902709971	0.210417930011334
-0.653232799774829	0.37773526566528
-0.330962986875755	0.345744833605417
-0.246989071171801	0.0815311001871286
0.450302621872131	0.430085489040154
0.130491514010977	0.0447267681525709
0.706804565258779	0.460691299154748
0.281162096912724	0.21323250107748
0.46021359632293	0.312817647752137
0.587654609686495	0.305228213183286
0.343671365899063	0.172012046765558
0.485022547834205	0.294304618966161
0.285468402989534	0.194834966609971
1.75507515273306	1.76593150305539
-1.10458236220083	0.738059318816996
-0.213725234275317	0.113301254492283
0.390691771578485	0.173526148131877
0.135931489053765	0.0651430087437291
-0.159806023666921	0.0585982110618119
0.136917599440364	0.0590641259625537
0.133288935209216	0.0631321743158408
1.60730539636011	1.11763338649697
-0.197462290179935	0.106521550943884
1.23506213094621	0.854363477848006
-0.112159473957684	0.0450463769175976
-0.348394644775006	0.211464841687485
0.705790776453212	0.451167582513823
-0.542964217103711	0.209381461466314
0.382725641453822	0.171919541217555
0.442093533108255	0.17236524481315
1.23331270874994	1.02138575606577
1.76809572498665	0.985436793862584
0.0639503382414963	0.297177590605866
0.456986277605046	4.69739823979332
0.870280365356648	8.76273411806943
0.560077892550844	3.38480896867051
0.234588702943712	0.680606413797923
0.389308108410128	1.38749487641205
0.213815473826206	0.510054075575122
0.168486866311491	0.434046919136184
-0.35318023247946	1.02199159360576
0.457534870966922	0.965869481281951
0.150029047445321	0.220368429398876
0.452708528597485	0.753220076047955
0.352122008566136	0.465864245831115
0.282915986367114	0.225608017349829
0.624595331505489	0.741636040417727
0.184906866457709	0.157357251436048
0.501351948834461	0.426130407944505
-0.094825529918831	0.0592201788927785
0.265162077998914	0.222238908187771
0.847816934150985	0.611337118957127
-0.342380233808315	0.207682345894588
0.676558926619911	0.780150195220183
0.596959802299848	0.447855176342504
0.0332018470495514	0.0248412326120661
-0.04567707121785	0.0300349825974994
2.33483689203872	1.18298064190505
0.348323543612613	0.173161677412574
-0.296595588435256	0.289431258493551
1.23377942271691	0.850750088546094
1.55909644829167	0.775729844473512
0.594493304846913	0.301498910129088
0.374661180460455	0.16641992955966
0.269585514938419	0.271499265749389
0.53280180535096	0.628598926700204
0.132363076767264	0.0509287700513303
0.137432365546475	0.0592370194345653
0.0141962550183189	0.00755258387246342
0.676008126999332	0.319754593790644
0.379415119479933	0.168552201382896
0.508100333579249	0.182297106572409
0.125460821746912	0.0475194727819199
0.131405301493996	0.0450882414222608
0.38737005880787	0.173212739367208
0.60630105992805	0.305642686231927
0.141843835358275	0.054171356954973
1.04181015128978	0.501821821733579
-1.29026808360931	0.590392243775993
0.288516118933632	0.19589071860472
-0.798467717405571	0.516348098248332
0.692637645271128	0.446146849303027
-0.511881731360279	0.264658925773548
0.961268327393718	0.612807756897451
0.485356697816247	0.300912903441203
0.696151267773702	0.456449183807247
1.25435302264176	0.68692178335704
1.38846151616294	1.04218355087161
-0.622100361432571	0.304102017504355
-0.405530795212908	0.172425679747037
0.140906973713143	0.0352149950547458
0.457401106153202	0.311286933976978
0.943891865255867	0.63439429975275
-1.11769453033708	1.08883711335307
-0.328393932188548	0.298146228203189
0.724899424670354	0.702039675009551
0.514500093911733	0.435360090379897
0.38196510359815	0.312158691857427
-0.0395627598548634	0.0258875212697393
-0.400907381626451	0.324163274975303
-0.55543478229714	0.472102990571303
0.0309040752123324	0.0178525947306933
0.74182680594324	0.817864222545817
1.22706887135213	1.01258191647089
0.294083038992701	0.200703108952623
-0.250693431367768	0.125990390052136
0.701486565689535	0.456922860344248
-0.00792033718846871	0.00413135826529176
0.0058595312920361	0.00322045484157418
-1.16577583586829	0.360083099240396
0.136471825034789	0.0593672744044938
1.54851075015852	0.775082213195586
0.14632581910179	0.0700425370279905
3.62062366405083	1.43326252584705
0.134986889048387	0.0462856031126629
0.799645381534134	0.330326611386901
0.597832328749783	0.310119588120066
0.132407115234569	0.0502603625779582
-0.160721852546086	0.0589654523662976
1.38575736895464	1.06581524493349
1.01595055020248	0.392095167936931
0.131769780715528	0.0397831026994758
1.61384544599427	1.13290308531944
0.139073148904902	0.0266055202308437
0.134526944690639	0.0258144647389653
-0.141276305616675	0.0985247159246073
-1.16180306616162	0.360626829502971
0.128800385405616	0.0497090773739998
0.783983525914713	0.468544087382068
1.44880722715284	0.903239516351666
0.126591754435651	0.0434512482036923
0.695626837677824	0.446014561473043
1.26130645088639	0.694248908027447
0.133264717489137	0.0398651258030508
0.124357802468054	0.0418831230942096
1.75829933468688	0.974397214495631
0.699180165832556	0.45560532468384
0.127549585831426	0.0385072991721353
0.134489699809032	0.0400924429288267
0.926974875419701	0.246284209674963
0.2747914125388	0.221143067209703
0.845344643639017	0.61089856905812
0.582505971785874	0.296678019741422
-1.3008768083133	0.600684810205012
-1.05057896075762	0.425359017450372
-1.28962474227536	0.583722014649394
-1.69943635777368	0.942890687317792
0.132517398019614	0.0400248322660559
0.589908312807785	0.308029577380059
0.73114271663292	0.715093996873967
1.76877498243083	1.35262778547579
2.34069277617099	1.17709168823907
2.74438259751335	0.780038400688451
3.17944319874094	2.54160119249298
0.434040370694926	0.175087333567687
0.164988580528614	1.2368309168982
-0.0965141330623759	0.483909943678351
-0.294911271490896	1.78124072402259
-0.766486539089712	6.44872756192017
-0.758960356472653	5.7995251431658
-0.78433730504888	5.59669329013987
-0.774340272825926	7.09715967873284
-1.27394262063174	13.1257061845454
-0.762699653531898	3.05298234551924
-1.11608797302219	5.17467712171755
-0.147590284661414	0.239106100924607
0.0999470416974345	0.113242344496942
-0.00991784193353232	0.0086254841289728
-0.0845085820573027	0.0631077795426939
0.158457112752544	0.10701580935261
0.174070206654118	0.146972339682032
0.0789333803132246	0.055540709723394
-0.254584914352545	0.214737444117074
-0.35580006104091	0.346432538907455
0.17547274924172	0.134112799675025
0.252356328152847	0.221383000546487
-0.140212804885883	0.114727538557338
-0.34821269384672	0.535551017305345
0.570785574508424	0.94712947244171
-0.181442197867626	0.158486897765081
0.301514608403913	0.204709994860413
1.04362213336551	0.505201886738609
-0.409433849153033	0.174099423107401
-0.294249944459921	0.187646286799572
-0.20078864542241	0.266050314287557
-1.62064699690503	1.2227125800681
1.79971117079625	0.713547256095307
1.22544891370367	0.80190126436301
0.133516783675935	0.0336393793939088
-0.110183371955416	0.0441964288526037
-1.34301404520496	0.838104698527885
-0.378051187678928	0.111023447161183
1.0157137322373	0.387976380499905
1.43287798690679	0.475136223572177
0.806510817831472	0.341303301129528
0.131669054203935	0.0451092981844482
-0.614213174528868	0.293850138109035
-0.0791022538551911	0.0343518964543347
-0.0658627590392791	0.0290260593138808
0.349350283414709	0.427323537407245
0.26676806331912	0.273874405137959
0.124121675888142	0.0421889628594712
-0.992333937453129	0.492310474930915
0.673123242144711	0.307481970822482
0.674206593112083	0.318042593632573
0.132517398019614	0.0400248322660559
0.127239208880002	0.0433350040918735
4.15672562736447	2.0061543870442
0.346928854780082	0.168467947130881
-0.414513506364508	0.229620579059588
0.142905144481463	0.073901710820809
1.23297117289021	0.833195023439514
-0.352419115189035	0.36509277726364
0.438448525562936	0.690886538555004
0.0862592653855072	0.0789636795307227
-0.549657106089691	0.745603280396291
0.181296166273935	0.169370881078774
1.15541260275274	1.72627955132917
0.599581070301871	0.901905593637404
1.28009388213835	2.09950424948117
-0.291302763745	0.312884833262098
0.21369744361168	0.234800601358889
0.26329988848973	0.254310124334708
-0.0246374954146406	0.0165896253428567
0.701321397543132	0.705111627806168
-0.267308862764471	0.203934811341801
-0.069494670582298	0.0303300961049469
0.0225992444436316	0.0130934281647063
-0.239058218030975	0.157261378634897
0.126329806775911	0.0429818238760102
0.800473766880362	0.337564218889536
-1.54615842792672	0.564342761115075
-0.53235250748417	0.203189204919792
-1.53808894962198	0.559470356704578
-0.537957749815345	0.205301234466108
-0.107030676983149	0.0432926976170955
0.349179283191181	0.176261129745716
0.133502874099665	0.0402503094723903
-0.792603495120915	0.350025979640015
-0.156219167717897	0.0893734189825164
0.5052829367669	0.182279638609026
0.294041699757916	0.18901451618919
-0.239280214302503	0.0797093161228399
0.385049004837606	0.17461081850334
0.136433082417729	0.040391101370101
0.80404554339976	0.344481245407227
-2.09888984919756	0.968460105575803
0.504822188982883	0.184110918199219
-0.169310736207172	0.0622086261971111
-0.200316330104439	0.109278514281438
0.678684937277313	0.320760896548997
0.154078908148041	0.08038517697846
-0.242184083730096	0.118580356679551
0.503876995607107	0.183480745946702
-2.09819629590359	0.966297009576623
0.139576085242422	0.0352987079074651
0.0102775950814743	0.00869302701754437
0.38028922997406	0.171691890692594
0.673205779680058	0.313033819267461
0.106467091860166	0.594850544287126
0.0635169921426241	0.259825813995233
-0.137916326104922	0.557249279769466
-0.316317938919262	1.66148545274221
-0.45907993703009	2.68524494213888
-0.321901029395498	1.48613770700635
-0.513259819577231	3.26195860506885
-0.337361322833815	1.25557191528697
0.00297246404361788	0.00542109889727959
0.345739522329257	0.950984507948144
0.482205741727937	1.08854112717079
0.166103374462582	0.171461091999019
0.0503724602248724	0.0468264144883603
0.314691356284293	0.355067284706397
0.25899188542929	0.297875910515858
0.256029575075925	0.252502049170706
0.0126680886371893	0.0107404643670034
0.212569162413211	0.228972073540982
0.194968085020823	0.205543385083323
0.461385410411071	0.607471496969717
0.149951477793644	0.173110568962968
0.348653750794362	0.484000761246973
0.295925913498591	0.190083427871875
0.0396309926544365	0.0245016458538915
-0.733584500883487	0.817855454987573
0.644879720230231	0.7788023948151
-0.574806399508987	0.533546697684021
-0.24890735147086	0.165030799258434
0.776164760546153	0.460367175863375
0.154811771778767	0.0995288598744191
0.281991121857303	0.185916590603408
-0.300170115677381	0.293951208486664
-0.0221753665702855	0.0110108968300226
-0.319267620729559	0.148097361925747
-0.066677023893092	0.0293327114047124
0.590937023849856	0.308919776260212
0.311540164499552	0.187244110211965
0.139123653747129	0.0670084264154567
0.143634190188002	0.0691358678413954
0.428143434228389	0.304435151437783
0.490734350077653	0.31102110707755
1.38252810822771	1.03748289732405
-0.289060793624487	0.183267918551089
-0.622607297526766	0.300839747618287
-0.0647536662428775	0.0410837082532367
-0.456031530058057	0.357563697789917
0.16516360879804	0.113288664948677
0.14110666854834	0.0787650313808921
0.432471522012107	0.311464790895416
0.170376446538734	0.126300565146853
-0.164717030217209	0.0605798459598444
-0.66498499674391	0.397723928012848
-0.986038088888936	0.980925370347653
-0.110516538265453	0.0446169747691459
0.0166688382408176	0.008822629059167
0.59231748202227	0.450153341677204
-0.499964034004833	0.26622714835866
-2.65469870581848	1.6394203551192
-0.814290764159057	0.623610269236688
-0.494654907771928	0.424116648068774
0.34818696304995	0.325179729447343
-0.126759998705595	0.103318176844006
1.07673581233202	0.656809634217666
0.890165402719589	0.47976520457601
0.356062335746565	0.178692364262233
0.31138562830449	0.18683691201304
0.427307329026678	0.173322868473184
0.364156888134679	0.30923165988058
1.38569792501238	1.03834205934801
0.693509285990075	0.450433122304852
0.796822032336151	0.339034428445647
0.776511937343773	0.4593855531213
-1.50258848860886	1.88086780509674
-0.917511546390752	0.770538668891311
0.47097937329431	0.427705793070889
0.104777131265291	0.082049132337528
-0.140809456064048	0.100773180953862
0.173376404386936	0.116770046480679
0.0813049050571854	0.0596378060052982
1.23834392674836	0.859561588372111
1.30581051293515	0.583204526982758
-0.614557881771222	0.29766312138209
-0.0465575062430076	0.022012186435937
-0.0368013972945025	0.0174336136835572
0.489627743914228	0.304639518185714
0.55075433183225	0.432326513319882
-0.20655238258083	0.140629999980771
-0.920052072707303	0.754919609429283
-2.35374515283255	2.1043573461623
0.498692166083149	0.313423837577886
1.0166972253032	0.3880595427182
0.146470626359317	0.0835573655156756
-0.288724770848049	0.184540265319703
0.439647391466928	0.173022265695761
0.486018881107652	0.433528442746419
0.770167075563717	0.599427429001322
0.482708830431647	0.295808003927693
1.35707344630924	1.23355237838278
0.589719718433913	0.444237120097302
1.38701423428322	1.05457357465031
-0.0722234144195462	0.0319372484884233
-0.31644252813068	0.145040045583937
-1.10325466498611	0.748427092122051
0.507147811732689	0.180851748637007
0.164616845177258	0.107421016673631
0.271558690450743	0.212311023903716
0.309962810647918	0.188116955312448
1.43832390432335	0.883235293855931
0.383078213827389	0.173623050496421
0.0492171905323184	0.222033623833998
0.0465880662881728	0.178157165277098
-0.22346728091792	1.13441944574338
-0.195719252818318	0.807513709263494
-0.373559074435044	1.89218685636675
-0.444430143608836	2.91109415694313
-0.236719968732088	0.877731849426115
0.0626976362735086	0.140342156263139
0.423234180400702	1.55512869964471
0.589375479187395	1.96084803659364
0.325590008816881	0.475744558737731
0.582791358515293	0.906702397197842
0.753859157268598	1.47425439015049
0.619114973424362	0.995471812670139
0.400676698686416	0.653850640596529
0.420074902048839	0.61147497499447
0.475867427694977	0.614703064672282
0.312797122678789	0.361022132661413
0.975428717391953	1.95298960764307
0.0857202123659246	0.0783969230422535
0.256756419415894	0.26330324710959
0.0218950803231947	0.0162808802469285
0.0593958328838874	0.0382589869399168
-0.0974090744547878	0.0716757893921454
-0.356254535811478	0.312801381612023
0.00491449849222072	0.00271476585378925
-1.83634819528056	2.12997547399345
1.2255463950872	1.02718936104641
0.832920259397058	0.749351956642093
0.714911352345	0.813159184291225
0.0429877258275458	0.0274836401481605
-0.151930042236312	0.0852741774818993
-0.0754014143872433	0.047574689210458
0.15587965424276	0.101033447644413
0.172222487888023	0.121219131369975
0.591181513146587	0.306961029844764
0.169523428944693	0.109422573550644
-0.0136744555797406	0.00688276971509202
0.781885119357709	0.848402530946001
0.154096574068625	0.0996288342190305
-0.17295020877682	0.121531895662022
0.165257737406396	0.112379649720825
-0.0398751284704776	0.0191285021368635
1.13730190521981	1.39162161257834
-0.319608890723098	0.289973091866698
0.411215399563368	0.311139177165418
0.168248713977534	0.114780527094433
0.789414631582999	0.849406001327287
-0.211655160141942	0.142139613952507
0.275157917920313	0.195862693289677
0.0479548325757158	0.0295466157395806
-0.118466335045501	0.0862662541128339
-1.36732562177804	1.11449191522318
0.161561469978721	0.0989894346055785
0.603297364812022	0.559873670773496
0.158353520457138	0.106819790865179
0.454693671624455	0.411093502700408
0.67901757313456	0.322548276957465
1.76161460404586	0.998795483303276
-0.554070067593698	0.341822637420439
-0.996649076103326	0.500043511509576
-2.29624778022353	1.16949295787091
0.161553850905094	0.103137565138248
0.716897286517836	0.599923016112272
1.31303880316999	0.56847483104475
0.133565538754188	0.0576236744751249
-0.549012683516256	0.556742085869299
0.400232775300375	0.315486120925882
-0.174739680904126	0.138328277175304
-0.03001392278299	0.0201264563919677
-0.11571785397761	0.102758425188754
0.386294159072654	0.174985884071174
-1.48567753899617	1.04593954428626
1.08925801894294	0.81320017470542
0.0147144631489538	0.00780794083120777
-0.284429656013793	0.179736909223631
-0.437404434432397	0.420991547329054
0.14783622422831	0.0898156685763775
-0.803427401712148	0.621555636038361
0.161462490709563	0.0986482381985749
0.353652100899629	0.407912325529357
-0.343565871399648	0.210036308399265
-0.160289692035222	0.128899103034454
0.14676440336715	0.070123635824282
1.03582646254947	1.0918278317076
0.877479783427475	0.897103392616226
0.161985716002232	0.0992223327541595
0.349583904128036	0.176701106175272
0.163081776737653	0.116539277114208
0.55892033844869	0.443697890442288
0.52224498788687	0.289090596478495
0.487495854671226	0.300812547462304
-0.485353442244502	0.323226679486068
-0.915293607825778	0.769802817256791
0.844141750882647	0.621301047736864
0.165575606430848	0.101349348664657
1.04732145218183	0.507332776343911
0.502301980522054	0.175912333494914
0.0633988182231898	0.296153662431324
-0.0202263899590999	0.0711348881982312
-0.221001798356218	1.08137628061468
0.0085502604373719	0.0217649253311961
-0.0506114316063942	0.159071580309105
0.246973560685661	0.976029889870158
0.303698114797988	1.25124910772523
0.274925538067063	0.899449118568478
0.309617207113202	0.455109245149176
0.091624890659819	0.10843559566825
0.865106406921016	2.11616765836499
0.456513356388554	0.732703724593681
0.104006288529817	0.12579609848131
-0.347837038868402	0.464429506077216
0.37129303952519	0.502870515188349
0.583600441131374	0.736661716728448
0.852127393196768	1.17321231591736
0.274429998519458	0.216344252003713
0.685125955281558	0.776587437095134
0.784327431341945	0.737331712826642
0.73942723277702	0.726398734892481
0.286420889073533	0.208386128593837
0.157925778272143	0.110912954131257
0.365717520995654	0.321567870177511
0.841406677191937	0.761599962212574
0.276208153579594	0.208940959449382
-0.089196314237435	0.0552824482276773
1.57430056311719	1.68425377058908
-0.0217804396961224	0.0109186553030983
-0.245542336899018	0.160448203120359
0.400701567175616	0.315994566618785
0.458152187254543	0.420754551196999
-0.237310208254371	0.154511420236006
0.56108100620766	0.44394344646385
0.900623934665384	0.775005731201781
0.405464600550304	0.301037665822403
0.168328330753782	0.133385601772992
0.15586781778325	0.0949328111075676
0.051709697080365	0.0335694511729098
0.101678774757716	0.0770562710408728
0.391071073948498	0.317685292941873
0.369386746638264	0.315552955398652
0.187790849251524	0.138164264177992
0.934111145572896	0.91480212605466
0.158280072538977	0.0967041405643902
0.786262399601765	0.46785168811412
-3.77412214772395	1.53344506919461
1.54851075015852	0.775082213195586
-1.99530604750663	1.37280252728945
1.05100741137477	0.518952111891946
-0.0211974208567558	0.0104025498612372
2.11062558142245	1.45310397919023
1.26589993465351	0.703437772864315
0.798910414182005	0.337139290695607
-0.412217157786648	0.288063011663979
1.01828921918359	1.29691495074696
0.357656781294765	0.314179079776474
1.10067625563398	0.809687953975358
1.04762263326671	0.514085617901239
0.379584107970299	0.172083520701777
0.192758515947555	0.163304725012264
-0.0185937079953341	0.01606739652704
-0.00318304681994942	0.00257846847135351
0.520185811610124	0.693830213426517
0.947822728597768	0.640240958650982
0.146898823413369	0.0825404630414714
-0.26991629271123	0.205981800637091
0.940203285681724	0.637077588557656
-0.262226459014857	0.221726412397236
-0.352619215690355	0.252788192338037
0.456527172122197	0.311158689575115
0.592976201885624	0.44419731676858
-0.133662140200735	0.132734517101226
-0.318923499539302	0.148592367443786
0.265104778313345	0.206719619161422
1.31004168491493	0.570431048013254
0.422148739622547	0.320605591031359
-0.126716142431504	0.0924590480114729
0.539362633318119	0.310349563810698
0.305829524663359	0.176393080834147
0.0133415603934865	0.00709798993489124
0.291020739130903	0.185285857138628
0.699180165832556	0.45560532468384
0.326599321652469	0.181949869961616
0.508081388675797	0.18525425523165
0.280714853805865	0.202955551134897
-0.524880787155282	0.490523448301434
-0.701938530367479	0.57102133806264
-0.600302345607011	0.445644781461939
0.157573393943592	0.106741298678585
-0.153183861425543	0.0871012668139029
0.158219444458121	0.107595445114129
0.0269461581916089	0.0155812610117991
0.696601152428138	0.446106721318742
-0.0201560706704863	0.0101893331134153
0.164864599753985	0.106733686507785
0.531332239341773	0.437157701109029
0.00617961889040706	0.00339046842207815
0.138957249831158	0.0469686287821224
0.112374425841599	0.609826348065095
-0.0985924398009543	0.442982250179939
0.0131435334649093	0.0375181616384803
0.0196226141866931	0.0592097792591281
0.307953371036084	1.49763488388943
0.646106502041298	4.33498832725649
0.497678154832345	2.32361927286546
0.264477358683872	0.382226660871491
0.472746996330762	0.885747436093189
1.14533082245173	3.31568418889266
0.480846058201033	0.891690779778821
0.352100932803214	0.455778972125978
0.668271064176438	1.36751074477804
-0.0592702549052332	0.0556375787916314
0.0347061878368682	0.0323752700818973
0.790532944727254	1.52758311901549
0.209610191010952	0.210608769411658
0.362078703285662	0.318562143194704
0.439113823371737	0.316236881353418
0.467651243615844	0.432253923458258
0.176058017191553	0.139014336759273
0.445219938250758	0.422750043194049
-0.291888347791222	0.181860011531667
-0.513692180726616	0.382502219576408
0.0659303038366971	0.0443529218113196
-0.353950112293123	0.287891704340023
1.75199393315489	1.33693259895684
0.595497927848798	0.448142897655233
0.904012182909049	0.781926378781935
0.377774259572111	0.31044600041702
0.280955710433089	0.20327797432758
0.594197310940868	0.451169781612168
-0.0268079999661127	0.0180461289785685
0.302331533867332	0.179671867739575
0.165681161936651	0.101317706320018
0.311802409031496	0.185954125053185
1.22446093279985	1.18238214710988
2.01031244864557	2.87163710404444
-0.130010558412524	0.0776556329819725
0.923120742885382	0.240835684941142
-0.367964462335371	0.108363329225903
1.30906895135202	0.585546772041702
0.137033206871248	0.0343903632230145
0.679919807501376	0.32283727045987
0.0989949556890408	0.0774544102381639
-0.0591721638027793	0.0385668288904771
0.673835940333249	0.316446429142655
1.01104201595136	0.385305051110661
1.30581051293515	0.583204526982758
-0.0630449016027966	0.0276711902180535
-1.30060141663037	0.607500402054919
-0.685119653488431	0.484553769915834
-0.283689965075681	0.238565093348602
0.173781945394938	0.134148417519846
1.5207540543716	1.29202100680109
0.376796890626774	0.170142176796762
-0.460472014208796	0.462696196598649
0.172909094755339	0.137158550630888
0.331151284369856	0.322144568478134
0.744605391847365	0.895030646803234
-0.169393750889216	0.144954831408434
0.40430996751078	0.416191304566706
0.43414572748205	0.314839933813907
1.24165342347239	0.839552684592992
-0.401708795895114	0.32427320983263
-0.463547688117384	0.35712032327701
-1.23447191474259	0.940028338382344
-1.45416897854094	1.56157092295772
-0.314554149872783	0.146148304590358
-0.165328755864901	0.0941169185402554
0.138313487263181	0.0468323766623707
0.169478325754241	0.125970796219525
-0.146627993998372	0.149621913296581
0.432216086405575	0.176459106478166
-0.0240157668003653	0.016310072933991
0.48455937829463	0.430603158675694
0.155025724923027	0.0954521583694032
-0.208123433697127	0.111210117448974
-0.243207904120039	0.161310639251648
0.148930119634628	0.0853966611669263
0.00689659441454892	0.00375660705901744
-0.0790264476659307	0.0499704668967093
-0.683670834887639	0.481673684650725
0.158385764842322	0.090306120366411
0.781070728663462	0.735242574972448
0.774339418152304	0.734035994515447
0.156176241314498	0.0961826170371071
-0.102281699075083	0.0628437713234177
0.261536358864467	0.209468385715943
0.780460948816233	0.612198675751896
1.35953645391693	1.2315495925225
0.858611935201387	0.614955275162585
-0.673075613314663	0.394896556545005
0.294762474887651	0.200716649224492
-0.0382144881896291	0.0182393962687423
0.0756411682179514	0.36723527510049
0.210087506545439	1.28436125955772
0.0925603031183089	0.373564400408756
0.429793498159039	2.72711781350592
0.359532765053643	1.64121515847404
0.467891983812146	2.05703057864138
0.129763157228686	0.154036145752471
1.20298810692543	3.15436283111673
0.500920899301172	0.851392010392667
0.775266045697291	1.3489364143921
0.436438676606717	0.755011926554078
0.083919849740888	0.0841536210064628
0.298488668725688	0.388678532011283
0.355742606168499	0.322147001219989
0.163419029645432	0.106416531806582
0.780589695992476	0.608127091862694
0.464094116932019	0.312710092409815
-0.514835615044427	0.513124324248292
0.696433329338268	0.704848089372002
-0.248427140425057	0.124771655155915
0.766198550902872	0.58493437679006
0.412570181142649	0.307577951663564
0.446270676964362	0.318109462777621
0.994767656946976	0.801562152881057
0.497383580828373	0.430263918075785
0.16652968815083	0.101760424022187
-0.146433231321546	0.104325583328111
-0.583349745286402	0.53821113510075
0.769794171336761	0.598868499717307
0.713178548590752	0.802677629162006
0.502887531129198	0.518178229857427
0.431165535783293	0.501339675001256
0.781753921058608	0.74620998333964
0.0267223009033661	0.0154112617508732
-0.345326789978889	0.206069984857448
-0.506353159033568	0.262319758234612
-0.204840719975137	0.108968766360074
-0.105955936266835	0.0426845580298618
-0.292591584624099	0.185456738183592
-0.171501923182808	0.119156984397788
-0.400366456875528	0.320708078000053
1.09455112194272	0.810318295041322
0.88560608247656	0.4772698841079
0.595200311768645	0.310798207902781
1.35147492078473	1.23506330333328
-1.85289053178783	1.19358463845812
1.00659170771323	0.383129425199669
0.321471147584083	0.190804785929368
0.0214162269221398	0.0157361623738337
-0.101147402097979	0.0750274381878441
0.0840265462396474	0.0764100431348049
0.0121488901228641	0.00874525676323781
0.157915371189176	0.107004532976032
0.186103215367344	0.171061468766108
0.18182067206109	0.13941678695657
0.86029253992265	0.622654103691115
-0.244801630471916	0.122272513998857
0.714499018582008	0.595863449598793
0.564602208960402	0.451098752073561
0.0262382503015157	0.0152555962624076
0.31740060562812	0.188489293182454
0.45350946710301	0.304379819297739
0.0289379988037584	0.016602811043648
1.04610704894877	0.51238392387227
0.782713558241129	0.612875160044898
1.26085635026721	0.690156488783681
0.598785245271208	0.561809344389228
0.529643495397506	0.541903757408287
0.640204384260695	0.202440736609696
0.940123611728795	0.919646012199534
0.416689183088945	0.314049669438199
0.488706498535623	0.303606007594069
0.427822404816276	0.307517600163928
-0.316099370931877	0.234869941194317
0.595857526660551	0.553632284142907
-0.550253167970411	0.346097810912986
-1.18529883843068	0.669946192468202
-0.162077334989821	0.0927476520367795
0.980106852516349	0.786339103112623
-1.85050532305714	1.16116068105221
-0.627079655400856	0.51676247236641
0.140143013882091	0.0604319904374563
0.409316648284494	0.309440764892121
0.406306340664555	0.301570885944237
0.590937023849856	0.308919776260212
-0.112159473957684	0.0450463769175976
-0.0933359418695165	0.0579594260221385
-0.239849963234679	0.157814750598783
2.74531503858304	0.788587032684406
0.161446913009204	1.07214549970588
-0.174649484670852	1.04660503292226
0.209139424969911	0.916062298835504
-0.184865278581794	0.628992345900518
0.133594906064413	0.355873776490547
-0.26360015884802	0.332435942327089
0.554267281971879	1.03306206240288
-0.306379782751432	0.420230309063905
0.377605414499598	0.532183264708278
0.475908477897346	0.793108406651905
-0.0159797587837317	0.0139154237964906
0.248129043414585	0.279353128262787
0.282403011303604	0.369333875411733
0.324841207672127	0.439087758395219
0.32697527074391	0.336256264599103
0.855901566321728	1.18951935114743
0.195867183924227	0.183315730928592
0.165704105858196	0.107554596976668
0.569043959084509	0.548161332818108
0.186741860595723	0.175191700172028
0.0989073094537009	0.0795241214827267
0.195285905011592	0.174100842074142
0.143607998997137	0.0752297244354971
0.78433484424476	0.613412543922262
0.147952403313957	0.0781796349951541
0.149640397054227	0.0784026675963137
0.58751639631425	0.305409320818934
-1.99608542810417	1.40772094220507
1.09945993822375	0.826285576008802
0.356493763940061	0.176973846828903
2.26672291425953	1.74321218100713
0.000633417421215508	0.000460110258828497
-0.242721275977258	0.160022634982371
0.554249313342963	0.428467818581646
0.16185770168121	0.111001415251503
0.558523540005188	0.805915114485848
0.471691739743419	0.437770645888054
0.00429270235522717	0.00235656913998937
-0.229578979597798	0.176540448172826
0.174457400447082	0.139639274746488
0.673800950615486	0.578422006859448
-0.273422510411017	0.208522094320958
0.472734708747075	0.433822484212752
-0.0629080595561396	0.0399845400220922
-0.14312341937401	0.101983071075495
0.682797674216848	0.591321259816366
-0.965282532219865	0.596900842255528
0.64588074973826	0.455907133819968
1.3166868063792	1.53992248631086
0.82296678025859	0.72806413602431
1.22829607399057	1.01436089191674
0.0602223118409502	0.0385839484736963
0.823815962896643	0.728810399695377
0.261915860796342	0.217706515390814
0.416910851823888	0.416339499169309
0.158824595676165	0.0971028149749032
0.180079986703276	0.13633132992178
0.499677806509618	0.181395612831858
0.428825611450252	0.174366674929911
1.61370822994153	1.11687883965381
0.282458121945641	0.200260050203133
-0.269813819100331	0.204344658908471
0.159361828462541	0.0973719031901456
0.766607070293511	0.591003731677187
1.55233491709606	0.780491055902145
0.694779186395001	0.452451716095757
0.288355018818836	0.217641009112731
0.279842088737664	0.225827019890614
0.0909932469498109	0.0686686150874973
0.28568222125241	0.195062229668194
0.55696429561682	0.554186421028792
1.35203253284186	1.2353855550179
-0.249307824194097	0.125196186116279
0.0471577550026704	0.0288766381061353
-0.350712039775995	0.21201738979774
-0.20246128776188	0.109074473975822
-0.592380845013702	0.432928183384769
-0.560244834751341	0.47256605902619
0.147723736507646	0.0846106233951015
0.42354996680114	0.403854643146066
-0.511161112719246	0.385703238122769
-0.748962934462903	0.265874158565463
1.79670337293508	0.712109669548487
0.848285828521961	0.620824806554551
-0.928277305452228	0.772127473648496
1.06928658753446	0.64939630046149
0.138774359223278	0.871409108096907
0.172484533430354	0.89583105683522
0.0980666224415523	0.327943329988968
0.339808538055286	1.54916643305879
0.122976663680547	0.162072748556561
0.26523010682319	0.368213814306583
0.432201120302361	0.713673996780303
0.552633142941597	1.08677380948158
-0.0169491171735734	0.0177514747791923
0.169947452340994	0.18828545610814
-0.14939626443734	0.181423310389552
0.507371401591142	0.875134700123831
0.153908775439724	0.18074743076566
0.433998803809577	0.517520053078495
0.269250123810672	0.223480358944274
0.373435867064998	0.314874793628412
-0.0639697364543088	0.0471688271806283
1.05582817369082	1.53122660160016
1.06588892206294	1.34329667380103
-0.0135965937160886	0.00928580096513796
0.468111416641521	0.315661671728194
0.173710715989408	0.142761618848397
0.133288935209216	0.0631321743158408
0.284764087573654	0.204398167164354
0.259295827700364	0.214573875166137
-0.979297543417796	1.03601204206098
1.46334051607552	1.45564430853685
0.988531653198373	0.805944460469629
0.779566773927773	0.739163885879401
0.785943398783821	0.949131830383244
1.09966286580273	0.95163534182302
-0.62443592985727	0.521253281357834
0.0406301948880886	0.0249585487646369
-0.703795151483128	0.566055087304022
-0.205297205334881	0.160983061581154
-0.0963544898223339	0.070561238226159
0.123142387966434	0.108647170818844
0.770176740201955	1.03443585629689
-0.267668971999576	0.203079671127205
-0.0168942155967886	0.00861910795222448
0.124391269143185	0.0465118756064015
-0.32072626019726	0.149686261324011
0.139543450624509	0.0675192261100814
-3.09675293313402	0.963861246988004
-0.408553941609445	0.223742382506428
-0.429395817060765	0.412436059948418
0.455111159752095	0.41507188130092
-0.194337120783101	0.130236851380254
0.135062527036147	0.0585764555817885
-4.72381940259323	2.84176025608259
-0.256540738172257	0.129565212146248
0.137790482671227	0.0349173015404508
-0.114744315344893	0.0462153660676551
-0.305658934588786	0.226333428886705
0.0626499319973201	0.0423017787868352
-0.359417403469317	0.296027495808626
0.630745012430928	0.755371861450192
0.0058240742206546	0.00465994989443223
0.319769367986896	0.325615191399511
0.649200019117328	0.456925693862087
0.680253645004803	0.320643257971436
1.22819425219717	0.822949350340885
0.343665548884864	0.333328238249405
0.907067983936765	1.12783259930422
0.0559194197306493	0.0359687695179011
0.397549103433525	0.519737437578167
0.143951821724331	0.0818551197802849
1.31912503329516	2.45036122029188
0.679919807501376	0.32283727045987
0.398552764817393	0.318296982981963
0.280440114928694	0.21244469867835
0.163229668453906	0.116195054457481
-0.45021447795604	0.388661740349507
-0.261661271805538	0.195368187265621
-0.215859045484759	0.145839617991308
0.60026485033585	0.312958239507999
-0.0719893612770875	0.0456173585662949
-0.236008497146937	0.0772385840822939
0.782436766209776	0.739000411300009
-0.357751588409436	0.259295378687807
-0.156973238710221	0.0897768540045002
1.94015056231071	2.66603354614101
-0.445478664216465	0.343206495227181
-0.554714658889179	0.352112251325506
0.382614509481889	0.172063843860674
-0.154971384134252	0.0881035119803497
0.784917886413354	0.745275455056163
-0.500450094948577	0.263564685733195
0.109454760363579	0.570893732294879
0.158196196488923	0.779763625094408
0.300959554015112	1.48759508637609
-0.0354386504167537	0.0387327072923163
0.180915655994197	0.231747893143666
-0.281166316645966	0.434722482366718
0.419832657937249	0.687047084596047
-0.182308993141364	0.213568558384338
-0.191848310553146	0.254777391008353
-0.159432319286053	0.178739120441508
0.00775316560903116	0.00643534499109716
0.590179209139217	0.811431877732296
0.508307030577102	0.527143808667765
-0.319893195757137	0.234725098005828
0.418074481407107	0.315811380806798
0.148494617975806	0.0853704177247589
0.36967007248299	0.314901083207673
0.414390463815037	0.312684024403218
-0.197697440149679	0.107265315052018
0.865311634782647	0.974882189181579
0.271468677229699	0.220714623118409
0.139123653747129	0.0670084264154567
1.22230979004586	1.45758355646622
0.43488916413479	0.301298676434215
0.719741715725066	0.604351173015648
0.49960540423715	0.433138846227522
0.719138264361616	0.597261173163198
-0.0101331949858217	0.00519761924054641
0.546314508527328	0.539901829225613
-0.518967061721693	0.39439989098177
-0.00841226880930777	0.00580035431684509
0.174125880228207	0.139625967719971
-0.0788747651406573	0.0592148163658889
-0.990489624207199	1.00220665580999
-0.609277375375076	0.487792999491439
-0.244191821151241	0.160741804920193
1.05221984769468	0.516618220042698
-2.30231472945207	1.1860125437866
-1.34259649109034	0.855298146079964
0.133435113675883	0.0394923327104963
0.642650740895789	0.20298545340287
-3.09280325935961	0.972693856185307
0.64499280232417	0.457952335753488
-2.2922750065788	2.82472437462318
-1.51522067058405	0.772916029814653
0.139897491124065	0.0469952787506905
0.804306426214091	0.344854975606889
0.135931183146639	0.0408601823442341
3.25036486382959	1.10725094810752
1.42898338960615	0.478193832396807
0.628196968935534	0.421340134556948
0.775267637213016	0.605595616732067
0.528720468181941	0.441386322976025
0.171799713266179	0.140869894056276
-0.116690279278913	0.0465011141924394
0.151188401853065	0.079314924282149
0.137309104876819	0.0658747567075952
0.375718010034334	0.167578372924789
1.23239326589229	0.843845182370715
-0.165029630388723	0.0604405571991372
-0.666366130698674	0.397561324527142
-0.897441894028235	0.908458138742441
0.698400378296503	0.458706370421434
-0.666317294072804	0.391247198488707
0.1805263914618	0.133484725036734
-0.351207479953889	0.212395248436444
0.0363929532074437	0.0221559748849179
0.531728421604161	0.307995628366837
-0.413947858919656	0.176554546535984
-0.557771856242816	0.350848772745658
-0.155197071617551	0.0892535117822032
-0.106851384601286	0.0429754283978586
-0.328655957782435	0.151189792663394
-0.253399967402909	0.128849519039768
0.947413684423611	0.638978035417402
0.294041699757916	0.18901451618919
0.0978521568482692	0.500292660278109
0.180378863687574	0.973499727092799
0.230482289803209	0.532174903341225
0.236263143998507	0.499508602871777
-0.0829778860021992	0.118783659958926
0.129727424964703	0.203090798691715
0.228505906236363	0.348895334270626
0.308883471112748	0.540187035868027
0.186821115933285	0.262956283093395
0.00206881427430248	0.00238318964083198
0.67947141958501	1.55159222945379
0.089002280697457	0.0934439331368063
0.943891865255867	0.63439429975275
0.378955953874745	0.325380515127204
0.775967298559049	0.613901541094919
0.300523447367053	0.193627118069459
0.311779434212097	0.18764230539122
0.631695917381097	0.57489442526098
0.635280372593546	0.763973376977303
0.102534692024137	0.0828492376764956
-0.586383395016546	0.581002419845127
-0.738611507692409	0.962888897397256
-0.670583373636213	0.752119626451289
-0.393680157664353	0.378823573509706
-0.0833767391452599	0.0511760349950806
0.153332580106736	0.0884049837463538
0.349583904128036	0.176701106175272
-0.172510629195835	0.0609722144996752
-0.540567326781551	0.21079663144273
-1.54639876708013	0.566309129661381
-1.16076621190063	0.359385238156804
-2.30565037497982	1.19679199943087
0.284416963889297	0.175908616705155
-1.16144812323842	1.0096045014038
-1.85091618973049	1.16637718503346
3.25422405878576	1.0988640104023
-0.37373542401889	0.110004299970677
-0.0132037489988185	0.00905026602389307
0.130162627736486	0.108715643612679
-0.225886136462882	0.231281960893236
-0.0787053847579029	0.0339559188277931
0.0232929773806036	0.0135652168923488
0.265142422786259	0.245954330188434
-0.016669678641386	0.00842214951324121
0.580467848010551	0.422401656539149
0.165363227472825	0.100970703400395
-0.105364112633529	0.0648377084495895
1.61561441444196	1.13002115894449
0.124894192844213	0.0476271995221898
-0.0304174713100408	0.0203389304746133
0.165048709273074	0.112377826471005
0.170335133685819	0.130320231399282
0.0215821216718124	0.0125167960939983
-1.06227308895113	1.10445607758008
0.667607133153394	0.581146724049234
0.148494617975806	0.0853704177247589
0.8595020337116	0.988254760680645
0.900623934665384	0.775005731201781
-0.805153458127229	0.433027309153018
-0.556419752453765	0.353402230855111
0.153043866564642	0.0874055761533763
-1.51660587607753	1.92316888574927
0.638075677138463	0.451307838976879
0.295712563134614	0.200757040911717
-0.617159386513237	0.297088979625273
0.155147910901327	0.972345901158904
0.212782821064245	0.649246364909401
0.115597503522544	0.263412115278647
0.170380348508286	0.423021552569733
-0.0193872518049447	0.0340964819772642
-0.158109177511767	0.325421953606632
0.488335440031386	0.304434705572152
0.356958345200614	0.179087699804937
0.0818319479760391	0.0756178623092352
0.581026819634082	0.565152879105971
0.514975005650434	0.691521383432462
0.185338611865852	0.158122099676119
-0.606580988534693	0.604590243430927
-0.970820253701842	1.30180910398743
0.042852063334223	0.0347872808940627
-0.788806292936157	1.0134608697456
-0.0528165959462568	0.0341883163377771
1.23602081242935	0.847269356482426
-0.418026541062147	0.238443665728315
-0.242788883618067	0.0808805347641532
-0.114564444780422	0.0460703149482727
1.95584693887656	0.462330835133922
0.925335174824177	0.243267565805426
-0.996081777695867	0.502538138809046
-0.404041512863036	0.284516184589128
-1.23839809560703	0.940226583438126
0.987155649991001	0.805692902760784
1.0127751373005	0.389769011989825
1.54992724374578	0.785062078842457
1.55083342835739	0.786182588324621
0.411019639454194	0.430797493172282
0.608719771338962	0.664031373744803
0.121023859742441	0.14430162790808
0.343765992525151	0.169127236642687
0.143953964467381	0.0752662582372131
0.154172648997971	0.0949605803899943
0.649850670687793	0.457093605726273
-1.26997635301546	1.20766492980014
0.324315672221405	0.180531823458249
-1.10100321936403	0.752119200085923
-1.04171055771472	1.18782484352878
0.105917293047082	0.0827159811599324
-0.473319328880239	0.510369582536335
-0.474180988162002	0.322244241654996
-0.603614341962134	0.629943580405217
-0.571138549512354	0.526289546577989
-0.798228976602204	0.766320042788594
0.26904699815676	0.219433657042453
0.682961212989587	0.32008114646786
0.0501658509234261	0.0305575784418613
0.00617961889040706	0.00339046842207815
0.414645080996124	0.316516196300234
0.630756326436116	0.57344959090796
-0.195756502957868	0.151569414136588
0.179402398504583	0.148233282527166
-1.2757098700418	1.19984465326327
0.107458545939891	0.555317945580066
0.119504506332517	0.541715999199901
0.180581087219206	0.694569586390517
-0.0228329583974178	0.0530636214861956
-0.194763501666291	0.558894347824599
-0.0241080164346539	0.0493957433806145
0.433251027645118	0.425103417792569
0.817842994142534	0.962575733515471
1.01567705259992	1.31591785196684
-0.01529878050374	0.0118191649071428
0.256190208831844	0.252036321568686
0.569775074865962	0.646943927585388
0.780118423156113	0.820833182099497
0.666096333056045	0.848113226751762
0.479448682882626	0.520960109593719
0.738347910522863	0.813030223243404
0.178124529737594	0.1469965805537
-1.88462605915562	2.60581291243428
-0.630577863638012	0.71568661694023
-0.492669037258983	0.42845969166877
0.312244122582862	0.335118061527156
0.660004627544873	0.944149208404791
-0.117587856600039	0.0696764264498611
0.696151267773702	0.456449183807247
1.26181279434772	0.671813797041545
0.139073148904902	0.0266055202308437
-1.15790256442372	0.35664499176059
-1.05830757618137	0.424133349862926
-2.3059334476236	1.19906166503349
-0.201446738885136	0.10799349507859
-0.256965128406459	0.12975479626718
0.348674114871716	0.172298180388078
-0.314612307911753	0.145111292308691
0.141628868364635	0.0268733845859336
-0.550714498391052	0.210080974350985
0.926974875419701	0.246284209674963
0.509725648789814	0.185898565895246
3.2493353238897	1.10864834370629
0.276845058370128	0.209702487956641
0.437023780758629	0.310408759823302
0.14251781091189	0.074591253488189
-0.0787053847579029	0.0339559188277931
0.466339096238165	0.315442882393951
0.00104348398012974	0.000687359332697578
0.584641996496502	0.650427646093836
0.857351814134256	0.98680687704159
-0.00195584440774436	0.000868193461732297
-0.0277196996631621	0.018603723693845
-0.809509431606786	0.540432439014185
0.0546634497043806	0.0354923108627502
-0.0944066087502069	0.0589725299098313
-0.156107676038215	0.0885399389354048
-0.478285400822393	0.324367192643308
0.347332213540102	0.173487779826099
-0.522646564214148	0.395576074047618
1.11824323989831	1.13068278969197
-0.588459179926281	0.574643115046582
0.086556624732179	0.0629565175312901
-1.84585341811123	1.68927562282191
0.116097993772088	0.640494868092433
0.0281333068314489	0.0988755464634008
-0.0191271124597351	0.0528067005195131
0.256267056467787	0.285465499121109
0.149355490742074	0.138474498589532
-0.0664489269852921	0.0607625166971244
-1.10334112444712	1.68342050713041
0.599601921582218	0.747811706783762
0.182568927191177	0.15832667271886
0.265653689785637	0.246745520345412
0.0268438095761109	0.0209331882928231
-0.0174611112882657	0.0119202459917278
-0.247262838510328	0.207795886748955
-0.0964995184206434	0.0800733914639485
0.793272197940773	1.11939731447408
0.120499419709913	0.104430529002242
0.484543794151255	0.435519297702561
-0.499549260075635	0.265624759306447
3.63176736503527	1.37533483732456
-1.16152021660948	0.35929571617842
-1.53732327136021	0.558096879249065
0.502257853940925	0.180672046950637
-1.80190156331263	0.405310176911618
-2.09914833379147	0.969428563968901
-0.201725256361482	0.106428405648937
-0.291494359581861	0.18672364282695
0.132755613913402	0.0400087413766842
0.638330742604929	0.20169714697394
0.138618353811657	0.0265211219118666
3.62168394400497	1.42736372029797
0.137393054243537	0.0344634753891055
1.01080793058073	0.389781480211188
0.866125585514218	0.855533256580733
1.09513559708037	0.821271216044674
0.0507277629713376	0.0326055294746703
0.0849963972221381	0.0595688960079966
0.779765400514439	0.838811674123027
0.37115580963607	0.317875421402107
-0.0936803056968402	0.0584117635852823
-1.84872134037506	1.68196015516065
1.00547750497936	0.926717882585155
1.10928712971012	0.986519295011598
1.02517754116995	0.95408009389219
0.149455850620558	0.0713264929431277
0.507179964675215	0.537294749381581
0.338765384209828	0.325605677170431
-0.0873485739469896	0.0713488727935661
-0.545142253389481	0.458101779278458
-1.99326737945227	1.37323426081539
0.0874248179912917	0.447024107139011
-0.0485847499107964	0.183461758738862
-0.152844110917519	0.589338007009185
0.141595073138872	0.466025436503224
-0.103563297409934	0.250480657873872
-0.286030379157422	0.312062978181598
-0.0609843539430725	0.039340840508258
-0.492862811955992	0.557036611540358
-0.513148998453341	0.6168157184973
-0.254405563665186	0.264922533104046
-0.300997331479455	0.316940405294219
-0.046854238022223	0.040193447509206
0.47890177152606	0.42235611507239
0.716970769906685	1.14919370458948
0.363488678338902	0.417501359882812
0.538082137770425	0.776688541580699
-0.201629657587945	0.18379639329976
-0.743787855386984	0.962011917948329
0.0889991331632394	0.0821429251268619
-0.116356970919557	0.0958062670968457
0.802041020294017	1.14760210535449
-0.0792803885480025	0.0596510912129189
1.23118699746348	1.03017620485501
0.890165575625618	0.483506941346857
3.2493353238897	1.10864834370629
1.54978718813017	0.75330350524865
1.047016010608	0.51327505140288
-2.58513149511835	0.689509113042442
-1.29386467121372	0.593779662902372
0.679351020763047	0.321470737969825
0.80404554339976	0.344481245407227
1.8007131844382	0.713314573443425
-1.54186427014847	0.562391050588268
3.2493353238897	1.10864834370629
-0.0867595331942331	0.0526698838145397
0.0767924414431929	0.0544294216575113
0.0677135492520641	0.0457259411066268
0.394797162772074	0.312775492341656
-0.706726500215569	0.567905215578361
1.46534947548388	1.4554741970364
0.449011253166155	0.318568429256278
-0.286228522200869	0.181401758335894
-0.552680742614063	0.466363427968886
-0.738746953120278	1.0040515842624
0.777304190382158	0.735160829142404
-1.01180832025282	1.22712964718371
0.133037105859592	0.0510757561308982
0.0885003481943894	0.457526438146371
-0.0214960549875023	0.0763353975450789
-0.0834379226313907	0.282399117689173
0.12178694935873	0.333265458796777
0.550123022944039	0.612259694554586
0.687057929907007	0.791201964072179
0.117683609340615	0.0938674513011749
0.182503100051769	0.167076989889645
0.452915606497126	0.510959558229391
0.33853652917718	0.324093743352422
0.649502162038009	0.834625288476023
0.530189778877464	0.537067467161641
0.192617656571914	0.188655669372745
0.329657714254258	0.322220388632062
0.589335500914795	0.643518844381851
0.533567921160123	0.718754801715105
0.0220938799033396	0.018771854872953
0.191813663823491	0.195670217795388
-0.0496871509801012	0.0379175254256527
0.186746039600077	0.162129109383267
0.191992588344976	0.189188900210127
-0.284777438896606	0.28048427198093
0.352403816800036	0.413054123764219
0.289003783746152	0.199295977148743
1.22083138187404	1.00637841945677
0.133516783675935	0.0336393793939088
1.42293417334597	0.472946291653134
-0.75074715029621	0.263334856390217
-1.48294332888147	1.03276459089167
3.25036486382959	1.10725094810752
0.683862636066963	0.321077477845465
1.01074601962064	0.385312386444489
1.80474378076778	0.699429162315007
1.05009918415931	0.516830094992167
0.629132082647955	0.569904958773931
-0.784855328218604	0.839394068388086
-0.521914901736691	0.401901381767305
0.486979035827794	0.435035742805441
0.828955429236191	0.87298363894934
0.302172411214911	0.203565027205695
0.17326218712662	0.129572659366116
0.499819588723048	0.43250282054787
-0.669047935192945	0.709716180562443
-0.528108490274596	0.594570998575568
0.112349074696351	0.0970914225818118
-0.35681360141393	0.2096664279783
0.0606448683065989	0.279745501779741
-0.0571575403078054	0.223814204361767
-0.0678551932448964	0.185139857025787
-0.0480993959699375	0.115963686648584
0.781597791200682	0.937185175086943
0.318671688914221	0.333988712504566
1.33320801331575	2.1690432316565
1.05691417816898	1.56549418570034
0.262848064081581	0.210354566608012
0.351194494193605	0.319036755411343
0.151033637363678	0.14633008889937
0.261197809937675	0.239939901174501
-0.0291495755475662	0.0269910242376731
0.455739511848766	0.49207318391909
0.331946089739297	0.326187043550854
0.317502239428007	0.3408040151546
-0.605434278269087	0.884342382003116
0.102396328494114	0.0803192344943302
0.607508577525486	0.568207482276476
1.30322855368266	0.568847326115475
0.139088984871223	0.0347391602259325
-1.80190156331263	0.405310176911618
-2.30573904297415	1.16673619946801
0.809239056393596	0.34255292022026
-0.37705103334154	0.111772840936855
-1.29628919145243	0.575879465897235
2.73193072065462	1.68050765427005
3.61956389250147	1.43028882967321
-0.0645593533157597	0.0407994431265864
0.967897616104332	1.05768629480218
0.181578317965832	0.128665052844839
0.491728311321942	0.441532760157343
0.028288154183541	0.0202794875744415
-0.0309840299260741	0.0145832565439912
0.644130781207192	0.578180629229797
-0.406615620555301	0.169863793614473
0.14270895086791	0.0675489087270504
-0.113154953288377	0.0813107879443918
-0.118808901046353	0.0863984029037409
-0.228611325530844	0.176169418777529
-0.220353229958888	0.166887349782404
0.151606812074913	0.0963404002637882
0.15621098354169	0.088490979766551
0.0664710978584497	0.315838276720102
-0.0863563384548533	0.364420768195566
-0.0786643709917398	0.248997627267127
-0.119457120768176	0.395388708550231
-0.121413938234819	0.337515352479722
0.317466892496502	0.348467790494657
0.376081354198992	0.414949494536901
0.201418608651057	0.202816649518358
0.264890606089851	0.234883151069113
-0.00431363987039115	0.0029175964676551
0.408527815790003	0.439069154751294
0.728670315223873	0.912543460208748
0.59205116991036	0.544839602228831
0.179754200823203	0.178456109550495
0.452726436723064	0.52452218801969
0.182761959603239	0.163751179351929
0.372520551283887	0.408698092606905
0.121905362786468	0.10882192380651
-0.00321014382328083	0.0022009958266548
0.129957966900544	0.117120960719373
0.0457858464663432	0.0417554318309963
0.109341672024781	0.105546436046535
-0.0945209514936803	0.0855574648100951
0.606920586126907	0.454056703687722
0.490460383913589	0.305980236685966
-0.240892370455321	0.0792841914193826
0.121585896090245	0.0359237947111579
0.504816499640612	0.183371631391463
-1.84264604569047	0.766512726713672
1.55037749003109	0.778108225282062
-0.113847931702938	0.0456773643110257
0.889354931854755	0.472098045743125
-0.0640658862522419	0.0278344874222702
-0.203235361861151	0.159223815353187
-1.17157462690491	1.45197680136312
0.0731368654209981	0.05242819903569
-0.0769918205319519	0.057990476274232
0.757635774501552	1.01168789620069
-0.398346405293198	0.274503112142117
0.272065764988675	0.192745987572767
0.16005378791683	0.109276194760861
-0.514649821478723	0.391577482697944
-0.0854078166357832	0.0519740081805831
0.31198395458515	0.186587904857015
-0.398714279107505	0.320288768956398
1.13351764916771	1.28494058393544
-0.517291841829486	0.397908558885755
-0.455729439028526	0.462539569745316
-0.165917977856602	0.0609706695180494
0.0788752429994177	0.392809521385732
-0.13205656828123	0.628272057103437
-0.0298233018053484	0.084442204612017
-0.165467251053842	0.581149822929139
-0.051216398807609	0.11151451539804
0.546518703852232	0.534253783142008
0.258168171734308	0.24730462973283
0.0366407026666661	0.0282859241806661
0.119233758611528	0.0984625521102528
0.175441027881507	0.147612672017777
0.609019752337653	0.877558819856953
0.180892835019203	0.149061369722946
-0.532017132091758	0.669590659699436
0.667201843545768	0.789133482967132
0.328171786776998	0.325573753965746
0.190752359206686	0.150730685892993
0.169363780680848	0.129106529384547
0.455380369366466	0.306493111697645
0.576429694054941	0.556553839569599
0.729985982830638	0.917848436724425
0.305447667685625	0.328492866657524
0.354901428653691	0.32287200360732
0.404922313163449	0.51165373008866
0.577538986421519	0.649586891311053
-0.020580785011203	0.0178418789649294
0.426545409292898	0.490262102494522
0.518153700177339	0.613891409022387
0.40860343231766	0.426896890622622
0.564093844929314	0.716351942780746
0.742731976597278	0.828016691244154
-0.243484148452124	0.0808609088407405
0.801383180273715	0.338980745417885
0.642650740895789	0.20298545340287
0.433730210586914	0.176303641449018
-4.01668012166502	1.78404944980048
-3.09343711568729	0.972052225554497
0.13806085974017	0.0349020150681185
0.603410017425704	0.31155609277681
0.1471875343788	0.0842343314304474
0.187961533853432	0.173398663453547
0.334542561944148	0.184444757317909
1.05040313922884	0.518133696966867
0.388545898846189	0.172388471276739
-0.933631869776338	0.670939727750657
0.169175347831888	0.114659972395121
-0.10220043415556	0.0827584213704321
-0.455136107045959	0.46516592196393
-0.175194231605718	0.138107866624827
0.355251777595171	0.310171631446501
-0.181076972257444	0.126275976427598
-0.0220631682206518	0.0148320053264695
0.283565044384431	0.191337653221332
-0.0229112208292061	0.0114357621179769
0.159879406694337	0.0954786301650969
0.502972507481667	0.433949020319793
0.287178691511786	0.215679097876758
0.0913095159673098	0.0670202522265139
0.845783478127653	1.16114730784436
-0.0377495083660824	0.0180459340478604
0.124925225229973	0.695451287673491
0.0450313574996931	0.169530626709952
-0.102152388605317	0.327365682436622
-0.0242511185697869	0.0532367717283467
-0.124988306021466	0.336623893272053
0.18331496140097	0.475770794795134
0.788808428922791	0.938102911100983
0.958854827048352	1.56144498372623
0.313378259601433	0.332949600657373
0.753776479828829	0.830941976738656
0.105252529868848	0.0854632163672283
-0.356083789475853	0.31230673832688
0.361479323295285	0.316832196152746
0.249599926926621	0.243730349772857
0.19790217433602	0.199880565000134
0.180985392422744	0.160708273054714
0.11222969867229	0.0967364328247148
1.22998946679736	2.05688544669708
0.161330752550481	0.105509948379476
0.417547020722704	0.412492963355543
0.732113447275265	1.0437424398804
0.915708322401052	1.20249824481735
0.337494499284146	0.3233023363984
0.712815384889381	0.802025395144377
0.723771186666171	0.903850091808054
0.747377329192054	0.833391663615412
0.355430594357869	0.333469882942785
0.384162237603812	0.43542446595621
0.361038363393829	0.319714599688344
0.431001757043181	0.431217203792615
0.889008033518646	1.36867931274342
0.583939039696787	0.641534165375754
-0.627610073230701	0.740576860947562
0.107392374849124	0.0872803174957602
0.116323532995355	0.101247970628248
1.37810696748925	1.02861988688256
0.139847419253076	0.0352678773972538
2.7462498006239	0.778261278020301
0.136676224470739	0.0411018975580698
-1.16180306616162	0.360626829502971
-0.654514463701247	0.160265207029626
0.341318844635061	0.168741967961198
-0.419197114433928	0.237439693877554
0.44835549842847	0.428453310557574
1.01605945840834	1.3105459394158
0.390600890274393	0.308438395285126
0.101482200662204	0.0774127597527341
0.431098190555279	0.304726888871105
0.493336791083683	0.312700435087797
1.35194852438393	1.23595262117836
0.421511069018508	0.319449991290979
1.24342796909533	0.847262505242615
-0.323049946155294	0.149603675412238
0.455757504847075	0.30245037985013
0.784751513743871	0.839965346291615
0.663530645963068	0.693426002715472
0.838278615220949	0.867280116723946
-0.270453682579192	0.206544952052861
0.345621222009261	0.332589058277506
-0.125846017287208	0.0914188853282193
-0.895946649580915	0.908297815726166
-0.504593921432897	0.268073104634883
-0.0179893625539351	0.00897023405836539
-0.515299217607044	0.476159760756598
-1.0223027475213	0.917651632032146
-0.174141585188805	0.121716225561355
-0.638469055877667	0.585206392977594
-0.0998821647662144	0.0740534977897331
1.7959287507101	0.710356981550796
0.0234293460539867	0.0959119892587805
0.150116989375163	0.766485945378901
-0.187586638351113	0.77134321011753
0.0222801357513454	0.0573059838391308
-0.00237705667400541	0.0048636257086164
0.676465201642182	0.871118936679734
0.477385172818346	0.600380172793895
0.6579222536983	0.77598773935247
0.314838642308093	0.326756124962705
-0.0804073728849597	0.0672595477318494
0.466391212407202	0.529813242557153
-0.244620625511892	0.227712236687458
0.182974558274202	0.170685133868005
0.0536541315544794	0.0440669594802318
0.0745842549034643	0.0642983542549572
0.838688644592905	0.875785069274624
0.316917600126053	0.301778937751525
0.415168071893471	0.419672627956531
1.2933607636806	1.76772751404737
1.94681033559665	1.20731718303751
1.13278471178818	1.84418555788182
0.175827543842275	0.140329620558677
0.388552452997209	0.413442741420792
0.535954855717873	0.63179125676733
0.742288264228975	1.24340206549866
0.64542681911787	0.206101967608227
1.42692741367696	0.472854481440801
-1.53956972045097	0.556149616231128
1.42682311163348	0.473648243082631
-0.110722956319377	0.0445628979454948
-0.504102204108252	0.267253466571545
0.387836077353972	0.174578646853337
0.128532989649213	0.0387330108702786
0.453316354565891	0.524006277307491
0.46795183882215	0.517216248177466
0.3429637626105	0.320442784671401
0.129941237746952	0.0445266641773187
0.162408521971657	0.091428725622319
-0.00685221872839632	0.00460563035877261
0.247864623776128	0.231679676656872
0.562349300160239	0.631690503184667
0.283510357264334	0.211742832905717
-0.555958735095501	0.471180376014427
0.661246246370792	0.68659303885934
-0.242668927821627	0.161268876213422
0.0113251976857892	0.006043289142601
-0.067785752688266	0.0435457260793053
0.0221766382044694	0.0128884011766624
0.0720936969408477	0.048551135669325
0.27833180708426	0.217540050952468
0.782036516045802	0.84778717433967
0.140938002405334	0.0538530325457891
0.0363653311832076	0.153046784590758
0.0323128570076057	0.110882147635666
0.665922943164007	0.68734840377654
0.0407141016275532	0.0319852232338283
1.3286023085889	2.27990536871594
-0.850609132049764	1.24850199502529
0.0201464258784725	0.0174565518285441
0.338407800900758	0.325058918115474
0.323795120445176	0.324472875663444
0.271239220542931	0.273366544894994
0.0770144699592697	0.0693008605635681
0.352075749685976	0.335745675434352
0.178494831480413	0.147390505903886
0.165743069339528	0.122570777971597
0.431826699324446	0.312863196044118
-0.297294594654946	0.247050851508926
-0.507120273289922	0.511824851583828
0.484135368345826	0.610989667006609
0.602553747113956	0.723072491929879
0.796820868431483	1.1343362085418
0.799584245267975	0.338483546615682
-1.16255649541829	0.360535388481223
0.133502874099665	0.0402503094723903
0.64342341463051	0.205691875654135
0.137790482671227	0.0349173015404508
1.39468591714135	1.06614111777347
0.894364040244144	0.47552321880046
-0.373283661399062	0.108870255273452
-1.80211551800213	0.40518546889285
0.141062410388338	0.13637672712396
0.399009366102205	0.416684543798455
-0.023009903036255	0.0154436033318174
-0.736298818078743	0.773290121934504
0.468111416641521	0.315661671728194
0.832681235598094	0.862240632376363
0.877625422984992	0.887670145888483
1.3531912584746	1.23401438422954
0.356958345200614	0.179087699804937
0.129062508209295	0.0546289155081841
0.285280902535914	0.202807605946898
0.450563275787679	0.43029046548037
0.254545136039824	0.213825729995124
-0.430291907158157	0.411956268818755
-1.17056684234083	1.02345332017327
0.146151149125599	0.0828521856942474
0.308864733868154	0.183523429807684
0.298003540997367	0.210637166889978
0.0545483113128913	0.0362450665210973
-0.351312217342858	0.340021644575606
-0.103661159965926	0.0841924997203258
-0.400366456875528	0.320708078000053
-0.78497299551403	0.350548280281777
0.118427590435774	0.637964626362503
0.00542592730279698	0.0171482729151618
-0.054990604324464	0.0352066710741217
-0.520659254614053	0.563512613401132
-0.365058039484736	0.379635723570865
0.442870980367483	0.433152652926341
0.263040491057048	0.226384017716833
0.246900615513463	0.244635499701348
0.389105573360415	0.315479844320543
0.867897890536052	1.00559452069965
0.264289572407237	0.213935859385671
0.257615548065734	0.258288001778583
0.178676354766075	0.146105043894217
0.378506156143432	0.418780830291141
-0.355424288985445	0.316617278789843
0.151002985915168	0.0919771619813287
-0.00510038083681841	0.0034738516760591
-0.0371744461941319	0.0247676020690893
0.101815184158715	0.0803134836786181
0.274381315317672	0.230824971931692
0.567190997060241	0.545363014603564
0.103999636696623	0.0816273841717216
0.103973235137139	0.0838747732023309
0.272666232948629	0.230225340616588
0.168141779465257	0.115511840558185
0.630335891573486	0.571357162259606
1.60501728540832	1.11367971228502
4.55209928857708	2.59099110644152
0.133621657798323	0.0257280473816019
0.142425808142815	0.0356096114179749
-0.604496245575938	0.441244984491107
0.00543140494706607	0.00299373150080641
1.54420955275129	0.767002796647347
0.139576085242422	0.0352987079074651
0.265496569600478	0.262578100150944
0.679919807501376	0.32283727045987
0.587229856696263	0.556192393447359
0.832569305984784	0.938812187866042
-1.53801007774279	1.76566724852074
0.498978722837169	0.31315483534381
0.99357378418443	0.79765731838423
0.270102983231478	0.218763873762796
0.781914410962822	0.73879990571632
-0.546126923116054	0.465275411211346
-0.545641755228151	0.213156326519175
-0.32775440699784	0.151191385882461
-0.207497441310418	0.140914236288871
0.161886608065828	0.0985290360189022
0.715738290923665	0.59555710991031
0.396725652006538	0.313854281402561
0.170917351947532	0.130963844305251
1.21987980847529	1.45013764982746
0.342090628760427	0.304418078643195
0.516110468403563	0.509809210492366
1.0928990769724	0.825787968311575
0.0187795118027877	0.0739100514926369
0.0563976978204861	0.205285527533918
0.343780620537891	0.336500087488155
-0.299536359217759	0.293634432036551
-0.121543646663653	0.0998621356797356
-0.0666642378903835	0.0504757692876442
0.527530408040513	0.537349112549678
0.184847639283265	0.183747611975575
-0.180744470338084	0.157959133611701
0.263735358936949	0.233085483935484
-0.0756117884663067	0.0623453629021297
-0.54008672968743	0.529221024136697
0.427448843535066	0.429804098174434
0.166581057183043	0.127399596220534
0.170351157333529	0.141087868943218
0.602884309562357	0.787380877857602
0.166608367602102	0.134418869018045
0.615987170285232	0.830786242918027
0.676931871311112	0.777931013742693
0.382887027619338	0.39657318245113
0.34041912550332	0.316779171710403
0.871026852128654	1.34957453444482
-0.293187731166215	0.302395361881231
-0.287052918467868	0.303161413323738
0.861382682756546	1.0966979287217
1.31000962917872	0.587023547729711
0.503876995823466	0.183153812193994
0.93002098112329	0.244423585041229
1.01074601962064	0.385312386444489
0.0180890276083419	0.0105175411785902
0.599699763603985	0.452254866452031
-0.172353003646175	0.0623145806082077
-0.750453159564684	0.266070645067511
-3.47073410037615	1.25961524031716
-0.138107282656507	0.121471835284575
1.04367802679951	1.10509022461403
0.0881083932743066	0.0840420021278407
0.133423596120869	0.0513663752985991
0.288304048925826	0.209333756637778
0.119861644117801	0.104312961836396
0.600776249480047	0.648055508924716
-0.0585967453837744	0.0383543910353987
0.287946953719247	0.197525984628818
-0.170205525847194	0.133016574331312
0.906410852392927	0.765770752913243
-0.259618108752173	0.194829628746632
-0.786166968099484	0.351530725159594
-0.796336573190903	0.684852363575517
0.669308439860904	0.577237823371931
0.268828262269271	0.209678065081072
-0.0953044753650057	0.0700786331798541
0.0343840692851657	0.0211083667882103
0.162591521922304	0.105674346624525
0.459322578326995	0.420848719516873
0.290934991212415	0.210084043840002
1.51805925902229	1.2825847987417
0.371790640180996	0.316598485999665
0.11030625366453	0.0884105123958485
0.281919025437516	0.202367187641682
0.0280130042072022	0.10519596380726
-0.0771532175882544	0.286581422529829
-0.078773118230466	0.238807014565807
0.388209973218816	0.321433759399927
0.538641404077836	0.445731751103299
0.402264241839372	0.3176404320151
0.663167179424911	0.69121573464471
-0.1694886258885	0.145912236408032
0.476416927894604	0.421431136090968
-0.624640031932517	0.709933505517307
0.0385632709251028	0.0238138421461877
0.438010713899563	0.425970203431083
0.706996727323673	0.708887432384334
-0.0926371152512094	0.0677294831016951
-1.019138080898	0.925490750736207
0.641536598116116	0.456700029384393
0.481297601000507	0.430005152285174
0.168864779555948	0.130275702046486
0.169668839298973	0.120485339811719
1.37680221582937	1.82555103536227
1.22738572296175	1.46147186483899
0.0546680155346222	0.0364709604790779
0.350401168226063	0.328516577881173
0.673205779680058	0.313033819267461
0.775714031089667	0.465070326950201
0.137790482671227	0.0349173015404508
-0.405874250097451	0.170444248028646
-1.17692676702713	0.656418318623996
-0.679048327365968	0.470408372063625
0.642202725024316	0.20486814652215
0.149642667757367	0.0846908911881958
-0.236206310133414	0.21753945738338
-0.0986884827818146	0.0946964660251676
-0.0460251562936449	0.0211972093076919
0.0324795275554182	0.0250673458280598
0.695593653053077	0.69556193656855
-0.0906900697671817	0.0565760595915816
1.2290431596548	1.02314633768419
-0.257881450773153	0.129798173549634
0.881216282624022	0.472783859713719
0.889276800093443	0.482533263294224
0.143120499149404	0.0807316600680842
0.151544044805957	0.092270604597867
0.278328274186547	0.210368540006546
0.0527837308258336	0.0342546739155374
0.532646792652884	0.44620222144599
0.6130834077986	0.575220334143156
0.279875405742089	0.198784773275112
0.36099823865894	0.175670126269395
0.0433017947591201	0.176840831680053
-0.173757408055954	0.854533595083807
0.290182228845439	0.386778524947289
0.0410028525484775	0.0253205788964294
-0.284715346536125	0.255722859647863
0.519864344023915	0.542400813523413
0.016946828495013	0.00986738649144804
-0.0427572180175455	0.0278770747708682
-0.886022404813417	0.867965117052306
-0.263002009584547	0.196914815980646
0.399015876765498	0.315083291224811
0.159966502194358	0.0910116496278588
0.31757293173107	0.322436128141695
-0.347121548218506	0.248806960071149
-0.220478485676342	0.166145938433693
-0.171040874949201	0.134047412316738
1.91092602592104	2.90624824269699
0.903340372034214	0.787383291804919
0.0504975353551666	0.0307855393859026
0.373824628977255	0.320780872616534
0.190145663440428	0.171466771589235
0.774215122601869	0.830769829324451
0.400588289331052	0.43066376176498
2.33321600588961	1.1815266348514
-3.47956517355882	1.23553253438715
0.138169594891086	0.0265198668009027
1.42682311163348	0.473648243082631
-0.416657794052755	0.236316988229636
0.428518317050907	0.174046878111496
-0.746283100103145	0.261425238513852
0.144803086510497	0.0355043127546911
-0.368201646064937	0.107458491723104
0.535822353232803	0.308413963584342
-0.106958102864305	0.0419454905740664
-0.61535802884271	0.65689241818772
-0.201140946132331	0.232013063239059
3.16795303795924	2.51739229697074
0.035957601421531	0.0274829823195917
-0.0713520043076722	0.0310964022330705
0.512463542064676	0.445545561065275
0.832467168299393	0.75041888375504
0.533392203171794	0.53744564978636
0.435954664450339	0.315592862897523
0.41847332972356	0.43072834880298
0.702403543943196	0.45984824963807
0.0200011123227309	0.011577351830026
0.155746899466793	0.0940511900296211
-0.991770869047377	0.498902803198485
-0.0732082920161014	0.0323430675314121
0.775908102602742	0.613590720934666
0.156267723754304	0.094433947640022
0.0903279451010745	0.0659031533231852
0.0703927045803294	0.0494058750227976
0.531728421604161	0.307995628366837
0.496372506399551	0.310564662963426
0.0466943507906591	0.199546122074834
-0.121346160809604	0.535662002045608
-0.207695978009811	0.79952194946222
-0.202970513170926	0.657196585116029
-0.595086816218732	3.72533226492952
0.40424266579045	1.0036418519865
1.00625361413488	2.56670630917843
0.553279764407526	1.33087896044139
0.0493030672445569	0.0316538725062472
-0.736629010263871	0.826533946888312
0.434614239209389	0.415664519988735
1.46432230587365	2.42791361511939
-0.633548747769812	0.752634146067688
0.00439873531601773	0.00242739708514547
0.155395361891858	0.100263966424744
-1.11329499405693	1.3232133455638
0.351661178514713	0.31842607859847
0.266395603111847	0.235875998443063
1.03568639122109	1.10444916481356
0.121760930267942	0.106107197849365
1.33087989376544	1.3567990288941
0.546850946421642	0.540751527571166
0.0711386264113725	0.0499550357930407
0.0286585293289414	0.0212314905722751
0.748339140112891	0.829210026134931
0.268690584647684	0.233943470493578
0.137033206871248	0.0343903632230145
0.506468506416984	0.184272460164198
-0.16259467506784	0.0589482998855239
-0.0403242260029834	0.0193820428990159
0.304929287898074	0.195543914638318
-0.243489732986148	0.0812398100864258
-0.119472374662578	0.0465858216783994
1.95584693887656	0.462330835133922
0.137657029645535	0.0344892399783439
-1.053403096009	0.41828390801482
0.84156582174926	0.766220681144831
1.79893570621489	0.71178866805356
-0.753925861436807	0.267481396825324
-0.618615757273177	0.684594144185449
0.648982372541803	1.13839601236094
-0.416563784052134	0.23808799073685
0.516939918025755	0.629877760946651
0.143932526477383	0.061185246453942
1.46059234133702	1.45651809334001
0.431098044338899	0.418191245284062
0.641365647587882	0.580179852842274
0.485983040541024	0.539993686061792
-0.314333235963569	0.232597117728053
0.281240325530813	0.209336498829305
0.37235560509773	0.318772213454099
-0.0362310917988675	0.0241626542513461
-0.245701937903686	0.121839679858241
-0.119455881892024	0.0705705238825278
-1.74520081268908	1.41978984016353
0.325247750408803	0.180158101145272
0.390013815343926	0.321450360465093
0.348690778971163	0.32231280260807
0.0752085344471838	0.0549185790205476
0.154497855914897	0.0950192899360932
0.966266969913523	1.0330958972875
0.419545514105055	0.317936473783538
-0.00822419410925335	0.0301796877726129
-0.151305916059365	0.742405120165682
-0.246437745973645	1.20192888131174
-0.410670507188041	2.72309089072535
0.778561284089833	3.41950540949926
0.545474031371119	1.60894728781543
0.56979943870801	1.92293437746539
1.69435710695431	2.2739312212965
-0.415431583892546	0.288354362786854
0.39452748027485	0.31370166411784
-0.0693580635226334	0.0525694285864628
-0.0478029027752213	0.0225141688501779
0.144617418218243	0.0769810703320119
-0.0363745317892813	0.0174096450138375
0.29281712339665	0.212177512906402
1.2361293759065	0.834167280475712
-0.808173355453014	0.631239050863316
1.48047436865791	1.93020013876782
0.875848556928012	0.885297159228627
0.390925548038969	0.319421927330069
-0.0678951426455231	0.0431288265969222
-0.03728462678901	0.0178209782766589
-0.164461493474633	0.0938751367241252
-0.234428083779985	0.179288276438161
0.138704454630972	0.0658452171483433
-0.658267396937106	0.390414361896156
-0.311768887296733	0.143250765916302
0.12365357482135	0.0463329961948695
-0.788963282583663	0.352211941513484
-0.535953611007358	0.20815255049836
-0.328532868901709	0.149241365173035
-0.625574426507087	0.301010695945591
1.5526434754852	0.781039269293486
0.93002098112329	0.244423585041229
-0.160721852546086	0.0589654523662976
0.398869582028639	0.312869622890299
-1.85131114436226	0.764300782767386
0.141494037948258	0.0610489676051575
-0.124199579899423	0.0906842286235039
0.0517027071546751	0.0490146968789556
-1.83871770989349	0.763183728810254
0.434156101623629	0.314166901583388
0.388727779232261	0.175282179157905
1.10884826099209	0.990470022747356
0.339980126929725	0.304095618112843
0.284870781486577	0.213683474905872
-0.307105485483459	0.224409569231526
0.638056548404877	0.579036711893468
0.523677787821394	0.424611938518212
-1.56613188214916	1.52747237906134
-0.176891418631658	0.123156758472915
0.103402310220416	0.0807125793755353
0.399389583603327	0.316820760404815
0.524447983709456	0.423172835060591
0.777407345103829	0.458607600167268
-0.485870299052433	0.320957205399094
0.380659208100774	0.172749149895122
0.709917178383692	0.790077443299331
-0.0188323268506557	0.0721223480919588
-0.0771377011146737	0.328604694166057
-0.185782772287838	0.899855140795206
0.505534488168075	2.7002531146288
0.514357750552879	2.17499391576094
0.245551009876664	0.631270583203347
0.468882385980509	1.7426323471254
0.561860914946605	0.450069652075984
0.143764366034182	0.0864066259419869
-0.040359816618604	0.0189441989491807
1.2508745195318	0.670391375398573
-0.0512784217286109	0.0238028501056404
-1.29543444342512	0.594115706507602
-1.104161965994	0.752800574337065
-0.00787545607995168	0.004128390081291
0.138705031514491	0.0659181750613672
1.0442430343557	0.501464482895092
0.271441840903764	0.22895776705371
-0.0658874379999187	0.028746966011218
0.152261889675725	0.0928552424187236
0.144862610021456	0.0755178258979367
0.466043352020757	0.31225571759691
-0.477018997391089	0.318861734089976
-0.238708278930923	0.158326228955792
-0.0661169756944645	0.0420616035934995
0.0434310786714834	0.026528085510642
-0.407623964469208	0.286914935886415
-1.05245216258944	0.431815108906743
0.135112765781988	0.0570060211619631
-0.609979039017842	0.288081356123292
0.359186112082424	0.178069679877653
-0.208332527557465	0.111783758095504
1.09199715953865	0.824484211531906
1.25736532167505	0.697047384882655
-0.497701394758449	0.263019914063892
0.131021865338521	0.0391721334922174
0.133743144680782	0.0398540974543432
0.0668454674702716	0.0452059292377427
0.0210645663661629	0.0173494702895947
1.9526404934803	1.21640842000685
0.0659647153547463	0.0423091873789716
0.147886207848574	0.0773345843586344
0.148635117976706	0.0785556657223029
0.5330509434039	0.307923058373961
0.495161177844797	0.422335116272232
-0.686690374881356	0.479404474681208
0.431308541671592	0.312292096160958
-0.413998993666696	0.237447074715882
-0.412678459819046	0.286898131267513
0.48551364481255	0.43527076674065
1.07475730208428	0.659076569265385
0.723955014283333	0.607045304889148
0.383617837186828	0.173970673436915
0.0892206773205318	0.458348389180126
0.167660000322637	0.954673323312971
0.598633006188139	3.28511891256591
0.306787574406618	0.949099695653622
0.154787336228966	0.382525621549008
0.506008429814191	0.179936064673506
1.04822912848262	0.508206016371046
0.539400575731549	0.30955954564841
1.09595229392268	0.823450081346026
1.38346029020629	1.0650124064402
-0.968853568795674	0.596130418733619
0.885424021942075	0.480065836387362
0.50131905120822	0.180918046026188
-0.614523322055461	0.283840078791101
-0.0208294203683891	0.0104766374782366
-0.807742677772484	0.629156263586202
0.352258250789143	0.176424114150202
0.849502785837116	0.622281198094495
0.141879252752196	0.060378393348423
-0.396940290208239	0.162304664820958
0.919193898640639	1.03496232084991
-0.201898324711679	0.175173238661055
-0.419011072640978	0.284596049336978
0.0936271592409076	0.0710998857491927
-0.874687893658342	0.961022917445371
0.278852544590263	0.211516252100211
0.285887551123127	0.207451008316409
-0.806584168592562	0.529968839367786
0.16357713778448	0.0997309595332314
0.0303544298445823	0.0174597417618802
-0.923792806752163	0.768483756364514
0.724809967555871	0.602601882553997
-1.36366606263564	1.39143072906721
0.981944917665211	0.785621465829049
0.138818714405564	0.0354421828043769
0.139073148904902	0.0266055202308437
0.290227548456631	0.196873404459258
-0.234749146746536	0.213567681012869
-0.374504096873756	0.109063507862746
-0.0730788931894103	0.0553499287003601
0.5029366256476	0.181276920282539
0.901828483427822	0.785323085073067
-0.0886448892989029	0.0547219760460033
0.154078073822376	0.0941080516783347
-0.283792948266177	0.240218632681404
0.704607316024534	0.449233889940237
0.535730270046223	0.543628870125568
0.779880578185145	0.467468472830206
0.28764151212739	2.69112561097355
0.369290283605231	3.08090042034122
0.372954944444759	2.20426200847595
0.352512215121048	1.6464766946918
0.154083147144439	0.542485077443945
0.285443999773625	0.698336778843362
-0.353016563269304	0.625597567873286
0.187074012597692	0.243078326191463
0.430700215324852	0.175008159531737
-1.34117873685411	0.854058678160167
0.679950545276931	0.315780212826051
1.75287883844689	1.3430309440938
-0.0681830741890907	0.0300068333202504
-1.69385133624596	0.952969144794185
0.130882611694412	0.0448066859255122
-3.09280325935961	0.972693856185307
0.125297592141152	0.0425008393245429
0.135175777305826	0.0517622043745
0.84430922752518	0.609364409111307
0.572818206901568	0.797916004935297
0.497409426684676	0.618538271844342
0.081008066930604	0.0592818228484498
1.03868608113168	1.09347302828173
-0.407019638437329	0.28757501211355
-0.110777962364834	0.089883305905021
0.459088304241756	0.423696661651228
0.0456967093517851	0.029550696568539
0.459147299276527	0.515989661603704
0.99797943011809	1.39069393767468
1.03196702841678	1.43047568832759
1.04000687539353	1.08129778462416
-1.18971004224634	1.46471908110214
0.780707743397437	0.467279309919693
0.901031096895889	0.77855259836662
1.38441382438208	1.05074498632805
0.647204084943462	0.654558127312548
0.926658065862723	1.49995308650636
-0.256381758237718	0.124843755648595
-0.630848014042249	0.298943919306277
0.675070079402767	0.317521362750003
-0.163509927787284	0.0594540489341255
0.17254096792747	0.135164241560469
1.42719460355007	0.477448564652232
0.418019953315453	0.318335694525949
1.43108326772595	0.478167346987275
0.637110020884382	0.202981575807905
0.367671809603039	0.160228736766836
0.706832968085925	0.45415073321053
-1.580145710852	1.4487048126977
0.160242349815353	0.104611856208662
0.463820448479289	0.312119351373689
-1.35770031137065	1.12982032158714
0.69116085585063	0.697742451573467
0.829358192481863	1.47977928835217
0.0268653953513826	0.104870321899223
-0.237767254249631	1.48756267736093
-0.539642049877353	4.29061017211738
-0.555679343097225	3.32442138958904
-1.01405372004618	10.1704812677866
0.189000329871577	0.424974757440057
0.583788545806324	1.67378037269051
0.660589374020935	1.76840604297868
0.541883022499214	1.06583620830921
1.60652421105518	1.10424457952582
0.530457639608259	0.30362010470355
1.01179148986041	0.390812379931115
-0.40948446286418	0.174346422488273
-0.413723517512865	0.175732979945065
0.598859737377354	0.312272693455715
-0.409998477425756	0.174852973148685
0.594169419400484	0.311099987304194
1.44691986021885	0.899784327074712
0.773393943783407	0.459398826388658
0.492600494768885	0.306129068971863
1.23030934571169	1.3390384904556
0.0653254170448524	0.0442548914635879
-1.62016665032159	1.94274896304136
0.169736155660021	0.116243694291637
-0.116894463129228	0.0465610073001653
-0.0236468000322911	0.0118140087424436
1.0707381768637	0.651566727847104
0.727542693675116	0.597713880443076
-0.0023628380556361	0.00104418720565828
-1.21215046211224	1.25388277475546
-0.703135769863685	0.55837848101296
-0.804287518421476	0.441659358100973
-0.109287574984068	0.0438132578834764
-0.971074530822059	0.577340484882939
-1.35461506334444	1.10685392512346
1.333195071763	1.39838099878751
1.01172484601803	0.38539678793708
0.150258155356012	0.0791124177227824
2.74531503858304	0.788587032684406
0.123311117318626	0.0367093572540832
0.327064774937871	0.181465772484395
0.154553841479136	0.0989298196266696
0.587654609686495	0.305228213183286
-0.253545944613226	0.082508530811706
-0.0589269136605544	0.0255496025303748
-0.177180528937803	0.12421717642067
-0.781575757374397	0.348492799953545
1.88582210422306	1.55871763677664
0.151517153284545	0.085532595679607
0.0557351584226976	0.0361338575419166
0.188789381744212	0.16588399694565
0.677684842631297	0.315207854178039
0.59698332640387	0.313347175901406
-0.0472571415108651	0.209946208590135
-0.279110857225588	1.94609778720929
-0.0163622317025343	0.042312113549256
-0.329798159492031	1.90009015471837
0.670750745827893	1.84241129949255
0.379776150598331	0.30967172222878
0.324315672221405	0.180531823458249
0.133181749058595	0.05758539353645
1.5634588788236	0.762587148801285
1.66467305634732	1.91701032615962
0.913153254371973	0.778190331727196
1.22220552740233	1.00311590790104
-2.48813056874805	1.38101060229941
0.671975897136476	0.587665181717616
0.494071824693281	0.311379746942891
0.498978722837169	0.31315483534381
-0.349262728964686	0.252923926347783
0.0235982365188354	0.0137375483017774
0.646363142154983	0.458269873061415
0.286269395377848	0.212806537813341
-0.0160079264645362	0.00818460214550859
0.524957774627886	0.437130643333633
0.0824088492309707	0.0620901407243782
-0.321488468663387	0.291681160771923
-0.316899718951778	0.26158782344137
0.307586817264369	0.197396186472692
-0.412290521452718	0.291044871613284
-0.963731289552083	0.590393201670378
-0.813324918974522	0.705243064130089
-1.75285603639124	1.90775339802965
0.00512227834866086	0.00276510151265831
0.854378784927731	0.625144861246431
0.0781455377563123	0.0571581773162493
0.157185522737547	0.101489095678338
0.388670261554818	0.305463863448788
-0.229475555451769	0.175309095272955
0.46071474420742	0.421144092393198
0.356294065405076	0.311167806854518
0.803785201394883	0.337346626268689
0.131769780715528	0.0397831026994758
-0.686894456634548	0.471976682419715
0.640432049403559	0.206671110179374
0.132967462222848	0.0450628838470658
0.0196572074818698	0.0102757033551708
-0.493990752017215	0.59747135505215
0.132318328682527	0.0452503254788254
1.14259635306493	1.5006569992296
0.155933233524309	0.0815654856434851
-0.160353475664769	0.0906363613389117
1.44217883797865	0.89884378472194
-0.466313375308633	0.363771881625126
-0.244400634953682	0.162364125271833
0.430572676758615	0.309928123160746
-0.00757181950658233	0.00525234118794833
-0.110073226872489	0.0984472619159959
0.394378070748215	0.312901227902877
0.385402097434157	0.175234603342564
0.692604377026496	0.449137345153945
0.315254876452486	0.190256420894223
-0.0312583161171859	0.139625796645265
-0.015160644811725	0.0588902666302308
-0.453881779999742	5.13515964423306
0.890512815111553	4.03028086342855
0.415450960015482	0.852597130056327
-0.133494448370754	0.162762969026423
-0.159957992463785	0.214096661081695
0.205130207551172	0.203097032394683
0.135931183146639	0.0408601823442341
1.42616742954426	0.471762089576048
0.68442927063681	0.317910708603351
1.30416387964273	0.572388740586321
0.135119540786334	0.0516285692667178
0.679586781493095	0.322193279624011
-0.0815082391582705	0.0346614362517684
0.505057274384793	0.180318538416802
0.590937023849856	0.308919776260212
0.801835673414441	0.335777835096702
0.431680677694771	0.173490632341558
-0.471526178005287	0.316217411269569
0.131770953769287	0.0569213800918292
0.504580075605894	0.183905699075097
0.881216282624022	0.472783859713719
0.130783366724484	0.0391461997340817
0.134678988470476	0.0579137163983647
1.05472277889527	0.514601317533127
0.149528721391689	0.0708098898713754
-0.0143678810606552	0.00725931058684206
1.30581051293515	0.583204526982758
-0.0557556690494354	0.046770792285641
0.613189436778813	0.670274706119769
0.730386082446758	0.716862790979222
0.298741048509051	0.338852441805645
0.306227674530489	0.338048144112905
-0.317204085742375	0.358347146906474
0.532723082845054	0.698620196194594
-0.735941560108335	0.969715342247617
-0.00371098099063045	0.00323860022923331
-0.362231860929951	0.298133713429206
0.94028138702521	0.932330026925036
0.445428421424961	0.433150049451926
-0.0678454785382734	0.0430233296248815
-1.24243172248691	0.941626395632693
0.178241720151472	0.146718322577525
0.119157275334817	0.125657128083762
0.690028058313566	0.784567361468761
0.158137171827873	0.10672190734162
0.808596719059427	0.341954693942453
1.9438740187902	1.20400696339397
1.01913790541463	0.388060093985107
-1.16605123679474	0.358241254731586
-1.61976482917594	1.24684709522611
0.138618353811657	0.0265211219118666
-1.55071033604129	0.556075151007254
0.595954154733155	0.313662255262955
-1.3592410676848	1.38636947572566
0.135568968576203	0.0339891491304889
-0.130577206934857	0.0774789679549706
0.504338022226436	0.180177455072905
0.992479987824513	1.17360757684506
0.800731449974192	0.3425296464443
0.806771010510594	0.341817317762371
0.131669054203935	0.0451092981844482
0.432216086405575	0.176459106478166
-0.288485854007316	0.184269982774645
-1.36753594370122	1.38950804571484
-0.797726704413985	0.433828699431352
0.143155562240393	0.0688757413903805
0.526788152832341	0.436846932170658
-0.0658039145911342	0.0747480452873929
-0.0850245237928424	0.0632690037662264
-0.262798214981135	0.197365920340476
1.2438205605621	0.858953966787391
-1.61301902831541	1.24845574871242
1.07069323134769	0.654719750515352
-0.0421263054390062	0.201800768095594
-0.107953034171159	0.592818169360809
0.605843510842561	1.50068003632294
-0.0873064029279075	0.114971659290052
0.145296249102451	0.184614279323335
1.75980578263061	0.996347529573378
0.432216086405575	0.176459106478166
0.13806085974017	0.0349020150681185
0.505524711177284	0.184537045848412
-0.165633878223146	0.0608230448483071
-0.242540611132044	0.0799129882351132
0.132517398019614	0.0400248322660559
1.94355460325946	1.21995272314545
2.26558822181445	1.69526385656188
0.641203436908402	0.204828865510354
0.138618353811657	0.0265211219118666
-1.16680976292454	0.361321943590249
0.641203436908402	0.204828865510354
1.01254068844739	0.386785712184281
-0.159806023666921	0.0585982110618119
0.59512959289608	0.447188334148038
0.463923152293516	1.02975678862941
-0.071462791209298	0.079772077682835
0.505766542576991	0.183848744269859
2.54392701202772	1.43286733070967
0.37661112862661	0.167687249381799
2.26118497025019	1.69584444354563
0.805234272741662	0.336641134484994
-0.226794287011449	0.26776012341358
0.167829454013093	0.128728781765089
-0.259963235958041	0.196681355566972
-0.339116558983228	0.375955756548636
-0.424237504291369	0.589461607540296
0.352263916182736	0.491584190605478
0.163889037643652	0.205737222169786
0.0116598383951735	0.0116052939030207
0.189304311461362	0.223303083694342
0.646616830196382	0.755614093986964
-0.401628019981835	0.277409182031061
0.0124585811076831	0.00666344052290614
-0.646153319206316	0.61804930845987
0.40255915979219	0.317652844667411
0.856673946044099	1.08831413079677
0.619936833723213	0.829330464612221
0.905378865104753	0.779925277179465
-2.58513149511835	0.689509113042442
1.42795516831077	0.478570790474717
1.00982540305298	0.385206220726638
1.30977120345695	0.57893048591637
-1.51310564378737	0.779088654223371
1.43184622835253	0.479292741706694
1.95338582999428	0.463576578510391
0.92732486785368	0.24306890205782
0.728887646114742	0.711972182748476
0.155450952668695	0.0956661122245736
-0.117433672915173	0.0467570656272777
0.126486414676472	0.0372569657578064
-0.240892370455321	0.0792841914193826
0.503635971186214	0.180200736116117
0.13364980396347	0.0516208038140005
-1.5522551618633	0.556483575503162
0.137329016036439	0.0645155297898165
-0.313258924482489	0.233921810208841
0.349052045379201	0.172229651160987
-0.0732082920161014	0.0323430675314121
-0.516756530968849	0.552045594880105
-0.51200308249901	0.759159288281084
0.126815170577865	0.116316003650816
0.985551857817822	0.804997945090492
0.392586080343632	0.173778590375796
-0.171141038737208	0.0622009878427026
0.499677806509618	0.181395612831858
0.142768632435251	0.0678454911606132
0.144001960997936	0.926092325742384
0.5475668487919	5.64736554584723
0.374622245983288	0.983753224115367
0.0468931331834624	0.0301911941331829
-0.065095697107214	0.060215689188459
0.266741924606053	0.391795630442163
0.256134182299509	0.335472353095632
0.487799065666034	0.438759897416553
0.356958345200614	0.179087699804937
-1.04895682546004	0.430951643107204
-0.112845104981345	0.0454421062164851
0.679586781493095	0.322193279624011
0.639329222636839	0.203514926064791
0.678016177058057	0.317212663858027
1.31071131737431	0.580370529078579
2.08845250211581	0.939678333949901
0.679351020763047	0.321470737969825
-0.795408386193676	0.43712225197589
1.08619456950692	0.814975664991776
-0.102797108277135	0.0404464356236857
0.706338308855037	0.46084580028993
-0.364074529130717	0.684447659307352
-0.136288281642169	0.162047147633153
0.0068054304368917	0.00372192181464666
0.126591754435651	0.0434512482036923
0.883533385867291	0.475071223953886
-1.86093483350529	1.14382844598592
1.7959287507101	0.710356981550796
0.380830520088272	0.171419819096383
0.5282175747568	0.294224392013458
0.780707743397437	0.467279309919693
0.804306426214091	0.344854975606889
0.0355486743015757	0.0325989115602397
-0.0242018531269769	0.0228387459995065
-0.351638465270837	0.28483568684339
-0.806180945602069	0.439351196012917
0.480591095117224	0.588497942742171
-0.0934108547937344	0.0768499272721203
-0.429056921107403	0.404954134412773
0.3247660025702	0.3337631064579
-1.12102728432794	1.82047229243983
-0.149620350707604	0.14359035982642
0.170682281819294	0.122215203017582
-0.637363940364981	0.569994414982769
0.81460155636415	0.836345060798259
0.291917526956766	0.201200416186345
-0.593347230810731	0.440291243297779
0.166317944138938	0.11919889055938
0.644195640504139	0.203891935709909
-1.16501672782279	0.357025208830094
0.123451085091324	0.0415758486329041
0.924819524550708	0.242047041172073
1.30906895135202	0.585546772041702
0.806510817831472	0.341303301129528
1.01496655409926	0.392016410565643
0.503876995607107	0.183480745946702
0.926974875419701	0.246284209674963
-2.4930788172974	1.40452340566449
1.7999374187146	0.711558267279855
-0.653515136282054	0.159727161117317
-1.32981243380517	0.813909081071233
0.0301243158469941	0.0174467559796913
-0.543812857487076	0.209534702759096
0.779091497481914	0.61153359727647
0.640204384260695	0.202440736609696
-0.549770482014615	0.211902200055541
0.385049004837606	0.17461081850334
-0.111262641289649	0.044811437245554
-1.27093690385921	1.19104691251094
0.409141223640716	0.308153024811946
-0.0750435731289707	0.0330638759152141
-0.800012412385364	0.438870403375698
0.265281831113869	0.22853917963613
-0.0131297193978577	0.0130406796684346
0.372216495930699	0.313244085133626
0.168502803467028	0.121093254997326
0.640204384260695	0.202440736609696
0.895801610751292	0.482529728447923
0.271713421467188	2.41972346853084
0.325125732900727	2.7141633869161
0.196019230052509	0.951115978450677
0.0790894613349961	0.232421629631842
0.170959193228978	0.122708558874517
0.725587692529348	0.89318746934828
0.413419977087647	0.412951687201669
0.00801993679585207	0.00548747989720754
-1.11472197951211	1.10065545882375
0.530350289873828	0.445449658660169
-0.200286929073898	0.108950941859229
0.385402097434157	0.175234603342564
0.525008511345234	0.296833129326573
-0.204506000320885	0.109927921276572
0.948719326719986	0.64058418568144
0.661498374178697	0.678035039476705
0.635500967500877	0.577227361714764
0.350959530575851	0.176792753554896
0.396831449028577	0.316161029239713
0.132575407993963	0.144716669938229
-0.0148826081724597	0.0140490372531927
0.659925948043128	0.778028428624313
0.594888915963349	0.547658330067884
-0.939754488931762	0.692975305117052
-0.396440863837187	0.31542731937493
0.455813398937562	0.303441646187413
1.35703676974239	1.2254412602326
0.828681935941902	0.747980375936804
0.0514070642165302	0.0331099104187012
0.491701896555034	0.417972127287493
1.50996170094479	1.77021505910227
-0.202151313549497	0.110185310353364
0.274504759379334	0.196011353788306
-0.0273874608071158	0.013396993232163
0.292257562128056	0.185181743374207
2.14737323664066	2.7781782400776
1.76025414390339	1.34410463737045
0.163862326009285	0.12103493306595
0.0583418404095305	0.0378403494679644
0.389382250810499	0.3012930079486
1.01447560505221	0.965316269207699
1.21619192310807	1.33234186888398
0.144465657219305	0.0867950093018362
0.874634126626662	0.892882095608543
0.293635696377612	0.186978156045704
0.157004141663701	0.113945478395793
0.95195275559882	1.11952662178198
0.300574865912284	0.193322644714047
0.119319006192508	0.102510528352002
-0.323000322359989	0.150488009456996
-0.96561750540743	0.589480926358908
-0.408396015530197	0.288545500737931
-0.105129939544011	0.0417032743908926
0.139119911680243	0.066300203204063
0.342712130216289	0.168720560562931
1.89925731091215	1.61568477987707
1.4467064534195	0.893700728671311
1.75656146466318	1.36785086834149
0.949198182004484	0.641372209461979
-0.265498810909276	0.130721809338363
-1.0566663906773	0.424678224920916
0.591736412338349	0.304368324067678
0.625835700671702	0.551854050833788
3.25215396833713	1.09944519815717
0.795916309961363	0.338880381128544
0.557743073936869	0.444731092023979
0.191402080678788	0.176498042424058
-1.0534020476836	0.427456809042585
0.395888497415655	0.315304239874333
0.496223226714409	0.311238221196064
-1.99750378848338	1.39358681625462
0.880869948582091	0.470534611263815
-0.32344155902464	0.149135921937493
1.44705128768807	0.901240116905507
0.135931489053765	0.0651430087437291
0.852378110150183	0.624332070649227
-0.057103672527183	0.0374593298415727
-0.0110629474942883	0.00563129396315873
1.94868924235702	2.63615479590864
-0.68643558308407	0.875326821498616
-0.32481202513544	0.29495317825095
-1.29757684651313	1.63262099237599
0.656570443197556	0.658453106769294
0.411646174353465	0.415886155730032
0.600130005985153	0.451142495325822
0.087341262950595	0.444502997910122
0.190059017835023	1.1047502895344
0.0900082599207672	0.291794978157708
-0.0561390172126457	0.145839196329804
0.0411365357687411	0.0923965017462862
0.590035115992847	0.64893815505127
-0.290435036102623	0.261701031477934
0.266623378171343	0.207056465635156
0.0717675196755527	0.0526902824566292
-0.0955446502460183	0.0788376960030854
-0.177749420987294	0.123951145433766
-0.594385217263741	0.434403467922128
0.556140099117364	0.442017304025204
-0.403555361755521	0.274167478514864
-0.719888402970844	0.641663072439974
0.301401565753498	0.178856354964015
0.839037006320693	0.758466322478232
0.140919584794549	0.0681808602916171
0.696529927595989	0.447278059292444
0.322604693488113	0.17782163612302
0.536217750223821	0.634363244210562
0.183238141579766	0.146794270219566
0.595061610902337	0.312877249550697
0.458335175248521	0.30687979496782
0.768361803994041	0.586284644448235
0.958459605148995	1.02346017220283
0.320142819620631	0.191675848638162
0.634396531112796	0.445986918128311
0.398873385367677	0.314637551586861
-0.514007196795808	0.473642619235928
0.782453805415831	0.730455180903709
1.22311103882764	1.00566614052241
0.692637645271128	0.446146849303027
0.426693155302289	0.171121365968425
-0.961145701820068	0.589700338786352
-0.407019638437329	0.28757501211355
0.773890022682005	0.458766133304987
0.14768065885533	0.078359430000201
0.895545353098541	0.762826851698466
-0.243980665391411	0.162117039322662
0.977945270827756	0.773885218072619
0.846258878322075	0.612390507719378
0.294762474887651	0.200716649224492
0.0221126549507804	0.012873572047234
0.59441304812535	0.440666892340929
0.301911684230722	0.203592461561321
0.152608461208848	0.0872668154685242
1.23127535907133	1.17989084483585
0.783491907128093	0.854112170321211
0.778680493504824	0.730954056626191
0.012454596737483	0.00897925616585889
0.499903417497096	0.31187579699625
0.317751723462359	0.173092899277176
0.506710051546047	0.182211992427253
-1.17482044242242	0.655081898562979
0.136082679681813	0.0525324784428168
0.974158628446454	1.05945865772288
0.310406912414098	0.188019958792532
0.777553308579163	0.461805751268052
0.146022427811205	0.0774473055639761
1.09243132904167	0.827435644971434
1.04949426648492	0.516016321322475
1.07335401360288	0.649791223573909
-0.466193685195551	0.435119139610709
-4.01815633861707	1.78248781708792
0.803396428962993	0.343865653568856
0.139164686825751	0.0662862678220912
-0.163696940115099	0.144346389389485
0.591829396559823	0.310688057891531
0.270801606239287	0.21186958914682
0.130035094056272	0.0385507204395608
0.981837476499574	0.780055336368165
0.146475083163251	0.077722705900042
0.768641511176052	0.599424743502332
0.515192595541137	0.41799162474914
-0.157488810990992	0.0900280051730708
-1.20713643918359	1.25384101730911
0.147273890615214	0.0823923087272816
-0.0395275911277943	0.0186910647281475
0.499926464564423	0.433145063392862
0.691753817356094	0.693534246673309
-0.693645842151734	0.489499362720604
0.0969456293023785	0.0757965539195501
-0.1121763681056	0.0914371461894422
0.108629943275559	0.0881885924996735
0.411215399563368	0.311139177165418
0.0383542368764313	0.0235849789935634
0.150078566190425	0.0848324382146518
1.39286559891578	1.05363797107053
0.987600378821876	0.806596214508756
-0.970502759098262	1.05977645146944
-0.122016556010094	0.0734444252268243
0.135633414284217	0.0464242544434658
0.150566338562059	0.0791932067771823
0.427912885754657	0.174104059517884
0.0985173301538407	0.518143022367022
0.0183110393415417	0.0585314477786238
0.288781698964948	1.42589569589333
0.0593820668899244	0.169789135383469
-0.122235065745441	0.339427638737522
0.0203507544672806	0.0363198676666549
0.0335137763122172	0.0561125542505187
0.48024529047742	0.429409391406087
-0.155502631217453	0.0888649146439719
-0.0684856242894495	0.051974660023537
0.146461257313592	0.0888436890125391
0.617809547099443	0.673221221298364
0.283579450908108	0.205354862181471
0.374763170722953	0.32097596238741
0.00885426889495312	0.00472294559698282
0.888188922133419	1.10370210906673
-0.20592349163455	0.141105546410974
0.462659712880156	0.311847906519288
-0.0751000857829281	0.0548602703969216
-0.0618851391977856	0.0400185608175331
0.707165524324376	0.894245765758742
0.0802051584920329	0.0561047575435343
1.0968250364368	0.820038330945573
1.58935623935412	2.43900037069221
-0.464074207035589	0.437032849857838
-0.616045720430053	0.498559555663293
-0.818373886624991	0.621272198077022
0.734903225773343	0.724441268935547
0.347332213540102	0.173487779826099
0.28213114872137	0.188906484337617
0.399496968600229	0.319459684183219
0.376796890626774	0.170142176796762
-0.168709143575624	0.0618957168726134
-0.163509927787284	0.0594540489341255
0.130241163091154	0.0445767266602944
0.807657047620498	0.341688010260639
0.504580075605894	0.183905699075097
0.159437280111348	0.0825321280684294
0.721542190774617	0.603885593673556
-0.62227249947377	0.30114408595004
-0.292685155661654	0.186253316453234
-0.805994869181267	0.606195798144234
0.972359450592777	1.04347792564029
1.00982540305298	0.385206220726638
-0.193912222340379	0.104161064206586
0.433420871313236	0.174895185886725
0.524101598971374	0.295483470785376
0.331600412791299	0.325455953265565
0.32973651284636	0.332375677654229
-0.192540190523287	0.191407387478063
0.148025698008194	0.0700740110884095
0.64519752559114	0.205734411961475
-0.15920549281617	0.0578719883486832
-0.0952644668074963	0.0586476042451708
1.42850380778723	1.62397843604301
0.935575092683278	0.911628094440312
-0.0105465605716864	0.00709245004571184
-0.894802076569969	0.830374854208161
0.566174891975201	0.52916027014064
0.167786267521399	0.115452905942757
0.288095235661635	0.194856182065703
-0.66450904782129	0.396220526076762
-0.145451922291674	0.10260309971922
1.55880485147037	0.758790873700465
1.30836647972328	0.576929789658821
-0.40263286320969	0.35966478699263
-0.411016135059693	0.585441017512305
0.345868944846538	0.172818282349057
0.72102503721966	0.600663301005995
1.03553845118243	1.09883335473202
1.220790841356	1.46990366301265
0.16408454625758	0.106910929398625
0.266820230491379	0.232145210227569
0.379926253242306	0.313183907675502
-0.395147228624365	0.314647909304961
-0.151620449945847	0.106603427223976
0.330995025660395	0.18302889555091
-0.0860023770162143	0.0524523296149445
-0.201004422810748	0.136349203948272
-0.0185239123547443	0.00937150060341697
0.41336676543037	0.315173064660665
0.374087833176608	0.316938580251441
1.01499732710263	0.957890845539034
-0.41448394707101	0.290960318895439
0.443210571651028	0.390409296286734
0.507399788370328	0.438364616270272
0.542923517786996	0.30819098998023
1.11003406081428	0.992605632379109
1.09638812392598	0.825407671977249
0.120390210498226	0.622894684622105
0.226171983128999	1.27146989714061
0.224415696841982	0.975984981794224
0.201466482453811	0.684498217629169
-0.0486363810599795	0.0866180787533617
-0.0720341059513827	0.143284759370811
-0.160931630033974	0.318249800167261
-0.0341566129438476	0.0569577990284749
0.2183036852713	0.499656989318837
0.424829140010351	0.172125883775507
-0.120735997859681	0.0474617882312234
-0.0273395731762098	0.0134937717208416
0.489553653088952	0.306256243602192
0.777056530262339	0.461192879553094
0.0250559222659268	0.01433774189353
0.0352223985476761	0.0216683843107833
-0.126971273567282	0.0764256871088718
-1.10326448503106	1.05658709731285
0.325690211841483	0.181509801595978
0.153528411141307	0.0927574095096294
0.967897616104332	1.05768629480218
0.710796160107751	0.583421305263718
-0.129531616573628	0.0771657384633905
0.369530867246464	0.316831604944753
1.93669191123833	2.68195590487845
1.41822463215914	1.56953814117612
0.530983421619054	0.29623903973688
0.290859419328299	0.200027447552967
-0.0731568923923162	0.0320463090845534
0.426393633919265	0.172449504151539
-2.0877313841307	0.959523879447257
0.139847419253076	0.0352678773972538
1.01496655409926	0.392016410565643
0.520549036437188	0.17875700084828
-0.110183371955416	0.0441964288526037
-0.916176265433638	0.761777618887834
0.77304456813006	0.591586631764563
0.124594444331748	0.0453045776956551
0.500379391071303	0.180303967231713
0.323071193379559	0.177365819384775
0.124738631768394	0.0469225990786679
1.7946373791831	0.704819446257817
0.131708715990167	0.0395807956970691
1.014729443048	0.384082142894649
1.79492986711335	0.708745443595502
-0.262642306947219	0.127839240717281
0.0910392163636267	0.0685518185291544
-0.601721889817813	0.629072544470183
-0.0625154532932072	0.0473357965472538
1.09370352778187	0.817961462750887
0.133269655210264	0.0514052505492531
0.140849939775754	0.0415398473569265
0.884960983106123	0.469793897157545
2.52227178330951	2.2826856372319
-0.0551583281344983	0.0358154158924666
0.0366731192038517	0.022669851839957
0.275364974338255	0.2072572806642
-0.695475552231279	0.553745927528701
0.670255017476014	0.57995427770216
-0.0432065474682995	0.0280408808793625
-0.417849772393253	0.176170613518616
-0.243489732986148	0.0812398100864258
-1.03720507471373	1.15316082741918
-0.373501444264572	0.109780204795531
0.131182874356552	0.0445112825779089
0.364927538531296	0.323189581446574
0.458852008210056	0.693702281119833
0.0664341851718072	0.0451660377732518
0.559495355499899	0.449039543841063
-0.800641481408043	0.765902637819918
0.278945855024131	0.201626627745346
0.486291616145281	0.304681829404804
-0.347510082646629	0.210624330370277
0.779886930875104	0.745236464201258
1.92733318984495	2.21535409315098
0.279093701133279	0.207180983358716
1.01520360297676	0.386582739475358
0.181854079354455	1.17800305174221
0.067800842183909	0.270582043111654
0.0614279963218722	0.18804994374329
-0.141014644103382	0.387737347190162
-0.109092512099496	0.290976700530021
-0.185494102845995	0.498832061202643
-0.115987832132951	0.245832119379292
0.00970893160595912	0.00525637557695322
-0.0644357305033115	0.0282701094820043
-0.587598002658071	0.430979279522104
0.50233098832241	0.436136446380363
0.985520699041096	0.793057018125929
-0.171940785410946	0.118310906449838
-0.0408476727230379	0.019341110342724
0.0431114809342893	0.0264157488211592
-0.205539445619363	0.179406715403946
0.535195486016962	0.440143360730955
0.784630387381566	0.728807112125
1.09513559708037	0.821271216044674
0.62734914791394	0.566939762717013
0.281697751758068	0.210667068018027
0.572152892918452	0.440615847052252
0.3555693308396	0.178590724263741
3.62254507579789	1.42030496214698
0.67453979435116	0.3189996086324
-0.535953611007358	0.20815255049836
-1.16180306616162	0.360626829502971
0.506227015255489	0.182899351925803
-0.165318734214513	0.0606610603776833
2.89896671020453	1.93270309133537
0.125419633905835	0.0423134554323707
0.426999830129114	0.173224779129442
0.460701427643025	0.307788088999352
0.504580075605894	0.183905699075097
-0.409587007422736	0.231419931592788
1.01595055020248	0.392095167936931
2.09266208534358	0.949177804895113
-0.25430201619799	0.128954701421019
0.0777359118679313	0.0551123578899656
0.0265746942139743	0.0154329592654009
0.778714480663086	0.614911264669869
-0.0591681695791699	0.0449837189215016
-0.32724309120862	0.150987849086584
0.942547245780118	0.627670872803383
0.55258736140349	0.435058805982621
2.26383322310206	1.72094252800797
1.63369403761179	1.45148141805815
0.412570181142649	0.307577951663564
0.518856103533993	0.539279995931035
0.276611705401682	0.225401384433087
1.23073018693666	1.0289855490142
0.410526264788631	0.311780909353452
-0.050220366496274	0.0330357532222349
1.51680038905343	1.28831642679848
2.11733689322631	1.46337727649196
-1.51370223743142	0.781966032238712
0.262681393437804	0.220660155887761
0.133806777422593	0.0455041881577386
1.35469532689162	1.2417433345287
-0.324362630286778	0.270716380221091
0.123580251128961	0.105057660666157
0.598981251605269	0.557144549098922
0.829016100631756	0.755931572972068
0.144509029422431	0.0695781831278887
0.313236566213976	0.188616733745955
0.493790509003105	0.312690304490621
-0.013620637358261	0.00693763172339359
0.5336565483031	0.303812382373124
0.775929937036511	0.594353615915944
0.668106685543141	0.572031351865165
0.392180124182394	0.305381508534288
0.424313467991719	0.169218663829215
0.0748194427914777	0.368148885191111
-0.0236414375149881	0.0843868913072016
-0.0437495093845695	0.102464354847264
-0.0965920210189902	0.230216588206213
0.363913499352466	1.59317912947612
0.337458909765509	1.16414064599134
0.249386601698313	0.665403203903256
0.262601063260493	0.754143659476649
0.00621529895084416	0.0101312370130798
-0.0754931709100919	0.129860142042001
0.14869545615099	0.284321916800415
-0.00738274467258371	0.0101658915050411
0.182389838445651	0.359712924853784
-0.0403526903090322	0.0570133613203584
0.0324884336818079	0.0427769513782614
-0.0931726963257082	0.115659120390525
0.642664481067482	0.577275795133805
0.596578162259796	0.453505300420211
0.790783223809831	0.460697204946653
0.554947825032085	0.548526668228109
0.721354714044413	0.598016554632642
2.74393301433935	2.88786501640687
1.14242886516586	1.40542923654516
0.509421391532752	0.521546133068388
-0.809732341390778	0.841766533152179
0.661671723247898	0.685732558234976
-0.0761620415340978	0.0485695755330607
0.636586290321136	0.571398525245581
1.94602672959193	2.64120302907541
1.01042360092353	0.932836031250091
1.68820939825577	2.29357270016514
0.476334171868463	0.436888292265987
1.06617889686553	1.33043306666296
0.267284824122407	0.217137135090461
0.743692294783725	0.892610465345607
0.404825748194012	0.322263307915569
0.884390341603248	0.900993414226179
0.255110236507591	0.219082894827494
0.361463232104189	0.328927836101233
0.497036345009563	0.528829338754805
0.706608947689319	0.802026455745795
0.47890177152606	0.42235611507239
0.993401520313514	0.798796824155204
0.847620833334822	1.16723541198882
0.154097338714669	0.095945093510539
0.056676693831203	0.0367810801395087
0.165261844431491	0.100723719050126
-0.00532472116430563	0.00286099849506759
0.287769633682231	0.208919509129838
0.15147187475542	0.0797436610699984
-1.05805813359704	0.428511662134487
-1.00182907399161	0.500584551640264
0.430700215324852	0.175008159531737
0.801383180273715	0.338980745417885
0.433420871313236	0.174895185886725
0.773345328576022	0.455823053351622
0.67901757313456	0.322548276957465
-0.118050809859546	0.0469293624388148
-0.00924778371291607	0.00479458787738789
0.855118975564674	0.614622886398518
0.537165983046884	0.311041271705653
1.94300081329777	1.20850190291419
-0.108444005294099	0.0431242275435362
0.885075835280921	0.478125948623508
-0.987272966774638	0.995288484828682
-0.242423745158092	0.159255930597383
0.0958897468349307	0.0751111718230401
-0.312105121509659	0.258214259713039
0.329961846529943	0.34056608071692
-0.411704921089641	0.235860110170524
0.00482704787048626	0.00264276641223819
0.986030044016457	0.800611058799247
-0.306116769984198	0.22851381272912
1.25804516449605	0.701846958196435
0.141810784125479	0.0674769218157348
1.11187977246988	1.71067732677751
-0.148767821938951	0.106284597662675
-0.802632772913195	0.836777802138411
0.383762893369843	0.317698820673312
0.0497127487140741	0.0321957922362991
0.59702548902817	0.559530557187101
0.529556845790757	0.302411371267835
-0.960654756252542	0.590691230230133
0.582672772267395	0.644749312421541
0.131708715990167	0.0395807956970691
0.13736878168018	0.0597244732636165
-0.0462552399602094	0.0304717849348452
0.537686920616508	0.785357905683336
0.649680813465527	0.454291456630871
-0.00447519594052606	0.00307054634638798
0.693303236611744	0.798096479722138
0.484693004187726	0.436356981193388
1.46151950086708	1.45783148566448
1.13396008517532	1.28459168467843
0.781840193525148	0.611409320498028
0.029641113410513	0.0171520913438295
0.00012982068520985	0.000105077006291811
1.14225000137788	1.29458202348343
0.775908102602742	0.613590720934666
0.782036516045802	0.84778717433967
0.728279935454145	0.713521744198274
1.23206947418971	1.18478047250004
0.720818276359951	0.597049588313217
1.01584606283575	0.960519678212038
0.45934079313148	0.31269172453186
0.0642960522704064	0.310357318789755
-0.0505885810302292	0.196008366221073
0.0831370080922315	0.281427578638262
-0.0173802998704905	0.045899104328431
0.0888096251539081	0.235361657821748
0.192726775685244	0.499402653940479
0.40747620317221	1.67555784411414
0.42878720730762	1.39152515631455
0.0459746085785329	0.0788392746255379
0.178098143412746	0.395800952074774
0.0763744310822745	0.115695798750553
0.22198509909204	0.438991746558151
0.373561496760979	0.775546598013713
0.0566754027291683	0.0783517814899845
0.197681245584786	0.342015936636121
0.502255535094434	1.02489691882472
-0.188568045406113	0.307100804556927
0.192386581339256	0.234253385143013
0.160957073913832	0.17460052745796
0.742279396170689	0.718710360530842
0.67901757313456	0.322548276957465
0.501623475519018	0.434175300509532
-0.802428558322545	0.770052214888658
0.29031930919614	0.208193373127144
0.0699145508870577	0.0488127269559068
-0.201292536675221	0.137290036215879
0.630429450363206	0.572465261059519
-0.146761342479202	0.105214058395528
1.39872351246634	1.74295939912329
0.53672524840518	0.449354916409833
0.365092899426823	0.310980219485303
0.376924317928837	0.323620649272065
1.03460068642359	1.09860194377578
0.18766805045639	0.172113564622281
0.0411221961679726	0.0253741803113724
1.06372678291527	1.32056152820243
0.524010531172784	0.531454223121223
0.277912372673205	0.209734601599953
1.29296092411826	1.61024892386333
-0.355456821491668	0.319132813205972
-0.0026808730093675	0.00181696585855503
0.159460721214323	0.0906801785960579
0.352985057317977	0.318929797263589
0.0503736336675989	0.0323478958429784
-0.200316330104439	0.109278514281438
0.641431038909059	0.206705899790905
1.60694042083548	1.10160831055761
0.134554338304469	0.0518320974953485
1.26410476667633	0.692865950584887
0.388727779232261	0.175282179157905
1.89659486376305	1.5651641127167
0.156070066052456	0.0962271062195474
-1.1738602459624	1.00610539640011
-0.207445864190785	0.139666930773859
-0.617584076330919	0.504478482062431
-0.00952238237435114	0.00486137099734339
1.3245362518083	1.54882596450327
0.100325803899256	0.07908019180835
0.382947574842458	0.415482001410083
-1.10467801504355	0.747619183678646
0.141163741259031	0.0607266181229325
0.144016413139906	0.0618355862975993
0.851458364627759	0.623199265043571
-1.36709471031869	1.37580129338954
1.01197708407417	0.944294971883141
-0.320111516641301	0.265408405699912
0.435008982115296	0.313661290593029
0.292762957738443	0.202426568660518
-0.0955388460039293	0.0584823903182069
-0.805113979665567	0.536599666923806
0.495300226844567	0.309984889084982
0.138226354469659	0.0721787016407015
-0.409258031404003	0.173171489548782
0.271321343121924	0.212534376850901
0.505766542576991	0.183848744269859
-0.74554030308287	0.261955894337664
0.281388137396638	0.190328462292388
0.600207608336536	0.452695950597126
1.11247848331916	0.985645867229104
0.434371368058782	0.313228245180776
0.628811582078524	0.565883845068817
0.370749782996102	0.317318243152763
0.175988932771833	0.119428913941647
-0.0446689979866602	0.0288834034036813
0.408196420552593	0.306859391859223
0.132285070138854	0.0571628066209519
0.395216150175367	0.311916841185216
0.781602486291656	0.466978317108443
0.421154083231933	0.288945864279888
0.145905880364878	0.0700407869872228
0.164664602877849	0.117047761066233
-1.34530255536777	0.848321209747589
0.0147409558372	0.0543627239243938
-0.0255786328616995	0.0904884783749878
-0.0416095491450229	0.12790830139255
0.129836224981213	0.34138381105009
0.16369157985675	0.38151969579744
0.20894397017129	0.531907482895862
0.458821226526713	1.19273183903958
-0.361335426712819	0.685338824403356
0.277485815667418	0.489497818981311
-0.169078324125947	0.231106110884195
0.275803566975548	0.39485457524568
-0.032637369114344	0.0329070868163611
-0.0655986429006318	0.0711172092682187
-0.154187733257673	0.189267758419345
-0.157976298749496	0.18921488383129
0.043436704455346	0.0487357527673103
0.102788267801975	0.101752650748809
0.331302862742787	0.433983459886724
0.408991215753148	0.517479352882443
0.443738843411953	0.524438873374941
1.26646836386461	0.694723939804507
0.141666634051722	0.0357514933011427
1.79063227897974	0.701853790205257
0.31642221334241	0.187932169619776
0.135570494976816	0.063458738771776
-0.524322134456286	0.400874650769254
0.290730411278245	0.198651791051277
-0.207717219984265	0.142694298993994
0.503248427328331	0.310841550027466
0.640911051680955	0.4525706820375
0.312755491391899	0.188112064287318
0.349569229054257	0.174509293372601
1.38167444757653	1.04794864249874
0.987220001539562	0.793314357404996
0.348160614614849	0.171201787934836
-1.10416913324101	0.76306046766961
0.342681000662165	0.170749356019436
0.724274203422464	0.688110860451701
0.140771719429776	0.126068161143835
0.268658434487252	0.225534998577275
0.31760035396076	0.19097570167331
0.382074230658703	0.17233763635873
0.707596776831696	0.459633201753526
0.751225683722229	0.827148310326898
0.778797586595829	0.462110746689107
0.356002862405194	0.177250710078406
0.145092977268315	0.0771643200097993
0.420071653471159	0.31741753610451
1.76235287417755	1.76552725998819
0.761874421751735	0.574704675347177
1.4651808432206	1.43310152728507
0.854378784927731	0.625144861246431
0.423390298678652	0.168581836925438
-0.242604403624827	0.161328817099644
0.93707844155692	0.627325173894209
2.32644697964116	1.1599146353685
-0.0737328323316111	0.0322335183475924
0.503876995607107	0.183480745946702
0.147657628770358	0.0775498170853949
0.148075568723401	0.089509928766535
-0.158354940138305	0.0908521921927363
-0.0764377708134315	0.0335983929809046
0.641127483121442	0.453427670038391
0.153110723575872	0.0875612633579326
-0.170225722424615	0.062449292067667
0.654584700684802	0.675145016742529
0.427042543013282	0.17205182981018
-0.540567326781551	0.21079663144273
-0.648677249821696	0.158587087101144
1.44583605711663	0.910864209091877
0.132755613913402	0.0400087413766842
1.63794654681857	1.50060257358888
0.29348036329389	0.201528134266442
-0.0904551505193682	0.0558469367710124
-0.99120609818628	0.499955514847542
-0.956499646592972	0.588110761466998
-0.942269833894239	0.682696492043069
-0.418927152356342	0.235427190253352
-1.05736215907531	0.428360693277262
-0.416941501960111	0.175168817241044
0.329232427867295	0.182103390241485
0.138618353811657	0.0265211219118666
1.80195797435116	0.697288209820227
0.595638207366068	0.452016826348881
0.792926875911736	1.1930373306605
0.800731449974192	0.3425296464443
0.431098190555279	0.304726888871105
0.134047865234058	0.0502714589778534
1.76152441251172	1.3719947072109
0.380993367374908	0.171043311814385
0.894564543536702	0.482887348561858
-0.174236608701645	0.122476478795017
-0.80287421319561	0.439918439521316
1.30742438371028	0.57083418750221
-0.198231758528097	0.105328058514998
0.324781760992693	0.180634988333801
-0.413723517512865	0.175732979945065
1.32343919864282	1.35596475517752
-0.48203264653535	0.318516607691179
0.141622879212106	0.0613794438926938
0.848568059045978	0.625778089917316
1.12520423050809	1.13364333573423
2.32831596007181	1.16684659830358
0.100867858638879	0.556009827051625
0.140803440082694	0.742928852551281
0.0477367605844669	0.162812162245572
-0.0123655306433057	0.0327223028464366
0.141809354679829	0.435202892208259
0.19688646390801	0.570784631203166
0.0705947856232115	0.148750134671556
0.161984773733172	0.31595938174077
0.0316487743469106	0.045190762000081
0.32068644010594	0.704764827458603
0.340134040081256	0.657938156911527
-0.152043641065949	0.206721881561499
-0.484084985038248	0.675558369498413
0.305864722665154	0.448318883614281
0.0984016768242162	0.121276425077869
-0.0842574478308711	0.0949932826082295
-0.0668408668497035	0.0722134795703293
-0.776186853899975	1.11040145884827
0.104899878679324	0.105454576004255
-0.0236596972518403	0.0219938409987145
0.777996352757889	0.466305186735139
1.79570418994076	0.710490111832351
1.21271687342533	1.68971595008197
0.00270782365407982	0.00181621836797641
0.0511738525994296	0.0330665861420941
-0.150858862002647	0.0859357555751468
0.140054990346714	0.0667516644952274
0.590800499971742	0.542596733177311
0.157020138754369	0.0965963749781828
1.23089353278213	1.00860629002926
0.412165999237698	0.311205244744035
0.700551001627007	0.458973635216588
0.648241759379658	0.454679201933074
0.833833747019982	0.750552307168751
-0.719257648739531	0.648724540590979
0.414223087633702	0.315992651656486
0.602453116398882	0.560184680915511
0.97469161477543	0.776476646242973
-0.0564530587871678	0.0480286628397375
-0.0740300532942866	0.055134292696919
1.22738331214203	1.03002259442143
0.152321107463713	0.0865436201463076
1.50212626293612	1.69391246274853
0.290271070642787	0.199695992422732
0.152057186372108	0.0977885213657013
0.499799431756588	0.431435639682326
0.467339425705655	0.428555530847398
0.77960672373361	0.731624835589923
0.719214005143952	0.59826154571056
0.696319275768246	0.702067311816303
-0.0438003151936352	0.0208292668074374
0.669694445034899	0.31125438309644
-0.0377027226473137	0.0180546670487
0.876599696694577	0.871381483422578
1.44868634296067	0.897754287048091
0.302803524354903	0.195018948137541
0.335450698419604	0.184074815811505
0.148456518705484	0.0948326742821081
-0.0441413838141817	0.029308260994736
1.04610704894877	0.51238392387227
0.518812552844281	0.421328072123004
0.949198182004484	0.641372209461979
1.6109454935159	1.13190593364086
1.89657533579102	1.60951636490585
1.05282282691147	0.517428130004872
1.07032376010078	0.65105027555689
0.133083947721306	0.0514872556193567
-0.234324223557985	0.153030399535925
1.22296232572807	1.02245704825114
0.949687406878492	0.635371701187039
-0.00969044463634924	0.00500098098979677
0.280914265118506	0.219720270276628
0.15377712070319	0.0806934795634919
1.55083342835739	0.786182588324621
-1.51610119741575	0.748058788929146
0.637500021911692	0.578766304063024
1.10129441083659	0.812438135777714
0.706804565258779	0.460691299154748
-0.32060410106638	0.148325985439507
-0.54475673289418	0.463848324430134
0.0339854610124191	0.026152512491017
0.159086137630955	0.10217365517186
0.772003976632204	0.456796340378408
-0.162472142565523	0.0586522628874072
0.140267341029465	0.060251585649953
-0.925340661162571	0.647009295849994
-0.0373038650832989	0.017827969937852
0.697961324124884	0.459405657370485
1.32352461175168	1.39071529363615
-0.227315868911766	0.145653554241552
-0.946821004477764	0.689950895383595
-0.189313544713317	0.162222889291464
-2.63764178575594	2.86957439934523
0.436531891438947	0.175979805241969
0.498239667484979	0.313433524836693
-0.483587624746073	0.322853555737888
0.645741833064131	0.457002409012323
2.33321600588961	1.1815266348514
0.0515697129073971	0.233241429147454
-0.0575113577293917	0.227207564883459
0.0531073032902605	0.174999249798537
-0.0153262739319931	0.0424104382612745
0.23071652160766	0.834621805516117
0.438154785949982	1.70890755004844
0.24224832185321	0.744867958936852
0.252838919001981	0.588782421116554
0.55788536261305	1.59014858951616
0.194190277510855	0.359514000867173
0.12255322889135	0.18799463193617
0.21010341305848	0.285892534262798
-0.00405063783015372	0.00451716279914874
0.336018384729525	0.454225004746626
-0.484276749476458	0.797616707760378
0.282292809800146	0.392222128040685
-0.102667279033704	0.0992010217047435
0.000283896041593438	0.000112657224177392
0.00947321113688009	0.00848740143809106
0.930671315320304	0.244899140334393
0.128532989649213	0.0387330108702786
0.328689027799348	0.18054587752802
-0.319394316068957	0.147614726157155
0.142945335832616	0.0808064310067963
0.844141750882647	0.621301047736864
0.349133763801376	0.173036459859388
-0.682734786277345	0.480382524464
-0.956916610424879	0.58922083348193
-0.168545518224825	0.0951540063170298
0.442069527314384	0.317419413543942
0.90171214411285	0.776995030781453
0.890011692072779	0.475933817307355
1.07615577231061	0.765194255529335
0.522773150085296	0.423234186758134
0.776661876029309	0.460979416536666
0.678115190757382	0.321110111421806
-0.0718835844272527	0.0314692827500076
-0.121975489878799	0.108949709236652
-0.0313888387722452	0.0209772666346482
0.530721217798895	0.437961995996439
1.46337635226948	1.4524198896857
0.443633941754838	0.320366786071638
0.733635270497449	0.601938867264736
2.07169137681246	2.49712180944599
-0.200795969569467	0.109187222297064
0.786388001997595	0.735466156895557
0.995951791695492	0.874116646713231
0.821212220606093	0.864840124490615
0.599035507791129	0.454939309016843
0.595638207366068	0.452016826348881
0.137730036797154	0.0657915205100695
0.861213836257862	0.622110007342366
-0.663883445817834	0.695819826721909
-0.467177982001291	0.310958019761368
0.784875692082471	0.469593946103893
0.779335034448031	0.452157817639374
-1.23483913452106	0.919317829271304
-1.30874977735485	0.590569836941794
0.538883601590486	0.308361648816935
0.299533547246258	0.204765072158475
1.26163296008449	0.706604794605791
0.428567132075106	0.173799387991257
1.2585891844166	0.698069358495208
0.780704616706852	0.742653191306091
0.945215244466178	0.630748211848095
1.22508936210128	1.02275243554699
-0.0853495737396681	0.0524007297000021
-0.685000065126493	0.471167687866443
-0.169310736207172	0.0622086261971111
-0.0685654084185746	0.0292785634174479
-0.453769291401064	0.351667679070711
0.775529447246868	0.609619882196382
0.779335034448031	0.452157817639374
0.945563273576444	0.630376509841485
0.158606934937254	0.0968556394026157
0.420704517884219	0.164548802866618
0.153647117082763	0.0943986649147196
0.104464619494228	0.0826950155583516
0.020983026764862	0.0120794442488029
-0.202701868437157	0.109594279411208
-0.109445847220589	0.0440910743738887
0.846568355229412	0.61641890393731
-0.32117344694208	0.14571609921596
-0.80766600164306	0.53428964466451
1.51114984541779	1.23608259084576
0.58943099508546	0.430479664020845
-0.890746393433983	0.911121146684571
0.78259689682663	0.465329518430992
1.23795402609091	0.854379747400185
-0.805192654490778	0.437634558946595
0.15147187475542	0.0797436610699984
1.23466870104537	0.854080648382024
0.348685968829682	0.176546970120616
0.640886722869342	0.453170629746022
0.84931778523878	0.622799009435132
0.137420166782857	0.881088222575783
0.118327687063931	0.635236227216321
0.151974204267476	0.745810872949081
0.502795008689286	3.69338273212315
0.203034967969342	0.625186438995125
0.159562435505884	0.470962243529585
0.0994765889815842	0.195807933893185
0.0882968582736521	0.158602857324399
0.552342883302623	1.69571115558132
0.2620222268487	0.463411991677033
0.234889697102507	0.328649523218278
0.133767724157837	0.17819850847873
0.106674376556495	0.136448752201938
0.417218865417364	0.715278490324752
-0.121800523783973	0.150447321138677
0.122202794471913	0.128224518074291
3.25215396833713	1.09944519815717
1.05161155852892	0.512954053774621
0.776607538636664	0.466614224872673
0.156293404055155	0.0885969017011693
1.0785597095665	0.651218041827772
0.53131402628394	0.306348265397935
-0.0467978219610364	0.0306917409460732
-0.0709135803836853	0.0314601090791741
1.52519898373981	1.29601920464227
-0.152438718138399	0.0868667827193882
-0.254740236828666	0.127014417537088
0.350988438398124	0.292547208261477
0.0316416688037126	0.0182312935533722
0.542107063120565	0.312104046514335
0.84902332473191	0.623647747852226
1.48214517108311	1.89258860512537
0.0472431940503788	0.0285945913987798
-0.317377539971942	0.146147074654535
1.90059254161055	1.60143408160071
-0.215644661982739	0.145557457783174
-0.277758043830461	0.318037362598883
-0.103610597373355	0.0862707732701342
0.349617759426797	0.17474394905506
0.374763170722953	0.32097596238741
2.12406524506573	2.08264257346013
0.778417481366643	0.739413348320925
0.464301387894047	0.316057721534258
0.133363692429169	0.0627708247144893
-0.4896485877434	0.422819638535067
0.504881911866028	0.434625701459512
0.833833747019982	0.750552307168751
0.365516556863373	0.308213605866265
0.383970873834602	0.174549965674074
0.713841907368577	0.592234753693665
0.435009964037666	0.174896538077082
0.130611177528467	0.0501635252345924
0.140442051310278	0.0680077678137664
0.164204757355896	0.116518178969137
0.152685565299149	0.0870544147689132
1.4475887627525	0.892579716591116
0.70009848226181	0.457681384176068
0.50034373237576	0.434223782034266
2.09266208534358	0.949177804895113
0.0270298043206029	0.0154477456589934
0.775273599882575	0.458495943294878
0.508081388675797	0.18525425523165
0.132755613913402	0.0400087413766842
1.14845325448095	1.53569665940224
2.09069571556961	0.936618721395183
1.7668904229212	0.982525900425234
0.976601396971277	0.785755706613402
0.442898807337957	0.314151781463383
-0.410990903626263	0.232623107342377
0.149381340009552	0.0778476260773464
-0.177507739377424	0.124339060241535
0.441744704318733	0.414867422761658
-1.27251714731482	1.20591334113321
-1.68995102616566	0.965206293593559
-0.287816355588782	0.18043951052172
0.70410981431509	0.441456337700249
1.12288783739437	1.13773497376341
1.09456429288565	0.821392811806465
-0.288063517140429	0.182128650302267
-0.618596754281085	0.514565663742933
0.321278272036172	0.17694740347136
0.57895332596058	0.549519296686006
0.783546811366853	0.748512335445455
0.43003507047201	0.172842082112323
0.133269655210264	0.0514052505492531
-1.24289547750716	0.938254188519782
0.488235379525076	0.298348654830297
0.12936870254168	0.0498457012976766
0.144487959078448	0.945238529702572
0.00731332875849624	0.0257548796916275
0.0116020997168345	0.0325527684415435
0.36954186731413	1.76018883710001
0.215834952417306	0.761452481112683
0.188697707310354	0.473212779493445
0.347134751999252	0.902075786826865
0.215914630757068	0.343120907689883
3.25036486382959	1.10725094810752
0.778215527936431	0.608182738144529
0.161249684249904	0.0987354511157143
-0.94587815363038	0.688250495007415
0.441120209659744	0.317224004430802
0.476380061547996	0.43724687554774
0.132828075296887	0.119370752823629
0.161985716002232	0.0992223327541595
-0.397166491118574	0.272953509285143
-0.659529585635687	0.388067687945874
0.827718664042331	0.878324409263825
0.28654966388536	0.205175720788895
0.149186621788878	0.0954424740839267
0.320788619561344	0.176222418391953
0.308756239515123	0.185047779727279
1.38615668998687	1.86174805247125
0.301902238617781	0.192866134848784
-0.806512005380726	0.698508384600523
0.723766083714027	0.596182346819936
-0.0310983340099327	0.0209567453656782
-0.00514512709088981	0.00403741478591137
-0.411010951979005	0.419671073833333
0.00491449849222072	0.00271476585378925
0.175461163651775	0.130813475525854
-0.285344207137358	0.176935164772314
0.16839182648925	0.11901856122111
0.590150537852714	0.444100677544573
0.154835155381277	0.0941820356150625
-0.450842235325437	0.354068223220813
0.0318607233309028	0.0184303222622138
0.669505679382997	0.746160648337425
0.0854252243472755	0.0626997745494756
-0.0122789254105513	0.00628487646659888
0.143187591783753	0.0678037076908244
0.378854776060935	0.170284004416968
0.326089643434227	0.178923536223862
0.608197516709088	0.573303127674099
0.177983451830847	0.145749002887622
1.08360463812257	0.802491987250545
1.46445057138067	1.46549101788668
0.145574155834169	0.0872031974213471
2.26584314350223	1.73841740635268
1.25883634401987	0.69029567304117
0.877319067142002	0.892240166398105
3.622744731928	1.40801772966037
0.678066747798155	0.583892378758435
0.134340225825743	0.0459478776911086
-0.811227786303175	0.535892294618408
0.136989442351956	0.0529527438983794
0.0144580670122524	0.00844796744977329
0.656732185107545	0.773356395979663
0.351813062907462	0.176261752568883
0.280294679754416	0.202123721100372
1.08082420867476	0.646027995157936
0.790927442883439	0.328857107660809
0.292020350652526	0.199466613846547
0.596468791110989	0.314139878149124
0.647110302568957	0.456237261019431
0.778888289502675	0.464208319779417
0.0109375989647042	0.00580830380992958
0.00621746332500849	0.0049723174074372
0.15020998629389	0.0842252347434279
0.166307060583902	0.114414814848656
0.435411207277471	0.313721657294815
-1.23457327658273	0.925295918813056
1.57500640628706	1.68834456015452
0.149833247272016	0.078498930032478
-0.0686478615360603	0.0302719718428438
1.01521648703357	0.951968930060976
-0.805252890458061	0.779071277966632
0.630691388820991	0.43192901241318
-0.689513061515548	0.486125152600604
0.308379096013809	0.183568184283907
-0.198862547338564	0.135534442470869
-0.359466289638835	0.25899260924157
0.4922394851207	0.308813616969739
0.149041284433976	0.965172804779797
0.277645783146307	2.04056532812948
0.0946532188323759	0.308697815909266
0.00970893160595912	0.00525637557695322
0.0344518548374608	0.0197701868857102
0.317306800849021	0.191121620534921
-0.326731871496709	0.150314794886895
0.454098100469204	0.300550380815475
-0.306820094396217	0.227077341857892
0.0215629315678678	0.0182529455430987
0.163870350301088	0.117342928623669
0.288692648665432	0.195825964914035
0.763658447157417	0.582825446464873
0.489809794671027	0.310214168276615
-0.290883121764673	0.184520489469987
0.0400488003410693	0.0247323274431718
-0.250750543345746	0.164065239602525
1.04112510311734	1.112762627024
0.508247818764506	0.438753735540716
0.64160824448957	0.44324965243192
0.299126223747049	0.191869526743374
0.338927447817996	0.324732884560049
0.150604841812989	0.0857929027895251
0.528823979580318	0.435863984214565
0.534397439174233	0.306223534494264
0.0542056855984444	0.0350330148720858
0.175267752131144	0.135997914379552
0.506148485067759	0.527265153812886
0.255638229417602	0.250820417979274
0.00491449849222072	0.00271476585378925
-0.0157342680903239	0.0079656850594524
0.419717239119834	0.316317087574872
0.175830834894775	0.131596298696012
0.277572709262142	0.199864826997603
0.716256750181498	0.594871962654707
-0.145429407411365	0.118240068311294
0.89804007856345	0.468352755695768
-0.286007539853336	0.18062375919521
1.01028981439462	0.943383089861543
0.160411587446577	0.125521248819438
-0.119840897001807	0.0475404234159064
1.08799756103979	0.821070459962911
1.763793939512	0.990714252194711
-0.0421999809713643	0.0198455398639333
-0.282158149696456	0.177767004966271
0.14463997922284	0.0767152518515984
0.161448606623921	0.0979278268985285
0.323047392137146	0.177971317098074
0.804594062501754	0.339064803644296
0.682506414877456	0.794387141296817
0.383154686456438	0.170615437049158
1.04059850160465	0.500756596778367
0.299259685147938	0.194651927259437
0.297887225852487	0.193932473023783
1.21641069782293	1.16590201359942
0.345519736838113	0.170751769800307
-0.242787580726994	0.0800171629256298
0.413842585907171	0.407559868047401
0.926329332609966	0.245803896301602
0.145526907045335	0.0820552768709282
0.707701988778576	1.05725821086516
0.143122289350572	0.0688246368462072
0.277002917474034	0.216830900228185
0.425236501807385	0.169160782300066
-0.49144321491588	0.423588295582726
0.293407503106676	0.189363660355346
-0.0653499703126309	0.0417071705671907
0.573741087015898	0.654625434138314
0.818257866147615	0.959039417959718
0.418580570178129	0.314687434447987
0.488885972753049	0.308682076912265
1.12291076615123	1.14388214452151
1.07069323134769	0.654719750515352
0.70193747839641	0.461222704365355
0.531248802533324	0.306348892936747
0.144387505003043	0.0819537858370486
1.06952333489993	1.22100437999113
0.781753921058608	0.74620998333964
-0.915293607825778	0.769802817256791
0.142475292478784	0.0749611502791796
0.268690584647684	0.233943470493578
0.324340225669319	0.178769628920536
-0.98768479495673	0.996867211019807
-0.0693228177092494	0.0436920454709967
0.467850358873038	0.314082833141272
0.953813857417356	0.919859832186694
0.530457639608259	0.30362010470355
-1.2702363366567	1.19161047082167
0.338180282357923	0.16298487965579
0.138244131258846	0.0657902007632392
-0.345143899939018	0.209133702683553
1.20983520794513	1.2849788281198
0.965357863504291	1.04481427709691
-1.17321460436217	0.656879796511783
0.253063026918643	2.10930911337574
0.673519389124798	0.582632628671768
0.275369833372868	0.217162974135178
0.317807498871525	0.171947354670331
1.06517013193406	0.643169132898203
0.64009546737109	0.58239054423076
0.78506944439533	0.740118502984595
-0.122546004353771	0.0737549402996463
0.457563946363324	0.302303994668558
-0.990764323871359	0.97042673349398
1.75733268264118	1.34508812871906
0.603950365244883	0.570039947617193
0.297678781811565	0.192643010722633
-0.0231964285401547	0.0153769285986705
0.0660071449123638	0.0424594831291795
1.10547769701795	0.992039828110717
2.12514795132238	2.10435971237263
-0.195151800335365	0.102835434570451
-0.350845839289887	0.249479562845674
0.353877451543972	0.308556704334802
0.167493132710423	0.108299798016207
0.609109858642785	0.569308247555026
0.154897754503299	0.0937414788413138
-0.0718232052799417	0.0460710129429113
0.1670397422383	0.128338512849568
0.789377102026827	0.459415782505496
0.431003908465595	0.306131218348297
-0.0658840031826916	0.0423121914401822
-0.154759944870338	0.135935418740538
0.0745597657712521	0.0524278204231541
0.271377826530878	0.221366638288825
0.0451048795354688	0.0277885973380491
1.01944270446434	0.957371325319041
-0.0711774174869317	0.0457401420255322
-0.14662208666807	0.0809993508819515
-0.245064330403179	0.163114445978402
0.340215220456583	0.29104948614612
0.588266358038693	0.441363662800366
0.729430212361707	0.601750664390829
0.158606934937254	0.0968556394026157
-0.80323146015234	0.441171249605832
0.337672182299942	0.163551459972855
-0.415812766663466	0.173016800312148
0.490734350077653	0.31102110707755
0.309478884112708	0.187331691331693
-0.0381517307541082	0.0182220913063773
0.587375765993667	0.261572836311206
0.375552887148619	0.168504458190629
-0.998096401668246	0.494567299790278
0.385049004837606	0.17461081850334
1.76499591455827	1.01020915988236
0.805863302134345	0.344881526276407
-0.122546004353771	0.0737549402996463
0.297631767202273	0.202703715031542
0.148081149133375	0.0708923413983748
1.08422057232189	1.47955664060663
-0.426289488505503	0.439053563365638
1.51635635399939	1.26205613425016
0.393958874055371	0.312366680920643
-0.347206395730387	0.211146729892519
-0.720916591115321	0.64478026364717
-0.297243189836936	0.188440233442563
0.135922719046547	0.0561821914562431
-0.248633515605828	0.0819034838488796
0.167902628578867	0.123417174993701
0.648207567850117	0.202781585382309
0.133839510334783	0.0514783633650397
0.271589366748051	0.213764608703466
0.130273630097158	0.0501529017881732
-0.0860148910446478	0.0531759605518175
0.497265698013193	0.425585651202512
0.2869550291374	0.20856371664102
-0.17950351967224	0.125927018979068
0.560095954911676	0.553808317387915
0.140165832766063	0.0737833922649689
0.700565018355984	0.460208247728778
0.722491812842377	0.603609238100774
0.415027807951075	0.314793449262136
0.153332580106736	0.0884049837463538
0.299048448394047	0.190446582273318
0.165261844431491	0.100723719050126
1.10704579602975	0.979829825764523
0.132334634339775	0.0628304973377644
0.599751727663593	0.313739631174203
-0.517058731805064	0.389382814859563
-0.127208738405409	0.0761161294402798
-0.0644704364084991	0.0281131231508541
-0.507825127078242	0.267152745830042
-0.293725868907744	0.18778010917852
1.64737988840245	1.50898321636065
0.297357265206349	0.204216022298212
0.329621329033922	0.182665343379738
0.161932286450666	0.104226367606651
-0.654185012348187	0.383863452659957
2.7479767545239	0.782066977880158
-0.250747495081369	0.1252478118787
-0.807967796332265	0.616974106490863
-1.10100321936403	0.752119200085923
0.386764362714762	0.170411950899449
-0.00184891462948809	0.00116878388870088
-0.0709135803836853	0.0314601090791741
1.0149874689453	0.966425474407022
-0.0161692534708041	0.0081050170487943
0.347332213540102	0.173487779826099
-1.35622454589157	1.12462356648531
0.387524793227479	0.16644528847827
0.311136577219426	0.187653892174384
-0.0523533987710932	0.034247020721019
0.594627837126683	0.450476063979351
-0.19370098507203	0.103850877859401
0.460351515317381	0.312896353021063
-0.54935231531086	0.469606696149936
0.293375427547566	0.199575058749499
-0.0198988602576415	0.0100383190139987
1.24073302820018	1.01103715103113
0.535781704305004	0.309718321333861
0.55793849254279	0.444653077056111
1.26533138789409	0.702417569363971
0.162837684834087	0.105066395392237
-0.91984526340367	0.774063771238819
-0.603378567509811	0.44365460035054
-0.117154357397103	0.0694398598842318
0.84902332473191	0.623647747852226
0.137416383754706	0.0580645849022253
-0.0905864543775052	0.0556716145792494
-0.481340955956239	0.32118112905991
0.45703622063378	0.302930731550584
-1.66680719298932	1.72577164827808
-0.341690390733465	0.243507079132106
-0.0220221125798613	0.0109624829643859
-0.256883351677413	0.126697091302578
-0.591594630411814	0.586159296985805
-0.803133155994979	0.705393518186764
0.386294159072654	0.174985884071174
-0.411506230641406	0.288405187931584
0.668720156163423	0.584608736513083
2.02025293113761	1.88415349758588
1.44637801096684	0.912150936562615
0.681871525690216	0.31193233309537
-0.492584368518677	0.256206819028537
-0.943967635623629	0.69211869468966
-0.111403568181325	0.0440264098108907
-0.0443297309284262	0.0210892681387339
0.780307605073868	0.465566168475677
0.350975088289517	0.176043821917645
0.131523908395192	0.044678679796562
0.387836077353972	0.174578646853337
2.7489176254429	0.781882431670721
-0.170104260637261	0.0612011474939946
1.07084218847133	0.643177959477339
0.132452680865618	0.0395235140572552
0.592804774328391	0.308186929697014
-0.0176368785266762	0.00890611960913368
-0.151236206716072	0.0854786445016859
-0.622463529417997	0.303470935584768
0.816748827481482	0.327039292708518
0.802747172690907	0.339306669845037
0.0402680061201715	0.0244553464149933
-0.107568195067127	0.0434381175009775
0.0651146972994011	0.0440033027341283
0.738814656148731	0.728359725673539
0.678684937277313	0.320760896548997
1.08043047266547	0.662565458889096
0.550086319070095	0.43097325155168
0.841538867065029	0.736840513881049
0.319186123264918	0.172361199538139
-0.72168119539717	0.637721623730362
-1.11415033967078	1.08496419966714
0.131405301493996	0.0450882414222608
-1.17758731688451	0.664659714040404
-0.733855710577544	0.856636248773106
3.62767584574932	1.41430462866463
1.30675103647863	0.583158549436276
-0.359771684664756	0.319831444429715
0.136087829091375	0.0588774350992748
-0.0363745317892813	0.0174096450138375
-0.120915160889647	0.0479338457268636
0.279543530025133	0.200386554411309
0.71242539488962	0.574741786900235
0.310619054524725	0.1864968245122
0.457563946363324	0.302303994668558
1.23330854093659	1.0276118389971
0.294612762086593	0.202564743618787
0.560586846120833	0.442727025894639
0.160211725641143	0.0979920986712384
0.303101686184988	0.197183450487757
0.296675625319422	0.191371659627164
-0.398096788475625	0.321010828668418
-1.85182301586531	1.18810469184623
0.780518396326667	0.612985299193112
0.302376746816387	0.193825565581646
0.697076242649954	0.451086854009748
1.57550044398862	1.69356148932157
1.0950707535886	0.820866240493935
0.720904435569147	0.594953367076248
0.63515725765667	0.560615502784735
0.32704380736951	0.181854162898231
0.480769492554959	0.431492339995411
1.42944054726078	1.62538082773814
0.60511983104644	0.450101790118074
0.401278456575922	0.318581642007889
0.131531340806028	0.0393848494794365
-0.790799932086508	0.349536211940502
-0.0180803504360622	0.00914712193134934
-0.418013203201972	0.237594272941103
-0.649198252635855	0.37099549583257
0.670298405368257	0.309307349974868
0.532279465246317	0.29868708740103
1.01988254667506	0.384160657007023
0.676000394895779	0.590062060565574
-0.230198797943145	0.174054361358091
-0.417098577731607	0.238017609723977
0.176561826404706	0.141287654866772
0.515952184345606	0.442232569999075
0.059410626682816	0.0401212533214517
-0.147666850434013	0.105876226636405
0.529042226196002	0.439704860424949
-0.544752439032496	0.451522768986971
0.135062527036147	0.0585764555817885
0.0123967300621429	0.00660442676641641
-0.149479240128633	0.0846514101883675
-0.0150767776835107	0.00773306757158922
0.377463642241904	0.320646077992771
0.49528723190033	0.309527376206717
-0.361825856701598	0.297858616498576
0.275171808156049	0.206527209501304
0.610569878919955	0.566694042551008
0.43024120670654	0.308726021985151
0.944814697015145	0.931255215344943
-0.0325154693872835	0.0252707135251095
-0.398229810015979	0.355884498626786
0.283579450908108	0.205354862181471
0.274284989720923	0.213146911681679
-0.616681787948377	0.493623289935723
-0.444940974114857	0.447521774659981
-0.612159477505759	0.50244228242133
0.273200845220973	0.221095616518024
-0.0742035804225442	0.0469438536731521
0.566433447782496	0.450598721645181
-0.712953342882081	0.642512237349247
0.554729576346483	0.439940224484706
0.431399920429275	0.311221780828774
-0.214957295869811	0.198243796939645
0.168537554834547	0.120674026122083
0.27227713766136	0.229899491745146
-0.115097359366473	0.0828417017930524
1.31502450313967	1.54436117035924
0.0239625875082141	0.0179269317376567
0.4593363296844	0.423760513934367
1.79570418994076	0.710490111832351
0.348282302911898	0.17563749575115
0.29281712339665	0.212177512906402
0.143128887675183	0.0744498114852695
0.676783437455478	0.315364910640135
-0.238582126977172	0.0793549061566532
1.06498156050026	0.631768438525344
0.803785201394883	0.337346626268689
2.12775042973965	2.15867897570142
0.629554994071318	0.435637442600925
0.675441028398077	0.319290313551598
0.128800385405616	0.0497090773739998
3.9123489333965	1.72015641649178
0.141550612885612	0.0609177590561122
0.14533800323339	0.0615988451388986
0.42391891802808	0.1718634323489
-0.372967191440885	0.109879462987979
1.95017182415154	1.22378601066869
0.132799086901487	0.05722600683637
-0.127395205736211	0.0768019303942311
0.458838692825767	0.313302154341263
0.635887041152581	0.571431387510168
0.0104571799526836	0.0056168645075945
0.0793626351582799	0.0562371244029025
0.27863704437021	0.199344392671283
0.0330284264213171	0.0199175527924415
-0.360848921705321	0.260405441264766
0.132510690329892	0.0450320194651957
-0.0107066548825292	0.00553307650369277
0.0411195851853601	0.0325200744566786
0.926974875419701	0.246284209674963
1.01080793058073	0.389781480211188
0.947413684423611	0.638978035417402
0.25926230568737	0.237864384503314
1.55689453791152	0.780961513779423
-0.591786797642828	0.440589044397711
-0.500150500210589	0.433867933879872
0.652171571943271	0.455779651103665
0.386327647208765	0.319507586352818
0.94192654412591	0.92543403513003
0.265151132306032	0.196120310687111
0.777273706063479	0.736552089555629
-0.144711518715642	0.103889938335138
-0.412562795331315	0.289643610900367
0.185690868280335	0.148621638789073
0.144894332974339	0.0872650296083666
0.782388088056511	0.741049609358029
0.888379049283363	0.895556053906539
1.07261682570474	0.646521439384995
-1.06622685632323	0.850073047928376
-0.927286450404761	0.766860970608093
0.601491497604522	0.56491099089395
-0.704019823373598	0.570708823362615
0.162921480334776	0.120226691676397
0.695235730366937	0.442557691880514
-0.687187073651532	0.482944162237608
1.14017709272657	1.38989549301117
0.271589366748051	0.213764608703466
0.848568059045978	0.625778089917316
0.489355110031326	0.31022122879177
0.394751256638394	0.304438435242111
-0.603554830505974	0.638159292976779
-0.165318734214513	0.0606610603776833
0.588777045835731	0.443300393600942
0.170347788924161	0.116015179345935
0.520144468731425	0.415666248832339
0.138618353811657	0.0265211219118666
2.09242869183638	0.949346787975783
0.155285352476235	0.0935193213857827
-1.11034562725926	1.09244111034143
0.147916964798321	0.0768469660994545
0.15427094516165	0.095231317004386
-0.312665106935371	0.228464858046526
0.637821577188168	0.448705298720819
0.152800204015252	0.0939106706721817
-0.152536205479943	0.0867860598452193
0.801640822834797	0.342681912930608
0.503876995823466	0.183153812193994
-0.603644770807038	0.443711456848184
-0.155068712424734	0.0885686806252473
0.174430324791862	0.129123873515556
-0.354165477162327	0.316746511913544
-0.0731000192597882	0.0556723250901135
1.14170021757414	1.41314074346824
0.781444282216844	0.739821286323879
0.781654583898655	0.616344927868065
1.02202372874185	0.967158241518064
1.93165396353563	2.63254978527944
1.2225815955321	1.59031385960206
0.0264115283365896	0.0153404480206883
0.642017231292308	0.457861141263419
0.495702672553864	0.42468483225147
0.525207414562115	0.438947116133939
0.0137689533838905	0.00733046604918216
0.394101003652685	0.309571035306604
0.638730018498006	0.682693673455025
0.480731713276823	0.428935400234126
0.783787642667383	0.94492460648126
1.00909935199158	0.944476530934809
-0.682550811693236	0.480762688809687
0.786571962051702	0.842739274558164
0.286158672016787	0.216099243096616
0.271320461872537	0.219302751561652
0.30694400226076	0.198656124299514
0.504963719944698	0.427089167288707
1.23077234738532	1.18889731393884
0.281181988072121	0.190529715420919
0.955933393476066	1.35674434829075
0.544221937840472	0.628311232143995
0.254932558917122	0.21945813230996
0.503062621454785	0.435650418188958
0.707133786519439	0.713711794099146
0.13377964661681	0.0339655613686654
0.508081388675797	0.18525425523165
0.640105850465034	0.203838328173808
0.531248802533324	0.306348892936747
-0.199136210255702	0.106312795808625
-0.242788883618067	0.0808805347641532
0.504816499640612	0.183371631391463
-1.54538955663062	0.564367029919961
1.30745495657921	0.576594767890921
0.143217043612394	0.0685617850782196
-0.79320824130067	0.34610618699247
0.381550391626406	0.173085403603978
0.436531891438947	0.175979805241969
0.127558430223479	0.0485983493244234
0.137080532436617	0.0260826732150604
-0.103336809741886	0.041277567230493
0.68031664526117	0.59461266325539
0.55519299275375	0.441047467262329
0.333193545459479	0.182939059786337
0.94158572353748	0.63704098959145
0.123405916566633	0.0516452246133795
0.411930296179826	0.309891322970995
0.282394458246928	0.201959453265486
-0.247490657539251	0.163185107012209
0.515192595541137	0.41799162474914
0.582884564150552	0.29814665714877
0.96453469681701	1.45144560341262
0.636334245031832	0.202658963099978
0.621222612754143	1.07066555955291
0.344476199370579	0.171898361665107
0.00561729427126381	0.00382638676187041
-2.09399808074663	0.980549459513818
1.22456131113134	1.34902406910151
0.702844151096674	0.460433143266634
0.646903147134228	0.435642242050841
0.151019154520233	0.0795433596678913
0.154415114414627	0.107791651644837
0.77810676476044	0.598798115851333
-0.144460490914328	0.102698847371776
0.291810739463713	0.201447040184565
1.55599918353238	2.16530264702773
0.458395886646129	0.433603640533163
-0.0408108501496261	0.0267397670874044
0.143029826234806	0.0745961138792134
1.29351671481547	1.78461559392489
0.882441062719413	0.903353257480681
0.629034495275998	0.564585463916987
-0.363495106705761	0.295320256798821
0.703627374777826	0.458674939839609
1.1142997591009	1.12483953855148
0.693977560976999	0.451014062549991
1.12331601493896	1.13321272561088
-0.420861358505948	0.231239101408309
0.150374505128159	0.0867361489091187
-0.805358702357529	0.615576729836635
0.133695334854809	0.0576472840948346
0.000951656448745407	0.000642662255854233
-0.960570566769226	0.597267437733615
-1.30152218159531	0.600761901527298
0.547260101728871	0.541175428807695
0.35333761581784	0.177648195170176
0.925979622549504	0.243736825113843
1.55108656873486	0.772983662632903
0.377774259572111	0.31044600041702
0.501177956630173	0.43378955526581
0.00303840038282074	0.00171209016858953
0.594627837126683	0.450476063979351
0.70590022151381	0.461479387790244
-0.018567446725494	0.00936357016576478
0.280746808421165	0.213132381310677
0.427513530030871	0.30514885723574
0.825550998103161	0.864331821338371
0.136650751159166	0.0527716036977143
-1.04939932325779	0.418626085385652
-0.401235277977123	0.168155174101626
0.293769989117058	0.21254769444306
0.173567209560164	0.138520256658067
0.161197731501189	0.104998785149518
0.358599222494669	0.330088223911358
-0.44126898833907	0.389616325494722
1.67433371087712	1.91848131513597
0.431095193731141	0.310553123374726
0.265803606294687	0.206910736306063
0.508918819198847	0.529406684250385
-0.862855437857208	0.996974325182432
0.912795198676597	1.00709793506799
0.392840944779193	0.322417630077004
0.181044456593436	0.127825669450635
-0.937019804310911	0.678892370104822
-0.935494277333089	0.679473683852873
0.421122221208539	0.401128504084792
0.878232923168631	0.885313459523072
0.459041981928599	0.311444961814605
0.74129310180914	0.810897595373532
-0.25793663606993	0.220724111600663
-0.689649778951761	0.465487227813972
-0.519931269842124	0.393518319405512
-0.989296438757769	0.993158405486044
0.0815934364444826	0.0600236407825531
0.579558957682749	0.56276043062912
0.268793109224876	0.226874598203579
-0.797143404524887	0.919579242662616
0.414919937823408	0.314617029016241
0.156117402094944	0.100700703348823
0.484107986408747	0.518559123293918
0.836816428532552	0.873237109437807
0.483603930296333	0.435250447583904
0.184328713161703	0.156127565572951
0.533934447130888	0.547703938160281
1.42293417334597	0.472946291653134
0.642202725024316	0.20486814652215
1.01080793058073	0.389781480211188
-0.376050641505638	0.110143849291774
4.37441453232912	2.2763346760759
-1.54639876708013	0.566309129661381
-0.548415897679216	0.464451799198116
0.503876995607107	0.183480745946702
-1.30060141663037	0.607500402054919
-0.37373542401889	0.110004299970677
0.932732691442677	0.241118375689451
-1.54538955663062	0.564367029919961
0.642202725024316	0.20486814652215
0.13251797852494	0.0511537531312601
0.152897859159016	0.088198387243042
0.507836883903904	0.183767118983846
-0.0157401206048776	0.00793783670636925
1.31397906412597	0.573633430312359
0.79747062420093	0.336571067175277
0.629999639854388	0.195629102377045
0.141666634051722	0.0357514933011427
1.05968168893418	0.507935191702626
0.336252523260962	0.319363314445306
0.632376821884954	0.570144519548901
0.28568222125241	0.195062229668194
-0.353748142591372	0.31548612609998
-0.123399847973757	0.0726495044023437
2.74531503858304	0.788587032684406
1.01074601962064	0.385312386444489
0.76891756939378	0.600112998279186
0.253592371043359	0.248247547251739
-0.164365052033967	0.093489969932329
0.991078261934924	0.803017169962694
0.14957879504968	0.0841735499534205
0.0545427619434697	0.0352201650236195
0.152251376036441	0.0867657457975782
0.640327943274265	0.443829597478689
-0.098260441334346	0.0602383414921439
0.281667858347771	0.227567888128297
0.481984659733107	0.427086319899896
0.723829664936606	0.596722886890584
-0.100488304143444	0.0738009994050197
0.589515264352802	0.437675088447432
0.0771491236644762	0.0518662748641702
0.565031819516904	0.532876744408056
0.538612729477896	0.433053625085712
0.52818898269314	0.30224808518994
1.22692117663794	1.02750534876531
0.0436112718715227	0.0267423259510014
-0.124448594560605	0.074747968597685
-0.11571766343866	0.0828338115162784
0.179549212453435	0.137586239704629
0.314378404089053	0.187842832640079
0.49269463643653	0.310105904338083
-0.24494356521077	0.162579442023667
0.428567132075106	0.173799387991257
0.482950474619873	0.294314586318302
0.770451622567152	0.597910664819374
0.585872122544723	0.418447278782786
1.76341770865001	1.77335336802156
1.56340729351386	1.66575912335845
3.2493353238897	1.10864834370629
0.293716075457304	0.203005082193024
0.26236366402967	0.227306512764213
-0.0747575990209729	0.0554550547671779
0.472519959902481	0.437764984266624
0.15897772587509	0.112355017940446
0.566746507110129	0.632267004300995
0.890705897272587	0.48558707094198
-0.909482038414388	0.852263110820038
-0.0328377939090362	0.0156907153092036
0.406864502749872	0.319513499299956
-0.442095307468812	0.390306414562105
-0.803189541448732	0.769050301057782
-0.0954740082383987	0.0591986139841892
0.422702034398146	0.16783879993834
0.692195746995502	0.446756789302325
0.709775484555053	0.579359824587938
1.03913488307481	1.40552320593852
0.27402058792125	0.216045293225748
0.789631554876094	0.931063261612553
-0.142162503052379	0.10171563798966
0.536456290982638	0.446119962063543
-0.39214715444079	0.345739761487179
0.367638316342705	0.324579736646479
-0.365976969133598	0.380511447415836
0.871919238161518	0.889409555817093
-0.0566055858542815	0.0356612757600507
-0.069684491606111	0.0444042903150646
0.910653973749712	1.11739072717653
0.603084337680177	0.649677989102933
-0.128388553149757	0.103907613393037
0.995810131505918	1.20082428083673
-0.515145707455557	0.386837393313027
0.169069186906392	0.12144300229486
-0.640592829466716	0.587821489881209
-0.924037388194079	1.11964021769756
-0.40679559457768	0.284625929005351
-0.624640031932517	0.709933505517307
-1.07362952011593	1.15474573433529
0.191839760984361	0.162266311728689
0.480334578833695	0.534418570946129
-0.500613151709895	0.430841499336791
-0.737063521943923	0.773221833735933
0.987438023633989	0.803383224408125
0.684533560054977	0.317252477737489
-0.243241014092852	0.0808370662671502
-0.650959635012338	0.159168476600347
-0.168107670861975	0.0611894191219251
0.120930099481501	0.0410532619666099
3.62360809261866	1.43608472685745
0.673263628370962	0.315120332441698
-0.345616950765869	0.207160557312047
0.380476317645129	0.172420275283168
-1.54538955663062	0.564367029919961
0.126565388852724	0.0378858273324485
1.43472489627474	0.470301214618162
-0.648677249821696	0.158587087101144
3.24830720791551	1.09477551568481
0.926974875419701	0.246284209674963
-0.646622749070198	0.158987296788642
0.155933233524309	0.0815654856434851
-0.960654756252542	0.590691230230133
1.30977120345695	0.57893048591637
-0.955937227685534	0.585414027083699
0.77941441081243	0.46297516556035
0.132279016539978	0.0392355437606514
1.06933417113213	0.6543721140458
-0.759887574032886	0.263448683084222
0.955964610860591	0.631442691032309
1.94960017784595	1.24096219156804
0.710504562103931	0.97669664496449
0.266844379183045	0.22537874304676
0.281811522737434	0.202213577865978
-0.173569498859851	0.121487429832458
0.0876221869502318	0.063729632904334
0.843500650736199	1.24381212549401
0.424829140010351	0.172125883775507
1.22967903135263	1.0209614713424
0.0544285960997864	0.044510918723174
0.169448441470195	0.130661152979863
0.379703836944568	0.312551172707533
-0.00880521218448744	0.00458030290065806
0.850532827544144	0.928552575942641
0.140387613384752	0.0739876670334821
0.0581072843848451	0.0372692316822204
0.738564684270004	0.814506993217392
0.267988337333913	0.199810924547093
0.283146314483293	0.204547372760158
-0.717281407821475	0.647357894436046
-0.515320001964808	0.396236626660869
-0.201506707463052	0.136378383728219
0.272227507497071	0.21930950458817
0.145332969596148	0.0759872558420878
-0.0736484479015378	0.0317733116003255
1.30713374351161	1.49179437292089
0.834928907667807	0.751365405417448
0.635467317550099	0.570101831066034
0.921656924627236	1.04214328193434
0.538408242020986	0.546037496953187
-0.370509740783027	0.107903753835967
0.426393633919265	0.172449504151539
0.16885925927899	0.109403615577925
0.772525269270578	0.611274965163062
0.179007256975217	0.155728732940578
0.902213850785946	0.776435662291011
0.943410107273169	0.63661950420881
1.09807536239194	0.944385451533933
0.457635897764625	0.421815022388654
0.173743085066661	0.13914826553059
-0.132162750295546	0.0787202872385739
0.129832700652528	0.0553946634193002
-0.656877012944955	0.388915171301691
-0.381172579575006	0.109743721598914
0.88245471177301	0.47116818225548
0.709121451175764	0.577693663090318
0.166313158590002	0.112742421699498
0.69681060432329	0.772192733864966
0.157912971532422	0.102922042755573
-0.452344619049568	0.46186067014753
-0.265110525066248	0.200942973831234
-0.314203389536944	0.259061331778808
1.01541682196317	0.96562017916753
-1.36357526332796	1.12407495188232
-0.411507208357357	0.392771611823115
0.148930119634628	0.0853966611669263
0.423821339263181	0.423501897347313
0.680489616043199	0.788526812696841
0.672155557224586	0.581216931353118
-0.557800549230222	0.35210649285833
-0.920178105195706	0.771893136348391
0.0581710668291426	0.0376787010159585
0.324569752284873	0.331850172930871
0.096785321606117	0.0734647027172576
-0.129065309358373	0.104105241468607
0.670335369807946	0.847585470875914
0.0559194197306493	0.0359687695179011
1.22065880397155	1.83865292807271
0.409404791068553	0.417510175724145
-0.355400243467882	0.34562812386868
0.261189931101414	0.218942776244507
0.525067236902689	0.293528048073417
-0.999188079883302	0.499195556120989
1.05191529311535	0.519138413454858
1.01421910313051	0.386497027111194
-0.371963944093828	0.110621992809151
-2.0900297402517	0.968372698688982
-3.46924124245495	1.26110671680306
-0.246744187489769	0.0819875861942725
0.89734393843033	0.477870550754775
-0.169310736207172	0.0622086261971111
0.137657029645535	0.0344892399783439
0.926974875419701	0.246284209674963
-1.16105011316119	0.35650557951397
0.637110020884382	0.202981575807905
-0.243489732986148	0.0812398100864258
-0.116537187371047	0.0468346895783988
1.30160840250665	0.573222303587342
-0.800046354899374	0.443631616689735
0.508781691198075	0.185680235788344
-0.0337035092806448	0.0161344275366063
1.00999964610321	0.38485082720045
0.803953700603187	0.335799861178994
1.7999374187146	0.711558267279855
0.324015566524076	0.176943882808052
0.173306787915393	0.138129952989397
0.337960578104304	0.332468393081876
1.098992515876	0.825315564677512
0.841999228403997	0.6102198631868
0.487660268389128	0.434449956410452
0.763444139268234	0.578055426979111
1.12239806185734	1.13784207467595
0.273166718388149	0.22060585577809
0.166904130760554	0.122367077558549
0.642426288045191	0.449423483724102
0.329487419473739	0.339247112764852
1.79793422282707	0.704405735156038
0.110679455074456	0.0886104720008285
-0.138218819853	0.0986026909557144
0.406429692703008	0.305571399803634
0.717209306663908	0.803964843609742
0.370943350239634	0.328099602323013
0.153650292404107	0.0939979432964816
0.162171374848453	0.105819784562704
0.733878409785948	0.720481818260759
0.129941237746952	0.0445266641773187
-0.81076598098549	0.626846827737284
0.386473011556578	0.319400014379344
-0.272239651661305	0.204041902053172
0.548162670992711	0.541093450425707
0.0360313906411547	0.0221941875950236
0.32807093287918	0.328960941517971
-0.500454394459263	0.267050239825906
1.01595055020248	0.392095167936931
0.536120661492512	0.547812034787076
-0.0275793393178166	0.0185641203985011
0.17345816565528	0.122300538893469
0.494994690072397	0.311502378570437
1.76597247870616	0.971819126316824
0.174129759702281	0.135115896262017
0.634624128015049	0.574665025375865
0.956389657226408	0.633995193271932
-0.165917977856602	0.0609706695180494
0.509481778177034	0.184030577940883
0.269727661341544	0.238602078477576
-0.0967080620027006	0.0796967923305608
1.00647620930415	1.19449648045484
-0.00503683448507992	0.00345204961465681
-0.0434385022143867	0.0281157670077723
0.160435214730043	0.103498508006546
1.51914917805877	1.84291356490167
0.776752830737031	0.826581087295951
0.0541971670533767	0.0445173381192003
-0.266078889694035	0.202247048414071
-0.347209824886978	0.249532756307509
0.141240231051368	0.0610230001447611
-0.115620638828923	0.0461079250435605
0.068739737569472	0.0465036921542911
-0.101019086850336	0.0740468487393251
-0.512591171101438	0.616559701441508
0.885993778020119	1.08602953198773
-0.232414583165338	0.179715134255984
0.340652158603705	0.312721523542621
-0.222321055666953	0.168360917378929
0.734903613787999	0.917564258944099
1.43830040156641	2.14739451122699
0.628677446774382	0.661937749588178
0.347482478551753	0.325139897168024
0.574846339470225	0.558302351555098
0.58788483136081	0.656999324531639
1.41736584477273	1.57499430841924
0.134954159163907	0.0452786800420587
1.80296230556392	0.702658023385282
-1.80190156331263	0.405310176911618
-0.997014591499734	0.498348949434415
1.42822224336494	0.477074019570971
1.80170571015197	0.678747869237671
-0.651469596498525	0.158623372365254
-0.351387876178879	0.212592489156517
-0.108910645745463	0.0435146029319376
0.795009809051372	0.337449798272737
0.5052829367669	0.182279638609026
1.95584693887656	0.462330835133922
1.95338582999428	0.463576578510391
1.8007131844382	0.713314573443425
0.511352003258395	0.182899074623415
0.833607119060138	0.756869655435352
0.687236751950291	0.317244166298431
0.123990097896541	0.0471711921048189
-0.751444890588777	0.263713332527736
0.527295607745869	0.300016972247262
1.30651499432768	0.576631348210832
0.5071360209819	0.183347399230339
0.383431657343368	0.173577912421418
0.0240902305625556	0.0139015660901474
0.264756155029648	0.246455563424928
0.720816480061166	1.04858044470937
0.533659276243798	0.295196605263401
1.51793350314541	1.78683781064316
0.460921806304	0.420169838292118
-0.44482527549125	0.391139136571591
0.298107865195192	0.192540520032227
0.642561355672752	0.575085019916432
0.145459710476213	0.0697193311906928
0.355511859071429	0.176916216054789
0.154075175487416	0.0936984010297285
0.5783784620363	0.733949311169924
0.456527172122197	0.311158689575115
-0.401179586543648	0.279761596941175
0.938759972605762	0.916969017005367
0.777978260201036	0.844100035002902
0.496858296028118	0.428030096985379
1.38733740879936	2.33040395651638
1.62765898229042	1.06926693911297
0.056026946849242	0.0364367792839212
0.29694485390101	0.193017120760605
1.66699707961906	1.92988878025483
-0.277735537973564	0.2084030294127
0.141073953121574	0.0741617081295512
-0.0148981578520496	0.0100872030396056
0.436210294585871	0.175609006683536
-0.968012627325141	0.592165696213242
-0.948561856358052	0.553270943620493
0.288723351955537	0.209954375356021
0.681741065359268	0.579866146557392
0.299126223747049	0.191869526743374
0.480881592236184	0.523134711829487
0.153332580106736	0.0884049837463538
1.54395807946956	0.758599753736892
1.272055386384	1.97428211469222
0.168456244218778	0.124921456499329
0.155751166300099	0.0956962164445226
0.13342584199096	0.0456780844290643
0.907590629278804	0.786255336022006
0.957525454919149	1.01799029249718
-0.0511741885639071	0.0334978777989829
0.177478120635519	0.137476289705316
0.148563208123126	0.0855583981140539
0.424829140010351	0.172125883775507
-1.29478696502225	0.587386687689901
1.11996636008011	1.15039222047795
0.259599955947068	0.230468709151346
1.49253866825629	2.35575869108636
0.0617093145361816	0.041361348240657
0.167258428070633	0.119912100918573
0.00872595112633877	0.00630469401564928
-0.392897516222885	0.380247581997295
0.286038036780218	0.216718684057
-0.490497048469178	0.415105201588479
1.46445057138067	1.46549101788668
-0.0748007112594646	0.0480461110169333
-0.42880713763981	0.410332792112797
0.432511955027272	0.419673568176728
0.0860628988569658	0.0645376448165624
-0.874668599410612	0.943673371047741
-0.534555745943029	0.203178656647612
-0.417098577731607	0.238017609723977
1.03933340883343	1.11062711524067
-0.428786821231817	0.405350662200902
-0.372988144479882	0.302381603025299
-0.245848098387354	0.207575122541667
-0.354924977946897	0.291649504763616
-0.577045233518396	0.530427848206847
-0.153380696688446	0.10886846097832
0.545172638421333	0.644692595713197
0.163721196451235	0.124321468871622
0.00594272751466971	0.00435894924410722
0.591506002094679	0.650004378075989
0.0506195146333839	0.0438925987609538
-0.137893327640899	0.112148143796309
0.599118292654646	0.453464369830087
0.138818714405564	0.0354421828043769
0.139576085242422	0.0352987079074651
0.139576085242422	0.0352987079074651
3.2493353238897	1.10864834370629
1.55414783644723	0.79255832938947
-3.09675293313402	0.963861246988004
-3.76852422420012	1.52461461294132
1.8943367687015	1.62288083660933
-0.996081777695867	0.502538138809046
0.376796890626774	0.170142176796762
-0.540188763035123	0.210389950149253
0.925819939961969	0.242168104656227
0.884960983106123	0.469793897157545
3.92381962582763	1.65950567251949
3.91752706378917	1.7353819299003
1.55058082848015	0.77555938050866
0.925335174824177	0.243267565805426
0.461288873710173	0.314524941446382
0.384863489590947	0.174885684504261
0.352895744524253	0.327780021580394
0.731979492657225	0.707304629262731
-0.368259834504111	0.354187577072933
0.828429570122936	1.23921999030588
0.419405782934109	0.417647518846585
0.0106143860696182	0.0076996068912863
0.833178482748284	0.976514012534609
0.421862105478497	0.318135435754895
0.455591027576242	0.309317103320142
0.354673592555897	0.177594287897402
0.149538283150083	0.0848012086768817
0.141328980310537	0.0530400098725847
0.164754868190784	0.106781444476818
0.781266761941528	1.02134220333189
-0.253671791930922	0.216896269406368
0.558232615639451	0.609202389834857
0.262009612355297	0.240227761101435
1.12504551863493	1.15468041331925
0.148563208123126	0.0855583981140539
0.719653452836761	0.602926443257841
0.16213780288693	0.115729742510702
0.274529869187573	0.192799756237465
0.741211504920325	0.717597479101427
0.162998212895111	0.106281287183734
-0.166881457018145	0.0604293030753317
0.181173400800266	0.139954729387935
-0.068561043435748	0.0302379538306446
-0.706895112457921	0.565382842850917
0.537132283701268	0.31026256028213
-0.392112855559902	0.307493699183686
-0.601940855419798	0.442404864532035
0.276411079709555	0.204155945876101
-0.179473238283357	0.142844457332141
0.809239056393596	0.34255292022026
0.926329332609966	0.245803896301602
0.596403804360739	0.550565080656165
0.656018389423057	0.678025468453424
0.950578711854643	0.637779068995893
0.131840291729838	0.0504482683760295
-3.15482433527964	2.708339615177
0.94158572353748	0.63704098959145
1.41031111870929	2.26965641512466
0.353695843285694	0.1773611077155
0.138169594891086	0.0265198668009027
1.25696628031623	0.678892138505767
1.02933159466495	1.07726124403153
0.167829454013093	0.128728781765089
0.0615320001119971	0.0398657957789667
-0.571403760658238	0.521525754884692
0.281759535806404	0.219644252129117
0.354631145239449	0.323044967281791
-1.82952347109325	2.52577669822298
-0.124663596797493	0.0746198485514478
-0.0854673101182246	0.0524302567545979
-0.50922273919031	0.267782977199923
0.885977032280441	1.18754180008407
-0.442148991561966	0.38750221837078
0.379229961965568	0.171873047561836
0.185276567269311	0.162110286328912
0.384450923089929	0.317226305540202
0.805603056238882	0.34186941638754
0.399431802456935	0.325290325079696
-0.0629080595561396	0.0399845400220922
0.356037185473314	0.322347107972304
0.57270123644775	0.554562234251465
-0.360001776344902	0.292732107925629
-0.250134171829847	0.213347731626341
0.00491449849222072	0.00271476585378925
0.631691110877984	0.567437830430836
-0.204459269864954	0.160837651712772
0.26489615553352	0.221873525922664
0.56678540288159	0.449571919510541
-0.102832418166209	0.0854411161671495
0.372888540229824	0.316842491415202
-0.647212742247473	0.771541760120699
-1.14195786815235	1.51514551474353
1.65052527328988	1.52423843881907
0.346836388680473	0.172909792582344
1.60881014861691	1.12910670530083
0.139073148904902	0.0266055202308437
1.30486661940995	0.575505252631608
-1.80211551800213	0.40518546889285
0.923120742885382	0.240835684941142
1.01913790541463	0.388060093985107
0.137896063531202	0.0531619810144832
-0.409089449914564	0.174313041287906
-0.170538162849058	0.0618917568764511
2.74438259751335	0.780038400688451
0.925979622549504	0.243736825113843
2.74531503858304	0.788587032684406
0.641203436908402	0.204828865510354
1.0157137322373	0.387976380499905
0.669933543252313	0.313410463284172
2.09144561382562	0.93889144203748
0.156576334821835	0.0892702986516525
1.26040889030441	0.686091808974232
0.417780506885547	0.317120795121823
0.18179668211783	0.153644168680056
0.78434750019458	0.944202115107529
0.876116552585999	1.01078363896075
0.283999364897592	0.205785420605189
0.432818540013999	0.176395167801005
0.567844000391619	0.542119057525939
0.430486053440896	0.683718088653888
0.327437688171314	0.178697352072576
0.418381247850036	0.417683757042729
1.44285993720968	0.905086842963566
0.556750226932571	0.442981978719418
-0.324537889578314	0.150482113773763
0.428241289583821	0.174216330191094
0.32655657862791	0.178852361099969
0.945090394914003	0.926984192610992
1.21613476381973	1.30453257108672
0.858029514306997	0.982635222388737
0.154484486749495	0.0882674748199081
0.135575227202627	0.0588194788716142
-1.24242709805618	0.933991473893317
0.533581548689236	0.308868058929406
0.452787536608458	0.300647701339472
-0.0133108928691104	0.00907869569239955
-0.330465687315314	0.273354536117455
0.143994687618256	0.0679761691641284
-1.29574364700139	1.60716245935356
0.564898519713964	0.444335828620956
1.2634283920089	0.706946124414368
-1.23896836025363	0.937478998849573
-0.106134257424768	0.0428260913916659
-1.36731238836835	1.7762834150489
0.609419900610752	0.657128287281151
0.127583812618528	0.0537635062797983
0.47249253384993	0.316482623934808
-0.40948446286418	0.174346422488273
0.607206424839614	0.569447363332088
0.466891350574236	0.43075880761043
1.15279347104845	1.52902732147565
0.442852854506637	0.50726940254939
0.161468764104286	0.0900564428965549
-0.0258631632799577	0.0173768014397113
0.276602078775834	0.218045045710483
-0.0727158019055341	0.032177876081156
0.634526375685455	0.557398710617087
0.284874844749096	0.204154874290246
0.431906529378716	0.175733526773866
0.778396375883847	0.466141725233941
0.25788546082028	0.242300785908285
0.162912528333961	0.111914822633745
0.18059055598066	0.14335772167383
0.333470254960502	0.324597123138717
0.317374108432033	0.346549131457904
0.265448113884671	0.222242564431645
0.4398590084093	0.479391220736206
0.371949394546688	0.318980083415141
-1.05791322947451	0.852622829825494
-0.0697381501044504	0.0439945933114794
1.21097168396702	1.45332313249049
-0.482941381844154	0.477569691968988
0.267468551143248	0.24714574325704
-0.00222077819890063	0.00152873978524807
0.13749606644855	0.0591220578615644
0.464031068849422	0.314293630472632
0.889779206621194	1.10152099396748
0.407286167315335	0.425465396152668
0.487229422512514	0.528445192846141
0.391887229245791	0.428875445975114
1.49034032969532	1.9550902322021
0.0130515643662504	0.00884967325101703
-0.584845948895593	0.767366422472011
1.21696198854741	1.82162826949749
0.094964068056531	0.0740497940899663
0.635456526959077	0.68098066484827
0.18176197619293	0.161613554230598
0.0357554217644801	0.0275911397207645
-0.0564253517724233	0.0428357889479352
0.990893392528208	1.16429837465243
-0.0722410104254629	0.0462774263914615
0.60157660474194	0.452305889376511
0.799168712221924	0.340465651218408
0.641431038909059	0.206705899790905
0.79345160283281	0.330367413520648
-0.613121255739723	0.29454127292639
-1.16076621190063	0.359385238156804
1.54992724374578	0.785062078842457
0.700116465932584	0.456814481907493
0.346843087959278	0.171706121688196
0.133118174577742	0.0572056752888464
0.647434198867694	0.204530170773019
2.7479767545239	0.782066977880158
-0.164717030217209	0.0605798459598444
0.382614509481889	0.172063843860674
1.30675103647863	0.583158549436276
1.80373891850601	0.704362478450975
0.143816871883538	0.0815579823486352
0.63939470441988	0.768400093903054
0.203033563696761	0.217893336527063
0.786658617630655	0.949537186484158
0.890867184708644	0.472705790587332
0.262228753470626	0.219424989606016
0.434116734858399	0.713652502273365
0.972545802892124	1.06904851389345
0.751316532903403	1.08762021380747
0.436262973449423	0.313527957103791
-0.237634114381875	0.0784173059311123
0.442385751639899	0.317887739239444
0.282229390896054	0.202886087974712
0.393254005810149	0.321654629287103
0.43583321419182	0.407691582954894
0.470911028778369	0.416119741801346
1.44947436866361	0.893146884690206
1.02672229939295	0.955741301721148
0.614408524026069	0.57147402613563
0.366538175857495	0.307748361197025
0.104889967355603	0.0820800010033354
0.388955037263613	0.318804471716028
0.843383939861684	0.613048758801893
-0.155087671080319	0.123634201968624
0.352883723201303	0.175408788249176
0.013407402172362	0.00712576863026526
0.00491449849222072	0.00271476585378925
0.576102380770251	0.554718652481621
0.523055896116459	0.421734427946045
-0.207971280674329	0.164103016657414
0.171771411727443	0.140999973400473
0.34456797718861	0.172788047174501
0.476442916490021	0.420990631777423
0.178850049394965	0.131704919457626
0.38519567173635	0.31636795917036
0.988029510278336	1.1790141509332
0.0405850939410705	0.0250902510976544
-0.0217804396961224	0.0109186553030983
0.785293031335072	0.464183670948806
1.04987224487647	0.509411343678692
0.507065484391169	0.438507002003907
0.29077270082503	0.217773229638231
0.67510743727222	0.319464404088542
0.80404554339976	0.344481245407227
0.788330534581412	0.858243084103336
0.973950768630722	1.27479992049765
-0.313297538015968	0.279262365807679
0.737396579194776	0.816360640337346
0.553461649415732	0.541391933131501
-0.944530311290937	1.3845472018875
0.0743072616951971	0.0524026193813915
-0.00105732437081077	0.000719535590290522
1.22999005954489	1.45778414701632
-0.811674470293285	0.626718203863385
1.46149393331243	1.44470063174563
-0.477516815704456	0.450172217144839
0.279905404655942	0.21148195192256
1.21776933166207	1.57752459377902
0.0534420217110788	0.0345153824983674
0.555358569395408	0.437136298077232
1.00769789759046	0.925339366195152
0.484927559315695	0.436022738936275
0.741091032730928	0.809568093154097
0.533718131846851	0.546113504331257
0.484079276292835	0.528498864043168
0.268554779915016	0.217767055047303
0.439523033558019	0.312977484729872
0.564176098595072	0.641568653956308
0.479434264805747	0.423613805361404
0.589547149056476	0.659773766055132
0.738045249467314	0.809121859574654
0.285712471688475	0.205329118876288
0.672250833246252	0.584314009208009
0.257103513439195	0.247071665017153
0.0751666610719766	0.053086010189582
0.346933942336523	0.172340859935274
2.10930328571654	1.46792258925087
0.380659208100774	0.172749149895122
-3.09803658564349	0.963618638434641
-0.16839608254843	0.0616855989568125
-0.159490540697212	0.0581388923908031
-1.5469277378337	0.559020157349399
0.143633244582584	0.060968903104367
-0.500868200697924	0.266298415767563
0.130091169232769	0.0495899742716953
0.88998784135032	0.465569186380779
1.30254395558294	0.573188775529332
1.95256933090985	0.464168557061862
1.01815356301985	0.385097139541497
0.509725648789814	0.185898565895246
0.446715060455986	0.425874555735141
0.27916685469519	0.239872488466883
0.794000312816356	1.13155143890688
0.673835940333249	0.316446429142655
0.983706415884788	0.80613687619611
-1.04825804245851	0.430881776490226
-0.539001335022026	0.207686338514741
0.0240197366147515	0.0140152546289122
0.150693249022238	0.0924974705147837
-0.704274039971565	0.570381557296874
0.900383106414483	0.780631715868487
0.274136870657311	0.214493952982323
0.259136852734514	0.217082750192301
0.282642031767481	0.211997583583932
-1.06575863810878	1.09703858700814
-0.198359561119572	0.133508733624324
-0.285282794895148	0.181048071964093
0.168482550634001	0.116299376182723
-0.408707844862578	0.287526898214078
-1.36598217988976	1.12231295210076
-0.125295658073395	0.0754667274458117
0.29281712339665	0.212177512906402
1.02351133265546	1.33238930175645
-2.30167481492179	1.18441477262327
0.526351561328885	0.532641583516882
0.492113917880679	0.438897603625831
0.430253517740499	0.307326401563439
2.26207200737506	1.7213455158918
1.61561441444196	1.13002115894449
0.143689697967889	0.0763461077186822
0.954637723585199	1.23007934399861
1.0529568388998	1.19570411198785
0.38401424896845	0.296243214315722
1.0466088115783	1.551012377435
-0.224523522696431	0.192772576179119
-0.288449209378024	0.240780968343819
0.473345020356417	0.528534460070495
-0.353069788806168	0.210035463550662
-0.0879297364186825	0.0545981564765885
0.283308353752492	0.212860489227282
-0.485186760236203	0.457937429940006
1.21511441528198	1.59284101336943
0.265258986254162	0.21297493635768
-0.138643467775873	0.0985141044142404
-0.304745688293796	0.227122879596014
-0.390306957265886	0.342932321726884
0.411152439401202	0.308678398303896
0.0658070885013815	0.0442407983663797
0.446899360771103	0.435435438689222
1.21326226069932	1.31353049478292
-0.547283825252428	0.455612260174836
0.54493023177808	0.527112888917637
0.257362789025263	0.235939704831408
-1.36135596135417	1.54961414282983
0.161078488073435	0.109726637694997
1.56333747507124	2.16065370754095
-0.727873131873197	0.708134675525836
0.153850638294394	0.107802652275774
-0.0490540443612656	0.0377172741720304
-0.0465806748282139	0.0356012621037103
0.469708951273301	0.433828583145006
0.0465316666664662	0.0298568379189358
0.672933044147216	0.312684948099661
0.801640822834797	0.342681912930608
-0.79016298564893	0.353742857390894
-1.51370223743142	0.781966032238712
0.42391891802808	0.1718634323489
-0.368734126017043	0.108489275130813
-0.353100013232985	0.255769996662873
-0.24933364489508	0.0820914459040719
0.382074230658703	0.17233763635873
0.282859310053987	0.214511764023364
0.56093089319407	0.557334431403348
0.53767638894261	0.636816791581552
0.384157359431508	0.173687608011526
0.326155933316882	0.181027092074075
1.63856077885016	1.50279306729846
0.213044761939871	0.199078509873007
0.533958913969369	0.30758159350057
0.773021091080099	0.610481311967926
-0.167428668653725	0.0946213139458287
0.545212867472201	0.309931284502115
0.170588794370323	0.121578580765342
-0.935240000975452	1.14545270162701
1.01069856034866	0.958013930808603
-0.124557549222197	0.0910041486484337
0.592888001618098	0.544895904023054
1.01046962949027	1.18632009057233
0.382094715189042	0.310432648430136
0.776077302923381	0.736795391242175
-0.0544326877987772	0.0419932181726283
0.538634096289397	0.545899000554489
0.902818832605943	1.00261649146521
0.356104835891158	0.301955597075578
-0.116018774102189	0.0843932852594992
0.153981260240451	0.0879917253447733
0.172154870440767	0.123374104404358
1.52080585823763	1.82168330112724
0.264178005326911	0.221345777138612
0.0215494557175664	0.012129080589254
0.168028924147298	0.125332511090611
-0.391414270812474	0.310070090269814
-0.00438992953793966	0.00233595177567872
0.317749144096306	0.19044358895724
0.350312698366987	0.317853637715313
0.431597794306143	0.172364069449091
0.363229405248916	0.317080224898595
0.972044926367602	1.05891585169788
0.25850099346628	0.236774044705063
0.329211867601554	0.183184981108425
0.252251545174532	0.226804384938934
0.0847575693583804	0.0651419528666494
0.496318755182447	0.524192208425182
1.06652254497454	1.23171375615514
0.356411026405541	0.316471034134592
0.248151984455902	0.221998214284393
0.198929528148008	0.182556097757805
0.0859766785216412	0.0631425058511799
0.509537054866121	0.623012059526031
-1.28791296856413	1.43642216831548
0.827657657592241	0.73267624801064
0.402399248622949	0.39727050040427
1.2764354422444	2.11759146601966
-1.43818980491456	1.92398800032899
-0.47807730381431	0.508571588839333
0.662582516160938	0.684638851950083
-0.910341671969789	0.744072533274449
0.277490925225178	0.209719102021256
0.270091424444823	0.211648561363686
0.716905849503079	0.882846830501107
-0.268970690910485	0.249460896140048
0.584029390662855	0.651439529403436
-0.883712566342492	0.969227252288538
0.661742522976975	0.83300493361646
0.327281191394653	0.305370220076474
-0.121661899300643	0.0885326069722371
0.0427858596763541	0.0327096534871181
-0.36608200377311	0.259789219995915
-0.21953718221256	0.170150940550442
0.0222232730957724	0.0183608610609588
0.54425620703418	0.621897504804345
0.695131222069126	0.9613385823504
1.39420648966913	1.06867532893572
0.144509029422431	0.0695781831278887
-0.371963944093828	0.110621992809151
-0.75074715029621	0.263334856390217
1.4300525619712	0.473890200865325
2.54082233188545	1.41996007997198
0.131769780715528	0.0397831026994758
-0.160614151234462	0.0579711996775338
-0.208999688517243	0.112291889086323
0.147183667881646	0.0704912606350522
0.660811853275413	0.674986836762689
-0.36277098120176	0.324970998626219
0.343353907877276	0.409001896430379
0.570322979966831	0.445141415938212
0.149092262307434	0.0702998149834364
0.38408414413567	0.418765130816236
0.962033091936123	1.03067320988138
0.432613471438061	0.677540007469002
-0.25294009759349	0.126624056286686
0.418918186559201	0.519652116499805
1.44760459339923	0.90874542512987
0.0268328762961277	0.0156231184435721
-1.1048645601974	1.52864014933975
0.0297366060018806	0.0170975489141381
0.43003507047201	0.172842082112323
0.327553112019414	0.178960253321498
-0.557527280794664	0.356412819479427
0.272082191918545	0.201698287366772
0.559554228421004	0.551974550067378
-0.80103721868013	0.439196388262969
0.380305966787649	0.310095917624878
0.179008676129849	0.142432092941354
-0.0630257159809172	0.0398795446180783
-1.29854473725023	1.606535983187
0.433568733585941	0.433558486310494
0.43957206949914	0.425650886684022
0.84375402412909	1.04794758078123
0.653087340105994	0.670239665464423
0.404743068621604	0.423961289632203
-0.206144954902388	0.13775641170731
0.259123798843342	0.207295270071514
-1.35798595486506	1.53638700523507
0.304836331326645	0.194997653143763
1.10254601422867	0.778265512996032
0.718786141011853	0.597512468964516
-0.120847604588973	0.0877866973140989
0.169011582329678	0.130439505106815
0.353741063673694	0.338116818792142
0.0779390727528156	0.055270448332319
0.834775798461554	0.751610917967804
0.381966530504946	0.31584878844283
1.0678050350869	1.34350852064045
0.302157108684827	0.196854860407456
0.649823193459317	0.682065569318183
0.319552860950735	0.325380573649782
0.289307147500384	0.217344851207135
1.1319746292154	1.14349851127963
0.43731758203416	0.312047625700436
0.783674574510297	1.02456163290509
0.824036474259756	1.06995372915133
-0.0518455617297434	0.0398984991339758
0.920827648185533	1.23703507280369
-0.0956198582756724	0.0791865918335469
0.102551006102528	0.0778982445309793
-0.79401668857543	1.02440807636004
0.0978844307953826	0.0769320824881337
0.728986944595754	0.787008499761805
-0.662357679466588	0.396669934824836
-0.0181238225467621	0.00910038704393143
0.176386144127276	0.141260429864913
-0.175139996497217	0.139689948286026
0.886273939455822	1.09238423568316
-0.856410650257816	1.05033676893257
0.743000230697815	0.815654599389003
-0.110365838315129	0.0444253483088259
0.764691676956215	0.435331456341415
-0.403699970903584	0.326729704980463
1.45298879150802	2.06971258444163
0.187778819884401	0.171869527167777
0.45824769629575	0.519493672612826
-1.17000456023408	1.44874386642546
0.749846773037187	0.91551019473055
0.479147217893053	0.532756473199775
0.262674018329208	0.202419382186336
0.174989516077129	0.138473003792639
-0.253453622436068	0.163635822039124
0.989368390715437	1.18326117758478
1.22511608068935	1.73333235605291
-0.562666213075809	0.496480392721698
-1.11227058693643	1.53776325582893
1.64140918249569	1.48328560023524
0.679919807501376	0.32283727045987
1.3046325386948	0.567722039950183
0.128296084606295	0.0384571369192157
0.141628868364635	0.0268733845859336
-4.02295805659071	1.7826220822466
0.138169594891086	0.0265198668009027
-0.622100361432571	0.304102017504355
0.273800756246214	0.227714479207926
0.604284239883206	0.82425911321075
1.2231077547245	1.34420276291718
1.22526854075236	1.34026935825094
0.538033636963497	0.538998783783904
0.387107965157712	0.418808932953026
0.282444121196596	0.214412841755094
0.544985218045327	0.540193215574287
0.404543367819935	0.552242801773583
-0.656877012944955	0.388915171301691
-0.207570862685596	0.207034465782668
0.942489035511985	0.636654750818567
0.259613535818561	0.195907518083776
0.0820786511503153	0.0600388325526116
0.146585717738664	0.0830275898938184
-0.161543082499458	0.0586561812017544
-0.10316195259349	0.0412582216406303
0.1471875343788	0.0842343314304474
0.177819279863467	0.150755667457777
0.0694247638970197	0.0488881714954732
0.899288952213362	0.772464374364833
0.363221490897745	0.306992461319486
1.37775233324663	1.84151262992676
0.398134198890314	0.318054841307619
0.182555834031804	0.141005579133381
1.11091251887807	0.986396956845377
1.10036040957054	0.826599874882047
1.4249804573985	1.59417675756508
0.8341709478988	0.753080677473886
-0.652220143558551	0.644385142260522
0.506537448694786	0.43520134155464
-0.458968026952697	0.349765607337637
1.21851826725308	1.19214709747717
0.380369858112262	0.312503670109817
-0.512495796249075	0.392825738129467
-0.809913588728443	0.898802146300106
-0.298847119868295	0.249506489671216
0.155342457160747	0.0886887480757754
0.3681923697771	0.323593640534964
0.706801727162899	0.798622892334559
0.0922173430413975	0.0714231767809173
0.380791802410317	0.444434920665188
0.476412124939793	0.524363324093392
0.525776795694397	0.528462651961586
0.461497433408279	0.427820496698674
0.569069319673782	0.548203501418147
0.353739636558949	0.17826105886595
0.521730961037182	0.625828304697601
0.153576129410568	0.152543109361805
0.731167298936115	0.916567398706646
0.481483805599468	0.520931820612312
0.459429452678485	0.518303706466731
0.264587347952108	0.261573034029862
-0.0498394095987259	0.0377029117222361
0.512398335617886	0.621298821821419
1.21305369082299	1.79892555316349
-0.0759345659590328	0.0635334698700975
0.319299710197921	0.326138990733969
0.361900561351013	0.317337092656773
0.179113084395821	0.137788541647059
0.812823260380381	1.04673028374758
-0.244720547321176	0.204581630055781
0.480064265013231	0.430403482151196
0.72880235719624	0.714559972615326
-0.169140391724162	0.132382376022095
-0.90479297452757	1.22094215683925
0.817698946156295	0.955741362682038
0.424003765977024	0.420222659286436
-0.478465670731878	0.319158279269968
-0.470346838997152	0.316536154183395
0.0769372463917875	0.0544883908719654
-1.08759824295381	1.56555402301855
0.00632016687243133	0.00427206454023995
1.04076740988724	1.45183871022637
-0.176304428047774	0.153993532431181
-0.100628746002188	0.0831494754727285
-0.380590037813117	0.441303911171878
-0.370081652897255	0.300736932832667
0.553986103064811	0.696686282829689
-0.0714072784325879	0.045845734469975
0.362279189413632	0.325792560864565
0.324884488150271	0.34151584846646
0.132708817423409	0.122193662863727
1.05279035158941	1.6202378339869
1.01593783648528	0.963881390220936
-0.671680782307434	0.393138562846696
-1.00386826989151	0.503850423142653
-0.368201646064937	0.107458491723104
-1.80583314024352	0.404036831265938
2.54060819517508	1.42029181969059
1.17397963918142	2.05987442249882
0.298899246381629	0.192938525784438
0.334100110610868	0.183624869993428
0.303957080425684	0.179716411084008
1.30529760571363	1.51588451129978
0.294716401948816	0.202619111937236
-0.0793250497416617	0.0655382945778347
-0.151702484283474	0.121248665234937
-0.255342783076553	0.218812496032918
0.465540087306339	0.430199599880507
1.07513965806596	1.34994953128945
0.137369263801989	0.0656251070111346
0.700788046522647	0.883062618227026
0.62017497175428	1.21909149119437
0.264101461561117	0.214236453968713
-0.000198944687390316	0.000398977562962919
0.851914106552325	0.625073299696433
0.380659208100774	0.172749149895122
0.828439595880394	0.74520058172949
0.00854712741553489	0.00458427085020692
-0.2101590594727	0.14247721078955
-0.391016122347692	0.376050333644612
-0.149659424088081	0.106005753751469
0.432908034884884	0.438183101880977
0.574072571728862	0.542763468674328
0.273915978814234	0.225152783806152
-0.949897347994113	1.10083452868973
0.41132674233283	0.311373549361225
1.09072811765032	0.809072155635741
0.883629974294982	0.466195406039843
0.434051935966595	0.314063405780213
-0.223437125458703	0.192510306236776
0.291812185347408	0.212237303750641
0.768079087459194	0.585881712036676
0.495914210716866	0.310473306621033
-0.0670709133367618	0.0428066849530397
1.15201121665233	1.55155441745721
-0.0755194644942509	0.0482187384898905
0.541324419223135	0.55218734079545
1.43744048689648	0.88010420661249
0.263383479088881	0.245962568631127
0.432405439381047	0.420436652030086
1.32453446354548	1.39796294844192
1.79570418994076	0.710490111832351
1.12436575919806	1.14298014934809
0.4811291887585	0.295791560684137
1.07564710724461	0.658408859247353
0.432159886568522	0.399122802218085
0.655773138759896	0.679731758477064
-0.20106154232257	0.157456843614613
0.0381681858765229	0.0235622835411389
0.261197809937675	0.239939901174501
-0.852690836349009	1.044884648245
-0.263220779806633	0.197864156606935
0.714523060569487	0.803249856922583
0.351750469197394	0.320345502689123
0.277663768670384	0.225408137307916
-0.0573115071025557	0.0370620635964945
0.0730506895359841	0.051281364995872
-0.0462145067096047	0.0305321541235821
0.63621752692192	0.672709556587729
0.458056558739357	0.302714920137538
-0.697025147261251	0.550974162228336
0.937121931728015	0.925030633540734
0.00662711365811184	0.00531069575632563
-0.2640585979682	0.200366535359853
0.885749958361377	0.899410776782834
-0.145363097611544	0.103736262149582
-0.155068712424734	0.0885686806252473
-0.581796394829306	0.539803965391491
0.564911635789398	0.534873669315247
1.2268786344489	1.32263741530617
0.271134583609773	0.236003348865956
0.926803435976943	1.03686641638706
0.468545654868855	0.430510475631866
0.175067968354097	0.140424667424134
-0.291909139804112	0.267056046562481
-0.605693920116902	0.599102784416672
-0.469684053118513	0.445528351603973
-0.197537434761748	0.15331915410521
0.488719912980257	0.52566566607446
-0.0174611112882657	0.0119202459917278
0.260520114741559	0.239642508922619
-0.721605520320313	0.787224713884634
0.529400394673408	0.444868654863409
1.52426842556228	1.29092866942842
-0.748218261379527	0.262913312316052
-2.58468514934926	0.681926813759725
0.749205608173769	1.01641667433827
0.5330509434039	0.307923058373961
0.292968818898932	0.200208704619005
0.286180564532816	0.207186970673964
0.0668099188540379	0.0449304035930012
0.779092242685314	0.732915526033595
-0.306821322133848	0.222925506365393
0.329986113827004	0.33144101415344
0.109750048085051	0.0859632928438701
0.489124097447747	0.436131305459668
0.29102314005801	0.210462681611215
1.35590456302808	1.89440949490637
1.44934779653544	0.891212773637663
0.609696131925847	0.761071908259105
0.599373291501224	0.311501411833104
0.667338274966345	0.576417079934809
0.779781439316709	0.615448522905487
-0.24980416016732	0.164704722498698
-0.251566439425087	0.213971886396768
0.830663870060429	0.75413126996489
0.652576683089928	0.770050364598275
-0.0879297364186825	0.0545981564765885
0.098498645075379	0.076773167477283
-0.012385616296008	0.00847201660737333
0.995400176874221	1.19947172602582
0.17837178394764	0.138595875238274
0.180980677375571	0.152613862885073
0.852369749419283	0.624724120523862
0.804954811703476	0.345472225969279
0.57258379206132	0.55224865682225
0.397288423988764	0.31386428155114
0.467542440936018	0.429305560863752
1.77258784277447	2.17191136767182
0.563075527817544	0.655273968865207
-0.165029630388723	0.0604405571991372
0.582565650740383	0.648324863479821
0.955405240407564	1.23272106361658
0.00295018261048346	0.00166981988507234
0.284041125426893	0.212798284581242
0.175830834894775	0.131596298696012
0.34981072363122	0.326647199084256
0.466275270105829	0.42881279816553
-0.0727994079467592	0.032116691480018
1.05040313922884	0.518133696966867
0.718989938036681	0.897503940933614
0.0725347411257336	0.0513380130880652
-0.690652442830699	0.817135393937905
0.331553296812233	0.322384522168015
0.552011196202072	0.54826558486939
1.13584062385225	1.28382775955832
0.658326231909684	0.779941734505075
0.391492168297619	0.414178796268011
0.764059406653958	1.02253325958074
0.717330583661463	0.906562152193157
-0.439706907923411	0.386575853149997
0.897880608587089	1.12385862856138
-0.0187129249267788	0.0146771696272471
1.48468527878976	1.95114213642159
0.603938287045029	0.659115377226625
2.13351586209535	2.12614733886158
-0.019221944046788	0.00973964321269766
0.187379513477212	0.159807767154894
0.049623699226265	0.0317586351751797
-0.119265480117713	0.0861499614862
0.102465286265722	0.0826698086711436
0.532041395099012	0.544340027678284
-0.0681027702571607	0.0299490125272113
-0.0809568795801591	0.0337179866269009
-0.797956575555476	0.868002579573268
1.0014577719691	1.20345757947211
0.0705780698963409	0.0490853365467815
1.02578427584711	1.60007018842559
-0.236184098969478	0.180492825937464
0.823230960673142	0.717464173045721
0.00707251923092635	0.00483112729086385
0.482937865517572	0.433061138697666
0.274380600950722	0.222483235226572
0.166630915673187	0.117093436815655
1.01308231738358	1.3134311921382
0.50701598267762	0.521643927823499
-0.179669466452171	0.157437418542457
0.658977245777746	0.682253056290266
0.485305316795197	0.297339762168423
-0.542320410382213	0.209636374638603
-3.47073410037615	1.25961524031716
0.333210231044567	0.17935806705688
-0.343092401936005	0.204444392994484
0.646130623044529	0.448190583381936
0.28942657938757	0.199312178742737
0.551461363842567	0.436431611312927
-0.073292045380446	0.0553327673629369
-1.16442988796141	1.02801702890492
0.287421811803692	0.196753053637685
0.723007006633345	0.600747221366703
0.161631847162955	0.124635226229952
0.509270177453826	0.181806539089824
0.395994012943712	0.315083630932873
1.03851489503301	1.11108060167977
0.690928619474369	0.697988341385061
-0.171582542843008	0.120575393631815
-0.0377210683270606	0.0251276734313623
0.696629379737154	0.884288798186843
-0.579020211162504	0.537222669086903
-0.724225752607129	0.710653386682434
0.575644484415936	0.550131959573226
-0.698527926670192	0.564132698350478
0.599616553024311	0.564664134795106
-0.261827584059861	0.241380644123714
0.318772509174811	0.190345835699818
0.385312010162565	0.297462321139692
2.27136383875402	1.69954893096995
0.649644224685716	0.457531070012254
1.5553826172196	2.11878591641393
0.972932356455269	1.04891251838544
1.21490474509941	1.33808468503933
0.165618939395392	0.123212467400888
-0.127819243827732	0.0770406730397384
-0.396379287733894	0.314261386171605
0.804297843520141	0.33637515313941
0.564776806247906	0.650625407851506
0.115044883711038	0.0937375623689071
0.668201297175309	0.581498322451804
0.175857218383726	0.139852300027763
0.322883868058797	0.191455620128201
1.01074601962064	0.385312386444489
0.636761802390604	0.577206853242502
0.0610348600837387	0.0519619353517882
0.893991343724583	1.09765761659073
0.186659837602954	0.162405300499708
0.462093455560745	0.52729263266555
0.614028180304461	0.75086512947585
-0.106009633304407	0.0782487213730302
0.00569190799493369	0.00456244479790778
-0.00446304979804376	0.00303581003340375
0.608957785553428	0.658597675843713
-0.0802210108111106	0.060398893240711
-0.456727710811515	0.465718499959701
0.270648284544902	0.212947251828543
-0.923689165175805	1.11305726156676
-0.413571821583602	0.423728592254112
-0.476339719591083	0.451523923246056
-0.31451153544216	0.258667599168175
-1.47546875668708	1.31890324177099
-0.137629957772159	0.112661853765215
-0.90336728341206	1.25255237430286
0.274645729273166	0.222231480002841
-0.388299652965275	0.374958680663833
-0.0119773951730001	0.00814083358812281
1.30744845994538	0.564591884687678
-0.6908353864375	0.488074624135562
0.675577094720009	0.591692593685934
-0.897916492158636	0.824282371010225
0.181654414866365	0.150646650693917
0.41634888123235	0.427699259101185
-0.691598886383022	0.857403128525274
0.774832266181922	0.61180835773728
0.263854203926723	0.189391119436255
0.260455119076095	0.262435182021815
0.41564871402955	0.425927116623857
-0.0718569425893213	0.054158750585793
-0.529675857175431	0.591430070388119
0.488162346936272	0.534465764786249
-0.0808693742965976	0.0673621319908616
0.165899386786248	0.126942611547775
-0.786814659612519	0.347891567657544
0.720787102473328	0.585582037327867
-0.582851333893437	0.421082373316624
2.2375317808259	2.44322007453643
0.715355286666034	0.591538588113046
-0.154086022169027	0.124552052887337
0.631414762078555	0.67013078334456
-0.532836769878636	0.496986662860216
-0.131331826619401	0.0953007285145555
0.00465843223291248	0.00317248522938048
0.557088025161958	0.442137682582673
0.780549278647823	0.735469044679663
0.495624159670475	0.528033330207216
0.459804048262924	0.503542279545498
0.379842170500872	0.311297809461125
-0.545585396356987	0.533943069239637
0.349628539302899	0.315360855556349
0.455840047320065	0.415095319221628
-0.500506680708594	0.430062816828184
-0.396853344580369	0.380864392178847
-1.01692297683622	1.23913313450919
-0.263928519438904	0.242528779662894
0.0240306703297037	0.0179031478753555
0.155815957517249	0.100671140108376
0.488706498535623	0.303606007594069
0.264738007020524	0.219491166496806
0.463096318408375	0.312685331120639
0.717572769474491	0.592333945478059
0.588482559762222	0.440931298011719
0.17435216063573	0.129684522323741
0.499770428414682	0.498922585265801
0.83699248083972	0.740436942401791
0.247189013898461	0.220196403207286
1.34393786056769	1.21520393568635
0.661904375420729	0.690106443779775
0.905235258559933	1.29329178780491
0.196696484890115	0.185792618949542
0.629653287147791	0.570417021653092
0.649644224685716	0.457531070012254
0.620842214364223	0.570781984219046
0.640297506395505	0.685170005865027
0.59239525934681	0.44856294860827
0.642043118151361	0.676607181104672
0.66872740937662	0.690628806109782
0.71870249211997	0.890702523853266
0.184134161392348	0.16847364169554
0.274691825334508	0.222361545298735
-1.27163011270434	1.96337796017072
-0.00590178865773953	0.00460137915475805
0.963004166883235	1.26568535437345
-0.796281402743746	0.934820406089411
-0.479966344071636	0.457478592752216
-0.39917725425769	0.357291215923284
-0.506348256685632	0.578868493711383
0.464754735224352	0.528775365704593
0.367904407571208	0.321627191487904
0.0962827456443373	0.0741425042211208
0.869265461378662	0.875977123010826
0.700083067070537	0.457604660853806
-0.492430038164534	0.49887669611035
-0.244361499714424	0.206024722225703
0.826970121761596	0.981363016680448
0.396516151259972	0.438603644435502
0.0591040882406156	0.0380288397198219
1.23422499010925	1.02914892709523
0.27790749802708	0.208135525284379
-0.0250405007747108	0.0168424342868556
0.613768205197132	0.721604554930407
-0.331394261949383	0.322532333208396
0.947994095015461	1.15351489811607
0.504656825640274	0.542127570428853
-0.211950014262612	0.144134820620177
-0.26392273956116	0.243657995962641
-2.05565831936578	2.71266382570909
0.0681206789741432	0.0460235232447191
-0.803154655192367	0.866481088103591
0.124493344304986	0.108976447818337
-0.295850845333344	0.304940846786408
-0.489600090800338	0.490867177659732
0.277264865459786	0.225948619678103
1.10797022256868	0.983371674034896
1.00075642711668	1.40460609795385
-0.285909679151949	0.238509309115468
-0.206841923051231	0.139726832132055
0.274627957791114	0.194135156624683
0.466319230085267	0.422061508939447
0.605581513780777	0.565479720418682
0.174250457019287	0.129957097628499
-0.324364326212104	0.315916180010489
0.271373490281724	0.218024802294987
0.177281366634605	0.137268200407338
-0.333180532472115	0.346374644648797
0.341872974487908	0.307071409508987
0.182111433662023	0.139332625217335
-0.0282301931919259	0.0216421295771735
-0.183047914422709	0.143691944552419
0.992742893929767	1.17275475090525
0.535281307819126	0.446834737466313
0.596578162259796	0.453505300420211
0.498542720526238	0.429754636566861
0.943891865255867	0.63439429975275
0.383970873834602	0.174549965674074
0.738814656148731	0.728359725673539
1.5186391641326	1.27179292353335
0.644818899417397	0.45601652161448
1.38975100084456	1.06901855725387
0.445134128910766	0.423304910690658
-0.362637948038816	0.297972091422907
0.0506092355929268	0.032381812963873
1.52940072323369	2.26276741800628
0.634031733611241	0.576576490315538
0.775551271223773	0.602921360868652
0.272317239769382	0.21088279762001
0.828058818412072	0.869378236957718
0.952771140541353	0.637547604020012
1.13104917650537	1.26217404826215
0.841542271297119	0.612250810181428
-0.144304738911877	0.103480466399869
0.416963569010247	0.318756187792494
0.55236300159073	0.642051711782331
0.015918600422913	0.0137911025901759
0.320738788344578	0.31308114833384
-0.289054883422058	0.181375187033977
2.54517037624852	1.40649155440294
0.276804615814364	0.197756737652292
0.792569956770136	0.46155054809198
0.737122112655404	0.728887329947548
0.191243501449317	0.175832217120029
0.32976419667854	0.345004227665786
0.381291370393987	0.414905631458391
-0.436112144802776	0.372226578326572
0.092944063081986	0.072531517713638
-0.156667215396266	0.124610463577933
-0.411811182453514	0.41590049266866
0.269281678958721	0.207831200906284
-0.383618665918272	0.3947451252651
0.184627126244622	0.156985319380538
-0.0305708915564811	0.0265315222787745
-1.36208377288441	1.92568951609636
-0.0229490628050316	0.0180399949146597
0.159175912455118	0.103315981049615
0.41643658128564	0.31697753053209
0.821709980747983	0.970885462491324
-0.790251315402818	1.07228499505074
0.0167086594041963	0.0138294277991548
0.0382719006513534	0.0234028816824387
-0.395661302629775	0.353899557775774
-0.95276970553263	0.57630347996589
1.40001239389901	1.75484043874719
-0.805972285086165	0.631242873606396
0.363950345140779	0.322429956759119
0.11275695538798	0.0885884334184739
0.407431384476234	0.412751644187691
0.367779433410797	0.314041817903991
-0.218970388695	0.205652711410317
0.354907267499478	0.333198876169081
0.26157095130706	0.239782138603577
0.584711520364653	0.70954515323415
-0.188835212277916	0.149512802875538
0.669124926319657	0.94811275698185
-0.179826218282537	0.14309550763751
0.524110396699328	0.628302752288833
0.423775503645079	0.425789784910232
1.48089700008642	1.93224560743192
-0.0401062479689872	0.0306942645923335
0.193519408316889	0.185825440655626
0.324035867901691	0.332368562630567
0.165118991475432	0.125530006506038
-1.12337159345054	1.35400237894785
0.263335457973451	0.227752054962387
0.435320004827733	0.312697307861485
-0.201837887849138	0.137516896389117
0.588141355467637	0.748681544252566
0.334173488123145	0.304730681489833
0.635992986685422	0.680103304101748
0.261610267936715	0.226370136850067
0.456774570368314	0.434469427273498
0.877710653396394	0.892856433985938
0.639479313616616	0.455050950789568
0.289826844238224	0.181869741348839
-0.552849998001511	0.351589463494589
0.636229555960912	0.445101321640515
0.774929492401648	0.706097401682299
0.640843865122049	0.578756896436178
0.371994152142207	0.316052408427891
-0.351783924048178	0.25481064927135
0.148859156957185	0.0784227703955889
0.0512057605965429	0.0331305730383086
0.324480203259104	0.177285767540801
0.924824025930267	1.21910907215689
0.351494514578381	0.175878175456915
0.573524883219101	0.551990033825805
0.453292593918055	0.297854301357081
0.967718232884078	1.06387975975628
0.512043780930634	0.527497046538646
0.53176846351453	0.303838585819231
1.05251879480158	0.513143597548845
0.848579646180364	0.622610704034424
0.561698121452121	0.443808553062594
0.148558106004311	0.0711516113317923
0.997496342210567	1.18237629016646
0.343776765074434	0.349080213228783
0.49465546720534	0.523074193543282
0.165185581418699	0.129828841827704
0.653438188372754	0.767862630824663
0.274239891315465	0.257765506703816
-0.264273142687692	0.244177618145419
0.188152052770166	0.164731533380329
-0.238702272130126	0.181954132845512
-0.142415993263182	0.124462379080583
-0.153571459812744	0.122392393250252
-0.0281888359856872	0.0187536550923313
-0.123612183081669	0.090379674924971
0.787184976489816	0.749189651204758
0.607037340421147	0.563936596127576
0.0699665439948791	0.0494076051582886
-0.25365343384462	0.216433913488186
-0.0846930082985832	0.0636889409944998
-1.30538135344767	1.63036719329891
0.164978336708592	0.125805809123721
-0.785569512138	0.350167212429349
-1.0184764389181	0.931098426368098
-0.197709338548322	0.154860478308679
0.607206424839614	0.569447363332088
0.0721353011037126	0.0510290749143009
0.0491561872595201	0.0391902950537796
0.488542119309929	0.51694740435561
1.21430679741853	1.71251345478028
0.0583770187990078	0.0489848026142539
0.602868111231326	0.559925028261691
-0.263919174021546	0.257000877502363
0.280214663683146	0.212599421402824
-0.351377642201038	0.28683717935574
-0.798375083018755	0.985921715963543
0.535019990661808	0.539553592269219
-0.234864254781492	0.177026829385532
1.04375416741354	1.07624590141738
0.893758259301077	1.21515290871204
0.313744658121599	0.361861860639524
-0.202251068723882	0.108827714785003
1.10861829287839	0.982460337204678
0.510996101316148	0.533960037081915
-0.432912802787421	0.408910394236332
0.377305863054257	0.328540304099401
0.186207473886451	0.137422000227022
1.29017046037373	1.99025639608671
0.163559526317682	0.111511035666059
0.78471018761751	0.843002779742073
0.633079757108256	0.671028303555943
0.266835349484909	0.206512420327683
-0.317965573586078	0.263684522900196
0.439961861020461	0.498637632927962
0.636914391344289	0.579008988407747
0.0446996011252259	0.0272593139297229
0.150445589786511	0.0865676012748487
0.371519962664019	0.165046547709785
0.640166716764768	0.454713990768106
-0.613629583995062	0.292984945154434
0.323383196464069	0.178748762450173
0.982197711297847	0.79105178905117
0.406998485415666	0.306082972590848
-0.521908468742075	0.491376127788697
-0.309210752126618	0.230315670347889
-0.890532170772928	0.89405968393015
-0.415011981386018	0.233101613441133
0.776607538636664	0.466614224872673
0.778518233416317	0.744200041003592
1.7595104898528	0.978011018945093
0.580718746969791	0.727866578836296
0.817607958652903	1.15184435407958
0.412169412491544	0.422207111778952
0.904789984630557	0.783978664264155
0.271210787761431	0.212515284038764
0.97067015526024	1.05875643635811
0.701890816512825	0.458406285632168
0.371740539940902	0.316383982767906
0.385940605101627	0.174945338169834
-0.395439913562489	0.316517127106618
0.770714663906788	0.602954807287483
0.607734669392095	0.657281040555159
0.123271314768501	0.110851869355019
-0.546730133186023	0.668430324747587
0.20211830997719	0.195836453354939
0.0621084485800729	0.0522363016056692
-0.637476517877353	0.754518988556298
0.191691098592329	0.195501292702936
-0.193481617546642	0.179177817311986
-0.258723623559657	0.256925393994162
-0.200507765201363	0.156086006482246
-0.401603625683576	0.382161232349156
0.0212018136584893	0.0122849530265932
0.528587993712607	0.431019795959975
0.260260259500763	0.230676366628637
1.10952759353412	1.71952208469975
0.0535705023155824	0.0426836128774862
-0.38329320203485	0.395350837962763
-0.703200074260366	0.57013937541731
0.532207944864342	0.308453143019487
-0.546191121967135	0.543500424645579
-0.954567952951474	1.11049417042714
-0.00592235575496146	0.00461486799086195
0.0955656740406188	0.0753036748276514
0.616094295473243	0.815434158586031
0.382586679402877	0.441961269979457
-0.025307095813245	0.0196118786346067
0.195044822952479	0.189706075391618
0.581702409029672	0.641675769586936
0.697369398271635	0.8877739428742
0.101955575050934	0.0797972035399984
0.706871905868649	0.881203558523831
0.0745128006787177	0.0522738963712588
-1.24319683689744	2.00689163854778
0.0998101600425717	0.0781982768412676
0.596440605241882	0.549545096546035
0.125570527488046	0.0473199766742006
0.416350822864069	0.162613230409298
0.313854946030352	0.181162549662308
0.512146643472371	0.642631835357887
0.257715802993897	0.281093980064319
0.602862706148963	0.4555791296752
-0.293775936844228	0.269887323794522
-0.257879291689832	0.257925123794307
0.40059596666703	0.315873963919542
0.0596815050100737	0.0412100521077416
-0.200829653747279	0.157839537978686
0.458686165823939	0.423041713143038
0.152172959253905	0.0869748454143358
0.597040764575905	0.552851989597688
0.492254248327049	0.533897971940797
0.949676928569496	0.639122353969923
-1.11367963127598	0.762057958938289
0.843966451708938	0.60963908306444
1.64387843316802	1.52498442212272
0.131197768825946	0.0558331871150039
0.354725537050991	0.322752132859846
0.569482623151027	0.651169418916073
0.846567511081778	1.16950363721718
-0.512495213983094	0.477733419685417
0.048222922181937	0.0294064799866577
0.696471086568155	0.698693461036226
0.788972311931675	0.46704310974606
0.898077455229408	0.777791862587513
1.09773517672482	0.82425651166942
1.3991461864806	1.0303513345682
0.406840655840964	0.428390909433055
0.992437548070297	1.19004162258201
1.07523575855579	0.662501360879102
0.884421100630243	0.474188547953547
1.09640120283032	0.828760806296515
-0.411704921089641	0.235860110170524
0.0875268501251396	0.0663776766022527
0.257242386557518	0.235142120199485
0.310612460023698	0.312720915627929
0.698501601965738	0.882038433708235
0.043567415538401	0.0345898135202456
0.0257199694427739	0.0189565769992769
0.44432927310061	0.436040920404926
0.250045274050551	0.232898127245147
0.264666332631178	0.228512677537223
-0.493368828487628	0.501494023938571
-0.524257556111868	0.494737746001485
-0.015647203542215	0.0122935389560252
0.625450413394259	0.767173393533415
-0.0686669991089357	0.0508305258617951
0.848868058972652	0.617313700629029
0.0490037203169367	0.0299395277434348
0.405404686192079	0.425823428890388
-0.0801832907373394	0.0600616291270458
-0.040593003350078	0.0313036026813855
0.428276231062741	0.426061298464753
-0.0801832907373394	0.0600616291270458
1.60947653953121	1.10210483121126
1.21952960141209	1.19140413727286
-0.729808498029788	0.762114248768086
0.896673513049638	1.11877020558308
0.905788862597102	1.17597656633898
-0.0665750194589374	0.056076679013109
-0.0356274636081685	0.0277693320686801
0.273869928526754	0.22048052071066
-0.226827187938151	0.225305491032661
0.869711005077848	1.37348359618516
-0.165496965525815	0.157474290351406
0.590712511167582	0.659882704952913
0.611305220172081	0.664643292469362
0.191900137406223	0.173348780673873
-0.458518211864576	0.521981162011501
-0.392102794723286	0.404072464514912
0.723733427411465	0.585411739708898
-0.617480708563623	0.291582199420096
0.430700215324852	0.175008159531737
0.410526264788631	0.311780909353452
0.27789868840815	0.224091329832391
0.942361248446234	0.914430830255733
0.318163625367591	0.305097708088382
0.0523087010570341	0.0476842678959751
0.724354704224407	0.692167847935935
0.137432365546475	0.0592370194345653
0.89613174335455	0.778415626647965
0.289399368412067	0.205985318333139
0.287671146050006	0.195556793567083
0.0607333490922791	0.0510869282355805
0.521925483314272	0.537950812462188
0.0112021207331681	0.00595054334099697
0.662122120029936	0.781244642130908
0.675671305417312	0.592157866552348
0.419292378835431	0.320684633733624
0.335007328069094	0.18381856738952
0.977461168755424	0.784843448455198
0.143543870663963	0.0611825267512055
0.134615012629795	0.0642308699992023
-0.246601629680648	0.12195915840037
-0.00436273037291632	0.00296593979143038
0.965845986463222	1.05239133754323
0.350099655059431	0.318746561261333
0.181286501406055	0.156468919535123
0.583307549341817	0.645131083500343
-0.896802088240171	0.835153759825231
0.779091497481914	0.61153359727647
1.76190349030882	1.77073629568755
1.76439045789901	0.99402363642669
0.698840524911477	0.455007691717902
0.061638866059397	0.0427803993415675
0.598346083136373	0.311803470463921
-0.544889120372586	0.46355440106945
0.490313092868548	0.530421501769745
-0.193485524690702	0.16612404961611
0.0255747904836124	0.0191143292855839
0.482408875305017	0.429702835445026
0.347539772982757	0.418108301408391
0.888273852258702	0.896584146091159
0.46335005135613	0.422338348622093
-0.611604720520717	0.655577414156266
0.516811013943147	0.535350124897304
-0.308950029207902	0.302376309751576
0.188238109621026	0.164798536370434
0.48050929258213	0.52426735678364
-0.186921019221859	0.14931494285221
0.029192425341887	0.0218438962129162
-0.469554400427942	0.443894692229617
0.103511509928902	0.0789118768903948
0.109165091192621	0.0880829810045445
0.397715528543504	0.317214438339699
0.0555056658484655	0.0356449749271819
-0.231344777294061	0.177777508610915
-0.067806940946878	0.0511461351242682
0.177281366634605	0.137268200407338
0.777933747813257	1.01136100569362
0.41015966889161	0.418158360258107
0.683295886413862	0.321423944540654
-2.04163747809596	2.15230758779888
-0.0879921156422658	0.0657301876742486
0.0958611853128115	0.0762547741455119
0.273230039179244	0.214947307103549
0.89333795207939	1.38104373831393
0.175125046811423	0.139763462688428
0.0967850671028406	0.0760623265262792
-0.422978744578559	0.43596729799218
0.35250924550787	0.310725272818
-0.139705907616304	0.122020624430121
0.919288117632057	1.31825583897609
0.172895143737353	0.144083475323943
0.271523813950216	0.242354370425178
-0.601235911206979	0.595101828514041
-0.799030848556226	0.930286843907507
0.32155673089519	0.190966176176942
1.90107321943079	1.60356757767058
3.92273325004628	1.69079465376702
0.30694400226076	0.198656124299514
0.434156101623629	0.314166901583388
0.654862793389985	0.828200678238685
1.0068865312661	1.76132096512309
0.894364040244144	0.47552321880046
0.305341788917733	0.179370139938079
0.912779632762536	1.0162023379417
-0.653754810654364	0.383170517322509
-1.29360512373025	1.6148309893386
-0.131738489979738	0.0783462145188842
0.0779759094456604	0.0702605656523166
-0.0757420327725144	0.0567183909852122
-0.962408213109067	1.02152228751217
0.561825956460092	0.555438300722383
0.165762885963341	0.113446620436396
0.261328117560602	0.210630497169942
0.638311782221889	0.44912771990102
0.83510998922728	0.762564489270661
0.432401343067833	0.523418810950288
0.507836883903904	0.183767118983846
1.11842846606509	1.13614238087899
-0.238587205526417	0.156832772068126
-0.959173738338954	0.593814684284882
-0.621926613724675	0.301982192537307
0.903340372034214	0.787383291804919
0.438329279721101	0.426139392922145
0.289648846040194	0.208125709470281
0.501685568343133	0.534468728484981
0.283056769676622	0.211621637993137
-0.0379610687046075	0.0254899171399635
0.537146492965532	0.450005596606223
1.30693880790347	1.53748669952875
0.439050491899552	0.173072429766276
0.258042882278128	0.233857547371646
0.147205137686351	0.0776620956291516
0.737746138649067	0.913948689400189
0.0413387492505674	0.0319722191700857
-0.393021617732171	0.406941818891353
0.585420710965	0.808607819259922
0.688608545622231	1.10201699072899
0.0459128484211065	0.0419071602203341
0.659102890164037	0.685417699888158
-0.547124601396642	0.741572921225948
0.660932283577548	0.922913590193747
0.402378637447532	0.500310327517308
0.0474785955786372	0.0306463219706087
0.260673553045802	0.256569233036061
0.0405693151937105	0.0321511045462929
0.268996032781668	0.23528445882193
0.127736606311683	0.112592512702267
0.241548705493555	0.238438813777159
0.246199473203937	0.23938777560388
-0.0029911434132711	0.00273388585100565
-0.328146447368177	0.321555058542712
0.190819902965553	0.170687726927588
-0.304996889238281	0.22750252456222
0.283654240793045	0.22276644344161
0.18297018866402	0.155373561636771
-0.401784794775386	0.462589354211186
0.345162130315226	0.317577606840259
-0.504888875636228	0.512302856896482
0.46010128504333	0.419046728655053
-0.798068732835319	0.512718715429348
0.0273082927641024	0.0158008932205581
0.284764087573654	0.204398167164354
0.94685333539015	1.51543684741603
-0.351499854157392	0.315354525848455
-0.203834188196854	0.17604108842607
0.260945316622863	0.241298057901503
0.398466592327525	0.414857617585093
0.41847332972356	0.43072834880298
0.0461028909460092	0.0367755550506623
0.0548771120129943	0.0518076819648746
-0.113196875216436	0.0931988261213733
-0.371673481911676	0.451039031437398
0.334521641850327	0.329042691441438
-0.270311032225869	0.249479463616723
0.717377117746654	0.792521681191478
-0.795168780640414	0.654099105476707
1.22479809836375	1.02291563313123
0.506468506416984	0.184272460164198
1.55239096568043	0.775447909362186
0.607589947603433	0.570913472113699
0.0769939167498832	0.0546228770772835
0.25248862059591	0.279045048725977
-0.37641616308449	0.432917436760123
0.652896398147131	0.449704317815783
0.0457003959239511	0.0290485051609502
0.261368198328937	0.210251442892541
-0.521141202878311	0.395465729722292
0.903509629926109	0.779157874955537
0.593125055561068	0.446540512039946
0.0984649931519746	0.0805283825473011
-0.523885675520416	0.546604437881699
0.528466179960099	0.540376276459532
0.448703237627417	0.400759560830312
0.11446174609598	0.0955382277082811
-0.448321669790726	0.391503790278609
-0.808173355453014	0.631239050863316
0.313681079946496	0.188793422496579
0.774860492356097	0.737042437618194
0.363990243021922	0.321712204088576
0.528850462353659	0.54067131203145
0.150170332197038	0.0859448238337606
0.534068015722224	0.305559216021576
0.891594109996341	0.485178251415359
1.38615971558075	1.07084756345947
1.30484134253704	2.3908916890765
0.696530345757943	0.875851925941685
1.11247848331916	0.985645867229104
0.776649748606311	0.736427015883677
0.509969571730134	0.184118798060044
1.04927297459866	0.50426556197968
0.479609116068349	0.511266554290379
-0.787400226018263	1.00929293118451
-0.172184382263028	0.134319163682926
-0.089166309645452	0.0749299416963731
0.332665967219116	0.341399683679253
-0.525990777729027	0.654283948287461
0.260807403188781	0.25024928814608
0.25838559955827	0.228613620670319
0.885949691978266	1.31004277675873
0.515337687525316	0.603536057086695
-0.142262613272534	0.11534941371661
0.092025135220979	0.0713043405230322
1.21962965463936	1.90862690974567
0.105286348791279	0.0825573428834985
0.12480020235645	0.10930528314401
0.519893794086953	0.543273505763825
0.616311482455376	0.756178031839787
0.636102391448298	0.441087634835991
-0.647015499698626	0.588147410932715
0.522947399978545	0.622274043021657
1.37363908853949	1.85432087477912
0.179599420260429	0.139101627669797
-0.434678383276867	0.380477060220201
-0.987697149754513	1.31201236456911
1.06872538544869	0.650517701776861
-0.470582272294814	0.31569497582926
-0.152029243883756	0.121011026026617
-0.342027433865023	0.306973115834525
1.10995522556295	1.59832073103334
0.730513416958276	0.985158426780522
-0.372679450224621	0.333108707906452
0.182363297441024	0.159606474660643
0.205012657195882	0.197107382176765
-0.0537810958934042	0.0406182967838528
-0.0643345528681968	0.0593528014901705
-0.277679149594603	0.272265266667928
0.358413216607171	0.312037956874683
0.372544388243244	0.40411638583848
0.378854821468891	0.417717135236224
0.17847191868288	0.147598661773426
0.941653227433362	0.934957810337948
0.504822188982883	0.184110918199219
-1.80190156331263	0.405310176911618
0.644424999818512	0.207579266186308
3.25422405878576	1.0988640104023
0.899691216617004	0.773188505451393
-0.0977576017510516	0.0720651345505212
0.705836449002623	0.801640607128537
0.419902833099092	0.418167527938657
0.0845838557308756	0.0781096122293459
-0.157488810990992	0.0900280051730708
0.344073186416035	0.172450368042137
0.718621005614295	0.584273897547342
-0.4384008756352	0.376497157949327
0.320142819620631	0.191675848638162
0.158073754248427	0.096239926009458
0.644393744866477	0.825959076976733
-1.11091705633444	1.33763010845158
1.21470440951073	1.43982447496513
0.264724275461379	0.204868930760365
-0.387449415624327	0.338840443328452
0.596091643308744	0.312565873458659
0.685275352099019	0.972953825363559
0.473437102087811	0.528818646963671
0.550282937241625	0.416471113713364
0.777280258589879	0.612557333580042
1.09199715953865	0.824484211531906
0.157209866827587	0.109151240884606
0.0822693853935118	0.0600230211663919
0.610026145664294	0.668053770941003
0.457451967127045	0.409381414692874
0.638179575217192	0.675011979613291
-0.356787352905613	0.344822695438002
1.2729468227666	2.17513901721666
-0.0192413144007046	0.0150789266128682
0.259497919689039	0.266764434164647
-0.42988724165483	0.522482474307675
0.628741415141897	0.853440627813209
0.359490194000941	0.429157478885999
-0.116947091062676	0.102798614238494
0.435478947744303	0.512388280774219
-0.301471803572007	0.2950889197537
0.696996584176003	0.97423833837184
0.31687543125166	0.329107214074311
0.182513347377604	0.165816599507113
0.265326065201348	0.22898268673164
0.994199318916293	1.18914878072551
-0.0791483415285885	0.0587421295659029
0.0945720897266427	0.0722145801242425
0.476299670896548	0.424996153368829
-0.386082716670951	0.398901313857762
0.664433093446166	0.569848465130578
0.127523777159658	0.0543645736758558
-1.48476544096335	1.02686975051872
0.920191296215974	1.0295705073553
0.0948004147580015	0.0722748882105505
-0.0246010939967748	0.0193648052639427
-0.0775340439671049	0.0700817632015542
0.416596263906303	0.410513516396456
0.788949764135866	1.1928464142668
0.696824781596279	0.888191754313789
-0.130024440604207	0.105203478543093
-0.455650227174027	0.460168807319471
-0.359860264196883	0.35184402307632
0.887593687459725	1.19380000467191
0.607763807509081	0.736133993841853
0.42393994236652	0.420503276629291
-0.0225273238597979	0.017268327582632
-0.562754896566345	0.355313363482764
0.491941399535746	0.309165759200835
1.42795516831077	0.478570790474717
0.636334245031832	0.202658963099978
0.139576085242422	0.0352987079074651
0.641431038909059	0.206705899790905
0.880524490547712	0.460507054907619
0.419607447714444	0.31652084566602
0.147228224417434	0.0780838097131066
-1.56688237768927	1.50430427033985
0.405658043742096	0.293845869082115
-0.400415943704361	0.319593945309433
0.0248863020552746	0.0143979653822575
1.03868460018802	1.73739229711255
1.22867011924888	1.69359388434282
0.247019316279522	0.199453138966836
-0.0829910243132058	0.0595158666645327
0.263366317843873	0.209284038680471
0.0080331494823366	0.00430872913709098
0.639069309878538	0.44638440817093
0.668460947144768	0.309251479257025
0.549046645386631	0.63524636494359
0.535208278344354	1.04519881252417
0.649395921452089	0.760806837668901
0.40332159620368	0.40434058149025
0.316110174698759	0.320600693535741
0.789109267797882	0.946706911061646
0.776701290432708	0.727807989436732
-0.20281311013276	0.175553461122139
-0.71734546782291	0.643622399821144
1.03670016219593	1.06812398603678
1.61649939524439	1.12333702799494
0.128549695970254	0.0548313739151234
1.06289718219572	1.22474249361698
1.18376322074782	2.1025273518016
1.72529094715038	2.88717477440596
-0.262071762735829	0.258493739101869
-0.327055103368202	0.33491109937424
-0.41948976388486	0.455389273324526
0.643093360121839	0.742448812211784
-0.213110951102581	0.198553316590622
0.937763733714224	1.44096179672778
0.440288765371978	0.430255790933049
0.506632944572303	0.610487600261768
0.193594074228756	0.190700342418967
0.246996121465802	0.266963405241436
-0.0316413143490855	0.0273243563753631
0.0650837514158289	0.0440078998536205
-0.288019903050284	0.25844832817459
0.702192544636372	0.778825365939267
0.259037242663876	0.23707198105135
0.142738179971212	0.0684506922239225
-0.888744668356201	0.886890343231819
0.597961457414934	0.559700620336575
-0.0089988093273006	0.00713061580900403
0.260360217312497	0.230578559595838
-0.33021394678112	0.341783603137542
0.349835869948573	0.325473062057426
0.189776651205593	0.170242408887697
-0.468278543268294	0.531159670843722
0.187688267005761	0.168338221885381
-0.359860264196883	0.35184402307632
0.341828184514997	0.333428823096748
0.0695911886938654	0.0602497285415923
0.633831342946926	0.666696623645945
-0.240997078761613	0.204407327943527
-0.101572407531681	0.0820427413189176
0.142001011257893	0.0746849549617918
-0.665937168985309	0.398102144929065
-0.750453159564684	0.266070645067511
0.637110020884382	0.202981575807905
0.129299133104508	0.0442965545546769
0.926974875419701	0.246284209674963
0.13377964661681	0.0339655613686654
0.689121680761589	0.440239336785142
0.554675690330924	0.427325079617266
-0.519276889871397	0.399395175646028
0.268095569311168	0.209779935421065
0.172076348429924	0.128744872120123
0.391863618235017	0.307984616659976
0.823976220261841	0.974065591335858
-0.874012498619233	0.951331657931902
0.353565452366412	0.321336320377692
1.3616086579914	1.956899404341
1.45177403911945	0.881970911117199
-0.205473080362486	0.111515783568887
0.462242600765824	0.532951906485836
0.233493390757845	0.294508508184819
0.446173865989236	0.319193247887691
0.0691107201430296	0.0496237069072015
0.176241606703356	0.145477940648149
0.0223971065623351	0.0130799221181292
0.305592308016223	0.183162965670769
-0.138549646189113	0.11298060101208
0.358378027575232	0.176050673941952
-0.170808788420216	0.117147045576896
0.158170614012742	0.0906062750691843
1.79692786302671	0.707950117880233
-0.0377495083660824	0.0180459340478604
0.00483148925587041	0.0035737391008015
0.688586038372238	0.691260920647991
0.465001492135093	0.431634811096462
0.0833993079455566	0.0609619174629903
0.187054970751857	0.159085803442581
0.189799779381404	0.190070318994634
1.05169758584477	1.53453656000475
0.139644413272095	0.131135085236795
0.0863869190934688	0.0652294580462145
-0.168667582150874	0.157925200064395
0.349547798240102	0.321163764721724
1.6596082253827	2.66461923170572
-0.0386299921737824	0.0183518509554982
0.988357703761531	0.803713744824495
0.646331855577245	0.582206489076465
-0.16364543689676	0.0940271858470208
-0.272048009875391	0.20659572530906
0.404424696357856	0.422100833519526
-0.116645427055641	0.0962519001923368
-0.368346607651188	0.328576714433572
0.0778262671192148	0.0548651189016351
-0.906367937072896	1.21857787299237
1.40232343744944	2.34114161310441
0.0578428759093652	0.0398567688646333
0.177888139086135	0.142643843701453
-0.301613819731189	0.275803449506101
0.0760413913938715	0.0553342219469779
-0.396243464824553	0.403366395190293
-0.0491159644131027	0.0320847515519883
0.128934561205538	0.0551132900204522
0.677012154226791	0.3137432976008
-0.371195854454092	0.109335251451445
1.00780161245042	0.382676369772637
-1.15790256442372	0.35664499176059
1.01988254667506	0.384160657007023
0.505066577571853	0.540748709289764
0.583296268443399	0.648720679415194
0.965063458930139	1.56410290751893
0.786262399601765	0.46785168811412
0.697961324124884	0.459405657370485
-0.240012857772306	0.15792188486082
0.490094106486556	0.303840686743736
0.593040528362617	0.556999776788921
0.256029605299349	0.213181350894252
0.300256590846086	0.21177792688373
0.89372289433025	1.08615064092302
0.512053092183467	0.533399580346949
0.143647824697239	0.0677543713719374
0.137947030958258	0.0592439737071219
0.595576677833049	0.313354150327011
-0.796351457559984	0.434013468326311
-0.230424268259406	0.216332077919252
0.496707616178241	0.852079468800513
0.2879049799715	0.206743507849121
0.910968596006135	1.02354537708086
0.136402732611651	0.0587480145985185
0.333191542972813	0.183844536502058
0.777901913277382	0.464328254372988
2.08849476509833	0.9440485467898
0.372411733240217	0.165579301111008
-0.164201851603289	0.11421204421037
0.126876371713412	0.0427534563331399
0.869349630976088	0.878791223102101
1.07201945073794	1.76496680037138
-0.0188654849288099	0.0145969594972173
-0.678713837814254	0.830774946344194
0.175443769915321	0.140099299624302
0.063845798781093	0.053955376467623
0.454169158825461	0.433777497667999
0.100771980394982	0.0813094460797397
0.605793348149992	0.661254357728299
0.923401613367099	1.03061359723969
0.174888961077864	0.130732579887066
0.348409803159634	0.326732211234469
0.188573700535172	0.16823500304062
-0.0990380178409392	0.0735802204088803
0.17977429223532	0.143711832316538
0.616567420250347	0.67182733946138
0.274108256849515	0.228552397631466
0.531587661412132	0.541654124700574
-0.183019699481079	0.126782678652287
0.486861083710789	0.435044266260637
-0.666300185994986	0.705299906445639
0.703773054921596	0.792375753691732
0.129425314369227	0.115635502332573
-0.862014529562769	1.04987002394389
0.447863312530314	0.423489246870147
0.0761003032759178	0.0563008366304968
1.49787830703705	2.38568400114291
0.407284036423681	0.410916185569152
-0.698329161787187	0.484556058379244
-0.116155411560642	0.046386986442749
0.139576085242422	0.0352987079074651
0.124327450747524	0.0474026095270655
-2.0907818935671	0.980234505113829
0.651465825882363	0.201291062434655
-0.234616970288786	0.076011182162678
0.874991918125877	1.38262340206167
-0.241712114715146	0.160427827554974
1.76621062127562	1.76417392189443
0.320790358712795	0.191849665287049
0.30164221129643	0.195821156880587
0.555321536480588	0.44427984762643
0.340771501034247	0.294996838434212
0.425137694641498	0.408996447099032
-0.159148860816347	0.128445117589252
-0.727148955001245	0.643931598784451
0.327807376556681	0.181363174559576
0.349628886131828	0.335356497881584
0.640204384260695	0.202440736609696
-0.249307824194097	0.125196186116279
0.0871469673295892	0.06392926774209
0.812413540579152	1.52504241018695
0.492411622347675	0.311420531124501
0.84460885486049	0.76205174896342
0.896554911502706	0.762537273809107
2.118215460295	1.45937031372808
0.128617129240996	0.0491473375658159
-0.679549864592561	0.470035496478436
-0.0654538430685859	0.0285664156125972
-0.455473780914473	0.352180022508269
0.435756485175759	0.508116040134515
-0.232335946504694	0.213982754936757
1.0588380400171	1.63462354068508
0.539514878652357	0.526260102008239
0.529176314689387	0.530945703632843
-0.15271887742706	0.108417786581711
0.340868217421104	0.324423804644274
0.989885349468178	1.18018430422484
1.28303286901037	2.00511580973466
-0.0441268863922626	0.0364706570415509
0.264791225670963	0.221514466579332
0.828234066879256	0.979187804159847
0.410299079145684	0.508091973104508
0.0968178936696671	0.0773096166004249
0.966960185701903	1.05897141117971
-0.520387062123491	0.478986206641845
0.823008704178335	0.95996272337073
0.916099946639257	1.01474603657821
0.604915194433861	0.80018195438306
-0.352735384933338	0.278449059577074
0.63682244034828	0.771222381310881
0.345239557675645	0.322299096272146
0.457866558107816	0.421764172041564
0.465053636125735	0.526275130036398
0.933757888319341	1.13033164867783
-0.223801880947752	0.192834942368944
0.963217614452413	1.04808039657037
-0.379734810648067	0.360413818647383
-0.0641865388030441	0.0489742614863496
0.110014984728138	0.0879802003929852
-0.554090759858929	0.550941169456085
-0.256592350560083	0.128321601943125
2.26945538421888	1.69234208696246
-0.368970569520409	0.108704530129129
0.807657047620498	0.341688010260639
0.131669054203935	0.0451092981844482
1.01510375924483	1.29165325154192
0.822582861507994	0.961679245057373
0.401509080784257	0.482695467823112
0.59137884633363	0.448320897139134
0.0309938095322704	0.0189287037685745
0.0307764009957857	0.0177059519537781
-0.944946692756312	0.682577771831642
0.467747101112029	0.315224192020445
2.30085888601945	3.27928265168824
0.0865937783007568	0.0636890995695568
-0.0230967701651894	0.0154726337588862
0.587481571068578	0.562985979149115
0.595954154733155	0.313662255262955
0.137806134714371	0.0659034639504024
0.603072254411267	0.74973858685384
-1.18290509428977	0.664956746185738
0.348685968829682	0.176546970120616
0.398384073787889	0.44253436005201
0.201472453343677	0.262562380612371
0.454655745605812	0.306580325009512
0.889817632427664	0.484607505046141
0.603429655297822	0.568455708674199
0.259621992073295	0.224149187940103
0.155292782593461	0.0886714692711295
-1.29727363256265	0.59787885796318
0.130091169232769	0.0495899742716953
-0.907708683156465	0.753637361649067
1.01481435239274	0.947953817625402
-0.0259861606760838	0.0174725370955389
0.441961232161812	0.424649834189603
0.366453402447996	0.437203508460699
0.144190377419825	0.133027354520047
0.343842727313153	0.326421508001046
0.264860783483515	0.237278891919909
0.42117699405584	0.429017980683196
-0.565030028922837	0.60505157185808
0.744885641103734	0.828746939709338
0.905540864089337	1.11696939795019
0.190589635619564	0.183723969842888
0.149345231268118	0.149501682380689
0.25930666580702	0.221525779366199
0.152091855569662	0.0923480974803718
0.345183311434738	0.313646576903474
0.0291973015200755	0.0216480033314545
0.972967254590657	1.33219704712438
0.469951902974029	0.436872199974915
0.707867726293205	0.88754992557349
0.0892195806073506	0.0689387675235295
-0.596136508483672	0.714017311527188
-0.0571134820310767	0.0372102740493626
-0.0673052733347406	0.0560969314144041
-0.256643593438798	0.218360210889114
0.582472524942016	0.729052514577665
0.853705122668555	1.18710690933266
0.379039025994614	0.307874252897473
-0.430362048170919	0.523754273823029
0.501244533741543	0.536587532782157
-0.309843833178489	0.252936836467289
0.830327550842687	0.747469533136583
0.692823981350434	0.432335620238564
0.429738004776667	0.174027388577235
0.804297843520141	0.33637515313941
0.636334245031832	0.202658963099978
0.72261736323629	1.12539794371424
0.160091721196116	0.0977262294559512
1.10460844610181	0.976300623557517
0.127806599800545	0.112865598181671
0.280525849322808	0.2098413241051
0.45703622063378	0.302930731550584
0.0284106504303533	0.0164511673008955
-0.679336151661697	0.830093552541349
0.643652025841357	0.204814057575745
1.26016345229505	0.701979403502623
0.146445088169634	0.132717914406045
0.503188628619714	0.797555679833478
0.834310145977999	0.753678942301026
1.22394105074219	1.18092821712959
0.360424214029059	0.325971655399734
0.677475099969342	0.316278516989648
1.30387609497965	1.48230039136085
0.827460304959254	0.749348385719744
0.175279230365121	0.13009033471496
0.46360193321419	0.314146183531614
0.12936870254168	0.0498457012976766
-0.238582126977172	0.0793549061566532
0.359022977744214	0.325540728144094
-0.0429691842515922	0.0203764417135665
0.28241654970517	0.210889933597443
0.19000713284954	0.157278389066199
-0.115248637789024	0.0670489213955261
0.272730413968129	0.19027544247055
0.439570196800534	0.424419037734563
1.05848164507673	1.56385168373629
0.508650179477016	0.526555759967309
0.271987192947337	0.252989187609659
0.49955300198359	0.5252429275611
0.290487537563362	0.209731547628645
-0.450493893542511	0.354954790269917
1.56068305056522	2.12817964604306
0.630555788459181	0.671856837170667
0.161007550093119	0.10465276841861
-0.210992998225972	0.143669874581754
0.40075677505747	0.315850461600982
0.425399147162911	0.435987764367533
0.416665977307641	0.429214755456582
0.563170490299748	0.639388066488707
0.574965836387651	0.558805798742238
1.4051924702282	2.25338490406443
0.179096316510742	0.145887789272851
0.38351239851452	0.425642443957235
0.159917613838335	0.113121477151183
1.23066872108545	1.59604381744705
0.487799065666034	0.438759897416553
-0.177663087812483	0.155454451463115
0.293767465088677	0.201348165988381
0.0400488003410693	0.0247323274431718
0.306000733628565	0.181998610701504
1.94960017784595	1.24096219156804
0.154832824089945	0.104420905087631
0.51362252019678	0.440458636622447
0.879522326721603	0.904034607707177
1.06363175327542	1.25028241275741
0.914847172993863	1.00308421649134
-0.344263344606274	0.208684456082294
1.23107250459575	0.830386235990874
-0.550703033294302	0.346594969758122
0.275833030999551	0.264977785871314
-0.649319222104321	0.16021039083734
0.600131274010441	0.313637265444187
0.840124845456309	1.08079793337763
0.501519659612746	0.698450380923893
0.411472287270138	0.313467184837985
0.176403947766475	0.136871048577175
0.147934342850686	0.0777940624308626
0.880674653748908	0.467413905930449
0.98599761557038	0.801991033935006
-0.465286320892992	0.307724118312088
-0.935079691122923	0.677206153635534
0.0882281090846046	0.0669986563043961
0.979336169519456	0.79554192078765
-0.123152984536694	0.101295602823051
0.600058711185479	0.749317756215167
1.13006116714338	1.83312298400616
1.16414458438009	1.88099905461052
0.820378668152444	1.06444661495862
0.411727325083831	0.306571278958223
-0.485624566822646	0.41601230107122
-0.232273001268363	0.178788363040445
0.639222612289582	0.767452103382469
0.364202665127196	0.321256761718712
1.59200356535346	2.46698678946212
0.863520300046923	0.994833108516429
0.395438282693879	0.324117471928279
0.569052518689404	0.449716750764795
0.523538933307003	0.431024869285495
-0.141706096542629	0.115781392363753
0.491032873344169	0.308234500668277
-0.209468016713337	0.164061765596683
-0.541921059714951	0.611340910663044
-0.208991367809879	0.141937020980733
-0.319992379806331	0.26398450961163
1.07207045905293	1.33681940955151
-0.519822606453402	0.394556685414457
0.17434446669198	0.125287519604903
0.575100587679992	0.626280539231506
1.07595067437808	1.33981905337183
1.68778321071109	2.29120597353858
1.24200304387689	0.843914910598517
1.55687223512352	0.771439580241442
0.131770953769287	0.0569213800918292
0.781267741496765	0.46756309913472
0.532646792652884	0.44620222144599
1.42125892898982	1.56476712026777
1.10347006004956	0.990900123384077
0.900559107441548	1.10364966549598
1.63732728934373	1.49344908177138
-0.61973178358957	0.509082410841012
0.127649317279597	0.115603635483393
0.381279926174641	0.313010115011756
-0.16639861378912	0.0593058350463664
-0.536598984622011	0.209038089032502
-0.160533934463421	0.141973876444089
-3.47956517355882	1.23553253438715
1.55239096568043	0.775447909362186
0.359806562194474	0.326455162681086
0.404078540728353	0.527283291301809
1.09234121370061	1.94403500503822
0.178222392917744	0.131067130077049
0.135506264229104	0.0583261544619557
-0.073615978814065	0.0322792195945672
0.903203780183611	1.13578325985368
0.129941237746952	0.0445266641773187
1.21880200828468	1.72464600454344
0.467286777251839	0.530724608195558
-0.522350383299101	0.558669271765127
0.00947611888958808	0.00689127394290244
0.582493011749312	0.708558293505711
0.532467161541646	0.538700855121508
0.743501532364224	1.07571841346703
0.538991618207663	0.636179949810309
0.318466199020026	0.323694892597149
0.382824240010079	0.410353513175256
0.335378496263512	0.330568234425973
0.530822357677169	0.533831153199359
-0.303929848210243	0.300344469906249
-0.628187965026544	0.703793949057672
0.166951686168828	0.127110776127874
-0.0100522408392608	0.00794611919089987
0.427907118294347	0.438557911209158
0.171330201040454	0.122986542926484
-0.886676049579504	1.29471856185819
0.878859155834368	1.29727186583963
0.310094969302753	0.32085968418096
-0.222565439209798	0.204365837783168
0.031535858981529	0.0191655076202803
0.167250989776035	0.108687132978881
2.11173161561367	1.48787522504603
0.926329332609966	0.245803896301602
1.7959287507101	0.710356981550796
0.494886445576725	0.303859895895995
1.22057441095449	1.32681682164937
0.382794069736403	0.316156028046536
0.179072960837548	0.15213575538014
-0.1012781051496	0.0742574538342278
-1.11182097640427	0.762708564217746
0.152556676087424	0.085294238188569
1.67469901257317	2.9558893147111
0.135931183146639	0.0408601823442341
0.139245745474404	0.0599559360941925
0.08092882088067	0.0737144416260652
0.826042990296793	1.64391138331318
0.885260862641648	0.473699600049677
0.806265799857165	1.26914341394071
0.603812497864753	0.56063536443147
0.592180317668555	0.446018739770913
0.499730752374712	0.312281440470759
0.529988230952045	0.303100844340106
-1.00088595579251	0.501834696131827
0.146475083163251	0.077722705900042
-1.01684663611293	0.925132358672603
-0.107389210124692	0.043337395747728
-0.108083750011049	0.0800353592024522
0.0752085344471838	0.0549185790205476
0.332361548367721	0.326426850652655
0.818184181499524	0.964978022795483
1.12198802512221	1.2461070051541
1.0513323462064	1.22484517111076
1.00038982063567	1.19817045587294
1.05356467219446	1.54030815877618
0.570431486025403	0.546448650398508
0.268109418988649	0.225715192030841
1.36493342817123	1.95454336421867
0.282923434614699	0.190990911442602
0.598367105195083	0.642308626375381
0.186466930953004	0.154537285032347
0.853392619491011	1.08486879727758
-0.323632763442453	0.270757814010312
1.27797321265465	1.88364312398415
0.716878781481931	0.805921805128321
0.0930622670096667	0.0650408061210511
0.878936823872193	0.898953452745092
0.46638539363998	0.428790272857744
0.344073186416035	0.172450368042137
2.34069277617099	1.17709168823907
-0.751444890588777	0.263713332527736
0.129278986113907	0.0386815864932076
1.01323380816185	0.382629292904723
0.413800983115378	0.314807102014895
1.40070962079623	1.68578149058864
1.5031013269655	2.3658070874111
0.302776260526671	0.1797804693263
1.09199715953865	0.824484211531906
-0.411719809305789	0.231656173196564
-0.0534342032572906	0.0452488895375444
1.42719460355007	0.477448564652232
0.525067236902689	0.293528048073417
-0.242469448855711	0.204214674848825
0.313207772556026	0.411680785455047
0.462448545664489	0.312860762622262
0.348551650558302	0.334282397686821
0.592722120505786	0.311472861936352
0.844506598827495	0.608227372507764
0.431203123209231	0.419626818816393
0.296820284205269	0.191387187031466
-0.168709143575624	0.0618957168726134
2.11557953809779	1.45959727558079
-0.0629602532603375	0.0476337750229936
-0.0194684697710049	0.00971032864730564
-0.050220366496274	0.0330357532222349
0.457594936661502	0.421024634318747
0.583442709880736	0.714192971643863
0.265890336089168	0.253149965270454
0.538962899172235	0.635968354895794
0.258267648432836	0.266622421276048
0.199736732423744	0.19324870415527
0.500691952794436	0.533307185162878
0.777050438484062	0.737699884171685
-0.269716554069252	0.249553792866798
0.113736870388448	0.0917584638305482
0.480171191979427	0.53691443359806
1.01096438903438	1.51687110982131
1.30696047967767	1.50178229506772
1.0085495226757	0.383135807980842
0.85149252971128	0.95134214218654
0.301273797853292	0.20301166512259
0.776636533986513	0.451940178450158
0.0838565614683622	0.0617161748041966
0.534963542528848	0.303224683890078
-0.120377980366993	0.0478214749194148
0.466182592643055	0.316266503699847
0.637677896480203	0.851523117271134
-0.788963282583663	0.352211941513484
-0.795072613410328	0.352040210285426
-0.233064352108905	0.199485562714015
-0.171470572935229	0.230091441317439
0.145070471664304	0.0770823206870093
0.494281943472653	0.712658361141633
0.494917691559735	0.527154695159398
0.86693249643047	0.991182048006071
-1.108271166463	0.759366919398162
-0.165318734214513	0.0606610603776833
0.376646413010446	0.163163903261865
-0.246916506138474	0.161688073639367
1.76161460404586	0.998795483303276
0.977341656385064	1.48857675751933
0.697503127935952	0.887374069144445
0.182444970516061	0.153584438503893
0.19766503232335	0.186554717684052
0.127851266449612	0.112812582367397
0.196495268790031	0.185415762026145
0.553534056170537	0.62846913539764
0.768589391709959	0.809265574549855
0.58371713362655	0.711824294795851
0.716682648610414	0.587778005344602
0.638413507882522	0.683938758455733
-0.314775195133365	0.261690176280894
0.268627068219294	0.209428373031743
0.17482803502143	0.134514179886459
0.682267109593477	0.791123505690133
1.01172484601803	0.38539678793708
0.137716344096337	0.0264356853006178
0.641203436908402	0.204828865510354
0.705462231825062	0.448161602359435
0.272639693207104	0.203070524053157
0.292398040055597	0.211930669139906
-0.242367939869414	0.159649601200278
-0.232257303418068	0.151326601469202
-0.0376880701350831	0.0179760352940175
0.681036261903211	0.792396242292813
1.30322855368266	0.568847326115475
-2.00033246409301	1.3617338414104
0.881251412519678	1.00687569060091
0.385156419621754	0.50142775839374
1.07575168453648	0.665444902236586
-0.252021318914833	0.128059804024832
0.372596412741701	0.164378068084297
0.528691262352263	0.294398819466307
0.67901757313456	0.322548276957465
0.777493100435739	0.72493201441705
0.185646641252882	0.159906672292992
0.607209936847254	0.8250196879607
0.270374080316247	0.246385890167066
-0.269319631402869	0.248141931928425
1.12408332338151	1.88774311289525
0.528521021322319	0.539564623048352
0.146570890658635	0.144438422581054
0.184939384947882	0.164999883313874
0.530338091479451	0.544021514555385
-0.332709448275694	0.326482937257162
0.331746721112129	0.341614257088894
1.95256933090985	0.464168557061862
0.402376206645464	0.319942311302187
0.268819580627893	0.206270658009862
1.83848562392084	3.04374226546544
0.410976639501475	0.30794996657094
0.90036798115154	1.12947631627726
0.639248375361919	0.449096161447829
0.141810784125479	0.0674769218157348
0.0958585529653867	0.0887963674061226
0.538027118454282	0.304428628402396
-0.321588029620699	0.149106465782365
-0.185842188428252	0.162417050701003
0.225709158231795	0.350344834564667
0.718004652991934	1.05315949203796
0.146779442627304	0.0841887488842592
0.0668743439457067	0.045160789099021
0.423315510192861	0.171523923653337
-0.0718420338027756	0.0312962622913171
0.178422083818257	0.136461183835496
0.955797947998388	1.37482739073901
0.527713940536516	0.617233018982879
0.142796159540056	0.142763018412118
0.444349081308653	0.632828548106346
0.305040669386578	0.344634721591683
0.0167896100616261	0.0138796761018761
0.309931023246338	0.349321281951987
0.500594123347021	0.602192145324936
0.0261032080911804	0.0226718488138005
0.439070452469581	0.517336739434122
0.535142669863794	0.632761790335996
0.185172264375633	0.153573038904343
0.414092109333814	0.426114131471259
0.792509533633223	1.03073170281875
0.449823865874908	0.587402432969404
0.443213342772034	0.597538352697224
0.633077037554548	0.762752342609448
0.595576677833049	0.313354150327011
1.04583648452838	0.508894212269112
0.438217989194694	0.434704038366041
0.262650067117927	0.246392913643303
-0.305727671161487	0.24601108307641
0.426779823100085	0.40535361510785
-0.539657265665546	0.540962589483509
0.524786375356812	0.438304699520014
0.667780432207259	0.571008442673209
-0.315912444689696	0.323855604162046
-0.320808722832441	0.147677695136336
0.782527296638175	0.61257870404974
0.80191852862383	1.22981997457658
0.536629966274948	1.09263959072763
0.83190405228302	0.758639127992721
-0.311533007628958	0.36303276047206
0.139700136845847	0.0605305670575496
0.140991547217693	0.0796268739759254
0.367095747767454	0.304206032502029
2.54733639721829	1.42775626615285
-0.621027443394232	0.302025636916196
0.0478052955848327	0.0291810399485712
0.607071761523615	0.830111021605995
0.246169176600892	0.250066868665525
0.340389362558556	0.334645135682804
0.463867933070546	0.526903296419902
0.852983163603093	1.36259989567179
-0.948041004531767	1.56911500432716
0.174428177660405	0.147014132074946
0.603783950469552	0.88728922130029
0.251088553155234	0.204107636229718
0.335885299264536	0.325253625102734
0.325694942239527	0.33891014331339
0.693216794763093	0.871937960756618
0.748883134159731	0.913660350339742
0.634878060175169	0.578451730004894
-0.237565426905632	0.15505772381047
0.410134590438714	0.309320976900783
-0.913279910430827	0.762690736544934
-0.417976498082856	0.420811943652381
1.55414783644723	0.79255832938947
-0.505501557960806	0.267016480955288
-0.321053063861376	0.288890545808029
0.217700599893475	0.288706892395132
0.316399141622686	0.170460660713123
0.193834790882416	0.189819990377448
0.384335511514087	0.173210318245947
0.773393943783407	0.459398826388658
-0.135083950554028	0.0956738442734801
0.714056351852613	0.573969921916008
0.516280967517461	0.702401577780765
0.569275680161757	0.715811585830305
0.784041159760564	1.49924078746095
0.137590892346346	0.124189862711908
0.587020340616445	0.826038766266726
0.366559369644529	0.439621303758399
0.27615942848741	0.214734932441144
0.330160545402249	0.328508879692675
0.181911433146556	0.15890520766802
0.363554708189971	0.321398234978498
0.634396531112796	0.445986918128311
0.165114395787026	0.113167377849709
0.734236683644656	1.07290033923997
0.432526466772313	0.175579738668412
0.981473618604819	0.78613230505758
0.820967599854991	1.06836289832184
0.509426168135579	0.875329007167453
0.284637916659365	0.214339895692362
-0.120781903336912	0.108673545725336
0.329770434752131	0.339819850592297
0.307562624090476	0.3600740715263
0.357573332835523	0.43329476834288
0.694519971045089	0.97539593012229
0.368681570825698	0.427036942299176
0.00755461478120476	0.00629539049462657
0.168398385002901	0.119937642236835
0.920018514860609	1.03995856656572
0.278814872641758	0.19752590449944
-0.706305873334831	0.566300996329643
0.298286926673737	0.191024506743292
0.125249193132576	0.126341822800101
-0.0699861319030665	0.0304952208152403
-1.0005373008083	0.505499956038138
0.369454632411969	0.450538823498863
1.30759894291181	1.52771604343047
0.48777186098306	0.532280605964421
1.16643472881935	1.76541666165573
0.118708830408661	0.101181365664597
-1.18136455864254	1.47333099140651
0.770946028506319	0.601049936163316
1.26232528093409	0.697852762443799
0.799290226460679	0.340854272095793
0.608588358043919	0.569034245886215
0.334004849068505	0.318545030574583
0.592406791431037	0.649265062462229
-0.241351386584492	0.186778903062351
0.639322682771799	0.584550129407751
0.982197711297847	0.79105178905117
0.944706972254468	0.639483798169121
0.151415174394096	0.0782548165542643
0.323401489030879	0.34032334607428
0.366189511125331	0.448414624300081
0.540622037814609	0.715245069601331
0.376086333635077	0.43524868378423
0.445333814089639	0.4097607057777
0.61026499871568	0.567942375758284
0.640166716764768	0.454713990768106
0.702255638322605	0.705633177946474
0.390808845824549	0.323147030398375
1.06454815731652	1.23162591809721
