x	y	clickSelects	showSelected1
0.0402851640332416	1	1	log2(tiles)=1.50 log10(pixels)=2.75
0.0955940931600243	1	2	log2(tiles)=3.25 log10(pixels)=3.75
-0.0259851886271361	1	3	log2(tiles)=2.00 log10(pixels)=3.25
0.0967699535372186	1	4	log2(tiles)=3.25 log10(pixels)=3.75
0.0227994045116882	1	5	log2(tiles)=3.50 log10(pixels)=4.00
-0.023191662661934	1	6	log2(tiles)=1.00 log10(pixels)=3.00
0.0918300569205104	1	7	log2(tiles)=2.25 log10(pixels)=3.25
-0.102581457648652	1	8	log2(tiles)=1.50 log10(pixels)=3.50
-0.0144011003018201	1	9	log2(tiles)=1.00 log10(pixels)=2.75
0.121067862271736	1	10	log2(tiles)=1.00 log10(pixels)=2.25
-0.107515820635312	1	11	log2(tiles)=3.25 log10(pixels)=4.00
-0.0996924768680634	1	12	log2(tiles)=2.75 log10(pixels)=3.75
0.120698092575577	1	13	log2(tiles)=2.00 log10(pixels)=3.25
0.0715138050950892	1	14	log2(tiles)=1.50 log10(pixels)=3.00
0.112783856719735	1	15	log2(tiles)=0.00 log10(pixels)=1.50
0.0634810853944106	1	16	log2(tiles)=1.00 log10(pixels)=2.50
0.101869600729766	1	17	log2(tiles)=2.50 log10(pixels)=3.75
0.00633176732105767	1	18	log2(tiles)=3.00 log10(pixels)=3.75
0.00236751445989869	1	19	log2(tiles)=2.00 log10(pixels)=3.25
0.101842789782098	1	20	log2(tiles)=2.50 log10(pixels)=3.50
0.0113166433668717	1	21	log2(tiles)=3.25 log10(pixels)=4.00
-0.000801642608887043	1	22	log2(tiles)=2.00 log10(pixels)=3.25
-0.08838029403677	1	23	log2(tiles)=2.00 log10(pixels)=2.50
-0.096879478824182	1	24	log2(tiles)=1.50 log10(pixels)=2.50
-0.00325529027615845	1	25	log2(tiles)=2.00 log10(pixels)=3.25
0.0670263661590602	1	26	log2(tiles)=1.00 log10(pixels)=2.50
-0.0246907182741372	1	27	log2(tiles)=0.00 log10(pixels)=2.25
0.0706596700215343	1	28	log2(tiles)=2.25 log10(pixels)=3.50
-0.0333064008302455	1	29	log2(tiles)=2.00 log10(pixels)=3.25
-0.100326278518962	1	30	log2(tiles)=1.00 log10(pixels)=2.50
-0.0406723540278291	1	31	log2(tiles)=3.25 log10(pixels)=4.00
0.0797835966168101	1	32	log2(tiles)=1.00 log10(pixels)=2.50
-0.089909454405932	1	33	log2(tiles)=1.00 log10(pixels)=3.00
-0.0779021420642825	1	34	log2(tiles)=2.00 log10(pixels)=1.75
0.0709766773428235	1	35	log2(tiles)=2.75 log10(pixels)=3.25
0.0374264979406238	1	36	log2(tiles)=0.00 log10(pixels)=2.00
-0.00995327594850615	1	37	log2(tiles)=2.50 log10(pixels)=3.75
0.03655844257153	1	38	log2(tiles)=1.50 log10(pixels)=2.50
-0.0398826348881838	1	39	log2(tiles)=0.00 log10(pixels)=2.75
-0.121611069949688	1	40	log2(tiles)=0.00 log10(pixels)=2.75
0.107455023214669	1	41	log2(tiles)=1.00 log10(pixels)=2.50
0.1061244442423	1	42	log2(tiles)=0.00 log10(pixels)=2.75
-0.0176062401770314	1	43	log2(tiles)=0.00 log10(pixels)=1.75
0.0216790059744243	1	44	log2(tiles)=4.50 log10(pixels)=4.25
-0.120386554621817	1	45	log2(tiles)=3.00 log10(pixels)=3.75
-0.0496351456238768	1	46	log2(tiles)=1.00 log10(pixels)=3.00
-0.0856039478702138	1	47	log2(tiles)=3.25 log10(pixels)=4.00
-0.0816987086802548	1	48	log2(tiles)=1.00 log10(pixels)=2.50
-0.0575202309355514	1	49	log2(tiles)=1.00 log10(pixels)=2.50
-0.0594835150674329	1	50	log2(tiles)=1.00 log10(pixels)=3.00
0.0936317768289481	1	51	log2(tiles)=4.00 log10(pixels)=4.00
-0.0533541132129125	1	52	log2(tiles)=3.25 log10(pixels)=4.25
0.0818697742805017	1	53	log2(tiles)=1.50 log10(pixels)=2.75
0.0493405494535817	1	54	log2(tiles)=1.00 log10(pixels)=2.75
-0.0809219076239261	1	55	log2(tiles)=0.00 log10(pixels)=2.00
0.00852971897128674	1	56	log2(tiles)=2.50 log10(pixels)=3.50
-0.0210008683266429	1	57	log2(tiles)=2.00 log10(pixels)=3.50
0.0131624649622166	1	58	log2(tiles)=2.25 log10(pixels)=3.25
0.0437903846908188	1	59	log2(tiles)=1.00 log10(pixels)=2.75
0.0409548089261329	1	60	log2(tiles)=2.75 log10(pixels)=3.50
-0.107303046740334	1	61	log2(tiles)=0.00 log10(pixels)=2.50
-0.0506099933550872	1	62	log2(tiles)=0.00 log10(pixels)=2.00
-0.0114572590712148	1	63	log2(tiles)=3.25 log10(pixels)=3.75
0.0425764762605296	1	64	log2(tiles)=3.00 log10(pixels)=3.50
0.0208520116421442	1	65	log2(tiles)=1.00 log10(pixels)=2.75
-0.103473782510445	1	66	log2(tiles)=1.50 log10(pixels)=3.00
0.0371076326679267	1	67	log2(tiles)=3.50 log10(pixels)=4.00
0.0965970956264601	1	68	log2(tiles)=2.00 log10(pixels)=2.50
0.116049209800235	1	69	log2(tiles)=2.25 log10(pixels)=3.25
-0.0667103148049741	1	70	log2(tiles)=2.00 log10(pixels)=3.50
0.0581373786380386	1	71	log2(tiles)=1.50 log10(pixels)=3.25
-0.0159205927194055	1	72	log2(tiles)=2.50 log10(pixels)=3.75
0.037801729930226	1	73	log2(tiles)=1.00 log10(pixels)=2.25
-0.0413621509743507	1	74	log2(tiles)=2.50 log10(pixels)=3.50
0.107455023214669	2	75	log2(tiles)=1.00 log10(pixels)=2.50
-0.0967874862246565	1	76	log2(tiles)=1.50 log10(pixels)=2.75
0.0132176000679389	1	77	log2(tiles)=0.00 log10(pixels)=2.50
0.0353298350107671	1	78	log2(tiles)=0.00 log10(pixels)=1.75
0.0614524790871931	1	79	log2(tiles)=2.00 log10(pixels)=3.00
-0.0952844547213192	1	80	log2(tiles)=1.00 log10(pixels)=3.00
-0.0579919469776868	1	81	log2(tiles)=1.50 log10(pixels)=3.00
-0.0168027348934308	1	82	log2(tiles)=1.00 log10(pixels)=2.75
-0.029840696594043	1	83	log2(tiles)=0.00 log10(pixels)=2.75
0.0244856676991669	1	84	log2(tiles)=2.00 log10(pixels)=3.00
-0.0928301235162952	1	85	log2(tiles)=4.50 log10(pixels)=4.50
0.012837224705172	1	86	log2(tiles)=1.00 log10(pixels)=2.00
0.00587485567249146	1	87	log2(tiles)=0.00 log10(pixels)=1.75
-0.0451551399914898	1	88	log2(tiles)=1.50 log10(pixels)=2.50
-0.0177287669604316	1	89	log2(tiles)=0.00 log10(pixels)=2.00
-0.0525318690502443	1	90	log2(tiles)=2.25 log10(pixels)=3.50
0.0588054866759067	1	91	log2(tiles)=1.00 log10(pixels)=3.00
0.103698211776174	1	92	log2(tiles)=1.00 log10(pixels)=2.75
-0.0654310959658013	1	93	log2(tiles)=0.00 log10(pixels)=2.50
-0.0817972531573692	1	94	log2(tiles)=1.00 log10(pixels)=3.25
0.0466660250701843	1	95	log2(tiles)=2.00 log10(pixels)=3.50
-0.106547323513813	1	96	log2(tiles)=1.00 log10(pixels)=1.75
0.107455023214669	1	97	log2(tiles)=2.25 log10(pixels)=2.50
-0.121611069949688	1	98	log2(tiles)=2.75 log10(pixels)=3.75
-0.0594835150674329	1	99	log2(tiles)=3.25 log10(pixels)=4.00
0.0514499979728753	1	100	log2(tiles)=1.00 log10(pixels)=2.50
0.0158738437116792	1	101	log2(tiles)=1.00 log10(pixels)=2.50
-0.106985199745905	1	102	log2(tiles)=0.00 log10(pixels)=2.25
-0.0707355356609747	1	103	log2(tiles)=2.00 log10(pixels)=3.25
0.0276092143040909	1	104	log2(tiles)=2.25 log10(pixels)=3.25
-0.045880017344075	1	105	log2(tiles)=1.50 log10(pixels)=3.25
-0.0559552040819238	1	106	log2(tiles)=1.50 log10(pixels)=2.50
-0.000312917381596112	1	107	log2(tiles)=1.00 log10(pixels)=2.50
0.0845573605256749	1	108	log2(tiles)=2.25 log10(pixels)=3.50
-0.0705721033878812	1	109	log2(tiles)=2.00 log10(pixels)=2.75
0.110589710299249	1	110	log2(tiles)=0.00 log10(pixels)=2.00
-0.0043648054024501	1	111	log2(tiles)=1.00 log10(pixels)=2.00
-0.112966298717637	1	112	log2(tiles)=2.25 log10(pixels)=3.50
0.071391278311689	1	113	log2(tiles)=2.25 log10(pixels)=3.25
0.00587485567249146	2	114	log2(tiles)=0.00 log10(pixels)=1.75
0.0741258339165491	1	115	log2(tiles)=1.00 log10(pixels)=2.75
-0.0872421683184259	1	116	log2(tiles)=1.00 log10(pixels)=1.75
-0.110120913598764	1	117	log2(tiles)=1.00 log10(pixels)=2.25
-0.0510299956639813	1	118	log2(tiles)=1.50 log10(pixels)=2.75
-0.00305459038489531	1	119	log2(tiles)=2.00 log10(pixels)=3.75
-0.120590400897281	1	120	log2(tiles)=1.00 log10(pixels)=2.75
-0.0541003475907664	1	121	log2(tiles)=1.00 log10(pixels)=2.25
-0.0834820194451194	1	122	log2(tiles)=1.00 log10(pixels)=2.75
0.0711452904510828	1	123	log2(tiles)=2.00 log10(pixels)=3.00
0.0458800173440754	1	124	log2(tiles)=1.00 log10(pixels)=2.75
-0.108359296507612	1	125	log2(tiles)=2.00 log10(pixels)=3.50
-0.0316526695878427	1	126	log2(tiles)=1.00 log10(pixels)=2.50
0.0963529744506388	1	127	log2(tiles)=1.50 log10(pixels)=2.25
-0.093459819566045	1	128	log2(tiles)=3.75 log10(pixels)=3.50
-0.112310180881599	1	129	log2(tiles)=2.00 log10(pixels)=3.75
-0.0788339493622612	1	130	log2(tiles)=2.00 log10(pixels)=3.00
0.0267268673146357	1	131	log2(tiles)=2.25 log10(pixels)=3.50
-0.0300061736323962	1	132	log2(tiles)=2.75 log10(pixels)=3.75
-0.0861861476162833	1	133	log2(tiles)=1.50 log10(pixels)=3.00
-0.0170038896078464	1	134	log2(tiles)=1.00 log10(pixels)=2.25
-0.08838029403677	1	135	log2(tiles)=1.00 log10(pixels)=2.50
-0.0844190089820467	1	136	log2(tiles)=2.00 log10(pixels)=2.75
-0.0396814801737682	1	137	log2(tiles)=2.25 log10(pixels)=3.25
-0.0952844547213192	1	138	log2(tiles)=1.50 log10(pixels)=3.00
0.109578546904387	1	139	log2(tiles)=1.50 log10(pixels)=3.00
-0.118556230986828	1	140	log2(tiles)=2.00 log10(pixels)=2.75
0.0617538610557542	1	141	log2(tiles)=1.00 log10(pixels)=2.25
-0.0119538968712045	1	142	log2(tiles)=1.50 log10(pixels)=2.25
0.0276299008713385	1	143	log2(tiles)=1.00 log10(pixels)=2.50
-0.0916375079047502	1	144	log2(tiles)=1.00 log10(pixels)=2.25
0.124481817699467	1	145	log2(tiles)=1.00 log10(pixels)=2.75
-0.00877392430750512	1	146	log2(tiles)=1.00 log10(pixels)=2.00
-0.0555173278498313	1	147	log2(tiles)=1.00 log10(pixels)=2.00
-0.0257837359237447	1	148	log2(tiles)=1.00 log10(pixels)=2.50
-0.118704376996174	1	149	log2(tiles)=2.00 log10(pixels)=3.50
-0.0528419686577806	1	150	log2(tiles)=0.00 log10(pixels)=2.50
0.0211892990699383	1	151	log2(tiles)=1.00 log10(pixels)=2.00
0.119231719730976	1	152	log2(tiles)=1.50 log10(pixels)=1.75
0.12293896921149	1	153	log2(tiles)=2.75 log10(pixels)=3.50
0.12057393120585	1	154	log2(tiles)=1.00 log10(pixels)=2.00
-0.0457574905606752	1	155	log2(tiles)=1.00 log10(pixels)=2.00
-0.0128073572952627	1	156	log2(tiles)=1.00 log10(pixels)=2.75
0.0888490907372552	1	157	log2(tiles)=0.00 log10(pixels)=1.75
-0.116531544420413	1	158	log2(tiles)=0.00 log10(pixels)=2.75
-0.118045028660399	1	159	log2(tiles)=1.00 log10(pixels)=3.00
0.0440680443502757	1	160	log2(tiles)=0.00 log10(pixels)=1.50
0.0684807251745174	1	161	log2(tiles)=1.00 log10(pixels)=3.25
-0.0170038896078464	2	162	log2(tiles)=1.00 log10(pixels)=2.25
0.111723308007342	1	163	log2(tiles)=2.00 log10(pixels)=2.50
-0.0343280287798935	1	164	log2(tiles)=1.00 log10(pixels)=3.00
0.0264618041732443	1	165	log2(tiles)=1.00 log10(pixels)=2.25
0.0950980400142568	1	166	log2(tiles)=0.00 log10(pixels)=0.75
-0.0916375079047502	1	167	log2(tiles)=0.00 log10(pixels)=2.25
0.0337533833325265	1	168	log2(tiles)=2.00 log10(pixels)=3.25
-0.0281893847874533	1	169	log2(tiles)=1.50 log10(pixels)=2.75
-0.0687587626244128	1	170	log2(tiles)=0.00 log10(pixels)=1.75
0.0642475957319202	1	171	log2(tiles)=1.50 log10(pixels)=2.75
-0.106547323513813	1	172	log2(tiles)=0.00 log10(pixels)=1.75
0.0969100130080562	1	173	log2(tiles)=0.00 log10(pixels)=2.00
0.0561799739838871	1	174	log2(tiles)=1.00 log10(pixels)=1.75
-0.0809219076239261	1	175	log2(tiles)=1.00 log10(pixels)=2.00
-0.0977116556169437	1	176	log2(tiles)=1.00 log10(pixels)=2.25
-0.035156151952302	1	177	log2(tiles)=0.00 log10(pixels)=2.25
0.0701462861110538	1	178	log2(tiles)=1.00 log10(pixels)=2.25
-0.0199966284162536	1	179	log2(tiles)=2.00 log10(pixels)=3.00
-0.0891345219961308	1	180	log2(tiles)=0.00 log10(pixels)=2.75
-0.102059991327962	1	181	log2(tiles)=0.00 log10(pixels)=1.50
0.0791750739170878	1	182	log2(tiles)=3.25 log10(pixels)=3.75
0.0531960574204891	1	183	log2(tiles)=1.00 log10(pixels)=2.25
0.0662412999917832	1	184	log2(tiles)=1.00 log10(pixels)=2.75
-0.093459819566045	1	185	log2(tiles)=1.00 log10(pixels)=2.50
0.0289167002776547	1	186	log2(tiles)=2.00 log10(pixels)=2.50
-0.0458800173440752	1	187	log2(tiles)=0.00 log10(pixels)=1.25
-0.0333064008302455	1	188	log2(tiles)=1.50 log10(pixels)=3.25
-0.00877392430750512	1	189	log2(tiles)=0.00 log10(pixels)=2.00
0.112783856719735	1	190	log2(tiles)=2.00 log10(pixels)=2.50
0.022840610876528	1	191	log2(tiles)=2.00 log10(pixels)=3.00
0.00860017176191752	1	192	log2(tiles)=1.50 log10(pixels)=3.00
-0.0991167844516374	1	193	log2(tiles)=2.00 log10(pixels)=3.50
0.014547752660286	1	194	log2(tiles)=2.00 log10(pixels)=2.50
-0.122895201635192	1	195	log2(tiles)=1.00 log10(pixels)=2.25
0.0644579892269186	1	196	log2(tiles)=1.00 log10(pixels)=2.00
0.0568580295188172	1	197	log2(tiles)=1.00 log10(pixels)=2.75
-0.120590400897281	1	198	log2(tiles)=1.50 log10(pixels)=2.75
0.0909630765957314	1	199	log2(tiles)=1.50 log10(pixels)=3.00
-0.00649023527157011	1	200	log2(tiles)=2.00 log10(pixels)=2.75
-0.0541003475907664	2	201	log2(tiles)=1.00 log10(pixels)=2.25
0.0281512503836436	1	202	log2(tiles)=0.00 log10(pixels)=0.75
-0.0797382846050425	1	203	log2(tiles)=1.00 log10(pixels)=2.25
0.0352941200427703	1	204	log2(tiles)=0.00 log10(pixels)=2.50
-0.0195510786217261	1	205	log2(tiles)=0.00 log10(pixels)=1.25
0.0440680443502757	2	206	log2(tiles)=0.00 log10(pixels)=1.50
0.082066934285113	1	207	log2(tiles)=1.00 log10(pixels)=3.00
-0.000450374094850936	1	208	log2(tiles)=2.00 log10(pixels)=3.50
-0.0257241303992108	1	209	log2(tiles)=0.00 log10(pixels)=1.75
0.106790460351716	1	210	log2(tiles)=2.50 log10(pixels)=3.25
0.0293837776852097	1	211	log2(tiles)=1.00 log10(pixels)=2.00
-0.0378123955960423	1	212	log2(tiles)=0.00 log10(pixels)=2.25
0.0965970956264601	1	213	log2(tiles)=1.00 log10(pixels)=2.50
-0.0714816209598861	1	214	log2(tiles)=0.00 log10(pixels)=2.75
-0.121602099051862	1	215	log2(tiles)=0.00 log10(pixels)=2.50
0.025974331129369	1	216	log2(tiles)=1.00 log10(pixels)=2.75
0.0352941200427703	1	217	log2(tiles)=1.00 log10(pixels)=2.50
-0.0944774037465823	1	218	log2(tiles)=2.75 log10(pixels)=3.75
-0.111066059743076	1	219	log2(tiles)=1.00 log10(pixels)=3.25
-0.033996656365201	1	220	log2(tiles)=1.50 log10(pixels)=2.75
0.0629133566428555	1	221	log2(tiles)=1.00 log10(pixels)=1.75
0.0100713879850747	1	222	log2(tiles)=1.00 log10(pixels)=2.25
0.107332496431269	1	223	log2(tiles)=1.00 log10(pixels)=1.75
0.0659703454569178	1	224	log2(tiles)=1.00 log10(pixels)=2.25
0.121887985103681	1	225	log2(tiles)=2.75 log10(pixels)=3.00
-0.1249387366083	1	226	log2(tiles)=0.00 log10(pixels)=2.00
0.0888317255942073	1	227	log2(tiles)=0.00 log10(pixels)=2.50
0.0240749873074262	1	228	log2(tiles)=1.50 log10(pixels)=3.00
0.0211380837040362	1	229	log2(tiles)=1.00 log10(pixels)=2.50
-0.0779021420642825	1	230	log2(tiles)=1.00 log10(pixels)=1.75
-0.0613527040002828	1	231	log2(tiles)=2.00 log10(pixels)=3.25
-0.0917600346881504	1	232	log2(tiles)=1.00 log10(pixels)=2.50
-0.112510270487489	1	233	log2(tiles)=1.00 log10(pixels)=2.75
-0.0501622741327541	1	234	log2(tiles)=0.00 log10(pixels)=2.75
-0.00656376950238835	1	235	log2(tiles)=1.00 log10(pixels)=3.00
-0.089909454405932	2	236	log2(tiles)=1.00 log10(pixels)=3.00
-0.051912333307659	1	237	log2(tiles)=2.25 log10(pixels)=3.50
-0.0120126736665691	1	238	log2(tiles)=1.00 log10(pixels)=2.75
-0.0391021572434522	1	239	log2(tiles)=1.00 log10(pixels)=2.50
0.0963529744506388	1	240	log2(tiles)=0.00 log10(pixels)=2.25
-0.116461091629783	1	241	log2(tiles)=0.00 log10(pixels)=2.25
0.0185139398778875	1	242	log2(tiles)=2.00 log10(pixels)=2.50
-0.106547323513813	2	243	log2(tiles)=0.00 log10(pixels)=1.75
0.119093330626743	1	244	log2(tiles)=1.50 log10(pixels)=2.50
0.0902580529313162	1	245	log2(tiles)=3.25 log10(pixels)=3.00
-0.0814454694497266	1	246	log2(tiles)=1.00 log10(pixels)=3.00
0.0884564936046046	1	247	log2(tiles)=1.00 log10(pixels)=2.25
-0.11518562967954	1	248	log2(tiles)=2.00 log10(pixels)=3.25
0.02415784926368	1	249	log2(tiles)=1.00 log10(pixels)=2.25
0.106025857193123	1	250	log2(tiles)=1.00 log10(pixels)=2.25
0.00650503240487188	1	251	log2(tiles)=0.00 log10(pixels)=2.50
-0.0451551399914898	2	252	log2(tiles)=1.50 log10(pixels)=2.50
0.11391737695786	1	253	log2(tiles)=1.50 log10(pixels)=2.75
-0.0128616245228135	1	254	log2(tiles)=0.00 log10(pixels)=2.50
0.0120029693751156	1	255	log2(tiles)=2.50 log10(pixels)=3.75
0.0816297176299323	1	256	log2(tiles)=2.00 log10(pixels)=3.25
-0.0809219076239261	2	257	log2(tiles)=1.00 log10(pixels)=2.00
-0.0171264163912461	1	258	log2(tiles)=1.50 log10(pixels)=2.50
-0.0670191780768019	1	259	log2(tiles)=2.00 log10(pixels)=3.00
-0.0543770564130632	1	260	log2(tiles)=1.50 log10(pixels)=3.25
-0.0779021420642825	1	261	log2(tiles)=2.00 log10(pixels)=2.75
0.0170333392987803	1	262	log2(tiles)=1.00 log10(pixels)=2.00
0.00514997831990605	1	263	log2(tiles)=0.00 log10(pixels)=1.50
-0.0171264163912461	1	264	log2(tiles)=0.00 log10(pixels)=2.50
-0.0734887386354246	1	265	log2(tiles)=0.00 log10(pixels)=2.50
-0.0272435506827877	1	266	log2(tiles)=0.00 log10(pixels)=2.50
0.097572659142112	1	267	log2(tiles)=1.00 log10(pixels)=2.75
0.0444662261615929	1	268	log2(tiles)=1.00 log10(pixels)=2.25
0.107332496431269	1	269	log2(tiles)=0.00 log10(pixels)=1.75
-0.0733063903751337	1	270	log2(tiles)=2.00 log10(pixels)=2.75
-0.111820506081675	1	271	log2(tiles)=2.00 log10(pixels)=3.00
0.0899496013257077	1	272	log2(tiles)=0.00 log10(pixels)=2.50
-0.0451551399914898	1	273	log2(tiles)=0.00 log10(pixels)=2.50
0.00902574208691043	1	274	log2(tiles)=1.00 log10(pixels)=3.00
-0.119666231504994	1	275	log2(tiles)=1.00 log10(pixels)=2.25
-0.0043648054024501	2	276	log2(tiles)=1.00 log10(pixels)=2.00
-0.105548319173784	1	277	log2(tiles)=1.00 log10(pixels)=2.50
0.0289167002776547	1	278	log2(tiles)=1.00 log10(pixels)=2.50
0.0561799739838871	1	279	log2(tiles)=0.00 log10(pixels)=1.75
-0.0443122496864943	1	280	log2(tiles)=1.00 log10(pixels)=3.00
-0.00307035192678518	1	281	log2(tiles)=0.00 log10(pixels)=2.50
-0.0915149811213503	1	282	log2(tiles)=0.00 log10(pixels)=2.00
-0.106547323513813	2	283	log2(tiles)=1.00 log10(pixels)=1.75
0.00966784468963056	1	284	log2(tiles)=1.50 log10(pixels)=2.75
-0.0375194122786269	1	285	log2(tiles)=4.00 log10(pixels)=4.25
-0.100165303284215	1	286	log2(tiles)=1.00 log10(pixels)=3.25
-0.0891345219961308	1	287	log2(tiles)=1.00 log10(pixels)=2.75
-0.0917600346881504	1	288	log2(tiles)=2.00 log10(pixels)=2.50
0.0606978403536118	1	289	log2(tiles)=0.00 log10(pixels)=2.00
0.0797835966168101	1	290	log2(tiles)=0.00 log10(pixels)=1.50
0.010545010206612	1	291	log2(tiles)=1.50 log10(pixels)=2.50
0.00815462196738981	1	292	log2(tiles)=2.00 log10(pixels)=2.75
0.00587485567249146	3	293	log2(tiles)=0.00 log10(pixels)=1.75
-0.0624792791635369	1	294	log2(tiles)=1.50 log10(pixels)=2.25
-0.0132282657337552	1	295	log2(tiles)=1.00 log10(pixels)=2.00
-0.0776890314780458	1	296	log2(tiles)=1.50 log10(pixels)=3.25
-0.0555173278498313	1	297	log2(tiles)=0.00 log10(pixels)=2.00
0.0444662261615929	2	298	log2(tiles)=1.00 log10(pixels)=2.25
0.0211892990699383	1	299	log2(tiles)=0.00 log10(pixels)=2.00
0.0303506930460058	1	300	log2(tiles)=2.25 log10(pixels)=3.25
0.0791812460476247	1	301	log2(tiles)=0.00 log10(pixels)=2.00
-0.0604807473813815	1	302	log2(tiles)=0.00 log10(pixels)=2.00
-0.0681564120552274	1	303	log2(tiles)=1.50 log10(pixels)=2.25
0.0301996982030821	1	304	log2(tiles)=0.00 log10(pixels)=2.50
0.0323955047425257	1	305	log2(tiles)=1.50 log10(pixels)=3.25
0.0740312677277188	1	306	log2(tiles)=1.00 log10(pixels)=2.50
-0.0624792791635369	1	307	log2(tiles)=0.00 log10(pixels)=2.25
-0.029891911959945	1	308	log2(tiles)=0.00 log10(pixels)=2.25
-0.0783960731301687	1	309	log2(tiles)=1.00 log10(pixels)=2.50
-0.024905478918531	1	310	log2(tiles)=1.00 log10(pixels)=2.75
0.113322860120456	1	311	log2(tiles)=0.00 log10(pixels)=1.75
-0.10790539730952	1	312	log2(tiles)=1.00 log10(pixels)=3.00
-0.035156151952302	2	313	log2(tiles)=0.00 log10(pixels)=2.25
-0.0228787452803376	1	314	log2(tiles)=0.00 log10(pixels)=1.50
0.0423916894982539	1	315	log2(tiles)=1.50 log10(pixels)=1.75
-0.0528419686577808	1	316	log2(tiles)=2.00 log10(pixels)=1.50
-0.0451551399914898	3	317	log2(tiles)=1.50 log10(pixels)=2.50
0.0981891169913989	1	318	log2(tiles)=1.00 log10(pixels)=2.75
-0.00863830616572736	1	319	log2(tiles)=0.00 log10(pixels)=1.50
-0.00445566245355167	1	320	log2(tiles)=1.00 log10(pixels)=2.50
0.0331886910752575	1	321	log2(tiles)=1.00 log10(pixels)=2.75
0.02415784926368	1	322	log2(tiles)=1.50 log10(pixels)=2.25
0.0760748027008265	1	323	log2(tiles)=0.00 log10(pixels)=1.75
0.100248018334163	1	324	log2(tiles)=1.00 log10(pixels)=2.25
0.0632473008976051	1	325	log2(tiles)=2.75 log10(pixels)=3.75
0.0976043288744108	1	326	log2(tiles)=1.00 log10(pixels)=3.00
-0.00445566245355167	1	327	log2(tiles)=0.00 log10(pixels)=2.50
0.0994194137968996	1	328	log2(tiles)=2.00 log10(pixels)=2.75
0.113943352306837	1	329	log2(tiles)=0.00 log10(pixels)=2.00
-0.0806831194338877	1	330	log2(tiles)=0.00 log10(pixels)=2.75
-0.0257241303992108	2	331	log2(tiles)=0.00 log10(pixels)=1.75
0.104108439147401	1	332	log2(tiles)=1.00 log10(pixels)=2.25
-0.0739087409443187	1	333	log2(tiles)=0.00 log10(pixels)=1.25
0.0934216851622351	1	334	log2(tiles)=1.00 log10(pixels)=2.00
0.0390760987927767	1	335	log2(tiles)=0.00 log10(pixels)=2.50
0.113322860120456	1	336	log2(tiles)=1.50 log10(pixels)=1.75
0.0253058652647704	1	337	log2(tiles)=0.00 log10(pixels)=2.00
-0.0886319977650252	1	338	log2(tiles)=0.00 log10(pixels)=2.25
-0.116531544420413	1	339	log2(tiles)=1.00 log10(pixels)=1.75
-0.119788758288394	1	340	log2(tiles)=1.00 log10(pixels)=1.50
-0.0598039199714864	1	341	log2(tiles)=1.00 log10(pixels)=1.75
-0.0439841232366556	1	342	log2(tiles)=2.00 log10(pixels)=3.25
-0.0681564120552274	1	343	log2(tiles)=1.00 log10(pixels)=2.25
0.0722192947339193	1	344	log2(tiles)=0.00 log10(pixels)=1.25
0.00527250510330601	1	345	log2(tiles)=0.00 log10(pixels)=1.25
-0.0541003475907664	3	346	log2(tiles)=1.00 log10(pixels)=2.25
0.0353298350107671	1	347	log2(tiles)=1.00 log10(pixels)=1.75
-0.0404849854573692	1	348	log2(tiles)=1.50 log10(pixels)=2.25
0.0253058652647704	1	349	log2(tiles)=2.00 log10(pixels)=3.00
-0.0946639625349381	1	350	log2(tiles)=0.00 log10(pixels)=2.25
-0.0872421683184259	1	351	log2(tiles)=0.00 log10(pixels)=1.75
0.0638672203691533	1	352	log2(tiles)=0.00 log10(pixels)=2.25
-0.0977116556169437	1	353	log2(tiles)=0.00 log10(pixels)=2.25
-0.116461091629783	1	354	log2(tiles)=1.00 log10(pixels)=2.25
-0.113509274827518	1	355	log2(tiles)=0.00 log10(pixels)=2.00
0.0760748027008265	2	356	log2(tiles)=0.00 log10(pixels)=1.75
0.0314789170422551	1	357	log2(tiles)=1.00 log10(pixels)=1.50
-0.107303046740334	1	358	log2(tiles)=1.00 log10(pixels)=2.50
0.0334237554869499	1	359	log2(tiles)=0.00 log10(pixels)=2.00
-0.0228787452803376	2	360	log2(tiles)=0.00 log10(pixels)=1.50
-0.0916375079047502	2	361	log2(tiles)=0.00 log10(pixels)=2.25
0.0722192947339193	1	362	log2(tiles)=1.00 log10(pixels)=1.25
-0.0545314148681801	1	363	log2(tiles)=0.00 log10(pixels)=3.00
-0.0721750281353182	1	364	log2(tiles)=2.00 log10(pixels)=3.25
0.0850561017201161	1	365	log2(tiles)=0.00 log10(pixels)=2.75
0.0658478186735176	1	366	log2(tiles)=1.00 log10(pixels)=2.50
0.037819095073274	1	367	log2(tiles)=2.00 log10(pixels)=2.50
0.0904441148401185	1	368	log2(tiles)=1.00 log10(pixels)=2.25
-0.0969100130080565	1	369	log2(tiles)=0.00 log10(pixels)=2.00
0.107934847000454	1	370	log2(tiles)=1.50 log10(pixels)=2.25
-0.119788758288394	1	371	log2(tiles)=0.00 log10(pixels)=1.50
0.00767857486918455	1	372	log2(tiles)=1.50 log10(pixels)=2.25
-0.0376020021010439	1	373	log2(tiles)=1.00 log10(pixels)=1.50
-0.0687587626244128	1	374	log2(tiles)=1.00 log10(pixels)=1.75
0.0185139398778875	1	375	log2(tiles)=0.00 log10(pixels)=1.50
-0.116531544420413	1	376	log2(tiles)=1.00 log10(pixels)=2.75
0.0659703454569178	1	377	log2(tiles)=0.00 log10(pixels)=2.25
-0.0325160557860937	1	378	log2(tiles)=0.00 log10(pixels)=2.25
0.101258348719075	1	379	log2(tiles)=0.00 log10(pixels)=1.75
-0.0757207139381184	1	380	log2(tiles)=0.00 log10(pixels)=2.00
0.124748346010104	1	381	log2(tiles)=1.00 log10(pixels)=2.25
-0.119572124974976	1	382	log2(tiles)=1.00 log10(pixels)=2.75
0.0264618041732443	1	383	log2(tiles)=2.00 log10(pixels)=2.25
0.0510299956639813	1	384	log2(tiles)=0.00 log10(pixels)=1.25
-0.0802094138936371	1	385	log2(tiles)=2.50 log10(pixels)=3.50
-0.00833099262005144	1	386	log2(tiles)=2.00 log10(pixels)=3.00
-0.0967874862246563	1	387	log2(tiles)=0.00 log10(pixels)=1.75
0.0253058652647704	2	388	log2(tiles)=0.00 log10(pixels)=2.00
-0.113509274827518	1	389	log2(tiles)=1.00 log10(pixels)=2.00
0.0695439355418688	1	390	log2(tiles)=0.00 log10(pixels)=1.75
-0.0779021420642825	1	391	log2(tiles)=0.00 log10(pixels)=1.75
-0.0195510786217261	2	392	log2(tiles)=0.00 log10(pixels)=1.25
0.0950980400142569	1	393	log2(tiles)=0.00 log10(pixels)=1.75
0.0185139398778875	2	394	log2(tiles)=0.00 log10(pixels)=1.50
-0.110833915635467	1	395	log2(tiles)=1.00 log10(pixels)=2.50
-0.104673606930649	1	396	log2(tiles)=2.00 log10(pixels)=3.50
-0.063837352959244	1	397	log2(tiles)=2.00 log10(pixels)=2.50
-0.106547323513813	3	398	log2(tiles)=0.00 log10(pixels)=1.75
-0.0958234581220396	1	399	log2(tiles)=1.50 log10(pixels)=2.75
-0.0604807473813815	1	400	log2(tiles)=1.00 log10(pixels)=2.00
-0.0172766123314547	1	401	log2(tiles)=2.00 log10(pixels)=3.00
-0.1249387366083	1	402	log2(tiles)=1.00 log10(pixels)=2.00
-0.0541003475907664	4	403	log2(tiles)=1.00 log10(pixels)=2.25
0.0287536009528289	1	404	log2(tiles)=0.00 log10(pixels)=1.25
0.102059991327963	1	405	log2(tiles)=0.00 log10(pixels)=1.50
-0.0655015487564323	1	406	log2(tiles)=0.00 log10(pixels)=2.00
-0.0705810742857072	1	407	log2(tiles)=0.00 log10(pixels)=2.00
0.0440680443502757	1	408	log2(tiles)=1.00 log10(pixels)=1.50
-0.0686362358410126	1	409	log2(tiles)=0.00 log10(pixels)=1.50
0.0695439355418688	2	410	log2(tiles)=0.00 log10(pixels)=1.75
0.00432137378264263	1	411	log2(tiles)=0.00 log10(pixels)=2.00
0	1	412	log2(tiles)=0.00 log10(pixels)=2.00
-0.00863830616572736	2	413	log2(tiles)=0.00 log10(pixels)=1.50
0.0728216453031045	1	414	log2(tiles)=1.00 log10(pixels)=2.75
0.0742824552976926	1	415	log2(tiles)=0.00 log10(pixels)=2.25
-0.0272835288524167	1	416	log2(tiles)=0.00 log10(pixels)=2.25
-0.0541003475907664	1	417	log2(tiles)=0.00 log10(pixels)=2.25
-0.102059991327962	2	418	log2(tiles)=0.00 log10(pixels)=1.50
0.0314789170422551	1	419	log2(tiles)=0.00 log10(pixels)=1.50
0.0827853703164498	1	420	log2(tiles)=0.00 log10(pixels)=2.00
0.0264618041732443	2	421	log2(tiles)=1.00 log10(pixels)=2.25
-0.0606911408763797	1	422	log2(tiles)=2.50 log10(pixels)=3.75
0.0563025007672873	1	423	log2(tiles)=0.00 log10(pixels)=2.50
0.00514997831990605	2	424	log2(tiles)=0.00 log10(pixels)=1.50
0.0314084642516241	1	425	log2(tiles)=1.00 log10(pixels)=3.00
-0.123782159408358	1	426	log2(tiles)=1.00 log10(pixels)=3.00
0.0134279935629373	1	427	log2(tiles)=0.00 log10(pixels)=1.75
0.12057393120585	1	428	log2(tiles)=0.00 log10(pixels)=2.00
0.111727836017593	1	429	log2(tiles)=0.00 log10(pixels)=1.25
0.0492893340876801	1	430	log2(tiles)=2.25 log10(pixels)=3.25
-0.0809219076239261	2	431	log2(tiles)=0.00 log10(pixels)=2.00
0.0339035792727351	1	432	log2(tiles)=1.50 log10(pixels)=2.75
0.0444662261615929	3	433	log2(tiles)=1.00 log10(pixels)=2.25
-0.0246907182741372	1	434	log2(tiles)=1.00 log10(pixels)=2.25
-0.116461091629783	2	435	log2(tiles)=1.00 log10(pixels)=2.25
-0.00877392430750512	2	436	log2(tiles)=0.00 log10(pixels)=2.00
-0.0409586076789064	1	437	log2(tiles)=0.00 log10(pixels)=2.00
0.0910646070264991	1	438	log2(tiles)=0.00 log10(pixels)=1.50
0.00527250510330601	1	439	log2(tiles)=1.00 log10(pixels)=1.25
0.0488530764097068	1	440	log2(tiles)=1.00 log10(pixels)=2.25
0.0492180226701815	1	441	log2(tiles)=0.00 log10(pixels)=2.00
0.0488530764097068	1	442	log2(tiles)=0.00 log10(pixels)=2.25
-0.0705810742857072	2	443	log2(tiles)=0.00 log10(pixels)=2.00
-0.00963731050575611	1	444	log2(tiles)=0.00 log10(pixels)=1.75
-0.0214335044061569	1	445	log2(tiles)=0.00 log10(pixels)=2.50
0.00204844781943869	1	446	log2(tiles)=1.00 log10(pixels)=2.75
-0.0339966563652008	1	447	log2(tiles)=0.00 log10(pixels)=1.75
-0.080044251510242	1	448	log2(tiles)=1.00 log10(pixels)=2.50
0.0629133566428555	1	449	log2(tiles)=0.00 log10(pixels)=1.75
-0.00448733218585007	1	450	log2(tiles)=1.50 log10(pixels)=3.25
0.0499429000227671	1	451	log2(tiles)=2.50 log10(pixels)=3.25
0.112783856719735	1	452	log2(tiles)=1.00 log10(pixels)=1.50
-0.0195510786217261	3	453	log2(tiles)=0.00 log10(pixels)=1.25
-0.117982957425132	1	454	log2(tiles)=1.00 log10(pixels)=2.50
-0.0506099933550872	2	455	log2(tiles)=0.00 log10(pixels)=2.00
0.0563025007672873	1	456	log2(tiles)=0.00 log10(pixels)=1.50
-0.00877392430750512	2	457	log2(tiles)=1.00 log10(pixels)=2.00
-0.0888423912600236	1	458	log2(tiles)=1.00 log10(pixels)=3.00
-0.0767541260631921	1	459	log2(tiles)=1.00 log10(pixels)=2.50
-0.119788758288394	2	460	log2(tiles)=0.00 log10(pixels)=1.50
-0.100326278518962	2	461	log2(tiles)=1.00 log10(pixels)=2.50
-0.00473325561218951	1	462	log2(tiles)=2.50 log10(pixels)=3.50
-0.0686362358410126	1	463	log2(tiles)=1.00 log10(pixels)=2.50
0.0171717284030137	1	464	log2(tiles)=1.00 log10(pixels)=2.25
0.0281512503836436	1	465	log2(tiles)=0.00 log10(pixels)=1.75
-0.082682665251824	1	466	log2(tiles)=2.00 log10(pixels)=2.25
0.113943352306837	2	467	log2(tiles)=0.00 log10(pixels)=2.00
0.0874592612906562	1	468	log2(tiles)=2.00 log10(pixels)=3.25
0.0186381012476144	1	469	log2(tiles)=1.00 log10(pixels)=2.75
0.110589710299249	1	470	log2(tiles)=1.00 log10(pixels)=2.00
0.0510299956639813	2	471	log2(tiles)=0.00 log10(pixels)=1.25
-0.0967874862246563	2	472	log2(tiles)=0.00 log10(pixels)=1.75
0.0722192947339191	1	473	log2(tiles)=0.00 log10(pixels)=2.25
-0.0203181576823241	1	474	log2(tiles)=2.00 log10(pixels)=3.25
-0.0958234581220396	1	475	log2(tiles)=1.00 log10(pixels)=2.75
0.0413926851582249	1	476	log2(tiles)=0.00 log10(pixels)=1.00
-0.00181197299379954	1	477	log2(tiles)=0.00 log10(pixels)=1.75
0.0440680443502757	2	478	log2(tiles)=1.00 log10(pixels)=1.50
0.00511226639507134	1	479	log2(tiles)=1.00 log10(pixels)=2.75
0.000420002308894052	1	480	log2(tiles)=0.00 log10(pixels)=2.25
-0.0710230527068307	1	481	log2(tiles)=0.00 log10(pixels)=2.25
0.0797835966168101	1	482	log2(tiles)=1.00 log10(pixels)=1.50
0.0391428359323331	1	483	log2(tiles)=2.00 log10(pixels)=3.25
0.0693739096150461	1	484	log2(tiles)=0.00 log10(pixels)=2.50
0.0276299008713385	2	485	log2(tiles)=1.00 log10(pixels)=2.50
-0.116461091629783	2	486	log2(tiles)=0.00 log10(pixels)=2.25
-0.116531544420413	1	487	log2(tiles)=0.00 log10(pixels)=1.75
0.0843312243675309	1	488	log2(tiles)=0.00 log10(pixels)=2.50
-0.0043648054024501	1	489	log2(tiles)=0.00 log10(pixels)=2.00
-0.0642582613977365	1	490	log2(tiles)=0.00 log10(pixels)=2.75
-0.113512103646634	1	491	log2(tiles)=0.00 log10(pixels)=2.75
-0.0969100130080565	1	492	log2(tiles)=0.00 log10(pixels)=1.00
0.121067862271736	2	493	log2(tiles)=1.00 log10(pixels)=2.25
0.101258348719075	2	494	log2(tiles)=0.00 log10(pixels)=1.75
-0.1249387366083	2	495	log2(tiles)=0.00 log10(pixels)=2.00
0.110589710299249	1	496	log2(tiles)=1.50 log10(pixels)=2.00
-0.0575202309355514	1	497	log2(tiles)=1.50 log10(pixels)=2.50
0.0681858617461617	1	498	log2(tiles)=0.00 log10(pixels)=2.00
0.107332496431269	2	499	log2(tiles)=1.00 log10(pixels)=1.75
0.101258348719075	3	500	log2(tiles)=0.00 log10(pixels)=1.75
-0.0686362358410126	2	501	log2(tiles)=0.00 log10(pixels)=1.50
-0.0424298239020637	1	502	log2(tiles)=1.00 log10(pixels)=1.75
0.10530504614111	1	503	log2(tiles)=1.50 log10(pixels)=2.50
-0.0506099933550872	3	504	log2(tiles)=0.00 log10(pixels)=2.00
0.00527250510330601	2	505	log2(tiles)=0.00 log10(pixels)=1.25
-0.10078088734462	1	506	log2(tiles)=1.00 log10(pixels)=2.25
-0.0967874862246563	3	507	log2(tiles)=0.00 log10(pixels)=1.75
-0.123423042943488	1	508	log2(tiles)=0.00 log10(pixels)=2.50
0.0563025007672873	2	509	log2(tiles)=0.00 log10(pixels)=1.50
-0.0144715530924513	1	510	log2(tiles)=0.00 log10(pixels)=2.25
0.0950980400142568	2	511	log2(tiles)=0.00 log10(pixels)=0.75
0.0910646070264991	1	512	log2(tiles)=1.00 log10(pixels)=1.50
-0.0528419686577808	1	513	log2(tiles)=0.00 log10(pixels)=1.50
0.0381683711411678	1	514	log2(tiles)=1.00 log10(pixels)=2.75
-0.0687282284405386	1	515	log2(tiles)=2.00 log10(pixels)=3.25
-0.0043648054024501	3	516	log2(tiles)=1.00 log10(pixels)=2.00
-0.0316526695878427	2	517	log2(tiles)=1.00 log10(pixels)=2.50
-0.0528419686577808	1	518	log2(tiles)=1.00 log10(pixels)=1.50
-0.0510299956639813	1	519	log2(tiles)=0.00 log10(pixels)=1.75
-0.0195510786217259	1	520	log2(tiles)=0.00 log10(pixels)=2.25
-0.00863830616572736	1	521	log2(tiles)=2.00 log10(pixels)=2.50
0.0374264979406238	1	522	log2(tiles)=1.50 log10(pixels)=2.00
-0.070070439915412	1	523	log2(tiles)=1.50 log10(pixels)=3.00
-0.103871964321762	1	524	log2(tiles)=0.00 log10(pixels)=1.25
0.111727836017593	2	525	log2(tiles)=0.00 log10(pixels)=1.25
0.0287536009528289	2	526	log2(tiles)=0.00 log10(pixels)=1.25
0	2	527	log2(tiles)=0.00 log10(pixels)=2.00
-0.102059991327962	3	528	log2(tiles)=0.00 log10(pixels)=1.50
0.0211892990699383	1	529	log2(tiles)=2.00 log10(pixels)=3.00
-0.103871964321762	2	530	log2(tiles)=0.00 log10(pixels)=1.25
0.0353298350107671	2	531	log2(tiles)=0.00 log10(pixels)=1.75
-0.082682665251824	1	532	log2(tiles)=0.00 log10(pixels)=2.25
-0.10078088734462	2	533	log2(tiles)=1.00 log10(pixels)=2.25
0.00514997831990605	3	534	log2(tiles)=0.00 log10(pixels)=1.50
-0.0228787452803376	3	535	log2(tiles)=0.00 log10(pixels)=1.50
0.107332496431269	2	536	log2(tiles)=0.00 log10(pixels)=1.75
0.0314789170422551	2	537	log2(tiles)=0.00 log10(pixels)=1.50
0.0314789170422551	3	538	log2(tiles)=0.00 log10(pixels)=1.50
0.123851640967086	1	539	log2(tiles)=1.00 log10(pixels)=2.00
0.107332496431269	3	540	log2(tiles)=0.00 log10(pixels)=1.75
0.0334237554869499	2	541	log2(tiles)=0.00 log10(pixels)=2.00
-0.00963731050575611	2	542	log2(tiles)=0.00 log10(pixels)=1.75
0.124748346010104	1	543	log2(tiles)=0.00 log10(pixels)=2.25
-0.0424298239020637	2	544	log2(tiles)=1.00 log10(pixels)=1.75
-0.0339966563652008	2	545	log2(tiles)=0.00 log10(pixels)=1.75
-0.0421181032660076	1	546	log2(tiles)=0.00 log10(pixels)=2.50
0.0797835966168101	2	547	log2(tiles)=0.00 log10(pixels)=1.50
0.025974331129369	1	548	log2(tiles)=0.00 log10(pixels)=2.75
-0.11747546204512	1	549	log2(tiles)=2.00 log10(pixels)=3.00
-0.0977116556169437	2	550	log2(tiles)=1.00 log10(pixels)=2.25
-0.114516253185088	1	551	log2(tiles)=0.00 log10(pixels)=2.75
-0.0528419686577808	2	552	log2(tiles)=0.00 log10(pixels)=1.50
0.107934847000454	1	553	log2(tiles)=1.00 log10(pixels)=2.25
0.0185139398778875	1	554	log2(tiles)=1.00 log10(pixels)=1.50
0.068201724066995	1	555	log2(tiles)=0.00 log10(pixels)=1.50
-0.00181197299379976	1	556	log2(tiles)=2.00 log10(pixels)=2.75
0.0844537511509307	1	557	log2(tiles)=0.00 log10(pixels)=2.25
-0.0809219076239261	3	558	log2(tiles)=0.00 log10(pixels)=2.00
0.0510299956639813	1	559	log2(tiles)=1.00 log10(pixels)=1.25
0.115950051656401	1	560	log2(tiles)=1.00 log10(pixels)=2.50
-0.0452752090209372	1	561	log2(tiles)=2.00 log10(pixels)=3.00
-0.0510299956639813	2	562	log2(tiles)=0.00 log10(pixels)=1.75
-0.0793549985932125	1	563	log2(tiles)=2.00 log10(pixels)=3.00
0.0353298350107671	3	564	log2(tiles)=0.00 log10(pixels)=1.75
-0.0917600346881504	2	565	log2(tiles)=1.00 log10(pixels)=2.50
0.012837224705172	2	566	log2(tiles)=1.00 log10(pixels)=2.00
-0.00863830616572736	1	567	log2(tiles)=1.00 log10(pixels)=1.50
0.0659703454569178	2	568	log2(tiles)=1.00 log10(pixels)=2.25
0.118595365223762	1	569	log2(tiles)=2.25 log10(pixels)=3.00
-0.0431741239681505	1	570	log2(tiles)=1.00 log10(pixels)=2.25
-0.0128616245228135	1	571	log2(tiles)=2.50 log10(pixels)=3.50
0.0415792439465807	1	572	log2(tiles)=1.00 log10(pixels)=2.50
-0.116531544420413	2	573	log2(tiles)=1.00 log10(pixels)=1.75
0.021841606536499	1	574	log2(tiles)=0.00 log10(pixels)=2.25
-0.0486028756795487	1	575	log2(tiles)=0.00 log10(pixels)=2.25
-0.063837352959244	1	576	log2(tiles)=1.00 log10(pixels)=2.50
0.0287536009528289	1	577	log2(tiles)=1.00 log10(pixels)=1.25
0.0134279935629373	2	578	log2(tiles)=0.00 log10(pixels)=1.75
0.0281512503836436	2	579	log2(tiles)=0.00 log10(pixels)=0.75
-0.106985199745905	1	580	log2(tiles)=2.00 log10(pixels)=2.25
0.0310333672477277	1	581	log2(tiles)=1.00 log10(pixels)=2.25
-0.0598039199714864	2	582	log2(tiles)=1.00 log10(pixels)=1.75
0.0638672203691533	2	583	log2(tiles)=0.00 log10(pixels)=2.25
0.0193773260761385	1	584	log2(tiles)=1.50 log10(pixels)=2.75
-0.0710230527068307	2	585	log2(tiles)=0.00 log10(pixels)=2.25
-0.103871964321762	3	586	log2(tiles)=0.00 log10(pixels)=1.25
0.0440680443502757	3	587	log2(tiles)=1.00 log10(pixels)=1.50
-0.056893543262734	1	588	log2(tiles)=2.00 log10(pixels)=3.50
0.119772288596963	1	589	log2(tiles)=2.00 log10(pixels)=3.25
0.068201724066995	2	590	log2(tiles)=0.00 log10(pixels)=1.50
-0.0779021420642825	2	591	log2(tiles)=0.00 log10(pixels)=1.75
0.00587485567249146	4	592	log2(tiles)=0.00 log10(pixels)=1.75
0.113943352306837	3	593	log2(tiles)=0.00 log10(pixels)=2.00
0.111727836017593	3	594	log2(tiles)=0.00 log10(pixels)=1.25
-0.0705810742857072	3	595	log2(tiles)=0.00 log10(pixels)=2.00
-0.00181197299379954	1	596	log2(tiles)=1.00 log10(pixels)=1.75
0.0423916894982539	1	597	log2(tiles)=0.00 log10(pixels)=1.75
-0.0510299956639813	3	598	log2(tiles)=0.00 log10(pixels)=1.75
0.0763358609287517	1	599	log2(tiles)=1.00 log10(pixels)=2.25
0.0638672203691533	1	600	log2(tiles)=1.50 log10(pixels)=2.25
0.0549958615291417	1	601	log2(tiles)=1.00 log10(pixels)=3.00
-0.0457574905606751	1	602	log2(tiles)=0.00 log10(pixels)=1.00
0.123249290397901	1	603	log2(tiles)=0.00 log10(pixels)=1.50
-0.0872421683184259	1	604	log2(tiles)=1.50 log10(pixels)=1.75
0.0185139398778875	3	605	log2(tiles)=0.00 log10(pixels)=1.50
-0.0510299956639813	4	606	log2(tiles)=0.00 log10(pixels)=1.75
-0.105548319173784	2	607	log2(tiles)=1.00 log10(pixels)=2.50
0.0134279935629373	3	608	log2(tiles)=0.00 log10(pixels)=1.75
-0.0967874862246563	4	609	log2(tiles)=0.00 log10(pixels)=1.75
0.123851640967086	2	610	log2(tiles)=1.00 log10(pixels)=2.00
0.113943352306837	4	611	log2(tiles)=0.00 log10(pixels)=2.00
0.103803720955957	1	612	log2(tiles)=1.00 log10(pixels)=2.00
0.0493405494535817	1	613	log2(tiles)=0.00 log10(pixels)=1.75
0.0825089127062364	1	614	log2(tiles)=0.00 log10(pixels)=1.75
0.0185139398778875	4	615	log2(tiles)=0.00 log10(pixels)=1.50
0.0797835966168101	3	616	log2(tiles)=0.00 log10(pixels)=1.50
-0.0228787452803376	4	617	log2(tiles)=0.00 log10(pixels)=1.50
0.0742824552976926	1	618	log2(tiles)=1.00 log10(pixels)=2.25
0.107209969647868	1	619	log2(tiles)=0.00 log10(pixels)=2.00
0.0950980400142568	1	620	log2(tiles)=1.00 log10(pixels)=0.75
0.068201724066995	3	621	log2(tiles)=0.00 log10(pixels)=1.50
-0.0257837359237447	2	622	log2(tiles)=1.00 log10(pixels)=2.50
-0.0686362358410126	3	623	log2(tiles)=0.00 log10(pixels)=1.50
0.0910646070264991	2	624	log2(tiles)=0.00 log10(pixels)=1.50
0.0797835966168101	4	625	log2(tiles)=0.00 log10(pixels)=1.50
-0.0257241303992108	3	626	log2(tiles)=0.00 log10(pixels)=1.75
0.0281512503836436	1	627	log2(tiles)=1.00 log10(pixels)=1.75
-0.0457574905606751	2	628	log2(tiles)=0.00 log10(pixels)=1.00
-0.0339966563652008	3	629	log2(tiles)=0.00 log10(pixels)=1.75
-0.0457574905606751	3	630	log2(tiles)=0.00 log10(pixels)=1.00
0.102059991327963	2	631	log2(tiles)=0.00 log10(pixels)=1.50
-0.0528419686577808	3	632	log2(tiles)=0.00 log10(pixels)=1.50
-0.0378123955960423	1	633	log2(tiles)=1.00 log10(pixels)=2.25
0.0413926851582249	2	634	log2(tiles)=0.00 log10(pixels)=1.00
-0.0424298239020637	1	635	log2(tiles)=0.00 log10(pixels)=1.75
0.113943352306837	1	636	log2(tiles)=1.00 log10(pixels)=1.00
-0.102059991327962	4	637	log2(tiles)=0.00 log10(pixels)=1.50
0.0492180226701815	1	638	log2(tiles)=1.00 log10(pixels)=2.00
-0.0228787452803376	5	639	log2(tiles)=0.00 log10(pixels)=1.50
-0.0535477349869269	1	640	log2(tiles)=0.00 log10(pixels)=3.00
-0.0915149811213503	2	641	log2(tiles)=0.00 log10(pixels)=2.00
0.0740312677277188	2	642	log2(tiles)=1.00 log10(pixels)=2.50
0.0253058652647704	3	643	log2(tiles)=0.00 log10(pixels)=2.00
0.0760748027008265	1	644	log2(tiles)=1.50 log10(pixels)=1.75
0.123901597864462	1	645	log2(tiles)=1.00 log10(pixels)=2.75
-0.00202673363819361	1	646	log2(tiles)=1.00 log10(pixels)=2.25
-0.119788758288394	3	647	log2(tiles)=0.00 log10(pixels)=1.50
0.0287536009528289	3	648	log2(tiles)=0.00 log10(pixels)=1.25
0.0950980400142569	2	649	log2(tiles)=0.00 log10(pixels)=1.75
0.0185139398778875	5	650	log2(tiles)=0.00 log10(pixels)=1.50
-0.0687587626244128	2	651	log2(tiles)=0.00 log10(pixels)=1.75
-0.0424298239020637	2	652	log2(tiles)=0.00 log10(pixels)=1.75
-0.0967874862246563	5	653	log2(tiles)=0.00 log10(pixels)=1.75
0.0510299956639812	1	654	log2(tiles)=0.00 log10(pixels)=0.25
0.102059991327963	3	655	log2(tiles)=0.00 log10(pixels)=1.50
0.00514997831990605	4	656	log2(tiles)=0.00 log10(pixels)=1.50
-0.0598039199714864	3	657	log2(tiles)=1.00 log10(pixels)=1.75
0.0791812460476249	1	658	log2(tiles)=0.00 log10(pixels)=1.00
0.0791812460476249	2	659	log2(tiles)=0.00 log10(pixels)=1.00
-0.0687587626244128	3	660	log2(tiles)=0.00 log10(pixels)=1.75
-0.035156151952302	1	661	log2(tiles)=1.00 log10(pixels)=2.25
0.0314789170422551	2	662	log2(tiles)=1.00 log10(pixels)=1.50
-0.0361070110140926	1	663	log2(tiles)=0.00 log10(pixels)=2.50
-0.00863830616572736	3	664	log2(tiles)=0.00 log10(pixels)=1.50
0.0924226808222062	1	665	log2(tiles)=0.00 log10(pixels)=1.25
0.101258348719075	4	666	log2(tiles)=0.00 log10(pixels)=1.75
0	3	667	log2(tiles)=0.00 log10(pixels)=2.00
-0.0176062401770314	2	668	log2(tiles)=0.00 log10(pixels)=1.75
-0.0424298239020637	3	669	log2(tiles)=1.00 log10(pixels)=1.75
0.113943352306837	1	670	log2(tiles)=0.00 log10(pixels)=1.00
0.0510299956639813	3	671	log2(tiles)=0.00 log10(pixels)=1.25
0.112783856719735	2	672	log2(tiles)=1.00 log10(pixels)=1.50
-0.0424298239020637	3	673	log2(tiles)=0.00 log10(pixels)=1.75
-0.0653085691824011	1	674	log2(tiles)=0.00 log10(pixels)=2.25
0.0413926851582249	1	675	log2(tiles)=1.50 log10(pixels)=2.00
-0.0510299956639813	1	676	log2(tiles)=1.50 log10(pixels)=1.75
-0.0376020021010439	1	677	log2(tiles)=0.00 log10(pixels)=1.50
0.068201724066995	4	678	log2(tiles)=0.00 log10(pixels)=1.50
0.0134279935629373	4	679	log2(tiles)=0.00 log10(pixels)=1.75
-0.0339966563652008	4	680	log2(tiles)=0.00 log10(pixels)=1.75
0.00527250510330601	3	681	log2(tiles)=0.00 log10(pixels)=1.25
0.0148178230095364	1	682	log2(tiles)=1.00 log10(pixels)=2.25
0.0293837776852097	2	683	log2(tiles)=1.00 log10(pixels)=2.00
0.0791812460476249	1	684	log2(tiles)=1.00 log10(pixels)=1.00
0.0440680443502757	4	685	log2(tiles)=1.00 log10(pixels)=1.50
-0.0458800173440752	2	686	log2(tiles)=0.00 log10(pixels)=1.25
0.0924226808222062	1	687	log2(tiles)=1.00 log10(pixels)=1.25
-0.0739087409443187	2	688	log2(tiles)=0.00 log10(pixels)=1.25
-0.0686362358410126	4	689	log2(tiles)=0.00 log10(pixels)=1.50
-0.0687587626244128	4	690	log2(tiles)=0.00 log10(pixels)=1.75
-0.0833594926617192	1	691	log2(tiles)=1.00 log10(pixels)=2.50
-0.0598039199714864	1	692	log2(tiles)=0.00 log10(pixels)=1.75
-0.0757207139381184	2	693	log2(tiles)=0.00 log10(pixels)=2.00
0.0797835966168101	2	694	log2(tiles)=1.00 log10(pixels)=1.50
-0.0598039199714864	4	695	log2(tiles)=1.00 log10(pixels)=1.75
0.0622928644564746	1	696	log2(tiles)=2.00 log10(pixels)=2.50
-0.0458800173440752	3	697	log2(tiles)=0.00 log10(pixels)=1.25
0.104108439147401	1	698	log2(tiles)=0.00 log10(pixels)=2.25
0.0185139398778875	6	699	log2(tiles)=0.00 log10(pixels)=1.50
-0.0195510786217261	4	700	log2(tiles)=0.00 log10(pixels)=1.25
-0.0339966563652008	5	701	log2(tiles)=0.00 log10(pixels)=1.75
0.0413926851582249	1	702	log2(tiles)=1.00 log10(pixels)=1.00
0	1	703	log2(tiles)=0.00 log10(pixels)=1.00
0.107935264719429	1	704	log2(tiles)=2.00 log10(pixels)=2.75
-0.0424298239020637	4	705	log2(tiles)=0.00 log10(pixels)=1.75
0.102059991327963	1	706	log2(tiles)=1.00 log10(pixels)=1.50
-0.0705810742857072	1	707	log2(tiles)=1.00 log10(pixels)=2.00
-0.0510299956639812	1	708	log2(tiles)=0.00 log10(pixels)=0.75
0.0924226808222062	2	709	log2(tiles)=0.00 log10(pixels)=1.25
0.0281512503836436	3	710	log2(tiles)=0.00 log10(pixels)=0.75
-0.113509274827518	2	711	log2(tiles)=1.00 log10(pixels)=2.00
0.0310333672477277	1	712	log2(tiles)=0.00 log10(pixels)=2.25
-0.103871964321762	4	713	log2(tiles)=0.00 log10(pixels)=1.25
0.111727836017593	4	714	log2(tiles)=0.00 log10(pixels)=1.25
-0.031517051446065	1	715	log2(tiles)=0.00 log10(pixels)=2.00
0.076341350205793	1	716	log2(tiles)=0.00 log10(pixels)=2.50
0.0493405494535817	2	717	log2(tiles)=0.00 log10(pixels)=1.75
-0.0739087409443187	3	718	log2(tiles)=0.00 log10(pixels)=1.25
-0.0596683018297086	1	719	log2(tiles)=1.00 log10(pixels)=2.25
0.0400346113625178	1	720	log2(tiles)=1.00 log10(pixels)=2.25
-0.0686362358410126	1	721	log2(tiles)=1.00 log10(pixels)=1.50
0.0924226808222062	3	722	log2(tiles)=0.00 log10(pixels)=1.25
-0.0228787452803376	6	723	log2(tiles)=0.00 log10(pixels)=1.50
0.0791812460476249	3	724	log2(tiles)=0.00 log10(pixels)=1.00
-0.116531544420413	2	725	log2(tiles)=0.00 log10(pixels)=1.75
0.0510299956639813	2	726	log2(tiles)=1.00 log10(pixels)=1.25
0.0617538610557542	2	727	log2(tiles)=1.00 log10(pixels)=2.25
0.0195129442179165	1	728	log2(tiles)=1.50 log10(pixels)=2.25
0.115103974641128	1	729	log2(tiles)=1.00 log10(pixels)=2.75
-0.0176062401770314	3	730	log2(tiles)=0.00 log10(pixels)=1.75
-0.0528419686577808	2	731	log2(tiles)=1.00 log10(pixels)=1.50
-0.0176062401770314	4	732	log2(tiles)=0.00 log10(pixels)=1.75
0.0666389448984615	1	733	log2(tiles)=2.50 log10(pixels)=3.75
0.00587485567249146	1	734	log2(tiles)=1.00 log10(pixels)=1.75
0.0440680443502757	3	735	log2(tiles)=0.00 log10(pixels)=1.50
0.0510299956639813	4	736	log2(tiles)=0.00 log10(pixels)=1.25
0.111727836017593	1	737	log2(tiles)=1.00 log10(pixels)=1.25
0.05307844348342	1	738	log2(tiles)=0.00 log10(pixels)=2.00
-0.00863830616572736	4	739	log2(tiles)=0.00 log10(pixels)=1.50
-0.0458800173440752	4	740	log2(tiles)=0.00 log10(pixels)=1.25
0.00527250510330601	4	741	log2(tiles)=0.00 log10(pixels)=1.25
0.0440680443502757	5	742	log2(tiles)=1.00 log10(pixels)=1.50
0.00527250510330601	5	743	log2(tiles)=0.00 log10(pixels)=1.25
-0.0195510786217259	2	744	log2(tiles)=0.00 log10(pixels)=2.25
-0.085026652029182	1	745	log2(tiles)=0.00 log10(pixels)=1.50
-0.123423042943488	2	746	log2(tiles)=0.00 log10(pixels)=2.50
0.0502283530550942	1	747	log2(tiles)=0.00 log10(pixels)=2.50
0.101258348719075	5	748	log2(tiles)=0.00 log10(pixels)=1.75
-0.0861861476162833	1	749	log2(tiles)=1.00 log10(pixels)=2.00
0.111727836017593	2	750	log2(tiles)=1.00 log10(pixels)=1.25
-0.0528419686577808	4	751	log2(tiles)=0.00 log10(pixels)=1.50
-0.031517051446065	2	752	log2(tiles)=0.00 log10(pixels)=2.00
0.0510299956639813	3	753	log2(tiles)=1.00 log10(pixels)=1.25
0.000420002308894052	1	754	log2(tiles)=1.00 log10(pixels)=2.25
0.0422560713564759	1	755	log2(tiles)=1.00 log10(pixels)=2.25
0.00432137378264263	2	756	log2(tiles)=0.00 log10(pixels)=2.00
-0.0528419686577808	5	757	log2(tiles)=0.00 log10(pixels)=1.50
-0.0176062401770314	5	758	log2(tiles)=0.00 log10(pixels)=1.75
0.0950980400142568	3	759	log2(tiles)=0.00 log10(pixels)=0.75
-0.0195510786217261	5	760	log2(tiles)=0.00 log10(pixels)=1.25
0.0924226808222062	4	761	log2(tiles)=0.00 log10(pixels)=1.25
-0.040607512240769	1	762	log2(tiles)=0.00 log10(pixels)=2.50
-0.0424298239020637	5	763	log2(tiles)=0.00 log10(pixels)=1.75
-0.113509274827518	3	764	log2(tiles)=1.00 log10(pixels)=2.00
-0.0501622741327541	1	765	log2(tiles)=1.50 log10(pixels)=2.75
-0.0362121726544447	1	766	log2(tiles)=1.00 log10(pixels)=2.00
-0.102059991327962	5	767	log2(tiles)=0.00 log10(pixels)=1.50
-0.119788758288394	4	768	log2(tiles)=0.00 log10(pixels)=1.50
-0.116531544420413	3	769	log2(tiles)=0.00 log10(pixels)=1.75
-0.085026652029182	2	770	log2(tiles)=0.00 log10(pixels)=1.50
-0.085026652029182	3	771	log2(tiles)=0.00 log10(pixels)=1.50
0.0760748027008265	3	772	log2(tiles)=0.00 log10(pixels)=1.75
0.0575350280688531	1	773	log2(tiles)=2.00 log10(pixels)=2.75
-0.0622494371796121	1	774	log2(tiles)=2.00 log10(pixels)=2.50
0.102059991327963	4	775	log2(tiles)=0.00 log10(pixels)=1.50
0	2	776	log2(tiles)=0.00 log10(pixels)=1.00
-0.0510299956639812	2	777	log2(tiles)=0.00 log10(pixels)=0.75
-0.0510299956639813	5	778	log2(tiles)=0.00 log10(pixels)=1.75
-0.0967874862246563	6	779	log2(tiles)=0.00 log10(pixels)=1.75
-0.0195510786217261	1	780	log2(tiles)=1.00 log10(pixels)=1.25
-0.0268721464003014	1	781	log2(tiles)=0.00 log10(pixels)=2.00
0.0563025007672873	1	782	log2(tiles)=1.00 log10(pixels)=1.50
0.0287536009528289	4	783	log2(tiles)=0.00 log10(pixels)=1.25
-0.0510299956639812	3	784	log2(tiles)=0.00 log10(pixels)=0.75
0.0211892990699383	2	785	log2(tiles)=0.00 log10(pixels)=2.00
-0.119788758288394	5	786	log2(tiles)=0.00 log10(pixels)=1.50
-0.102059991327962	6	787	log2(tiles)=0.00 log10(pixels)=1.50
-0.0739087409443187	4	788	log2(tiles)=0.00 log10(pixels)=1.25
0.0413926851582249	3	789	log2(tiles)=0.00 log10(pixels)=1.00
-0.0655015487564323	1	790	log2(tiles)=1.00 log10(pixels)=2.00
0.0722192947339193	2	791	log2(tiles)=0.00 log10(pixels)=1.25
-0.123659632624958	1	792	log2(tiles)=2.00 log10(pixels)=2.75
-0.00877392430750512	3	793	log2(tiles)=1.00 log10(pixels)=2.00
-0.0687587626244128	2	794	log2(tiles)=1.00 log10(pixels)=1.75
-0.0376020021010439	2	795	log2(tiles)=0.00 log10(pixels)=1.50
0.113943352306837	2	796	log2(tiles)=0.00 log10(pixels)=1.00
0.0695439355418688	3	797	log2(tiles)=0.00 log10(pixels)=1.75
0.0791812460476249	4	798	log2(tiles)=0.00 log10(pixels)=1.00
0.0722192947339193	3	799	log2(tiles)=0.00 log10(pixels)=1.25
-0.0867002359187481	1	800	log2(tiles)=0.00 log10(pixels)=2.50
0.124748346010104	2	801	log2(tiles)=1.00 log10(pixels)=2.25
0.113943352306837	3	802	log2(tiles)=0.00 log10(pixels)=1.00
0.0899051114393981	1	803	log2(tiles)=0.00 log10(pixels)=2.00
-0.0739087409443187	5	804	log2(tiles)=0.00 log10(pixels)=1.25
0.102059991327963	5	805	log2(tiles)=0.00 log10(pixels)=1.50
-0.085026652029182	1	806	log2(tiles)=1.00 log10(pixels)=1.50
-0.119666231504994	1	807	log2(tiles)=0.00 log10(pixels)=2.25
0.0185139398778875	7	808	log2(tiles)=0.00 log10(pixels)=1.50
-0.0458800173440752	5	809	log2(tiles)=0.00 log10(pixels)=1.25
0.102059991327963	2	810	log2(tiles)=1.00 log10(pixels)=1.50
-0.00863830616572736	5	811	log2(tiles)=0.00 log10(pixels)=1.50
-0.0686362358410126	5	812	log2(tiles)=0.00 log10(pixels)=1.50
-0.0969100130080565	2	813	log2(tiles)=0.00 log10(pixels)=1.00
-0.0228787452803376	7	814	log2(tiles)=0.00 log10(pixels)=1.50
0.111727836017593	5	815	log2(tiles)=0.00 log10(pixels)=1.25
-0.0575202309355514	1	816	log2(tiles)=0.00 log10(pixels)=2.50
0.00527250510330601	6	817	log2(tiles)=0.00 log10(pixels)=1.25
0.068201724066995	1	818	log2(tiles)=1.00 log10(pixels)=1.50
-0.0424298239020637	6	819	log2(tiles)=0.00 log10(pixels)=1.75
0.0695439355418688	4	820	log2(tiles)=0.00 log10(pixels)=1.75
-0.0458800173440752	6	821	log2(tiles)=0.00 log10(pixels)=1.25
-0.119788758288394	6	822	log2(tiles)=0.00 log10(pixels)=1.50
0.0863598306747484	1	823	log2(tiles)=0.00 log10(pixels)=2.00
-0.106985199745905	1	824	log2(tiles)=1.00 log10(pixels)=2.25
0.0825089127062364	2	825	log2(tiles)=0.00 log10(pixels)=1.75
0	3	826	log2(tiles)=0.00 log10(pixels)=1.00
-0.0195510786217261	2	827	log2(tiles)=1.00 log10(pixels)=1.25
-0.0195510786217261	6	828	log2(tiles)=0.00 log10(pixels)=1.25
-0.0457574905606751	4	829	log2(tiles)=0.00 log10(pixels)=1.00
0.0314789170422551	4	830	log2(tiles)=0.00 log10(pixels)=1.50
0.113943352306837	5	831	log2(tiles)=0.00 log10(pixels)=2.00
-0.0528419686577808	3	832	log2(tiles)=1.00 log10(pixels)=1.50
0.0170333392987803	2	833	log2(tiles)=1.00 log10(pixels)=2.00
-0.116531544420413	4	834	log2(tiles)=0.00 log10(pixels)=1.75
0.0263392773898441	1	835	log2(tiles)=1.00 log10(pixels)=2.50
-0.102372908709559	1	836	log2(tiles)=0.00 log10(pixels)=2.00
0.0281512503836436	4	837	log2(tiles)=0.00 log10(pixels)=0.75
-0.0376020021010439	3	838	log2(tiles)=0.00 log10(pixels)=1.50
-0.00863830616572736	6	839	log2(tiles)=0.00 log10(pixels)=1.50
-0.000312917381596112	2	840	log2(tiles)=1.00 log10(pixels)=2.50
-0.0451551399914898	1	841	log2(tiles)=1.00 log10(pixels)=2.50
-0.100326278518962	1	842	log2(tiles)=0.00 log10(pixels)=2.50
-0.040005161671584	1	843	log2(tiles)=2.75 log10(pixels)=3.00
-0.045880017344075	1	844	log2(tiles)=0.00 log10(pixels)=2.25
-0.0809219076239261	3	845	log2(tiles)=1.00 log10(pixels)=2.00
0.123851640967086	3	846	log2(tiles)=1.00 log10(pixels)=2.00
-0.0739087409443187	6	847	log2(tiles)=0.00 log10(pixels)=1.25
-0.0555173278498313	2	848	log2(tiles)=0.00 log10(pixels)=2.00
0.00514997831990605	5	849	log2(tiles)=0.00 log10(pixels)=1.50
-0.102059991327962	7	850	log2(tiles)=0.00 log10(pixels)=1.50
0.0950980400142568	4	851	log2(tiles)=0.00 log10(pixels)=0.75
0.0563025007672873	2	852	log2(tiles)=1.00 log10(pixels)=1.50
-0.0378123955960423	2	853	log2(tiles)=1.00 log10(pixels)=2.25
-0.085026652029182	2	854	log2(tiles)=1.00 log10(pixels)=1.50
0.0440680443502757	4	855	log2(tiles)=0.00 log10(pixels)=1.50
0.0718820073061255	1	856	log2(tiles)=0.00 log10(pixels)=2.00
0.0924226808222062	5	857	log2(tiles)=0.00 log10(pixels)=1.25
0.0718820073061255	1	858	log2(tiles)=2.25 log10(pixels)=2.00
0.0281512503836436	2	859	log2(tiles)=0.00 log10(pixels)=1.75
0.0493405494535817	1	860	log2(tiles)=1.00 log10(pixels)=1.75
-0.0687587626244128	5	861	log2(tiles)=0.00 log10(pixels)=1.75
0.112783856719735	3	862	log2(tiles)=1.00 log10(pixels)=1.50
-0.0915149811213503	3	863	log2(tiles)=0.00 log10(pixels)=2.00
-0.0170038896078464	1	864	log2(tiles)=0.00 log10(pixels)=2.25
-0.0257241303992108	1	865	log2(tiles)=1.00 log10(pixels)=1.75
0.0569048513364727	1	866	log2(tiles)=1.00 log10(pixels)=2.00
0.0314789170422551	5	867	log2(tiles)=0.00 log10(pixels)=1.50
0	4	868	log2(tiles)=0.00 log10(pixels)=2.00
0.113943352306837	1	869	log2(tiles)=1.00 log10(pixels)=2.00
0.0888490907372552	2	870	log2(tiles)=0.00 log10(pixels)=1.75
-0.116531544420413	5	871	log2(tiles)=0.00 log10(pixels)=1.75
0.00527250510330601	7	872	log2(tiles)=0.00 log10(pixels)=1.25
-0.00963731050575611	1	873	log2(tiles)=1.00 log10(pixels)=1.75
0.00527250510330601	8	874	log2(tiles)=0.00 log10(pixels)=1.25
0.0924226808222062	6	875	log2(tiles)=0.00 log10(pixels)=1.25
0.0287536009528289	5	876	log2(tiles)=0.00 log10(pixels)=1.25
0	4	877	log2(tiles)=0.00 log10(pixels)=1.00
0.0797835966168101	5	878	log2(tiles)=0.00 log10(pixels)=1.50
-0.00863830616572736	7	879	log2(tiles)=0.00 log10(pixels)=1.50
0.0910646070264991	3	880	log2(tiles)=0.00 log10(pixels)=1.50
0.107209969647868	2	881	log2(tiles)=0.00 log10(pixels)=2.00
-0.00863830616572736	8	882	log2(tiles)=0.00 log10(pixels)=1.50
0.0413926851582249	1	883	log2(tiles)=0.00 log10(pixels)=2.00
0.0791812460476249	5	884	log2(tiles)=0.00 log10(pixels)=1.00
-0.0424298239020637	7	885	log2(tiles)=0.00 log10(pixels)=1.75
-0.102059991327962	8	886	log2(tiles)=0.00 log10(pixels)=1.50
-0.119788758288394	7	887	log2(tiles)=0.00 log10(pixels)=1.50
-0.0228787452803376	8	888	log2(tiles)=0.00 log10(pixels)=1.50
-0.0458800173440752	7	889	log2(tiles)=0.00 log10(pixels)=1.25
-0.10790539730952	1	890	log2(tiles)=0.00 log10(pixels)=2.00
-0.0376020021010439	4	891	log2(tiles)=0.00 log10(pixels)=1.50
-0.085026652029182	3	892	log2(tiles)=1.00 log10(pixels)=1.50
0.0910646070264991	4	893	log2(tiles)=0.00 log10(pixels)=1.50
0.0670263661590602	2	894	log2(tiles)=1.00 log10(pixels)=2.50
-0.0969100130080565	3	895	log2(tiles)=0.00 log10(pixels)=1.00
0.0493405494535817	3	896	log2(tiles)=0.00 log10(pixels)=1.75
0.0374264979406238	2	897	log2(tiles)=0.00 log10(pixels)=2.00
-0.0739087409443187	7	898	log2(tiles)=0.00 log10(pixels)=1.25
0	5	899	log2(tiles)=0.00 log10(pixels)=1.00
-0.0424298239020637	8	900	log2(tiles)=0.00 log10(pixels)=1.75
-0.119186407719209	1	901	log2(tiles)=0.00 log10(pixels)=2.00
0.0563025007672873	3	902	log2(tiles)=0.00 log10(pixels)=1.50
-0.119023308394383	1	903	log2(tiles)=1.00 log10(pixels)=3.25
0.111727836017593	6	904	log2(tiles)=0.00 log10(pixels)=1.25
0.0490032620257876	1	905	log2(tiles)=1.00 log10(pixels)=2.50
-0.0457574905606751	5	906	log2(tiles)=0.00 log10(pixels)=1.00
0.0629133566428555	2	907	log2(tiles)=0.00 log10(pixels)=1.75
0.123249290397901	1	908	log2(tiles)=1.00 log10(pixels)=1.50
-0.0228787452803376	9	909	log2(tiles)=0.00 log10(pixels)=1.50
0.102059991327963	6	910	log2(tiles)=0.00 log10(pixels)=1.50
-0.0969100130080565	4	911	log2(tiles)=0.00 log10(pixels)=1.00
0.0831471119127851	1	912	log2(tiles)=1.50 log10(pixels)=2.75
0.1154879848909	1	913	log2(tiles)=3.00 log10(pixels)=2.25
-0.085026652029182	4	914	log2(tiles)=0.00 log10(pixels)=1.50
-0.0967874862246563	1	915	log2(tiles)=1.00 log10(pixels)=1.75
0.102059991327963	7	916	log2(tiles)=0.00 log10(pixels)=1.50
0.021841606536499	2	917	log2(tiles)=0.00 log10(pixels)=2.25
0.0791812460476249	6	918	log2(tiles)=0.00 log10(pixels)=1.00
0.0791812460476249	7	919	log2(tiles)=0.00 log10(pixels)=1.00
-0.103871964321762	5	920	log2(tiles)=0.00 log10(pixels)=1.25
-0.106547323513813	4	921	log2(tiles)=0.00 log10(pixels)=1.75
-0.0510299956639812	4	922	log2(tiles)=0.00 log10(pixels)=0.75
-0.0510299956639812	5	923	log2(tiles)=0.00 log10(pixels)=0.75
-0.10078088734462	3	924	log2(tiles)=1.00 log10(pixels)=2.25
-0.0856471442155629	1	925	log2(tiles)=0.00 log10(pixels)=2.25
-0.102059991327962	9	926	log2(tiles)=0.00 log10(pixels)=1.50
0.0510299956639813	5	927	log2(tiles)=0.00 log10(pixels)=1.25
-0.103871964321762	6	928	log2(tiles)=0.00 log10(pixels)=1.25
-0.0809219076239263	1	929	log2(tiles)=1.00 log10(pixels)=3.00
-0.116461091629783	3	930	log2(tiles)=1.00 log10(pixels)=2.25
0.0722192947339193	4	931	log2(tiles)=0.00 log10(pixels)=1.25
0.0134279935629373	5	932	log2(tiles)=0.00 log10(pixels)=1.75
-0.10078088734462	1	933	log2(tiles)=0.00 log10(pixels)=2.25
0.0314789170422551	6	934	log2(tiles)=0.00 log10(pixels)=1.50
0.0281512503836436	5	935	log2(tiles)=0.00 log10(pixels)=0.75
-0.0072396109731625	1	936	log2(tiles)=1.00 log10(pixels)=2.50
-0.0687587626244128	3	937	log2(tiles)=1.00 log10(pixels)=1.75
-0.116461091629783	3	938	log2(tiles)=0.00 log10(pixels)=2.25
-0.0686362358410126	2	939	log2(tiles)=1.00 log10(pixels)=1.50
-0.0687587626244128	1	940	log2(tiles)=1.50 log10(pixels)=1.75
-0.0482135644757098	1	941	log2(tiles)=1.00 log10(pixels)=2.50
-0.00877392430750512	3	942	log2(tiles)=0.00 log10(pixels)=2.00
-0.0376020021010439	2	943	log2(tiles)=1.00 log10(pixels)=1.50
0.0287536009528289	6	944	log2(tiles)=0.00 log10(pixels)=1.25
0.0287536009528289	7	945	log2(tiles)=0.00 log10(pixels)=1.25
-0.0228787452803376	10	946	log2(tiles)=0.00 log10(pixels)=1.50
-0.085026652029182	4	947	log2(tiles)=1.00 log10(pixels)=1.50
0.0134279935629373	6	948	log2(tiles)=0.00 log10(pixels)=1.75
-0.0872421683184259	2	949	log2(tiles)=0.00 log10(pixels)=1.75
0.00527250510330601	2	950	log2(tiles)=1.00 log10(pixels)=1.25
-0.0969100130080565	5	951	log2(tiles)=0.00 log10(pixels)=1.00
-0.0969100130080565	6	952	log2(tiles)=0.00 log10(pixels)=1.00
-0.116531544420413	6	953	log2(tiles)=0.00 log10(pixels)=1.75
-0.0510299956639812	6	954	log2(tiles)=0.00 log10(pixels)=0.75
0.00527250510330601	9	955	log2(tiles)=0.00 log10(pixels)=1.25
-0.0457574905606751	6	956	log2(tiles)=0.00 log10(pixels)=1.00
-0.0132282657337552	1	957	log2(tiles)=0.00 log10(pixels)=2.00
0.113322860120456	1	958	log2(tiles)=1.00 log10(pixels)=1.75
0.0791812460476249	2	959	log2(tiles)=1.00 log10(pixels)=1.00
-0.085026652029182	5	960	log2(tiles)=0.00 log10(pixels)=1.50
-0.0739087409443187	1	961	log2(tiles)=1.00 log10(pixels)=1.25
-0.103871964321762	7	962	log2(tiles)=0.00 log10(pixels)=1.25
0.0983048630481607	1	963	log2(tiles)=1.00 log10(pixels)=2.25
-0.0513429130455774	1	964	log2(tiles)=0.00 log10(pixels)=2.25
0.0797835966168101	6	965	log2(tiles)=0.00 log10(pixels)=1.50
-0.0457574905606751	7	966	log2(tiles)=0.00 log10(pixels)=1.00
-0.0339966563652008	1	967	log2(tiles)=1.00 log10(pixels)=1.75
-0.0176062401770314	1	968	log2(tiles)=1.00 log10(pixels)=1.75
0.0809249756756194	1	969	log2(tiles)=1.00 log10(pixels)=2.50
0.0287536009528289	8	970	log2(tiles)=0.00 log10(pixels)=1.25
0.0327543789924976	1	971	log2(tiles)=1.50 log10(pixels)=2.50
-0.1249387366083	3	972	log2(tiles)=0.00 log10(pixels)=2.00
-0.0510299956639812	7	973	log2(tiles)=0.00 log10(pixels)=0.75
-0.106547323513813	3	974	log2(tiles)=1.00 log10(pixels)=1.75
0.113943352306837	4	975	log2(tiles)=0.00 log10(pixels)=1.00
-0.0779021420642825	2	976	log2(tiles)=1.00 log10(pixels)=1.75
-0.122895201635192	1	977	log2(tiles)=0.00 log10(pixels)=2.25
-0.00963731050575611	3	978	log2(tiles)=0.00 log10(pixels)=1.75
-0.113509274827518	2	979	log2(tiles)=0.00 log10(pixels)=2.00
-0.0458800173440752	8	980	log2(tiles)=0.00 log10(pixels)=1.25
-0.102059991327962	10	981	log2(tiles)=0.00 log10(pixels)=1.50
0.111727836017593	7	982	log2(tiles)=0.00 log10(pixels)=1.25
-0.0739087409443187	8	983	log2(tiles)=0.00 log10(pixels)=1.25
0.0510299956639813	6	984	log2(tiles)=0.00 log10(pixels)=1.25
0.0353298350107671	4	985	log2(tiles)=0.00 log10(pixels)=1.75
0.00860017176191752	1	986	log2(tiles)=0.00 log10(pixels)=2.00
0.0477747053878224	1	987	log2(tiles)=1.50 log10(pixels)=2.50
-0.0872421683184259	3	988	log2(tiles)=0.00 log10(pixels)=1.75
-0.00181197299379954	2	989	log2(tiles)=1.00 log10(pixels)=1.75
0.0413926851582249	4	990	log2(tiles)=0.00 log10(pixels)=1.00
0.113943352306837	5	991	log2(tiles)=0.00 log10(pixels)=1.00
-0.0541003475907664	5	992	log2(tiles)=1.00 log10(pixels)=2.25
-0.103871964321762	8	993	log2(tiles)=0.00 log10(pixels)=1.25
-0.00181197299379954	2	994	log2(tiles)=0.00 log10(pixels)=1.75
0.0722192947339193	2	995	log2(tiles)=1.00 log10(pixels)=1.25
0.00514997831990605	6	996	log2(tiles)=0.00 log10(pixels)=1.50
0.0791812460476249	8	997	log2(tiles)=0.00 log10(pixels)=1.00
-0.0739087409443187	2	998	log2(tiles)=1.00 log10(pixels)=1.25
0.102059991327962	1	999	log2(tiles)=0.00 log10(pixels)=0.50
-0.0967874862246563	2	1000	log2(tiles)=1.00 log10(pixels)=1.75
-0.0458800173440752	9	1001	log2(tiles)=0.00 log10(pixels)=1.25
-0.119788758288394	8	1002	log2(tiles)=0.00 log10(pixels)=1.50
0	6	1003	log2(tiles)=0.00 log10(pixels)=1.00
-0.0861861476162833	2	1004	log2(tiles)=1.00 log10(pixels)=2.00
0.107332496431269	4	1005	log2(tiles)=0.00 log10(pixels)=1.75
0	7	1006	log2(tiles)=0.00 log10(pixels)=1.00
0.0888490907372552	3	1007	log2(tiles)=0.00 log10(pixels)=1.75
-0.0739087409443187	9	1008	log2(tiles)=0.00 log10(pixels)=1.25
0.113943352306837	2	1009	log2(tiles)=1.00 log10(pixels)=1.00
0	8	1010	log2(tiles)=0.00 log10(pixels)=1.00
-0.0228787452803376	1	1011	log2(tiles)=0.00 log10(pixels)=0.50
0.0314789170422551	3	1012	log2(tiles)=1.00 log10(pixels)=1.50
-0.0268721464003014	2	1013	log2(tiles)=0.00 log10(pixels)=2.00
0.0413926851582249	2	1014	log2(tiles)=1.00 log10(pixels)=1.00
0.0185139398778875	8	1015	log2(tiles)=0.00 log10(pixels)=1.50
-0.0195510786217261	7	1016	log2(tiles)=0.00 log10(pixels)=1.25
-0.119666231504994	2	1017	log2(tiles)=0.00 log10(pixels)=2.25
0.0281512503836436	6	1018	log2(tiles)=0.00 log10(pixels)=0.75
-0.0739087409443187	3	1019	log2(tiles)=1.00 log10(pixels)=1.25
-0.103871964321762	9	1020	log2(tiles)=0.00 log10(pixels)=1.25
0.0910646070264991	5	1021	log2(tiles)=0.00 log10(pixels)=1.50
0.00527250510330601	10	1022	log2(tiles)=0.00 log10(pixels)=1.25
0.0287536009528289	9	1023	log2(tiles)=0.00 log10(pixels)=1.25
0.0281512503836436	7	1024	log2(tiles)=0.00 log10(pixels)=0.75
-0.00863830616572736	2	1025	log2(tiles)=1.00 log10(pixels)=1.50
0.0606978403536118	2	1026	log2(tiles)=0.00 log10(pixels)=2.00
0.0722192947339193	5	1027	log2(tiles)=0.00 log10(pixels)=1.25
-0.0604807473813815	2	1028	log2(tiles)=0.00 log10(pixels)=2.00
0.0783796034387376	1	1029	log2(tiles)=1.00 log10(pixels)=2.25
-0.085026652029182	5	1030	log2(tiles)=1.00 log10(pixels)=1.50
0.0563025007672873	4	1031	log2(tiles)=0.00 log10(pixels)=1.50
-0.103871964321762	10	1032	log2(tiles)=0.00 log10(pixels)=1.25
0.0791812460476249	9	1033	log2(tiles)=0.00 log10(pixels)=1.00
0.0413926851582249	5	1034	log2(tiles)=0.00 log10(pixels)=1.00
-0.12015082123717	1	1035	log2(tiles)=2.00 log10(pixels)=3.50
0.0287536009528289	10	1036	log2(tiles)=0.00 log10(pixels)=1.25
0.112783856719735	4	1037	log2(tiles)=1.00 log10(pixels)=1.50
0.113943352306837	3	1038	log2(tiles)=1.00 log10(pixels)=1.00
0	9	1039	log2(tiles)=0.00 log10(pixels)=1.00
-0.0176062401770314	6	1040	log2(tiles)=0.00 log10(pixels)=1.75
-0.0528419686577808	6	1041	log2(tiles)=0.00 log10(pixels)=1.50
-0.0797382846050425	2	1042	log2(tiles)=1.00 log10(pixels)=2.25
0.0510299956639813	7	1043	log2(tiles)=0.00 log10(pixels)=1.25
0.00527250510330601	11	1044	log2(tiles)=0.00 log10(pixels)=1.25
-0.0170038896078464	2	1045	log2(tiles)=0.00 log10(pixels)=2.25
0.0695439355418688	5	1046	log2(tiles)=0.00 log10(pixels)=1.75
0.0134279935629373	7	1047	log2(tiles)=0.00 log10(pixels)=1.75
-0.0686362358410126	6	1048	log2(tiles)=0.00 log10(pixels)=1.50
0.117271295655764	1	1049	log2(tiles)=1.00 log10(pixels)=2.00
0.0722192947339193	6	1050	log2(tiles)=0.00 log10(pixels)=1.25
0.102059991327962	2	1051	log2(tiles)=0.00 log10(pixels)=0.50
-0.0176062401770314	7	1052	log2(tiles)=0.00 log10(pixels)=1.75
-0.0457574905606752	1	1053	log2(tiles)=0.00 log10(pixels)=2.00
-0.0195510786217261	8	1054	log2(tiles)=0.00 log10(pixels)=1.25
0.0400346113625178	1	1055	log2(tiles)=0.00 log10(pixels)=2.25
0.117271295655764	1	1056	log2(tiles)=0.00 log10(pixels)=2.00
0.0611013836490559	1	1057	log2(tiles)=0.00 log10(pixels)=2.50
-0.113509274827518	3	1058	log2(tiles)=0.00 log10(pixels)=2.00
-0.0541003475907664	1	1059	log2(tiles)=1.50 log10(pixels)=2.25
-0.0177287669604316	2	1060	log2(tiles)=0.00 log10(pixels)=2.00
-0.0376020021010439	5	1061	log2(tiles)=0.00 log10(pixels)=1.50
0.0910646070264991	2	1062	log2(tiles)=1.00 log10(pixels)=1.50
0.0281512503836436	8	1063	log2(tiles)=0.00 log10(pixels)=0.75
-0.0739087409443187	10	1064	log2(tiles)=0.00 log10(pixels)=1.25
-0.00863830616572736	9	1065	log2(tiles)=0.00 log10(pixels)=1.50
-0.102059991327962	1	1066	log2(tiles)=1.00 log10(pixels)=1.50
0.122912002970107	1	1067	log2(tiles)=0.00 log10(pixels)=2.25
-0.0228787452803376	1	1068	log2(tiles)=1.00 log10(pixels)=1.50
-0.0228787452803376	2	1069	log2(tiles)=0.00 log10(pixels)=0.50
-0.0655015487564323	2	1070	log2(tiles)=1.00 log10(pixels)=2.00
0.0791812460476249	10	1071	log2(tiles)=0.00 log10(pixels)=1.00
-0.0458800173440752	10	1072	log2(tiles)=0.00 log10(pixels)=1.25
0.00514997831990605	7	1073	log2(tiles)=0.00 log10(pixels)=1.50
0.102059991327962	3	1074	log2(tiles)=0.00 log10(pixels)=0.50
0.0950980400142568	5	1075	log2(tiles)=0.00 log10(pixels)=0.75
0.112783856719735	2	1076	log2(tiles)=0.00 log10(pixels)=1.50
0.0287536009528289	11	1077	log2(tiles)=0.00 log10(pixels)=1.25
0.0924226808222062	1	1078	log2(tiles)=2.00 log10(pixels)=1.25
-0.085026652029182	6	1079	log2(tiles)=0.00 log10(pixels)=1.50
0.0253058652647704	1	1080	log2(tiles)=1.50 log10(pixels)=2.00
-0.116531544420413	3	1081	log2(tiles)=1.00 log10(pixels)=1.75
-0.119788758288394	9	1082	log2(tiles)=0.00 log10(pixels)=1.50
-0.102059991327962	2	1083	log2(tiles)=1.00 log10(pixels)=1.50
-0.10790539730952	1	1084	log2(tiles)=1.00 log10(pixels)=2.00
0.00514997831990605	1	1085	log2(tiles)=1.00 log10(pixels)=1.50
-0.122895201635192	2	1086	log2(tiles)=0.00 log10(pixels)=2.25
0.0287536009528289	12	1087	log2(tiles)=0.00 log10(pixels)=1.25
0.0208520116421442	1	1088	log2(tiles)=0.00 log10(pixels)=1.75
-0.119186407719209	2	1089	log2(tiles)=0.00 log10(pixels)=2.00
0.0950980400142568	6	1090	log2(tiles)=0.00 log10(pixels)=0.75
-0.00863830616572736	10	1091	log2(tiles)=0.00 log10(pixels)=1.50
0.0791812460476249	11	1092	log2(tiles)=0.00 log10(pixels)=1.00
0.00514997831990605	2	1093	log2(tiles)=1.00 log10(pixels)=1.50
-0.0739087409443187	11	1094	log2(tiles)=0.00 log10(pixels)=1.25
-0.0458800173440752	11	1095	log2(tiles)=0.00 log10(pixels)=1.25
0.107332496431269	3	1096	log2(tiles)=1.00 log10(pixels)=1.75
-0.111381566100508	1	1097	log2(tiles)=2.00 log10(pixels)=3.25
0.103144372620182	1	1098	log2(tiles)=0.00 log10(pixels)=2.50
-0.00945075171740051	1	1099	log2(tiles)=1.00 log10(pixels)=2.25
0.0910646070264991	6	1100	log2(tiles)=0.00 log10(pixels)=1.50
0.0281512503836436	2	1101	log2(tiles)=1.00 log10(pixels)=1.75
-0.0969100130080565	2	1102	log2(tiles)=0.00 log10(pixels)=2.00
0.0281512503836436	9	1103	log2(tiles)=0.00 log10(pixels)=0.75
-0.0457574905606751	1	1104	log2(tiles)=1.00 log10(pixels)=1.00
-0.0510299956639812	8	1105	log2(tiles)=0.00 log10(pixels)=0.75
-0.00963731050575611	2	1106	log2(tiles)=1.00 log10(pixels)=1.75
0.0287536009528289	13	1107	log2(tiles)=0.00 log10(pixels)=1.25
-0.0457574905606751	8	1108	log2(tiles)=0.00 log10(pixels)=1.00
-0.103871964321762	11	1109	log2(tiles)=0.00 log10(pixels)=1.25
0.0722192947339193	7	1110	log2(tiles)=0.00 log10(pixels)=1.25
-0.103871964321762	12	1111	log2(tiles)=0.00 log10(pixels)=1.25
0.00105926221775166	1	1112	log2(tiles)=1.00 log10(pixels)=2.50
-0.00963731050575611	3	1113	log2(tiles)=1.00 log10(pixels)=1.75
0.0287536009528289	14	1114	log2(tiles)=0.00 log10(pixels)=1.25
-0.085026652029182	7	1115	log2(tiles)=0.00 log10(pixels)=1.50
-0.0541003475907664	6	1116	log2(tiles)=1.00 log10(pixels)=2.25
0.0950980400142568	7	1117	log2(tiles)=0.00 log10(pixels)=0.75
0.0910646070264991	7	1118	log2(tiles)=0.00 log10(pixels)=1.50
0.102059991327962	4	1119	log2(tiles)=0.00 log10(pixels)=0.50
0.0791812460476247	2	1120	log2(tiles)=0.00 log10(pixels)=2.00
-0.0510299956639813	6	1121	log2(tiles)=0.00 log10(pixels)=1.75
-0.0543957967264026	1	1122	log2(tiles)=0.00 log10(pixels)=2.50
0.0969100130080562	1	1123	log2(tiles)=1.00 log10(pixels)=2.00
-0.0457574905606751	9	1124	log2(tiles)=0.00 log10(pixels)=1.00
0.0440680443502757	6	1125	log2(tiles)=1.00 log10(pixels)=1.50
0.00527250510330601	12	1126	log2(tiles)=0.00 log10(pixels)=1.25
0	10	1127	log2(tiles)=0.00 log10(pixels)=1.00
0.0281512503836436	3	1128	log2(tiles)=0.00 log10(pixels)=1.75
0.0208520116421442	2	1129	log2(tiles)=0.00 log10(pixels)=1.75
0.0510299956639813	8	1130	log2(tiles)=0.00 log10(pixels)=1.25
-0.0705810742857072	4	1131	log2(tiles)=0.00 log10(pixels)=2.00
-0.0458800173440752	12	1132	log2(tiles)=0.00 log10(pixels)=1.25
0.102059991327963	8	1133	log2(tiles)=0.00 log10(pixels)=1.50
0.00514997831990605	8	1134	log2(tiles)=0.00 log10(pixels)=1.50
0.0924226808222062	7	1135	log2(tiles)=0.00 log10(pixels)=1.25
-0.0872421683184259	4	1136	log2(tiles)=0.00 log10(pixels)=1.75
-0.00696195131370558	1	1137	log2(tiles)=1.00 log10(pixels)=2.25
0.0924226808222062	8	1138	log2(tiles)=0.00 log10(pixels)=1.25
-0.0710230527068307	3	1139	log2(tiles)=0.00 log10(pixels)=2.25
0.111727836017593	8	1140	log2(tiles)=0.00 log10(pixels)=1.25
0.0281512503836436	1	1141	log2(tiles)=1.00 log10(pixels)=0.75
-0.110138278741811	1	1142	log2(tiles)=2.00 log10(pixels)=3.00
0.0809249756756194	2	1143	log2(tiles)=1.00 log10(pixels)=2.50
0.00105926221775166	2	1144	log2(tiles)=1.00 log10(pixels)=2.50
0.0510299956639813	9	1145	log2(tiles)=0.00 log10(pixels)=1.25
-0.0686362358410126	3	1146	log2(tiles)=1.00 log10(pixels)=1.50
0.0281512503836436	10	1147	log2(tiles)=0.00 log10(pixels)=0.75
0.112783856719735	5	1148	log2(tiles)=1.00 log10(pixels)=1.50
0.0680633349627615	1	1149	log2(tiles)=1.00 log10(pixels)=2.25
0.0440680443502757	5	1150	log2(tiles)=0.00 log10(pixels)=1.50
0.0963529744506388	2	1151	log2(tiles)=1.50 log10(pixels)=2.25
-0.085026652029182	6	1152	log2(tiles)=1.00 log10(pixels)=1.50
-0.0510299956639813	7	1153	log2(tiles)=0.00 log10(pixels)=1.75
0.0722192947339193	8	1154	log2(tiles)=0.00 log10(pixels)=1.25
-0.0339966563652008	6	1155	log2(tiles)=0.00 log10(pixels)=1.75
0.00527250510330601	13	1156	log2(tiles)=0.00 log10(pixels)=1.25
0.0950980400142568	8	1157	log2(tiles)=0.00 log10(pixels)=0.75
0.102059991327962	5	1158	log2(tiles)=0.00 log10(pixels)=0.50
0.0510299956639813	10	1159	log2(tiles)=0.00 log10(pixels)=1.25
-0.0779021420642825	3	1160	log2(tiles)=0.00 log10(pixels)=1.75
0.123249290397901	2	1161	log2(tiles)=1.00 log10(pixels)=1.50
0.0791812460476249	12	1162	log2(tiles)=0.00 log10(pixels)=1.00
0.123249290397901	3	1163	log2(tiles)=1.00 log10(pixels)=1.50
0.0185139398778875	9	1164	log2(tiles)=0.00 log10(pixels)=1.50
0.0440680443502757	6	1165	log2(tiles)=0.00 log10(pixels)=1.50
-0.00863830616572736	11	1166	log2(tiles)=0.00 log10(pixels)=1.50
-0.085026652029182	7	1167	log2(tiles)=1.00 log10(pixels)=1.50
0.0760748027008265	4	1168	log2(tiles)=0.00 log10(pixels)=1.75
0.0695439355418688	1	1169	log2(tiles)=1.00 log10(pixels)=1.75
-0.00877392430750512	4	1170	log2(tiles)=1.00 log10(pixels)=2.00
-0.0653085691824011	2	1171	log2(tiles)=0.00 log10(pixels)=2.25
0.0314789170422551	7	1172	log2(tiles)=0.00 log10(pixels)=1.50
0.113943352306837	6	1173	log2(tiles)=0.00 log10(pixels)=1.00
0.0950980400142568	9	1174	log2(tiles)=0.00 log10(pixels)=0.75
0.123249290397901	2	1175	log2(tiles)=0.00 log10(pixels)=1.50
-0.0757207139381184	3	1176	log2(tiles)=0.00 log10(pixels)=2.00
0.0413926851582249	2	1177	log2(tiles)=0.00 log10(pixels)=2.00
0.100370545117563	1	1178	log2(tiles)=1.00 log10(pixels)=2.00
-0.00863830616572736	12	1179	log2(tiles)=0.00 log10(pixels)=1.50
0	11	1180	log2(tiles)=0.00 log10(pixels)=1.00
0.0791812460476249	13	1181	log2(tiles)=0.00 log10(pixels)=1.00
0.0722192947339193	9	1182	log2(tiles)=0.00 log10(pixels)=1.25
-0.119788758288394	10	1183	log2(tiles)=0.00 log10(pixels)=1.50
0.111727836017593	9	1184	log2(tiles)=0.00 log10(pixels)=1.25
0.113943352306837	7	1185	log2(tiles)=0.00 log10(pixels)=1.00
0.113943352306837	8	1186	log2(tiles)=0.00 log10(pixels)=1.00
-0.00863830616572736	13	1187	log2(tiles)=0.00 log10(pixels)=1.50
0.102059991327962	6	1188	log2(tiles)=0.00 log10(pixels)=0.50
-0.0513429130455774	1	1189	log2(tiles)=1.00 log10(pixels)=2.25
-0.10790539730952	2	1190	log2(tiles)=0.00 log10(pixels)=2.00
-0.0510299956639812	9	1191	log2(tiles)=0.00 log10(pixels)=0.75
-0.10078088734462	2	1192	log2(tiles)=0.00 log10(pixels)=2.25
0.111727836017593	10	1193	log2(tiles)=0.00 log10(pixels)=1.25
0.0791812460476249	14	1194	log2(tiles)=0.00 log10(pixels)=1.00
0.0134279935629373	1	1195	log2(tiles)=1.00 log10(pixels)=1.75
-0.0376020021010439	6	1196	log2(tiles)=0.00 log10(pixels)=1.50
0	12	1197	log2(tiles)=0.00 log10(pixels)=1.00
0.00527250510330601	3	1198	log2(tiles)=1.00 log10(pixels)=1.25
-0.0528419686577808	7	1199	log2(tiles)=0.00 log10(pixels)=1.50
-0.0356702402547668	1	1200	log2(tiles)=2.00 log10(pixels)=2.75
-0.0457574905606751	10	1201	log2(tiles)=0.00 log10(pixels)=1.00
-0.0528419686577806	2	1202	log2(tiles)=0.00 log10(pixels)=2.50
0.0791812460476249	15	1203	log2(tiles)=0.00 log10(pixels)=1.00
0.0791812460476249	16	1204	log2(tiles)=0.00 log10(pixels)=1.00
-0.0228787452803376	11	1205	log2(tiles)=0.00 log10(pixels)=1.50
0.0825089127062364	3	1206	log2(tiles)=0.00 log10(pixels)=1.75
0.103803720955957	1	1207	log2(tiles)=0.00 log10(pixels)=2.00
-0.119788758288394	11	1208	log2(tiles)=0.00 log10(pixels)=1.50
0.0413926851582249	6	1209	log2(tiles)=0.00 log10(pixels)=1.00
-0.0598039199714864	2	1210	log2(tiles)=0.00 log10(pixels)=1.75
0.0791812460476249	3	1211	log2(tiles)=1.00 log10(pixels)=1.00
0.00527250510330601	14	1212	log2(tiles)=0.00 log10(pixels)=1.25
-0.0195510786217261	9	1213	log2(tiles)=0.00 log10(pixels)=1.25
-0.103871964321762	13	1214	log2(tiles)=0.00 log10(pixels)=1.25
-0.0681564120552274	1	1215	log2(tiles)=0.00 log10(pixels)=2.25
-0.102372908709559	1	1216	log2(tiles)=1.00 log10(pixels)=2.00
-0.102059991327962	11	1217	log2(tiles)=0.00 log10(pixels)=1.50
0.0797835966168101	7	1218	log2(tiles)=0.00 log10(pixels)=1.50
-0.0969100130080565	7	1219	log2(tiles)=0.00 log10(pixels)=1.00
-0.0457574905606751	11	1220	log2(tiles)=0.00 log10(pixels)=1.00
0.0400346113625178	2	1221	log2(tiles)=0.00 log10(pixels)=2.25
0.0910646070264991	8	1222	log2(tiles)=0.00 log10(pixels)=1.50
-0.0176062401770314	8	1223	log2(tiles)=0.00 log10(pixels)=1.75
0.111727836017593	11	1224	log2(tiles)=0.00 log10(pixels)=1.25
-0.0598039199714864	3	1225	log2(tiles)=0.00 log10(pixels)=1.75
-0.0687587626244128	6	1226	log2(tiles)=0.00 log10(pixels)=1.75
-0.0457574905606751	12	1227	log2(tiles)=0.00 log10(pixels)=1.00
-0.119788758288394	12	1228	log2(tiles)=0.00 log10(pixels)=1.50
-0.0705810742857072	2	1229	log2(tiles)=1.00 log10(pixels)=2.00
-0.0969100130080565	8	1230	log2(tiles)=0.00 log10(pixels)=1.00
0.0413926851582249	7	1231	log2(tiles)=0.00 log10(pixels)=1.00
0.123249290397901	4	1232	log2(tiles)=1.00 log10(pixels)=1.50
0.0510299956639813	11	1233	log2(tiles)=0.00 log10(pixels)=1.25
0.00527250510330601	15	1234	log2(tiles)=0.00 log10(pixels)=1.25
-0.0176062401770314	2	1235	log2(tiles)=1.00 log10(pixels)=1.75
0.0413926851582249	8	1236	log2(tiles)=0.00 log10(pixels)=1.00
0.0563025007672873	5	1237	log2(tiles)=0.00 log10(pixels)=1.50
-0.0510299956639813	1	1238	log2(tiles)=1.00 log10(pixels)=1.75
-0.0228787452803376	12	1239	log2(tiles)=0.00 log10(pixels)=1.50
-0.0195510786217261	3	1240	log2(tiles)=1.00 log10(pixels)=1.25
-0.0779021420642825	3	1241	log2(tiles)=1.00 log10(pixels)=1.75
0.0281512503836436	11	1242	log2(tiles)=0.00 log10(pixels)=0.75
0.0722192947339193	10	1243	log2(tiles)=0.00 log10(pixels)=1.25
0.0791812460476249	17	1244	log2(tiles)=0.00 log10(pixels)=1.00
-0.116531544420413	7	1245	log2(tiles)=0.00 log10(pixels)=1.75
-0.102059991327962	12	1246	log2(tiles)=0.00 log10(pixels)=1.50
0.00527250510330601	16	1247	log2(tiles)=0.00 log10(pixels)=1.25
-0.0287082889410613	1	1248	log2(tiles)=1.00 log10(pixels)=2.50
0.0281512503836436	2	1249	log2(tiles)=1.00 log10(pixels)=0.75
0.02415784926368	2	1250	log2(tiles)=1.00 log10(pixels)=2.25
-0.0228787452803376	3	1251	log2(tiles)=0.00 log10(pixels)=0.50
0.102059991327962	7	1252	log2(tiles)=0.00 log10(pixels)=0.50
-0.00863830616572736	1	1253	log2(tiles)=1.50 log10(pixels)=1.50
-0.0510299956639812	10	1254	log2(tiles)=0.00 log10(pixels)=0.75
-0.0969100130080565	9	1255	log2(tiles)=0.00 log10(pixels)=1.00
0.0281512503836436	12	1256	log2(tiles)=0.00 log10(pixels)=0.75
0	13	1257	log2(tiles)=0.00 log10(pixels)=1.00
0.0510299956639813	12	1258	log2(tiles)=0.00 log10(pixels)=1.25
0	1	1259	log2(tiles)=0.00 log10(pixels)=0.00
-0.0969100130080565	10	1260	log2(tiles)=0.00 log10(pixels)=1.00
-0.103871964321762	14	1261	log2(tiles)=0.00 log10(pixels)=1.25
0.0722192947339193	11	1262	log2(tiles)=0.00 log10(pixels)=1.25
-0.0687587626244128	4	1263	log2(tiles)=1.00 log10(pixels)=1.75
0.0493405494535817	4	1264	log2(tiles)=0.00 log10(pixels)=1.75
-0.1249387366083	2	1265	log2(tiles)=1.00 log10(pixels)=2.00
0.113943352306837	4	1266	log2(tiles)=1.00 log10(pixels)=1.00
-0.119186407719209	3	1267	log2(tiles)=0.00 log10(pixels)=2.00
0.0281512503836436	13	1268	log2(tiles)=0.00 log10(pixels)=0.75
0.00527250510330601	4	1269	log2(tiles)=1.00 log10(pixels)=1.25
0.0510299956639812	2	1270	log2(tiles)=0.00 log10(pixels)=0.25
-0.0739087409443187	12	1271	log2(tiles)=0.00 log10(pixels)=1.25
-0.0228787452803376	4	1272	log2(tiles)=0.00 log10(pixels)=0.50
-0.103871964321762	15	1273	log2(tiles)=0.00 log10(pixels)=1.25
0.0797835966168101	8	1274	log2(tiles)=0.00 log10(pixels)=1.50
0.112783856719735	6	1275	log2(tiles)=1.00 log10(pixels)=1.50
-0.0424298239020637	4	1276	log2(tiles)=1.00 log10(pixels)=1.75
-0.0457574905606752	2	1277	log2(tiles)=1.00 log10(pixels)=2.00
0.0281512503836436	4	1278	log2(tiles)=0.00 log10(pixels)=1.75
0.102059991327963	9	1279	log2(tiles)=0.00 log10(pixels)=1.50
0.0413926851582249	9	1280	log2(tiles)=0.00 log10(pixels)=1.00
-0.0915149811213503	4	1281	log2(tiles)=0.00 log10(pixels)=2.00
0.0281512503836436	14	1282	log2(tiles)=0.00 log10(pixels)=0.75
0.102059991327962	1	1283	log2(tiles)=1.00 log10(pixels)=0.50
0.0791812460476249	18	1284	log2(tiles)=0.00 log10(pixels)=1.00
-0.0228787452803376	2	1285	log2(tiles)=1.00 log10(pixels)=1.50
0.0287536009528289	15	1286	log2(tiles)=0.00 log10(pixels)=1.25
0.0950980400142568	10	1287	log2(tiles)=0.00 log10(pixels)=0.75
-0.0195510786217261	10	1288	log2(tiles)=0.00 log10(pixels)=1.25
-0.0228787452803376	5	1289	log2(tiles)=0.00 log10(pixels)=0.50
0.0950980400142568	11	1290	log2(tiles)=0.00 log10(pixels)=0.75
-0.0553948010664311	1	1291	log2(tiles)=1.00 log10(pixels)=2.75
-0.1249387366083	4	1292	log2(tiles)=0.00 log10(pixels)=2.00
0.102059991327962	8	1293	log2(tiles)=0.00 log10(pixels)=0.50
0.0281512503836436	3	1294	log2(tiles)=1.00 log10(pixels)=0.75
-0.0457574905606751	13	1295	log2(tiles)=0.00 log10(pixels)=1.00
-0.00181197299379954	3	1296	log2(tiles)=0.00 log10(pixels)=1.75
-0.0739087409443187	13	1297	log2(tiles)=0.00 log10(pixels)=1.25
0.102059991327962	9	1298	log2(tiles)=0.00 log10(pixels)=0.50
0.102059991327962	10	1299	log2(tiles)=0.00 log10(pixels)=0.50
0.102059991327962	11	1300	log2(tiles)=0.00 log10(pixels)=0.50
0.113943352306837	9	1301	log2(tiles)=0.00 log10(pixels)=1.00
0.0722192947339193	12	1302	log2(tiles)=0.00 log10(pixels)=1.25
0.102059991327962	12	1303	log2(tiles)=0.00 log10(pixels)=0.50
0.0950980400142568	12	1304	log2(tiles)=0.00 log10(pixels)=0.75
0.00514997831990605	9	1305	log2(tiles)=0.00 log10(pixels)=1.50
-0.102059991327962	13	1306	log2(tiles)=0.00 log10(pixels)=1.50
0	14	1307	log2(tiles)=0.00 log10(pixels)=1.00
0	1	1308	log2(tiles)=1.00 log10(pixels)=1.00
0.0287536009528289	2	1309	log2(tiles)=1.00 log10(pixels)=1.25
0.0950980400142568	13	1310	log2(tiles)=0.00 log10(pixels)=0.75
0	15	1311	log2(tiles)=0.00 log10(pixels)=1.00
0.0185139398778875	10	1312	log2(tiles)=0.00 log10(pixels)=1.50
0.107332496431269	5	1313	log2(tiles)=0.00 log10(pixels)=1.75
0.113943352306837	10	1314	log2(tiles)=0.00 log10(pixels)=1.00
0.0791812460476249	19	1315	log2(tiles)=0.00 log10(pixels)=1.00
-0.0195510786217261	11	1316	log2(tiles)=0.00 log10(pixels)=1.25
0.0413926851582249	10	1317	log2(tiles)=0.00 log10(pixels)=1.00
-0.0686362358410126	4	1318	log2(tiles)=1.00 log10(pixels)=1.50
-0.0686362358410126	5	1319	log2(tiles)=1.00 log10(pixels)=1.50
0.00432137378264263	3	1320	log2(tiles)=0.00 log10(pixels)=2.00
-0.102059991327962	14	1321	log2(tiles)=0.00 log10(pixels)=1.50
0.0510299956639813	4	1322	log2(tiles)=1.00 log10(pixels)=1.25
-0.0228787452803376	6	1323	log2(tiles)=0.00 log10(pixels)=0.50
-0.0510299956639812	11	1324	log2(tiles)=0.00 log10(pixels)=0.75
0.0281512503836436	15	1325	log2(tiles)=0.00 log10(pixels)=0.75
0.0413926851582249	11	1326	log2(tiles)=0.00 log10(pixels)=1.00
-0.110833915635467	1	1327	log2(tiles)=0.00 log10(pixels)=2.50
0.0287536009528289	16	1328	log2(tiles)=0.00 log10(pixels)=1.25
-0.0969100130080565	11	1329	log2(tiles)=0.00 log10(pixels)=1.00
0.0791812460476249	20	1330	log2(tiles)=0.00 log10(pixels)=1.00
-0.103871964321762	1	1331	log2(tiles)=1.00 log10(pixels)=1.25
-0.0977536589966768	1	1332	log2(tiles)=1.00 log10(pixels)=2.75
0.0413926851582249	12	1333	log2(tiles)=0.00 log10(pixels)=1.00
-0.0510299956639812	12	1334	log2(tiles)=0.00 log10(pixels)=0.75
-0.0457574905606751	14	1335	log2(tiles)=0.00 log10(pixels)=1.00
0.0281512503836436	16	1336	log2(tiles)=0.00 log10(pixels)=0.75
-0.0809219076239261	4	1337	log2(tiles)=1.00 log10(pixels)=2.00
-0.0195510786217261	12	1338	log2(tiles)=0.00 log10(pixels)=1.25
-0.106547323513813	4	1339	log2(tiles)=1.00 log10(pixels)=1.75
0	2	1340	log2(tiles)=1.00 log10(pixels)=1.00
-0.0969100130080565	1	1341	log2(tiles)=1.00 log10(pixels)=1.00
-0.0457574905606751	15	1342	log2(tiles)=0.00 log10(pixels)=1.00
-0.0228787452803376	13	1343	log2(tiles)=0.00 log10(pixels)=1.50
-0.0969100130080565	12	1344	log2(tiles)=0.00 log10(pixels)=1.00
0.0950980400142568	14	1345	log2(tiles)=0.00 log10(pixels)=0.75
0.0413926851582249	13	1346	log2(tiles)=0.00 log10(pixels)=1.00
0.102059991327962	13	1347	log2(tiles)=0.00 log10(pixels)=0.50
0.0722192947339193	3	1348	log2(tiles)=1.00 log10(pixels)=1.25
0.0413926851582249	3	1349	log2(tiles)=1.00 log10(pixels)=1.00
-0.0513429130455774	2	1350	log2(tiles)=1.00 log10(pixels)=2.25
-0.0779021420642825	4	1351	log2(tiles)=0.00 log10(pixels)=1.75
0.0281512503836436	17	1352	log2(tiles)=0.00 log10(pixels)=0.75
0.113943352306837	5	1353	log2(tiles)=1.00 log10(pixels)=1.00
0.0413926851582249	14	1354	log2(tiles)=0.00 log10(pixels)=1.00
0.0281512503836436	18	1355	log2(tiles)=0.00 log10(pixels)=0.75
-0.0528419686577808	8	1356	log2(tiles)=0.00 log10(pixels)=1.50
0.0281512503836436	19	1357	log2(tiles)=0.00 log10(pixels)=0.75
-0.0541003475907664	2	1358	log2(tiles)=0.00 log10(pixels)=2.25
0.102059991327963	10	1359	log2(tiles)=0.00 log10(pixels)=1.50
0.111727836017593	12	1360	log2(tiles)=0.00 log10(pixels)=1.25
-0.0510299956639812	13	1361	log2(tiles)=0.00 log10(pixels)=0.75
0.0413926851582249	15	1362	log2(tiles)=0.00 log10(pixels)=1.00
-0.0739087409443187	14	1363	log2(tiles)=0.00 log10(pixels)=1.25
0.0281512503836436	20	1364	log2(tiles)=0.00 log10(pixels)=0.75
0	16	1365	log2(tiles)=0.00 log10(pixels)=1.00
0.0899051114393981	2	1366	log2(tiles)=0.00 log10(pixels)=2.00
0.0722192947339193	13	1367	log2(tiles)=0.00 log10(pixels)=1.25
-0.0779021420642825	5	1368	log2(tiles)=0.00 log10(pixels)=1.75
-0.0458800173440752	13	1369	log2(tiles)=0.00 log10(pixels)=1.25
0.119231719730976	1	1370	log2(tiles)=0.00 log10(pixels)=1.75
0.0281512503836436	21	1371	log2(tiles)=0.00 log10(pixels)=0.75
0.0950980400142568	15	1372	log2(tiles)=0.00 log10(pixels)=0.75
0.0287536009528289	17	1373	log2(tiles)=0.00 log10(pixels)=1.25
0.00527250510330601	5	1374	log2(tiles)=1.00 log10(pixels)=1.25
0.102059991327962	14	1375	log2(tiles)=0.00 log10(pixels)=0.50
0.0423916894982539	1	1376	log2(tiles)=1.00 log10(pixels)=1.75
-0.0555173278498313	2	1377	log2(tiles)=1.00 log10(pixels)=2.00
-0.0969100130080565	13	1378	log2(tiles)=0.00 log10(pixels)=1.00
-0.103871964321762	2	1379	log2(tiles)=1.00 log10(pixels)=1.25
0.0950980400142568	16	1380	log2(tiles)=0.00 log10(pixels)=0.75
0.0281512503836436	22	1381	log2(tiles)=0.00 log10(pixels)=0.75
-0.0510299956639812	14	1382	log2(tiles)=0.00 log10(pixels)=0.75
-0.0686362358410126	7	1383	log2(tiles)=0.00 log10(pixels)=1.50
0.0722192947339193	14	1384	log2(tiles)=0.00 log10(pixels)=1.25
-0.0228787452803376	7	1385	log2(tiles)=0.00 log10(pixels)=0.50
0.0950980400142568	17	1386	log2(tiles)=0.00 log10(pixels)=0.75
0.1154879848909	1	1387	log2(tiles)=1.00 log10(pixels)=2.25
0	17	1388	log2(tiles)=0.00 log10(pixels)=1.00
-0.119788758288394	13	1389	log2(tiles)=0.00 log10(pixels)=1.50
0.0413926851582249	4	1390	log2(tiles)=1.00 log10(pixels)=1.00
0.0510299956639812	3	1391	log2(tiles)=0.00 log10(pixels)=0.25
-0.085026652029182	8	1392	log2(tiles)=0.00 log10(pixels)=1.50
0.0797835966168101	9	1393	log2(tiles)=0.00 log10(pixels)=1.50
0.0791812460476249	4	1394	log2(tiles)=1.00 log10(pixels)=1.00
-0.0510299956639812	15	1395	log2(tiles)=0.00 log10(pixels)=0.75
0	18	1396	log2(tiles)=0.00 log10(pixels)=1.00
0.111727836017593	13	1397	log2(tiles)=0.00 log10(pixels)=1.25
0.0722192947339193	4	1398	log2(tiles)=1.00 log10(pixels)=1.25
0.112783856719735	3	1399	log2(tiles)=0.00 log10(pixels)=1.50
0.068201724066995	2	1400	log2(tiles)=1.00 log10(pixels)=1.50
0.111727836017593	3	1401	log2(tiles)=1.00 log10(pixels)=1.25
0.0797835966168101	3	1402	log2(tiles)=1.00 log10(pixels)=1.50
0.0924226808222062	9	1403	log2(tiles)=0.00 log10(pixels)=1.25
-0.0458800173440752	14	1404	log2(tiles)=0.00 log10(pixels)=1.25
0.113943352306837	11	1405	log2(tiles)=0.00 log10(pixels)=1.00
0.0281512503836436	23	1406	log2(tiles)=0.00 log10(pixels)=0.75
0.102059991327962	15	1407	log2(tiles)=0.00 log10(pixels)=0.50
-0.0622494371796121	1	1408	log2(tiles)=0.00 log10(pixels)=2.50
0.0561799739838871	2	1409	log2(tiles)=0.00 log10(pixels)=1.75
0.0281512503836436	24	1410	log2(tiles)=0.00 log10(pixels)=0.75
-0.0686362358410126	6	1411	log2(tiles)=1.00 log10(pixels)=1.50
-0.0969100130080565	14	1412	log2(tiles)=0.00 log10(pixels)=1.00
-0.0967874862246563	7	1413	log2(tiles)=0.00 log10(pixels)=1.75
0.0413926851582249	16	1414	log2(tiles)=0.00 log10(pixels)=1.00
-0.00863830616572736	3	1415	log2(tiles)=1.00 log10(pixels)=1.50
-0.0228787452803376	8	1416	log2(tiles)=0.00 log10(pixels)=0.50
-0.0779021420642825	4	1417	log2(tiles)=1.00 log10(pixels)=1.75
0.112783856719735	7	1418	log2(tiles)=1.00 log10(pixels)=1.50
-0.106547323513813	5	1419	log2(tiles)=0.00 log10(pixels)=1.75
0	2	1420	log2(tiles)=0.00 log10(pixels)=0.00
0.0281512503836436	25	1421	log2(tiles)=0.00 log10(pixels)=0.75
0	3	1422	log2(tiles)=0.00 log10(pixels)=0.00
-0.0739087409443187	15	1423	log2(tiles)=0.00 log10(pixels)=1.25
0.0281512503836436	26	1424	log2(tiles)=0.00 log10(pixels)=0.75
-0.0969100130080565	15	1425	log2(tiles)=0.00 log10(pixels)=1.00
0.0510299956639813	13	1426	log2(tiles)=0.00 log10(pixels)=1.25
-0.0457574905606751	16	1427	log2(tiles)=0.00 log10(pixels)=1.00
0.0722192947339193	5	1428	log2(tiles)=1.00 log10(pixels)=1.25
0.102059991327962	16	1429	log2(tiles)=0.00 log10(pixels)=0.50
0.0510299956639812	4	1430	log2(tiles)=0.00 log10(pixels)=0.25
-0.0510299956639812	16	1431	log2(tiles)=0.00 log10(pixels)=0.75
0.0510299956639813	14	1432	log2(tiles)=0.00 log10(pixels)=1.25
0.0493405494535817	5	1433	log2(tiles)=0.00 log10(pixels)=1.75
-0.102059991327962	15	1434	log2(tiles)=0.00 log10(pixels)=1.50
-0.0510299956639812	17	1435	log2(tiles)=0.00 log10(pixels)=0.75
0.0281512503836436	27	1436	log2(tiles)=0.00 log10(pixels)=0.75
0.0910646070264991	3	1437	log2(tiles)=1.00 log10(pixels)=1.50
0.0797835966168101	10	1438	log2(tiles)=0.00 log10(pixels)=1.50
-0.0739087409443187	4	1439	log2(tiles)=1.00 log10(pixels)=1.25
0.111727836017593	14	1440	log2(tiles)=0.00 log10(pixels)=1.25
0.0722192947339193	6	1441	log2(tiles)=1.00 log10(pixels)=1.25
-0.0710230527068307	1	1442	log2(tiles)=1.00 log10(pixels)=2.25
0.00527250510330601	17	1443	log2(tiles)=0.00 log10(pixels)=1.25
-0.0969100130080565	2	1444	log2(tiles)=1.00 log10(pixels)=1.00
-0.0195510786217261	13	1445	log2(tiles)=0.00 log10(pixels)=1.25
-0.0510299956639812	18	1446	log2(tiles)=0.00 log10(pixels)=0.75
0.0413926851582249	17	1447	log2(tiles)=0.00 log10(pixels)=1.00
-0.0228787452803376	9	1448	log2(tiles)=0.00 log10(pixels)=0.50
-0.0739087409443187	5	1449	log2(tiles)=1.00 log10(pixels)=1.25
0.102059991327962	17	1450	log2(tiles)=0.00 log10(pixels)=0.50
0.0791812460476247	3	1451	log2(tiles)=0.00 log10(pixels)=2.00
-0.0458800173440752	15	1452	log2(tiles)=0.00 log10(pixels)=1.25
-0.0739087409443187	16	1453	log2(tiles)=0.00 log10(pixels)=1.25
0.0413926851582249	18	1454	log2(tiles)=0.00 log10(pixels)=1.00
0.068201724066995	3	1455	log2(tiles)=1.00 log10(pixels)=1.50
0.0924226808222062	10	1456	log2(tiles)=0.00 log10(pixels)=1.25
-0.0195510786217261	14	1457	log2(tiles)=0.00 log10(pixels)=1.25
0.0924226808222062	11	1458	log2(tiles)=0.00 log10(pixels)=1.25
-0.0262160630346706	1	1459	log2(tiles)=2.50 log10(pixels)=3.75
-0.0339966563652008	7	1460	log2(tiles)=0.00 log10(pixels)=1.75
0.0124510897304293	1	1461	log2(tiles)=1.00 log10(pixels)=2.25
-0.0510299956639812	19	1462	log2(tiles)=0.00 log10(pixels)=0.75
-0.0969100130080565	16	1463	log2(tiles)=0.00 log10(pixels)=1.00
0	4	1464	log2(tiles)=0.00 log10(pixels)=0.00
0.00514997831990605	10	1465	log2(tiles)=0.00 log10(pixels)=1.50
-0.0809219076239261	4	1466	log2(tiles)=0.00 log10(pixels)=2.00
0.102059991327962	18	1467	log2(tiles)=0.00 log10(pixels)=0.50
-0.0687587626244128	7	1468	log2(tiles)=0.00 log10(pixels)=1.75
0.113943352306837	12	1469	log2(tiles)=0.00 log10(pixels)=1.00
-0.102372908709559	2	1470	log2(tiles)=0.00 log10(pixels)=2.00
0.102059991327962	19	1471	log2(tiles)=0.00 log10(pixels)=0.50
-0.0969100130080565	17	1472	log2(tiles)=0.00 log10(pixels)=1.00
-0.0458800173440752	16	1473	log2(tiles)=0.00 log10(pixels)=1.25
0.00527250510330601	18	1474	log2(tiles)=0.00 log10(pixels)=1.25
0.102059991327962	20	1475	log2(tiles)=0.00 log10(pixels)=0.50
0.0950980400142568	18	1476	log2(tiles)=0.00 log10(pixels)=0.75
0.068201724066995	5	1477	log2(tiles)=0.00 log10(pixels)=1.50
-0.0431741239681505	1	1478	log2(tiles)=0.00 log10(pixels)=2.25
-0.0510299956639812	20	1479	log2(tiles)=0.00 log10(pixels)=0.75
-0.116531544420413	8	1480	log2(tiles)=0.00 log10(pixels)=1.75
0.0413926851582249	5	1481	log2(tiles)=1.00 log10(pixels)=1.00
0.102059991327962	21	1482	log2(tiles)=0.00 log10(pixels)=0.50
0.0950980400142568	19	1483	log2(tiles)=0.00 log10(pixels)=0.75
0.102059991327963	11	1484	log2(tiles)=0.00 log10(pixels)=1.50
0.102059991327962	22	1485	log2(tiles)=0.00 log10(pixels)=0.50
-0.0686362358410126	7	1486	log2(tiles)=1.00 log10(pixels)=1.50
0.0722192947339193	15	1487	log2(tiles)=0.00 log10(pixels)=1.25
0.0950980400142568	20	1488	log2(tiles)=0.00 log10(pixels)=0.75
0.0825089127062364	4	1489	log2(tiles)=0.00 log10(pixels)=1.75
0.0791812460476249	21	1490	log2(tiles)=0.00 log10(pixels)=1.00
-0.0687587626244128	5	1491	log2(tiles)=1.00 log10(pixels)=1.75
-0.0528419686577808	9	1492	log2(tiles)=0.00 log10(pixels)=1.50
0.102059991327962	23	1493	log2(tiles)=0.00 log10(pixels)=0.50
0.107209969647868	1	1494	log2(tiles)=1.00 log10(pixels)=2.00
-0.0510299956639812	1	1495	log2(tiles)=1.00 log10(pixels)=0.75
0.0950980400142568	21	1496	log2(tiles)=0.00 log10(pixels)=0.75
0.0510299956639812	5	1497	log2(tiles)=0.00 log10(pixels)=0.25
-0.119788758288394	2	1498	log2(tiles)=1.00 log10(pixels)=1.50
0.123249290397901	3	1499	log2(tiles)=0.00 log10(pixels)=1.50
0.00527250510330601	19	1500	log2(tiles)=0.00 log10(pixels)=1.25
0.0281512503836436	28	1501	log2(tiles)=0.00 log10(pixels)=0.75
0.0287536009528289	18	1502	log2(tiles)=0.00 log10(pixels)=1.25
0.0281512503836436	29	1503	log2(tiles)=0.00 log10(pixels)=0.75
0.0281512503836436	30	1504	log2(tiles)=0.00 log10(pixels)=0.75
-0.0510299956639812	21	1505	log2(tiles)=0.00 log10(pixels)=0.75
0.0413926851582249	19	1506	log2(tiles)=0.00 log10(pixels)=1.00
0.102059991327962	2	1507	log2(tiles)=1.00 log10(pixels)=0.50
0.113943352306837	13	1508	log2(tiles)=0.00 log10(pixels)=1.00
0.0825089127062364	5	1509	log2(tiles)=0.00 log10(pixels)=1.75
0.0413926851582249	20	1510	log2(tiles)=0.00 log10(pixels)=1.00
0.0287536009528289	19	1511	log2(tiles)=0.00 log10(pixels)=1.25
0.0760748027008265	5	1512	log2(tiles)=0.00 log10(pixels)=1.75
0.0722192947339193	16	1513	log2(tiles)=0.00 log10(pixels)=1.25
0.0910646070264991	9	1514	log2(tiles)=0.00 log10(pixels)=1.50
-0.0176062401770314	3	1515	log2(tiles)=1.00 log10(pixels)=1.75
0.0413926851582249	21	1516	log2(tiles)=0.00 log10(pixels)=1.00
-0.0739087409443187	17	1517	log2(tiles)=0.00 log10(pixels)=1.25
-0.102059991327962	16	1518	log2(tiles)=0.00 log10(pixels)=1.50
0.113943352306837	14	1519	log2(tiles)=0.00 log10(pixels)=1.00
0.0281512503836436	1	1520	log2(tiles)=2.00 log10(pixels)=1.75
-0.102059991327962	17	1521	log2(tiles)=0.00 log10(pixels)=1.50
0.0510299956639813	15	1522	log2(tiles)=0.00 log10(pixels)=1.25
0.0950980400142568	22	1523	log2(tiles)=0.00 log10(pixels)=0.75
0.113943352306837	6	1524	log2(tiles)=1.00 log10(pixels)=1.00
-0.0809219076239261	5	1525	log2(tiles)=0.00 log10(pixels)=2.00
0.00527250510330601	20	1526	log2(tiles)=0.00 log10(pixels)=1.25
-0.00863830616572736	14	1527	log2(tiles)=0.00 log10(pixels)=1.50
-0.119788758288394	14	1528	log2(tiles)=0.00 log10(pixels)=1.50
0.0413926851582249	22	1529	log2(tiles)=0.00 log10(pixels)=1.00
0.0493405494535817	2	1530	log2(tiles)=1.00 log10(pixels)=1.75
0.0722192947339193	17	1531	log2(tiles)=0.00 log10(pixels)=1.25
-0.0458800173440752	17	1532	log2(tiles)=0.00 log10(pixels)=1.25
0.0314789170422551	8	1533	log2(tiles)=0.00 log10(pixels)=1.50
0.0353298350107671	5	1534	log2(tiles)=0.00 log10(pixels)=1.75
0.0493405494535817	3	1535	log2(tiles)=1.00 log10(pixels)=1.75
0.068201724066995	4	1536	log2(tiles)=1.00 log10(pixels)=1.50
-0.0528419686577808	10	1537	log2(tiles)=0.00 log10(pixels)=1.50
-0.0409586076789064	2	1538	log2(tiles)=0.00 log10(pixels)=2.00
-0.0686362358410126	8	1539	log2(tiles)=0.00 log10(pixels)=1.50
0.0510299956639813	5	1540	log2(tiles)=1.00 log10(pixels)=1.25
-0.103871964321762	16	1541	log2(tiles)=0.00 log10(pixels)=1.25
-0.0458800173440752	1	1542	log2(tiles)=1.00 log10(pixels)=1.25
0.0791812460476249	22	1543	log2(tiles)=0.00 log10(pixels)=1.00
0.0722192947339193	1	1544	log2(tiles)=1.50 log10(pixels)=1.25
-0.0510299956639812	22	1545	log2(tiles)=0.00 log10(pixels)=0.75
0.102059991327962	24	1546	log2(tiles)=0.00 log10(pixels)=0.50
-0.0969100130080565	18	1547	log2(tiles)=0.00 log10(pixels)=1.00
0.0791812460476249	5	1548	log2(tiles)=1.00 log10(pixels)=1.00
0.0314789170422551	9	1549	log2(tiles)=0.00 log10(pixels)=1.50
-0.0739087409443187	18	1550	log2(tiles)=0.00 log10(pixels)=1.25
0.113943352306837	15	1551	log2(tiles)=0.00 log10(pixels)=1.00
-0.00863830616572736	4	1552	log2(tiles)=1.00 log10(pixels)=1.50
0.0413926851582249	23	1553	log2(tiles)=0.00 log10(pixels)=1.00
0.0510299956639813	16	1554	log2(tiles)=0.00 log10(pixels)=1.25
0.0950980400142568	23	1555	log2(tiles)=0.00 log10(pixels)=0.75
-0.0376020021010439	3	1556	log2(tiles)=1.00 log10(pixels)=1.50
0.101258348719075	6	1557	log2(tiles)=0.00 log10(pixels)=1.75
0.112783856719735	4	1558	log2(tiles)=0.00 log10(pixels)=1.50
0.0287536009528289	3	1559	log2(tiles)=1.00 log10(pixels)=1.25
0.0413926851582249	24	1560	log2(tiles)=0.00 log10(pixels)=1.00
0.0950980400142568	2	1561	log2(tiles)=1.00 log10(pixels)=0.75
0.112783856719735	8	1562	log2(tiles)=1.00 log10(pixels)=1.50
0	19	1563	log2(tiles)=0.00 log10(pixels)=1.00
-0.0228787452803376	10	1564	log2(tiles)=0.00 log10(pixels)=0.50
0.0400346113625178	3	1565	log2(tiles)=0.00 log10(pixels)=2.25
-0.0195510786217261	15	1566	log2(tiles)=0.00 log10(pixels)=1.25
-0.0457574905606751	17	1567	log2(tiles)=0.00 log10(pixels)=1.00
-0.0686362358410126	8	1568	log2(tiles)=1.00 log10(pixels)=1.50
0.0413926851582249	25	1569	log2(tiles)=0.00 log10(pixels)=1.00
-0.0686362358410126	9	1570	log2(tiles)=0.00 log10(pixels)=1.50
0.0924226808222062	12	1571	log2(tiles)=0.00 log10(pixels)=1.25
0.123249290397901	4	1572	log2(tiles)=0.00 log10(pixels)=1.50
0.0644579892269186	1	1573	log2(tiles)=0.00 log10(pixels)=2.00
0.0950980400142568	24	1574	log2(tiles)=0.00 log10(pixels)=0.75
0.0281512503836436	4	1575	log2(tiles)=1.00 log10(pixels)=0.75
0	5	1576	log2(tiles)=0.00 log10(pixels)=0.00
-0.0228787452803376	11	1577	log2(tiles)=0.00 log10(pixels)=0.50
-0.119788758288394	15	1578	log2(tiles)=0.00 log10(pixels)=1.50
-0.0195510786217261	16	1579	log2(tiles)=0.00 log10(pixels)=1.25
-0.103871964321762	3	1580	log2(tiles)=1.00 log10(pixels)=1.25
-0.119788758288394	16	1581	log2(tiles)=0.00 log10(pixels)=1.50
0.102059991327962	25	1582	log2(tiles)=0.00 log10(pixels)=0.50
-0.085026652029182	8	1583	log2(tiles)=1.00 log10(pixels)=1.50
-0.0510299956639812	23	1584	log2(tiles)=0.00 log10(pixels)=0.75
0.123249290397901	5	1585	log2(tiles)=0.00 log10(pixels)=1.50
0.00527250510330601	21	1586	log2(tiles)=0.00 log10(pixels)=1.25
0.121067862271736	3	1587	log2(tiles)=1.00 log10(pixels)=2.25
-0.0967874862246563	8	1588	log2(tiles)=0.00 log10(pixels)=1.75
-0.0757207139381184	4	1589	log2(tiles)=0.00 log10(pixels)=2.00
-0.0739087409443187	19	1590	log2(tiles)=0.00 log10(pixels)=1.25
0.0510299956639812	6	1591	log2(tiles)=0.00 log10(pixels)=0.25
0	20	1592	log2(tiles)=0.00 log10(pixels)=1.00
0.0413926851582249	26	1593	log2(tiles)=0.00 log10(pixels)=1.00
0.0440680443502757	7	1594	log2(tiles)=1.00 log10(pixels)=1.50
0	6	1595	log2(tiles)=0.00 log10(pixels)=0.00
-0.103871964321762	17	1596	log2(tiles)=0.00 log10(pixels)=1.25
0.0413926851582249	6	1597	log2(tiles)=1.00 log10(pixels)=1.00
0.0950980400142568	3	1598	log2(tiles)=1.00 log10(pixels)=0.75
-0.00863830616572736	15	1599	log2(tiles)=0.00 log10(pixels)=1.50
0.0742824552976926	2	1600	log2(tiles)=0.00 log10(pixels)=2.25
0.102059991327962	26	1601	log2(tiles)=0.00 log10(pixels)=0.50
-0.0457574905606751	18	1602	log2(tiles)=0.00 log10(pixels)=1.00
-0.116531544420413	9	1603	log2(tiles)=0.00 log10(pixels)=1.75
0.0185139398778875	11	1604	log2(tiles)=0.00 log10(pixels)=1.50
-0.0510299956639812	24	1605	log2(tiles)=0.00 log10(pixels)=0.75
-0.103871964321762	18	1606	log2(tiles)=0.00 log10(pixels)=1.25
-0.0510299956639812	25	1607	log2(tiles)=0.00 log10(pixels)=0.75
0.111727836017593	4	1608	log2(tiles)=1.00 log10(pixels)=1.25
-0.0195510786217261	4	1609	log2(tiles)=1.00 log10(pixels)=1.25
-0.0969100130080565	19	1610	log2(tiles)=0.00 log10(pixels)=1.00
0.0413926851582249	27	1611	log2(tiles)=0.00 log10(pixels)=1.00
0	21	1612	log2(tiles)=0.00 log10(pixels)=1.00
0.0287536009528289	20	1613	log2(tiles)=0.00 log10(pixels)=1.25
-0.0228787452803376	12	1614	log2(tiles)=0.00 log10(pixels)=0.50
0.0510299956639813	17	1615	log2(tiles)=0.00 log10(pixels)=1.25
0.0910646070264991	10	1616	log2(tiles)=0.00 log10(pixels)=1.50
0.102059991327962	27	1617	log2(tiles)=0.00 log10(pixels)=0.50
-0.0739087409443187	20	1618	log2(tiles)=0.00 log10(pixels)=1.25
0.0281512503836436	31	1619	log2(tiles)=0.00 log10(pixels)=0.75
-0.0376020021010439	7	1620	log2(tiles)=0.00 log10(pixels)=1.50
-0.0457574905606751	19	1621	log2(tiles)=0.00 log10(pixels)=1.00
-0.0739087409443187	21	1622	log2(tiles)=0.00 log10(pixels)=1.25
0.102059991327962	28	1623	log2(tiles)=0.00 log10(pixels)=0.50
0.102059991327962	29	1624	log2(tiles)=0.00 log10(pixels)=0.50
0.102059991327963	1	1625	log2(tiles)=1.50 log10(pixels)=1.50
-0.0510299956639812	26	1626	log2(tiles)=0.00 log10(pixels)=0.75
0.0281512503836436	5	1627	log2(tiles)=1.00 log10(pixels)=0.75
0.0134279935629373	8	1628	log2(tiles)=0.00 log10(pixels)=1.75
-0.0510299956639812	27	1629	log2(tiles)=0.00 log10(pixels)=0.75
-0.0228787452803376	13	1630	log2(tiles)=0.00 log10(pixels)=0.50
0.0281512503836436	6	1631	log2(tiles)=1.00 log10(pixels)=0.75
0.0134279935629373	9	1632	log2(tiles)=0.00 log10(pixels)=1.75
-0.0195510786217261	17	1633	log2(tiles)=0.00 log10(pixels)=1.25
0.0281512503836436	32	1634	log2(tiles)=0.00 log10(pixels)=0.75
0.102059991327962	30	1635	log2(tiles)=0.00 log10(pixels)=0.50
0.0791812460476249	23	1636	log2(tiles)=0.00 log10(pixels)=1.00
-0.0228787452803376	14	1637	log2(tiles)=0.00 log10(pixels)=0.50
0.0722192947339193	18	1638	log2(tiles)=0.00 log10(pixels)=1.25
0.0791812460476247	1	1639	log2(tiles)=1.00 log10(pixels)=2.00
-0.0195510786217261	18	1640	log2(tiles)=0.00 log10(pixels)=1.25
-0.0339966563652008	8	1641	log2(tiles)=0.00 log10(pixels)=1.75
0.102059991327962	31	1642	log2(tiles)=0.00 log10(pixels)=0.50
-0.0510299956639812	28	1643	log2(tiles)=0.00 log10(pixels)=0.75
0.0281512503836436	33	1644	log2(tiles)=0.00 log10(pixels)=0.75
-0.0739087409443187	6	1645	log2(tiles)=1.00 log10(pixels)=1.25
-0.119788758288394	17	1646	log2(tiles)=0.00 log10(pixels)=1.50
0.0440680443502757	7	1647	log2(tiles)=0.00 log10(pixels)=1.50
-0.0969100130080565	20	1648	log2(tiles)=0.00 log10(pixels)=1.00
0.102059991327963	12	1649	log2(tiles)=0.00 log10(pixels)=1.50
0.0950980400142568	25	1650	log2(tiles)=0.00 log10(pixels)=0.75
0.102059991327962	32	1651	log2(tiles)=0.00 log10(pixels)=0.50
0.113943352306837	16	1652	log2(tiles)=0.00 log10(pixels)=1.00
0.0844537511509307	2	1653	log2(tiles)=0.00 log10(pixels)=2.25
-0.103871964321762	19	1654	log2(tiles)=0.00 log10(pixels)=1.25
-0.0457574905606751	20	1655	log2(tiles)=0.00 log10(pixels)=1.00
-0.103871964321762	4	1656	log2(tiles)=1.00 log10(pixels)=1.25
-0.0228787452803376	15	1657	log2(tiles)=0.00 log10(pixels)=0.50
-0.0969100130080565	21	1658	log2(tiles)=0.00 log10(pixels)=1.00
0.0134279935629373	10	1659	log2(tiles)=0.00 log10(pixels)=1.75
0.0910646070264991	4	1660	log2(tiles)=1.00 log10(pixels)=1.50
-0.0458800173440752	18	1661	log2(tiles)=0.00 log10(pixels)=1.25
0.0413926851582249	28	1662	log2(tiles)=0.00 log10(pixels)=1.00
0.0569048513364727	2	1663	log2(tiles)=1.00 log10(pixels)=2.00
-0.0228787452803376	16	1664	log2(tiles)=0.00 log10(pixels)=0.50
-0.0457574905606751	21	1665	log2(tiles)=0.00 log10(pixels)=1.00
0	22	1666	log2(tiles)=0.00 log10(pixels)=1.00
-0.00863830616572736	16	1667	log2(tiles)=0.00 log10(pixels)=1.50
0.021841606536499	1	1668	log2(tiles)=1.00 log10(pixels)=2.25
-0.100179497572904	1	1669	log2(tiles)=0.00 log10(pixels)=3.00
0.0413926851582249	7	1670	log2(tiles)=1.00 log10(pixels)=1.00
0.00514997831990605	11	1671	log2(tiles)=0.00 log10(pixels)=1.50
-0.0969100130080565	22	1672	log2(tiles)=0.00 log10(pixels)=1.00
-0.0510299956639812	29	1673	log2(tiles)=0.00 log10(pixels)=0.75
-0.0457574905606751	2	1674	log2(tiles)=1.00 log10(pixels)=1.00
0.0281512503836436	3	1675	log2(tiles)=1.00 log10(pixels)=1.75
0.0287536009528289	21	1676	log2(tiles)=0.00 log10(pixels)=1.25
-0.102059991327962	18	1677	log2(tiles)=0.00 log10(pixels)=1.50
0.0413926851582249	29	1678	log2(tiles)=0.00 log10(pixels)=1.00
0.102059991327962	33	1679	log2(tiles)=0.00 log10(pixels)=0.50
0.0281512503836436	34	1680	log2(tiles)=0.00 log10(pixels)=0.75
0.0440680443502757	8	1681	log2(tiles)=0.00 log10(pixels)=1.50
-0.0739087409443187	7	1682	log2(tiles)=1.00 log10(pixels)=1.25
-0.076813731587726	1	1683	log2(tiles)=1.00 log10(pixels)=2.25
-0.085026652029182	9	1684	log2(tiles)=0.00 log10(pixels)=1.50
-0.0457574905606751	22	1685	log2(tiles)=0.00 log10(pixels)=1.00
-0.103871964321762	20	1686	log2(tiles)=0.00 log10(pixels)=1.25
-0.0195510786217261	19	1687	log2(tiles)=0.00 log10(pixels)=1.25
0	23	1688	log2(tiles)=0.00 log10(pixels)=1.00
-0.116531544420413	4	1689	log2(tiles)=1.00 log10(pixels)=1.75
-0.0510299956639813	8	1690	log2(tiles)=0.00 log10(pixels)=1.75
-0.113279432843593	1	1691	log2(tiles)=1.00 log10(pixels)=2.25
0.0440680443502757	9	1692	log2(tiles)=0.00 log10(pixels)=1.50
0.0695439355418688	2	1693	log2(tiles)=1.00 log10(pixels)=1.75
-0.0376020021010439	8	1694	log2(tiles)=0.00 log10(pixels)=1.50
-0.0457574905606751	23	1695	log2(tiles)=0.00 log10(pixels)=1.00
-0.103871964321762	21	1696	log2(tiles)=0.00 log10(pixels)=1.25
-0.0458800173440752	19	1697	log2(tiles)=0.00 log10(pixels)=1.25
0.0899051114393981	3	1698	log2(tiles)=0.00 log10(pixels)=2.00
0.0374264979406238	1	1699	log2(tiles)=1.00 log10(pixels)=2.00
0.113943352306837	17	1700	log2(tiles)=0.00 log10(pixels)=1.00
0.0413926851582249	8	1701	log2(tiles)=1.00 log10(pixels)=1.00
-0.0969100130080565	23	1702	log2(tiles)=0.00 log10(pixels)=1.00
0.0950980400142568	26	1703	log2(tiles)=0.00 log10(pixels)=0.75
0.102059991327962	34	1704	log2(tiles)=0.00 log10(pixels)=0.50
-0.0969100130080565	24	1705	log2(tiles)=0.00 log10(pixels)=1.00
-0.103871964321762	22	1706	log2(tiles)=0.00 log10(pixels)=1.25
-0.102059991327962	19	1707	log2(tiles)=0.00 log10(pixels)=1.50
-0.00181197299379954	4	1708	log2(tiles)=0.00 log10(pixels)=1.75
0.0950980400142568	27	1709	log2(tiles)=0.00 log10(pixels)=0.75
-0.0739087409443187	22	1710	log2(tiles)=0.00 log10(pixels)=1.25
-0.0969100130080565	25	1711	log2(tiles)=0.00 log10(pixels)=1.00
-0.0510299956639812	30	1712	log2(tiles)=0.00 log10(pixels)=0.75
0.0281512503836436	35	1713	log2(tiles)=0.00 log10(pixels)=0.75
0.0722192947339193	19	1714	log2(tiles)=0.00 log10(pixels)=1.25
0.0413926851582249	30	1715	log2(tiles)=0.00 log10(pixels)=1.00
-0.102059991327962	20	1716	log2(tiles)=0.00 log10(pixels)=1.50
-0.0510299956639812	31	1717	log2(tiles)=0.00 log10(pixels)=0.75
0.0413926851582249	31	1718	log2(tiles)=0.00 log10(pixels)=1.00
-0.0228787452803376	17	1719	log2(tiles)=0.00 log10(pixels)=0.50
-0.0510299956639812	32	1720	log2(tiles)=0.00 log10(pixels)=0.75
-0.00863830616572736	17	1721	log2(tiles)=0.00 log10(pixels)=1.50
-0.0510299956639812	33	1722	log2(tiles)=0.00 log10(pixels)=0.75
-0.00181197299379954	3	1723	log2(tiles)=1.00 log10(pixels)=1.75
0.0791812460476249	24	1724	log2(tiles)=0.00 log10(pixels)=1.00
-0.085026652029182	10	1725	log2(tiles)=0.00 log10(pixels)=1.50
-0.0195510786217261	20	1726	log2(tiles)=0.00 log10(pixels)=1.25
-0.0510299956639812	2	1727	log2(tiles)=1.00 log10(pixels)=0.75
-0.0510299956639812	34	1728	log2(tiles)=0.00 log10(pixels)=0.75
-0.0228787452803376	18	1729	log2(tiles)=0.00 log10(pixels)=0.50
0	24	1730	log2(tiles)=0.00 log10(pixels)=1.00
0.113943352306837	18	1731	log2(tiles)=0.00 log10(pixels)=1.00
0	25	1732	log2(tiles)=0.00 log10(pixels)=1.00
0.102059991327962	35	1733	log2(tiles)=0.00 log10(pixels)=0.50
0.0211892990699383	2	1734	log2(tiles)=1.00 log10(pixels)=2.00
0.0185139398778875	12	1735	log2(tiles)=0.00 log10(pixels)=1.50
0.0287536009528289	22	1736	log2(tiles)=0.00 log10(pixels)=1.25
-0.116531544420413	10	1737	log2(tiles)=0.00 log10(pixels)=1.75
-0.0457574905606752	3	1738	log2(tiles)=1.00 log10(pixels)=2.00
0.0353298350107671	6	1739	log2(tiles)=0.00 log10(pixels)=1.75
-0.0510299956639813	9	1740	log2(tiles)=0.00 log10(pixels)=1.75
0.0134279935629373	11	1741	log2(tiles)=0.00 log10(pixels)=1.75
0.113943352306837	7	1742	log2(tiles)=1.00 log10(pixels)=1.00
0.102059991327962	36	1743	log2(tiles)=0.00 log10(pixels)=0.50
-0.00863830616572736	18	1744	log2(tiles)=0.00 log10(pixels)=1.50
-0.0457574905606751	24	1745	log2(tiles)=0.00 log10(pixels)=1.00
0.0281512503836436	36	1746	log2(tiles)=0.00 log10(pixels)=0.75
0.0791812460476249	25	1747	log2(tiles)=0.00 log10(pixels)=1.00
0.0281512503836436	7	1748	log2(tiles)=1.00 log10(pixels)=0.75
-0.0510299956639812	35	1749	log2(tiles)=0.00 log10(pixels)=0.75
0.00527250510330601	22	1750	log2(tiles)=0.00 log10(pixels)=1.25
0.102059991327962	37	1751	log2(tiles)=0.00 log10(pixels)=0.50
-0.0739087409443187	23	1752	log2(tiles)=0.00 log10(pixels)=1.25
-0.0228787452803376	19	1753	log2(tiles)=0.00 log10(pixels)=0.50
-0.0969100130080565	26	1754	log2(tiles)=0.00 log10(pixels)=1.00
-0.0969100130080565	27	1755	log2(tiles)=0.00 log10(pixels)=1.00
-0.0510299956639812	36	1756	log2(tiles)=0.00 log10(pixels)=0.75
-0.0257241303992108	4	1757	log2(tiles)=0.00 log10(pixels)=1.75
0.0950980400142568	28	1758	log2(tiles)=0.00 log10(pixels)=0.75
0.0413926851582249	32	1759	log2(tiles)=0.00 log10(pixels)=1.00
0.0281512503836436	37	1760	log2(tiles)=0.00 log10(pixels)=0.75
0.113943352306837	19	1761	log2(tiles)=0.00 log10(pixels)=1.00
-0.0457574905606751	25	1762	log2(tiles)=0.00 log10(pixels)=1.00
-0.0458800173440752	20	1763	log2(tiles)=0.00 log10(pixels)=1.25
-0.0510299956639812	37	1764	log2(tiles)=0.00 log10(pixels)=0.75
0.113943352306837	20	1765	log2(tiles)=0.00 log10(pixels)=1.00
0.113943352306837	21	1766	log2(tiles)=0.00 log10(pixels)=1.00
0.0924226808222062	13	1767	log2(tiles)=0.00 log10(pixels)=1.25
-0.0510299956639812	38	1768	log2(tiles)=0.00 log10(pixels)=0.75
0	26	1769	log2(tiles)=0.00 log10(pixels)=1.00
0.0722192947339193	7	1770	log2(tiles)=1.00 log10(pixels)=1.25
-0.0457574905606751	26	1771	log2(tiles)=0.00 log10(pixels)=1.00
0.0950980400142568	29	1772	log2(tiles)=0.00 log10(pixels)=0.75
0.0413926851582249	33	1773	log2(tiles)=0.00 log10(pixels)=1.00
-0.0510299956639812	39	1774	log2(tiles)=0.00 log10(pixels)=0.75
-0.0228787452803376	20	1775	log2(tiles)=0.00 log10(pixels)=0.50
0.0510299956639812	7	1776	log2(tiles)=0.00 log10(pixels)=0.25
-0.119788758288394	18	1777	log2(tiles)=0.00 log10(pixels)=1.50
-0.0969100130080565	28	1778	log2(tiles)=0.00 log10(pixels)=1.00
0.102059991327962	38	1779	log2(tiles)=0.00 log10(pixels)=0.50
0.0281512503836436	38	1780	log2(tiles)=0.00 log10(pixels)=0.75
-0.0598039199714864	4	1781	log2(tiles)=0.00 log10(pixels)=1.75
0.0281512503836436	39	1782	log2(tiles)=0.00 log10(pixels)=0.75
-0.0228787452803376	21	1783	log2(tiles)=0.00 log10(pixels)=0.50
0.0281512503836436	40	1784	log2(tiles)=0.00 log10(pixels)=0.75
-0.0686362358410126	10	1785	log2(tiles)=0.00 log10(pixels)=1.50
-0.0195510786217261	5	1786	log2(tiles)=1.00 log10(pixels)=1.25
-0.0195510786217261	6	1787	log2(tiles)=1.00 log10(pixels)=1.25
0.0413926851582249	34	1788	log2(tiles)=0.00 log10(pixels)=1.00
0.0563025007672873	6	1789	log2(tiles)=0.00 log10(pixels)=1.50
-0.0457574905606751	27	1790	log2(tiles)=0.00 log10(pixels)=1.00
0.0924226808222062	2	1791	log2(tiles)=1.00 log10(pixels)=1.25
-0.0686362358410126	11	1792	log2(tiles)=0.00 log10(pixels)=1.50
-0.00877392430750512	4	1793	log2(tiles)=0.00 log10(pixels)=2.00
-0.0195510786217261	21	1794	log2(tiles)=0.00 log10(pixels)=1.25
0.123851640967086	1	1795	log2(tiles)=0.00 log10(pixels)=2.00
-0.0228787452803376	22	1796	log2(tiles)=0.00 log10(pixels)=0.50
-0.085026652029182	1	1797	log2(tiles)=1.50 log10(pixels)=1.50
0.0950980400142568	30	1798	log2(tiles)=0.00 log10(pixels)=0.75
0.00527250510330601	23	1799	log2(tiles)=0.00 log10(pixels)=1.25
0.00514997831990605	12	1800	log2(tiles)=0.00 log10(pixels)=1.50
0.0950980400142568	31	1801	log2(tiles)=0.00 log10(pixels)=0.75
0.113943352306837	22	1802	log2(tiles)=0.00 log10(pixels)=1.00
-0.0228787452803376	23	1803	log2(tiles)=0.00 log10(pixels)=0.50
0.113943352306837	23	1804	log2(tiles)=0.00 log10(pixels)=1.00
-0.0510299956639812	40	1805	log2(tiles)=0.00 log10(pixels)=0.75
0.0423916894982539	2	1806	log2(tiles)=0.00 log10(pixels)=1.75
0.0659703454569178	1	1807	log2(tiles)=2.00 log10(pixels)=2.25
-0.0969100130080565	29	1808	log2(tiles)=0.00 log10(pixels)=1.00
0.123249290397901	6	1809	log2(tiles)=0.00 log10(pixels)=1.50
-0.0510299956639812	41	1810	log2(tiles)=0.00 log10(pixels)=0.75
-0.103871964321762	23	1811	log2(tiles)=0.00 log10(pixels)=1.25
0.0510299956639812	8	1812	log2(tiles)=0.00 log10(pixels)=0.25
-0.102059991327962	3	1813	log2(tiles)=1.00 log10(pixels)=1.50
-0.0506099933550872	1	1814	log2(tiles)=1.00 log10(pixels)=2.00
0.103803720955957	2	1815	log2(tiles)=1.00 log10(pixels)=2.00
-0.0510299956639812	42	1816	log2(tiles)=0.00 log10(pixels)=0.75
-0.0510299956639812	3	1817	log2(tiles)=1.00 log10(pixels)=0.75
-0.0195510786217261	22	1818	log2(tiles)=0.00 log10(pixels)=1.25
0.0950980400142568	4	1819	log2(tiles)=1.00 log10(pixels)=0.75
-0.0969100130080565	3	1820	log2(tiles)=1.00 log10(pixels)=1.00
0.0791812460476249	6	1821	log2(tiles)=1.00 log10(pixels)=1.00
0.0413926851582249	35	1822	log2(tiles)=0.00 log10(pixels)=1.00
0.113322860120456	1	1823	log2(tiles)=2.00 log10(pixels)=1.75
0.102059991327962	39	1824	log2(tiles)=0.00 log10(pixels)=0.50
0.0413926851582249	9	1825	log2(tiles)=1.00 log10(pixels)=1.00
-0.085026652029182	9	1826	log2(tiles)=1.00 log10(pixels)=1.50
0.0910646070264991	5	1827	log2(tiles)=1.00 log10(pixels)=1.50
-0.0228787452803376	24	1828	log2(tiles)=0.00 log10(pixels)=0.50
-0.0555173278498313	3	1829	log2(tiles)=0.00 log10(pixels)=2.00
0.0510299956639813	6	1830	log2(tiles)=1.00 log10(pixels)=1.25
-0.0195510786217261	23	1831	log2(tiles)=0.00 log10(pixels)=1.25
0.102059991327962	40	1832	log2(tiles)=0.00 log10(pixels)=0.50
-0.00696195131370558	2	1833	log2(tiles)=1.00 log10(pixels)=2.25
0.0924226808222062	14	1834	log2(tiles)=0.00 log10(pixels)=1.25
-0.0457574905606752	2	1835	log2(tiles)=0.00 log10(pixels)=2.00
0.0413926851582249	36	1836	log2(tiles)=0.00 log10(pixels)=1.00
-0.0228787452803376	25	1837	log2(tiles)=0.00 log10(pixels)=0.50
0.0791812460476249	7	1838	log2(tiles)=1.00 log10(pixels)=1.00
0.00527250510330601	24	1839	log2(tiles)=0.00 log10(pixels)=1.25
0.0950980400142568	32	1840	log2(tiles)=0.00 log10(pixels)=0.75
0.0510299956639812	9	1841	log2(tiles)=0.00 log10(pixels)=0.25
0.0722192947339191	2	1842	log2(tiles)=0.00 log10(pixels)=2.25
0	27	1843	log2(tiles)=0.00 log10(pixels)=1.00
0.0287536009528289	4	1844	log2(tiles)=1.00 log10(pixels)=1.25
-0.0228787452803376	26	1845	log2(tiles)=0.00 log10(pixels)=0.50
-0.0686362358410126	9	1846	log2(tiles)=1.00 log10(pixels)=1.50
-0.0228787452803376	3	1847	log2(tiles)=1.00 log10(pixels)=1.50
-0.0739087409443187	24	1848	log2(tiles)=0.00 log10(pixels)=1.25
0.0413926851582249	37	1849	log2(tiles)=0.00 log10(pixels)=1.00
0.00514997831990605	13	1850	log2(tiles)=0.00 log10(pixels)=1.50
-0.0872421683184259	5	1851	log2(tiles)=0.00 log10(pixels)=1.75
-0.0969100130080565	4	1852	log2(tiles)=1.00 log10(pixels)=1.00
0	28	1853	log2(tiles)=0.00 log10(pixels)=1.00
0.0510299956639812	10	1854	log2(tiles)=0.00 log10(pixels)=0.25
0.113943352306837	24	1855	log2(tiles)=0.00 log10(pixels)=1.00
-0.0457574905606751	28	1856	log2(tiles)=0.00 log10(pixels)=1.00
0.102059991327962	41	1857	log2(tiles)=0.00 log10(pixels)=0.50
-0.0915149811213503	5	1858	log2(tiles)=0.00 log10(pixels)=2.00
0.102059991327962	42	1859	log2(tiles)=0.00 log10(pixels)=0.50
-0.0228787452803376	1	1860	log2(tiles)=1.00 log10(pixels)=0.50
0.0281512503836436	41	1861	log2(tiles)=0.00 log10(pixels)=0.75
0.0510299956639813	18	1862	log2(tiles)=0.00 log10(pixels)=1.25
-0.0510299956639813	10	1863	log2(tiles)=0.00 log10(pixels)=1.75
-0.106547323513813	6	1864	log2(tiles)=0.00 log10(pixels)=1.75
0.00860017176191752	2	1865	log2(tiles)=0.00 log10(pixels)=2.00
-0.00963731050575611	4	1866	log2(tiles)=1.00 log10(pixels)=1.75
-0.0946639625349381	2	1867	log2(tiles)=0.00 log10(pixels)=2.25
0.00650503240487188	1	1868	log2(tiles)=1.50 log10(pixels)=2.50
-0.0868679495651281	1	1869	log2(tiles)=2.50 log10(pixels)=3.50
-0.0228787452803376	27	1870	log2(tiles)=0.00 log10(pixels)=0.50
-0.0228787452803376	28	1871	log2(tiles)=0.00 log10(pixels)=0.50
-0.0177287669604316	3	1872	log2(tiles)=0.00 log10(pixels)=2.00
-0.0424298239020637	9	1873	log2(tiles)=0.00 log10(pixels)=1.75
-0.0969100130080565	30	1874	log2(tiles)=0.00 log10(pixels)=1.00
-0.103871964321762	24	1875	log2(tiles)=0.00 log10(pixels)=1.25
0.113943352306837	25	1876	log2(tiles)=0.00 log10(pixels)=1.00
0.0510299956639813	19	1877	log2(tiles)=0.00 log10(pixels)=1.25
-0.0228787452803376	29	1878	log2(tiles)=0.00 log10(pixels)=0.50
0.0287536009528289	23	1879	log2(tiles)=0.00 log10(pixels)=1.25
-0.0268721464003014	3	1880	log2(tiles)=0.00 log10(pixels)=2.00
-0.0457574905606751	29	1881	log2(tiles)=0.00 log10(pixels)=1.00
-0.085026652029182	11	1882	log2(tiles)=0.00 log10(pixels)=1.50
0.080413773349191	1	1883	log2(tiles)=0.00 log10(pixels)=2.25
0.0413926851582249	38	1884	log2(tiles)=0.00 log10(pixels)=1.00
0.0281512503836436	42	1885	log2(tiles)=0.00 log10(pixels)=0.75
0.102059991327962	43	1886	log2(tiles)=0.00 log10(pixels)=0.50
0.0281512503836436	43	1887	log2(tiles)=0.00 log10(pixels)=0.75
-0.0969100130080565	31	1888	log2(tiles)=0.00 log10(pixels)=1.00
-0.0969100130080565	32	1889	log2(tiles)=0.00 log10(pixels)=1.00
-0.102059991327962	21	1890	log2(tiles)=0.00 log10(pixels)=1.50
0.102059991327962	44	1891	log2(tiles)=0.00 log10(pixels)=0.50
0.0950980400142568	33	1892	log2(tiles)=0.00 log10(pixels)=0.75
-0.0457574905606751	30	1893	log2(tiles)=0.00 log10(pixels)=1.00
0.00527250510330601	25	1894	log2(tiles)=0.00 log10(pixels)=1.25
0.0510299956639812	11	1895	log2(tiles)=0.00 log10(pixels)=0.25
0.0950980400142568	34	1896	log2(tiles)=0.00 log10(pixels)=0.75
-0.0510299956639812	43	1897	log2(tiles)=0.00 log10(pixels)=0.75
0.0211892990699383	1	1898	log2(tiles)=1.50 log10(pixels)=2.00
-0.0969100130080565	33	1899	log2(tiles)=0.00 log10(pixels)=1.00
0.113943352306837	26	1900	log2(tiles)=0.00 log10(pixels)=1.00
0.102059991327962	45	1901	log2(tiles)=0.00 log10(pixels)=0.50
0.0413926851582249	10	1902	log2(tiles)=1.00 log10(pixels)=1.00
0.0791812460476249	26	1903	log2(tiles)=0.00 log10(pixels)=1.00
-0.085026652029182	12	1904	log2(tiles)=0.00 log10(pixels)=1.50
-0.0510299956639812	44	1905	log2(tiles)=0.00 log10(pixels)=0.75
-0.0325160557860937	1	1906	log2(tiles)=1.00 log10(pixels)=2.25
0.0281512503836436	44	1907	log2(tiles)=0.00 log10(pixels)=0.75
0.0281512503836436	45	1908	log2(tiles)=0.00 log10(pixels)=0.75
-0.0969100130080565	34	1909	log2(tiles)=0.00 log10(pixels)=1.00
0.0287536009528289	24	1910	log2(tiles)=0.00 log10(pixels)=1.25
0.0281512503836436	46	1911	log2(tiles)=0.00 log10(pixels)=0.75
-0.0457574905606751	31	1912	log2(tiles)=0.00 log10(pixels)=1.00
-0.0969100130080565	35	1913	log2(tiles)=0.00 log10(pixels)=1.00
0.0185139398778875	13	1914	log2(tiles)=0.00 log10(pixels)=1.50
0.0791812460476249	27	1915	log2(tiles)=0.00 log10(pixels)=1.00
0.0924226808222062	15	1916	log2(tiles)=0.00 log10(pixels)=1.25
0	29	1917	log2(tiles)=0.00 log10(pixels)=1.00
-0.0969100130080565	5	1918	log2(tiles)=1.00 log10(pixels)=1.00
0.113943352306837	27	1919	log2(tiles)=0.00 log10(pixels)=1.00
-0.0457574905606751	32	1920	log2(tiles)=0.00 log10(pixels)=1.00
-0.0457574905606751	33	1921	log2(tiles)=0.00 log10(pixels)=1.00
0	30	1922	log2(tiles)=0.00 log10(pixels)=1.00
-0.0739087409443187	25	1923	log2(tiles)=0.00 log10(pixels)=1.25
0.0791812460476249	28	1924	log2(tiles)=0.00 log10(pixels)=1.00
-0.0458800173440752	21	1925	log2(tiles)=0.00 log10(pixels)=1.25
0.0791812460476249	29	1926	log2(tiles)=0.00 log10(pixels)=1.00
0.102059991327963	13	1927	log2(tiles)=0.00 log10(pixels)=1.50
0.0281512503836436	47	1928	log2(tiles)=0.00 log10(pixels)=0.75
0.00587485567249146	2	1929	log2(tiles)=1.00 log10(pixels)=1.75
0.102059991327962	46	1930	log2(tiles)=0.00 log10(pixels)=0.50
-0.085026652029182	13	1931	log2(tiles)=0.00 log10(pixels)=1.50
0.0413926851582249	39	1932	log2(tiles)=0.00 log10(pixels)=1.00
-0.0510299956639812	45	1933	log2(tiles)=0.00 log10(pixels)=0.75
-0.0228787452803376	30	1934	log2(tiles)=0.00 log10(pixels)=0.50
0.0950980400142568	35	1935	log2(tiles)=0.00 log10(pixels)=0.75
0.0510299956639812	12	1936	log2(tiles)=0.00 log10(pixels)=0.25
0.102059991327962	47	1937	log2(tiles)=0.00 log10(pixels)=0.50
0.0910646070264991	6	1938	log2(tiles)=1.00 log10(pixels)=1.50
0.0287536009528289	25	1939	log2(tiles)=0.00 log10(pixels)=1.25
0.102059991327962	48	1940	log2(tiles)=0.00 log10(pixels)=0.50
0.102059991327962	49	1941	log2(tiles)=0.00 log10(pixels)=0.50
0.0791812460476249	30	1942	log2(tiles)=0.00 log10(pixels)=1.00
-0.0655015487564323	2	1943	log2(tiles)=0.00 log10(pixels)=2.00
-0.103871964321762	25	1944	log2(tiles)=0.00 log10(pixels)=1.25
-0.0195510786217261	7	1945	log2(tiles)=1.00 log10(pixels)=1.25
-0.0528419686577808	11	1946	log2(tiles)=0.00 log10(pixels)=1.50
0.0791812460476249	31	1947	log2(tiles)=0.00 log10(pixels)=1.00
-0.0457574905606751	34	1948	log2(tiles)=0.00 log10(pixels)=1.00
0.0287536009528289	26	1949	log2(tiles)=0.00 log10(pixels)=1.25
0.0950980400142568	5	1950	log2(tiles)=1.00 log10(pixels)=0.75
-0.0969100130080565	36	1951	log2(tiles)=0.00 log10(pixels)=1.00
0.102059991327962	50	1952	log2(tiles)=0.00 log10(pixels)=0.50
0.0950980400142568	6	1953	log2(tiles)=1.00 log10(pixels)=0.75
0.0950980400142569	3	1954	log2(tiles)=0.00 log10(pixels)=1.75
0.102059991327962	51	1955	log2(tiles)=0.00 log10(pixels)=0.50
0	31	1956	log2(tiles)=0.00 log10(pixels)=1.00
0.12057393120585	2	1957	log2(tiles)=0.00 log10(pixels)=2.00
0.0413926851582249	40	1958	log2(tiles)=0.00 log10(pixels)=1.00
0.0423916894982539	2	1959	log2(tiles)=1.00 log10(pixels)=1.75
-0.0457574905606751	35	1960	log2(tiles)=0.00 log10(pixels)=1.00
-0.0457574905606751	36	1961	log2(tiles)=0.00 log10(pixels)=1.00
0.0791812460476249	32	1962	log2(tiles)=0.00 log10(pixels)=1.00
-0.0510299956639812	46	1963	log2(tiles)=0.00 log10(pixels)=0.75
0.0791812460476249	33	1964	log2(tiles)=0.00 log10(pixels)=1.00
0.0950980400142568	36	1965	log2(tiles)=0.00 log10(pixels)=0.75
0.0510299956639812	13	1966	log2(tiles)=0.00 log10(pixels)=0.25
0.102059991327962	52	1967	log2(tiles)=0.00 log10(pixels)=0.50
0.0281512503836436	48	1968	log2(tiles)=0.00 log10(pixels)=0.75
-0.0510299956639812	47	1969	log2(tiles)=0.00 log10(pixels)=0.75
-0.0510299956639812	48	1970	log2(tiles)=0.00 log10(pixels)=0.75
-0.119788758288394	19	1971	log2(tiles)=0.00 log10(pixels)=1.50
-0.0969100130080565	1	1972	log2(tiles)=1.50 log10(pixels)=2.00
0.0791812460476249	34	1973	log2(tiles)=0.00 log10(pixels)=1.00
0.102059991327962	53	1974	log2(tiles)=0.00 log10(pixels)=0.50
-0.0541003475907664	3	1975	log2(tiles)=0.00 log10(pixels)=2.25
0.0413926851582249	41	1976	log2(tiles)=0.00 log10(pixels)=1.00
-0.0458800173440752	2	1977	log2(tiles)=1.00 log10(pixels)=1.25
0.00527250510330601	26	1978	log2(tiles)=0.00 log10(pixels)=1.25
-0.0195510786217261	8	1979	log2(tiles)=1.00 log10(pixels)=1.25
0.0510299956639812	14	1980	log2(tiles)=0.00 log10(pixels)=0.25
0.0950980400142568	37	1981	log2(tiles)=0.00 log10(pixels)=0.75
0	3	1982	log2(tiles)=1.00 log10(pixels)=1.00
0.0281512503836436	49	1983	log2(tiles)=0.00 log10(pixels)=0.75
-0.0228787452803376	31	1984	log2(tiles)=0.00 log10(pixels)=0.50
0.0950980400142568	38	1985	log2(tiles)=0.00 log10(pixels)=0.75
0.00527250510330601	27	1986	log2(tiles)=0.00 log10(pixels)=1.25
-0.0510299956639812	49	1987	log2(tiles)=0.00 log10(pixels)=0.75
-0.102059991327962	22	1988	log2(tiles)=0.00 log10(pixels)=1.50
0.0281512503836436	50	1989	log2(tiles)=0.00 log10(pixels)=0.75
0.113943352306837	28	1990	log2(tiles)=0.00 log10(pixels)=1.00
-0.0510299956639812	50	1991	log2(tiles)=0.00 log10(pixels)=0.75
0.0510299956639812	15	1992	log2(tiles)=0.00 log10(pixels)=0.25
-0.0969100130080565	37	1993	log2(tiles)=0.00 log10(pixels)=1.00
-0.0228787452803376	32	1994	log2(tiles)=0.00 log10(pixels)=0.50
-0.0510299956639812	51	1995	log2(tiles)=0.00 log10(pixels)=0.75
-0.0457574905606751	37	1996	log2(tiles)=0.00 log10(pixels)=1.00
0.0281512503836436	5	1997	log2(tiles)=0.00 log10(pixels)=1.75
0	32	1998	log2(tiles)=0.00 log10(pixels)=1.00
0	33	1999	log2(tiles)=0.00 log10(pixels)=1.00
0.0791812460476249	8	2000	log2(tiles)=1.00 log10(pixels)=1.00
-0.0969100130080565	38	2001	log2(tiles)=0.00 log10(pixels)=1.00
-0.0228787452803376	33	2002	log2(tiles)=0.00 log10(pixels)=0.50
-0.119788758288394	20	2003	log2(tiles)=0.00 log10(pixels)=1.50
-0.0457574905606751	38	2004	log2(tiles)=0.00 log10(pixels)=1.00
-0.0969100130080565	39	2005	log2(tiles)=0.00 log10(pixels)=1.00
-0.0228787452803376	34	2006	log2(tiles)=0.00 log10(pixels)=0.50
0.0510299956639812	16	2007	log2(tiles)=0.00 log10(pixels)=0.25
0.00527250510330601	28	2008	log2(tiles)=0.00 log10(pixels)=1.25
-0.102059991327962	23	2009	log2(tiles)=0.00 log10(pixels)=1.50
0.0791812460476249	9	2010	log2(tiles)=1.00 log10(pixels)=1.00
-0.1249387366083	1	2011	log2(tiles)=2.00 log10(pixels)=2.00
-0.0457574905606751	39	2012	log2(tiles)=0.00 log10(pixels)=1.00
0.0722192947339193	20	2013	log2(tiles)=0.00 log10(pixels)=1.25
0.0791812460476249	35	2014	log2(tiles)=0.00 log10(pixels)=1.00
0.0510299956639813	20	2015	log2(tiles)=0.00 log10(pixels)=1.25
0.00527250510330601	29	2016	log2(tiles)=0.00 log10(pixels)=1.25
0.0924226808222062	3	2017	log2(tiles)=1.00 log10(pixels)=1.25
-0.0457574905606751	40	2018	log2(tiles)=0.00 log10(pixels)=1.00
0.102059991327962	54	2019	log2(tiles)=0.00 log10(pixels)=0.50
0.0510299956639812	17	2020	log2(tiles)=0.00 log10(pixels)=0.25
0.0722192947339193	21	2021	log2(tiles)=0.00 log10(pixels)=1.25
-0.0510299956639812	52	2022	log2(tiles)=0.00 log10(pixels)=0.75
-0.0739087409443187	26	2023	log2(tiles)=0.00 log10(pixels)=1.25
-0.0458800173440752	22	2024	log2(tiles)=0.00 log10(pixels)=1.25
0.0281512503836436	51	2025	log2(tiles)=0.00 log10(pixels)=0.75
0.0791812460476249	36	2026	log2(tiles)=0.00 log10(pixels)=1.00
-0.0967874862246563	3	2027	log2(tiles)=1.00 log10(pixels)=1.75
0.0561799739838871	3	2028	log2(tiles)=0.00 log10(pixels)=1.75
-0.0228787452803376	35	2029	log2(tiles)=0.00 log10(pixels)=0.50
0.113943352306837	29	2030	log2(tiles)=0.00 log10(pixels)=1.00
0.0950980400142568	39	2031	log2(tiles)=0.00 log10(pixels)=0.75
0.0413926851582249	42	2032	log2(tiles)=0.00 log10(pixels)=1.00
-0.0510299956639812	53	2033	log2(tiles)=0.00 log10(pixels)=0.75
0.102059991327962	55	2034	log2(tiles)=0.00 log10(pixels)=0.50
0.0950980400142568	40	2035	log2(tiles)=0.00 log10(pixels)=0.75
-0.0457574905606751	41	2036	log2(tiles)=0.00 log10(pixels)=1.00
-0.0457574905606751	3	2037	log2(tiles)=1.00 log10(pixels)=1.00
0.0791812460476249	37	2038	log2(tiles)=0.00 log10(pixels)=1.00
-0.0228787452803376	36	2039	log2(tiles)=0.00 log10(pixels)=0.50
0.0791812460476249	38	2040	log2(tiles)=0.00 log10(pixels)=1.00
0	34	2041	log2(tiles)=0.00 log10(pixels)=1.00
-0.106547323513813	5	2042	log2(tiles)=1.00 log10(pixels)=1.75
0.113943352306837	30	2043	log2(tiles)=0.00 log10(pixels)=1.00
-0.0969100130080565	40	2044	log2(tiles)=0.00 log10(pixels)=1.00
0	35	2045	log2(tiles)=0.00 log10(pixels)=1.00
0.113943352306837	8	2046	log2(tiles)=1.00 log10(pixels)=1.00
-0.085026652029182	14	2047	log2(tiles)=0.00 log10(pixels)=1.50
0.0950980400142568	41	2048	log2(tiles)=0.00 log10(pixels)=0.75
-0.0458800173440752	23	2049	log2(tiles)=0.00 log10(pixels)=1.25
-0.085026652029182	15	2050	log2(tiles)=0.00 log10(pixels)=1.50
0.00527250510330601	30	2051	log2(tiles)=0.00 log10(pixels)=1.25
-0.0457574905606751	42	2052	log2(tiles)=0.00 log10(pixels)=1.00
0.113943352306837	31	2053	log2(tiles)=0.00 log10(pixels)=1.00
0.0281512503836436	52	2054	log2(tiles)=0.00 log10(pixels)=0.75
0	4	2055	log2(tiles)=1.00 log10(pixels)=1.00
-0.0969100130080565	41	2056	log2(tiles)=0.00 log10(pixels)=1.00
0.113943352306837	9	2057	log2(tiles)=1.00 log10(pixels)=1.00
0.00671774597748698	1	2058	log2(tiles)=2.00 log10(pixels)=3.25
0.0791812460476249	39	2059	log2(tiles)=0.00 log10(pixels)=1.00
0.0281512503836436	53	2060	log2(tiles)=0.00 log10(pixels)=0.75
0.0281512503836436	54	2061	log2(tiles)=0.00 log10(pixels)=0.75
-0.0457574905606751	43	2062	log2(tiles)=0.00 log10(pixels)=1.00
0.0722192947339193	22	2063	log2(tiles)=0.00 log10(pixels)=1.25
-0.0969100130080565	42	2064	log2(tiles)=0.00 log10(pixels)=1.00
0.0950980400142568	42	2065	log2(tiles)=0.00 log10(pixels)=0.75
-0.0779021420642825	5	2066	log2(tiles)=1.00 log10(pixels)=1.75
0.0910646070264991	11	2067	log2(tiles)=0.00 log10(pixels)=1.50
-0.0969100130080565	43	2068	log2(tiles)=0.00 log10(pixels)=1.00
0.0950980400142568	43	2069	log2(tiles)=0.00 log10(pixels)=0.75
-0.0195510786217261	24	2070	log2(tiles)=0.00 log10(pixels)=1.25
-0.0705810742857072	5	2071	log2(tiles)=0.00 log10(pixels)=2.00
0.102059991327962	56	2072	log2(tiles)=0.00 log10(pixels)=0.50
0.0185139398778875	2	2073	log2(tiles)=1.00 log10(pixels)=1.50
-0.102372908709559	2	2074	log2(tiles)=1.00 log10(pixels)=2.00
0.0791812460476249	40	2075	log2(tiles)=0.00 log10(pixels)=1.00
-0.0424298239020637	10	2076	log2(tiles)=0.00 log10(pixels)=1.75
-0.0228787452803376	37	2077	log2(tiles)=0.00 log10(pixels)=0.50
-0.0969100130080565	44	2078	log2(tiles)=0.00 log10(pixels)=1.00
-0.0510299956639812	54	2079	log2(tiles)=0.00 log10(pixels)=0.75
0.0413926851582249	43	2080	log2(tiles)=0.00 log10(pixels)=1.00
-0.0510299956639812	55	2081	log2(tiles)=0.00 log10(pixels)=0.75
-0.0457574905606751	44	2082	log2(tiles)=0.00 log10(pixels)=1.00
-0.119788758288394	21	2083	log2(tiles)=0.00 log10(pixels)=1.50
0	36	2084	log2(tiles)=0.00 log10(pixels)=1.00
0.0924226808222062	4	2085	log2(tiles)=1.00 log10(pixels)=1.25
0.113322860120456	2	2086	log2(tiles)=0.00 log10(pixels)=1.75
0.0950980400142568	44	2087	log2(tiles)=0.00 log10(pixels)=0.75
-0.102059991327962	1	2088	log2(tiles)=1.50 log10(pixels)=1.50
-0.0969100130080565	45	2089	log2(tiles)=0.00 log10(pixels)=1.00
0.0561799739838871	1	2090	log2(tiles)=1.50 log10(pixels)=1.75
-0.00863830616572736	19	2091	log2(tiles)=0.00 log10(pixels)=1.50
0.0510299956639813	7	2092	log2(tiles)=1.00 log10(pixels)=1.25
-0.0510299956639812	56	2093	log2(tiles)=0.00 log10(pixels)=0.75
-0.0458800173440752	24	2094	log2(tiles)=0.00 log10(pixels)=1.25
0.0791812460476249	41	2095	log2(tiles)=0.00 log10(pixels)=1.00
-0.0457574905606751	45	2096	log2(tiles)=0.00 log10(pixels)=1.00
0.102059991327962	57	2097	log2(tiles)=0.00 log10(pixels)=0.50
0.0950980400142568	45	2098	log2(tiles)=0.00 log10(pixels)=0.75
-0.0195510786217261	25	2099	log2(tiles)=0.00 log10(pixels)=1.25
-0.0195510786217261	9	2100	log2(tiles)=1.00 log10(pixels)=1.25
0.102059991327962	58	2101	log2(tiles)=0.00 log10(pixels)=0.50
-0.0457574905606751	46	2102	log2(tiles)=0.00 log10(pixels)=1.00
-0.0969100130080565	6	2103	log2(tiles)=1.00 log10(pixels)=1.00
-0.0969100130080565	46	2104	log2(tiles)=0.00 log10(pixels)=1.00
0.0950980400142568	46	2105	log2(tiles)=0.00 log10(pixels)=0.75
0.0950980400142568	47	2106	log2(tiles)=0.00 log10(pixels)=0.75
-0.0510299956639812	57	2107	log2(tiles)=0.00 log10(pixels)=0.75
0.102059991327963	14	2108	log2(tiles)=0.00 log10(pixels)=1.50
0.102059991327962	59	2109	log2(tiles)=0.00 log10(pixels)=0.50
0.0510299956639813	21	2110	log2(tiles)=0.00 log10(pixels)=1.25
0.0722192947339193	23	2111	log2(tiles)=0.00 log10(pixels)=1.25
-0.102059991327962	24	2112	log2(tiles)=0.00 log10(pixels)=1.50
0.0510299956639812	18	2113	log2(tiles)=0.00 log10(pixels)=0.25
0.0353298350107671	2	2114	log2(tiles)=1.00 log10(pixels)=1.75
0.0510299956639812	19	2115	log2(tiles)=0.00 log10(pixels)=0.25
-0.0457574905606751	47	2116	log2(tiles)=0.00 log10(pixels)=1.00
0.0281512503836436	55	2117	log2(tiles)=0.00 log10(pixels)=0.75
-0.0228787452803376	38	2118	log2(tiles)=0.00 log10(pixels)=0.50
0.0797835966168101	11	2119	log2(tiles)=0.00 log10(pixels)=1.50
-0.0872421683184259	6	2120	log2(tiles)=0.00 log10(pixels)=1.75
0.102059991327962	60	2121	log2(tiles)=0.00 log10(pixels)=0.50
0.102059991327962	61	2122	log2(tiles)=0.00 log10(pixels)=0.50
0.0281512503836436	56	2123	log2(tiles)=0.00 log10(pixels)=0.75
0.0413926851582249	44	2124	log2(tiles)=0.00 log10(pixels)=1.00
-0.0969100130080565	47	2125	log2(tiles)=0.00 log10(pixels)=1.00
-0.0195510786217261	10	2126	log2(tiles)=1.00 log10(pixels)=1.25
0.102059991327962	62	2127	log2(tiles)=0.00 log10(pixels)=0.50
-0.0969100130080565	48	2128	log2(tiles)=0.00 log10(pixels)=1.00
-0.102059991327962	25	2129	log2(tiles)=0.00 log10(pixels)=1.50
0.102059991327962	63	2130	log2(tiles)=0.00 log10(pixels)=0.50
0.0950980400142568	48	2131	log2(tiles)=0.00 log10(pixels)=0.75
0	5	2132	log2(tiles)=1.00 log10(pixels)=1.00
-0.0195510786217261	26	2133	log2(tiles)=0.00 log10(pixels)=1.25
-0.119788758288394	22	2134	log2(tiles)=0.00 log10(pixels)=1.50
0.0281512503836436	57	2135	log2(tiles)=0.00 log10(pixels)=0.75
0	37	2136	log2(tiles)=0.00 log10(pixels)=1.00
0.102059991327962	64	2137	log2(tiles)=0.00 log10(pixels)=0.50
-0.0228787452803376	39	2138	log2(tiles)=0.00 log10(pixels)=0.50
-0.0510299956639812	58	2139	log2(tiles)=0.00 log10(pixels)=0.75
0.068201724066995	5	2140	log2(tiles)=1.00 log10(pixels)=1.50
0.0797835966168101	12	2141	log2(tiles)=0.00 log10(pixels)=1.50
-0.102059991327962	4	2142	log2(tiles)=1.00 log10(pixels)=1.50
0.0510299956639812	20	2143	log2(tiles)=0.00 log10(pixels)=0.25
0	38	2144	log2(tiles)=0.00 log10(pixels)=1.00
0	6	2145	log2(tiles)=1.00 log10(pixels)=1.00
-0.0739087409443187	8	2146	log2(tiles)=1.00 log10(pixels)=1.25
0.0791812460476249	42	2147	log2(tiles)=0.00 log10(pixels)=1.00
0	39	2148	log2(tiles)=0.00 log10(pixels)=1.00
0.0281512503836436	4	2149	log2(tiles)=1.00 log10(pixels)=1.75
-0.103871964321762	26	2150	log2(tiles)=0.00 log10(pixels)=1.25
-0.0510299956639812	59	2151	log2(tiles)=0.00 log10(pixels)=0.75
0.111727836017593	5	2152	log2(tiles)=1.00 log10(pixels)=1.25
-0.0739087409443187	27	2153	log2(tiles)=0.00 log10(pixels)=1.25
0.102059991327962	65	2154	log2(tiles)=0.00 log10(pixels)=0.50
0.0791812460476249	43	2155	log2(tiles)=0.00 log10(pixels)=1.00
0.111727836017593	15	2156	log2(tiles)=0.00 log10(pixels)=1.25
-0.0457574905606751	48	2157	log2(tiles)=0.00 log10(pixels)=1.00
0	40	2158	log2(tiles)=0.00 log10(pixels)=1.00
0.102059991327962	66	2159	log2(tiles)=0.00 log10(pixels)=0.50
-0.1249387366083	3	2160	log2(tiles)=1.00 log10(pixels)=2.00
-0.103871964321762	27	2161	log2(tiles)=0.00 log10(pixels)=1.25
-0.0510299956639812	60	2162	log2(tiles)=0.00 log10(pixels)=0.75
-0.0510299956639813	2	2163	log2(tiles)=1.00 log10(pixels)=1.75
-0.102059991327962	26	2164	log2(tiles)=0.00 log10(pixels)=1.50
0.0185139398778875	14	2165	log2(tiles)=0.00 log10(pixels)=1.50
0.0924226808222062	16	2166	log2(tiles)=0.00 log10(pixels)=1.25
0.0950980400142568	49	2167	log2(tiles)=0.00 log10(pixels)=0.75
-0.0510299956639812	61	2168	log2(tiles)=0.00 log10(pixels)=0.75
0.0510299956639812	21	2169	log2(tiles)=0.00 log10(pixels)=0.25
0.0797835966168101	4	2170	log2(tiles)=1.00 log10(pixels)=1.50
0	41	2171	log2(tiles)=0.00 log10(pixels)=1.00
0.0950980400142568	50	2172	log2(tiles)=0.00 log10(pixels)=0.75
-0.0510299956639812	62	2173	log2(tiles)=0.00 log10(pixels)=0.75
-0.116531544420413	5	2174	log2(tiles)=1.00 log10(pixels)=1.75
0.0413926851582249	45	2175	log2(tiles)=0.00 log10(pixels)=1.00
0.0281512503836436	58	2176	log2(tiles)=0.00 log10(pixels)=0.75
0.0287536009528289	5	2177	log2(tiles)=1.00 log10(pixels)=1.25
-0.00181197299379954	5	2178	log2(tiles)=0.00 log10(pixels)=1.75
0.0760748027008265	6	2179	log2(tiles)=0.00 log10(pixels)=1.75
-0.0510299956639812	63	2180	log2(tiles)=0.00 log10(pixels)=0.75
0.111727836017593	16	2181	log2(tiles)=0.00 log10(pixels)=1.25
0	7	2182	log2(tiles)=1.00 log10(pixels)=1.00
-0.103871964321762	28	2183	log2(tiles)=0.00 log10(pixels)=1.25
0.102059991327962	67	2184	log2(tiles)=0.00 log10(pixels)=0.50
0.0791812460476249	44	2185	log2(tiles)=0.00 log10(pixels)=1.00
-0.0457574905606751	49	2186	log2(tiles)=0.00 log10(pixels)=1.00
-0.0681564120552274	2	2187	log2(tiles)=0.00 log10(pixels)=2.25
-0.0510299956639812	64	2188	log2(tiles)=0.00 log10(pixels)=0.75
0.102059991327962	68	2189	log2(tiles)=0.00 log10(pixels)=0.50
-0.0510299956639812	65	2190	log2(tiles)=0.00 log10(pixels)=0.75
0.102059991327962	69	2191	log2(tiles)=0.00 log10(pixels)=0.50
0.0413926851582249	46	2192	log2(tiles)=0.00 log10(pixels)=1.00
-0.0228787452803376	40	2193	log2(tiles)=0.00 log10(pixels)=0.50
0.0281512503836436	59	2194	log2(tiles)=0.00 log10(pixels)=0.75
0.0281512503836436	60	2195	log2(tiles)=0.00 log10(pixels)=0.75
0.111727836017593	6	2196	log2(tiles)=1.00 log10(pixels)=1.25
-0.0119538968712045	1	2197	log2(tiles)=1.00 log10(pixels)=2.25
0.113943352306837	32	2198	log2(tiles)=0.00 log10(pixels)=1.00
-0.0797382846050425	3	2199	log2(tiles)=1.00 log10(pixels)=2.25
0.102059991327962	70	2200	log2(tiles)=0.00 log10(pixels)=0.50
-0.0457574905606751	4	2201	log2(tiles)=1.00 log10(pixels)=1.00
0.0510299956639812	22	2202	log2(tiles)=0.00 log10(pixels)=0.25
-0.00877392430750512	5	2203	log2(tiles)=1.00 log10(pixels)=2.00
0	42	2204	log2(tiles)=0.00 log10(pixels)=1.00
-0.0228787452803376	41	2205	log2(tiles)=0.00 log10(pixels)=0.50
0.0950980400142568	51	2206	log2(tiles)=0.00 log10(pixels)=0.75
-0.103871964321762	29	2207	log2(tiles)=0.00 log10(pixels)=1.25
0.0281512503836436	61	2208	log2(tiles)=0.00 log10(pixels)=0.75
-0.0510299956639812	66	2209	log2(tiles)=0.00 log10(pixels)=0.75
-0.103871964321762	30	2210	log2(tiles)=0.00 log10(pixels)=1.25
0.0314789170422551	10	2211	log2(tiles)=0.00 log10(pixels)=1.50
0.0950980400142568	52	2212	log2(tiles)=0.00 log10(pixels)=0.75
-0.0739087409443187	28	2213	log2(tiles)=0.00 log10(pixels)=1.25
0.0440680443502757	8	2214	log2(tiles)=1.00 log10(pixels)=1.50
0.0791812460476249	45	2215	log2(tiles)=0.00 log10(pixels)=1.00
0.0287536009528289	27	2216	log2(tiles)=0.00 log10(pixels)=1.25
0	43	2217	log2(tiles)=0.00 log10(pixels)=1.00
0.0924226808222062	17	2218	log2(tiles)=0.00 log10(pixels)=1.25
0.0281512503836436	62	2219	log2(tiles)=0.00 log10(pixels)=0.75
0.0563025007672873	7	2220	log2(tiles)=0.00 log10(pixels)=1.50
0	44	2221	log2(tiles)=0.00 log10(pixels)=1.00
0	45	2222	log2(tiles)=0.00 log10(pixels)=1.00
0.102059991327962	71	2223	log2(tiles)=0.00 log10(pixels)=0.50
0.0281512503836436	63	2224	log2(tiles)=0.00 log10(pixels)=0.75
-0.0228787452803376	42	2225	log2(tiles)=0.00 log10(pixels)=0.50
0.0208520116421442	3	2226	log2(tiles)=0.00 log10(pixels)=1.75
0.0281512503836436	6	2227	log2(tiles)=0.00 log10(pixels)=1.75
0.102059991327962	72	2228	log2(tiles)=0.00 log10(pixels)=0.50
-0.0969100130080565	49	2229	log2(tiles)=0.00 log10(pixels)=1.00
0.102059991327962	73	2230	log2(tiles)=0.00 log10(pixels)=0.50
-0.0967874862246563	9	2231	log2(tiles)=0.00 log10(pixels)=1.75
-0.0510299956639812	67	2232	log2(tiles)=0.00 log10(pixels)=0.75
-0.0528419686577808	12	2233	log2(tiles)=0.00 log10(pixels)=1.50
0.0281512503836436	64	2234	log2(tiles)=0.00 log10(pixels)=0.75
-0.103871964321762	31	2235	log2(tiles)=0.00 log10(pixels)=1.25
0.111727836017593	17	2236	log2(tiles)=0.00 log10(pixels)=1.25
-0.0228787452803376	43	2237	log2(tiles)=0.00 log10(pixels)=0.50
-0.0510299956639812	68	2238	log2(tiles)=0.00 log10(pixels)=0.75
-0.0228787452803376	44	2239	log2(tiles)=0.00 log10(pixels)=0.50
0.0413926851582249	47	2240	log2(tiles)=0.00 log10(pixels)=1.00
0.0510299956639812	23	2241	log2(tiles)=0.00 log10(pixels)=0.25
-0.0457574905606751	50	2242	log2(tiles)=0.00 log10(pixels)=1.00
0.0561799739838871	2	2243	log2(tiles)=1.00 log10(pixels)=1.75
-0.103871964321762	32	2244	log2(tiles)=0.00 log10(pixels)=1.25
0.0510299956639812	24	2245	log2(tiles)=0.00 log10(pixels)=0.25
0.0950980400142568	53	2246	log2(tiles)=0.00 log10(pixels)=0.75
0.00587485567249146	5	2247	log2(tiles)=0.00 log10(pixels)=1.75
-0.00863830616572736	20	2248	log2(tiles)=0.00 log10(pixels)=1.50
0.113943352306837	10	2249	log2(tiles)=1.00 log10(pixels)=1.00
0	46	2250	log2(tiles)=0.00 log10(pixels)=1.00
0.0510299956639813	22	2251	log2(tiles)=0.00 log10(pixels)=1.25
0	8	2252	log2(tiles)=1.00 log10(pixels)=1.00
0.0863598306747484	2	2253	log2(tiles)=0.00 log10(pixels)=2.00
0.0510299956639813	23	2254	log2(tiles)=0.00 log10(pixels)=1.25
-0.0969100130080565	50	2255	log2(tiles)=0.00 log10(pixels)=1.00
-0.0195510786217261	27	2256	log2(tiles)=0.00 log10(pixels)=1.25
-0.0510299956639812	4	2257	log2(tiles)=1.00 log10(pixels)=0.75
-0.0457574905606751	51	2258	log2(tiles)=0.00 log10(pixels)=1.00
0.0791812460476249	46	2259	log2(tiles)=0.00 log10(pixels)=1.00
-0.0228787452803376	45	2260	log2(tiles)=0.00 log10(pixels)=0.50
-0.0195510786217261	28	2261	log2(tiles)=0.00 log10(pixels)=1.25
-0.10790539730952	3	2262	log2(tiles)=0.00 log10(pixels)=2.00
0.0281512503836436	5	2263	log2(tiles)=1.00 log10(pixels)=1.75
-0.0246907182741372	2	2264	log2(tiles)=1.00 log10(pixels)=2.25
-0.0969100130080565	51	2265	log2(tiles)=0.00 log10(pixels)=1.00
0.0314789170422551	11	2266	log2(tiles)=0.00 log10(pixels)=1.50
0.0888490907372552	4	2267	log2(tiles)=0.00 log10(pixels)=1.75
-0.0228787452803376	46	2268	log2(tiles)=0.00 log10(pixels)=0.50
0.00527250510330601	6	2269	log2(tiles)=1.00 log10(pixels)=1.25
-0.0969100130080565	52	2270	log2(tiles)=0.00 log10(pixels)=1.00
0.0950980400142568	54	2271	log2(tiles)=0.00 log10(pixels)=0.75
0.0281512503836436	65	2272	log2(tiles)=0.00 log10(pixels)=0.75
0	47	2273	log2(tiles)=0.00 log10(pixels)=1.00
-0.0528419686577808	13	2274	log2(tiles)=0.00 log10(pixels)=1.50
0.113943352306837	11	2275	log2(tiles)=1.00 log10(pixels)=1.00
-0.00863830616572736	5	2276	log2(tiles)=1.00 log10(pixels)=1.50
0.111727836017593	7	2277	log2(tiles)=1.00 log10(pixels)=1.25
-0.0686362358410126	12	2278	log2(tiles)=0.00 log10(pixels)=1.50
0.0950980400142568	55	2279	log2(tiles)=0.00 log10(pixels)=0.75
0.0950980400142568	56	2280	log2(tiles)=0.00 log10(pixels)=0.75
0.0510299956639813	24	2281	log2(tiles)=0.00 log10(pixels)=1.25
0.0950980400142568	57	2282	log2(tiles)=0.00 log10(pixels)=0.75
0.00527250510330601	31	2283	log2(tiles)=0.00 log10(pixels)=1.25
0.0950980400142568	7	2284	log2(tiles)=1.00 log10(pixels)=0.75
0.0281512503836436	7	2285	log2(tiles)=0.00 log10(pixels)=1.75
-0.0969100130080565	1	2286	log2(tiles)=1.00 log10(pixels)=2.00
0.00432137378264263	4	2287	log2(tiles)=0.00 log10(pixels)=2.00
0.0950980400142568	58	2288	log2(tiles)=0.00 log10(pixels)=0.75
-0.1249387366083	4	2289	log2(tiles)=1.00 log10(pixels)=2.00
0.0510299956639812	25	2290	log2(tiles)=0.00 log10(pixels)=0.25
-0.085026652029182	16	2291	log2(tiles)=0.00 log10(pixels)=1.50
-0.0195510786217261	29	2292	log2(tiles)=0.00 log10(pixels)=1.25
0.106025857193123	1	2293	log2(tiles)=0.00 log10(pixels)=2.25
-0.0228787452803376	47	2294	log2(tiles)=0.00 log10(pixels)=0.50
-0.0228787452803376	48	2295	log2(tiles)=0.00 log10(pixels)=0.50
0.102059991327962	74	2296	log2(tiles)=0.00 log10(pixels)=0.50
-0.0510299956639812	69	2297	log2(tiles)=0.00 log10(pixels)=0.75
0.0281512503836436	66	2298	log2(tiles)=0.00 log10(pixels)=0.75
-0.0969100130080565	53	2299	log2(tiles)=0.00 log10(pixels)=1.00
0.0510299956639812	26	2300	log2(tiles)=0.00 log10(pixels)=0.25
-0.0228787452803376	14	2301	log2(tiles)=0.00 log10(pixels)=1.50
0.0924226808222062	18	2302	log2(tiles)=0.00 log10(pixels)=1.25
-0.0510299956639812	70	2303	log2(tiles)=0.00 log10(pixels)=0.75
0.0563025007672873	8	2304	log2(tiles)=0.00 log10(pixels)=1.50
-0.0195510786217261	30	2305	log2(tiles)=0.00 log10(pixels)=1.25
0.0950980400142569	4	2306	log2(tiles)=0.00 log10(pixels)=1.75
0.113943352306837	33	2307	log2(tiles)=0.00 log10(pixels)=1.00
-0.0969100130080565	54	2308	log2(tiles)=0.00 log10(pixels)=1.00
0.0353298350107671	3	2309	log2(tiles)=1.00 log10(pixels)=1.75
-0.0510299956639812	71	2310	log2(tiles)=0.00 log10(pixels)=0.75
-0.0969100130080565	55	2311	log2(tiles)=0.00 log10(pixels)=1.00
-0.0739087409443187	29	2312	log2(tiles)=0.00 log10(pixels)=1.25
-0.0969100130080565	56	2313	log2(tiles)=0.00 log10(pixels)=1.00
0.0563025007672873	9	2314	log2(tiles)=0.00 log10(pixels)=1.50
0.0791812460476249	47	2315	log2(tiles)=0.00 log10(pixels)=1.00
-0.0510299956639812	72	2316	log2(tiles)=0.00 log10(pixels)=0.75
-0.0510299956639812	73	2317	log2(tiles)=0.00 log10(pixels)=0.75
-0.102059991327962	27	2318	log2(tiles)=0.00 log10(pixels)=1.50
-0.0969100130080565	57	2319	log2(tiles)=0.00 log10(pixels)=1.00
0.102059991327962	75	2320	log2(tiles)=0.00 log10(pixels)=0.50
0.0950980400142568	59	2321	log2(tiles)=0.00 log10(pixels)=0.75
0.102059991327962	76	2322	log2(tiles)=0.00 log10(pixels)=0.50
0.113943352306837	34	2323	log2(tiles)=0.00 log10(pixels)=1.00
0.0950980400142568	60	2324	log2(tiles)=0.00 log10(pixels)=0.75
-0.0872421683184259	7	2325	log2(tiles)=0.00 log10(pixels)=1.75
-0.0457574905606751	52	2326	log2(tiles)=0.00 log10(pixels)=1.00
-0.0969100130080565	58	2327	log2(tiles)=0.00 log10(pixels)=1.00
-0.0457574905606751	53	2328	log2(tiles)=0.00 log10(pixels)=1.00
0.0791812460476249	48	2329	log2(tiles)=0.00 log10(pixels)=1.00
-0.0195510786217261	31	2330	log2(tiles)=0.00 log10(pixels)=1.25
0.0695439355418688	6	2331	log2(tiles)=0.00 log10(pixels)=1.75
-0.0228787452803376	49	2332	log2(tiles)=0.00 log10(pixels)=0.50
0.0281512503836436	67	2333	log2(tiles)=0.00 log10(pixels)=0.75
0.113322860120456	3	2334	log2(tiles)=0.00 log10(pixels)=1.75
0	48	2335	log2(tiles)=0.00 log10(pixels)=1.00
-0.0510299956639812	74	2336	log2(tiles)=0.00 log10(pixels)=0.75
0.0950980400142568	61	2337	log2(tiles)=0.00 log10(pixels)=0.75
-0.0228787452803376	50	2338	log2(tiles)=0.00 log10(pixels)=0.50
0.0888490907372552	5	2339	log2(tiles)=0.00 log10(pixels)=1.75
0.0722192947339193	24	2340	log2(tiles)=0.00 log10(pixels)=1.25
-0.085026652029182	17	2341	log2(tiles)=0.00 log10(pixels)=1.50
0.0924226808222062	19	2342	log2(tiles)=0.00 log10(pixels)=1.25
-0.0257241303992108	2	2343	log2(tiles)=1.00 log10(pixels)=1.75
-0.0404849854573692	1	2344	log2(tiles)=2.00 log10(pixels)=2.25
0.112783856719735	5	2345	log2(tiles)=0.00 log10(pixels)=1.50
-0.0510299956639812	75	2346	log2(tiles)=0.00 log10(pixels)=0.75
0.0950980400142568	8	2347	log2(tiles)=1.00 log10(pixels)=0.75
-0.0969100130080565	59	2348	log2(tiles)=0.00 log10(pixels)=1.00
-0.0969100130080565	60	2349	log2(tiles)=0.00 log10(pixels)=1.00
0.102059991327962	77	2350	log2(tiles)=0.00 log10(pixels)=0.50
0.102059991327962	78	2351	log2(tiles)=0.00 log10(pixels)=0.50
-0.0969100130080565	61	2352	log2(tiles)=0.00 log10(pixels)=1.00
-0.0228787452803376	51	2353	log2(tiles)=0.00 log10(pixels)=0.50
0.0510299956639812	27	2354	log2(tiles)=0.00 log10(pixels)=0.25
0	49	2355	log2(tiles)=0.00 log10(pixels)=1.00
0.102059991327962	79	2356	log2(tiles)=0.00 log10(pixels)=0.50
0.0722192947339193	25	2357	log2(tiles)=0.00 log10(pixels)=1.25
0.0281512503836436	68	2358	log2(tiles)=0.00 log10(pixels)=0.75
0.0281512503836436	69	2359	log2(tiles)=0.00 log10(pixels)=0.75
-0.102059991327962	5	2360	log2(tiles)=1.00 log10(pixels)=1.50
-0.0458800173440752	25	2361	log2(tiles)=0.00 log10(pixels)=1.25
-0.0228787452803376	52	2362	log2(tiles)=0.00 log10(pixels)=0.50
0.113943352306837	35	2363	log2(tiles)=0.00 log10(pixels)=1.00
-0.0510299956639812	5	2364	log2(tiles)=1.00 log10(pixels)=0.75
0.0950980400142568	62	2365	log2(tiles)=0.00 log10(pixels)=0.75
0.0281512503836436	70	2366	log2(tiles)=0.00 log10(pixels)=0.75
-0.0969100130080565	62	2367	log2(tiles)=0.00 log10(pixels)=1.00
-0.0457574905606751	54	2368	log2(tiles)=0.00 log10(pixels)=1.00
-0.0510299956639812	76	2369	log2(tiles)=0.00 log10(pixels)=0.75
0.0950980400142568	63	2370	log2(tiles)=0.00 log10(pixels)=0.75
0.102059991327962	3	2371	log2(tiles)=1.00 log10(pixels)=0.50
0.0510299956639813	25	2372	log2(tiles)=0.00 log10(pixels)=1.25
0.00527250510330601	32	2373	log2(tiles)=0.00 log10(pixels)=1.25
-0.0969100130080565	63	2374	log2(tiles)=0.00 log10(pixels)=1.00
-0.0362121726544447	2	2375	log2(tiles)=1.00 log10(pixels)=2.00
-0.0228787452803376	53	2376	log2(tiles)=0.00 log10(pixels)=0.50
0.0281512503836436	71	2377	log2(tiles)=0.00 log10(pixels)=0.75
0.0510299956639812	28	2378	log2(tiles)=0.00 log10(pixels)=0.25
-0.0510299956639812	77	2379	log2(tiles)=0.00 log10(pixels)=0.75
0.0950980400142568	64	2380	log2(tiles)=0.00 log10(pixels)=0.75
0	50	2381	log2(tiles)=0.00 log10(pixels)=1.00
0.102059991327962	80	2382	log2(tiles)=0.00 log10(pixels)=0.50
0.0281512503836436	72	2383	log2(tiles)=0.00 log10(pixels)=0.75
-0.103871964321762	33	2384	log2(tiles)=0.00 log10(pixels)=1.25
-0.0739087409443187	30	2385	log2(tiles)=0.00 log10(pixels)=1.25
-0.0457574905606751	55	2386	log2(tiles)=0.00 log10(pixels)=1.00
-0.0510299956639812	6	2387	log2(tiles)=1.00 log10(pixels)=0.75
-0.0228787452803376	54	2388	log2(tiles)=0.00 log10(pixels)=0.50
-0.085026652029182	18	2389	log2(tiles)=0.00 log10(pixels)=1.50
0.113943352306837	36	2390	log2(tiles)=0.00 log10(pixels)=1.00
-0.103871964321762	1	2391	log2(tiles)=1.50 log10(pixels)=1.25
-0.0458800173440752	3	2392	log2(tiles)=1.00 log10(pixels)=1.25
0.0510299956639812	29	2393	log2(tiles)=0.00 log10(pixels)=0.25
-0.0510299956639812	78	2394	log2(tiles)=0.00 log10(pixels)=0.75
-0.0510299956639812	79	2395	log2(tiles)=0.00 log10(pixels)=0.75
0.102059991327962	81	2396	log2(tiles)=0.00 log10(pixels)=0.50
-0.102059991327962	6	2397	log2(tiles)=1.00 log10(pixels)=1.50
-0.0686362358410126	13	2398	log2(tiles)=0.00 log10(pixels)=1.50
0.0281512503836436	73	2399	log2(tiles)=0.00 log10(pixels)=0.75
0.00527250510330601	33	2400	log2(tiles)=0.00 log10(pixels)=1.25
-0.0969100130080565	64	2401	log2(tiles)=0.00 log10(pixels)=1.00
0.111727836017593	18	2402	log2(tiles)=0.00 log10(pixels)=1.25
-0.0969100130080565	7	2403	log2(tiles)=1.00 log10(pixels)=1.00
0	51	2404	log2(tiles)=0.00 log10(pixels)=1.00
-0.0739087409443187	31	2405	log2(tiles)=0.00 log10(pixels)=1.25
0.0950980400142568	65	2406	log2(tiles)=0.00 log10(pixels)=0.75
0.0950980400142568	66	2407	log2(tiles)=0.00 log10(pixels)=0.75
-0.0457574905606751	56	2408	log2(tiles)=0.00 log10(pixels)=1.00
0.0510299956639812	30	2409	log2(tiles)=0.00 log10(pixels)=0.25
-0.0969100130080565	65	2410	log2(tiles)=0.00 log10(pixels)=1.00
0.0510299956639812	31	2411	log2(tiles)=0.00 log10(pixels)=0.25
0.102059991327962	82	2412	log2(tiles)=0.00 log10(pixels)=0.50
-0.0457574905606751	57	2413	log2(tiles)=0.00 log10(pixels)=1.00
0.102059991327962	83	2414	log2(tiles)=0.00 log10(pixels)=0.50
0	52	2415	log2(tiles)=0.00 log10(pixels)=1.00
0.0281512503836436	8	2416	log2(tiles)=0.00 log10(pixels)=1.75
0.102059991327962	84	2417	log2(tiles)=0.00 log10(pixels)=0.50
-0.0228787452803376	55	2418	log2(tiles)=0.00 log10(pixels)=0.50
0.0413926851582249	48	2419	log2(tiles)=0.00 log10(pixels)=1.00
0.0950980400142568	67	2420	log2(tiles)=0.00 log10(pixels)=0.75
0	53	2421	log2(tiles)=0.00 log10(pixels)=1.00
0.0510299956639812	32	2422	log2(tiles)=0.00 log10(pixels)=0.25
0.0510299956639812	33	2423	log2(tiles)=0.00 log10(pixels)=0.25
0.0281512503836436	74	2424	log2(tiles)=0.00 log10(pixels)=0.75
-0.103871964321762	34	2425	log2(tiles)=0.00 log10(pixels)=1.25
0.111727836017593	19	2426	log2(tiles)=0.00 log10(pixels)=1.25
0.0281512503836436	75	2427	log2(tiles)=0.00 log10(pixels)=0.75
0.00527250510330601	34	2428	log2(tiles)=0.00 log10(pixels)=1.25
0.119231719730976	2	2429	log2(tiles)=0.00 log10(pixels)=1.75
0.0510299956639813	26	2430	log2(tiles)=0.00 log10(pixels)=1.25
-0.0510299956639812	80	2431	log2(tiles)=0.00 log10(pixels)=0.75
0.0510299956639812	34	2432	log2(tiles)=0.00 log10(pixels)=0.25
0.0287536009528289	6	2433	log2(tiles)=1.00 log10(pixels)=1.25
-0.0458800173440752	26	2434	log2(tiles)=0.00 log10(pixels)=1.25
0	7	2435	log2(tiles)=0.00 log10(pixels)=0.00
0	54	2436	log2(tiles)=0.00 log10(pixels)=1.00
0.0510299956639812	35	2437	log2(tiles)=0.00 log10(pixels)=0.25
0.102059991327962	85	2438	log2(tiles)=0.00 log10(pixels)=0.50
-0.00863830616572736	1	2439	log2(tiles)=2.00 log10(pixels)=1.50
0.0791812460476249	49	2440	log2(tiles)=0.00 log10(pixels)=1.00
0.102059991327962	86	2441	log2(tiles)=0.00 log10(pixels)=0.50
0	55	2442	log2(tiles)=0.00 log10(pixels)=1.00
0.102059991327962	87	2443	log2(tiles)=0.00 log10(pixels)=0.50
-0.102059991327962	28	2444	log2(tiles)=0.00 log10(pixels)=1.50
0.00527250510330601	7	2445	log2(tiles)=1.00 log10(pixels)=1.25
0.0950980400142568	68	2446	log2(tiles)=0.00 log10(pixels)=0.75
-0.0228787452803376	56	2447	log2(tiles)=0.00 log10(pixels)=0.50
0.113943352306837	37	2448	log2(tiles)=0.00 log10(pixels)=1.00
0.113943352306837	38	2449	log2(tiles)=0.00 log10(pixels)=1.00
-0.0969100130080565	66	2450	log2(tiles)=0.00 log10(pixels)=1.00
0.0413926851582249	49	2451	log2(tiles)=0.00 log10(pixels)=1.00
0.111727836017593	20	2452	log2(tiles)=0.00 log10(pixels)=1.25
0.0281512503836436	76	2453	log2(tiles)=0.00 log10(pixels)=0.75
0.0950980400142568	69	2454	log2(tiles)=0.00 log10(pixels)=0.75
-0.0228787452803376	57	2455	log2(tiles)=0.00 log10(pixels)=0.50
-0.0228787452803376	15	2456	log2(tiles)=0.00 log10(pixels)=1.50
0.0510299956639812	36	2457	log2(tiles)=0.00 log10(pixels)=0.25
0.0561799739838871	4	2458	log2(tiles)=0.00 log10(pixels)=1.75
-0.085026652029182	19	2459	log2(tiles)=0.00 log10(pixels)=1.50
0.0281512503836436	77	2460	log2(tiles)=0.00 log10(pixels)=0.75
-0.0510299956639812	81	2461	log2(tiles)=0.00 log10(pixels)=0.75
0.119231719730976	1	2462	log2(tiles)=1.00 log10(pixels)=1.75
0	56	2463	log2(tiles)=0.00 log10(pixels)=1.00
0.0281512503836436	78	2464	log2(tiles)=0.00 log10(pixels)=0.75
0.0924226808222062	5	2465	log2(tiles)=1.00 log10(pixels)=1.25
-0.085026652029182	20	2466	log2(tiles)=0.00 log10(pixels)=1.50
-0.0457574905606751	58	2467	log2(tiles)=0.00 log10(pixels)=1.00
-0.0458800173440752	27	2468	log2(tiles)=0.00 log10(pixels)=1.25
0	57	2469	log2(tiles)=0.00 log10(pixels)=1.00
-0.0977116556169437	2	2470	log2(tiles)=0.00 log10(pixels)=2.25
0.0950980400142568	70	2471	log2(tiles)=0.00 log10(pixels)=0.75
0.00527250510330601	8	2472	log2(tiles)=1.00 log10(pixels)=1.25
-0.0457574905606751	59	2473	log2(tiles)=0.00 log10(pixels)=1.00
0	58	2474	log2(tiles)=0.00 log10(pixels)=1.00
0.0413926851582249	50	2475	log2(tiles)=0.00 log10(pixels)=1.00
0.0510299956639812	37	2476	log2(tiles)=0.00 log10(pixels)=0.25
0.00514997831990605	14	2477	log2(tiles)=0.00 log10(pixels)=1.50
-0.119186407719209	4	2478	log2(tiles)=0.00 log10(pixels)=2.00
0.0281512503836436	79	2479	log2(tiles)=0.00 log10(pixels)=0.75
-0.0969100130080565	67	2480	log2(tiles)=0.00 log10(pixels)=1.00
-0.0739087409443187	32	2481	log2(tiles)=0.00 log10(pixels)=1.25
0.0950980400142568	71	2482	log2(tiles)=0.00 log10(pixels)=0.75
0.0950980400142568	72	2483	log2(tiles)=0.00 log10(pixels)=0.75
