x	y	clickSelects
-0.0425152423293	2.40983129198996	556
-0.0934371156872902	0.972052225554497	79
-0.09216987140428	0.960869115746174	113
-0.0940714409033498	0.959647090123049	285
-0.0934371156872902	0.972052225554497	67
-0.09216987140428	0.960869115746174	67
-0.0967529331340198	0.963861246988004	67
-0.0928032593596102	0.972693856185307	31
-0.0928032593596102	0.972693856185307	462
-0.0928032593596102	0.972693856185307	58
-0.0940714409033498	0.959647090123049	778
-0.0973945205954201	0.972553736075869	32
-0.0934371156872902	0.972052225554497	1023
-0.0973945205954201	0.972553736075869	12
-0.0934371156872902	0.972052225554497	787
-0.0973945205954201	0.972553736075869	787
-0.0934371156872902	0.972052225554497	462
-0.0934371156872902	0.972052225554497	419
-0.0928032593596102	0.972693856185307	1
-0.0934371156872902	0.972052225554497	1
-0.0934371156872902	0.972052225554497	58
-0.0928032593596102	0.972693856185307	1023
-0.0973945205954201	0.972553736075869	12
-0.09216987140428	0.960869115746174	2184
-0.0934371156872902	0.972052225554497	107
-0.0973945205954201	0.972553736075869	1598
-0.09216987140428	0.960869115746174	79
-0.0928032593596102	0.972693856185307	79
-0.0940714409033498	0.959647090123049	31
-0.0940714409033498	0.959647090123049	2023
-0.0973945205954201	0.972553736075869	2354
-0.0973945205954201	0.972553736075869	2354
-0.0928032593596102	0.972693856185307	41
0.07906578777069	2.1226053349728	121
0.0727144954567001	2.14032482515769	285
-0.0973945205954201	0.972553736075869	1
-0.0934371156872902	0.972052225554497	778
-0.09216987140428	0.960869115746174	32
-0.0967529331340198	0.963861246988004	12
-0.0973945205954201	0.972553736075869	12
-0.09216987140428	0.960869115746174	287
-0.0973945205954201	0.972553736075869	2123
-0.0928032593596102	0.972693856185307	1910
-0.0928032593596102	0.972693856185307	1119
-0.0940714409033498	0.959647090123049	1587
-0.0928032593596102	0.972693856185307	787
-0.0928032593596102	0.972693856185307	285
-0.0934371156872902	0.972052225554497	31
-0.0973945205954201	0.972553736075869	601
-0.0928032593596102	0.972693856185307	31
-0.0934371156872902	0.972052225554497	31
-0.0928032593596102	0.972693856185307	462
-0.10137332680345	0.953686224961348	54
-0.0928032593596102	0.972693856185307	287
-0.0928032593596102	0.972693856185307	1587
-0.0940714409033498	0.959647090123049	787
-0.0928032593596102	0.972693856185307	1149
-0.0980365856434902	0.963618638434641	1
-0.0934371156872902	0.972052225554497	1
-0.09216987140428	0.960869115746174	58
-0.0934371156872902	0.972052225554497	778
-0.0934371156872902	0.972052225554497	1910
-0.0934371156872902	0.972052225554497	1947
-0.0973945205954201	0.972553736075869	1149
-0.0934371156872902	0.972052225554497	778
-0.09216987140428	0.960869115746174	12
-0.0967529331340198	0.963861246988004	12
-0.0967529331340198	0.963861246988004	287
-0.0934371156872902	0.972052225554497	1910
-0.0928032593596102	0.972693856185307	1910
-0.0934371156872902	0.972052225554497	169
-0.0426049360416201	2.38859374416969	285
-0.0928032593596102	0.972693856185307	1
-0.0973945205954201	0.972553736075869	1
-0.0934371156872902	0.972052225554497	1366
-0.0928032593596102	0.972693856185307	1817
-0.0928032593596102	0.972693856185307	12
-0.0928032593596102	0.972693856185307	12
-0.09216987140428	0.960869115746174	287
-0.0934371156872902	0.972052225554497	287
-0.0934371156872902	0.972052225554497	287
-0.0967529331340198	0.963861246988004	287
-0.0928032593596102	0.972693856185307	6
-0.0934371156872902	0.972052225554497	6
-0.0928032593596102	0.972693856185307	169
-0.0928032593596102	0.972693856185307	2098
-0.0928032593596102	0.972693856185307	512
-0.04203030820773	2.41036260665997	31
-0.0928032593596102	0.972693856185307	2306
-0.0934371156872902	0.972052225554497	419
-0.0928032593596102	0.972693856185307	439
-0.0980365856434902	0.963618638434641	58
-0.0934371156872902	0.972052225554497	2154
-0.0928032593596102	0.972693856185307	1816
-0.0928032593596102	0.972693856185307	146
-0.0928032593596102	0.972693856185307	795
-0.0934371156872902	0.972052225554497	12
-0.0940714409033498	0.959647090123049	12
-0.0934371156872902	0.972052225554497	287
-0.0967529331340198	0.963861246988004	6
-0.0934371156872902	0.972052225554497	169
-0.0940714409033498	0.959647090123049	2008
-0.0410607201154298	2.39776920537042	54
-0.0973945205954201	0.972553736075869	2092
-0.0973945205954201	0.972553736075869	261
-0.0928032593596102	0.972693856185307	1
-0.0928032593596102	0.972693856185307	880
-0.0934371156872902	0.972052225554497	12
-0.0928032593596102	0.972693856185307	12
-0.0940714409033498	0.959647090123049	12
-0.0940714409033498	0.959647090123049	287
-0.0928032593596102	0.972693856185307	6
-0.0934371156872902	0.972052225554497	6
-0.0973945205954201	0.972553736075869	251
-0.0928032593596102	0.972693856185307	169
-0.0928032593596102	0.972693856185307	169
-0.0973945205954201	0.972553736075869	1912
-0.0928032593596102	0.972693856185307	31
-0.0934371156872902	0.972052225554497	2092
-0.0928032593596102	0.972693856185307	2092
-0.0934371156872902	0.972052225554497	261
-0.0980365856434902	0.963618638434641	1
-0.0980365856434902	0.963618638434641	1
-0.0967529331340198	0.963861246988004	1
-0.0934371156872902	0.972052225554497	439
-0.0980365856434902	0.963618638434641	439
-0.0940714409033498	0.959647090123049	58
-0.0967529331340198	0.963861246988004	58
-0.0934371156872902	0.972052225554497	287
-0.0928032593596102	0.972693856185307	838
-0.0934371156872902	0.972052225554497	6
-0.0973945205954201	0.972553736075869	601
-0.0928032593596102	0.972693856185307	272
-0.0967529331340198	0.963861246988004	261
-0.0934371156872902	0.972052225554497	1
-0.0934371156872902	0.972052225554497	439
-0.0973945205954201	0.972553736075869	438
-0.0928032593596102	0.972693856185307	32
-0.0980365856434902	0.963618638434641	86
-0.0928032593596102	0.972693856185307	12
-0.0934371156872902	0.972052225554497	6
-0.09216987140428	0.960869115746174	6
-0.0973945205954201	0.972553736075869	512
-0.0967529331340198	0.963861246988004	285
-0.0934371156872902	0.972052225554497	120
-0.0973945205954201	0.972553736075869	1149
-0.0980365856434902	0.963618638434641	272
-0.09216987140428	0.960869115746174	261
-0.0928032593596102	0.972693856185307	261
-0.0928032593596102	0.972693856185307	86
-0.0980365856434902	0.963618638434641	878
-0.0934371156872902	0.972052225554497	58
-0.0934371156872902	0.972052225554497	795
-0.0934371156872902	0.972052225554497	12
-0.0934371156872902	0.972052225554497	12
-0.0934371156872902	0.972052225554497	251
-0.0980365856434902	0.963618638434641	251
-0.0934371156872902	0.972052225554497	585
-0.0934371156872902	0.972052225554497	58
-0.0928032593596102	0.972693856185307	337
-0.0928032593596102	0.972693856185307	838
-0.09216987140428	0.960869115746174	17
-0.09216987140428	0.960869115746174	79
-0.0967529331340198	0.963861246988004	31
-0.0934371156872902	0.972052225554497	1149
-0.0967529331340198	0.963861246988004	1149
-0.0934371156872902	0.972052225554497	272
-0.0980365856434902	0.963618638434641	438
-0.09216987140428	0.960869115746174	1438
-0.0940714409033498	0.959647090123049	146
-0.0928032593596102	0.972693856185307	86
-0.09216987140428	0.960869115746174	287
-0.10202322642753	0.9540585653027	287
-0.0934371156872902	0.972052225554497	113
-0.0928032593596102	0.972693856185307	1036
-0.09216987140428	0.960869115746174	31
-0.0934371156872902	0.972052225554497	31
-0.0928032593596102	0.972693856185307	54
-0.0980365856434902	0.963618638434641	1149
-0.0934371156872902	0.972052225554497	261
-0.0967529331340198	0.963861246988004	438
-0.10137332680345	0.953686224961348	17
-0.0940714409033498	0.959647090123049	67
-0.0934371156872902	0.972052225554497	67
-0.0973945205954201	0.972553736075869	601
-0.0928032593596102	0.972693856185307	1538
-0.0980365856434902	0.963618638434641	273
-0.0973945205954201	0.972553736075869	1
-0.0934371156872902	0.972052225554497	58
-0.10202322642753	0.9540585653027	86
-0.0928032593596102	0.972693856185307	287
-0.0934371156872902	0.972052225554497	287
-0.0928032593596102	0.972693856185307	107
-0.0928032593596102	0.972693856185307	1587
-0.0980365856434902	0.963618638434641	31
-0.0489297851153401	2.42496489780907	1
-0.0928032593596102	0.972693856185307	58
-0.09216987140428	0.960869115746174	878
-0.0934371156872902	0.972052225554497	287
-0.0934371156872902	0.972052225554497	251
-0.09216987140428	0.960869115746174	251
-0.0934371156872902	0.972052225554497	251
-0.0973945205954201	0.972553736075869	169
-0.0934371156872902	0.972052225554497	169
-0.0967529331340198	0.963861246988004	31
-0.0940714409033498	0.959647090123049	2454
-0.0928032593596102	0.972693856185307	462
-0.0928032593596102	0.972693856185307	273
-0.0940714409033498	0.959647090123049	1438
-0.0934371156872902	0.972052225554497	12
-0.0928032593596102	0.972693856185307	12
-0.0940714409033498	0.959647090123049	107
-0.0973945205954201	0.972553736075869	6
-0.0980365856434902	0.963618638434641	251
-0.09216987140428	0.960869115746174	67
-0.0967529331340198	0.963861246988004	31
-0.0928032593596102	0.972693856185307	273
-0.0928032593596102	0.972693856185307	1
-0.0940714409033498	0.959647090123049	1
-0.0928032593596102	0.972693856185307	146
-0.0967529331340198	0.963861246988004	251
-0.0940714409033498	0.959647090123049	169
-0.0934371156872902	0.972052225554497	512
-0.0928032593596102	0.972693856185307	462
-0.0934371156872902	0.972052225554497	2248
-0.0967529331340198	0.963861246988004	261
-0.0980365856434902	0.963618638434641	86
-0.0928032593596102	0.972693856185307	86
-0.0973945205954201	0.972553736075869	58
-0.0928032593596102	0.972693856185307	58
-0.0940714409033498	0.959647090123049	12
-0.0934371156872902	0.972052225554497	287
-0.0928032593596102	0.972693856185307	12
-0.0934371156872902	0.972052225554497	12
-0.0940714409033498	0.959647090123049	251
-0.0980365856434902	0.963618638434641	169
-0.09216987140428	0.960869115746174	501
-0.0940714409033498	0.959647090123049	501
-0.0934371156872902	0.972052225554497	512
0.0760346795609199	2.12574857147575	512
-0.0967529331340198	0.963861246988004	79
-0.0934371156872902	0.972052225554497	261
-0.0967529331340198	0.963861246988004	567
-0.0967529331340198	0.963861246988004	1168
-0.0928032593596102	0.972693856185307	1168
-0.0980365856434902	0.963618638434641	7
-0.0940714409033498	0.959647090123049	58
-0.0940714409033498	0.959647090123049	12
-0.0928032593596102	0.972693856185307	6
-0.0928032593596102	0.972693856185307	79
-0.0934371156872902	0.972052225554497	113
-0.0973945205954201	0.972553736075869	67
-0.0967529331340198	0.963861246988004	67
-0.0940714409033498	0.959647090123049	7
-0.09216987140428	0.960869115746174	12
-0.0973945205954201	0.972553736075869	287
-0.09216987140428	0.960869115746174	6
-0.0928032593596102	0.972693856185307	169
-0.0934371156872902	0.972052225554497	79
-0.0940714409033498	0.959647090123049	79
-0.0928032593596102	0.972693856185307	272
-0.0940714409033498	0.959647090123049	272
-0.0934371156872902	0.972052225554497	58
-0.0928032593596102	0.972693856185307	58
-0.09216987140428	0.960869115746174	6
-0.10137332680345	0.953686224961348	17
-0.0934371156872902	0.972052225554497	1359
-0.0967529331340198	0.963861246988004	218
-0.0980365856434902	0.963618638434641	31
-0.0973945205954201	0.972553736075869	273
-0.0928032593596102	0.972693856185307	273
-0.0928032593596102	0.972693856185307	1677
-0.0934371156872902	0.972052225554497	462
-0.0967529331340198	0.963861246988004	261
-0.0934371156872902	0.972052225554497	58
-0.0934371156872902	0.972052225554497	12
-0.0973945205954201	0.972553736075869	12
-0.0928032593596102	0.972693856185307	6
-0.0928032593596102	0.972693856185307	79
-0.0928032593596102	0.972693856185307	273
-0.0928032593596102	0.972693856185307	538
-0.0980365856434902	0.963618638434641	1789
-0.0928032593596102	0.972693856185307	58
-0.0967529331340198	0.963861246988004	12
-0.0934371156872902	0.972052225554497	169
0.07897968807224	2.12804021665322	17
-0.0934371156872902	0.972052225554497	17
-0.09216987140428	0.960869115746174	218
-0.0967529331340198	0.963861246988004	1789
-0.0973945205954201	0.972553736075869	1708
-0.0973945205954201	0.972553736075869	561
-0.0928032593596102	0.972693856185307	561
-0.0934371156872902	0.972052225554497	58
-0.0928032593596102	0.972693856185307	58
-0.0928032593596102	0.972693856185307	756
-0.0934371156872902	0.972052225554497	1040
-0.0438259473276399	2.40668445539204	79
-0.0928032593596102	0.972693856185307	79
-0.10137332680345	0.953686224961348	341
-0.0973945205954201	0.972553736075869	67
-0.0934371156872902	0.972052225554497	67
-0.0928032593596102	0.972693856185307	273
-0.0934371156872902	0.972052225554497	538
-0.0928032593596102	0.972693856185307	561
-0.0928032593596102	0.972693856185307	12
-0.0928032593596102	0.972693856185307	251
-0.0973945205954201	0.972553736075869	67
-0.09216987140428	0.960869115746174	218
-0.0928032593596102	0.972693856185307	462
-0.0934371156872902	0.972052225554497	273
-0.0934371156872902	0.972052225554497	1677
-0.10137332680345	0.953686224961348	1708
-0.0973945205954201	0.972553736075869	561
-0.09216987140428	0.960869115746174	2094
-0.0940714409033498	0.959647090123049	1432
-0.0928032593596102	0.972693856185307	58
-0.0928032593596102	0.972693856185307	12
-0.0967529331340198	0.963861246988004	12
-0.0934371156872902	0.972052225554497	6
-0.0980365856434902	0.963618638434641	41
-0.0973945205954201	0.972553736075869	292
-0.0934371156872902	0.972052225554497	67
-0.0967529331340198	0.963861246988004	462
-0.0928032593596102	0.972693856185307	561
-0.10137332680345	0.953686224961348	6
-0.0928032593596102	0.972693856185307	2376
-0.0940714409033498	0.959647090123049	67
-0.0973945205954201	0.972553736075869	2218
-0.0928032593596102	0.972693856185307	1789
-0.0973945205954201	0.972553736075869	261
-0.0928032593596102	0.972693856185307	561
-0.0973945205954201	0.972553736075869	12
-0.09216987140428	0.960869115746174	12
-0.0928032593596102	0.972693856185307	12
-0.0973945205954201	0.972553736075869	756
-0.0928032593596102	0.972693856185307	6
-0.0934371156872902	0.972052225554497	251
-0.0928032593596102	0.972693856185307	292
-0.0967529331340198	0.963861246988004	193
-0.0928032593596102	0.972693856185307	2174
-0.0973945205954201	0.972553736075869	561
-0.0934371156872902	0.972052225554497	561
-0.09216987140428	0.960869115746174	1432
-0.09216987140428	0.960869115746174	58
-0.0934371156872902	0.972052225554497	287
-0.09216987140428	0.960869115746174	12
-0.0967529331340198	0.963861246988004	17
-0.0928032593596102	0.972693856185307	2218
-0.09216987140428	0.960869115746174	1708
-0.0928032593596102	0.972693856185307	145
-0.0973945205954201	0.972553736075869	561
-0.09216987140428	0.960869115746174	561
-0.09216987140428	0.960869115746174	561
-0.0934371156872902	0.972052225554497	1581
-0.0940714409033498	0.959647090123049	12
-0.0934371156872902	0.972052225554497	12
-0.0928032593596102	0.972693856185307	169
-0.0980365856434902	0.963618638434641	169
-0.0973945205954201	0.972553736075869	242
-0.0967529331340198	0.963861246988004	127
-0.0934371156872902	0.972052225554497	17
-0.0928032593596102	0.972693856185307	341
-0.0940714409033498	0.959647090123049	272
-0.0980365856434902	0.963618638434641	58
-0.0934371156872902	0.972052225554497	58
-0.0934371156872902	0.972052225554497	12
-0.0934371156872902	0.972052225554497	12
-0.0928032593596102	0.972693856185307	12
-0.0934371156872902	0.972052225554497	756
-0.0934371156872902	0.972052225554497	6
-0.09216987140428	0.960869115746174	292
-0.0928032593596102	0.972693856185307	561
-0.0928032593596102	0.972693856185307	2094
-0.09216987140428	0.960869115746174	58
-0.0934371156872902	0.972052225554497	384
-0.0928032593596102	0.972693856185307	12
-0.0928032593596102	0.972693856185307	12
-0.0934371156872902	0.972052225554497	6
-0.0934371156872902	0.972052225554497	6
-0.09216987140428	0.960869115746174	2083
-0.0967529331340198	0.963861246988004	1040
-0.10137332680345	0.953686224961348	1078
-0.0980365856434902	0.963618638434641	462
-0.0967529331340198	0.963861246988004	1384
-0.10137332680345	0.953686224961348	462
-0.0928032593596102	0.972693856185307	561
-0.0973945205954201	0.972553736075869	12
-0.0980365856434902	0.963618638434641	287
-0.0928032593596102	0.972693856185307	1708
-0.0973945205954201	0.972553736075869	145
-0.0928032593596102	0.972693856185307	58
-0.0973945205954201	0.972553736075869	58
-0.0928032593596102	0.972693856185307	384
-0.0928032593596102	0.972693856185307	1581
-0.0973945205954201	0.972553736075869	756
-0.0934371156872902	0.972052225554497	756
-0.09216987140428	0.960869115746174	6
-0.0934371156872902	0.972052225554497	218
-0.09216987140428	0.960869115746174	273
-0.0980365856434902	0.963618638434641	462
-0.10202322642753	0.9540585653027	1436
-0.09216987140428	0.960869115746174	462
-0.0980365856434902	0.963618638434641	145
-0.0973945205954201	0.972553736075869	145
-0.0980365856434902	0.963618638434641	756
-0.0928032593596102	0.972693856185307	756
-0.0928032593596102	0.972693856185307	12
-0.0934371156872902	0.972052225554497	315
-0.0928032593596102	0.972693856185307	814
-0.0934371156872902	0.972052225554497	1017
-0.0973945205954201	0.972553736075869	31
-0.0928032593596102	0.972693856185307	1436
-0.0973945205954201	0.972553736075869	462
-0.09216987140428	0.960869115746174	1708
-0.09216987140428	0.960869115746174	145
-0.0940714409033498	0.959647090123049	145
-0.0973945205954201	0.972553736075869	12
-0.0934371156872902	0.972052225554497	12
-0.0928032593596102	0.972693856185307	756
-0.09216987140428	0.960869115746174	756
-0.0973945205954201	0.972553736075869	6
-0.09216987140428	0.960869115746174	581
-0.0940714409033498	0.959647090123049	814
-0.0928032593596102	0.972693856185307	193
-0.0928032593596102	0.972693856185307	2181
-0.0940714409033498	0.959647090123049	462
-0.0928032593596102	0.972693856185307	462
-0.0928032593596102	0.972693856185307	2174
-0.10137332680345	0.953686224961348	7
-0.0940714409033498	0.959647090123049	27
-0.0967529331340198	0.963861246988004	12
-0.0934371156872902	0.972052225554497	756
-0.0967529331340198	0.963861246988004	6
-0.0940714409033498	0.959647090123049	462
-0.0934371156872902	0.972052225554497	58
-0.0934371156872902	0.972052225554497	756
-0.10202322642753	0.9540585653027	6
-0.0973945205954201	0.972553736075869	315
-0.0928032593596102	0.972693856185307	756
-0.0940714409033498	0.959647090123049	12
-0.0928032593596102	0.972693856185307	6
-0.09216987140428	0.960869115746174	6
-0.0973945205954201	0.972553736075869	242
-0.09216987140428	0.960869115746174	315
-0.0934371156872902	0.972052225554497	814
-0.0928032593596102	0.972693856185307	2005
-0.09216987140428	0.960869115746174	145
-0.0967529331340198	0.963861246988004	413
-0.09216987140428	0.960869115746174	2038
-0.0967529331340198	0.963861246988004	735
-0.0934371156872902	0.972052225554497	756
-0.09216987140428	0.960869115746174	12
-0.0934371156872902	0.972052225554497	6
-0.0967529331340198	0.963861246988004	6
-0.0928032593596102	0.972693856185307	281
-0.0928032593596102	0.972693856185307	68
-0.0934371156872902	0.972052225554497	561
-0.0928032593596102	0.972693856185307	1550
-0.0934371156872902	0.972052225554497	252
-0.0928032593596102	0.972693856185307	252
-0.09216987140428	0.960869115746174	612
-0.0928032593596102	0.972693856185307	756
-0.0934371156872902	0.972052225554497	251
-0.0934371156872902	0.972052225554497	814
-0.0973945205954201	0.972553736075869	1017
-0.0928032593596102	0.972693856185307	833
-0.0934371156872902	0.972052225554497	284
-0.0934371156872902	0.972052225554497	145
-0.09216987140428	0.960869115746174	8
-0.0934371156872902	0.972052225554497	8
-0.09216987140428	0.960869115746174	561
-0.0967529331340198	0.963861246988004	249
-0.0928032593596102	0.972693856185307	612
-0.0928032593596102	0.972693856185307	12
-0.0928032593596102	0.972693856185307	814
-0.09216987140428	0.960869115746174	568
-0.0934371156872902	0.972052225554497	1651
-0.0973945205954201	0.972553736075869	193
-0.0378871779926002	2.37323326528549	31
-0.0967529331340198	0.963861246988004	68
-0.0928032593596102	0.972693856185307	561
-0.0973945205954201	0.972553736075869	561
-0.0928032593596102	0.972693856185307	2038
-0.0934371156872902	0.972052225554497	6
-0.0928032593596102	0.972693856185307	79
-0.0928032593596102	0.972693856185307	1651
-0.0928032593596102	0.972693856185307	2181
-0.0967529331340198	0.963861246988004	281
-0.0973945205954201	0.972553736075869	462
-0.0934371156872902	0.972052225554497	561
-0.0934371156872902	0.972052225554497	2271
-0.09216987140428	0.960869115746174	281
-0.0928032593596102	0.972693856185307	281
-0.0967529331340198	0.963861246988004	2340
-0.0973945205954201	0.972553736075869	345
-0.0934371156872902	0.972052225554497	145
-0.0928032593596102	0.972693856185307	561
-0.0967529331340198	0.963861246988004	561
-0.09216987140428	0.960869115746174	7
-0.0980365856434902	0.963618638434641	612
-0.0967529331340198	0.963861246988004	12
-0.0934371156872902	0.972052225554497	15
-0.09216987140428	0.960869115746174	1769
-0.0928032593596102	0.972693856185307	315
-0.09216987140428	0.960869115746174	31
-0.0934371156872902	0.972052225554497	833
-0.0940714409033498	0.959647090123049	2309
-0.09216987140428	0.960869115746174	561
-0.0934371156872902	0.972052225554497	12
-0.0934371156872902	0.972052225554497	500
-0.0973945205954201	0.972553736075869	1068
-0.0928032593596102	0.972693856185307	890
-0.0928032593596102	0.972693856185307	568
-0.0973945205954201	0.972553736075869	1017
-0.0934371156872902	0.972052225554497	1274
-0.0934371156872902	0.972052225554497	31
-0.0934371156872902	0.972052225554497	1730
-0.0934371156872902	0.972052225554497	249
-0.0928032593596102	0.972693856185307	280
-0.0934371156872902	0.972052225554497	12
-0.0934371156872902	0.972052225554497	12
-0.0934371156872902	0.972052225554497	315
-0.0940714409033498	0.959647090123049	2271
-0.0934371156872902	0.972052225554497	31
-0.09216987140428	0.960869115746174	281
-0.0928032593596102	0.972693856185307	462
-0.0973945205954201	0.972553736075869	561
-0.0967529331340198	0.963861246988004	7
-0.0934371156872902	0.972052225554497	7
-0.0934371156872902	0.972052225554497	883
-0.09216987140428	0.960869115746174	12
-0.0980365856434902	0.963618638434641	12
-0.0980365856434902	0.963618638434641	1080
-0.0928032593596102	0.972693856185307	560
-0.0967529331340198	0.963861246988004	1568
-0.0940714409033498	0.959647090123049	912
-0.0940714409033498	0.959647090123049	833
-0.0934371156872902	0.972052225554497	145
-0.09216987140428	0.960869115746174	561
-0.0940714409033498	0.959647090123049	1645
-0.0934371156872902	0.972052225554497	6
-0.0967529331340198	0.963861246988004	890
-0.0967529331340198	0.963861246988004	890
-0.0934371156872902	0.972052225554497	2250
-0.0940714409033498	0.959647090123049	2250
-0.0973945205954201	0.972553736075869	560
-0.0967529331340198	0.963861246988004	462
-0.10202322642753	0.9540585653027	2340
-0.0980365856434902	0.963618638434641	112
-0.0928032593596102	0.972693856185307	561
-0.0934371156872902	0.972052225554497	249
-0.0980365856434902	0.963618638434641	249
-0.0928032593596102	0.972693856185307	229
-0.0973945205954201	0.972553736075869	890
-0.0980365856434902	0.963618638434641	890
-0.0928032593596102	0.972693856185307	391
-0.0973945205954201	0.972553736075869	79
-0.0934371156872902	0.972052225554497	58
-0.0934371156872902	0.972052225554497	280
-0.0940714409033498	0.959647090123049	12
-0.0980365856434902	0.963618638434641	1645
-0.0928032593596102	0.972693856185307	12
-0.0928032593596102	0.972693856185307	890
-0.0973945205954201	0.972553736075869	890
-0.0928032593596102	0.972693856185307	1039
-0.0934371156872902	0.972052225554497	90
-0.0928032593596102	0.972693856185307	90
-0.0928032593596102	0.972693856185307	79
-0.0462551489621901	2.42829842150231	31
-0.0934371156872902	0.972052225554497	561
-0.0934371156872902	0.972052225554497	8
-0.0928032593596102	0.972693856185307	7
-0.0934371156872902	0.972052225554497	12
-0.0973945205954201	0.972553736075869	12
-0.09216987140428	0.960869115746174	90
-0.0934371156872902	0.972052225554497	1225
-0.0928032593596102	0.972693856185307	218
-0.0928032593596102	0.972693856185307	31
-0.0928032593596102	0.972693856185307	462
-0.0967529331340198	0.963861246988004	12
-0.10202322642753	0.9540585653027	12
-0.0928032593596102	0.972693856185307	12
-0.0934371156872902	0.972052225554497	12
-0.0973945205954201	0.972553736075869	17
-0.0934371156872902	0.972052225554497	1568
-0.0980365856434902	0.963618638434641	474
-0.0928032593596102	0.972693856185307	31
-0.0928032593596102	0.972693856185307	68
-0.09216987140428	0.960869115746174	578
-0.0934371156872902	0.972052225554497	1808
-0.0934371156872902	0.972052225554497	560
-0.0928032593596102	0.972693856185307	1225
-0.09216987140428	0.960869115746174	8
-0.0928032593596102	0.972693856185307	578
-0.0928032593596102	0.972693856185307	845
-0.0928032593596102	0.972693856185307	112
-0.0967529331340198	0.963861246988004	1019
-0.0928032593596102	0.972693856185307	1255
-0.0940714409033498	0.959647090123049	8
-0.0973945205954201	0.972553736075869	8
-0.0928032593596102	0.972693856185307	8
-0.0934371156872902	0.972052225554497	561
-0.0934371156872902	0.972052225554497	1294
-0.0934371156872902	0.972052225554497	845
-0.0928032593596102	0.972693856185307	90
-0.0934371156872902	0.972052225554497	90
-0.0934371156872902	0.972052225554497	90
-0.0973945205954201	0.972553736075869	2101
-0.0934371156872902	0.972052225554497	12
-0.0980365856434902	0.963618638434641	12
-0.0934371156872902	0.972052225554497	890
-0.0934371156872902	0.972052225554497	90
-0.09216987140428	0.960869115746174	90
-0.0928032593596102	0.972693856185307	560
-0.0928032593596102	0.972693856185307	218
-0.10202322642753	0.9540585653027	1255
-0.0934371156872902	0.972052225554497	1317
-0.10202322642753	0.9540585653027	8
-0.0967529331340198	0.963861246988004	2101
-0.0940714409033498	0.959647090123049	7
-0.0940714409033498	0.959647090123049	12
-0.0934371156872902	0.972052225554497	12
-0.0934371156872902	0.972052225554497	223
-0.0980365856434902	0.963618638434641	12
-0.09216987140428	0.960869115746174	90
-0.0928032593596102	0.972693856185307	280
-0.0934371156872902	0.972052225554497	12
-0.0934371156872902	0.972052225554497	12
-0.0973945205954201	0.972553736075869	12
-0.09216987140428	0.960869115746174	12
-0.0934371156872902	0.972052225554497	890
-0.0934371156872902	0.972052225554497	560
-0.0928032593596102	0.972693856185307	911
-0.0928032593596102	0.972693856185307	145
-0.0934371156872902	0.972052225554497	1317
-0.0934371156872902	0.972052225554497	845
-0.0967529331340198	0.963861246988004	12
-0.0934371156872902	0.972052225554497	12
-0.0934371156872902	0.972052225554497	12
-0.0934371156872902	0.972052225554497	12
-0.0973945205954201	0.972553736075869	12
-0.0934371156872902	0.972052225554497	12
-0.0934371156872902	0.972052225554497	6
-0.0934371156872902	0.972052225554497	12
-0.09216987140428	0.960869115746174	391
-0.0934371156872902	0.972052225554497	440
-0.0928032593596102	0.972693856185307	112
-0.0928032593596102	0.972693856185307	1123
-0.0967529331340198	0.963861246988004	561
-0.0973945205954201	0.972553736075869	8
-0.0928032593596102	0.972693856185307	12
-0.09216987140428	0.960869115746174	560
-0.0934371156872902	0.972052225554497	440
-0.0934371156872902	0.972052225554497	79
-0.0973945205954201	0.972553736075869	462
-0.0928032593596102	0.972693856185307	145
-0.0928032593596102	0.972693856185307	8
-0.0967529331340198	0.963861246988004	8
-0.0928032593596102	0.972693856185307	561
-0.0928032593596102	0.972693856185307	7
-0.0973945205954201	0.972553736075869	7
-0.0928032593596102	0.972693856185307	42
-0.0973945205954201	0.972553736075869	12
-0.0928032593596102	0.972693856185307	12
-0.09216987140428	0.960869115746174	12
-0.0928032593596102	0.972693856185307	1552
-0.0934371156872902	0.972052225554497	31
-0.0973945205954201	0.972553736075869	1978
-0.0973945205954201	0.972553736075869	145
-0.0934371156872902	0.972052225554497	8
-0.0940714409033498	0.959647090123049	561
-0.0934371156872902	0.972052225554497	7
-0.0967529331340198	0.963861246988004	42
-0.0928032593596102	0.972693856185307	845
-0.0928032593596102	0.972693856185307	12
-0.0934371156872902	0.972052225554497	90
-0.0940714409033498	0.959647090123049	79
-0.0934371156872902	0.972052225554497	67
0.0700986837431401	2.15313986676101	474
-0.0973945205954201	0.972553736075869	716
-0.0973945205954201	0.972553736075869	1335
-0.0940714409033498	0.959647090123049	462
-0.0973945205954201	0.972553736075869	145
-0.0973945205954201	0.972553736075869	7
-0.0928032593596102	0.972693856185307	12
-0.0934371156872902	0.972052225554497	12
-0.0967529331340198	0.963861246988004	1726
-0.0928032593596102	0.972693856185307	12
-0.0934371156872902	0.972052225554497	1225
-0.0973945205954201	0.972553736075869	1869
-0.0928032593596102	0.972693856185307	31
-0.0967529331340198	0.963861246988004	1396
-0.0973945205954201	0.972553736075869	42
-0.0928032593596102	0.972693856185307	12
-0.0973945205954201	0.972553736075869	884
-0.0928032593596102	0.972693856185307	90
-0.0967529331340198	0.963861246988004	79
-0.0928032593596102	0.972693856185307	462
-0.0940714409033498	0.959647090123049	8
-0.0934371156872902	0.972052225554497	1447
-0.0973945205954201	0.972553736075869	42
-0.0928032593596102	0.972693856185307	884
-0.09216987140428	0.960869115746174	12
-0.0967529331340198	0.963861246988004	90
-0.0934371156872902	0.972052225554497	560
-0.0928032593596102	0.972693856185307	139
-0.0973945205954201	0.972553736075869	218
-0.0934371156872902	0.972052225554497	218
-0.0928032593596102	0.972693856185307	462
-0.09216987140428	0.960869115746174	299
-0.0973945205954201	0.972553736075869	112
-0.0928032593596102	0.972693856185307	1396
-0.0934371156872902	0.972052225554497	8
-0.0934371156872902	0.972052225554497	561
-0.0940714409033498	0.959647090123049	1662
-0.0928032593596102	0.972693856185307	884
-0.09216987140428	0.960869115746174	884
-0.0940714409033498	0.959647090123049	90
-0.0934371156872902	0.972052225554497	440
-0.0934371156872902	0.972052225554497	79
-0.0494149925918399	2.42690027282993	285
-0.0973945205954201	0.972553736075869	1025
-0.0928032593596102	0.972693856185307	742
-0.10202322642753	0.9540585653027	1447
-0.0928032593596102	0.972693856185307	12
-0.10137332680345	0.953686224961348	560
-0.0934371156872902	0.972052225554497	1869
-0.09216987140428	0.960869115746174	1869
-0.0928032593596102	0.972693856185307	1382
-0.0934371156872902	0.972052225554497	1025
-0.0934371156872902	0.972052225554497	299
-0.0934371156872902	0.972052225554497	561
-0.0928032593596102	0.972693856185307	7
-0.09216987140428	0.960869115746174	280
-0.0928032593596102	0.972693856185307	1151
-0.0928032593596102	0.972693856185307	12
-0.0980365856434902	0.963618638434641	292
-0.0934371156872902	0.972052225554497	1225
-0.0967529331340198	0.963861246988004	1382
-0.10202322642753	0.9540585653027	1025
-0.0934371156872902	0.972052225554497	462
-0.0980365856434902	0.963618638434641	145
-0.0934371156872902	0.972052225554497	145
-0.0928032593596102	0.972693856185307	2433
-0.0967529331340198	0.963861246988004	2067
-0.0928032593596102	0.972693856185307	561
-0.0934371156872902	0.972052225554497	561
-0.09216987140428	0.960869115746174	1591
-0.0928032593596102	0.972693856185307	294
-0.0940714409033498	0.959647090123049	12
-0.09216987140428	0.960869115746174	12
-0.0928032593596102	0.972693856185307	12
-0.0928032593596102	0.972693856185307	1687
-0.09216987140428	0.960869115746174	90
-0.0967529331340198	0.963861246988004	396
-0.0928032593596102	0.972693856185307	290
-0.0934371156872902	0.972052225554497	145
-0.0928032593596102	0.972693856185307	8
-0.0934371156872902	0.972052225554497	43
-0.0934371156872902	0.972052225554497	43
-0.0940714409033498	0.959647090123049	1151
-0.0928032593596102	0.972693856185307	322
-0.0934371156872902	0.972052225554497	31
-0.10202322642753	0.9540585653027	1176
-0.0973945205954201	0.972553736075869	8
-0.09216987140428	0.960869115746174	8
-0.0928032593596102	0.972693856185307	12
-0.0934371156872902	0.972052225554497	12
-0.09216987140428	0.960869115746174	663
-0.10137332680345	0.953686224961348	1723
-0.0940714409033498	0.959647090123049	396
-0.0980365856434902	0.963618638434641	31
-0.0934371156872902	0.972052225554497	145
-0.0928032593596102	0.972693856185307	186
-0.0940714409033498	0.959647090123049	8
-0.0980365856434902	0.963618638434641	8
-0.0934371156872902	0.972052225554497	294
-0.0928032593596102	0.972693856185307	663
-0.09216987140428	0.960869115746174	663
-0.0934371156872902	0.972052225554497	1687
-0.09216987140428	0.960869115746174	560
-0.0928032593596102	0.972693856185307	67
-0.09216987140428	0.960869115746174	290
-0.0934371156872902	0.972052225554497	8
-0.0928032593596102	0.972693856185307	43
-0.0934371156872902	0.972052225554497	8
-0.09216987140428	0.960869115746174	280
-0.09216987140428	0.960869115746174	294
-0.0928032593596102	0.972693856185307	294
-0.0973945205954201	0.972553736075869	663
-0.0973945205954201	0.972553736075869	663
-0.0934371156872902	0.972052225554497	90
-0.0928032593596102	0.972693856185307	97
-0.0940714409033498	0.959647090123049	67
-0.0928032593596102	0.972693856185307	193
-0.0928032593596102	0.972693856185307	8
-0.0967529331340198	0.963861246988004	7
-0.0934371156872902	0.972052225554497	12
-0.09216987140428	0.960869115746174	663
-0.09216987140428	0.960869115746174	12
-0.0928032593596102	0.972693856185307	12
-0.0928032593596102	0.972693856185307	322
-0.0928032593596102	0.972693856185307	17
-0.09216987140428	0.960869115746174	31
-0.0934371156872902	0.972052225554497	112
-0.0940714409033498	0.959647090123049	112
-0.0928032593596102	0.972693856185307	290
-0.0934371156872902	0.972052225554497	561
-0.0928032593596102	0.972693856185307	663
-0.09216987140428	0.960869115746174	793
-0.09216987140428	0.960869115746174	90
-0.0934371156872902	0.972052225554497	322
-0.0928032593596102	0.972693856185307	396
-0.0928032593596102	0.972693856185307	97
-0.09216987140428	0.960869115746174	67
-0.0934371156872902	0.972052225554497	1869
-0.09216987140428	0.960869115746174	139
-0.10137332680345	0.953686224961348	218
-0.0940714409033498	0.959647090123049	112
-0.0980365856434902	0.963618638434641	186
-0.0928032593596102	0.972693856185307	302
-0.0934371156872902	0.972052225554497	1673
-0.0940714409033498	0.959647090123049	561
-0.0980365856434902	0.963618638434641	334
-0.0928032593596102	0.972693856185307	7
-0.0928032593596102	0.972693856185307	663
-0.0928032593596102	0.972693856185307	2442
-0.0980365856434902	0.963618638434641	220
-0.0420588448758799	2.40455818287102	79
-0.0928032593596102	0.972693856185307	290
-0.0928032593596102	0.972693856185307	1072
-0.0973945205954201	0.972553736075869	302
-0.09216987140428	0.960869115746174	8
-0.0934371156872902	0.972052225554497	1673
-0.0980365856434902	0.963618638434641	561
-0.0934371156872902	0.972052225554497	7
-0.09216987140428	0.960869115746174	12
-0.0934371156872902	0.972052225554497	190
-0.0928032593596102	0.972693856185307	600
-0.0973945205954201	0.972553736075869	8
-0.09216987140428	0.960869115746174	42
-0.09216987140428	0.960869115746174	42
-0.0934371156872902	0.972052225554497	12
-0.0928032593596102	0.972693856185307	17
-0.0934371156872902	0.972052225554497	97
-0.0973945205954201	0.972553736075869	1029
-0.0934371156872902	0.972052225554497	12
-0.0934371156872902	0.972052225554497	12
-0.0928032593596102	0.972693856185307	1030
-0.0934371156872902	0.972052225554497	2152
-0.0928032593596102	0.972693856185307	751
-0.0940714409033498	0.959647090123049	43
-0.0928032593596102	0.972693856185307	561
-0.0940714409033498	0.959647090123049	12
-0.0928032593596102	0.972693856185307	31
0.0775595864067502	2.13855939086571	112
-0.0973945205954201	0.972553736075869	112
-0.0934371156872902	0.972052225554497	112
-0.0934371156872902	0.972052225554497	561
-0.0928032593596102	0.972693856185307	7
-0.0928032593596102	0.972693856185307	743
-0.09216987140428	0.960869115746174	352
-0.0928032593596102	0.972693856185307	285
-0.0928032593596102	0.972693856185307	139
-0.0928032593596102	0.972693856185307	435
-0.0980365856434902	0.963618638434641	42
-0.0934371156872902	0.972052225554497	12
-0.0928032593596102	0.972693856185307	12
-0.0928032593596102	0.972693856185307	1433
-0.0973945205954201	0.972553736075869	12
-0.0928032593596102	0.972693856185307	12
-0.0934371156872902	0.972052225554497	90
-0.09216987140428	0.960869115746174	635
-0.0934371156872902	0.972052225554497	635
-0.0934371156872902	0.972052225554497	56
-0.0934371156872902	0.972052225554497	2152
-0.0928032593596102	0.972693856185307	1812
-0.0934371156872902	0.972052225554497	473
-0.0973945205954201	0.972553736075869	294
-0.0973945205954201	0.972553736075869	294
-0.0934371156872902	0.972052225554497	396
-0.0940714409033498	0.959647090123049	292
-0.0940714409033498	0.959647090123049	112
-0.0940714409033498	0.959647090123049	1537
-0.0928032593596102	0.972693856185307	8
-0.0928032593596102	0.972693856185307	1676
-0.0980365856434902	0.963618638434641	8
-0.0928032593596102	0.972693856185307	7
-0.0928032593596102	0.972693856185307	12
-0.0940714409033498	0.959647090123049	663
-0.0967529331340198	0.963861246988004	663
-0.0973945205954201	0.972553736075869	1774
-0.0973945205954201	0.972553736075869	396
-0.0973945205954201	0.972553736075869	396
-0.0973945205954201	0.972553736075869	31
-0.10137332680345	0.953686224961348	462
-0.0940714409033498	0.959647090123049	1518
-0.0928032593596102	0.972693856185307	8
-0.0967529331340198	0.963861246988004	155
-0.09216987140428	0.960869115746174	12
-0.0934371156872902	0.972052225554497	663
-0.0928032593596102	0.972693856185307	190
-0.0928032593596102	0.972693856185307	1954
-0.0934371156872902	0.972052225554497	1954
-0.0934371156872902	0.972052225554497	1825
-0.0967529331340198	0.963861246988004	112
-0.10202322642753	0.9540585653027	8
-0.0967529331340198	0.963861246988004	1676
-0.0928032593596102	0.972693856185307	7
-0.0980365856434902	0.963618638434641	42
-0.0973945205954201	0.972553736075869	42
-0.0973945205954201	0.972553736075869	1902
-0.0980365856434902	0.963618638434641	663
-0.0973945205954201	0.972553736075869	1433
-0.0940714409033498	0.959647090123049	421
-0.0980365856434902	0.963618638434641	2436
-0.0940714409033498	0.959647090123049	292
-0.0928032593596102	0.972693856185307	31
0.0733214247900702	2.16909273290189	31
-0.0934371156872902	0.972052225554497	264
-0.0928032593596102	0.972693856185307	1731
-0.0973945205954201	0.972553736075869	561
-0.0934371156872902	0.972052225554497	408
-0.0980365856434902	0.963618638434641	569
-0.0980365856434902	0.963618638434641	1433
-0.0980365856434902	0.963618638434641	1056
-0.0934371156872902	0.972052225554497	1056
-0.0928032593596102	0.972693856185307	90
-0.0973945205954201	0.972553736075869	56
-0.0934371156872902	0.972052225554497	56
-0.0934371156872902	0.972052225554497	186
-0.0934371156872902	0.972052225554497	1111
-0.0980365856434902	0.963618638434641	12
-0.0934371156872902	0.972052225554497	12
-0.0928032593596102	0.972693856185307	663
-0.0973945205954201	0.972553736075869	663
-0.09216987140428	0.960869115746174	1056
-0.0928032593596102	0.972693856185307	421
-0.0934371156872902	0.972052225554497	1042
-0.0934371156872902	0.972052225554497	42
-0.0928032593596102	0.972693856185307	1902
-0.0934371156872902	0.972052225554497	663
-0.0928032593596102	0.972693856185307	1433
-0.0934371156872902	0.972052225554497	1112
-0.0934371156872902	0.972052225554497	139
-0.0934371156872902	0.972052225554497	74
-0.0934371156872902	0.972052225554497	42
-0.0973945205954201	0.972553736075869	569
-0.0928032593596102	0.972693856185307	12
-0.0928032593596102	0.972693856185307	663
-0.0940714409033498	0.959647090123049	663
-0.0934371156872902	0.972052225554497	1954
-0.0928032593596102	0.972693856185307	462
-0.09216987140428	0.960869115746174	56
-0.0928032593596102	0.972693856185307	7
-0.0973945205954201	0.972553736075869	42
-0.0928032593596102	0.972693856185307	663
-0.0934371156872902	0.972052225554497	150
-0.0928032593596102	0.972693856185307	90
-0.0934371156872902	0.972052225554497	90
-0.09216987140428	0.960869115746174	90
0.0780677050478098	2.13521555602503	139
-0.0967529331340198	0.963861246988004	635
-0.0967529331340198	0.963861246988004	1209
-0.0967529331340198	0.963861246988004	7
-0.0928032593596102	0.972693856185307	7
-0.0973945205954201	0.972553736075869	569
-0.0934371156872902	0.972052225554497	1042
-0.0928032593596102	0.972693856185307	1971
-0.0934371156872902	0.972052225554497	8
-0.0934371156872902	0.972052225554497	12
-0.0928032593596102	0.972693856185307	663
-0.0928032593596102	0.972693856185307	190
-0.0934371156872902	0.972052225554497	190
-0.0928032593596102	0.972693856185307	2049
-0.0973945205954201	0.972553736075869	1954
-0.0980365856434902	0.963618638434641	17
-0.09216987140428	0.960869115746174	462
-0.0934371156872902	0.972052225554497	264
-0.0973945205954201	0.972553736075869	56
-0.0928032593596102	0.972693856185307	1209
-0.0934371156872902	0.972052225554497	74
-0.0973945205954201	0.972553736075869	7
-0.0973945205954201	0.972553736075869	7
-0.0934371156872902	0.972052225554497	850
-0.0934371156872902	0.972052225554497	850
-0.0980365856434902	0.963618638434641	12
-0.0934371156872902	0.972052225554497	190
-0.0934371156872902	0.972052225554497	31
-0.0928032593596102	0.972693856185307	74
-0.0934371156872902	0.972052225554497	7
-0.09216987140428	0.960869115746174	975
-0.10137332680345	0.953686224961348	569
-0.0980365856434902	0.963618638434641	2049
-0.0940714409033498	0.959647090123049	1330
-0.0934371156872902	0.972052225554497	292
-0.0928032593596102	0.972693856185307	2251
-0.0940714409033498	0.959647090123049	31
-0.0973945205954201	0.972553736075869	8
-0.0973945205954201	0.972553736075869	60
-0.0928032593596102	0.972693856185307	12
-0.0928032593596102	0.972693856185307	2049
-0.0928032593596102	0.972693856185307	421
-0.0967529331340198	0.963861246988004	1198
-0.0928032593596102	0.972693856185307	264
-0.09216987140428	0.960869115746174	264
-0.0967529331340198	0.963861246988004	56
-0.0928032593596102	0.972693856185307	56
-0.0928032593596102	0.972693856185307	60
-0.09216987140428	0.960869115746174	12
-0.10137332680345	0.953686224961348	12
-0.0934371156872902	0.972052225554497	447
-0.0934371156872902	0.972052225554497	850
-0.0934371156872902	0.972052225554497	12
-0.09216987140428	0.960869115746174	264
-0.0934371156872902	0.972052225554497	56
-0.0928032593596102	0.972693856185307	1993
-0.0934371156872902	0.972052225554497	569
-0.0934371156872902	0.972052225554497	60
-0.0973945205954201	0.972553736075869	60
-0.0934371156872902	0.972052225554497	150
-0.0928032593596102	0.972693856185307	90
-0.09216987140428	0.960869115746174	31
-0.0452831854380098	2.43393944864761	56
-0.0934371156872902	0.972052225554497	7
-0.0928032593596102	0.972693856185307	60
-0.0934371156872902	0.972052225554497	244
-0.09216987140428	0.960869115746174	396
-0.0934371156872902	0.972052225554497	474
-0.0934371156872902	0.972052225554497	7
-0.0934371156872902	0.972052225554497	211
-0.0980365856434902	0.963618638434641	90
-0.0973945205954201	0.972553736075869	292
-0.0940714409033498	0.959647090123049	292
-0.0928032593596102	0.972693856185307	285
-0.0928032593596102	0.972693856185307	8
-0.0967529331340198	0.963861246988004	7
-0.0934371156872902	0.972052225554497	7
-0.0928032593596102	0.972693856185307	60
-0.0934371156872902	0.972052225554497	60
-0.09216987140428	0.960869115746174	1691
-0.0928032593596102	0.972693856185307	90
-0.0934371156872902	0.972052225554497	90
-0.09216987140428	0.960869115746174	90
-0.0934371156872902	0.972052225554497	244
-0.0934371156872902	0.972052225554497	1198
-0.0967529331340198	0.963861246988004	56
-0.0934371156872902	0.972052225554497	1536
-0.0928032593596102	0.972693856185307	42
-0.0928032593596102	0.972693856185307	42
-0.0934371156872902	0.972052225554497	150
-0.0934371156872902	0.972052225554497	211
-0.0934371156872902	0.972052225554497	2404
-0.0934371156872902	0.972052225554497	2404
-0.0928032593596102	0.972693856185307	90
-0.10137332680345	0.953686224961348	1323
-0.0928032593596102	0.972693856185307	396
-0.0934371156872902	0.972052225554497	292
-0.09216987140428	0.960869115746174	56
-0.0928032593596102	0.972693856185307	7
-0.0928032593596102	0.972693856185307	211
-0.0934371156872902	0.972052225554497	1691
-0.0928032593596102	0.972693856185307	2404
-0.0928032593596102	0.972693856185307	244
-0.09216987140428	0.960869115746174	193
-0.0934371156872902	0.972052225554497	2470
-0.0967529331340198	0.963861246988004	56
-0.0934371156872902	0.972052225554497	1095
-0.0928032593596102	0.972693856185307	1095
-0.0940714409033498	0.959647090123049	7
-0.0973945205954201	0.972553736075869	7
-0.10202322642753	0.9540585653027	7
-0.09216987140428	0.960869115746174	7
-0.0934371156872902	0.972052225554497	1665
-0.0967529331340198	0.963861246988004	211
-0.0928032593596102	0.972693856185307	211
-0.0967529331340198	0.963861246988004	1691
-0.0928032593596102	0.972693856185307	90
-0.0934371156872902	0.972052225554497	244
-0.0934371156872902	0.972052225554497	218
-0.10137332680345	0.953686224961348	698
-0.0973945205954201	0.972553736075869	135
-0.0934371156872902	0.972052225554497	74
-0.0928032593596102	0.972693856185307	60
-0.09216987140428	0.960869115746174	12
-0.0928032593596102	0.972693856185307	786
-0.0928032593596102	0.972693856185307	211
-0.0928032593596102	0.972693856185307	244
-0.0934371156872902	0.972052225554497	49
-0.0973945205954201	0.972553736075869	396
-0.0934371156872902	0.972052225554497	193
-0.0928032593596102	0.972693856185307	135
-0.0934371156872902	0.972052225554497	203
-0.0973945205954201	0.972553736075869	56
-0.0934371156872902	0.972052225554497	56
-0.0934371156872902	0.972052225554497	74
-0.0940714409033498	0.959647090123049	1660
-0.0934371156872902	0.972052225554497	60
-0.0928032593596102	0.972693856185307	1665
-0.0980365856434902	0.963618638434641	90
-0.0928032593596102	0.972693856185307	244
-0.0934371156872902	0.972052225554497	1309
-0.09216987140428	0.960869115746174	285
-0.0928032593596102	0.972693856185307	193
-0.0934371156872902	0.972052225554497	112
-0.0973945205954201	0.972553736075869	203
-0.0928032593596102	0.972693856185307	60
-0.10202322642753	0.9540585653027	1665
-0.09216987140428	0.960869115746174	786
-0.09216987140428	0.960869115746174	150
-0.0934371156872902	0.972052225554497	90
-0.0940714409033498	0.959647090123049	244
-0.0973945205954201	0.972553736075869	516
-0.0967529331340198	0.963861246988004	203
-0.0934371156872902	0.972052225554497	38
-0.0940714409033498	0.959647090123049	56
-0.0934371156872902	0.972052225554497	7
-0.0973945205954201	0.972553736075869	90
-0.0940714409033498	0.959647090123049	1042
-0.0967529331340198	0.963861246988004	1042
-0.0940714409033498	0.959647090123049	139
-0.0940714409033498	0.959647090123049	31
-0.0928032593596102	0.972693856185307	896
-0.0967529331340198	0.963861246988004	203
-0.0967529331340198	0.963861246988004	203
-0.0967529331340198	0.963861246988004	56
-0.0928032593596102	0.972693856185307	276
-0.0928032593596102	0.972693856185307	74
-0.09216987140428	0.960869115746174	7
-0.0967529331340198	0.963861246988004	7
-0.0928032593596102	0.972693856185307	60
-0.0980365856434902	0.963618638434641	269
-0.0967529331340198	0.963861246988004	244
-0.09216987140428	0.960869115746174	396
-0.0980365856434902	0.963618638434641	112
-0.0934371156872902	0.972052225554497	203
-0.0928032593596102	0.972693856185307	276
-0.0934371156872902	0.972052225554497	7
-0.0928032593596102	0.972693856185307	244
-0.0928032593596102	0.972693856185307	2206
-0.0928032593596102	0.972693856185307	396
-0.09216987140428	0.960869115746174	17
-0.09216987140428	0.960869115746174	218
-0.09216987140428	0.960869115746174	31
-0.0973945205954201	0.972553736075869	1879
-0.0934371156872902	0.972052225554497	7
-0.0934371156872902	0.972052225554497	12
-0.0973945205954201	0.972553736075869	90
-0.0980365856434902	0.963618638434641	1879
-0.0934371156872902	0.972052225554497	7
-0.0928032593596102	0.972693856185307	7
-0.0934371156872902	0.972052225554497	60
-0.0928032593596102	0.972693856185307	987
-0.0934371156872902	0.972052225554497	90
-0.0940714409033498	0.959647090123049	90
-0.09216987140428	0.960869115746174	1461
-0.0928032593596102	0.972693856185307	396
-0.0967529331340198	0.963861246988004	1740
-0.0934371156872902	0.972052225554497	203
-0.0940714409033498	0.959647090123049	7
-0.0973945205954201	0.972553736075869	60
-0.09216987140428	0.960869115746174	84
-0.0934371156872902	0.972052225554497	150
-0.0928032593596102	0.972693856185307	90
-0.0928032593596102	0.972693856185307	90
-0.0928032593596102	0.972693856185307	1461
-0.0928032593596102	0.972693856185307	292
-0.0928032593596102	0.972693856185307	139
-0.0967529331340198	0.963861246988004	193
-0.0928032593596102	0.972693856185307	896
-0.0973945205954201	0.972553736075869	2040
-0.0928032593596102	0.972693856185307	276
-0.0934371156872902	0.972052225554497	276
-0.0928032593596102	0.972693856185307	74
-0.0934371156872902	0.972052225554497	923
-0.0928032593596102	0.972693856185307	2130
-0.0934371156872902	0.972052225554497	90
-0.0928032593596102	0.972693856185307	244
-0.0934371156872902	0.972052225554497	49
-0.09216987140428	0.960869115746174	1793
-0.0928032593596102	0.972693856185307	292
-0.0967529331340198	0.963861246988004	274
-0.0940714409033498	0.959647090123049	112
-0.0928032593596102	0.972693856185307	1879
-0.09216987140428	0.960869115746174	1879
-0.0940714409033498	0.959647090123049	74
-0.0973945205954201	0.972553736075869	74
-0.0934371156872902	0.972052225554497	1745
-0.0973945205954201	0.972553736075869	1745
-0.09216987140428	0.960869115746174	2130
-0.0967529331340198	0.963861246988004	60
-0.0928032593596102	0.972693856185307	1886
-0.0928032593596102	0.972693856185307	84
-0.0928032593596102	0.972693856185307	84
-0.0973945205954201	0.972553736075869	84
-0.0928032593596102	0.972693856185307	244
-0.0967529331340198	0.963861246988004	285
-0.0934371156872902	0.972052225554497	193
-0.0934371156872902	0.972052225554497	193
-0.0934371156872902	0.972052225554497	106
-0.0928032593596102	0.972693856185307	1879
-0.09216987140428	0.960869115746174	487
-0.0973945205954201	0.972553736075869	487
-0.0967529331340198	0.963861246988004	920
-0.0967529331340198	0.963861246988004	56
-0.0928032593596102	0.972693856185307	56
-0.0928032593596102	0.972693856185307	569
-0.09216987140428	0.960869115746174	60
-0.0928032593596102	0.972693856185307	84
-0.0973945205954201	0.972553736075869	995
-0.0934371156872902	0.972052225554497	90
-0.0928032593596102	0.972693856185307	244
-0.0940714409033498	0.959647090123049	396
-0.0571276200203301	2.36724326972556	285
0.0743354178664499	2.16129992218729	285
-0.09216987140428	0.960869115746174	1004
-0.0967529331340198	0.963861246988004	218
-0.0934371156872902	0.972052225554497	744
-0.09216987140428	0.960869115746174	135
-0.0940714409033498	0.959647090123049	920
-0.0928032593596102	0.972693856185307	56
-0.0928032593596102	0.972693856185307	60
-0.0928032593596102	0.972693856185307	1793
-0.0934371156872902	0.972052225554497	193
-0.0934371156872902	0.972052225554497	193
-0.09216987140428	0.960869115746174	22
0.0546136691240302	2.00608352653937	218
-0.0928032593596102	0.972693856185307	106
-0.0967529331340198	0.963861246988004	74
-0.0940714409033498	0.959647090123049	1745
-0.0934371156872902	0.972052225554497	7
-0.09216987140428	0.960869115746174	60
-0.0980365856434902	0.963618638434641	1962
-0.0934371156872902	0.972052225554497	84
-0.09216987140428	0.960869115746174	995
-0.0934371156872902	0.972052225554497	1602
-0.09216987140428	0.960869115746174	244
-0.0973945205954201	0.972553736075869	1977
-0.0934371156872902	0.972052225554497	2040
-0.0934371156872902	0.972052225554497	56
-0.0928032593596102	0.972693856185307	56
-0.0928032593596102	0.972693856185307	165
-0.0934371156872902	0.972052225554497	1077
-0.09216987140428	0.960869115746174	90
-0.0980365856434902	0.963618638434641	285
-0.09216987140428	0.960869115746174	193
-0.0967529331340198	0.963861246988004	31
-0.0934371156872902	0.972052225554497	614
-0.0928032593596102	0.972693856185307	112
-0.0973945205954201	0.972553736075869	106
-0.0928032593596102	0.972693856185307	56
-0.0973945205954201	0.972553736075869	56
-0.0934371156872902	0.972052225554497	470
-0.0967529331340198	0.963861246988004	74
-0.0934371156872902	0.972052225554497	60
-0.0973945205954201	0.972553736075869	60
-0.10202322642753	0.9540585653027	90
-0.0973945205954201	0.972553736075869	396
0.0748422788557499	2.15016389152874	94
-0.0967529331340198	0.963861246988004	193
-0.09216987140428	0.960869115746174	56
-0.09216987140428	0.960869115746174	56
-0.0928032593596102	0.972693856185307	2080
-0.0928032593596102	0.972693856185307	7
-0.09216987140428	0.960869115746174	7
-0.0934371156872902	0.972052225554497	133
-0.0934371156872902	0.972052225554497	1262
-0.0967529331340198	0.963861246988004	844
-0.0928032593596102	0.972693856185307	90
-0.0973945205954201	0.972553736075869	244
-0.0928032593596102	0.972693856185307	244
-0.0928032593596102	0.972693856185307	1205
-0.0980365856434902	0.963618638434641	193
-0.0928032593596102	0.972693856185307	614
-0.0934371156872902	0.972052225554497	60
-0.09216987140428	0.960869115746174	1773
-0.0928032593596102	0.972693856185307	90
-0.0928032593596102	0.972693856185307	244
-0.0934371156872902	0.972052225554497	193
-0.09216987140428	0.960869115746174	56
-0.0934371156872902	0.972052225554497	56
-0.0967529331340198	0.963861246988004	56
-0.0934371156872902	0.972052225554497	56
-0.0967529331340198	0.963861246988004	60
-0.0928032593596102	0.972693856185307	7
-0.0934371156872902	0.972052225554497	84
-0.0934371156872902	0.972052225554497	84
-0.09216987140428	0.960869115746174	1606
-0.0934371156872902	0.972052225554497	90
-0.0934371156872902	0.972052225554497	1112
-0.0973945205954201	0.972553736075869	724
-0.09216987140428	0.960869115746174	106
-0.0934371156872902	0.972052225554497	56
-0.0928032593596102	0.972693856185307	56
-0.0934371156872902	0.972052225554497	74
-0.09216987140428	0.960869115746174	2320
-0.0928032593596102	0.972693856185307	60
-0.0928032593596102	0.972693856185307	60
-0.0928032593596102	0.972693856185307	292
-0.0928032593596102	0.972693856185307	106
-0.0967529331340198	0.963861246988004	106
-0.0967529331340198	0.963861246988004	598
-0.0928032593596102	0.972693856185307	56
-0.0934371156872902	0.972052225554497	470
-0.09216987140428	0.960869115746174	60
-0.0934371156872902	0.972052225554497	74
-0.0928032593596102	0.972693856185307	569
-0.0940714409033498	0.959647090123049	84
-0.0980365856434902	0.963618638434641	56
-0.09216987140428	0.960869115746174	56
-0.0973945205954201	0.972553736075869	60
-0.0928032593596102	0.972693856185307	569
-0.0973945205954201	0.972553736075869	84
-0.0934371156872902	0.972052225554497	90
-0.0934371156872902	0.972052225554497	90
-0.09216987140428	0.960869115746174	1870
-0.0980365856434902	0.963618638434641	274
-0.0928032593596102	0.972693856185307	56
-0.0973945205954201	0.972553736075869	60
-0.0934371156872902	0.972052225554497	74
-0.10202322642753	0.9540585653027	60
-0.0940714409033498	0.959647090123049	90
-0.10137332680345	0.953686224961348	1205
-0.0934371156872902	0.972052225554497	396
-0.09216987140428	0.960869115746174	94
-0.0928032593596102	0.972693856185307	744
-0.0928032593596102	0.972693856185307	56
-0.09216987140428	0.960869115746174	56
-0.0928032593596102	0.972693856185307	56
-0.0420588448758799	2.40455818287102	60
-0.09216987140428	0.960869115746174	60
-0.0928032593596102	0.972693856185307	60
-0.0973945205954201	0.972553736075869	84
-0.0934371156872902	0.972052225554497	90
-0.0940714409033498	0.959647090123049	1461
-0.0980365856434902	0.963618638434641	90
-0.0973945205954201	0.972553736075869	396
-0.0940714409033498	0.959647090123049	193
-0.10137332680345	0.953686224961348	964
-0.0973945205954201	0.972553736075869	56
-0.0928032593596102	0.972693856185307	74
-0.0973945205954201	0.972553736075869	60
-0.0980365856434902	0.963618638434641	60
-0.09216987140428	0.960869115746174	60
-0.0928032593596102	0.972693856185307	60
-0.0980365856434902	0.963618638434641	84
-0.0928032593596102	0.972693856185307	987
-0.0928032593596102	0.972693856185307	1129
-0.0940714409033498	0.959647090123049	1205
-0.0940714409033498	0.959647090123049	49
-0.0934371156872902	0.972052225554497	396
-0.09216987140428	0.960869115746174	106
-0.0928032593596102	0.972693856185307	106
-0.0934371156872902	0.972052225554497	56
-0.0940714409033498	0.959647090123049	56
-0.0973945205954201	0.972553736075869	74
-0.0940714409033498	0.959647090123049	60
-0.0928032593596102	0.972693856185307	609
-0.0967529331340198	0.963861246988004	84
-0.09216987140428	0.960869115746174	49
-0.0973945205954201	0.972553736075869	292
-0.0934371156872902	0.972052225554497	56
-0.0967529331340198	0.963861246988004	60
-0.0973945205954201	0.972553736075869	84
-0.0934371156872902	0.972052225554497	84
-0.0928032593596102	0.972693856185307	84
-0.0980365856434902	0.963618638434641	90
-0.0967529331340198	0.963861246988004	396
0.0775503369716599	2.14105823808751	1535
-0.0934371156872902	0.972052225554497	1535
-0.0934371156872902	0.972052225554497	74
-0.09216987140428	0.960869115746174	60
-0.0934371156872902	0.972052225554497	7
-0.0934371156872902	0.972052225554497	2029
-0.0934371156872902	0.972052225554497	90
-0.0973945205954201	0.972553736075869	275
-0.0928032593596102	0.972693856185307	626
-0.0967529331340198	0.963861246988004	56
-0.0934371156872902	0.972052225554497	1803
-0.0934371156872902	0.972052225554497	60
-0.0934371156872902	0.972052225554497	90
-0.0973945205954201	0.972553736075869	2004
-0.0928032593596102	0.972693856185307	275
-0.0934371156872902	0.972052225554497	292
-0.09216987140428	0.960869115746174	318
-0.0928032593596102	0.972693856185307	56
-0.09216987140428	0.960869115746174	1803
-0.0928032593596102	0.972693856185307	84
-0.0980365856434902	0.963618638434641	84
-0.0934371156872902	0.972052225554497	987
-0.0928032593596102	0.972693856185307	90
-0.0940714409033498	0.959647090123049	142
-0.0973945205954201	0.972553736075869	396
-0.0934371156872902	0.972052225554497	56
-0.0934371156872902	0.972052225554497	952
-0.0928032593596102	0.972693856185307	60
-0.0934371156872902	0.972052225554497	60
-0.0973945205954201	0.972553736075869	60
-0.0928032593596102	0.972693856185307	292
-0.0934371156872902	0.972052225554497	4
-0.0928032593596102	0.972693856185307	443
-0.0940714409033498	0.959647090123049	56
-0.0928032593596102	0.972693856185307	90
-0.0934371156872902	0.972052225554497	1440
-0.0934371156872902	0.972052225554497	536
-0.0934371156872902	0.972052225554497	952
-0.0973945205954201	0.972553736075869	60
-0.0934371156872902	0.972052225554497	1549
-0.0934371156872902	0.972052225554497	1616
-0.0928032593596102	0.972693856185307	90
-0.0973945205954201	0.972553736075869	225
0.0695819279810399	2.10510973769717	285
-0.0973945205954201	0.972553736075869	56
-0.0973945205954201	0.972553736075869	60
-0.0934371156872902	0.972052225554497	60
-0.0973945205954201	0.972553736075869	60
-0.0934371156872902	0.972052225554497	60
-0.0934371156872902	0.972052225554497	60
-0.09216987140428	0.960869115746174	84
-0.09216987140428	0.960869115746174	84
-0.0934371156872902	0.972052225554497	1321
-0.0934371156872902	0.972052225554497	142
-0.0928032593596102	0.972693856185307	292
-0.0934371156872902	0.972052225554497	1440
-0.09216987140428	0.960869115746174	56
-0.0928032593596102	0.972693856185307	536
-0.0934371156872902	0.972052225554497	60
-0.0980365856434902	0.963618638434641	60
-0.0973945205954201	0.972553736075869	1321
-0.0967529331340198	0.963861246988004	292
0.0733214247900702	2.16909273290189	285
-0.0973945205954201	0.972553736075869	285
-0.0928032593596102	0.972693856185307	159
-0.0934371156872902	0.972052225554497	60
-0.0934371156872902	0.972052225554497	84
-0.0980365856434902	0.963618638434641	275
-0.0973945205954201	0.972553736075869	4
-0.0928032593596102	0.972693856185307	4
-0.09216987140428	0.960869115746174	84
-0.0928032593596102	0.972693856185307	128
-0.0928032593596102	0.972693856185307	396
0.0662764563614902	2.12453487898541	56
-0.0967529331340198	0.963861246988004	56
-0.0928032593596102	0.972693856185307	60
-0.0928032593596102	0.972693856185307	1735
-0.0934371156872902	0.972052225554497	128
-0.0928032593596102	0.972693856185307	60
-0.0967529331340198	0.963861246988004	367
-0.0934371156872902	0.972052225554497	1337
-0.0934371156872902	0.972052225554497	90
-0.0973945205954201	0.972553736075869	90
-0.0934371156872902	0.972052225554497	318
-0.0928032593596102	0.972693856185307	22
-0.0928032593596102	0.972693856185307	159
-0.0928032593596102	0.972693856185307	56
-0.0934371156872902	0.972052225554497	720
-0.0928032593596102	0.972693856185307	1948
-0.09216987140428	0.960869115746174	60
-0.0980365856434902	0.963618638434641	84
-0.0928032593596102	0.972693856185307	688
-0.0973945205954201	0.972553736075869	1337
-0.0934371156872902	0.972052225554497	275
-0.0940714409033498	0.959647090123049	189
-0.0934371156872902	0.972052225554497	60
-0.0928032593596102	0.972693856185307	327
-0.09216987140428	0.960869115746174	84
-0.0934371156872902	0.972052225554497	128
-0.0980365856434902	0.963618638434641	22
-0.0928032593596102	0.972693856185307	443
-0.0973945205954201	0.972553736075869	56
-0.0973945205954201	0.972553736075869	56
-0.0934371156872902	0.972052225554497	74
-0.0980365856434902	0.963618638434641	84
-0.0934371156872902	0.972052225554497	84
-0.0928032593596102	0.972693856185307	84
-0.0973945205954201	0.972553736075869	1337
-0.0934371156872902	0.972052225554497	142
-0.0928032593596102	0.972693856185307	128
-0.0928032593596102	0.972693856185307	292
-0.0967529331340198	0.963861246988004	22
-0.0928032593596102	0.972693856185307	159
-0.0928032593596102	0.972693856185307	56
-0.09216987140428	0.960869115746174	60
-0.0967529331340198	0.963861246988004	569
-0.09216987140428	0.960869115746174	60
-0.0934371156872902	0.972052225554497	60
-0.0973945205954201	0.972553736075869	327
-0.0934371156872902	0.972052225554497	84
-0.0967529331340198	0.963861246988004	367
-0.09216987140428	0.960869115746174	1417
-0.0980365856434902	0.963618638434641	112
-0.0973945205954201	0.972553736075869	56
-0.0934371156872902	0.972052225554497	569
-0.0967529331340198	0.963861246988004	60
-0.0928032593596102	0.972693856185307	60
-0.0928032593596102	0.972693856185307	2417
-0.0934371156872902	0.972052225554497	64
-0.0928032593596102	0.972693856185307	84
-0.0940714409033498	0.959647090123049	128
-0.0940714409033498	0.959647090123049	318
-0.0934371156872902	0.972052225554497	56
-0.0934371156872902	0.972052225554497	720
-0.0967529331340198	0.963861246988004	720
-0.0934371156872902	0.972052225554497	677
-0.0928032593596102	0.972693856185307	142
-0.0940714409033498	0.959647090123049	128
-0.0928032593596102	0.972693856185307	128
-0.0934371156872902	0.972052225554497	128
-0.0928032593596102	0.972693856185307	94
-0.09216987140428	0.960869115746174	318
-0.0973945205954201	0.972553736075869	1417
-0.0928032593596102	0.972693856185307	539
-0.0934371156872902	0.972052225554497	4
-0.0928032593596102	0.972693856185307	56
-0.0940714409033498	0.959647090123049	60
-0.0928032593596102	0.972693856185307	24
-0.0934371156872902	0.972052225554497	128
-0.0934371156872902	0.972052225554497	1385
-0.0980365856434902	0.963618638434641	265
-0.0980365856434902	0.963618638434641	221
-0.0973945205954201	0.972553736075869	853
-0.0967529331340198	0.963861246988004	792
-0.0973945205954201	0.972553736075869	250
-0.09216987140428	0.960869115746174	250
-0.0967529331340198	0.963861246988004	250
-0.0934371156872902	0.972052225554497	250
-0.0973945205954201	0.972553736075869	250
-0.0934371156872902	0.972052225554497	265
-0.0973945205954201	0.972553736075869	56
-0.0940714409033498	0.959647090123049	17
-0.0980365856434902	0.963618638434641	285
-0.0980365856434902	0.963618638434641	305
-0.09216987140428	0.960869115746174	285
-0.0973945205954201	0.972553736075869	2224
-0.0967529331340198	0.963861246988004	318
-0.0973945205954201	0.972553736075869	253
-0.0934371156872902	0.972052225554497	253
-0.0967529331340198	0.963861246988004	539
-0.09216987140428	0.960869115746174	1798
-0.0928032593596102	0.972693856185307	112
-0.09216987140428	0.960869115746174	112
-0.0940714409033498	0.959647090123049	60
-0.0973945205954201	0.972553736075869	1584
-0.0973945205954201	0.972553736075869	60
-0.09216987140428	0.960869115746174	84
-0.0967529331340198	0.963861246988004	142
-0.0928032593596102	0.972693856185307	128
-0.0940714409033498	0.959647090123049	285
-0.0934371156872902	0.972052225554497	2224
-0.0973945205954201	0.972553736075869	285
-0.0928032593596102	0.972693856185307	853
-0.0928032593596102	0.972693856185307	1417
-0.10202322642753	0.9540585653027	101
-0.0940714409033498	0.959647090123049	1439
-0.0934371156872902	0.972052225554497	265
-0.0934371156872902	0.972052225554497	330
-0.09216987140428	0.960869115746174	379
-0.0928032593596102	0.972693856185307	582
-0.0934371156872902	0.972052225554497	566
-0.0928032593596102	0.972693856185307	60
-0.0928032593596102	0.972693856185307	60
-0.0973945205954201	0.972553736075869	133
-0.0928032593596102	0.972693856185307	292
-0.0934371156872902	0.972052225554497	94
-0.10137332680345	0.953686224961348	1819
-0.0928032593596102	0.972693856185307	1646
-0.0973945205954201	0.972553736075869	236
-0.0928032593596102	0.972693856185307	539
-0.0973945205954201	0.972553736075869	1798
-0.0940714409033498	0.959647090123049	112
-0.0928032593596102	0.972693856185307	112
-0.0928032593596102	0.972693856185307	1574
-0.0928032593596102	0.972693856185307	74
-0.0934371156872902	0.972052225554497	60
-0.0967529331340198	0.963861246988004	60
-0.0967529331340198	0.963861246988004	60
-0.0973945205954201	0.972553736075869	24
-0.0973945205954201	0.972553736075869	285
-0.0973945205954201	0.972553736075869	285
-0.0928032593596102	0.972693856185307	253
-0.0928032593596102	0.972693856185307	330
-0.0940714409033498	0.959647090123049	60
-0.0934371156872902	0.972052225554497	1460
-0.0973945205954201	0.972553736075869	367
-0.0980365856434902	0.963618638434641	285
-0.0934371156872902	0.972052225554497	539
-0.09216987140428	0.960869115746174	112
-0.0973945205954201	0.972553736075869	924
-0.0928032593596102	0.972693856185307	720
-0.0940714409033498	0.959647090123049	60
-0.0928032593596102	0.972693856185307	60
-0.0973945205954201	0.972553736075869	24
-0.0967529331340198	0.963861246988004	1216
-0.0973945205954201	0.972553736075869	1216
-0.0940714409033498	0.959647090123049	128
0.07897968807224	2.12804021665322	451
-0.0980365856434902	0.963618638434641	1372
-0.0934371156872902	0.972052225554497	1372
-0.0967529331340198	0.963861246988004	1417
-0.0973945205954201	0.972553736075869	684
-0.0940714409033498	0.959647090123049	56
-0.0967529331340198	0.963861246988004	257
-0.0967529331340198	0.963861246988004	257
-0.0973945205954201	0.972553736075869	577
-0.0934371156872902	0.972052225554497	60
-0.0980365856434902	0.963618638434641	60
-0.0940714409033498	0.959647090123049	60
-0.0928032593596102	0.972693856185307	24
-0.0928032593596102	0.972693856185307	24
-0.0973945205954201	0.972553736075869	367
-0.0934371156872902	0.972052225554497	128
-0.0928032593596102	0.972693856185307	128
-0.0980365856434902	0.963618638434641	285
-0.0928032593596102	0.972693856185307	2236
-0.0934371156872902	0.972052225554497	853
-0.0928032593596102	0.972693856185307	853
-0.0928032593596102	0.972693856185307	853
-0.0928032593596102	0.972693856185307	792
-0.0928032593596102	0.972693856185307	451
-0.09216987140428	0.960869115746174	320
-0.0934371156872902	0.972052225554497	11
-0.0934371156872902	0.972052225554497	160
-0.0973945205954201	0.972553736075869	253
-0.0934371156872902	0.972052225554497	539
-0.0934371156872902	0.972052225554497	56
-0.0928032593596102	0.972693856185307	171
-0.0934371156872902	0.972052225554497	84
-0.0934371156872902	0.972052225554497	305
-0.0967529331340198	0.963861246988004	285
-0.0928032593596102	0.972693856185307	94
-0.10137332680345	0.953686224961348	236
-0.0934371156872902	0.972052225554497	320
-0.09216987140428	0.960869115746174	11
-0.0973945205954201	0.972553736075869	253
-0.0928032593596102	0.972693856185307	767
-0.0967529331340198	0.963861246988004	4
-0.0928032593596102	0.972693856185307	779
-0.0928032593596102	0.972693856185307	924
-0.0934371156872902	0.972052225554497	285
-0.0928032593596102	0.972693856185307	236
-0.09216987140428	0.960869115746174	83
-0.0973945205954201	0.972553736075869	83
-0.09216987140428	0.960869115746174	320
-0.0928032593596102	0.972693856185307	11
-0.0940714409033498	0.959647090123049	253
-0.09216987140428	0.960869115746174	253
-0.0934371156872902	0.972052225554497	271
-0.0934371156872902	0.972052225554497	1706
-0.0980365856434902	0.963618638434641	4
-0.0934371156872902	0.972052225554497	265
-0.0940714409033498	0.959647090123049	4
-0.0967529331340198	0.963861246988004	893
-0.0973945205954201	0.972553736075869	330
-0.0928032593596102	0.972693856185307	330
-0.0940714409033498	0.959647090123049	74
-0.0934371156872902	0.972052225554497	285
-0.0928032593596102	0.972693856185307	285
-0.0928032593596102	0.972693856185307	792
-0.0973945205954201	0.972553736075869	792
-0.0934371156872902	0.972052225554497	83
-0.0934371156872902	0.972052225554497	83
-0.0973945205954201	0.972553736075869	83
-0.0934371156872902	0.972052225554497	320
-0.0928032593596102	0.972693856185307	11
-0.0928032593596102	0.972693856185307	253
-0.0934371156872902	0.972052225554497	434
-0.0934371156872902	0.972052225554497	924
-0.0928032593596102	0.972693856185307	60
-0.0934371156872902	0.972052225554497	1736
-0.0934371156872902	0.972052225554497	60
-0.0928032593596102	0.972693856185307	285
-0.0928032593596102	0.972693856185307	94
-0.0934371156872902	0.972052225554497	285
-0.0940714409033498	0.959647090123049	253
-0.09216987140428	0.960869115746174	253
-0.0928032593596102	0.972693856185307	271
-0.0928032593596102	0.972693856185307	434
-0.09216987140428	0.960869115746174	767
-0.0928032593596102	0.972693856185307	539
-0.09216987140428	0.960869115746174	893
-0.09216987140428	0.960869115746174	330
-0.0980365856434902	0.963618638434641	1527
-0.10202322642753	0.9540585653027	1399
-0.0980365856434902	0.963618638434641	1399
-0.0940714409033498	0.959647090123049	60
-0.0928032593596102	0.972693856185307	24
-0.0934371156872902	0.972052225554497	24
-0.0934371156872902	0.972052225554497	26
-0.0928032593596102	0.972693856185307	17
-0.0928032593596102	0.972693856185307	2236
-0.09216987140428	0.960869115746174	11
-0.0973945205954201	0.972553736075869	1417
-0.0940714409033498	0.959647090123049	11
-0.0928032593596102	0.972693856185307	253
-0.0928032593596102	0.972693856185307	253
-0.0928032593596102	0.972693856185307	539
-0.0934371156872902	0.972052225554497	582
-0.0973945205954201	0.972553736075869	60
-0.0967529331340198	0.963861246988004	64
-0.0928032593596102	0.972693856185307	1460
-0.0980365856434902	0.963618638434641	1460
-0.0934371156872902	0.972052225554497	26
-0.0934371156872902	0.972052225554497	285
-0.0967529331340198	0.963861246988004	1613
-0.0934371156872902	0.972052225554497	780
-0.0934371156872902	0.972052225554497	2148
-0.0928032593596102	0.972693856185307	285
-0.0928032593596102	0.972693856185307	792
-0.0934371156872902	0.972052225554497	265
-0.09216987140428	0.960869115746174	893
-0.0934371156872902	0.972052225554497	1527
-0.0934371156872902	0.972052225554497	1527
-0.09216987140428	0.960869115746174	171
-0.0967529331340198	0.963861246988004	1339
-0.0934371156872902	0.972052225554497	60
-0.0940714409033498	0.959647090123049	24
-0.0980365856434902	0.963618638434641	64
-0.0928032593596102	0.972693856185307	366
-0.0934371156872902	0.972052225554497	17
-0.0980365856434902	0.963618638434641	305
-0.0934371156872902	0.972052225554497	305
-0.0934371156872902	0.972052225554497	305
-0.09216987140428	0.960869115746174	780
-0.0934371156872902	0.972052225554497	595
-0.0967529331340198	0.963861246988004	285
-0.0928032593596102	0.972693856185307	83
-0.0934371156872902	0.972052225554497	265
-0.0928032593596102	0.972693856185307	94
-0.0934371156872902	0.972052225554497	780
-0.0928032593596102	0.972693856185307	83
-0.0967529331340198	0.963861246988004	253
-0.0928032593596102	0.972693856185307	253
-0.10137332680345	0.953686224961348	253
-0.0928032593596102	0.972693856185307	271
-0.0934371156872902	0.972052225554497	271
-0.0940714409033498	0.959647090123049	434
-0.0934371156872902	0.972052225554497	330
-0.0928032593596102	0.972693856185307	60
-0.0928032593596102	0.972693856185307	1291
-0.0973945205954201	0.972553736075869	1445
-0.0928032593596102	0.972693856185307	2213
-0.0934371156872902	0.972052225554497	720
-0.10137332680345	0.953686224961348	566
-0.0934371156872902	0.972052225554497	128
-0.0934371156872902	0.972052225554497	285
-0.0967529331340198	0.963861246988004	595
-0.10137332680345	0.953686224961348	11
-0.09216987140428	0.960869115746174	2052
-0.0973945205954201	0.972553736075869	171
-0.0928032593596102	0.972693856185307	163
-0.09216987140428	0.960869115746174	163
-0.0934371156872902	0.972052225554497	60
-0.09216987140428	0.960869115746174	60
-0.0940714409033498	0.959647090123049	64
-0.0928032593596102	0.972693856185307	84
-0.0928032593596102	0.972693856185307	367
-0.0934371156872902	0.972052225554497	167
-0.0934371156872902	0.972052225554497	1477
-0.0928032593596102	0.972693856185307	1613
-0.0973945205954201	0.972553736075869	285
-0.09216987140428	0.960869115746174	451
-0.09216987140428	0.960869115746174	11
0.0760346795609199	2.12574857147575	250
-0.0934371156872902	0.972052225554497	253
-0.0934371156872902	0.972052225554497	535
-0.0934371156872902	0.972052225554497	535
-0.0934371156872902	0.972052225554497	539
-0.0934371156872902	0.972052225554497	2399
-0.0940714409033498	0.959647090123049	330
-0.0928032593596102	0.972693856185307	330
-0.0980365856434902	0.963618638434641	163
-0.0973945205954201	0.972553736075869	566
-0.0934371156872902	0.972052225554497	1672
-0.0928032593596102	0.972693856185307	24
-0.0934371156872902	0.972052225554497	1542
-0.0928032593596102	0.972693856185307	285
-0.0940714409033498	0.959647090123049	595
-0.0967529331340198	0.963861246988004	549
-0.0934371156872902	0.972052225554497	549
-0.09216987140428	0.960869115746174	451
-0.10137332680345	0.953686224961348	451
-0.0928032593596102	0.972693856185307	1575
-0.0980365856434902	0.963618638434641	11
-0.0940714409033498	0.959647090123049	11
-0.0973945205954201	0.972553736075869	271
-0.0934371156872902	0.972052225554497	271
-0.0973945205954201	0.972553736075869	4
-0.0934371156872902	0.972052225554497	4
-0.0928032593596102	0.972693856185307	330
-0.09216987140428	0.960869115746174	60
-0.0940714409033498	0.959647090123049	285
-0.09216987140428	0.960869115746174	2052
-0.0928032593596102	0.972693856185307	330
-0.0934371156872902	0.972052225554497	379
-0.0934371156872902	0.972052225554497	171
-0.0934371156872902	0.972052225554497	295
-0.0934371156872902	0.972052225554497	604
-0.0934371156872902	0.972052225554497	1460
-0.0973945205954201	0.972553736075869	1460
-0.0928032593596102	0.972693856185307	167
-0.0940714409033498	0.959647090123049	167
-0.0934371156872902	0.972052225554497	1477
-0.0940714409033498	0.959647090123049	792
-0.09216987140428	0.960869115746174	539
-0.0934371156872902	0.972052225554497	1234
-0.0928032593596102	0.972693856185307	720
-0.0928032593596102	0.972693856185307	232
-0.09216987140428	0.960869115746174	74
-0.0934371156872902	0.972052225554497	60
-0.0928032593596102	0.972693856185307	128
-0.0928032593596102	0.972693856185307	285
-0.0973945205954201	0.972553736075869	285
-0.0928032593596102	0.972693856185307	11
-0.0973945205954201	0.972553736075869	644
-0.0934371156872902	0.972052225554497	1487
-0.0934371156872902	0.972052225554497	657
-0.0967529331340198	0.963861246988004	2213
-0.09216987140428	0.960869115746174	136
-0.0928032593596102	0.972693856185307	64
-0.0928032593596102	0.972693856185307	128
-0.0928032593596102	0.972693856185307	496
-0.0928032593596102	0.972693856185307	1542
-0.0973945205954201	0.972553736075869	285
-0.0928032593596102	0.972693856185307	11
-0.0934371156872902	0.972052225554497	1190
0.07101241230772	2.14592789807272	253
-0.0928032593596102	0.972693856185307	913
-0.0928032593596102	0.972693856185307	74
-0.0934371156872902	0.972052225554497	60
-0.0973945205954201	0.972553736075869	60
-0.0980365856434902	0.963618638434641	295
-0.0928032593596102	0.972693856185307	64
-0.09216987140428	0.960869115746174	84
-0.0940714409033498	0.959647090123049	26
-0.0934371156872902	0.972052225554497	783
-0.09216987140428	0.960869115746174	783
-0.0934371156872902	0.972052225554497	128
-0.0940714409033498	0.959647090123049	1386
-0.0934371156872902	0.972052225554497	128
-0.0980365856434902	0.963618638434641	83
-0.0928032593596102	0.972693856185307	1190
-0.04203030820773	2.41036260665997	88
-0.0928032593596102	0.972693856185307	924
-0.0934371156872902	0.972052225554497	720
-0.0928032593596102	0.972693856185307	163
-0.0928032593596102	0.972693856185307	522
-0.0928032593596102	0.972693856185307	1821
-0.0973945205954201	0.972553736075869	913
-0.0928032593596102	0.972693856185307	163
-0.0934371156872902	0.972052225554497	24
-0.0980365856434902	0.963618638434641	367
-0.0928032593596102	0.972693856185307	496
-0.0934371156872902	0.972052225554497	1542
-0.0967529331340198	0.963861246988004	4
-0.0928032593596102	0.972693856185307	171
-0.0980365856434902	0.963618638434641	1397
-0.0973945205954201	0.972553736075869	60
-0.0928032593596102	0.972693856185307	604
-0.0973945205954201	0.972553736075869	367
-0.0940714409033498	0.959647090123049	2033
-0.0928032593596102	0.972693856185307	167
-0.09216987140428	0.960869115746174	496
-0.0973945205954201	0.972553736075869	496
-0.09216987140428	0.960869115746174	292
-0.0934371156872902	0.972052225554497	26
-0.0973945205954201	0.972553736075869	167
-0.09216987140428	0.960869115746174	171
-0.0928032593596102	0.972693856185307	913
-0.0967529331340198	0.963861246988004	60
-0.0934371156872902	0.972052225554497	128
-0.0934371156872902	0.972052225554497	128
-0.0973945205954201	0.972553736075869	225
-0.0934371156872902	0.972052225554497	292
-0.0934371156872902	0.972052225554497	774
0.0770513759568101	2.1381308211551	4
-0.0967529331340198	0.963861246988004	171
-0.0934371156872902	0.972052225554497	28
-0.09216987140428	0.960869115746174	64
-0.09216987140428	0.960869115746174	305
-0.0928032593596102	0.972693856185307	285
-0.0928032593596102	0.972693856185307	451
-0.0934371156872902	0.972052225554497	11
-0.0928032593596102	0.972693856185307	253
-0.09216987140428	0.960869115746174	171
-0.0928032593596102	0.972693856185307	913
-0.0928032593596102	0.972693856185307	1398
-0.0934371156872902	0.972052225554497	128
-0.0928032593596102	0.972693856185307	128
-0.0934371156872902	0.972052225554497	245
-0.0934371156872902	0.972052225554497	128
-0.09216987140428	0.960869115746174	26
-0.09216987140428	0.960869115746174	128
-0.0940714409033498	0.959647090123049	292
-0.0934371156872902	0.972052225554497	285
-0.0934371156872902	0.972052225554497	792
-0.0934371156872902	0.972052225554497	510
-0.0934371156872902	0.972052225554497	774
0.0784719859888998	2.13136268526535	792
-0.0934371156872902	0.972052225554497	451
-0.0973945205954201	0.972553736075869	11
-0.0973945205954201	0.972553736075869	510
-0.0973945205954201	0.972553736075869	271
-0.0980365856434902	0.963618638434641	88
-0.0934371156872902	0.972052225554497	644
-0.09216987140428	0.960869115746174	128
-0.0934371156872902	0.972052225554497	128
-0.0934371156872902	0.972052225554497	60
-0.0940714409033498	0.959647090123049	128
-0.0934371156872902	0.972052225554497	285
-0.0934371156872902	0.972052225554497	2219
-0.0928032593596102	0.972693856185307	83
-0.0928032593596102	0.972693856185307	518
-0.0928032593596102	0.972693856185307	1190
-0.0940714409033498	0.959647090123049	510
-0.0928032593596102	0.972693856185307	11
-0.09216987140428	0.960869115746174	11
-0.0928032593596102	0.972693856185307	4
-0.0940714409033498	0.959647090123049	871
-0.0980365856434902	0.963618638434641	774
-0.0980365856434902	0.963618638434641	136
-0.0928032593596102	0.972693856185307	128
-0.0928032593596102	0.972693856185307	1541
-0.10202322642753	0.9540585653027	549
-0.0928032593596102	0.972693856185307	792
-0.0934371156872902	0.972052225554497	792
-0.0928032593596102	0.972693856185307	792
-0.0940714409033498	0.959647090123049	11
-0.0973945205954201	0.972553736075869	774
-0.0928032593596102	0.972693856185307	4
-0.0934371156872902	0.972052225554497	168
-0.0928032593596102	0.972693856185307	913
-0.0980365856434902	0.963618638434641	913
-0.0967529331340198	0.963861246988004	128
-0.0928032593596102	0.972693856185307	128
-0.0973945205954201	0.972553736075869	128
-0.0928032593596102	0.972693856185307	1797
-0.0980365856434902	0.963618638434641	128
-0.0928032593596102	0.972693856185307	128
-0.0940714409033498	0.959647090123049	128
-0.0934371156872902	0.972052225554497	128
-0.0928032593596102	0.972693856185307	285
-0.0934371156872902	0.972052225554497	285
-0.0940714409033498	0.959647090123049	2219
-0.0967529331340198	0.963861246988004	913
-0.0973945205954201	0.972553736075869	11
-0.0973945205954201	0.972553736075869	1246
-0.0928032593596102	0.972693856185307	1246
-0.0934371156872902	0.972052225554497	88
-0.0940714409033498	0.959647090123049	913
-0.0940714409033498	0.959647090123049	4
-0.0934371156872902	0.972052225554497	2180
-0.0934371156872902	0.972052225554497	171
-0.0980365856434902	0.963618638434641	128
-0.0934371156872902	0.972052225554497	128
-0.0928032593596102	0.972693856185307	305
-0.0940714409033498	0.959647090123049	285
-0.0940714409033498	0.959647090123049	285
-0.0940714409033498	0.959647090123049	285
-0.0934371156872902	0.972052225554497	1182
-0.0934371156872902	0.972052225554497	510
-0.0980365856434902	0.963618638434641	88
-0.09216987140428	0.960869115746174	285
-0.0967529331340198	0.963861246988004	303
-0.0928032593596102	0.972693856185307	451
-0.0928032593596102	0.972693856185307	913
-0.0973945205954201	0.972553736075869	1374
-0.0967529331340198	0.963861246988004	913
-0.0928032593596102	0.972693856185307	1246
-0.0934371156872902	0.972052225554497	1246
-0.0934371156872902	0.972052225554497	88
-0.0928032593596102	0.972693856185307	4
-0.0928032593596102	0.972693856185307	128
-0.09216987140428	0.960869115746174	128
0.0738284665165998	2.16741144123835	549
-0.10137332680345	0.953686224961348	518
-0.0928032593596102	0.972693856185307	4
-0.0940714409033498	0.959647090123049	128
-0.09216987140428	0.960869115746174	913
-0.09216987140428	0.960869115746174	128
-0.09216987140428	0.960869115746174	128
-0.0928032593596102	0.972693856185307	163
-0.0928032593596102	0.972693856185307	245
-0.0928032593596102	0.972693856185307	128
-0.0967529331340198	0.963861246988004	128
-0.0973945205954201	0.972553736075869	128
-0.0973945205954201	0.972553736075869	64
-0.0928032593596102	0.972693856185307	60
-0.0980365856434902	0.963618638434641	128
-0.0934371156872902	0.972052225554497	128
-0.0973945205954201	0.972553736075869	383
-0.0967529331340198	0.963861246988004	128
-0.0934371156872902	0.972052225554497	83
-0.0928032593596102	0.972693856185307	913
-0.0934371156872902	0.972052225554497	168
-0.0928032593596102	0.972693856185307	913
-0.0967529331340198	0.963861246988004	913
-0.0934371156872902	0.972052225554497	128
-0.0928032593596102	0.972693856185307	128
-0.0928032593596102	0.972693856185307	128
-0.0928032593596102	0.972693856185307	128
-0.0967529331340198	0.963861246988004	128
-0.0928032593596102	0.972693856185307	843
-0.0934371156872902	0.972052225554497	285
-0.0934371156872902	0.972052225554497	285
-0.09216987140428	0.960869115746174	83
-0.0940714409033498	0.959647090123049	83
-0.0973945205954201	0.972553736075869	288
-0.0940714409033498	0.959647090123049	510
-0.0934371156872902	0.972052225554497	1377
-0.0934371156872902	0.972052225554497	271
-0.0940714409033498	0.959647090123049	4
-0.0940714409033498	0.959647090123049	774
-0.0934371156872902	0.972052225554497	128
-0.0928032593596102	0.972693856185307	128
-0.0934371156872902	0.972052225554497	128
-0.0928032593596102	0.972693856185307	521
-0.09216987140428	0.960869115746174	303
-0.09216987140428	0.960869115746174	288
-0.10202322642753	0.9540585653027	364
-0.0934371156872902	0.972052225554497	1377
-0.09216987140428	0.960869115746174	2249
-0.0973945205954201	0.972553736075869	4
-0.0928032593596102	0.972693856185307	2443
-0.0928032593596102	0.972693856185307	521
-0.0934371156872902	0.972052225554497	303
-0.0928032593596102	0.972693856185307	285
-0.0973945205954201	0.972553736075869	288
-0.0934371156872902	0.972052225554497	288
-0.0934371156872902	0.972052225554497	1481
-0.0973945205954201	0.972553736075869	1377
-0.0928032593596102	0.972693856185307	1377
-0.0967529331340198	0.963861246988004	288
-0.0967529331340198	0.963861246988004	271
-0.0928032593596102	0.972693856185307	271
-0.0934371156872902	0.972052225554497	128
-0.0967529331340198	0.963861246988004	128
-0.0934371156872902	0.972052225554497	128
-0.0934371156872902	0.972052225554497	128
-0.0934371156872902	0.972052225554497	288
-0.09216987140428	0.960869115746174	510
-0.0940714409033498	0.959647090123049	774
-0.0934371156872902	0.972052225554497	128
-0.0928032593596102	0.972693856185307	285
-0.0934371156872902	0.972052225554497	288
-0.0934371156872902	0.972052225554497	128
-0.0967529331340198	0.963861246988004	285
-0.0934371156872902	0.972052225554497	285
-0.0973945205954201	0.972553736075869	401
-0.0980365856434902	0.963618638434641	2014
-0.0928032593596102	0.972693856185307	4
-0.0928032593596102	0.972693856185307	98
-0.0940714409033498	0.959647090123049	955
-0.0934371156872902	0.972052225554497	521
-0.0940714409033498	0.959647090123049	303
-0.0928032593596102	0.972693856185307	521
-0.0928032593596102	0.972693856185307	451
-0.0928032593596102	0.972693856185307	401
-0.0967529331340198	0.963861246988004	1377
-0.0934371156872902	0.972052225554497	1368
-0.0980365856434902	0.963618638434641	774
-0.09216987140428	0.960869115746174	98
-0.0928032593596102	0.972693856185307	128
-0.0934371156872902	0.972052225554497	128
-0.0928032593596102	0.972693856185307	128
-0.10202322642753	0.9540585653027	128
-0.09216987140428	0.960869115746174	158
-0.0928032593596102	0.972693856185307	1368
-0.09216987140428	0.960869115746174	285
-0.0973945205954201	0.972553736075869	2055
-0.0934371156872902	0.972052225554497	2199
-0.0980365856434902	0.963618638434641	2276
-0.0928032593596102	0.972693856185307	401
-0.0934371156872902	0.972052225554497	365
-0.09216987140428	0.960869115746174	288
-0.0973945205954201	0.972553736075869	288
-0.0928032593596102	0.972693856185307	1368
-0.0928032593596102	0.972693856185307	1589
-0.0980365856434902	0.963618638434641	88
-0.0980365856434902	0.963618638434641	774
-0.0967529331340198	0.963861246988004	774
-0.09216987140428	0.960869115746174	4
-0.0934371156872902	0.972052225554497	128
-0.0928032593596102	0.972693856185307	128
-0.0940714409033498	0.959647090123049	128
-0.09216987140428	0.960869115746174	128
-0.0967529331340198	0.963861246988004	2276
-0.0934371156872902	0.972052225554497	2276
-0.0967529331340198	0.963861246988004	401
-0.0928032593596102	0.972693856185307	1567
-0.0928032593596102	0.972693856185307	335
-0.0928032593596102	0.972693856185307	1368
-0.0928032593596102	0.972693856185307	4
-0.0928032593596102	0.972693856185307	774
-0.0934371156872902	0.972052225554497	774
-0.0934371156872902	0.972052225554497	303
-0.0934371156872902	0.972052225554497	285
-0.0980365856434902	0.963618638434641	285
-0.0934371156872902	0.972052225554497	521
-0.0980365856434902	0.963618638434641	285
-0.10202322642753	0.9540585653027	1377
-0.0934371156872902	0.972052225554497	1368
-0.0934371156872902	0.972052225554497	335
-0.0980365856434902	0.963618638434641	4
-0.0928032593596102	0.972693856185307	4
-0.0928032593596102	0.972693856185307	4
-0.0934371156872902	0.972052225554497	774
-0.09216987140428	0.960869115746174	260
-0.0934371156872902	0.972052225554497	128
-0.0973945205954201	0.972553736075869	158
-0.0425457143321601	2.40604201232988	745
-0.0928032593596102	0.972693856185307	285
-0.0928032593596102	0.972693856185307	11
-0.0928032593596102	0.972693856185307	1428
-0.0973945205954201	0.972553736075869	1428
-0.0967529331340198	0.963861246988004	260
-0.0940714409033498	0.959647090123049	260
-0.0934371156872902	0.972052225554497	583
-0.0940714409033498	0.959647090123049	583
-0.09216987140428	0.960869115746174	128
-0.0928032593596102	0.972693856185307	98
-0.0940714409033498	0.959647090123049	128
-0.0934371156872902	0.972052225554497	128
-0.0934371156872902	0.972052225554497	128
-0.0980365856434902	0.963618638434641	128
-0.0928032593596102	0.972693856185307	651
-0.0967529331340198	0.963861246988004	128
-0.0934371156872902	0.972052225554497	128
-0.0973945205954201	0.972553736075869	128
-0.0973945205954201	0.972553736075869	128
-0.0934371156872902	0.972052225554497	128
-0.0973945205954201	0.972553736075869	128
-0.0973945205954201	0.972553736075869	225
-0.10202322642753	0.9540585653027	128
-0.0928032593596102	0.972693856185307	128
-0.0940714409033498	0.959647090123049	128
-0.09216987140428	0.960869115746174	128
-0.09216987140428	0.960869115746174	259
-0.0940714409033498	0.959647090123049	478
-0.0928032593596102	0.972693856185307	128
-0.0934371156872902	0.972052225554497	285
-0.0934371156872902	0.972052225554497	4
-0.0934371156872902	0.972052225554497	1589
-0.0928032593596102	0.972693856185307	260
-0.0934371156872902	0.972052225554497	583
-0.0934371156872902	0.972052225554497	98
-0.0934371156872902	0.972052225554497	128
-0.09216987140428	0.960869115746174	28
-0.0973945205954201	0.972553736075869	233
-0.0934371156872902	0.972052225554497	207
-0.0928032593596102	0.972693856185307	60
-0.0934371156872902	0.972052225554497	401
-0.0934371156872902	0.972052225554497	364
-0.0967529331340198	0.963861246988004	335
-0.0980365856434902	0.963618638434641	1589
-0.0934371156872902	0.972052225554497	1116
-0.0967529331340198	0.963861246988004	4
-0.0934371156872902	0.972052225554497	168
0.0695928384953199	2.15746078192226	98
-0.0934371156872902	0.972052225554497	128
-0.0934371156872902	0.972052225554497	270
-0.0973945205954201	0.972553736075869	158
-0.09216987140428	0.960869115746174	259
-0.0934371156872902	0.972052225554497	11
-0.0934371156872902	0.972052225554497	260
-0.0980365856434902	0.963618638434641	28
-0.0928032593596102	0.972693856185307	128
-0.0928032593596102	0.972693856185307	28
-0.0928032593596102	0.972693856185307	207
-0.0928032593596102	0.972693856185307	64
-0.0928032593596102	0.972693856185307	64
-0.0940714409033498	0.959647090123049	364
-0.0934371156872902	0.972052225554497	335
-0.0973945205954201	0.972553736075869	4
-0.0940714409033498	0.959647090123049	260
-0.0967529331340198	0.963861246988004	260
-0.0498134085122102	2.38069180330449	98
-0.0928032593596102	0.972693856185307	98
-0.0934371156872902	0.972052225554497	28
-0.0928032593596102	0.972693856185307	651
-0.0934371156872902	0.972052225554497	128
-0.09216987140428	0.960869115746174	225
-0.0934371156872902	0.972052225554497	128
-0.0928032593596102	0.972693856185307	259
-0.0928032593596102	0.972693856185307	259
-0.0980365856434902	0.963618638434641	225
-0.0934371156872902	0.972052225554497	478
-0.0928032593596102	0.972693856185307	2072
-0.0973945205954201	0.972553736075869	98
-0.0928032593596102	0.972693856185307	158
-0.0934371156872902	0.972052225554497	259
-0.0928032593596102	0.972693856185307	259
-0.0973945205954201	0.972553736075869	1863
-0.0967529331340198	0.963861246988004	583
-0.09216987140428	0.960869115746174	1093
-0.0940714409033498	0.959647090123049	168
-0.0928032593596102	0.972693856185307	168
-0.0973945205954201	0.972553736075869	98
-0.0928032593596102	0.972693856185307	98
-0.0967529331340198	0.963861246988004	28
-0.0934371156872902	0.972052225554497	729
-0.0934371156872902	0.972052225554497	64
-0.0973945205954201	0.972553736075869	1127
-0.0934371156872902	0.972052225554497	225
-0.0934371156872902	0.972052225554497	478
-0.0934371156872902	0.972052225554497	260
-0.0928032593596102	0.972693856185307	98
-0.0973945205954201	0.972553736075869	28
-0.10137332680345	0.953686224961348	207
-0.0928032593596102	0.972693856185307	64
0.07653959244572	2.13176686385125	365
-0.0940714409033498	0.959647090123049	2235
-0.0928032593596102	0.972693856185307	98
-0.09216987140428	0.960869115746174	304
-0.0967529331340198	0.963861246988004	28
-0.0928032593596102	0.972693856185307	980
-0.0973945205954201	0.972553736075869	259
-0.0928032593596102	0.972693856185307	259
-0.0973945205954201	0.972553736075869	478
-0.0973945205954201	0.972553736075869	11
0.07423489812677	2.16170944726707	4
-0.0940714409033498	0.959647090123049	2164
-0.0940714409033498	0.959647090123049	168
-0.0928032593596102	0.972693856185307	98
-0.0934371156872902	0.972052225554497	355
-0.09216987140428	0.960869115746174	28
-0.0928032593596102	0.972693856185307	158
-0.0934371156872902	0.972052225554497	91
-0.09216987140428	0.960869115746174	225
-0.0928032593596102	0.972693856185307	321
-0.0928032593596102	0.972693856185307	401
-0.0934371156872902	0.972052225554497	11
-0.09216987140428	0.960869115746174	11
-0.09216987140428	0.960869115746174	2164
-0.09216987140428	0.960869115746174	98
-0.0967529331340198	0.963861246988004	98
-0.09216987140428	0.960869115746174	28
-0.0928032593596102	0.972693856185307	28
-0.0973945205954201	0.972553736075869	28
-0.0928032593596102	0.972693856185307	225
-0.0928032593596102	0.972693856185307	335
-0.09216987140428	0.960869115746174	2164
-0.0934371156872902	0.972052225554497	583
-0.0928032593596102	0.972693856185307	168
-0.0928032593596102	0.972693856185307	28
-0.0940714409033498	0.959647090123049	2229
-0.0967529331340198	0.963861246988004	207
-0.0934371156872902	0.972052225554497	2164
-0.0928032593596102	0.972693856185307	2164
-0.0534903362782901	2.40631697994088	168
-0.0934371156872902	0.972052225554497	168
-0.0928032593596102	0.972693856185307	168
-0.0934371156872902	0.972052225554497	2229
-0.0928032593596102	0.972693856185307	207
-0.0934371156872902	0.972052225554497	207
-0.0928032593596102	0.972693856185307	864
-0.0928032593596102	0.972693856185307	789
-0.0928032593596102	0.972693856185307	259
-0.0934371156872902	0.972052225554497	28
-0.0928032593596102	0.972693856185307	790
-0.0928032593596102	0.972693856185307	270
-0.0934371156872902	0.972052225554497	1222
-0.10202322642753	0.9540585653027	364
-0.0967529331340198	0.963861246988004	260
-0.0967529331340198	0.963861246988004	355
-0.0928032593596102	0.972693856185307	729
-0.0980365856434902	0.963618638434641	729
-0.0934371156872902	0.972052225554497	57
-0.0973945205954201	0.972553736075869	158
-0.09216987140428	0.960869115746174	98
-0.0934371156872902	0.972052225554497	98
-0.0940714409033498	0.959647090123049	98
-0.0934371156872902	0.972052225554497	355
-0.0940714409033498	0.959647090123049	98
-0.0928032593596102	0.972693856185307	28
-0.0940714409033498	0.959647090123049	28
-0.0928032593596102	0.972693856185307	2229
-0.0973945205954201	0.972553736075869	729
-0.0934371156872902	0.972052225554497	207
-0.0934371156872902	0.972052225554497	2281
-0.0928032593596102	0.972693856185307	270
-0.0967529331340198	0.963861246988004	285
-0.0934371156872902	0.972052225554497	11
-0.0928032593596102	0.972693856185307	1987
-0.0928032593596102	0.972693856185307	158
-0.0928032593596102	0.972693856185307	1749
-0.09216987140428	0.960869115746174	259
-0.0928032593596102	0.972693856185307	98
-0.0928032593596102	0.972693856185307	98
-0.0934371156872902	0.972052225554497	355
-0.09216987140428	0.960869115746174	259
-0.0973945205954201	0.972553736075869	259
-0.0928032593596102	0.972693856185307	1058
-0.0973945205954201	0.972553736075869	98
-0.0934371156872902	0.972052225554497	98
-0.0980365856434902	0.963618638434641	355
-0.10137332680345	0.953686224961348	28
-0.09216987140428	0.960869115746174	864
-0.0940714409033498	0.959647090123049	2281
-0.0928032593596102	0.972693856185307	259
-0.0967529331340198	0.963861246988004	259
-0.0934371156872902	0.972052225554497	259
-0.0934371156872902	0.972052225554497	1058
-0.0928032593596102	0.972693856185307	168
-0.09216987140428	0.960869115746174	1826
-0.0934371156872902	0.972052225554497	729
-0.0928032593596102	0.972693856185307	729
-0.0973945205954201	0.972553736075869	864
-0.0928032593596102	0.972693856185307	270
-0.0928032593596102	0.972693856185307	158
-0.0928032593596102	0.972693856185307	158
-0.0928032593596102	0.972693856185307	321
-0.09216987140428	0.960869115746174	304
-0.0934371156872902	0.972052225554497	98
-0.0934371156872902	0.972052225554497	729
-0.0934371156872902	0.972052225554497	1222
-0.0928032593596102	0.972693856185307	423
-0.0934371156872902	0.972052225554497	168
-0.0940714409033498	0.959647090123049	28
-0.0967529331340198	0.963861246988004	207
-0.0934371156872902	0.972052225554497	207
-0.0934371156872902	0.972052225554497	864
-0.10137332680345	0.953686224961348	259
-0.0928032593596102	0.972693856185307	259
-0.0928032593596102	0.972693856185307	225
-0.0940714409033498	0.959647090123049	98
-0.10202322642753	0.9540585653027	1554
-0.09216987140428	0.960869115746174	355
-0.0973945205954201	0.972553736075869	655
-0.0967529331340198	0.963861246988004	259
-0.0928032593596102	0.972693856185307	259
-0.0928032593596102	0.972693856185307	321
-0.0928032593596102	0.972693856185307	225
-0.0928032593596102	0.972693856185307	225
-0.0934371156872902	0.972052225554497	95
-0.0928032593596102	0.972693856185307	423
-0.0928032593596102	0.972693856185307	98
-0.09216987140428	0.960869115746174	98
-0.0934371156872902	0.972052225554497	304
-0.0928032593596102	0.972693856185307	1826
-0.09216987140428	0.960869115746174	259
-0.0934371156872902	0.972052225554497	259
-0.0928032593596102	0.972693856185307	225
-0.0967529331340198	0.963861246988004	95
-0.0973945205954201	0.972553736075869	178
-0.0934371156872902	0.972052225554497	1554
-0.0928032593596102	0.972693856185307	98
-0.0928032593596102	0.972693856185307	1590
-0.09216987140428	0.960869115746174	28
-0.0940714409033498	0.959647090123049	259
-0.09216987140428	0.960869115746174	321
-0.10202322642753	0.9540585653027	365
-0.0934371156872902	0.972052225554497	907
-0.0928032593596102	0.972693856185307	98
-0.0934371156872902	0.972052225554497	1590
-0.0967529331340198	0.963861246988004	533
-0.0973945205954201	0.972553736075869	179
-0.0934371156872902	0.972052225554497	1199
-0.0928032593596102	0.972693856185307	1058
-0.0934371156872902	0.972052225554497	95
-0.09216987140428	0.960869115746174	416
-0.0967529331340198	0.963861246988004	1554
-0.0928032593596102	0.972693856185307	98
-0.0928032593596102	0.972693856185307	207
-0.0928032593596102	0.972693856185307	270
-0.0973945205954201	0.972553736075869	213
-0.0967529331340198	0.963861246988004	213
-0.0928032593596102	0.972693856185307	1418
-0.0980365856434902	0.963618638434641	321
-0.0934371156872902	0.972052225554497	260
-0.0934371156872902	0.972052225554497	416
-0.0928032593596102	0.972693856185307	416
-0.0980365856434902	0.963618638434641	1554
-0.0973945205954201	0.972553736075869	98
-0.0967529331340198	0.963861246988004	1826
-0.0967529331340198	0.963861246988004	864
-0.0973945205954201	0.972553736075869	489
-0.0934371156872902	0.972052225554497	1418
-0.0928032593596102	0.972693856185307	259
-0.0967529331340198	0.963861246988004	1015
-0.0928032593596102	0.972693856185307	364
-0.0928032593596102	0.972693856185307	260
-0.0928032593596102	0.972693856185307	98
-0.0934371156872902	0.972052225554497	1554
-0.0934371156872902	0.972052225554497	98
-0.0940714409033498	0.959647090123049	28
-0.09216987140428	0.960869115746174	28
-0.0928032593596102	0.972693856185307	729
-0.09216987140428	0.960869115746174	207
-0.0928032593596102	0.972693856185307	1474
-0.0928032593596102	0.972693856185307	98
-0.09216987140428	0.960869115746174	207
-0.0928032593596102	0.972693856185307	864
-0.0928032593596102	0.972693856185307	321
-0.0940714409033498	0.959647090123049	321
-0.0973945205954201	0.972553736075869	178
-0.09216987140428	0.960869115746174	1015
-0.0934371156872902	0.972052225554497	365
-0.0973945205954201	0.972553736075869	98
-0.0973945205954201	0.972553736075869	729
-0.0934371156872902	0.972052225554497	1175
-0.09216987140428	0.960869115746174	259
-0.0928032593596102	0.972693856185307	95
-0.0967529331340198	0.963861246988004	868
-0.0934371156872902	0.972052225554497	416
-0.0928032593596102	0.972693856185307	98
-0.0940714409033498	0.959647090123049	98
-0.0928032593596102	0.972693856185307	98
-0.0973945205954201	0.972553736075869	98
-0.0934371156872902	0.972052225554497	1146
-0.0928032593596102	0.972693856185307	321
-0.09216987140428	0.960869115746174	321
-0.0928032593596102	0.972693856185307	365
-0.0934371156872902	0.972052225554497	416
-0.0928032593596102	0.972693856185307	168
-0.0928032593596102	0.972693856185307	98
-0.0934371156872902	0.972052225554497	98
-0.0973945205954201	0.972553736075869	28
-0.0934371156872902	0.972052225554497	207
-0.0928032593596102	0.972693856185307	64
-0.0928032593596102	0.972693856185307	321
-0.0967529331340198	0.963861246988004	321
-0.0928032593596102	0.972693856185307	2001
-0.09216987140428	0.960869115746174	2134
-0.0980365856434902	0.963618638434641	1146
-0.0928032593596102	0.972693856185307	2431
-0.0934371156872902	0.972052225554497	321
-0.0928032593596102	0.972693856185307	321
-0.0934371156872902	0.972052225554497	422
-0.0967529331340198	0.963861246988004	2001
-0.0934371156872902	0.972052225554497	98
-0.0928032593596102	0.972693856185307	533
-0.09216987140428	0.960869115746174	1418
-0.10137332680345	0.953686224961348	98
-0.09216987140428	0.960869115746174	2134
-0.0928032593596102	0.972693856185307	533
-0.0934371156872902	0.972052225554497	207
-0.09216987140428	0.960869115746174	270
-0.0940714409033498	0.959647090123049	2277
-0.0973945205954201	0.972553736075869	1324
-0.0928032593596102	0.972693856185307	373
-0.0934371156872902	0.972052225554497	533
-0.10137332680345	0.953686224961348	207
-0.0928032593596102	0.972693856185307	1146
-0.0940714409033498	0.959647090123049	213
-0.0928032593596102	0.972693856185307	213
-0.0934371156872902	0.972052225554497	1175
-0.0940714409033498	0.959647090123049	1175
-0.0934371156872902	0.972052225554497	321
-0.0934371156872902	0.972052225554497	321
-0.0928032593596102	0.972693856185307	11
0.0728142926707598	2.16651311515764	98
-0.0967529331340198	0.963861246988004	98
-0.0928032593596102	0.972693856185307	207
-0.0934371156872902	0.972052225554497	213
0.0733214247900702	2.16909273290189	11
-0.0934371156872902	0.972052225554497	207
-0.0934371156872902	0.972052225554497	64
-0.09216987140428	0.960869115746174	179
-0.0928032593596102	0.972693856185307	207
-0.0940714409033498	0.959647090123049	207
-0.0934371156872902	0.972052225554497	213
-0.09216987140428	0.960869115746174	255
-0.0980365856434902	0.963618638434641	260
-0.0940714409033498	0.959647090123049	260
-0.0973945205954201	0.972553736075869	260
-0.0928032593596102	0.972693856185307	260
-0.0928032593596102	0.972693856185307	260
-0.09216987140428	0.960869115746174	260
-0.0973945205954201	0.972553736075869	98
-0.0973945205954201	0.972553736075869	64
0.0747415188987501	2.16003762536612	95
-0.0928032593596102	0.972693856185307	11
-0.0973945205954201	0.972553736075869	225
-0.09216987140428	0.960869115746174	81
-0.0980365856434902	0.963618638434641	260
-0.0967529331340198	0.963861246988004	98
-0.0928032593596102	0.972693856185307	28
-0.0940714409033498	0.959647090123049	57
0.0785757318973901	2.12785122666535	207
-0.0934371156872902	0.972052225554497	270
-0.0928032593596102	0.972693856185307	1161
-0.0928032593596102	0.972693856185307	321
-0.0934371156872902	0.972052225554497	185
-0.10202322642753	0.9540585653027	69
-0.0934371156872902	0.972052225554497	98
-0.0928032593596102	0.972693856185307	378
-0.0973945205954201	0.972553736075869	207
-0.10137332680345	0.953686224961348	207
-0.0940714409033498	0.959647090123049	1942
-0.0928032593596102	0.972693856185307	1161
-0.09216987140428	0.960869115746174	95
-0.0973945205954201	0.972553736075869	98
-0.10137332680345	0.953686224961348	98
-0.0928032593596102	0.972693856185307	57
-0.0934371156872902	0.972052225554497	1161
-0.0934371156872902	0.972052225554497	117
-0.0928032593596102	0.972693856185307	117
-0.0980365856434902	0.963618638434641	179
-0.0928032593596102	0.972693856185307	328
-0.0928032593596102	0.972693856185307	98
-0.0940714409033498	0.959647090123049	98
-0.0934371156872902	0.972052225554497	98
-0.10202322642753	0.9540585653027	44
-0.0973945205954201	0.972553736075869	44
-0.0928032593596102	0.972693856185307	729
-0.0928032593596102	0.972693856185307	207
-0.0928032593596102	0.972693856185307	64
-0.0928032593596102	0.972693856185307	507
-0.09216987140428	0.960869115746174	95
-0.0973945205954201	0.972553736075869	328
-0.0928032593596102	0.972693856185307	98
-0.0928032593596102	0.972693856185307	98
-0.0967529331340198	0.963861246988004	28
-0.0928032593596102	0.972693856185307	726
-0.0934371156872902	0.972052225554497	1942
-0.0928032593596102	0.972693856185307	179
-0.0967529331340198	0.963861246988004	98
-0.0940714409033498	0.959647090123049	1451
-0.0940714409033498	0.959647090123049	1061
-0.09216987140428	0.960869115746174	364
-0.0973945205954201	0.972553736075869	328
-0.0980365856434902	0.963618638434641	98
-0.0934371156872902	0.972052225554497	98
-0.0934371156872902	0.972052225554497	98
-0.0928032593596102	0.972693856185307	98
-0.0940714409033498	0.959647090123049	98
-0.0980365856434902	0.963618638434641	98
-0.0980365856434902	0.963618638434641	98
-0.0967529331340198	0.963861246988004	98
-0.0934371156872902	0.972052225554497	1466
-0.0973945205954201	0.972553736075869	64
-0.0940714409033498	0.959647090123049	418
-0.0928032593596102	0.972693856185307	179
-0.0934371156872902	0.972052225554497	321
-0.0934371156872902	0.972052225554497	753
-0.0940714409033498	0.959647090123049	291
-0.09216987140428	0.960869115746174	2048
0.0784719859888998	2.13136268526535	28
-0.0928032593596102	0.972693856185307	207
-0.0928032593596102	0.972693856185307	1451
-0.0973945205954201	0.972553736075869	1451
-0.09216987140428	0.960869115746174	1451
-0.0934371156872902	0.972052225554497	179
-0.0980365856434902	0.963618638434641	1348
-0.0973945205954201	0.972553736075869	321
-0.09216987140428	0.960869115746174	321
-0.0928032593596102	0.972693856185307	98
-0.09216987140428	0.960869115746174	98
-0.0934371156872902	0.972052225554497	98
-0.0934371156872902	0.972052225554497	653
-0.0928032593596102	0.972693856185307	841
-0.0934371156872902	0.972052225554497	81
-0.09216987140428	0.960869115746174	185
-0.0928032593596102	0.972693856185307	98
-0.0934371156872902	0.972052225554497	207
-0.0934371156872902	0.972052225554497	179
-0.0928032593596102	0.972693856185307	185
-0.0973945205954201	0.972553736075869	98
-0.09216987140428	0.960869115746174	98
-0.0967529331340198	0.963861246988004	98
-0.0934371156872902	0.972052225554497	98
-0.0967529331340198	0.963861246988004	653
-0.0940714409033498	0.959647090123049	1469
0.0723070701425699	2.15952150741329	361
-0.0980365856434902	0.963618638434641	123
-0.0980365856434902	0.963618638434641	81
-0.0940714409033498	0.959647090123049	881
-0.0928032593596102	0.972693856185307	95
-0.0928032593596102	0.972693856185307	377
-0.0928032593596102	0.972693856185307	722
-0.0934371156872902	0.972052225554497	98
-0.09216987140428	0.960869115746174	1466
-0.09216987140428	0.960869115746174	64
-0.0928032593596102	0.972693856185307	1451
-0.0934371156872902	0.972052225554497	125
-0.09216987140428	0.960869115746174	174
-0.0928032593596102	0.972693856185307	841
-0.0973945205954201	0.972553736075869	841
-0.0940714409033498	0.959647090123049	2037
-0.0928032593596102	0.972693856185307	98
-0.09216987140428	0.960869115746174	98
-0.0934371156872902	0.972052225554497	1133
-0.0928032593596102	0.972693856185307	64
-0.0928032593596102	0.972693856185307	1051
-0.0934371156872902	0.972052225554497	1161
-0.0940714409033498	0.959647090123049	123
-0.0940714409033498	0.959647090123049	722
-0.0967529331340198	0.963861246988004	69
-0.0940714409033498	0.959647090123049	98
-0.0928032593596102	0.972693856185307	98
-0.0928032593596102	0.972693856185307	98
-0.0980365856434902	0.963618638434641	98
-0.0973945205954201	0.972553736075869	532
-0.0928032593596102	0.972693856185307	378
-0.0967529331340198	0.963861246988004	123
-0.0967529331340198	0.963861246988004	123
-0.0928032593596102	0.972693856185307	377
-0.0928032593596102	0.972693856185307	98
-0.0940714409033498	0.959647090123049	98
-0.0928032593596102	0.972693856185307	2109
-0.0980365856434902	0.963618638434641	361
-0.0967529331340198	0.963861246988004	125
-0.0934371156872902	0.972052225554497	123
-0.0928032593596102	0.972693856185307	841
-0.0967529331340198	0.963861246988004	28
-0.0934371156872902	0.972052225554497	2102
-0.0980365856434902	0.963618638434641	361
-0.10137332680345	0.953686224961348	1286
-0.0980365856434902	0.963618638434641	123
-0.0928032593596102	0.972693856185307	123
-0.0973945205954201	0.972553736075869	185
-0.0967529331340198	0.963861246988004	11
-0.0967529331340198	0.963861246988004	98
-0.0928032593596102	0.972693856185307	98
-0.0940714409033498	0.959647090123049	28
-0.0934371156872902	0.972052225554497	28
-0.0928032593596102	0.972693856185307	118
-0.0928032593596102	0.972693856185307	123
-0.09216987140428	0.960869115746174	125
-0.0980365856434902	0.963618638434641	123
-0.0940714409033498	0.959647090123049	81
-0.0928032593596102	0.972693856185307	185
-0.09216987140428	0.960869115746174	69
-0.0928032593596102	0.972693856185307	44
-0.0934371156872902	0.972052225554497	28
-0.0940714409033498	0.959647090123049	191
-0.0928032593596102	0.972693856185307	64
-0.0934371156872902	0.972052225554497	125
-0.0973945205954201	0.972553736075869	125
-0.0940714409033498	0.959647090123049	123
-0.0934371156872902	0.972052225554497	841
-0.0940714409033498	0.959647090123049	841
-0.0973945205954201	0.972553736075869	81
-0.0928032593596102	0.972693856185307	188
-0.0928032593596102	0.972693856185307	188
-0.0973945205954201	0.972553736075869	98
-0.0928032593596102	0.972693856185307	64
-0.09216987140428	0.960869115746174	125
-0.0928032593596102	0.972693856185307	2391
-0.0934371156872902	0.972052225554497	123
-0.0928032593596102	0.972693856185307	123
-0.0940714409033498	0.959647090123049	28
-0.0940714409033498	0.959647090123049	543
-0.0934371156872902	0.972052225554497	543
-0.0973945205954201	0.972553736075869	123
-0.0934371156872902	0.972052225554497	123
-0.09216987140428	0.960869115746174	98
-0.0928032593596102	0.972693856185307	28
-0.0973945205954201	0.972553736075869	2467
-0.0928032593596102	0.972693856185307	392
-0.0973945205954201	0.972553736075869	95
-0.0973945205954201	0.972553736075869	188
-0.0967529331340198	0.963861246988004	44
-0.0934371156872902	0.972052225554497	44
-0.0934371156872902	0.972052225554497	979
-0.09216987140428	0.960869115746174	28
-0.0928032593596102	0.972693856185307	2111
-0.0934371156872902	0.972052225554497	125
-0.0928032593596102	0.972693856185307	123
-0.09216987140428	0.960869115746174	118
-0.0934371156872902	0.972052225554497	125
-0.0928032593596102	0.972693856185307	422
0.0784719859888998	2.13136268526535	188
-0.0940714409033498	0.959647090123049	98
-0.0967529331340198	0.963861246988004	125
-0.0934371156872902	0.972052225554497	668
-0.0940714409033498	0.959647090123049	123
-0.0928032593596102	0.972693856185307	841
-0.0928032593596102	0.972693856185307	255
-0.0928032593596102	0.972693856185307	543
-0.0928032593596102	0.972693856185307	125
-0.0934371156872902	0.972052225554497	841
-0.0928032593596102	0.972693856185307	841
-0.0967529331340198	0.963861246988004	125
-0.09216987140428	0.960869115746174	123
-0.0934371156872902	0.972052225554497	1883
-0.0967529331340198	0.963861246988004	306
-0.0934371156872902	0.972052225554497	544
-0.0973945205954201	0.972553736075869	138
-0.0973945205954201	0.972553736075869	11
-0.0973945205954201	0.972553736075869	260
-0.09216987140428	0.960869115746174	69
-0.0973945205954201	0.972553736075869	599
-0.0940714409033498	0.959647090123049	543
-0.0934371156872902	0.972052225554497	123
-0.0928032593596102	0.972693856185307	309
-0.0973945205954201	0.972553736075869	306
-0.0928032593596102	0.972693856185307	1013
-0.09216987140428	0.960869115746174	422
-0.0928032593596102	0.972693856185307	256
-0.0928032593596102	0.972693856185307	543
-0.0934371156872902	0.972052225554497	57
-0.0928032593596102	0.972693856185307	608
-0.0934371156872902	0.972052225554497	2430
-0.0928032593596102	0.972693856185307	82
-0.0967529331340198	0.963861246988004	422
-0.0928032593596102	0.972693856185307	138
-0.09216987140428	0.960869115746174	772
-0.0980365856434902	0.963618638434641	772
-0.0940714409033498	0.959647090123049	188
-0.0980365856434902	0.963618638434641	256
-0.0928032593596102	0.972693856185307	57
-0.0934371156872902	0.972052225554497	125
-0.0928032593596102	0.972693856185307	125
-0.0928032593596102	0.972693856185307	125
-0.0973945205954201	0.972553736075869	123
-0.0934371156872902	0.972052225554497	309
-0.0934371156872902	0.972052225554497	309
-0.0928032593596102	0.972693856185307	306
-0.09216987140428	0.960869115746174	138
-0.0934371156872902	0.972052225554497	260
-0.0928032593596102	0.972693856185307	188
-0.0973945205954201	0.972553736075869	33
-0.0934371156872902	0.972052225554497	33
-0.0934371156872902	0.972052225554497	125
-0.0980365856434902	0.963618638434641	1683
-0.0928032593596102	0.972693856185307	306
-0.0973945205954201	0.972553736075869	422
-0.09216987140428	0.960869115746174	138
-0.0973945205954201	0.972553736075869	138
-0.0934371156872902	0.972052225554497	260
-0.0928032593596102	0.972693856185307	772
-0.0940714409033498	0.959647090123049	188
-0.0967529331340198	0.963861246988004	256
-0.09216987140428	0.960869115746174	1290
-0.0940714409033498	0.959647090123049	1290
-0.09216987140428	0.960869115746174	811
-0.0934371156872902	0.972052225554497	543
-0.0934371156872902	0.972052225554497	33
-0.0928032593596102	0.972693856185307	125
-0.0928032593596102	0.972693856185307	309
-0.0973945205954201	0.972553736075869	306
-0.0940714409033498	0.959647090123049	260
-0.0940714409033498	0.959647090123049	260
-0.0940714409033498	0.959647090123049	11
-0.0928032593596102	0.972693856185307	57
-0.0928032593596102	0.972693856185307	2430
-0.0928032593596102	0.972693856185307	138
-0.0928032593596102	0.972693856185307	260
-0.0940714409033498	0.959647090123049	1290
-0.0928032593596102	0.972693856185307	543
-0.0934371156872902	0.972052225554497	2430
-0.0934371156872902	0.972052225554497	125
-0.0980365856434902	0.963618638434641	125
-0.0928032593596102	0.972693856185307	125
-0.0934371156872902	0.972052225554497	125
-0.0934371156872902	0.972052225554497	123
-0.0967529331340198	0.963861246988004	256
-0.0934371156872902	0.972052225554497	57
-0.0973945205954201	0.972553736075869	954
-0.0928032593596102	0.972693856185307	125
-0.09216987140428	0.960869115746174	125
-0.0973945205954201	0.972553736075869	125
0.0738284665165998	2.16741144123835	599
-0.0973945205954201	0.972553736075869	125
-0.0940714409033498	0.959647090123049	125
-0.0973945205954201	0.972553736075869	82
-0.0928032593596102	0.972693856185307	1683
-0.0980365856434902	0.963618638434641	1681
-0.0940714409033498	0.959647090123049	138
-0.0940714409033498	0.959647090123049	1815
-0.09216987140428	0.960869115746174	811
-0.0973945205954201	0.972553736075869	33
-0.0934371156872902	0.972052225554497	125
-0.09216987140428	0.960869115746174	123
-0.10137332680345	0.953686224961348	1815
-0.0928032593596102	0.972693856185307	125
-0.10137332680345	0.953686224961348	2318
-0.09216987140428	0.960869115746174	1683
-0.0973945205954201	0.972553736075869	123
-0.0934371156872902	0.972052225554497	123
-0.0973945205954201	0.972553736075869	82
-0.0934371156872902	0.972052225554497	309
-0.0928032593596102	0.972693856185307	309
-0.0973945205954201	0.972553736075869	138
0.0663547682999401	2.06558350276933	1815
-0.09216987140428	0.960869115746174	28
-0.0928032593596102	0.972693856185307	309
0.07101241230772	2.14592789807272	255
-0.0928032593596102	0.972693856185307	125
-0.0940714409033498	0.959647090123049	82
-0.09216987140428	0.960869115746174	123
-0.0934371156872902	0.972052225554497	309
-0.0934371156872902	0.972052225554497	309
0.0780677050478098	2.13521555602503	44
-0.0928032593596102	0.972693856185307	125
-0.0934371156872902	0.972052225554497	125
-0.0980365856434902	0.963618638434641	256
-0.0928032593596102	0.972693856185307	57
-0.0928032593596102	0.972693856185307	57
-0.0940714409033498	0.959647090123049	618
-0.0940714409033498	0.959647090123049	64
-0.0973945205954201	0.972553736075869	125
-0.0928032593596102	0.972693856185307	125
-0.0928032593596102	0.972693856185307	541
-0.0934371156872902	0.972052225554497	188
-0.0928032593596102	0.972693856185307	125
-0.0488765494438499	2.41335823511414	123
0.0748422788557499	2.15016389152874	422
-0.09216987140428	0.960869115746174	422
-0.09216987140428	0.960869115746174	138
-0.0973945205954201	0.972553736075869	256
-0.09216987140428	0.960869115746174	618
-0.0967529331340198	0.963861246988004	618
-0.0973945205954201	0.972553736075869	125
-0.0934371156872902	0.972052225554497	1147
-0.09216987140428	0.960869115746174	2465
-0.10137332680345	0.953686224961348	553
-0.0928032593596102	0.972693856185307	125
-0.09216987140428	0.960869115746174	618
-0.0973945205954201	0.972553736075869	125
-0.0934371156872902	0.972052225554497	309
-0.0928032593596102	0.972693856185307	309
-0.0934371156872902	0.972052225554497	309
-0.0980365856434902	0.963618638434641	2240
-0.0940714409033498	0.959647090123049	188
-0.0934371156872902	0.972052225554497	553
-0.0967529331340198	0.963861246988004	125
-0.09216987140428	0.960869115746174	125
-0.0934371156872902	0.972052225554497	82
-0.10202322642753	0.9540585653027	95
0.0748247009670902	2.11648310808273	11
-0.0967529331340198	0.963861246988004	188
-0.0934371156872902	0.972052225554497	44
-0.0928032593596102	0.972693856185307	553
-0.0940714409033498	0.959647090123049	77
-0.09216987140428	0.960869115746174	125
-0.0967529331340198	0.963861246988004	125
-0.0967529331340198	0.963861246988004	123
-0.0928032593596102	0.972693856185307	2240
-0.0973945205954201	0.972553736075869	255
-0.0967529331340198	0.963861246988004	129
-0.0928032593596102	0.972693856185307	414
-0.0973945205954201	0.972553736075869	75
-0.0940714409033498	0.959647090123049	25
-0.0973945205954201	0.972553736075869	33
-0.0934371156872902	0.972052225554497	618
-0.0973945205954201	0.972553736075869	125
-0.09216987140428	0.960869115746174	123
-0.09216987140428	0.960869115746174	129
-0.0973945205954201	0.972553736075869	44
-0.0967529331340198	0.963861246988004	599
-0.0967529331340198	0.963861246988004	256
-0.0928032593596102	0.972693856185307	125
-0.0940714409033498	0.959647090123049	125
-0.0940714409033498	0.959647090123049	879
-0.0934371156872902	0.972052225554497	9
-0.0973945205954201	0.972553736075869	414
-0.0928032593596102	0.972693856185307	69
-0.0973945205954201	0.972553736075869	75
-0.0973945205954201	0.972553736075869	44
-0.09216987140428	0.960869115746174	28
-0.0934371156872902	0.972052225554497	2
-0.09216987140428	0.960869115746174	125
-0.09216987140428	0.960869115746174	104
-0.0928032593596102	0.972693856185307	1684
-0.0928032593596102	0.972693856185307	123
-0.0980365856434902	0.963618638434641	123
-0.0980365856434902	0.963618638434641	309
-0.0980365856434902	0.963618638434641	104
-0.09216987140428	0.960869115746174	514
-0.09216987140428	0.960869115746174	332
-0.0928032593596102	0.972693856185307	69
-0.0934371156872902	0.972052225554497	1761
-0.0967529331340198	0.963861246988004	1001
-0.0940714409033498	0.959647090123049	25
-0.0928032593596102	0.972693856185307	125
-0.09216987140428	0.960869115746174	879
-0.0934371156872902	0.972052225554497	309
-0.0934371156872902	0.972052225554497	332
-0.0934371156872902	0.972052225554497	77
-0.09216987140428	0.960869115746174	1807
-0.09216987140428	0.960869115746174	104
-0.0934371156872902	0.972052225554497	104
-0.0973945205954201	0.972553736075869	422
-0.0934371156872902	0.972052225554497	332
-0.09216987140428	0.960869115746174	25
-0.0928032593596102	0.972693856185307	599
0.0695928384953199	2.15746078192226	599
-0.0934371156872902	0.972052225554497	9
-0.0967529331340198	0.963861246988004	309
-0.0928032593596102	0.972693856185307	81
-0.09216987140428	0.960869115746174	129
-0.0980365856434902	0.963618638434641	1297
-0.10202322642753	0.9540585653027	25
-0.0928032593596102	0.972693856185307	2
-0.0928032593596102	0.972693856185307	104
-0.09216987140428	0.960869115746174	879
-0.0973945205954201	0.972553736075869	255
-0.0934371156872902	0.972052225554497	514
-0.0928032593596102	0.972693856185307	1658
-0.0967529331340198	0.963861246988004	1761
-0.09216987140428	0.960869115746174	125
-0.09216987140428	0.960869115746174	514
-0.0928032593596102	0.972693856185307	75
-0.0967529331340198	0.963861246988004	116
-0.09216987140428	0.960869115746174	256
-0.0928032593596102	0.972693856185307	2
-0.0934371156872902	0.972052225554497	2
-0.0934371156872902	0.972052225554497	618
-0.0973945205954201	0.972553736075869	350
-0.0928032593596102	0.972693856185307	104
-0.0928032593596102	0.972693856185307	75
-0.09216987140428	0.960869115746174	25
-0.0973945205954201	0.972553736075869	2
-0.09216987140428	0.960869115746174	2
-0.0967529331340198	0.963861246988004	2
-0.0934371156872902	0.972052225554497	1493
-0.0928032593596102	0.972693856185307	125
-0.0973945205954201	0.972553736075869	414
-0.0934371156872902	0.972052225554497	44
-0.0973945205954201	0.972553736075869	44
-0.0940714409033498	0.959647090123049	1104
-0.0934371156872902	0.972052225554497	44
-0.0928032593596102	0.972693856185307	256
-0.0928032593596102	0.972693856185307	618
-0.0934371156872902	0.972052225554497	123
-0.0928032593596102	0.972693856185307	123
-0.0973945205954201	0.972553736075869	1603
-0.0934371156872902	0.972052225554497	1603
0.0785607262831198	2.13345337143003	1499
-0.0967529331340198	0.963861246988004	414
-0.0940714409033498	0.959647090123049	332
-0.10137332680345	0.953686224961348	332
-0.0973945205954201	0.972553736075869	33
-0.0928032593596102	0.972693856185307	437
-0.09216987140428	0.960869115746174	104
-0.0934371156872902	0.972052225554497	9
-0.0928032593596102	0.972693856185307	256
-0.0940714409033498	0.959647090123049	618
-0.0934371156872902	0.972052225554497	125
-0.0928032593596102	0.972693856185307	44
-0.0980365856434902	0.963618638434641	44
-0.0928032593596102	0.972693856185307	25
-0.0934371156872902	0.972052225554497	2
-0.0934371156872902	0.972052225554497	125
-0.0934371156872902	0.972052225554497	125
-0.0928032593596102	0.972693856185307	437
-0.09216987140428	0.960869115746174	9
-0.09216987140428	0.960869115746174	75
-0.0980365856434902	0.963618638434641	104
-0.0934371156872902	0.972052225554497	104
-0.0973945205954201	0.972553736075869	104
-0.09216987140428	0.960869115746174	414
-0.0967529331340198	0.963861246988004	238
-0.0934371156872902	0.972052225554497	44
-0.0973945205954201	0.972553736075869	1709
-0.0967529331340198	0.963861246988004	1489
-0.0498134085122102	2.38069180330449	25
-0.0928032593596102	0.972693856185307	25
-0.0967529331340198	0.963861246988004	2
-0.0928032593596102	0.972693856185307	125
-0.0973945205954201	0.972553736075869	1208
-0.0940714409033498	0.959647090123049	1208
-0.09216987140428	0.960869115746174	75
-0.0928032593596102	0.972693856185307	25
-0.0928032593596102	0.972693856185307	33
-0.0973945205954201	0.972553736075869	125
-0.0928032593596102	0.972693856185307	437
-0.0967529331340198	0.963861246988004	468
-0.0928032593596102	0.972693856185307	238
-0.0967529331340198	0.963861246988004	75
-0.09216987140428	0.960869115746174	19
-0.0928032593596102	0.972693856185307	44
-0.0940714409033498	0.959647090123049	125
-0.0934371156872902	0.972052225554497	125
-0.0928032593596102	0.972693856185307	1208
-0.0934371156872902	0.972052225554497	2195
-0.0934371156872902	0.972052225554497	238
-0.0928032593596102	0.972693856185307	75
-0.0928032593596102	0.972693856185307	44
-0.09216987140428	0.960869115746174	1489
-0.0928032593596102	0.972693856185307	33
-0.09216987140428	0.960869115746174	1208
-0.0934371156872902	0.972052225554497	104
-0.0940714409033498	0.959647090123049	104
-0.0928032593596102	0.972693856185307	932
-0.0934371156872902	0.972052225554497	932
-0.0940714409033498	0.959647090123049	932
-0.0980365856434902	0.963618638434641	2285
0.07796419243819	2.1309399371342	422
-0.0934371156872902	0.972052225554497	1489
-0.0967529331340198	0.963861246988004	44
-0.10137332680345	0.953686224961348	44
-0.0928032593596102	0.972693856185307	33
-0.0940714409033498	0.959647090123049	632
-0.0928032593596102	0.972693856185307	632
-0.0940714409033498	0.959647090123049	316
-0.0928032593596102	0.972693856185307	129
-0.0928032593596102	0.972693856185307	422
-0.0980365856434902	0.963618638434641	422
-0.0973945205954201	0.972553736075869	239
-0.0928032593596102	0.972693856185307	468
-0.0940714409033498	0.959647090123049	19
-0.0967529331340198	0.963861246988004	44
-0.0940714409033498	0.959647090123049	33
-0.0934371156872902	0.972052225554497	2
-0.0934371156872902	0.972052225554497	125
-0.09216987140428	0.960869115746174	932
-0.0940714409033498	0.959647090123049	33
-0.0934371156872902	0.972052225554497	632
-0.0967529331340198	0.963861246988004	125
-0.0934371156872902	0.972052225554497	580
-0.0928032593596102	0.972693856185307	580
-0.0940714409033498	0.959647090123049	2285
-0.0928032593596102	0.972693856185307	33
-0.0940714409033498	0.959647090123049	632
-0.0967529331340198	0.963861246988004	25
-0.10137332680345	0.953686224961348	256
-0.0928032593596102	0.972693856185307	256
-0.0980365856434902	0.963618638434641	974
0.0700014833446101	2.14980055610868	33
-0.0940714409033498	0.959647090123049	125
-0.09216987140428	0.960869115746174	39
-0.0934371156872902	0.972052225554497	125
-0.09216987140428	0.960869115746174	761
-0.0928032593596102	0.972693856185307	256
-0.0973945205954201	0.972553736075869	256
-0.0980365856434902	0.963618638434641	974
-0.0973945205954201	0.972553736075869	153
-0.0928032593596102	0.972693856185307	129
-0.10202322642753	0.9540585653027	468
-0.0928032593596102	0.972693856185307	25
-0.0934371156872902	0.972052225554497	125
-0.0934371156872902	0.972052225554497	39
-0.0934371156872902	0.972052225554497	104
-0.0973945205954201	0.972553736075869	613
-0.0928032593596102	0.972693856185307	613
-0.0928032593596102	0.972693856185307	2285
-0.0973945205954201	0.972553736075869	256
-0.0980365856434902	0.963618638434641	2142
-0.0928032593596102	0.972693856185307	39
-0.0934371156872902	0.972052225554497	255
-0.0479061226073099	2.35473966504189	238
-0.0967529331340198	0.963861246988004	44
-0.0934371156872902	0.972052225554497	33
-0.0940714409033498	0.959647090123049	761
-0.0934371156872902	0.972052225554497	104
-0.0934371156872902	0.972052225554497	1610
-0.09216987140428	0.960869115746174	554
-0.0934371156872902	0.972052225554497	196
-0.0934371156872902	0.972052225554497	2335
-0.0928032593596102	0.972693856185307	125
-0.0928032593596102	0.972693856185307	39
-0.0934371156872902	0.972052225554497	104
-0.09216987140428	0.960869115746174	256
-0.0928032593596102	0.972693856185307	33
-0.0934371156872902	0.972052225554497	2
-0.0940714409033498	0.959647090123049	2
-0.0934371156872902	0.972052225554497	104
-0.0928032593596102	0.972693856185307	2
-0.09216987140428	0.960869115746174	39
-0.0940714409033498	0.959647090123049	932
-0.0980365856434902	0.963618638434641	33
-0.0980365856434902	0.963618638434641	580
-0.09216987140428	0.960869115746174	1409
-0.0928032593596102	0.972693856185307	353
-0.09216987140428	0.960869115746174	2458
-0.0973945205954201	0.972553736075869	25
-0.0940714409033498	0.959647090123049	2
-0.0928032593596102	0.972693856185307	293
-0.0940714409033498	0.959647090123049	1261
-0.0967529331340198	0.963861246988004	293
-0.09216987140428	0.960869115746174	293
-0.0973945205954201	0.972553736075869	630
-0.0928032593596102	0.972693856185307	104
-0.0928032593596102	0.972693856185307	1409
-0.0928032593596102	0.972693856185307	129
-0.09216987140428	0.960869115746174	25
-0.0426049360416201	2.38859374416969	705
-0.0967529331340198	0.963861246988004	293
-0.10137332680345	0.953686224961348	293
-0.0934371156872902	0.972052225554497	1261
-0.0928032593596102	0.972693856185307	1586
-0.0416315639212299	2.39768472914554	256
-0.0928032593596102	0.972693856185307	33
-0.0934371156872902	0.972052225554497	2
-0.0940714409033498	0.959647090123049	104
-0.0934371156872902	0.972052225554497	353
0.0765430736806598	2.13393776954098	44
-0.0928032593596102	0.972693856185307	19
-0.0980365856434902	0.963618638434641	669
-0.0940714409033498	0.959647090123049	104
-0.0934371156872902	0.972052225554497	1409
-0.10202322642753	0.9540585653027	1586
-0.0940714409033498	0.959647090123049	25
-0.0973945205954201	0.972553736075869	44
-0.0973945205954201	0.972553736075869	1586
-0.0928032593596102	0.972693856185307	25
-0.0934371156872902	0.972052225554497	1833
-0.0967529331340198	0.963861246988004	840
-0.0934371156872902	0.972052225554497	1778
-0.0980365856434902	0.963618638434641	2
-0.0928032593596102	0.972693856185307	2
-0.0940714409033498	0.959647090123049	2
-0.0928032593596102	0.972693856185307	104
-0.09216987140428	0.960869115746174	2374
-0.09216987140428	0.960869115746174	25
-0.10202322642753	0.9540585653027	25
-0.0934371156872902	0.972052225554497	25
-0.0928032593596102	0.972693856185307	256
-0.0973945205954201	0.972553736075869	104
-0.0928032593596102	0.972693856185307	2374
-0.0451987380809902	2.39491062846702	25
-0.0928032593596102	0.972693856185307	196
-0.0934371156872902	0.972052225554497	141
-0.09216987140428	0.960869115746174	129
-0.0973945205954201	0.972553736075869	44
-0.0928032593596102	0.972693856185307	19
-0.0967529331340198	0.963861246988004	19
-0.0940714409033498	0.959647090123049	141
-0.0973945205954201	0.972553736075869	1257
-0.0928032593596102	0.972693856185307	1257
-0.0928032593596102	0.972693856185307	238
-0.0980365856434902	0.963618638434641	19
-0.09216987140428	0.960869115746174	237
-0.0973945205954201	0.972553736075869	25
-0.0980365856434902	0.963618638434641	25
-0.0973945205954201	0.972553736075869	25
-0.0934371156872902	0.972052225554497	2268
-0.0934371156872902	0.972052225554497	910
-0.0928032593596102	0.972693856185307	2268
-0.0934371156872902	0.972052225554497	2
-0.0934371156872902	0.972052225554497	2
-0.0934371156872902	0.972052225554497	141
-0.09216987140428	0.960869115746174	131
-0.0928032593596102	0.972693856185307	1257
-0.0928032593596102	0.972693856185307	19
-0.0940714409033498	0.959647090123049	1501
-0.09216987140428	0.960869115746174	2
-0.0934371156872902	0.972052225554497	2
-0.0934371156872902	0.972052225554497	14
-0.0928032593596102	0.972693856185307	1067
-0.09216987140428	0.960869115746174	129
-0.0928032593596102	0.972693856185307	1369
-0.0934371156872902	0.972052225554497	44
-0.0928032593596102	0.972693856185307	19
-0.0940714409033498	0.959647090123049	19
-0.0980365856434902	0.963618638434641	25
-0.0980365856434902	0.963618638434641	153
-0.0928032593596102	0.972693856185307	1125
-0.0934371156872902	0.972052225554497	2
-0.0934371156872902	0.972052225554497	2
-0.0934371156872902	0.972052225554497	2
-0.0928032593596102	0.972693856185307	104
0.0611338148798799	2.09573320421437	129
-0.0934371156872902	0.972052225554497	19
-0.0928032593596102	0.972693856185307	19
-0.0973945205954201	0.972553736075869	2321
-0.0928032593596102	0.972693856185307	631
-0.0928032593596102	0.972693856185307	405
-0.0928032593596102	0.972693856185307	19
-0.0928032593596102	0.972693856185307	19
-0.0928032593596102	0.972693856185307	25
-0.0934371156872902	0.972052225554497	1620
-0.0934371156872902	0.972052225554497	2
-0.09216987140428	0.960869115746174	2
-0.0934371156872902	0.972052225554497	14
-0.0934371156872902	0.972052225554497	621
-0.0980365856434902	0.963618638434641	615
-0.0934371156872902	0.972052225554497	176
-0.0928032593596102	0.972693856185307	2321
-0.09216987140428	0.960869115746174	1620
-0.0928032593596102	0.972693856185307	1067
-0.0940714409033498	0.959647090123049	104
-0.09216987140428	0.960869115746174	454
-0.0973945205954201	0.972553736075869	405
-0.0934371156872902	0.972052225554497	44
-0.0973945205954201	0.972553736075869	615
-0.0973945205954201	0.972553736075869	25
-0.09216987140428	0.960869115746174	1125
-0.0934371156872902	0.972052225554497	2
-0.0973945205954201	0.972553736075869	2
-0.0928032593596102	0.972693856185307	427
-0.09216987140428	0.960869115746174	427
-0.0940714409033498	0.959647090123049	2
-0.0934371156872902	0.972052225554497	14
-0.0928032593596102	0.972693856185307	104
-0.0967529331340198	0.963861246988004	99
-0.0934371156872902	0.972052225554497	99
-0.0928032593596102	0.972693856185307	44
-0.0934371156872902	0.972052225554497	19
-0.0934371156872902	0.972052225554497	615
-0.0928032593596102	0.972693856185307	615
-0.0940714409033498	0.959647090123049	2
-0.0934371156872902	0.972052225554497	14
-0.0934371156872902	0.972052225554497	14
-0.0980365856434902	0.963618638434641	1067
-0.0940714409033498	0.959647090123049	468
-0.0928032593596102	0.972693856185307	2398
-0.0934371156872902	0.972052225554497	2398
-0.0934371156872902	0.972052225554497	19
-0.0934371156872902	0.972052225554497	19
-0.09216987140428	0.960869115746174	615
-0.09216987140428	0.960869115746174	1256
-0.09216987140428	0.960869115746174	1256
-0.0967529331340198	0.963861246988004	468
-0.0973945205954201	0.972553736075869	615
-0.0934371156872902	0.972052225554497	153
-0.0928032593596102	0.972693856185307	2
-0.09216987140428	0.960869115746174	427
-0.0980365856434902	0.963618638434641	129
-0.0973945205954201	0.972553736075869	44
-0.0980365856434902	0.963618638434641	237
-0.0928032593596102	0.972693856185307	2
-0.0967529331340198	0.963861246988004	2
-0.0928032593596102	0.972693856185307	14
-0.0940714409033498	0.959647090123049	1841
-0.0967529331340198	0.963861246988004	129
-0.0364310791504101	2.3430671239385	44
-0.09216987140428	0.960869115746174	44
-0.0928032593596102	0.972693856185307	25
-0.0967529331340198	0.963861246988004	153
-0.0934371156872902	0.972052225554497	2
-0.0940714409033498	0.959647090123049	104
-0.0928032593596102	0.972693856185307	869
-0.0973945205954201	0.972553736075869	1850
-0.0973945205954201	0.972553736075869	1067
-0.0934371156872902	0.972052225554497	44
-0.0980365856434902	0.963618638434641	19
-0.09216987140428	0.960869115746174	19
-0.09216987140428	0.960869115746174	2065
-0.0967529331340198	0.963861246988004	2256
-0.09216987140428	0.960869115746174	14
-0.0928032593596102	0.972693856185307	14
-0.0928032593596102	0.972693856185307	59
-0.09216987140428	0.960869115746174	104
-0.0498473503658201	2.43344452150637	44
-0.10202322642753	0.9540585653027	234
-0.0973945205954201	0.972553736075869	14
-0.0967529331340198	0.963861246988004	1067
-0.09216987140428	0.960869115746174	129
-0.0934371156872902	0.972052225554497	1471
-0.0973945205954201	0.972553736075869	2
-0.0934371156872902	0.972052225554497	14
-0.0934371156872902	0.972052225554497	14
-0.0980365856434902	0.963618638434641	104
-0.0928032593596102	0.972693856185307	19
-0.0934371156872902	0.972052225554497	2
-0.0928032593596102	0.972693856185307	2256
-0.0934371156872902	0.972052225554497	2
-0.0928032593596102	0.972693856185307	104
-0.0934371156872902	0.972052225554497	2256
-0.0973945205954201	0.972553736075869	104
-0.0934371156872902	0.972052225554497	104
-0.0940714409033498	0.959647090123049	19
-0.0973945205954201	0.972553736075869	14
-0.0940714409033498	0.959647090123049	1267
-0.0928032593596102	0.972693856185307	2
-0.0973945205954201	0.972553736075869	1067
-0.0544600156543402	2.41078829851336	44
-0.09216987140428	0.960869115746174	754
-0.0928032593596102	0.972693856185307	2
-0.0934371156872902	0.972052225554497	1016
-0.0928032593596102	0.972693856185307	104
-0.0928032593596102	0.972693856185307	129
-0.0928032593596102	0.972693856185307	2
-0.0934371156872902	0.972052225554497	2
-0.0928032593596102	0.972693856185307	2
-0.0973945205954201	0.972553736075869	29
0.0747415188987501	2.16003762536612	71
-0.0928032593596102	0.972693856185307	71
-0.0928032593596102	0.972693856185307	1850
-0.0980365856434902	0.963618638434641	2
-0.0934371156872902	0.972052225554497	2
-0.0980365856434902	0.963618638434641	1685
-0.0928032593596102	0.972693856185307	14
-0.0940714409033498	0.959647090123049	656
-0.0973945205954201	0.972553736075869	19
-0.0934371156872902	0.972052225554497	234
-0.0973945205954201	0.972553736075869	70
-0.0928032593596102	0.972693856185307	2
-0.0934371156872902	0.972052225554497	14
-0.0928032593596102	0.972693856185307	1891
-0.0928032593596102	0.972693856185307	1237
-0.0928032593596102	0.972693856185307	2156
-0.0934371156872902	0.972052225554497	29
-0.0973945205954201	0.972553736075869	59
-0.0967529331340198	0.963861246988004	656
-0.0973945205954201	0.972553736075869	104
-0.0973945205954201	0.972553736075869	19
-0.0928032593596102	0.972693856185307	2
-0.0940714409033498	0.959647090123049	2
-0.09216987140428	0.960869115746174	2
-0.0934371156872902	0.972052225554497	14
-0.0928032593596102	0.972693856185307	422
-0.0928032593596102	0.972693856185307	2
-0.09216987140428	0.960869115746174	2
-0.09216987140428	0.960869115746174	14
-0.0967529331340198	0.963861246988004	2461
-0.0928032593596102	0.972693856185307	29
-0.0940714409033498	0.959647090123049	234
-0.0928032593596102	0.972693856185307	29
-0.0928032593596102	0.972693856185307	234
-0.0934371156872902	0.972052225554497	2
-0.0973945205954201	0.972553736075869	2
-0.0928032593596102	0.972693856185307	656
-0.0940714409033498	0.959647090123049	153
-0.0973945205954201	0.972553736075869	2
-0.0934371156872902	0.972052225554497	70
-0.09216987140428	0.960869115746174	2
-0.0928032593596102	0.972693856185307	2
-0.0967529331340198	0.963861246988004	2
-0.0940714409033498	0.959647090123049	14
-0.0980365856434902	0.963618638434641	14
-0.0967529331340198	0.963861246988004	754
-0.0973945205954201	0.972553736075869	2
-0.0973945205954201	0.972553736075869	2
-0.0928032593596102	0.972693856185307	1248
-0.0973945205954201	0.972553736075869	2
-0.0934371156872902	0.972052225554497	246
-0.0934371156872902	0.972052225554497	590
-0.0928032593596102	0.972693856185307	2
-0.0940714409033498	0.959647090123049	2
-0.0934371156872902	0.972052225554497	246
-0.0967529331340198	0.963861246988004	14
-0.0934371156872902	0.972052225554497	14
-0.0928032593596102	0.972693856185307	29
-0.0928032593596102	0.972693856185307	129
-0.0934371156872902	0.972052225554497	16
-0.0973945205954201	0.972553736075869	237
-0.0934371156872902	0.972052225554497	1393
-0.0980365856434902	0.963618638434641	1393
-0.0940714409033498	0.959647090123049	2
-0.0928032593596102	0.972693856185307	2
-0.0980365856434902	0.963618638434641	2
-0.0928032593596102	0.972693856185307	14
-0.09216987140428	0.960869115746174	1513
-0.0934371156872902	0.972052225554497	831
-0.0973945205954201	0.972553736075869	1120
-0.0928032593596102	0.972693856185307	44
-0.09216987140428	0.960869115746174	182
-0.0967529331340198	0.963861246988004	182
-0.0973945205954201	0.972553736075869	182
-0.0934371156872902	0.972052225554497	237
-0.0928032593596102	0.972693856185307	754
-0.0980365856434902	0.963618638434641	1166
-0.0967529331340198	0.963861246988004	153
-0.0940714409033498	0.959647090123049	153
-0.0934371156872902	0.972052225554497	1248
-0.0934371156872902	0.972052225554497	1506
-0.0928032593596102	0.972693856185307	14
-0.0934371156872902	0.972052225554497	29
-0.09216987140428	0.960869115746174	29
-0.0940714409033498	0.959647090123049	246
-0.0934371156872902	0.972052225554497	246
-0.0934371156872902	0.972052225554497	1506
-0.0934371156872902	0.972052225554497	736
-0.0934371156872902	0.972052225554497	736
-0.0934371156872902	0.972052225554497	1534
-0.0934371156872902	0.972052225554497	44
-0.0934371156872902	0.972052225554497	19
-0.0928032593596102	0.972693856185307	246
-0.0928032593596102	0.972693856185307	1506
-0.0934371156872902	0.972052225554497	1506
-0.0928032593596102	0.972693856185307	29
0.0658658767434699	2.12933612297315	19
-0.0940714409033498	0.959647090123049	1379
-0.0928032593596102	0.972693856185307	246
-0.0928032593596102	0.972693856185307	2
-0.0928032593596102	0.972693856185307	1507
-0.0940714409033498	0.959647090123049	204
-0.0928032593596102	0.972693856185307	14
-0.09216987140428	0.960869115746174	14
-0.10137332680345	0.953686224961348	29
-0.0934371156872902	0.972052225554497	29
0.0657720908116199	2.12160312709026	131
0.0752480496381298	2.1539678111155	16
-0.0940714409033498	0.959647090123049	153
-0.0934371156872902	0.972052225554497	1248
-0.0928032593596102	0.972693856185307	246
-0.0928032593596102	0.972693856185307	14
-0.0928032593596102	0.972693856185307	14
-0.0928032593596102	0.972693856185307	14
-0.0928032593596102	0.972693856185307	14
-0.0934371156872902	0.972052225554497	831
-0.0928032593596102	0.972693856185307	59
-0.0928032593596102	0.972693856185307	71
-0.0928032593596102	0.972693856185307	237
-0.0940714409033498	0.959647090123049	153
-0.0934371156872902	0.972052225554497	246
-0.0928032593596102	0.972693856185307	2
-0.0973945205954201	0.972553736075869	14
-0.0934371156872902	0.972052225554497	14
-0.0934371156872902	0.972052225554497	831
-0.0940714409033498	0.959647090123049	831
-0.0928032593596102	0.972693856185307	831
-0.09216987140428	0.960869115746174	610
-0.09216987140428	0.960869115746174	78
-0.0940714409033498	0.959647090123049	2
-0.10202322642753	0.9540585653027	2
-0.0973945205954201	0.972553736075869	14
-0.0934371156872902	0.972052225554497	14
-0.0934371156872902	0.972052225554497	14
-0.09216987140428	0.960869115746174	29
-0.0980365856434902	0.963618638434641	1248
-0.0940714409033498	0.959647090123049	14
-0.0973945205954201	0.972553736075869	29
-0.09216987140428	0.960869115746174	610
-0.0940714409033498	0.959647090123049	237
-0.0940714409033498	0.959647090123049	2
-0.0967529331340198	0.963861246988004	71
-0.0934371156872902	0.972052225554497	19
-0.0967529331340198	0.963861246988004	19
-0.0928032593596102	0.972693856185307	246
-0.0973945205954201	0.972553736075869	29
-0.09216987140428	0.960869115746174	1367
-0.0928032593596102	0.972693856185307	237
-0.0980365856434902	0.963618638434641	204
-0.0967529331340198	0.963861246988004	246
-0.0934371156872902	0.972052225554497	29
-0.0934371156872902	0.972052225554497	29
-0.0928032593596102	0.972693856185307	44
-0.0934371156872902	0.972052225554497	610
-0.0928032593596102	0.972693856185307	237
-0.0934371156872902	0.972052225554497	70
-0.0934371156872902	0.972052225554497	29
-0.0928032593596102	0.972693856185307	29
-0.0928032593596102	0.972693856185307	29
-0.09216987140428	0.960869115746174	1367
-0.0928032593596102	0.972693856185307	237
-0.0928032593596102	0.972693856185307	70
-0.0973945205954201	0.972553736075869	70
-0.0934371156872902	0.972052225554497	610
-0.0967529331340198	0.963861246988004	610
-0.0980365856434902	0.963618638434641	237
-0.0967529331340198	0.963861246988004	70
-0.0934371156872902	0.972052225554497	14
-0.0928032593596102	0.972693856185307	1045
-0.0973945205954201	0.972553736075869	182
-0.0928032593596102	0.972693856185307	610
-0.0928032593596102	0.972693856185307	237
-0.0928032593596102	0.972693856185307	237
-0.0928032593596102	0.972693856185307	45
-0.0973945205954201	0.972553736075869	14
-0.0928032593596102	0.972693856185307	14
-0.0980365856434902	0.963618638434641	29
-0.0934371156872902	0.972052225554497	29
-0.0934371156872902	0.972052225554497	610
-0.0928032593596102	0.972693856185307	610
-0.0928032593596102	0.972693856185307	610
-0.0928032593596102	0.972693856185307	35
-0.0928032593596102	0.972693856185307	711
-0.0973945205954201	0.972553736075869	237
-0.0934371156872902	0.972052225554497	70
-0.05038568759162	2.41578566756945	45
-0.0928032593596102	0.972693856185307	29
-0.0980365856434902	0.963618638434641	711
-0.0928032593596102	0.972693856185307	1458
-0.0928032593596102	0.972693856185307	610
-0.0928032593596102	0.972693856185307	711
-0.0934371156872902	0.972052225554497	126
-0.0928032593596102	0.972693856185307	769
-0.0934371156872902	0.972052225554497	14
-0.0928032593596102	0.972693856185307	14
-0.0934371156872902	0.972052225554497	14
-0.0928032593596102	0.972693856185307	29
-0.0934371156872902	0.972052225554497	29
-0.0457691200383299	2.43338804329755	44
-0.0928032593596102	0.972693856185307	71
-0.0934371156872902	0.972052225554497	610
-0.0928032593596102	0.972693856185307	426
-0.10202322642753	0.9540585653027	151
-0.0934371156872902	0.972052225554497	246
-0.0934371156872902	0.972052225554497	14
-0.0934371156872902	0.972052225554497	29
-0.0928032593596102	0.972693856185307	29
-0.0940714409033498	0.959647090123049	29
-0.0928032593596102	0.972693856185307	44
-0.0967529331340198	0.963861246988004	182
-0.10202322642753	0.9540585653027	35
-0.0980365856434902	0.963618638434641	70
-0.0928032593596102	0.972693856185307	70
-0.0980365856434902	0.963618638434641	246
-0.0928032593596102	0.972693856185307	70
-0.0934371156872902	0.972052225554497	426
-0.0973945205954201	0.972553736075869	246
-0.09216987140428	0.960869115746174	29
-0.0967529331340198	0.963861246988004	574
-0.0928032593596102	0.972693856185307	71
-0.0928032593596102	0.972693856185307	237
-0.0934371156872902	0.972052225554497	45
-0.0940714409033498	0.959647090123049	45
-0.0934371156872902	0.972052225554497	246
-0.0940714409033498	0.959647090123049	472
-0.0928032593596102	0.972693856185307	2210
-0.09216987140428	0.960869115746174	126
-0.0967529331340198	0.963861246988004	70
-0.0934371156872902	0.972052225554497	70
-0.0940714409033498	0.959647090123049	70
-0.0973945205954201	0.972553736075869	29
-0.0980365856434902	0.963618638434641	472
-0.0967529331340198	0.963861246988004	1046
-0.0934371156872902	0.972052225554497	237
-0.0498473503658201	2.43344452150637	164
-0.0934371156872902	0.972052225554497	29
-0.0934371156872902	0.972052225554497	29
-0.0934371156872902	0.972052225554497	29
-0.0934371156872902	0.972052225554497	472
-0.0928032593596102	0.972693856185307	40
-0.0934371156872902	0.972052225554497	29
-0.09216987140428	0.960869115746174	29
-0.0973945205954201	0.972553736075869	1260
-0.0934371156872902	0.972052225554497	1260
-0.0980365856434902	0.963618638434641	1260
-0.0928032593596102	0.972693856185307	2255
-0.0934371156872902	0.972052225554497	70
-0.0934371156872902	0.972052225554497	246
-0.0934371156872902	0.972052225554497	29
-0.0934371156872902	0.972052225554497	381
-0.10202322642753	0.9540585653027	381
-0.0928032593596102	0.972693856185307	381
-0.0934371156872902	0.972052225554497	35
-0.0928032593596102	0.972693856185307	35
-0.0934371156872902	0.972052225554497	35
-0.0973945205954201	0.972553736075869	164
-0.0928032593596102	0.972693856185307	246
-0.0928032593596102	0.972693856185307	246
-0.0934371156872902	0.972052225554497	803
-0.0940714409033498	0.959647090123049	574
-0.0934371156872902	0.972052225554497	35
-0.0928032593596102	0.972693856185307	35
-0.0934371156872902	0.972052225554497	1641
-0.0967529331340198	0.963861246988004	1641
-0.0928032593596102	0.972693856185307	45
-0.0934371156872902	0.972052225554497	803
-0.0980365856434902	0.963618638434641	1046
-0.0928032593596102	0.972693856185307	35
-0.0934371156872902	0.972052225554497	70
-0.0934371156872902	0.972052225554497	70
-0.09216987140428	0.960869115746174	803
-0.0934371156872902	0.972052225554497	182
-0.0425152423293	2.40983129198996	182
-0.0928032593596102	0.972693856185307	1046
-0.0928032593596102	0.972693856185307	35
-0.0967529331340198	0.963861246988004	426
-0.0973945205954201	0.972553736075869	29
-0.0973945205954201	0.972553736075869	29
-0.0934371156872902	0.972052225554497	1046
-0.0934371156872902	0.972052225554497	35
-0.0980365856434902	0.963618638434641	35
-0.0934371156872902	0.972052225554497	1641
-0.0967529331340198	0.963861246988004	1247
-0.0973945205954201	0.972553736075869	35
-0.09216987140428	0.960869115746174	35
-0.0967529331340198	0.963861246988004	45
-0.09216987140428	0.960869115746174	803
-0.09216987140428	0.960869115746174	803
-0.0940714409033498	0.959647090123049	29
-0.0928032593596102	0.972693856185307	35
-0.10137332680345	0.953686224961348	1641
-0.0928032593596102	0.972693856185307	803
-0.0940714409033498	0.959647090123049	803
-0.0973945205954201	0.972553736075869	29
-0.0411450207664199	2.3962090805989	529
-0.0940714409033498	0.959647090123049	182
-0.0967529331340198	0.963861246988004	182
-0.0934371156872902	0.972052225554497	381
-0.0967529331340198	0.963861246988004	35
-0.0928032593596102	0.972693856185307	35
-0.09216987140428	0.960869115746174	35
-0.0934371156872902	0.972052225554497	35
-0.0934371156872902	0.972052225554497	70
-0.0980365856434902	0.963618638434641	70
-0.0934371156872902	0.972052225554497	29
-0.0934371156872902	0.972052225554497	29
-0.0940714409033498	0.959647090123049	35
-0.0928032593596102	0.972693856185307	35
0.0780677050478098	2.13521555602503	426
-0.0928032593596102	0.972693856185307	246
-0.0928032593596102	0.972693856185307	35
-0.0928032593596102	0.972693856185307	35
-0.0934371156872902	0.972052225554497	35
-0.09216987140428	0.960869115746174	35
-0.0928032593596102	0.972693856185307	70
-0.0934371156872902	0.972052225554497	246
-0.0934371156872902	0.972052225554497	803
-0.0980365856434902	0.963618638434641	182
-0.0934371156872902	0.972052225554497	71
-0.0980365856434902	0.963618638434641	659
-0.0928032593596102	0.972693856185307	1719
-0.0934371156872902	0.972052225554497	44
-0.0928032593596102	0.972693856185307	53
-0.10603151344088	0.932685389461127	246
-0.0934371156872902	0.972052225554497	50
-0.0973945205954201	0.972553736075869	50
-0.0928032593596102	0.972693856185307	29
-0.0934371156872902	0.972052225554497	63
-0.09216987140428	0.960869115746174	426
-0.0934371156872902	0.972052225554497	246
-0.0928032593596102	0.972693856185307	29
-0.0928032593596102	0.972693856185307	29
-0.0934371156872902	0.972052225554497	143
-0.0940714409033498	0.959647090123049	143
-0.0928032593596102	0.972693856185307	35
-0.0934371156872902	0.972052225554497	109
-0.09216987140428	0.960869115746174	29
-0.0934371156872902	0.972052225554497	143
-0.09216987140428	0.960869115746174	47
-0.0967529331340198	0.963861246988004	35
-0.0934371156872902	0.972052225554497	45
-0.0973945205954201	0.972553736075869	246
-0.0928032593596102	0.972693856185307	50
-0.0928032593596102	0.972693856185307	50
-0.0980365856434902	0.963618638434641	35
-0.0928032593596102	0.972693856185307	70
-0.0928032593596102	0.972693856185307	45
-0.0934371156872902	0.972052225554497	45
-0.0934371156872902	0.972052225554497	493
-0.0967529331340198	0.963861246988004	143
-0.0940714409033498	0.959647090123049	131
-0.0934371156872902	0.972052225554497	70
-0.0973945205954201	0.972553736075869	1776
-0.0934371156872902	0.972052225554497	45
-0.0980365856434902	0.963618638434641	45
-0.0928032593596102	0.972693856185307	143
-0.0934371156872902	0.972052225554497	143
-0.0973945205954201	0.972553736075869	47
-0.0928032593596102	0.972693856185307	44
-0.0928032593596102	0.972693856185307	71
-0.0457128554192501	2.43852441595403	20
-0.0928032593596102	0.972693856185307	773
-0.10603151344088	0.932685389461127	53
-0.0980365856434902	0.963618638434641	53
-0.09216987140428	0.960869115746174	143
-0.0940714409033498	0.959647090123049	143
-0.0940714409033498	0.959647090123049	266
-0.0928032593596102	0.972693856185307	70
-0.0940714409033498	0.959647090123049	45
-0.0973945205954201	0.972553736075869	47
-0.09216987140428	0.960869115746174	240
-0.0940714409033498	0.959647090123049	35
-0.09216987140428	0.960869115746174	35
-0.0940714409033498	0.959647090123049	153
-0.0928032593596102	0.972693856185307	45
-0.0973945205954201	0.972553736075869	2414
-0.0928032593596102	0.972693856185307	45
-0.0934371156872902	0.972052225554497	865
-0.09216987140428	0.960869115746174	47
-0.09216987140428	0.960869115746174	1413
-0.0934371156872902	0.972052225554497	153
-0.0934371156872902	0.972052225554497	70
-0.0934371156872902	0.972052225554497	70
-0.0928032593596102	0.972693856185307	70
-0.0928032593596102	0.972693856185307	426
-0.0928032593596102	0.972693856185307	50
-0.0934371156872902	0.972052225554497	266
-0.0928032593596102	0.972693856185307	825
-0.09216987140428	0.960869115746174	44
-0.0928032593596102	0.972693856185307	523
-0.0934371156872902	0.972052225554497	891
-0.0928032593596102	0.972693856185307	35
-0.0967529331340198	0.963861246988004	164
-0.0928032593596102	0.972693856185307	426
-0.0934371156872902	0.972052225554497	426
-0.0928032593596102	0.972693856185307	45
-0.0934371156872902	0.972052225554497	216
-0.0928032593596102	0.972693856185307	47
-0.0973945205954201	0.972553736075869	529
-0.0940714409033498	0.959647090123049	70
-0.0940714409033498	0.959647090123049	45
-0.09216987140428	0.960869115746174	50
-0.0425457143321601	2.40604201232988	50
-0.0928032593596102	0.972693856185307	493
-0.09216987140428	0.960869115746174	143
-0.0928032593596102	0.972693856185307	182
0.0752480496381298	2.1539678111155	523
-0.0934371156872902	0.972052225554497	45
-0.0928032593596102	0.972693856185307	109
-0.0928032593596102	0.972693856185307	529
-0.0928032593596102	0.972693856185307	523
-0.0934371156872902	0.972052225554497	390
-0.0940714409033498	0.959647090123049	164
-0.0934371156872902	0.972052225554497	45
-0.0934371156872902	0.972052225554497	45
-0.0967529331340198	0.963861246988004	45
-0.0934371156872902	0.972052225554497	493
-0.0928032593596102	0.972693856185307	493
-0.0934371156872902	0.972052225554497	231
-0.0973945205954201	0.972553736075869	45
-0.0928032593596102	0.972693856185307	53
-0.0973945205954201	0.972553736075869	143
-0.0967529331340198	0.963861246988004	529
-0.0928032593596102	0.972693856185307	1488
-0.0934371156872902	0.972052225554497	70
-0.0928032593596102	0.972693856185307	45
-0.0940714409033498	0.959647090123049	45
-0.0928032593596102	0.972693856185307	2482
-0.0980365856434902	0.963618638434641	523
-0.0973945205954201	0.972553736075869	35
-0.10137332680345	0.953686224961348	231
-0.0980365856434902	0.963618638434641	219
-0.0934371156872902	0.972052225554497	1488
-0.0973945205954201	0.972553736075869	70
-0.0934371156872902	0.972052225554497	70
-0.0934371156872902	0.972052225554497	45
-0.0928032593596102	0.972693856185307	45
-0.0928032593596102	0.972693856185307	45
-0.0973945205954201	0.972553736075869	50
-0.0934371156872902	0.972052225554497	493
-0.10137332680345	0.953686224961348	992
-0.09216987140428	0.960869115746174	70
-0.0934371156872902	0.972052225554497	45
-0.0980365856434902	0.963618638434641	45
-0.0973945205954201	0.972553736075869	493
-0.0934371156872902	0.972052225554497	124
-0.0973945205954201	0.972553736075869	182
-0.0980365856434902	0.963618638434641	153
-0.0928032593596102	0.972693856185307	1488
-0.0928032593596102	0.972693856185307	50
-0.0934371156872902	0.972052225554497	63
-0.0940714409033498	0.959647090123049	124
-0.09216987140428	0.960869115746174	523
-0.0934371156872902	0.972052225554497	70
-0.0928032593596102	0.972693856185307	45
-0.10603151344088	0.932685389461127	523
-0.0928032593596102	0.972693856185307	70
-0.0934371156872902	0.972052225554497	976
-0.0940714409033498	0.959647090123049	529
-0.0928032593596102	0.972693856185307	529
-0.0940714409033498	0.959647090123049	523
-0.0973945205954201	0.972553736075869	523
-0.0928032593596102	0.972693856185307	70
-0.0928032593596102	0.972693856185307	45
-0.0928032593596102	0.972693856185307	45
-0.0928032593596102	0.972693856185307	50
-0.0934371156872902	0.972052225554497	50
-0.0967529331340198	0.963861246988004	493
-0.0928032593596102	0.972693856185307	493
-0.0934371156872902	0.972052225554497	18
-0.0940714409033498	0.959647090123049	219
-0.0934371156872902	0.972052225554497	70
-0.0934371156872902	0.972052225554497	45
-0.09216987140428	0.960869115746174	45
-0.0928032593596102	0.972693856185307	45
-0.0934371156872902	0.972052225554497	45
-0.0928032593596102	0.972693856185307	35
-0.0973945205954201	0.972553736075869	523
-0.10202322642753	0.9540585653027	523
-0.0928032593596102	0.972693856185307	70
-0.0934371156872902	0.972052225554497	493
-0.0980365856434902	0.963618638434641	529
-0.09216987140428	0.960869115746174	219
-0.0934371156872902	0.972052225554497	219
-0.0934371156872902	0.972052225554497	153
-0.0928032593596102	0.972693856185307	70
-0.0934371156872902	0.972052225554497	45
-0.0934371156872902	0.972052225554497	476
-0.09216987140428	0.960869115746174	523
-0.0928032593596102	0.972693856185307	523
-0.0967529331340198	0.963861246988004	20
-0.0934371156872902	0.972052225554497	45
-0.0973945205954201	0.972553736075869	45
-0.0940714409033498	0.959647090123049	45
-0.0940714409033498	0.959647090123049	493
-0.10137332680345	0.953686224961348	124
-0.0973945205954201	0.972553736075869	476
-0.0934371156872902	0.972052225554497	18
-0.0934371156872902	0.972052225554497	45
-0.0928032593596102	0.972693856185307	45
-0.0940714409033498	0.959647090123049	45
-0.0934371156872902	0.972052225554497	493
-0.0934371156872902	0.972052225554497	493
-0.0928032593596102	0.972693856185307	529
-0.0928032593596102	0.972693856185307	1680
-0.0980365856434902	0.963618638434641	182
-0.10202322642753	0.9540585653027	523
-0.0934371156872902	0.972052225554497	231
-0.0940714409033498	0.959647090123049	18
-0.09216987140428	0.960869115746174	70
-0.0928032593596102	0.972693856185307	493
-0.0928032593596102	0.972693856185307	248
-0.0928032593596102	0.972693856185307	523
-0.0973945205954201	0.972553736075869	219
-0.0934371156872902	0.972052225554497	219
-0.0980365856434902	0.963618638434641	520
-0.0928032593596102	0.972693856185307	70
-0.0928032593596102	0.972693856185307	1633
-0.0934371156872902	0.972052225554497	21
-0.09216987140428	0.960869115746174	148
-0.0967529331340198	0.963861246988004	297
-0.0934371156872902	0.972052225554497	50
-0.0928032593596102	0.972693856185307	50
-0.0934371156872902	0.972052225554497	99
-0.09216987140428	0.960869115746174	523
-0.0973945205954201	0.972553736075869	18
-0.10202322642753	0.9540585653027	70
-0.09216987140428	0.960869115746174	45
-0.0934371156872902	0.972052225554497	45
-0.0928032593596102	0.972693856185307	969
-0.0973945205954201	0.972553736075869	20
-0.0934371156872902	0.972052225554497	18
-0.09216987140428	0.960869115746174	70
-0.0934371156872902	0.972052225554497	70
-0.0928032593596102	0.972693856185307	70
-0.0928032593596102	0.972693856185307	45
-0.0973945205954201	0.972553736075869	637
-0.0928032593596102	0.972693856185307	99
-0.0934371156872902	0.972052225554497	47
-0.0934371156872902	0.972052225554497	523
-0.0934371156872902	0.972052225554497	20
-0.0934371156872902	0.972052225554497	20
-0.0934371156872902	0.972052225554497	231
-0.0980365856434902	0.963618638434641	70
-0.0934371156872902	0.972052225554497	1763
-0.0928032593596102	0.972693856185307	21
-0.10137332680345	0.953686224961348	1868
-0.0928032593596102	0.972693856185307	1868
-0.0967529331340198	0.963861246988004	44
-0.09216987140428	0.960869115746174	44
-0.0940714409033498	0.959647090123049	20
-0.0928032593596102	0.972693856185307	520
-0.09216987140428	0.960869115746174	1763
-0.0980365856434902	0.963618638434641	182
-0.09216987140428	0.960869115746174	182
-0.0374017174071399	2.36776974745901	231
-0.0928032593596102	0.972693856185307	219
-0.0940714409033498	0.959647090123049	45
-0.0967529331340198	0.963861246988004	45
-0.0973945205954201	0.972553736075869	45
-0.0940714409033498	0.959647090123049	45
-0.0934371156872902	0.972052225554497	21
-0.09216987140428	0.960869115746174	20
-0.09216987140428	0.960869115746174	21
-0.0967529331340198	0.963861246988004	248
-0.0934371156872902	0.972052225554497	20
-0.0928032593596102	0.972693856185307	231
-0.0940714409033498	0.959647090123049	637
-0.0928032593596102	0.972693856185307	63
-0.0934371156872902	0.972052225554497	552
-0.0967529331340198	0.963861246988004	20
-0.0934371156872902	0.972052225554497	35
-0.0940714409033498	0.959647090123049	231
-0.0973945205954201	0.972553736075869	231
-0.0928032593596102	0.972693856185307	398
-0.0940714409033498	0.959647090123049	1463
-0.0973945205954201	0.972553736075869	1328
-0.0940714409033498	0.959647090123049	182
-0.09216987140428	0.960869115746174	182
-0.0934371156872902	0.972052225554497	20
-0.0934371156872902	0.972052225554497	35
-0.0928032593596102	0.972693856185307	20
-0.0928032593596102	0.972693856185307	20
-0.0928032593596102	0.972693856185307	231
-0.0973945205954201	0.972553736075869	1763
-0.09216987140428	0.960869115746174	45
-0.0928032593596102	0.972693856185307	63
0.0770513759568101	2.1381308211551	70
-0.0928032593596102	0.972693856185307	21
-0.09216987140428	0.960869115746174	1933
-0.0973945205954201	0.972553736075869	20
-0.0928032593596102	0.972693856185307	219
-0.0940714409033498	0.959647090123049	63
-0.0934371156872902	0.972052225554497	63
-0.0934371156872902	0.972052225554497	552
-0.0530056354592601	2.39528058120119	47
-0.0934371156872902	0.972052225554497	867
-0.0980365856434902	0.963618638434641	20
-0.0934371156872902	0.972052225554497	20
-0.0934371156872902	0.972052225554497	143
-0.0980365856434902	0.963618638434641	21
-0.0928032593596102	0.972693856185307	99
-0.0973945205954201	0.972553736075869	20
-0.0928032593596102	0.972693856185307	20
-0.09216987140428	0.960869115746174	420
-0.0934371156872902	0.972052225554497	45
-0.0934371156872902	0.972052225554497	45
-0.0934371156872902	0.972052225554497	45
-0.0934371156872902	0.972052225554497	2389
-0.0973945205954201	0.972553736075869	143
-0.0940714409033498	0.959647090123049	143
-0.09216987140428	0.960869115746174	867
-0.0973945205954201	0.972553736075869	1758
-0.0928032593596102	0.972693856185307	70
-0.0928032593596102	0.972693856185307	1528
-0.0934371156872902	0.972052225554497	552
-0.0973945205954201	0.972553736075869	99
-0.0934371156872902	0.972052225554497	182
-0.10202322642753	0.9540585653027	670
-0.0928032593596102	0.972693856185307	231
-0.0934371156872902	0.972052225554497	2389
-0.0980365856434902	0.963618638434641	63
-0.0940714409033498	0.959647090123049	592
-0.0967529331340198	0.963861246988004	1462
-0.0928032593596102	0.972693856185307	2427
-0.0967529331340198	0.963861246988004	20
-0.0934371156872902	0.972052225554497	18
-0.0934371156872902	0.972052225554497	51
-0.0973945205954201	0.972553736075869	282
-0.0934371156872902	0.972052225554497	592
-0.0973945205954201	0.972553736075869	592
-0.0934371156872902	0.972052225554497	1177
-0.0934371156872902	0.972052225554497	1462
-0.0934371156872902	0.972052225554497	51
-0.0928032593596102	0.972693856185307	45
-0.0928032593596102	0.972693856185307	282
-0.0940714409033498	0.959647090123049	282
-0.0928032593596102	0.972693856185307	661
-0.0928032593596102	0.972693856185307	1203
-0.09216987140428	0.960869115746174	63
-0.0940714409033498	0.959647090123049	20
-0.0973945205954201	0.972553736075869	219
-0.0980365856434902	0.963618638434641	1203
-0.0928032593596102	0.972693856185307	2368
-0.09216987140428	0.960869115746174	18
-0.09216987140428	0.960869115746174	51
-0.0934371156872902	0.972052225554497	51
-0.09216987140428	0.960869115746174	45
-0.0973945205954201	0.972553736075869	1203
-0.0928032593596102	0.972693856185307	182
-0.0928032593596102	0.972693856185307	5
-0.0940714409033498	0.959647090123049	51
-0.0928032593596102	0.972693856185307	51
-0.10137332680345	0.953686224961348	18
-0.0973945205954201	0.972553736075869	282
-0.0973945205954201	0.972553736075869	63
-0.0928032593596102	0.972693856185307	1177
-0.0928032593596102	0.972693856185307	182
-0.0973945205954201	0.972553736075869	20
-0.0928032593596102	0.972693856185307	2368
-0.09216987140428	0.960869115746174	2368
-0.0980365856434902	0.963618638434641	5
-0.0940714409033498	0.959647090123049	5
-0.0934371156872902	0.972052225554497	420
-0.0940714409033498	0.959647090123049	18
-0.0928032593596102	0.972693856185307	45
-0.0967529331340198	0.963861246988004	1177
-0.0928032593596102	0.972693856185307	182
-0.0934371156872902	0.972052225554497	182
-0.09216987140428	0.960869115746174	51
-0.0934371156872902	0.972052225554497	63
-0.0940714409033498	0.959647090123049	63
-0.0934371156872902	0.972052225554497	21
-0.0928032593596102	0.972693856185307	20
-0.0928032593596102	0.972693856185307	1177
-0.0934371156872902	0.972052225554497	1060
-0.10137332680345	0.953686224961348	182
-0.0934371156872902	0.972052225554497	182
-0.0928032593596102	0.972693856185307	5
-0.0928032593596102	0.972693856185307	5
-0.0928032593596102	0.972693856185307	45
-0.0934371156872902	0.972052225554497	45
-0.0980365856434902	0.963618638434641	2205
-0.0934371156872902	0.972052225554497	1177
-0.09216987140428	0.960869115746174	45
-0.0973945205954201	0.972553736075869	1177
-0.0973945205954201	0.972553736075869	21
-0.0928032593596102	0.972693856185307	21
-0.0967529331340198	0.963861246988004	182
-0.0928032593596102	0.972693856185307	18
-0.09216987140428	0.960869115746174	45
-0.0934371156872902	0.972052225554497	45
-0.10137332680345	0.953686224961348	63
-0.0928032593596102	0.972693856185307	1177
-0.0934371156872902	0.972052225554497	1177
-0.0967529331340198	0.963861246988004	21
0.0733214247900702	2.16909273290189	182
-0.0934371156872902	0.972052225554497	219
-0.0928032593596102	0.972693856185307	21
-0.09216987140428	0.960869115746174	45
-0.0934371156872902	0.972052225554497	1177
-0.0928032593596102	0.972693856185307	936
-0.0967529331340198	0.963861246988004	44
-0.0980365856434902	0.963618638434641	44
-0.0928032593596102	0.972693856185307	403
-0.0928032593596102	0.972693856185307	444
-0.0967529331340198	0.963861246988004	1206
-0.0934371156872902	0.972052225554497	47
-0.0928032593596102	0.972693856185307	44
-0.0928032593596102	0.972693856185307	44
-0.09216987140428	0.960869115746174	182
-0.0940714409033498	0.959647090123049	182
-0.0928032593596102	0.972693856185307	182
-0.09216987140428	0.960869115746174	182
-0.10137332680345	0.953686224961348	18
-0.09216987140428	0.960869115746174	444
-0.0940714409033498	0.959647090123049	18
-0.0967529331340198	0.963861246988004	45
-0.0967529331340198	0.963861246988004	2125
-0.0928032593596102	0.972693856185307	1690
-0.0980365856434902	0.963618638434641	47
-0.0967529331340198	0.963861246988004	936
-0.0928032593596102	0.972693856185307	182
-0.0928032593596102	0.972693856185307	403
-0.05765781162519	2.36722508252041	182
-0.0928032593596102	0.972693856185307	219
-0.0928032593596102	0.972693856185307	18
-0.09216987140428	0.960869115746174	45
-0.0973945205954201	0.972553736075869	1690
-0.0934371156872902	0.972052225554497	936
-0.0928032593596102	0.972693856185307	182
-0.0980365856434902	0.963618638434641	182
-0.0934371156872902	0.972052225554497	444
-0.0973945205954201	0.972553736075869	45
-0.0928032593596102	0.972693856185307	359
-0.0928032593596102	0.972693856185307	63
-0.0934371156872902	0.972052225554497	1661
-0.0934371156872902	0.972052225554497	20
-0.0940714409033498	0.959647090123049	45
-0.0940714409033498	0.959647090123049	45
-0.0980365856434902	0.963618638434641	1388
-0.0934371156872902	0.972052225554497	1661
-0.0980365856434902	0.963618638434641	296
-0.0928032593596102	0.972693856185307	231
-0.0934371156872902	0.972052225554497	1661
-0.0928032593596102	0.972693856185307	1206
-0.0973945205954201	0.972553736075869	10
-0.04309176505916	2.37760934632328	47
-0.0940714409033498	0.959647090123049	63
-0.0973945205954201	0.972553736075869	1388
-0.09216987140428	0.960869115746174	5
-0.09216987140428	0.960869115746174	51
-0.0980365856434902	0.963618638434641	1204
-0.0934371156872902	0.972052225554497	63
-0.09216987140428	0.960869115746174	21
-0.0928032593596102	0.972693856185307	21
-0.10202322642753	0.9540585653027	231
-0.0928032593596102	0.972693856185307	182
-0.0973945205954201	0.972553736075869	5
-0.0934371156872902	0.972052225554497	5
-0.0940714409033498	0.959647090123049	948
-0.0425152423293	2.40983129198996	1206
-0.0928032593596102	0.972693856185307	63
-0.0934371156872902	0.972052225554497	99
-0.0928032593596102	0.972693856185307	182
-0.0934371156872902	0.972052225554497	182
-0.0928032593596102	0.972693856185307	182
-0.0940714409033498	0.959647090123049	63
-0.0940714409033498	0.959647090123049	21
-0.0973945205954201	0.972553736075869	182
-0.09216987140428	0.960869115746174	182
-0.0967529331340198	0.963861246988004	20
-0.0940714409033498	0.959647090123049	2117
-0.0973945205954201	0.972553736075869	51
-0.0980365856434902	0.963618638434641	63
-0.0928032593596102	0.972693856185307	63
-0.09216987140428	0.960869115746174	182
-0.0928032593596102	0.972693856185307	1718
-0.0928032593596102	0.972693856185307	10
-0.09216987140428	0.960869115746174	63
-0.0967529331340198	0.963861246988004	21
-0.0967529331340198	0.963861246988004	44
-0.0928032593596102	0.972693856185307	182
-0.0973945205954201	0.972553736075869	182
-0.0967529331340198	0.963861246988004	1370
-0.09216987140428	0.960869115746174	20
-0.0934371156872902	0.972052225554497	5
-0.09216987140428	0.960869115746174	18
-0.0928032593596102	0.972693856185307	51
-0.0934371156872902	0.972052225554497	45
-0.0940714409033498	0.959647090123049	10
-0.09216987140428	0.960869115746174	182
-0.0967529331340198	0.963861246988004	1370
-0.09216987140428	0.960869115746174	18
-0.0934371156872902	0.972052225554497	732
-0.0928032593596102	0.972693856185307	359
-0.0973945205954201	0.972553736075869	182
-0.09216987140428	0.960869115746174	182
-0.0967529331340198	0.963861246988004	5
-0.0934371156872902	0.972052225554497	2286
-0.0928032593596102	0.972693856185307	51
-0.0940714409033498	0.959647090123049	63
-0.10603151344088	0.932685389461127	10
-0.0940714409033498	0.959647090123049	21
-0.0934371156872902	0.972052225554497	627
-0.0940714409033498	0.959647090123049	706
-0.0928032593596102	0.972693856185307	182
-0.0934371156872902	0.972052225554497	1370
-0.0934371156872902	0.972052225554497	2286
-0.0934371156872902	0.972052225554497	51
-0.0934371156872902	0.972052225554497	2286
-0.0928032593596102	0.972693856185307	63
-0.0973945205954201	0.972553736075869	627
-0.0940714409033498	0.959647090123049	861
-0.0973945205954201	0.972553736075869	1370
-0.0928032593596102	0.972693856185307	2286
-0.0928032593596102	0.972693856185307	51
-0.0928032593596102	0.972693856185307	63
-0.0940714409033498	0.959647090123049	63
-0.0928032593596102	0.972693856185307	182
-0.09216987140428	0.960869115746174	45
-0.09216987140428	0.960869115746174	21
-0.0928032593596102	0.972693856185307	1738
-0.0928032593596102	0.972693856185307	5
-0.09216987140428	0.960869115746174	5
-0.0928032593596102	0.972693856185307	2286
-0.0934371156872902	0.972052225554497	2286
-0.0928032593596102	0.972693856185307	10
-0.0928032593596102	0.972693856185307	815
-0.0967529331340198	0.963861246988004	182
-0.09216987140428	0.960869115746174	1370
-0.0928032593596102	0.972693856185307	948
-0.0934371156872902	0.972052225554497	490
-0.0928032593596102	0.972693856185307	21
-0.0934371156872902	0.972052225554497	182
-0.0940714409033498	0.959647090123049	999
-0.0973945205954201	0.972553736075869	1738
-0.0928032593596102	0.972693856185307	182
-0.0928032593596102	0.972693856185307	861
-0.0973945205954201	0.972553736075869	45
-0.09216987140428	0.960869115746174	1738
-0.0928032593596102	0.972693856185307	182
-0.0934371156872902	0.972052225554497	182
-0.0928032593596102	0.972693856185307	241
-0.0928032593596102	0.972693856185307	5
-0.0973945205954201	0.972553736075869	51
-0.09216987140428	0.960869115746174	10
-0.0973945205954201	0.972553736075869	2137
-0.0934371156872902	0.972052225554497	182
-0.0934371156872902	0.972052225554497	182
-0.09216987140428	0.960869115746174	685
-0.0934371156872902	0.972052225554497	5
-0.0940714409033498	0.959647090123049	5
-0.0973945205954201	0.972553736075869	2286
-0.0934371156872902	0.972052225554497	51
-0.0928032593596102	0.972693856185307	21
-0.0934371156872902	0.972052225554497	815
-0.0928032593596102	0.972693856185307	861
-0.0940714409033498	0.959647090123049	51
-0.0940714409033498	0.959647090123049	5
-0.0476581026860998	2.42687482803293	51
-0.0928032593596102	0.972693856185307	490
0.0695819279810399	2.10510973769717	99
-0.09216987140428	0.960869115746174	5
-0.0967529331340198	0.963861246988004	21
-0.0940714409033498	0.959647090123049	784
-0.0934371156872902	0.972052225554497	21
-0.0934371156872902	0.972052225554497	289
-0.0967529331340198	0.963861246988004	433
-0.0928032593596102	0.972693856185307	2253
-0.0934371156872902	0.972052225554497	2287
-0.0973945205954201	0.972553736075869	490
-0.09216987140428	0.960869115746174	63
-0.0934371156872902	0.972052225554497	1936
-0.0934371156872902	0.972052225554497	47
-0.0928032593596102	0.972693856185307	5
-0.0928032593596102	0.972693856185307	2280
-0.0934371156872902	0.972052225554497	2287
-0.09216987140428	0.960869115746174	51
-0.0967529331340198	0.963861246988004	51
-0.0967529331340198	0.963861246988004	63
-0.0973945205954201	0.972553736075869	490
-0.09216987140428	0.960869115746174	47
-0.0967529331340198	0.963861246988004	258
-0.0928032593596102	0.972693856185307	258
-0.0928032593596102	0.972693856185307	2280
-0.0940714409033498	0.959647090123049	2280
-0.09216987140428	0.960869115746174	63
-0.0934371156872902	0.972052225554497	490
-0.0928032593596102	0.972693856185307	2347
-0.0928032593596102	0.972693856185307	1553
-0.10202322642753	0.9540585653027	21
-0.0928032593596102	0.972693856185307	5
-0.0980365856434902	0.963618638434641	1916
-0.0928032593596102	0.972693856185307	21
-0.0934371156872902	0.972052225554497	99
-0.0934371156872902	0.972052225554497	182
-0.0934371156872902	0.972052225554497	44
-0.0973945205954201	0.972553736075869	13
-0.10137332680345	0.953686224961348	182
-0.10202322642753	0.9540585653027	51
-0.0928032593596102	0.972693856185307	63
-0.0928032593596102	0.972693856185307	47
-0.09216987140428	0.960869115746174	412
-0.0934371156872902	0.972052225554497	412
-0.0928032593596102	0.972693856185307	2280
-0.0980365856434902	0.963618638434641	130
-0.0928032593596102	0.972693856185307	51
-0.0928032593596102	0.972693856185307	18
-0.0934371156872902	0.972052225554497	45
-0.0928032593596102	0.972693856185307	63
-0.0928032593596102	0.972693856185307	490
-0.0928032593596102	0.972693856185307	1553
-0.0973945205954201	0.972553736075869	21
-0.09216987140428	0.960869115746174	44
-0.0934371156872902	0.972052225554497	44
-0.0934371156872902	0.972052225554497	51
-0.09216987140428	0.960869115746174	21
-0.0928032593596102	0.972693856185307	1034
-0.0934371156872902	0.972052225554497	51
-0.0928032593596102	0.972693856185307	1141
-0.0940714409033498	0.959647090123049	130
-0.0928032593596102	0.972693856185307	63
-0.0928032593596102	0.972693856185307	63
-0.10202322642753	0.9540585653027	433
-0.0928032593596102	0.972693856185307	258
-0.0934371156872902	0.972052225554497	258
-0.09216987140428	0.960869115746174	1141
-0.0928032593596102	0.972693856185307	1141
-0.0928032593596102	0.972693856185307	641
-0.0967529331340198	0.963861246988004	45
-0.10202322642753	0.9540585653027	63
-0.0934371156872902	0.972052225554497	63
-0.0934371156872902	0.972052225554497	21
-0.09216987140428	0.960869115746174	21
-0.0928032593596102	0.972693856185307	228
-0.0973945205954201	0.972553736075869	99
-0.0928032593596102	0.972693856185307	5
-0.0928032593596102	0.972693856185307	5
-0.0973945205954201	0.972553736075869	182
-0.0928032593596102	0.972693856185307	182
-0.0973945205954201	0.972553736075869	182
-0.0934371156872902	0.972052225554497	21
-0.0457128554192501	2.43852441595403	130
-0.0940714409033498	0.959647090123049	21
-0.0928032593596102	0.972693856185307	99
-0.0940714409033498	0.959647090123049	21
-0.0934371156872902	0.972052225554497	21
-0.0980365856434902	0.963618638434641	21
0.0780677050478098	2.13521555602503	21
-0.0940714409033498	0.959647090123049	21
-0.0973945205954201	0.972553736075869	5
-0.0973945205954201	0.972553736075869	571
-0.0934371156872902	0.972052225554497	596
-0.0940714409033498	0.959647090123049	63
-0.0934371156872902	0.972052225554497	497
-0.0934371156872902	0.972052225554497	44
-0.0928032593596102	0.972693856185307	497
-0.0928032593596102	0.972693856185307	497
-0.0934371156872902	0.972052225554497	21
-0.09216987140428	0.960869115746174	45
-0.09216987140428	0.960869115746174	296
-0.0973945205954201	0.972553736075869	228
-0.0928032593596102	0.972693856185307	5
-0.0973945205954201	0.972553736075869	48
-0.0928032593596102	0.972693856185307	13
-0.0928032593596102	0.972693856185307	5
-0.09216987140428	0.960869115746174	5
-0.10137332680345	0.953686224961348	51
-0.0980365856434902	0.963618638434641	44
-0.0928032593596102	0.972693856185307	228
-0.0928032593596102	0.972693856185307	235
-0.0928032593596102	0.972693856185307	63
-0.0928032593596102	0.972693856185307	21
-0.0940714409033498	0.959647090123049	228
-0.0928032593596102	0.972693856185307	21
-0.09216987140428	0.960869115746174	48
-0.0973945205954201	0.972553736075869	21
-0.0928032593596102	0.972693856185307	228
-0.0940714409033498	0.959647090123049	63
-0.09216987140428	0.960869115746174	228
-0.09216987140428	0.960869115746174	103
-0.0973945205954201	0.972553736075869	571
-0.09216987140428	0.960869115746174	37
-0.0940714409033498	0.959647090123049	262
-0.10137332680345	0.953686224961348	2022
-0.09216987140428	0.960869115746174	21
-0.0967529331340198	0.963861246988004	228
-0.0934371156872902	0.972052225554497	870
-0.0973945205954201	0.972553736075869	870
-0.09216987140428	0.960869115746174	1057
-0.0928032593596102	0.972693856185307	5
-0.09216987140428	0.960869115746174	21
-0.09216987140428	0.960869115746174	47
-0.0967529331340198	0.963861246988004	47
0.0695928384953199	2.15746078192226	47
-0.0928032593596102	0.972693856185307	13
-0.0934371156872902	0.972052225554497	262
-0.0973945205954201	0.972553736075869	296
-0.0928032593596102	0.972693856185307	296
-0.0928032593596102	0.972693856185307	870
-0.0940714409033498	0.959647090123049	5
-0.0940714409033498	0.959647090123049	21
-0.0928032593596102	0.972693856185307	21
-0.0980365856434902	0.963618638434641	228
-0.09216987140428	0.960869115746174	13
-0.09216987140428	0.960869115746174	13
-0.0980365856434902	0.963618638434641	13
-0.10137332680345	0.953686224961348	870
-0.0973945205954201	0.972553736075869	21
-0.0973945205954201	0.972553736075869	296
-0.0940714409033498	0.959647090123049	21
-0.0967529331340198	0.963861246988004	21
-0.0934371156872902	0.972052225554497	21
-0.0928032593596102	0.972693856185307	21
-0.0928032593596102	0.972693856185307	21
-0.0940714409033498	0.959647090123049	21
-0.0934371156872902	0.972052225554497	21
-0.0928032593596102	0.972693856185307	13
-0.0934371156872902	0.972052225554497	21
-0.0928032593596102	0.972693856185307	37
0.0728142926707598	2.16651311515764	37
-0.0940714409033498	0.959647090123049	21
-0.09216987140428	0.960869115746174	993
-0.0967529331340198	0.963861246988004	37
-0.10137332680345	0.953686224961348	13
-0.0940714409033498	0.959647090123049	21
-0.09216987140428	0.960869115746174	13
-0.0967529331340198	0.963861246988004	296
-0.0928032593596102	0.972693856185307	103
-0.0928032593596102	0.972693856185307	51
-0.0928032593596102	0.972693856185307	21
-0.0967529331340198	0.963861246988004	13
-0.0928032593596102	0.972693856185307	51
-0.0940714409033498	0.959647090123049	51
-0.09216987140428	0.960869115746174	21
-0.0928032593596102	0.972693856185307	228
-0.0973945205954201	0.972553736075869	2002
-0.0940714409033498	0.959647090123049	1196
-0.0967529331340198	0.963861246988004	13
-0.0928032593596102	0.972693856185307	13
-0.0934371156872902	0.972052225554497	2214
-0.0928032593596102	0.972693856185307	21
-0.0973945205954201	0.972553736075869	2214
-0.0928032593596102	0.972693856185307	1057
-0.0973945205954201	0.972553736075869	2231
-0.0973945205954201	0.972553736075869	2231
-0.0934371156872902	0.972052225554497	701
-0.0973945205954201	0.972553736075869	103
-0.0973945205954201	0.972553736075869	2261
-0.0928032593596102	0.972693856185307	47
-0.0934371156872902	0.972052225554497	47
-0.0934371156872902	0.972052225554497	296
-0.0928032593596102	0.972693856185307	13
-0.0928032593596102	0.972693856185307	296
-0.0928032593596102	0.972693856185307	21
-0.0928032593596102	0.972693856185307	13
-0.0973945205954201	0.972553736075869	13
-0.0980365856434902	0.963618638434641	13
-0.0973945205954201	0.972553736075869	103
-0.0934371156872902	0.972052225554497	701
-0.0973945205954201	0.972553736075869	719
-0.09216987140428	0.960869115746174	37
-0.09216987140428	0.960869115746174	235
-0.0973945205954201	0.972553736075869	296
-0.0928032593596102	0.972693856185307	147
-0.0928032593596102	0.972693856185307	102
-0.0934371156872902	0.972052225554497	719
-0.0973945205954201	0.972553736075869	122
-0.0934371156872902	0.972052225554497	1188
-0.0934371156872902	0.972052225554497	147
-0.0934371156872902	0.972052225554497	1057
-0.0973945205954201	0.972553736075869	122
-0.0928032593596102	0.972693856185307	37
-0.0967529331340198	0.963861246988004	51
0.0652676381269499	2.11325105481161	51
-0.0934371156872902	0.972052225554497	122
-0.0940714409033498	0.959647090123049	827
-0.10137332680345	0.953686224961348	147
-0.0940714409033498	0.959647090123049	103
-0.0928032593596102	0.972693856185307	557
-0.0928032593596102	0.972693856185307	147
-0.0928032593596102	0.972693856185307	719
-0.0928032593596102	0.972693856185307	122
-0.09216987140428	0.960869115746174	122
-0.0967529331340198	0.963861246988004	372
-0.0928032593596102	0.972693856185307	372
-0.0934371156872902	0.972052225554497	557
-0.0973945205954201	0.972553736075869	122
-0.10137332680345	0.953686224961348	13
-0.0934371156872902	0.972052225554497	557
-0.0928032593596102	0.972693856185307	103
-0.0934371156872902	0.972052225554497	122
-0.0967529331340198	0.963861246988004	122
-0.0928032593596102	0.972693856185307	13
-0.09216987140428	0.960869115746174	37
-0.0934371156872902	0.972052225554497	372
-0.0928032593596102	0.972693856185307	557
-0.0928032593596102	0.972693856185307	1894
-0.0934371156872902	0.972052225554497	695
-0.0928032593596102	0.972693856185307	557
-0.0934371156872902	0.972052225554497	5
-0.0471716489938601	2.43685759510462	719
-0.0934371156872902	0.972052225554497	571
-0.09216987140428	0.960869115746174	1894
-0.09216987140428	0.960869115746174	695
-0.0934371156872902	0.972052225554497	13
-0.0973945205954201	0.972553736075869	719
-0.0928032593596102	0.972693856185307	37
-0.0928032593596102	0.972693856185307	37
-0.10137332680345	0.953686224961348	2112
-0.0934371156872902	0.972052225554497	5
-0.09216987140428	0.960869115746174	1314
-0.0973945205954201	0.972553736075869	5
-0.0980365856434902	0.963618638434641	13
-0.0928032593596102	0.972693856185307	37
-0.0928032593596102	0.972693856185307	103
-0.0980365856434902	0.963618638434641	5
-0.0928032593596102	0.972693856185307	719
-0.0940714409033498	0.959647090123049	122
-0.0940714409033498	0.959647090123049	122
-0.0973945205954201	0.972553736075869	5
-0.0934371156872902	0.972052225554497	21
-0.0967529331340198	0.963861246988004	37
-0.0928032593596102	0.972693856185307	5
-0.0934371156872902	0.972052225554497	719
0.0738284665165998	2.16741144123835	51
-0.0928032593596102	0.972693856185307	122
-0.0928032593596102	0.972693856185307	5
-0.0934371156872902	0.972052225554497	882
-0.09216987140428	0.960869115746174	5
-0.0973945205954201	0.972553736075869	103
-0.0934371156872902	0.972052225554497	122
-0.0928032593596102	0.972693856185307	37
-0.0973945205954201	0.972553736075869	347
-0.0928032593596102	0.972693856185307	37
-0.0934371156872902	0.972052225554497	134
-0.0928032593596102	0.972693856185307	2375
-0.0980365856434902	0.963618638434641	5
-0.0928032593596102	0.972693856185307	235
-0.0928032593596102	0.972693856185307	235
-0.10202322642753	0.9540585653027	21
-0.0973945205954201	0.972553736075869	37
-0.09216987140428	0.960869115746174	5
-0.0973945205954201	0.972553736075869	347
-0.0928032593596102	0.972693856185307	347
-0.0928032593596102	0.972693856185307	13
-0.0973945205954201	0.972553736075869	13
-0.0967529331340198	0.963861246988004	37
-0.0967529331340198	0.963861246988004	2289
-0.0540246558624302	2.3966198898959	5
-0.0967529331340198	0.963861246988004	37
-0.0967529331340198	0.963861246988004	103
-0.0967529331340198	0.963861246988004	5
-0.0928032593596102	0.972693856185307	235
-0.0967529331340198	0.963861246988004	13
-0.0934371156872902	0.972052225554497	571
-0.0940714409033498	0.959647090123049	21
-0.0967529331340198	0.963861246988004	13
-0.09216987140428	0.960869115746174	903
-0.09216987140428	0.960869115746174	37
-0.0980365856434902	0.963618638434641	37
-0.0928032593596102	0.972693856185307	5
-0.09216987140428	0.960869115746174	5
-0.0973945205954201	0.972553736075869	134
-0.0928032593596102	0.972693856185307	5
-0.0980365856434902	0.963618638434641	37
-0.0967529331340198	0.963861246988004	5
-0.0967529331340198	0.963861246988004	5
-0.0934371156872902	0.972052225554497	5
-0.0928032593596102	0.972693856185307	122
-0.09216987140428	0.960869115746174	1229
-0.09216987140428	0.960869115746174	2103
-0.0928032593596102	0.972693856185307	2103
-0.0928032593596102	0.972693856185307	882
-0.0928032593596102	0.972693856185307	2062
-0.0928032593596102	0.972693856185307	571
-0.0967529331340198	0.963861246988004	2103
-0.09216987140428	0.960869115746174	2289
-0.09216987140428	0.960869115746174	37
-0.0928032593596102	0.972693856185307	430
-0.0967529331340198	0.963861246988004	37
-0.0928032593596102	0.972693856185307	718
-0.09216987140428	0.960869115746174	103
-0.0973945205954201	0.972553736075869	5
-0.0980365856434902	0.963618638434641	51
-0.0973945205954201	0.972553736075869	37
-0.09216987140428	0.960869115746174	2254
-0.10202322642753	0.9540585653027	2289
-0.0928032593596102	0.972693856185307	2062
-0.0940714409033498	0.959647090123049	51
-0.0934371156872902	0.972052225554497	37
-0.0973945205954201	0.972553736075869	51
-0.0928032593596102	0.972693856185307	2289
-0.0967529331340198	0.963861246988004	2289
-0.0928032593596102	0.972693856185307	5
-0.0980365856434902	0.963618638434641	5
-0.0973945205954201	0.972553736075869	137
-0.09216987140428	0.960869115746174	2289
-0.0980365856434902	0.963618638434641	51
-0.09216987140428	0.960869115746174	5
-0.0928032593596102	0.972693856185307	21
-0.0928032593596102	0.972693856185307	5
-0.0980365856434902	0.963618638434641	5
-0.0973945205954201	0.972553736075869	5
-0.0928032593596102	0.972693856185307	5
-0.0973945205954201	0.972553736075869	5
-0.0967529331340198	0.963861246988004	37
-0.0934371156872902	0.972052225554497	149
-0.0928032593596102	0.972693856185307	5
-0.0973945205954201	0.972553736075869	37
-0.0973945205954201	0.972553736075869	37
0.0733214247900702	2.16909273290189	51
-0.0973945205954201	0.972553736075869	51
-0.09216987140428	0.960869115746174	51
-0.0973945205954201	0.972553736075869	5
-0.0934371156872902	0.972052225554497	51
-0.0928032593596102	0.972693856185307	1846
-0.0928032593596102	0.972693856185307	5
-0.0934371156872902	0.972052225554497	34
-0.0973945205954201	0.972553736075869	5
-0.0934371156872902	0.972052225554497	481
-0.0934371156872902	0.972052225554497	51
0.0738284665165998	2.16741144123835	149
-0.0934371156872902	0.972052225554497	898
0.0767671018193901	2.09289839416998	5
-0.0934371156872902	0.972052225554497	5
-0.0928032593596102	0.972693856185307	481
-0.0967529331340198	0.963861246988004	430
-0.0928032593596102	0.972693856185307	849
-0.10137332680345	0.953686224961348	5
-0.09216987140428	0.960869115746174	989
-0.0967529331340198	0.963861246988004	5
-0.0928032593596102	0.972693856185307	5
-0.0973945205954201	0.972553736075869	51
-0.0928032593596102	0.972693856185307	848
-0.09216987140428	0.960869115746174	1846
-0.0967529331340198	0.963861246988004	2395
-0.09216987140428	0.960869115746174	5
-0.0967529331340198	0.963861246988004	5
-0.09216987140428	0.960869115746174	5
-0.09216987140428	0.960869115746174	5
-0.0928032593596102	0.972693856185307	51
-0.0928032593596102	0.972693856185307	51
-0.0967529331340198	0.963861246988004	149
-0.0967529331340198	0.963861246988004	2395
-0.0934371156872902	0.972052225554497	137
-0.0967529331340198	0.963861246988004	989
-0.0934371156872902	0.972052225554497	989
-0.0967529331340198	0.963861246988004	5
-0.0928032593596102	0.972693856185307	5
-0.09216987140428	0.960869115746174	733
-0.0928032593596102	0.972693856185307	51
-0.0967529331340198	0.963861246988004	51
0.0663704972832102	2.12167418239209	149
-0.09216987140428	0.960869115746174	1851
-0.0934371156872902	0.972052225554497	5
-0.0973945205954201	0.972553736075869	989
-0.0928032593596102	0.972693856185307	5
-0.0967529331340198	0.963861246988004	5
-0.0934371156872902	0.972052225554497	989
-0.0967529331340198	0.963861246988004	989
-0.09216987140428	0.960869115746174	1098
-0.0934371156872902	0.972052225554497	51
-0.0973945205954201	0.972553736075869	149
-0.0967529331340198	0.963861246988004	149
0.0615470795750701	2.08298590754328	300
-0.0934371156872902	0.972052225554497	456
-0.0940714409033498	0.959647090123049	456
-0.0967529331340198	0.963861246988004	989
-0.0980365856434902	0.963618638434641	132
-0.09216987140428	0.960869115746174	1098
-0.0928032593596102	0.972693856185307	456
-0.10137332680345	0.953686224961348	5
-0.0973945205954201	0.972553736075869	51
-0.0934371156872902	0.972052225554497	51
-0.0934371156872902	0.972052225554497	456
-0.0967529331340198	0.963861246988004	137
-0.0940714409033498	0.959647090123049	51
-0.0928032593596102	0.972693856185307	197
-0.0928032593596102	0.972693856185307	51
-0.09216987140428	0.960869115746174	51
-0.0934371156872902	0.972052225554497	51
-0.0973945205954201	0.972553736075869	456
-0.0967529331340198	0.963861246988004	5
-0.0967529331340198	0.963861246988004	1557
-0.0928032593596102	0.972693856185307	1557
-0.0973945205954201	0.972553736075869	5
-0.0934371156872902	0.972052225554497	5
-0.09216987140428	0.960869115746174	149
-0.0967529331340198	0.963861246988004	85
-0.0928032593596102	0.972693856185307	1557
-0.0934371156872902	0.972052225554497	310
-0.0928032593596102	0.972693856185307	1557
-0.0928032593596102	0.972693856185307	51
-0.0934371156872902	0.972052225554497	51
-0.0928032593596102	0.972693856185307	149
-0.09216987140428	0.960869115746174	197
-0.0494149925918399	2.42690027282993	21
-0.0934371156872902	0.972052225554497	5
-0.09216987140428	0.960869115746174	137
-0.09216987140428	0.960869115746174	1142
-0.0928032593596102	0.972693856185307	1173
-0.09216987140428	0.960869115746174	85
-0.0928032593596102	0.972693856185307	1062
-0.0973945205954201	0.972553736075869	137
-0.0928032593596102	0.972693856185307	5
-0.0934371156872902	0.972052225554497	149
-0.0934371156872902	0.972052225554497	464
-0.0973945205954201	0.972553736075869	464
0.0694958859643502	2.14467721659371	464
-0.0934371156872902	0.972052225554497	85
-0.0928032593596102	0.972693856185307	464
-0.0973945205954201	0.972553736075869	5
-0.0928032593596102	0.972693856185307	51
-0.0940714409033498	0.959647090123049	132
-0.0934371156872902	0.972052225554497	180
-0.0967529331340198	0.963861246988004	686
-0.09216987140428	0.960869115746174	5
-0.09216987140428	0.960869115746174	475
-0.0967529331340198	0.963861246988004	51
-0.10202322642753	0.9540585653027	21
-0.0928032593596102	0.972693856185307	731
-0.0934371156872902	0.972052225554497	1519
-0.0973945205954201	0.972553736075869	1210
-0.10202322642753	0.9540585653027	132
-0.0940714409033498	0.959647090123049	475
-0.0934371156872902	0.972052225554497	1519
-0.0928032593596102	0.972693856185307	731
-0.0934371156872902	0.972052225554497	180
-0.0934371156872902	0.972052225554497	21
-0.0934371156872902	0.972052225554497	51
-0.0928032593596102	0.972693856185307	1519
-0.09216987140428	0.960869115746174	51
-0.0928032593596102	0.972693856185307	51
-0.0967529331340198	0.963861246988004	180
-0.0934371156872902	0.972052225554497	686
-0.0928032593596102	0.972693856185307	475
-0.0928032593596102	0.972693856185307	51
-0.0980365856434902	0.963618638434641	731
-0.0934371156872902	0.972052225554497	21
-0.0934371156872902	0.972052225554497	21
-0.0934371156872902	0.972052225554497	85
-0.0928032593596102	0.972693856185307	254
-0.0973945205954201	0.972553736075869	1969
0.0733214247900702	2.16909273290189	51
-0.0934371156872902	0.972052225554497	5
-0.10137332680345	0.953686224961348	1969
-0.0928032593596102	0.972693856185307	1969
-0.0967529331340198	0.963861246988004	254
-0.0471716489938601	2.43685759510462	21
-0.09216987140428	0.960869115746174	5
-0.0928032593596102	0.972693856185307	21
-0.09216987140428	0.960869115746174	21
-0.09216987140428	0.960869115746174	483
0.0743354178664499	2.16129992218729	137
-0.0973945205954201	0.972553736075869	483
-0.09216987140428	0.960869115746174	132
-0.0967529331340198	0.963861246988004	21
-0.0928032593596102	0.972693856185307	85
-0.09216987140428	0.960869115746174	85
-0.0940714409033498	0.959647090123049	172
-0.0967529331340198	0.963861246988004	132
-0.0928032593596102	0.972693856185307	51
-0.0928032593596102	0.972693856185307	51
-0.09216987140428	0.960869115746174	51
-0.09216987140428	0.960869115746174	399
0.0652676381269499	2.11325105481161	733
-0.0934371156872902	0.972052225554497	180
0.0784719859888998	2.13136268526535	172
-0.0928032593596102	0.972693856185307	21
-0.0934371156872902	0.972052225554497	5
-0.09216987140428	0.960869115746174	21
-0.0928032593596102	0.972693856185307	1814
0.0780677050478098	2.13521555602503	300
-0.0934371156872902	0.972052225554497	132
-0.0973945205954201	0.972553736075869	399
-0.05208664471821	2.38714978263392	21
-0.0973945205954201	0.972553736075869	21
-0.0928032593596102	0.972693856185307	5
-0.0980365856434902	0.963618638434641	21
0.0738284665165998	2.16741144123835	399
-0.0928032593596102	0.972693856185307	21
-0.0980365856434902	0.963618638434641	21
-0.0928032593596102	0.972693856185307	184
-0.0934371156872902	0.972052225554497	1814
-0.0973945205954201	0.972553736075869	1755
-0.0934371156872902	0.972052225554497	5
-0.09216987140428	0.960869115746174	5
-0.0430326792992601	2.40351224185551	733
0.0784719859888998	2.13136268526535	85
-0.0934371156872902	0.972052225554497	5
-0.0934371156872902	0.972052225554497	5
-0.10137332680345	0.953686224961348	483
-0.0934371156872902	0.972052225554497	483
-0.0967529331340198	0.963861246988004	85
-0.09216987140428	0.960869115746174	483
0.07796419243819	2.1309399371342	5
-0.0934371156872902	0.972052225554497	733
-0.0940714409033498	0.959647090123049	85
-0.0928032593596102	0.972693856185307	483
-0.0934371156872902	0.972052225554497	5
-0.09216987140428	0.960869115746174	929
-0.0928032593596102	0.972693856185307	200
-0.0980365856434902	0.963618638434641	929
-0.09216987140428	0.960869115746174	483
-0.0928032593596102	0.972693856185307	200
-0.0928032593596102	0.972693856185307	929
-0.0928032593596102	0.972693856185307	733
-0.0973945205954201	0.972553736075869	51
-0.0928032593596102	0.972693856185307	1002
-0.0973945205954201	0.972553736075869	733
-0.0928032593596102	0.972693856185307	2185
-0.09216987140428	0.960869115746174	2185
-0.09216987140428	0.960869115746174	100
-0.0940714409033498	0.959647090123049	100
-0.0934371156872902	0.972052225554497	1002
-0.0928032593596102	0.972693856185307	2185
-0.0928032593596102	0.972693856185307	2185
-0.0928032593596102	0.972693856185307	380
0.0748422788557499	2.15016389152874	65
-0.05038568759162	2.41578566756945	5
-0.0928032593596102	0.972693856185307	210
-0.0967529331340198	0.963861246988004	65
-0.0967529331340198	0.963861246988004	380
-0.0928032593596102	0.972693856185307	586
-0.0928032593596102	0.972693856185307	480
-0.0967529331340198	0.963861246988004	300
-0.0967529331340198	0.963861246988004	100
-0.0934371156872902	0.972052225554497	380
-0.0934371156872902	0.972052225554497	730
-0.0928032593596102	0.972693856185307	210
-0.0967529331340198	0.963861246988004	210
-0.0928032593596102	0.972693856185307	100
-0.0928032593596102	0.972693856185307	100
-0.0973945205954201	0.972553736075869	214
-0.0967529331340198	0.963861246988004	108
-0.0934371156872902	0.972052225554497	51
-0.0928032593596102	0.972693856185307	51
-0.0973945205954201	0.972553736075869	65
-0.0928032593596102	0.972693856185307	214
-0.10202322642753	0.9540585653027	733
-0.0928032593596102	0.972693856185307	465
-0.0934371156872902	0.972052225554497	465
-0.0928032593596102	0.972693856185307	730
-0.0973945205954201	0.972553736075869	210
-0.0973945205954201	0.972553736075869	480
-0.0973945205954201	0.972553736075869	362
-0.0967529331340198	0.963861246988004	51
-0.09216987140428	0.960869115746174	51
-0.09216987140428	0.960869115746174	730
-0.0973945205954201	0.972553736075869	480
-0.0934371156872902	0.972052225554497	362
-0.0967529331340198	0.963861246988004	1710
-0.0973945205954201	0.972553736075869	108
-0.0928032593596102	0.972693856185307	214
-0.0967529331340198	0.963861246988004	319
-0.0928032593596102	0.972693856185307	733
-0.0934371156872902	0.972052225554497	200
-0.0967529331340198	0.963861246988004	210
-0.10137332680345	0.953686224961348	362
-0.0967529331340198	0.963861246988004	460
-0.09216987140428	0.960869115746174	214
-0.0928032593596102	0.972693856185307	200
-0.0973945205954201	0.972553736075869	200
-0.0967529331340198	0.963861246988004	480
-0.09216987140428	0.960869115746174	100
-0.09216987140428	0.960869115746174	380
-0.0967529331340198	0.963861246988004	460
-0.0928032593596102	0.972693856185307	51
-0.0973945205954201	0.972553736075869	480
-0.0967529331340198	0.963861246988004	100
-0.0934371156872902	0.972052225554497	51
-0.09216987140428	0.960869115746174	51
-0.0934371156872902	0.972052225554497	2019
-0.0967529331340198	0.963861246988004	733
-0.09216987140428	0.960869115746174	210
-0.09216987140428	0.960869115746174	51
-0.09216987140428	0.960869115746174	2019
-0.0928032593596102	0.972693856185307	380
-0.0967529331340198	0.963861246988004	3
-0.0967529331340198	0.963861246988004	85
-0.0973945205954201	0.972553736075869	380
-0.0967529331340198	0.963861246988004	200
-0.0934371156872902	0.972052225554497	3
-0.10603151344088	0.932685389461127	733
-0.0934371156872902	0.972052225554497	200
0.0743354178664499	2.16129992218729	200
-0.0493619031319401	2.42632931728069	108
-0.0980365856434902	0.963618638434641	929
-0.09216987140428	0.960869115746174	5
-0.0934371156872902	0.972052225554497	3
-0.0934371156872902	0.972052225554497	3
-0.0934371156872902	0.972052225554497	200
-0.0940714409033498	0.959647090123049	3
-0.0928032593596102	0.972693856185307	108
-0.0940714409033498	0.959647090123049	3
-0.0928032593596102	0.972693856185307	3
-0.0928032593596102	0.972693856185307	697
-0.0928032593596102	0.972693856185307	2265
-0.0934371156872902	0.972052225554497	3
-0.0934371156872902	0.972052225554497	3
-0.0934371156872902	0.972052225554497	200
-0.0973945205954201	0.972553736075869	200
-0.0973945205954201	0.972553736075869	584
-0.0540246558624302	2.3966198898959	584
-0.0980365856434902	0.963618638434641	1139
-0.0967529331340198	0.963861246988004	108
-0.0934371156872902	0.972052225554497	108
-0.09216987140428	0.960869115746174	108
-0.0973945205954201	0.972553736075869	3
-0.0934371156872902	0.972052225554497	3
-0.0934371156872902	0.972052225554497	3
-0.0934371156872902	0.972052225554497	144
-0.0967529331340198	0.963861246988004	385
-0.0928032593596102	0.972693856185307	108
-0.0967529331340198	0.963861246988004	3
-0.0928032593596102	0.972693856185307	3
-0.0934371156872902	0.972052225554497	108
-0.10137332680345	0.953686224961348	1139
-0.0967529331340198	0.963861246988004	108
-0.0928032593596102	0.972693856185307	108
-0.0934371156872902	0.972052225554497	108
-0.0508185255687299	2.43236517067079	3
-0.0973945205954201	0.972553736075869	555
-0.0934371156872902	0.972052225554497	555
-0.0928032593596102	0.972693856185307	555
-0.0928032593596102	0.972693856185307	1456
-0.0934371156872902	0.972052225554497	3
-0.0934371156872902	0.972052225554497	111
-0.0928032593596102	0.972693856185307	210
-0.10202322642753	0.9540585653027	1139
-0.0928032593596102	0.972693856185307	1139
-0.09216987140428	0.960869115746174	1139
-0.0928032593596102	0.972693856185307	108
-0.0928032593596102	0.972693856185307	1456
-0.0980365856434902	0.963618638434641	1456
-0.09216987140428	0.960869115746174	555
-0.0973945205954201	0.972553736075869	584
-0.09216987140428	0.960869115746174	111
-0.0934371156872902	0.972052225554497	640
-0.09216987140428	0.960869115746174	385
-0.10137332680345	0.953686224961348	385
-0.0940714409033498	0.959647090123049	1139
-0.0928032593596102	0.972693856185307	1139
-0.0928032593596102	0.972693856185307	108
-0.0940714409033498	0.959647090123049	108
-0.0973945205954201	0.972553736075869	283
-0.0928032593596102	0.972693856185307	3
0.0723070701425699	2.15952150741329	386
-0.0973945205954201	0.972553736075869	555
-0.0928032593596102	0.972693856185307	584
-0.0934371156872902	0.972052225554497	30
-0.0973945205954201	0.972553736075869	3
-0.0928032593596102	0.972693856185307	555
-0.0967529331340198	0.963861246988004	108
-0.0934371156872902	0.972052225554497	108
-0.0934371156872902	0.972052225554497	108
-0.09216987140428	0.960869115746174	108
-0.09216987140428	0.960869115746174	3
-0.09216987140428	0.960869115746174	3
-0.0928032593596102	0.972693856185307	584
-0.0928032593596102	0.972693856185307	584
-0.09216987140428	0.960869115746174	385
-0.0928032593596102	0.972693856185307	385
-0.0973945205954201	0.972553736075869	108
-0.0928032593596102	0.972693856185307	108
-0.09216987140428	0.960869115746174	30
-0.0934371156872902	0.972052225554497	584
-0.0928032593596102	0.972693856185307	584
-0.0940714409033498	0.959647090123049	584
-0.0928032593596102	0.972693856185307	385
-0.0967529331340198	0.963861246988004	385
-0.0928032593596102	0.972693856185307	385
-0.09216987140428	0.960869115746174	192
-0.0973945205954201	0.972553736075869	108
-0.0928032593596102	0.972693856185307	3
-0.09216987140428	0.960869115746174	385
-0.0973945205954201	0.972553736075869	192
-0.0928032593596102	0.972693856185307	108
-0.0928032593596102	0.972693856185307	108
-0.0934371156872902	0.972052225554497	108
-0.10137332680345	0.953686224961348	3
-0.0940714409033498	0.959647090123049	105
-0.0934371156872902	0.972052225554497	192
-0.09216987140428	0.960869115746174	386
-0.09216987140428	0.960869115746174	897
-0.0967529331340198	0.963861246988004	584
-0.0928032593596102	0.972693856185307	105
-0.0967529331340198	0.963861246988004	3
-0.09216987140428	0.960869115746174	897
-0.0934371156872902	0.972052225554497	386
-0.0973945205954201	0.972553736075869	386
-0.09216987140428	0.960869115746174	584
-0.0928032593596102	0.972693856185307	192
-0.09216987140428	0.960869115746174	108
-0.0967529331340198	0.963861246988004	3
-0.0980365856434902	0.963618638434641	584
-0.0934371156872902	0.972052225554497	192
-0.0967529331340198	0.963861246988004	192
-0.0928032593596102	0.972693856185307	386
-0.0973945205954201	0.972553736075869	105
-0.0928032593596102	0.972693856185307	2262
-0.0934371156872902	0.972052225554497	584
-0.10137332680345	0.953686224961348	108
-0.0934371156872902	0.972052225554497	108
-0.0940714409033498	0.959647090123049	3
-0.0973945205954201	0.972553736075869	386
-0.0973945205954201	0.972553736075869	584
-0.0967529331340198	0.963861246988004	108
-0.0934371156872902	0.972052225554497	3
-0.09216987140428	0.960869115746174	3
-0.0928032593596102	0.972693856185307	584
-0.0934371156872902	0.972052225554497	192
-0.0934371156872902	0.972052225554497	386
-0.0940714409033498	0.959647090123049	386
-0.0928032593596102	0.972693856185307	386
-0.0973945205954201	0.972553736075869	263
-0.10137332680345	0.953686224961348	386
-0.0934371156872902	0.972052225554497	85
-0.0967529331340198	0.963861246988004	386
-0.0928032593596102	0.972693856185307	386
-0.0934371156872902	0.972052225554497	386
-0.0934371156872902	0.972052225554497	108
-0.0973945205954201	0.972553736075869	192
-0.0934371156872902	0.972052225554497	192
-0.0973945205954201	0.972553736075869	108
-0.0928032593596102	0.972693856185307	108
-0.0967529331340198	0.963861246988004	108
-0.0940714409033498	0.959647090123049	105
0.0705069921210701	2.15022050765447	192
-0.0967529331340198	0.963861246988004	298
-0.0928032593596102	0.972693856185307	108
-0.0967529331340198	0.963861246988004	2133
-0.0973945205954201	0.972553736075869	267
-0.0928032593596102	0.972693856185307	105
-0.09216987140428	0.960869115746174	85
-0.0928032593596102	0.972693856185307	385
-0.0934371156872902	0.972052225554497	386
-0.0928032593596102	0.972693856185307	85
0.0700847942360001	2.10297100502363	105
-0.0934371156872902	0.972052225554497	1233
-0.0980365856434902	0.963618638434641	395
-0.0967529331340198	0.963861246988004	1233
-0.0973945205954201	0.972553736075869	85
-0.0973945205954201	0.972553736075869	85
-0.10202322642753	0.9540585653027	92
-0.0940714409033498	0.959647090123049	1233
-0.0928032593596102	0.972693856185307	1130
-0.0934371156872902	0.972052225554497	85
-0.0928032593596102	0.972693856185307	385
-0.0928032593596102	0.972693856185307	385
-0.09216987140428	0.960869115746174	385
-0.0940714409033498	0.959647090123049	385
-0.0934371156872902	0.972052225554497	108
-0.0928032593596102	0.972693856185307	395
-0.0980365856434902	0.963618638434641	395
-0.0934371156872902	0.972052225554497	781
-0.10137332680345	0.953686224961348	2165
-0.0928032593596102	0.972693856185307	92
-0.0973945205954201	0.972553736075869	92
-0.09216987140428	0.960869115746174	395
-0.10137332680345	0.953686224961348	781
-0.0928032593596102	0.972693856185307	385
-0.0940714409033498	0.959647090123049	385
-0.0934371156872902	0.972052225554497	1322
-0.0973945205954201	0.972553736075869	192
-0.09216987140428	0.960869115746174	395
-0.09216987140428	0.960869115746174	781
-0.0967529331340198	0.963861246988004	1319
-0.0967529331340198	0.963861246988004	92
-0.0967529331340198	0.963861246988004	395
-0.0934371156872902	0.972052225554497	192
0.0747415188987501	2.16003762536612	85
-0.0973945205954201	0.972553736075869	92
-0.0980365856434902	0.963618638434641	2263
-0.0928032593596102	0.972693856185307	781
-0.09216987140428	0.960869115746174	781
-0.09216987140428	0.960869115746174	192
-0.0928032593596102	0.972693856185307	2263
-0.0940714409033498	0.959647090123049	395
-0.0934371156872902	0.972052225554497	395
-0.0928032593596102	0.972693856185307	830
-0.0928032593596102	0.972693856185307	830
-0.0928032593596102	0.972693856185307	192
-0.0928032593596102	0.972693856185307	2165
-0.0967529331340198	0.963861246988004	92
-0.0934371156872902	0.972052225554497	92
-0.0967529331340198	0.963861246988004	2263
-0.0973945205954201	0.972553736075869	177
-0.0928032593596102	0.972693856185307	2463
-0.09216987140428	0.960869115746174	781
-0.0934371156872902	0.972052225554497	466
-0.0973945205954201	0.972553736075869	2437
-0.0973945205954201	0.972553736075869	85
-0.10137332680345	0.953686224961348	92
-0.0934371156872902	0.972052225554497	830
-0.0928032593596102	0.972693856185307	89
-0.0934371156872902	0.972052225554497	92
-0.0973945205954201	0.972553736075869	830
-0.0967529331340198	0.963861246988004	177
-0.0934371156872902	0.972052225554497	198
-0.0967529331340198	0.963861246988004	385
-0.0980365856434902	0.963618638434641	85
-0.0928032593596102	0.972693856185307	89
-0.0967529331340198	0.963861246988004	105
-0.0973945205954201	0.972553736075869	385
-0.0973945205954201	0.972553736075869	385
-0.10137332680345	0.953686224961348	92
-0.0973945205954201	0.972553736075869	85
-0.0973945205954201	0.972553736075869	385
-0.09216987140428	0.960869115746174	92
-0.0973945205954201	0.972553736075869	830
-0.0928032593596102	0.972693856185307	177
-0.0934371156872902	0.972052225554497	85
-0.0967529331340198	0.963861246988004	92
-0.09216987140428	0.960869115746174	105
-0.0967529331340198	0.963861246988004	385
-0.0928032593596102	0.972693856185307	85
-0.09216987140428	0.960869115746174	466
-0.0973945205954201	0.972553736075869	85
-0.09216987140428	0.960869115746174	85
-0.0928032593596102	0.972693856185307	85
-0.10137332680345	0.953686224961348	385
-0.10137332680345	0.953686224961348	782
-0.09216987140428	0.960869115746174	85
-0.0973945205954201	0.972553736075869	679
-0.0934371156872902	0.972052225554497	85
-0.0967529331340198	0.963861246988004	385
-0.0928032593596102	0.972693856185307	325
-0.0980365856434902	0.963618638434641	92
-0.0928032593596102	0.972693856185307	385
-0.0928032593596102	0.972693856185307	994
-0.0928032593596102	0.972693856185307	466
-0.0928032593596102	0.972693856185307	85
-0.0934371156872902	0.972052225554497	385
-0.0928032593596102	0.972693856185307	1410
-0.0928032593596102	0.972693856185307	85
-0.0934371156872902	0.972052225554497	208
-0.0967529331340198	0.963861246988004	385
-0.0928032593596102	0.972693856185307	85
-0.0967529331340198	0.963861246988004	994
-0.0928032593596102	0.972693856185307	92
-0.0967529331340198	0.963861246988004	208
-0.10202322642753	0.9540585653027	679
-0.10202322642753	0.9540585653027	85
-0.0928032593596102	0.972693856185307	92
-0.0973945205954201	0.972553736075869	92
-0.0934371156872902	0.972052225554497	208
-0.10137332680345	0.953686224961348	92
-0.0928032593596102	0.972693856185307	85
-0.0973945205954201	0.972553736075869	679
-0.0503328911699401	2.43539154523409	92
-0.0973945205954201	0.972553736075869	325
-0.09216987140428	0.960869115746174	208
-0.0967529331340198	0.963861246988004	1035
-0.09216987140428	0.960869115746174	325
-0.09216987140428	0.960869115746174	92
-0.0934371156872902	0.972052225554497	208
-0.0928032593596102	0.972693856185307	208
-0.0934371156872902	0.972052225554497	208
-0.0928032593596102	0.972693856185307	385
-0.0928032593596102	0.972693856185307	385
-0.0973945205954201	0.972553736075869	85
-0.0934371156872902	0.972052225554497	92
-0.0928032593596102	0.972693856185307	92
-0.10137332680345	0.953686224961348	208
-0.0928032593596102	0.972693856185307	85
-0.0928032593596102	0.972693856185307	1035
-0.0973945205954201	0.972553736075869	511
-0.0934371156872902	0.972052225554497	208
-0.0934371156872902	0.972052225554497	511
-0.0928032593596102	0.972693856185307	92
-0.10603151344088	0.932685389461127	385
-0.0934371156872902	0.972052225554497	1711
-0.0928032593596102	0.972693856185307	385
-0.0928032593596102	0.972693856185307	1035
-0.0973945205954201	0.972553736075869	85
-0.10137332680345	0.953686224961348	325
-0.0973945205954201	0.972553736075869	385
-0.0967529331340198	0.963861246988004	1035
-0.10603151344088	0.932685389461127	325
-0.0973945205954201	0.972553736075869	1909
-0.0928032593596102	0.972693856185307	1711
-0.0928032593596102	0.972693856185307	208
-0.0973945205954201	0.972553736075869	208
-0.0928032593596102	0.972693856185307	1035
-0.0934371156872902	0.972052225554497	325
-0.0928032593596102	0.972693856185307	85
-0.09216987140428	0.960869115746174	85
-0.0967529331340198	0.963861246988004	208
-0.0928032593596102	0.972693856185307	208
-0.0940714409033498	0.959647090123049	85
-0.0928032593596102	0.972693856185307	325
-0.0973945205954201	0.972553736075869	325
-0.0973945205954201	0.972553736075869	1909
0.0794872987053199	2.12072610701679	85
-0.0928032593596102	0.972693856185307	208
-0.0967529331340198	0.963861246988004	208
-0.10137332680345	0.953686224961348	85
-0.0934371156872902	0.972052225554497	85
-0.0967529331340198	0.963861246988004	224
-0.09216987140428	0.960869115746174	469
-0.0928032593596102	0.972693856185307	325
-0.0980365856434902	0.963618638434641	208
-0.0934371156872902	0.972052225554497	325
0.0775595864067502	2.13855939086571	325
-0.09216987140428	0.960869115746174	208
-0.0934371156872902	0.972052225554497	208
-0.0967529331340198	0.963861246988004	85
-0.0928032593596102	0.972693856185307	85
-0.0934371156872902	0.972052225554497	1035
-0.0934371156872902	0.972052225554497	85
-0.0934371156872902	0.972052225554497	208
-0.0967529331340198	0.963861246988004	1035
-0.09216987140428	0.960869115746174	325
-0.0928032593596102	0.972693856185307	85
-0.0934371156872902	0.972052225554497	325
-0.0967529331340198	0.963861246988004	1512
-0.09216987140428	0.960869115746174	46
-0.0967529331340198	0.963861246988004	85
-0.0980365856434902	0.963618638434641	85
-0.0967529331340198	0.963861246988004	46
-0.0928032593596102	0.972693856185307	46
-0.0928032593596102	0.972693856185307	46
-0.09216987140428	0.960869115746174	46
-0.0967529331340198	0.963861246988004	46
-0.0940714409033498	0.959647090123049	1207
-0.0967529331340198	0.963861246988004	1207
-0.10137332680345	0.953686224961348	52
-0.0451987380809902	2.39491062846702	52
-0.0973945205954201	0.972553736075869	52
-0.0928032593596102	0.972693856185307	52
-0.0928032593596102	0.972693856185307	696
-0.0928032593596102	0.972693856185307	1459
-0.0980365856434902	0.963618638434641	696
-0.0940714409033498	0.959647090123049	1459
-0.0973945205954201	0.972553736075869	52
-0.0934371156872902	0.972052225554497	696
-0.0980365856434902	0.963618638434641	696
-0.0973945205954201	0.972553736075869	1459
-0.09216987140428	0.960869115746174	1459
-0.09216987140428	0.960869115746174	52
-0.10137332680345	0.953686224961348	52
-0.0928032593596102	0.972693856185307	1459
-0.0934371156872902	0.972052225554497	52
-0.0928032593596102	0.972693856185307	52
-0.0973945205954201	0.972553736075869	52
-0.0928032593596102	0.972693856185307	52
-0.0928032593596102	0.972693856185307	52
0.0753490495006401	2.13243309087292	52
-0.0928032593596102	0.972693856185307	491
0.06858088117525	2.15187200960154	52
-0.10137332680345	0.953686224961348	52
-0.09216987140428	0.960869115746174	52
-0.0980365856434902	0.963618638434641	286
-0.09216987140428	0.960869115746174	52
-0.10137332680345	0.953686224961348	52
-0.10137332680345	0.953686224961348	286
