x	y
1.95256933090985	0.464168557061862
-1.80190156331263	0.405310176911618
0.137716344096337	0.0264356853006178
1.95584693887656	0.462330835133922
0.927971507294548	0.243537608899139
-1.80211551800213	0.40518546889285
1.95338582999428	0.463576578510391
0.642202725024316	0.20486814652215
-2.58557826662177	0.681302812577655
-1.80190156331263	0.405310176911618
-1.80190156331263	0.405310176911618
-1.80190156331263	0.405310176911618
-1.80190156331263	0.405310176911618
1.95338582999428	0.463576578510391
-1.80211551800213	0.40518546889285
1.95338582999428	0.463576578510391
-1.80211551800213	0.40518546889285
-3.09280325935961	0.972693856185307
0.138169594891086	0.0265198668009027
0.139073148904902	0.0266055202308437
-1.80190156331263	0.405310176911618
0.138618353811657	0.0265211219118666
0.925819939961969	0.242168104656227
0.141666634051722	0.0357514933011427
0.138169594891086	0.0265198668009027
0.139073148904902	0.0266055202308437
1.95338582999428	0.463576578510391
0.137716344096337	0.0264356853006178
2.7489176254429	0.781882431670721
2.74438259751335	0.780038400688451
-3.09216987140428	0.960869115746174
0.138618353811657	0.0265211219118666
1.95338582999428	0.463576578510391
-1.80211551800213	0.40518546889285
-1.80190156331263	0.405310176911618
-1.80190156331263	0.405310176911618
1.95256933090985	0.464168557061862
-1.80211551800213	0.40518546889285
1.95584693887656	0.462330835133922
-1.80583314024352	0.404036831265938
-2.58899611685113	0.683672524401667
1.95256933090985	0.464168557061862
0.138169594891086	0.0265198668009027
0.138169594891086	0.0265198668009027
-1.80211551800213	0.40518546889285
-1.80211551800213	0.40518546889285
-0.74554030308287	0.261955894337664
2.09562316418738	0.929819753473407
-3.77488446443192	1.52874110171612
-2.58899611685113	0.683672524401667
-0.650959635012338	0.159168476600347
-2.58945281070023	0.683631203527574
-1.54109898628274	0.564008735008191
0.138818714405564	0.0354421828043769
-0.369739934267753	0.108830229788068
-1.80583314024352	0.404036831265938
-3.09280325935961	0.972693856185307
0.141168720466643	0.026788068800843
-2.58513149511835	0.689509113042442
0.141666634051722	0.0357514933011427
0.13377964661681	0.0339655613686654
0.138618353811657	0.0265211219118666
0.133621657798323	0.0257280473816019
-1.16680976292454	0.361321943590249
-1.24912004072241	0.916865921175521
-0.110876640622088	0.0448924725384674
-0.503615673176864	0.265034328313794
-0.4175625110447	0.238471362448274
-0.750453159564684	0.266070645067511
-1.16680976292454	0.361321943590249
-0.372498546343112	0.108199355648203
-0.243489732986148	0.0812398100864258
-0.37373542401889	0.110004299970677
-0.537244494096108	0.209199262988428
-0.787701717733618	0.350390774736043
-0.372732473872603	0.110746709749891
-2.48909014431717	1.42234991357588
-0.242788883618067	0.0808805347641532
0.14500900203205	0.0697312098145235
-0.544726922023982	0.212503767866522
-0.114026447958404	0.0454758620085743
-1.30152218159531	0.600761901527298
-0.755659764208684	0.265241875072543
-0.169912448780061	0.0622831802819851
0.133373880706187	0.0448535988917937
-0.751444890588777	0.263713332527736
1.05592306926228	0.509552535621127
0.136983994683607	0.0594233713524571
0.137026016499981	0.0522973104894318
0.775667536716626	0.457798618222318
0.143938957231851	0.0748495755867318
-0.534392143049664	0.203745310864302
-0.411306378369193	0.173103709879466
1.44861020528873	0.892615674789939
0.429430403324828	0.174308914564631
-0.164717030217209	0.0605798459598444
-0.0132599364314478	0.00677475939949745
0.510425175538684	0.184248558920947
0.776572989898979	0.455009701534419
-1.49295012854157	1.02997885096386
-2.79147175104857	1.88040427635119
-1.51003354156156	0.780251715305574
1.07664061951548	0.663985362425297
0.385756059656369	0.174638974009755
0.139088984871223	0.0347391602259325
-0.412814669063794	0.175603974598424
0.431353869750893	0.170677986367364
-0.649319222104321	0.16021039083734
-0.244180925356045	0.081049134991476
-0.165029630388723	0.0604405571991372
1.43499437670553	0.469713899049653
0.427307329026678	0.173322868473184
1.94444880744691	1.22417439870263
1.30322111048026	0.565778727506967
-0.371963944093828	0.110621992809151
-1.04825804245851	0.430881776490226
0.133264717489137	0.0398651258030508
-0.413381207516543	0.17636300038956
-0.789563075453597	0.353585018166519
-0.477670674106496	0.32137437092295
0.135687810090981	0.0405518208503784
-0.554233359416781	0.352512153787127
-0.506482060046453	0.267519583103605
-0.150940160311733	0.0856376667101807
-0.616058166016976	0.502599613072443
0.833530116086102	0.755236684079225
-1.48242868482751	1.0437687014819
-1.10105204179433	0.738600830492431
1.22325926365913	1.00877260124616
0.0545654318555007	0.0354422381044106
0.847640070980212	0.611195379725904
-0.0116385996035232	0.00598909657369037
0.433944695707762	0.313584887191754
-0.0654582271572606	0.028319818730772
0.138818714405564	0.0354421828043769
0.635769737458838	0.447033109075905
0.70590022151381	0.461479387790244
0.133714423806956	0.0568223519449822
0.413755583069061	0.307178683783982
0.840622529921333	0.610098987163249
-0.232330389824781	0.178289803415208
0.292762957738443	0.202426568660518
-0.0810324946243019	0.0680105074042816
-0.394049480045644	0.307086550688682
1.38878936157771	1.06646987337179
-0.500377604094673	0.264725600189635
-0.264340414061322	0.200976053347624
-0.17544794614338	0.120472210655272
-0.413381207516543	0.17636300038956
-0.751198712039969	0.263460624922869
1.0488329181685	0.510466369895979
0.422404303848247	0.170657988200285
0.132279016539978	0.0392355437606514
-0.196732184887065	0.105707743515064
0.264300377959552	0.236527280988504
0.377111951718014	0.309897462648306
-0.91821234150635	0.747987334815778
-2.09217633664281	0.97366279228165
-0.540837584872468	0.211287314007882
-0.653515136282054	0.159727161117317
-0.368970569520409	0.108704530129129
-1.04893390575969	0.425501531364033
-1.19484800247651	1.20260913230216
0.134073230654708	0.0460155036809627
-1.54033413653663	0.562613885619299
-0.715021014950423	0.635955784810812
0.784780262242597	0.466039385959791
0.430342156614367	0.173971171547513
0.628125798939566	0.563494866199932
0.508560488635989	0.440894781114722
-0.528273705689883	0.40159819659997
-0.410454070138295	0.233626252943625
-0.107960525223744	0.0624906040737823
0.537567631126692	0.449660953930264
-0.723002569475407	0.706957288835832
-0.320271718172287	0.146411912400688
-1.29071921031142	1.41113061479018
-0.372967191440885	0.109879462987979
-3.09343711568729	0.972052225554497
-0.0554935500317455	0.0360309176757308
-0.0923659670484464	0.0570343761497587
-0.2111034136935	0.111176265849039
0.905378865104753	0.779925277179465
0.506468506416984	0.184272460164198
0.326117656293957	0.177661408328668
-0.535953611007358	0.20815255049836
-0.544995323112593	0.212530818243473
-0.657757680202514	0.390314772988173
-0.0368198434224387	0.0175635187994821
-0.34375337720614	0.206083289173508
-0.143870110877598	0.0800029993501529
-0.471014719394259	0.315915884371717
0.310447862712579	0.188035251873523
1.42898338960615	0.478193832396807
0.143711023952806	0.076256849257087
-0.0614254345056291	0.0391809022289762
0.596468791110989	0.314139878149124
-0.556626933725027	0.358194568374582
0.15069058938132	0.0781028554799419
0.154530922211348	0.0805833415041626
0.347236069398587	0.172572049300718
0.134506422888997	0.0675889223169824
-0.166832891529579	0.0608169340101326
0.131947928994692	0.0390584570073534
0.433128399509895	0.1763668859627
0.562938144843042	0.44669199734554
-0.03728462678901	0.0178209782766589
-0.169310736207172	0.0622086261971111
-0.372967191440885	0.109879462987979
0.376624444409636	0.168487996122538
3.62360809261866	1.43608472685745
-0.649319222104321	0.16021039083734
-0.683429001491187	0.482956193573225
-0.0451975954577541	0.0293517299760389
-0.813432224999742	0.536818277896324
0.503876995607107	0.183480745946702
-1.84215992422119	0.772497364016813
-1.16227469880569	0.355295007054579
0.140906973713143	0.0352149950547458
0.798910414182005	0.337139290695607
0.926329332609966	0.245803896301602
-0.245260091064083	0.121513778250745
-0.542135647454679	0.210886784915037
0.138169594891086	0.0265198668009027
-0.29329906924967	0.187904183407228
-0.127395205736211	0.0768019303942311
-1.3417018029069	0.833572428472908
-0.10316195259349	0.0412582216406303
-0.164028003188741	0.093432683786256
1.39998563690861	1.044691979134
-0.609001795962954	0.650365380130455
0.481511452974545	0.29105651474456
-0.371195854454092	0.109335251451445
-0.745791187837514	0.261749146161392
-0.493486668330464	0.254553664287588
-0.812194278107374	0.623715857088871
-1.17615071741896	0.668885387988931
-2.09888984919756	0.968460105575803
0.643202247298856	0.202776762796674
-0.993466461526202	0.5008963607004
-1.11727862554557	1.08501769504563
-0.598415613638757	0.440796430901666
0.133269655210264	0.0514052505492531
-0.587138837936951	0.42944457013164
-0.786176974594147	0.350839154379538
-0.157805191603861	0.0906871947069409
-0.41056321677083	0.175044128218528
-0.106493257389416	0.043045876551947
-0.800555803404835	0.44379923760272
-0.81111227051542	0.700736936252539
-0.28744532390654	0.184317432757835
-0.970252495848044	0.589139928565819
-0.809606076247527	0.5401320843643
0.348192550419542	0.176204276959526
-1.48749978045409	1.0333578928697
0.141109942912127	0.0612078552861342
-0.446425938536676	0.346390466999392
-0.168709143575624	0.0618957168726134
-0.796859161881843	0.433164558414534
-0.203844405030249	0.108812598120706
-0.339131231992922	0.205089859748485
-0.207174391184943	0.141882290234961
0.331372035718906	0.182303068906753
-0.264139774298045	0.130545441462434
0.449330856636452	0.29721591313842
0.38737005880787	0.173212739367208
-1.29580538399491	0.604526107834548
-0.0436218731628549	0.0201872816060282
-0.233097802107177	0.179254438752436
-0.243738387832607	0.0804072076503759
-0.160406674189867	0.0589738488213368
-0.37705103334154	0.111772840936855
-0.381393591442191	0.111085050560728
0.140906973713143	0.0352149950547458
-1.23266345693806	0.887718650688314
-1.17374978854649	0.657659932262566
-0.295261543551706	0.187600954082304
0.852843230812482	0.619646074241947
2.08947720126277	0.943612171539552
1.79162840936759	0.703437230890096
-0.798237865287723	0.432640286396622
-0.753681227368969	0.263682884208275
-0.540837584872468	0.211287314007882
-1.04569085125238	0.424269012979002
-0.250033987482239	0.0816511260066262
-0.645977108318167	0.157387277340251
0.0186227566903455	0.0108330261661357
-0.0517311282047661	0.0240329217558225
-0.786496231567495	0.35210829920392
-2.12968711061659	2.3138425942209
-0.800950414684059	0.439518935650571
-1.68549277416325	0.954790187533158
1.05131166712168	0.51832133916075
-0.0351235517357545	0.016688686638658
-0.0407205265960914	0.0192988261865834
-0.483766295612442	0.32069614066682
0.633746752409896	0.444519057909015
-0.410907644838062	0.173723592383277
0.140849939775754	0.0415398473569265
-0.109826656577751	0.044177657424481
-2.93040716150468	2.15746078192226
-0.618988882415275	0.296619029646508
-0.34541535770556	0.24914865494791
-0.602110075370965	0.443881149347908
-0.987812463719612	0.48640028950347
-0.555420451039425	0.350067425854133
-0.50003938356841	0.265823931502933
-0.498684514017248	0.262352886755373
-0.614386323917022	0.298711515778912
-1.00031988555628	0.502372420034888
-0.371963944093828	0.110621992809151
-1.17619204489667	0.666062644274033
-0.792612286333243	0.345242912194314
0.126486414676472	0.0372569657578064
-0.404235553440268	0.323008105833041
-0.459805896701699	0.362581556399867
-0.345174072155608	0.206771328467753
-0.758903093547503	0.265752003191917
0.412165999237698	0.311205244744035
-0.0298750684985466	0.0200639378075759
-0.353952126938712	0.212100447544028
-0.0412528563719962	0.0197627828256354
-1.00775155761109	0.88440084914468
0.152785001204552	0.0931814916492855
0.493149689622075	0.310582933164142
0.14548710957392	0.0696542153273973
-1.35577687781303	1.12899174714067
1.2234224429284	1.02598599564981
-0.591361936762276	0.439615671588185
-1.57460117781982	2.08024204547577
0.773108841619631	0.597718096704735
-0.206248299590293	0.139844331796917
0.504557343044797	0.431585758742589
0.13273416326183	0.0446282262586656
0.380640862153908	0.171894154360853
0.701454284986472	0.459887448140112
-0.618763311534973	0.302466954406303
0.143217043612394	0.0685617850782196
0.17036262477534	0.110247351389022
-0.743042190700807	0.912860101761859
-0.259754810134035	0.194586178111426
-0.570500436106757	0.528325215798401
-0.969814414660384	0.586300850130654
-0.7499539562993	0.263513086552406
0.801640822834797	0.342681912930608
-0.235473834201193	0.155219638541941
0.157441933702641	0.0885804825248002
-4.02148240437186	1.79135100546719
1.303478642082	0.570952432784822
-0.749707900448518	0.266629197702648
-1.84364570734871	0.769128563045154
-1.80190156331263	0.405310176911618
-0.533725563982462	0.40045885288235
-0.423619600414572	0.436831241660649
-1.99428652596512	1.37812694236129
-0.23788425127927	0.0784171557797199
-0.542406515669322	0.20957393057014
-1.53808894962198	0.559470356704578
-1.83797713176254	0.763323297952075
-0.792220990027901	0.346122802678922
-0.748717096925392	0.26268742708996
-1.16152021660948	0.35929571617842
0.274617490500739	0.19643193131298
-1.55544084896781	2.29364359543061
-2.26059451979931	1.82292537089043
-0.0682014458478603	0.0437723366003165
-0.350270381761593	0.211574787602578
0.551406536492691	0.432405732630508
0.427641985679229	0.173876127392907
-0.592739862851665	0.442686900728823
-0.457901586091934	0.361505724478329
0.28714222894642	0.195600663055171
0.563329121535254	0.450950432243501
-0.874792536453324	0.955252013825861
-1.99940683637138	1.37537765841877
0.130105167826918	0.0446113493171228
-0.497226522207741	0.26164239040374
-0.709236340126105	0.571615163221208
0.374239827012132	0.306061385174884
0.0458719868422022	0.027940366206958
0.141547245140789	0.0745791297464463
-0.165411581833373	0.129776153639867
-1.01704273030047	0.910831793225321
-0.570043789160413	0.356598908265903
-0.785291228573989	0.349787734626296
-1.84959610627213	1.17686592984239
-1.29515834308224	0.603610157609632
0.804306426214091	0.344854975606889
0.12685424655362	0.0433860144624846
-0.16776118524494	0.0607821297221987
-0.804195195956617	0.536928804218478
0.0127357686472114	0.00676259560947229
-0.561596360955948	0.348753290113498
0.132014738581837	0.0498570487655738
-0.467208872855001	0.308935621706225
-1.17652023827049	0.659219146094007
-0.249315959695042	0.125782769531469
-0.925424946843988	1.11376030792398
0.13074242210059	0.0557736713852799
-0.196558456793565	0.105058492956819
0.973783546859358	0.763540950387189
-0.041701189483626	0.0200088546579432
-0.967439031174006	0.58734407223137
-0.0676559456988244	0.0290427894492972
0.677475099969342	0.316278516989648
0.400797902717	0.31960867433225
0.437743758277808	0.313895853526676
-3.04981340851221	2.38069180330449
0.487976010650314	0.307744090803918
0.637183883023905	0.453335219593025
-0.164113417640613	0.0601976090971911
0.133502874099665	0.0402503094723903
-0.0377290118231734	0.0179222571160295
0.783460828273082	0.613766502110748
-1.29515834308224	0.603610157609632
0.467479395171233	0.31507739497572
0.276962357613815	0.209443087151443
0.0541813774392072	0.0328252734132498
0.151924499303404	0.0797820585623262
0.0848600144603594	0.0622486551817718
0.947401776921217	0.635679137291503
-2.08842733153289	0.971005061190044
-0.240229628086566	0.0794522230625189
-1.6166108342072	1.2455770383165
0.463033889251425	0.306599817481384
-1.18056034976999	0.673277993957225
-0.649677393302236	0.159121336474823
0.138547275345784	0.0347818496624983
0.432605112236327	0.173803370611223
-1.80190156331263	0.405310176911618
-0.994947520595846	0.503479993249042
-1.16180306616162	0.360626829502971
-3.09280325935961	0.972693856185307
-0.392097136087974	0.310408802765292
-0.356272948918356	0.213399111200288
1.1366206204616	1.26667828224963
-0.0168942155967886	0.00861910795222448
0.15522028089683	0.0957778146581131
1.13536376718514	1.13070008970455
-0.314103662830011	0.144329178624001
0.13884231547499	0.0525706869048802
-0.525283058040815	0.400632459927637
0.149735727193089	0.0858538627930456
0.158502020596461	0.105369968672221
1.09466714998711	0.820302702070642
0.510668751789218	0.184537578196263
1.26106194161776	0.705565073472897
-0.0403820269374178	0.0191162333469385
-0.479444730778224	0.319969733402848
0.485099819156373	0.302715521459241
0.138417936751956	0.0771649105461007
0.156003091312352	0.0889379780365584
0.456528399065357	0.420076629953323
-0.358000097986205	0.25839420570028
-0.962821797438327	0.589161921901063
-0.243484148452124	0.0808609088407405
-1.23885749550265	0.940295165343273
-0.553586353153551	0.351993331910527
-0.409149623369011	0.232732213628797
-0.164113417640613	0.0601976090971911
0.130755305563244	0.0449465396920763
0.418755409587225	0.166353821031377
0.698428445011978	0.458033094675341
-1.05289679402267	0.425457742295197
-1.17108714600837	0.35581246469474
0.533142998032281	0.304154897497456
0.339117615488299	0.166372024962366
-0.404964609222531	0.171528159493222
0.595439417241003	0.311940942098591
0.678684937277313	0.320760896548997
-0.545641755228151	0.213156326519175
0.137033206871248	0.0343903632230145
-2.086544009172	0.968456901599087
-0.550411694793751	0.212093304237507
-0.243489732986148	0.0812398100864258
2.74531503858304	0.788587032684406
1.04949426648492	0.516016321322475
-0.650815605433229	0.158518447092606
-0.111412544764416	0.045089943788383
-2.30786393301333	1.19278569291384
-1.05454466127963	0.428034148037026
-1.17374978854649	0.657659932262566
0.139465857260545	0.0529100846950272
-1.18236905523243	0.666464670531944
-0.371963944093828	0.110621992809151
0.675674964824304	0.316783380028713
-1.68803897369939	0.968662950716211
-0.55265104554135	0.351934235477555
0.528601250220705	0.301554244376192
-1.05576944478871	0.857169801000284
-2.29624778022353	1.16949295787091
0.776598852582402	0.602166282157279
-0.61786350837451	0.301730813295305
0.127239208880002	0.0433350040918735
1.61057813060786	1.13473085301283
-0.251506122869663	0.125632017534614
0.137369051590903	0.0524848369383123
-1.18056034976999	0.673277993957225
-1.29571251938989	0.596925856875547
-0.75074715029621	0.263334856390217
-0.167156054572527	0.0607793584961868
0.5071360209819	0.183347399230339
1.42898338960615	0.478193832396807
-0.372967191440885	0.109879462987979
-0.753925861436807	0.267481396825324
-1.80211551800213	0.40518546889285
0.508100333579249	0.182297106572409
-1.05830757618137	0.424133349862926
-1.99337633032737	1.39798274026849
-0.750699276625547	0.264252450117151
0.428220694818722	0.173585777710766
-4.2329363476773	2.04349479134908
-1.83967704409364	0.757994340961566
1.76790142705701	0.968968954774509
0.437130186387338	0.175918633068739
0.132967462222848	0.0450628838470658
-2.30657681162548	1.2006943086453
0.136021558207427	0.0586413438510883
-0.960151225996099	0.596790300166249
-0.798122843654141	0.606590899230631
-1.15865836302273	0.356559362366982
-3.09739452059542	0.972553736075869
-1.80190156331263	0.405310176911618
-0.246744187489769	0.0819875861942725
-1.16180306616162	0.360626829502971
-1.16577583586829	0.360083099240396
2.74531503858304	0.788587032684406
1.95256933090985	0.464168557061862
2.74438259751335	0.780038400688451
-0.650959635012338	0.159168476600347
1.95338582999428	0.463576578510391
-1.80190156331263	0.405310176911618
-1.80583314024352	0.404036831265938
-1.83723681340657	0.760405161947283
0.132755613913402	0.0400087413766842
-0.371963944093828	0.110621992809151
-0.655163635992096	0.160369482742199
0.138818714405564	0.0354421828043769
0.639660215207864	0.203910262751024
1.95256933090985	0.464168557061862
-0.368970569520409	0.108704530129129
1.79692786302671	0.707950117880233
0.648438632712042	0.204895256444076
-1.10823199731586	0.765218754986202
-0.787417853299368	0.348497523019278
0.702457305879239	0.441744921765318
-1.54109898628274	0.564008735008191
-0.208547392277488	0.112321742779376
-0.41056321677083	0.175044128218528
0.129980233812782	0.0385599350254854
-2.58513149511835	0.689509113042442
1.95338582999428	0.463576578510391
0.138169594891086	0.0265198668009027
0.140605369101782	0.0351308802058006
0.141628868364635	0.0268733845859336
0.138547275345784	0.0347818496624983
-2.58513149511835	0.689509113042442
0.133621657798323	0.0257280473816019
0.138169594891086	0.0265198668009027
2.74531503858304	0.788587032684406
0.925335174824177	0.243267565805426
-2.58899611685113	0.683672524401667
-0.621200208375836	0.302453230845517
-0.0658267168558756	0.0286277876053209
-0.404964609222531	0.171528159493222
-0.650959635012338	0.159168476600347
-0.649319222104321	0.16021039083734
-0.653515136282054	0.159727161117317
-0.650318276706871	0.160755761640221
-1.80211551800213	0.40518546889285
1.95256933090985	0.464168557061862
-2.58557826662177	0.681302812577655
-1.80190156331263	0.405310176911618
-1.80190156331263	0.405310176911618
0.138169594891086	0.0265198668009027
0.925819939961969	0.242168104656227
-0.654165411001464	0.159831562379876
-0.741608659597015	0.255372129801573
0.139073148904902	0.0266055202308437
0.138169594891086	0.0265198668009027
0.503876995607107	0.183480745946702
-3.09739452059542	0.972553736075869
-1.80211551800213	0.40518546889285
-2.58899611685113	0.683672524401667
0.138618353811657	0.0265211219118666
2.74531503858304	0.788587032684406
-0.373501444264572	0.109780204795531
-1.48056596819795	1.02719779812583
0.137716344096337	0.0264356853006178
-3.09280325935961	0.972693856185307
-2.09008498415123	0.978920478853419
-1.85235672744169	1.19229071989772
-0.79016298564893	0.353742857390894
-1.80190156331263	0.405310176911618
-1.80190156331263	0.405310176911618
-0.648677249821696	0.158587087101144
0.141628868364635	0.0268733845859336
0.138169594891086	0.0265198668009027
-1.80190156331263	0.405310176911618
0.926329332609966	0.245803896301602
0.138169594891086	0.0265198668009027
-1.80211551800213	0.40518546889285
-2.58899611685113	0.683672524401667
-2.58513149511835	0.689509113042442
-0.937468936259317	0.68459284514494
-0.404055102718481	0.170994422576
1.06961507202694	0.648583785760315
-0.25240551296615	0.126030260377261
0.139847419253076	0.0352678773972538
-1.85272985491752	1.17203955068141
-0.653515136282054	0.159727161117317
-3.09280325935961	0.972693856185307
-0.650959635012338	0.159168476600347
-2.58513149511835	0.689509113042442
-1.16227469880569	0.355295007054579
0.139073148904902	0.0266055202308437
-0.371963944093828	0.110621992809151
-0.651469596498525	0.158623372365254
-1.80211551800213	0.40518546889285
-1.80190156331263	0.405310176911618
-1.80211551800213	0.40518546889285
0.139073148904902	0.0266055202308437
2.54396844620123	1.41011186612202
1.95256933090985	0.464168557061862
-0.750699276625547	0.264252450117151
1.01520360297676	0.386582739475358
0.926329332609966	0.245803896301602
0.138169594891086	0.0265198668009027
1.95256933090985	0.464168557061862
0.141666634051722	0.0357514933011427
-0.376823530104554	0.109528132652308
-0.753681227368969	0.263682884208275
-0.112236694810974	0.0445686919341246
-1.15790256442372	0.35664499176059
-2.58468514934926	0.681926813759725
-0.371729277964481	0.109124865696984
0.138169594891086	0.0265198668009027
-2.58513149511835	0.689509113042442
0.92732486785368	0.24306890205782
-1.80190156331263	0.405310176911618
-1.80211551800213	0.40518546889285
-1.80190156331263	0.405310176911618
-1.80190156331263	0.405310176911618
-0.750699276625547	0.264252450117151
0.307632320005721	0.184577466035437
0.429165884553764	0.174138212211893
-1.68641048158956	0.97156392950868
0.137790482671227	0.0349173015404508
-2.58899611685113	0.683672524401667
0.139073148904902	0.0266055202308437
2.74438259751335	0.780038400688451
0.926329332609966	0.245803896301602
-3.09280325935961	0.972693856185307
-1.80190156331263	0.405310176911618
3.25318829374075	1.10976895754928
-0.648677249821696	0.158587087101144
-1.80211551800213	0.40518546889285
3.25318829374075	1.10976895754928
-1.80190156331263	0.405310176911618
0.139073148904902	0.0266055202308437
-1.54134641011664	0.564552208534783
-1.80211551800213	0.40518546889285
0.138169594891086	0.0265198668009027
1.04491520476609	0.506834839144269
-0.0708959284935654	0.0311295953444093
0.432818540013999	0.176395167801005
1.95256933090985	0.464168557061862
-3.47400814940775	1.26328835340161
-1.80190156331263	0.405310176911618
-1.80190156331263	0.405310176911618
-1.80211551800213	0.40518546889285
-2.08912348607224	0.975673467838876
-0.0676622360884758	0.02992921492593
0.881563494021518	0.468808972991155
0.12918993805387	0.0442507386000375
-1.80211551800213	0.40518546889285
-0.371195854454092	0.109335251451445
-1.54615842792672	0.564342761115075
-1.15790256442372	0.35664499176059
-0.382169831345354	0.111319862388302
0.137716344096337	0.0264356853006178
0.927971507294548	0.243537608899139
0.4313034338578	0.175795446056529
0.131021865338521	0.0391721334922174
-1.80190156331263	0.405310176911618
-1.80583314024352	0.404036831265938
-2.58468514934926	0.681926813759725
0.134526944690639	0.0258144647389653
-1.80190156331263	0.405310176911618
-1.80190156331263	0.405310176911618
-0.382390918968991	0.110368087014075
-3.09280325935961	0.972693856185307
-2.58468514934926	0.681926813759725
0.137790482671227	0.0349173015404508
1.95256933090985	0.464168557061862
0.139073148904902	0.0266055202308437
1.2656611523364	0.692404907334967
-0.31644252813068	0.145040045583937
1.01202616470632	0.384309287615817
-1.80190156331263	0.405310176911618
-0.804253729386705	0.444943656287596
-0.653515136282054	0.159727161117317
0.137716344096337	0.0264356853006178
-0.650318276706871	0.160755761640221
-1.80190156331263	0.405310176911618
-1.50484950638427	0.76952599174228
-0.74554030308287	0.261955894337664
0.132517398019614	0.0400248322660559
-1.84190336279857	0.769704627409186
-3.47148123429515	1.24344411644129
0.138618353811657	0.0265211219118666
-3.46998743660351	1.26411646563651
-0.654165411001464	0.159831562379876
-0.372732473872603	0.110746709749891
-0.791082425452461	0.354688548548345
-1.80190156331263	0.405310176911618
1.42616742954426	0.471762089576048
1.95338582999428	0.463576578510391
0.138818714405564	0.0354421828043769
-1.80190156331263	0.405310176911618
-3.09216987140428	0.960869115746174
0.141938162059784	0.0354191252721787
-0.650318276706871	0.160755761640221
0.137716344096337	0.0264356853006178
0.138169594891086	0.0265198668009027
0.141168720466643	0.026788068800843
0.137657029645535	0.0344892399783439
0.93002098112329	0.244423585041229
0.140906973713143	0.0352149950547458
0.138818714405564	0.0354421828043769
0.427605900232615	0.173170350163645
-2.58513149511835	0.689509113042442
0.926329332609966	0.245803896301602
0.137716344096337	0.0264356853006178
2.74531503858304	0.788587032684406
-3.09675293313402	0.963861246988004
-1.80190156331263	0.405310176911618
-1.54462112347851	0.558792637671358
-1.80190156331263	0.405310176911618
-2.58513149511835	0.689509113042442
-0.996429866572081	0.497888677415148
-1.98863877311901	1.37116884129057
0.504822188982883	0.184110918199219
0.137790482671227	0.0349173015404508
0.141168720466643	0.026788068800843
1.42190933723257	0.467369829987504
0.139073148904902	0.0266055202308437
-1.80190156331263	0.405310176911618
0.137790482671227	0.0349173015404508
0.130497434174418	0.0323931512172402
0.138818714405564	0.0354421828043769
-0.649319222104321	0.16021039083734
-1.80190156331263	0.405310176911618
3.2493353238897	1.10864834370629
-0.371963944093828	0.110621992809151
0.138618353811657	0.0265211219118666
-1.80211551800213	0.40518546889285
0.926974875419701	0.246284209674963
0.138169594891086	0.0265198668009027
0.13377964661681	0.0339655613686654
-0.649319222104321	0.16021039083734
-0.654514463701247	0.160265207029626
1.95256933090985	0.464168557061862
-1.80583314024352	0.404036831265938
-2.58557826662177	0.681302812577655
-1.80211551800213	0.40518546889285
1.42293417334597	0.472946291653134
3.25036486382959	1.10725094810752
-2.58899611685113	0.683672524401667
-0.500942510547539	0.264016941654158
-0.54720464544438	0.211003281959072
-1.04823939227333	0.424436916831073
-2.09147901102814	0.978596282881341
0.92732486785368	0.24306890205782
0.926329332609966	0.245803896301602
1.01005776396623	0.384301698232896
-0.648677249821696	0.158587087101144
0.139073148904902	0.0266055202308437
-1.80190156331263	0.405310176911618
-1.04921291121102	0.426520143491694
-1.80583314024352	0.404036831265938
3.2493353238897	1.10864834370629
-1.80190156331263	0.405310176911618
0.139073148904902	0.0266055202308437
-2.58468514934926	0.681926813759725
0.141628868364635	0.0268733845859336
0.139576085242422	0.0352987079074651
-1.80190156331263	0.405310176911618
-0.371729277964481	0.109124865696984
-1.80211551800213	0.40518546889285
-1.54211096447874	0.565956548030536
0.137716344096337	0.0264356853006178
1.95338582999428	0.463576578510391
0.139073148904902	0.0266055202308437
-2.58513149511835	0.689509113042442
-1.80190156331263	0.405310176911618
0.131021865338521	0.0391721334922174
-0.649677393302236	0.159121336474823
-0.789843259057291	0.347606509906811
0.139029947833432	0.0534677394668494
-0.542036345709306	0.210633259955254
-1.54538955663062	0.564367029919961
0.640432049403559	0.206671110179374
-2.58945281070023	0.683631203527574
-0.650318276706871	0.160755761640221
0.141168720466643	0.026788068800843
1.5501804258727	0.774176324231999
-2.58945281070023	0.683631203527574
-0.746534217740653	0.262483449927324
0.138547275345784	0.0347818496624983
-0.377823620534237	0.111128034755999
-1.80583314024352	0.404036831265938
0.141628868364635	0.0268733845859336
-2.58468514934926	0.681926813759725
-1.80190156331263	0.405310176911618
-1.80211551800213	0.40518546889285
0.139073148904902	0.0266055202308437
0.926329332609966	0.245803896301602
0.635117856765734	0.200579918716643
-1.84116096838096	0.76985134303748
0.137080532436617	0.0260826732150604
-0.238582126977172	0.0793549061566532
0.138618353811657	0.0265211219118666
2.74438259751335	0.780038400688451
-2.58557826662177	0.681302812577655
-2.58468514934926	0.681926813759725
-1.80190156331263	0.405310176911618
-0.649319222104321	0.16021039083734
3.91440476331281	1.72518419510354
-1.83649675465257	0.751675852210664
0.137716344096337	0.0264356853006178
0.131469439929658	0.0389941114854996
-1.55071033604129	0.556075151007254
1.30675103647863	0.583158549436276
-0.382169831345354	0.111319862388302
0.139073148904902	0.0266055202308437
-1.80583314024352	0.404036831265938
0.133621657798323	0.0257280473816019
-2.58513149511835	0.689509113042442
0.137716344096337	0.0264356853006178
0.139576085242422	0.0352987079074651
0.929020853400311	0.244303524147299
0.138547275345784	0.0347818496624983
-1.80211551800213	0.40518546889285
-0.653515136282054	0.159727161117317
0.138169594891086	0.0265198668009027
-0.753925861436807	0.267481396825324
0.432277887889071	0.172305665163291
0.774287995479268	0.459255886246209
-0.495832288723395	0.260158550353428
0.134986889048387	0.0462856031126629
0.88560608247656	0.4772698841079
0.800731449974192	0.3425296464443
-3.09216987140428	0.960869115746174
0.927971507294548	0.243537608899139
0.139073148904902	0.0266055202308437
-3.09343711568729	0.972052225554497
0.138169594891086	0.0265198668009027
-1.80211551800213	0.40518546889285
1.31397906412597	0.573633430312359
-0.762179054628714	0.257676415277097
0.926329332609966	0.245803896301602
-0.750453159564684	0.266070645067511
1.95256933090985	0.464168557061862
0.138169594891086	0.0265198668009027
-1.16291141970543	0.357339131189168
0.138169594891086	0.0265198668009027
0.139576085242422	0.0352987079074651
-3.09407144090335	0.959647090123049
-1.16255649541829	0.360535388481223
0.131769780715528	0.0397831026994758
0.508325950710815	0.183108533971571
0.139073148904902	0.0266055202308437
0.137033206871248	0.0343903632230145
-1.80211551800213	0.40518546889285
1.31000962917872	0.587023547729711
0.503173696642426	0.181140364188836
-0.750005191636912	0.260841602367878
-2.58468514934926	0.681926813759725
-1.80190156331263	0.405310176911618
-3.09407144090335	0.959647090123049
-1.80190156331263	0.405310176911618
-2.58468514934926	0.681926813759725
-1.80211551800213	0.40518546889285
-1.54615842792672	0.564342761115075
-1.84215992422119	0.772497364016813
0.134526944690639	0.0258144647389653
0.134513506074792	0.0516168326605336
-0.10792713458243	0.0435843718382022
0.137080532436617	0.0260826732150604
1.44770951230113	0.879719537231173
-0.663603993587967	0.39517475528019
-0.161924550637959	0.0595326272869975
-0.749707900448518	0.266629197702648
0.138169594891086	0.0265198668009027
-0.655693812882749	0.15727529205589
0.137790482671227	0.0349173015404508
0.138818714405564	0.0354421828043769
1.43108326772595	0.478167346987275
-0.650318276706871	0.160755761640221
-1.80190156331263	0.405310176911618
0.926974875419701	0.246284209674963
0.141628868364635	0.0268733845859336
0.137716344096337	0.0264356853006178
1.95256933090985	0.464168557061862
0.139576085242422	0.0352987079074651
-1.16577583586829	0.360083099240396
2.74531503858304	0.788587032684406
0.929670085417592	0.244778423912617
-1.80190156331263	0.405310176911618
-1.16255649541829	0.360535388481223
-0.37373542401889	0.110004299970677
-0.649677393302236	0.159121336474823
0.132279016539978	0.0392355437606514
-1.16577583586829	0.360083099240396
3.24830720791551	1.09477551568481
-0.650318276706871	0.160755761640221
0.138169594891086	0.0265198668009027
0.133621657798323	0.0257280473816019
0.141628868364635	0.0268733845859336
-2.58899611685113	0.683672524401667
0.141168720466643	0.026788068800843
0.139073148904902	0.0266055202308437
-1.80190156331263	0.405310176911618
-1.16653542749665	0.357252169580594
-1.1600126841405	0.35529503686347
-4.01815633861707	1.78248781708792
-1.84610423045024	0.772015626597942
-0.804287518421476	0.441659358100973
-0.382169831345354	0.111319862388302
0.135062527036147	0.0585764555817885
0.136989442351956	0.0529527438983794
1.0415059627169	0.503260178174752
-2.58513149511835	0.689509113042442
-1.05549621738149	0.423799010194163
-1.54615842792672	0.564342761115075
-2.58899611685113	0.683672524401667
0.926974875419701	0.246284209674963
2.74531503858304	0.788587032684406
0.133621657798323	0.0257280473816019
0.64342341463051	0.205691875654135
-0.242540504674911	0.0808346916156265
-0.648677249821696	0.158587087101144
2.7489176254429	0.781882431670721
0.138818714405564	0.0354421828043769
-1.80190156331263	0.405310176911618
1.95256933090985	0.464168557061862
0.139073148904902	0.0266055202308437
0.137716344096337	0.0264356853006178
-1.80190156331263	0.405310176911618
0.137033206871248	0.0343903632230145
-1.16152021660948	0.35929571617842
-0.37373542401889	0.110004299970677
3.25706867603825	1.08683794724682
-3.09280325935961	0.972693856185307
-3.09280325935961	0.972693856185307
-1.80190156331263	0.405310176911618
0.139073148904902	0.0266055202308437
0.138169594891086	0.0265198668009027
0.138618353811657	0.0265211219118666
-0.650318276706871	0.160755761640221
-0.654514463701247	0.160265207029626
-0.649319222104321	0.16021039083734
-2.58468514934926	0.681926813759725
-1.80190156331263	0.405310176911618
-4.72886168396782	2.81163815805876
1.95256933090985	0.464168557061862
0.925335174824177	0.243267565805426
-3.09739452059542	0.972553736075869
-1.84684600536814	0.770075855753647
-0.994032892537003	0.502214227197261
0.137556978054592	0.0531923652243862
0.674166923307429	0.316819629814144
-0.792002188780058	0.351038609125196
-0.161007444408489	0.0591633782808746
2.74531503858304	0.788587032684406
-0.755659764208684	0.265241875072543
0.136433082417729	0.040391101370101
-1.16577583586829	0.360083099240396
-3.09343711568729	0.972052225554497
0.137716344096337	0.0264356853006178
0.138618353811657	0.0265211219118666
-1.16577583586829	0.360083099240396
0.64342341463051	0.205691875654135
0.13377964661681	0.0339655613686654
1.95256933090985	0.464168557061862
0.137790482671227	0.0349173015404508
-2.58513149511835	0.689509113042442
-1.85105987422546	0.761779430008581
0.137393054243537	0.0344634753891055
0.138169594891086	0.0265198668009027
-0.650815605433229	0.158518447092606
0.138618353811657	0.0265211219118666
-0.37373542401889	0.110004299970677
0.133621657798323	0.0257280473816019
-2.10474700322519	0.952320351010381
-2.58468514934926	0.681926813759725
0.138818714405564	0.0354421828043769
0.138169594891086	0.0265198668009027
-1.80211551800213	0.40518546889285
-2.59334626975444	0.673058213099307
-2.58513149511835	0.689509113042442
2.74531503858304	0.788587032684406
-0.783096649568445	0.346616166516464
-1.04686110962204	0.424375524671107
-1.54134641011664	0.564552208534783
1.07237600402309	0.658492262230846
-1.0534020476836	0.427456809042585
-1.50172381447308	0.772310922363776
0.427912885754657	0.174104059517884
2.7462498006239	0.778261278020301
-0.243489732986148	0.0812398100864258
0.134542642796399	0.0341445690681232
0.139847419253076	0.0352678773972538
-1.1600126841405	0.35529503686347
0.138169594891086	0.0265198668009027
0.133516783675935	0.0336393793939088
-0.382169831345354	0.111319862388302
2.74531503858304	0.788587032684406
-0.650318276706871	0.160755761640221
-1.1636728295934	0.354558135670583
3.25036486382959	1.10725094810752
0.138169594891086	0.0265198668009027
-1.54615842792672	0.564342761115075
-0.650959635012338	0.159168476600347
-1.80190156331263	0.405310176911618
3.25215396833713	1.09944519815717
-2.58468514934926	0.681926813759725
0.641431038909059	0.206705899790905
-1.54211096447874	0.565956548030536
3.2493353238897	1.10864834370629
0.137716344096337	0.0264356853006178
0.138169594891086	0.0265198668009027
-1.54211096447874	0.565956548030536
-2.30215719257309	1.18604706736687
-1.80190156331263	0.405310176911618
0.141628868364635	0.0268733845859336
-1.80190156331263	0.405310176911618
0.138169594891086	0.0265198668009027
0.139073148904902	0.0266055202308437
0.139576085242422	0.0352987079074651
-2.58468514934926	0.681926813759725
-1.16577583586829	0.360083099240396
-1.29571251938989	0.596925856875547
-2.30786393301333	1.19278569291384
0.15808715503449	0.0894962677021981
-0.799109388468008	0.439121893922092
-0.346082369341653	0.209050542354534
1.75656146466318	1.36785086834149
-0.593930105393892	0.432962570134674
-0.538810014806556	0.207411895169901
0.513937441101234	0.183924106895497
1.26909432049181	0.677708155550876
-0.371729277964481	0.109124865696984
-2.58513149511835	0.689509113042442
-3.46924124245495	1.26110671680306
-0.650959635012338	0.159168476600347
0.140605369101782	0.0351308802058006
-0.243241014092852	0.0808370662671502
-1.54134641011664	0.564552208534783
0.141938162059784	0.0354191252721787
-0.654514463701247	0.160265207029626
0.138169594891086	0.0265198668009027
-0.37373542401889	0.110004299970677
0.13842244264629	0.0346674790325417
0.138618353811657	0.0265211219118666
0.428825611450252	0.174366674929911
1.01155779435024	0.385777953603479
0.141628868364635	0.0268733845859336
1.7959287507101	0.710356981550796
0.142698404858563	0.0359575700897484
0.138818714405564	0.0354421828043769
-0.753925861436807	0.267481396825324
-0.0131770376027552	0.0067331897492647
0.778049978864786	0.460417114239986
-3.09343711568729	0.972052225554497
-1.80583314024352	0.404036831265938
-1.80190156331263	0.405310176911618
0.927971507294548	0.243537608899139
0.138618353811657	0.0265211219118666
-1.16605123679474	0.358241254731586
0.50506436121652	0.18151153914028
0.889276800093443	0.482533263294224
0.641203436908402	0.204828865510354
-0.114385206139931	0.0457395529199678
-1.06061981805275	0.413526201660854
-3.770040500817	1.52983951262272
-0.417110708623045	0.238013197776514
-0.249705508433432	0.123768913398993
0.698711862895047	0.452567144715032
1.30745495657921	0.576594767890921
-1.04800222855483	0.424355857201703
-1.29839367745259	0.595503862745165
-0.792603495120915	0.350025979640015
1.42719460355007	0.477448564652232
-1.80190156331263	0.405310176911618
-1.84784364391765	0.772704223124906
-1.80583314024352	0.404036831265938
-0.649319222104321	0.16021039083734
-0.651469596498525	0.158623372365254
1.80093935898315	0.704324948653496
-0.372732473872603	0.110746709749891
-1.80211551800213	0.40518546889285
-1.05219985204598	0.426292795033056
-1.04825804245851	0.430881776490226
-0.322099928047886	0.149919382475623
3.91337671586789	1.72666008519133
-0.371963944093828	0.110621992809151
0.138169594891086	0.0265198668009027
-1.80211551800213	0.40518546889285
-0.371963944093828	0.110621992809151
0.439647391466928	0.173022265695761
0.63910706673426	0.202016723610545
-1.05245216258944	0.431815108906743
0.122809366345359	0.041592599895705
0.139847419253076	0.0352678773972538
-1.80211551800213	0.40518546889285
-1.16180306616162	0.360626829502971
-1.80190156331263	0.405310176911618
0.137790482671227	0.0349173015404508
-0.164113417640613	0.0601976090971911
1.94510869955383	1.21768151523035
-1.04965581966949	0.429420534826054
-1.50970933530107	0.790834296107116
-0.417098577731607	0.238017609723977
-1.17758731688451	0.664659714040404
2.74531503858304	0.788587032684406
0.138169594891086	0.0265198668009027
-1.16501672782279	0.357025208830094
-3.09407144090335	0.959647090123049
0.137716344096337	0.0264356853006178
0.925819939961969	0.242168104656227
0.930671315320304	0.244899140334393
-0.649677393302236	0.159121336474823
-1.80190156331263	0.405310176911618
-1.80190156331263	0.405310176911618
0.137033206871248	0.0343903632230145
-1.30152218159531	0.600761901527298
-1.80211551800213	0.40518546889285
0.138547275345784	0.0347818496624983
-0.995294780861803	0.496473178656247
-0.540296525312025	0.207315518937425
0.0263732656669447	0.0150716874986348
-0.782775105759389	0.348783751611011
-1.16255649541829	0.360535388481223
-0.647268870262709	0.157438045305518
-1.80190156331263	0.405310176911618
-2.58557826662177	0.681302812577655
0.138547275345784	0.0347818496624983
0.141168720466643	0.026788068800843
1.95256933090985	0.464168557061862
-0.372967191440885	0.109879462987979
-0.550411694793751	0.212093304237507
0.136983994683607	0.0594233713524571
0.138818714405564	0.0354421828043769
-0.371963944093828	0.110621992809151
1.42898338960615	0.478193832396807
0.926974875419701	0.246284209674963
-1.16076621190063	0.359385238156804
-1.80190156331263	0.405310176911618
-1.80211551800213	0.40518546889285
-1.80190156331263	0.405310176911618
-3.09280325935961	0.972693856185307
0.383970873834602	0.174549965674074
0.423315510192861	0.171523923653337
0.783051915895509	0.467080382926309
-0.371729277964481	0.109124865696984
-0.10792713458243	0.0435843718382022
0.13806085974017	0.0349020150681185
0.135931183146639	0.0408601823442341
1.95584693887656	0.462330835133922
-0.744055499890896	0.258369185064904
0.141666634051722	0.0357514933011427
-0.649677393302236	0.159121336474823
-0.650318276706871	0.160755761640221
-1.80211551800213	0.40518546889285
-2.58899611685113	0.683672524401667
-1.80190156331263	0.405310176911618
0.92732486785368	0.24306890205782
-3.09216987140428	0.960869115746174
-0.650318276706871	0.160755761640221
0.138169594891086	0.0265198668009027
-0.788963282583663	0.352211941513484
0.139073148904902	0.0266055202308437
-2.58899611685113	0.683672524401667
-2.79545744579137	1.89281788097226
-2.58513149511835	0.689509113042442
-1.80190156331263	0.405310176911618
0.137672310748076	0.0464999890529274
0.139073148904902	0.0266055202308437
0.63611382542294	0.202940731306447
0.139738498635854	0.059629746672754
-1.31097182419815	0.580377239428755
-0.646622749070198	0.158987296788642
-1.68605747464206	0.957955764292689
-1.80190156331263	0.405310176911618
-1.80190156331263	0.405310176911618
-0.655163635992096	0.160369482742199
0.13377964661681	0.0339655613686654
0.926974875419701	0.246284209674963
-0.999622587129163	0.504239774227442
0.131669054203935	0.0451092981844482
-0.159806023666921	0.0585982110618119
1.8007131844382	0.713314573443425
-2.58899611685113	0.683672524401667
-0.645977108318167	0.157387277340251
-1.16076621190063	0.359385238156804
-1.80190156331263	0.405310176911618
0.139073148904902	0.0266055202308437
-1.16180306616162	0.360626829502971
-1.80190156331263	0.405310176911618
-0.372967191440885	0.109879462987979
-0.536971026312272	0.206442482022834
-0.788915450012065	0.412598043140995
-0.998275375108455	0.504929634270352
-0.800555803404835	0.44379923760272
-0.808219139032624	0.536246173823047
-2.49486587104111	1.39727716495939
1.88905462515603	1.60691327378438
-0.165917977856602	0.0609706695180494
0.498736731149331	0.179281907261331
-1.80211551800213	0.40518546889285
-0.650318276706871	0.160755761640221
-1.80211551800213	0.40518546889285
0.927971507294548	0.243537608899139
-1.85131114436226	0.764300782767386
-1.80190156331263	0.405310176911618
0.133621657798323	0.0257280473816019
1.95338582999428	0.463576578510391
0.426999830129114	0.173224779129442
-0.752937485397278	0.263546788628664
2.74531503858304	0.788587032684406
-0.371963944093828	0.110621992809151
-2.58513149511835	0.689509113042442
-3.09280325935961	0.972693856185307
-4.01668012166502	1.78404944980048
-1.50452594391491	0.783000045076724
-1.8471013721322	0.774661148617268
0.141666634051722	0.0357514933011427
-0.650318276706871	0.160755761640221
-0.54075591557501	0.210281213474268
-0.544081214106925	0.211880882351101
-1.61306140837851	1.22792037054786
2.74531503858304	0.788587032684406
0.93002098112329	0.244423585041229
-1.80583314024352	0.404036831265938
-0.650318276706871	0.160755761640221
0.140906973713143	0.0352149950547458
-0.371963944093828	0.110621992809151
0.508100333579249	0.182297106572409
-1.04730399701661	0.424280980589094
-2.09051641699184	0.975356223053455
-1.80211551800213	0.40518546889285
-0.647268870262709	0.157438045305518
-1.80211551800213	0.40518546889285
-1.80190156331263	0.405310176911618
0.137033206871248	0.0343903632230145
-1.80211551800213	0.40518546889285
-1.80190156331263	0.405310176911618
-0.650318276706871	0.160755761640221
0.640432049403559	0.206671110179374
1.759196666504	0.980603554542411
0.338060403426077	0.184790784559431
-0.414082950266505	0.233967749269856
0.773792150782948	0.457487544002899
0.139576085242422	0.0352987079074651
-2.58557826662177	0.681302812577655
-0.648677249821696	0.158587087101144
1.04211120136068	0.508454623635959
0.927971507294548	0.243537608899139
2.7462498006239	0.778261278020301
0.133621657798323	0.0257280473816019
-1.80583314024352	0.404036831265938
-2.58468514934926	0.681926813759725
-1.80190156331263	0.405310176911618
1.95584693887656	0.462330835133922
2.74531503858304	0.788587032684406
0.640432049403559	0.206671110179374
1.42719460355007	0.477448564652232
0.93002098112329	0.244423585041229
1.95256933090985	0.464168557061862
-0.649319222104321	0.16021039083734
-1.80190156331263	0.405310176911618
0.141168720466643	0.026788068800843
-1.80190156331263	0.405310176911618
-1.84364570734871	0.769128563045154
0.138169594891086	0.0265198668009027
-1.16076621190063	0.359385238156804
0.136917599440364	0.0590641259625537
-1.69291312735536	0.97231035620735
0.138169594891086	0.0265198668009027
-3.46924124245495	1.26110671680306
-0.165029630388723	0.0604405571991372
-0.533270090097079	0.203525447098513
-1.80583314024352	0.404036831265938
-0.243738387832607	0.0804072076503759
0.644195640504139	0.203891935709909
-0.163068276534729	0.0587330301723415
-0.611582503696797	0.290649862914852
-1.50112534623152	0.770397496286007
1.95338582999428	0.463576578510391
-3.09280325935961	0.972693856185307
-2.58468514934926	0.681926813759725
-1.16180306616162	0.360626829502971
-0.653515136282054	0.159727161117317
-1.04965581966949	0.429420534826054
1.79670337293508	0.712109669548487
0.143634190188002	0.0691358678413954
-0.754915023302398	0.265106216530069
0.927971507294548	0.243537608899139
-1.54211096447874	0.565956548030536
0.138169594891086	0.0265198668009027
-1.80190156331263	0.405310176911618
-2.58513149511835	0.689509113042442
-1.80211551800213	0.40518546889285
-1.51063293539624	0.781399863088017
1.5634588788236	0.762587148801285
0.134720480496125	0.046154809884801
-0.546288323472199	0.212886690694489
-0.662313730044873	0.397923038056254
0.678448247211873	0.321181182956278
-1.04988368167398	0.426197861954869
-1.16076621190063	0.359385238156804
0.138169594891086	0.0265198668009027
0.925335174824177	0.243267565805426
-2.58557826662177	0.681302812577655
-1.84215992422119	0.772497364016813
0.137716344096337	0.0264356853006178
1.95584693887656	0.462330835133922
0.929670085417592	0.244778423912617
0.137716344096337	0.0264356853006178
-2.59334626975444	0.673058213099307
-1.54033413653663	0.562613885619299
1.95256933090985	0.464168557061862
-1.16255649541829	0.360535388481223
1.42822224336494	0.477074019570971
-0.649319222104321	0.16021039083734
-0.650815605433229	0.158518447092606
-0.650318276706871	0.160755761640221
-0.169310736207172	0.0622086261971111
-0.00650297213286439	0.00344792770823625
-0.174807609773438	0.0632744258546514
0.143574111596191	0.0689524196441958
-0.162884309300249	0.0591268591050108
-0.170225722424615	0.062449292067667
1.07449153600826	0.661953506025303
1.79971117079625	0.713547256095307
0.136676224470739	0.0411018975580698
-0.747972485615798	0.261954605937602
-0.502369740225426	0.26180429812452
-1.16653542749665	0.357252169580594
-2.58468514934926	0.681926813759725
-2.58557826662177	0.681302812577655
-0.650959635012338	0.159168476600347
-0.654514463701247	0.160265207029626
0.142425808142815	0.0356096114179749
-2.58513149511835	0.689509113042442
-3.09280325935961	0.972693856185307
-1.80190156331263	0.405310176911618
-0.370960450535942	0.108999469994633
0.13806085974017	0.0349020150681185
0.426693155302289	0.171121365968425
1.30675103647863	0.583158549436276
0.435610189267415	0.175668833000029
1.42795516831077	0.478570790474717
0.138618353811657	0.0265211219118666
0.140605369101782	0.0351308802058006
0.138169594891086	0.0265198668009027
-0.649677393302236	0.159121336474823
-1.80583314024352	0.404036831265938
-1.80190156331263	0.405310176911618
-1.16605123679474	0.358241254731586
2.33647975774558	1.1902357498922
-0.165924623645863	0.0607705580031965
0.129278986113907	0.0386815864932076
-0.556387927775264	0.349946700041202
0.674166923307429	0.316819629814144
-0.372498546343112	0.108199355648203
0.136433082417729	0.040391101370101
-1.80211551800213	0.40518546889285
-0.650318276706871	0.160755761640221
1.95338582999428	0.463576578510391
-0.649319222104321	0.16021039083734
-1.80190156331263	0.405310176911618
0.141628868364635	0.0268733845859336
0.63533835195479	0.202617768704467
0.139073148904902	0.0266055202308437
-1.80190156331263	0.405310176911618
1.95338582999428	0.463576578510391
-0.648677249821696	0.158587087101144
2.7462498006239	0.778261278020301
0.133621657798323	0.0257280473816019
0.13806085974017	0.0349020150681185
-3.46924124245495	1.26110671680306
3.2493353238897	1.10864834370629
2.7479767545239	0.782066977880158
0.133621657798323	0.0257280473816019
-0.618264820258131	0.30054583612192
-1.80211551800213	0.40518546889285
0.141628868364635	0.0268733845859336
-0.374504096873756	0.109063507862746
-1.54716733927322	0.566283034461824
0.13377964661681	0.0339655613686654
0.133516783675935	0.0336393793939088
-0.238582126977172	0.0793549061566532
-3.09739452059542	0.972553736075869
0.130755305563244	0.0449465396920763
-0.238331644347611	0.0787660677791559
-0.540837584872468	0.211287314007882
-2.58513149511835	0.689509113042442
0.92732486785368	0.24306890205782
-1.80211551800213	0.40518546889285
-1.80190156331263	0.405310176911618
-1.80211551800213	0.40518546889285
-1.16105011316119	0.35650557951397
0.138618353811657	0.0265211219118666
-0.647268870262709	0.157438045305518
2.74531503858304	0.788587032684406
-2.58945281070023	0.683631203527574
-0.666372099790283	0.397505051830859
-1.02009734810347	0.925979607400491
-0.915431293384302	0.775655028806745
0.133621657798323	0.0257280473816019
-0.649319222104321	0.16021039083734
1.42719460355007	0.477448564652232
1.76964339966513	0.98277277076985
-0.377279345813368	0.110037093431777
-0.752937485397278	0.263546788628664
0.134542642796399	0.0341445690681232
1.95256933090985	0.464168557061862
2.74438259751335	0.780038400688451
-1.80190156331263	0.405310176911618
0.137716344096337	0.0264356853006178
-3.47400814940775	1.26328835340161
-1.80190156331263	0.405310176911618
0.137716344096337	0.0264356853006178
-3.09280325935961	0.972693856185307
-1.80211551800213	0.40518546889285
0.380121707371162	0.172795499204357
-0.410395358220692	0.174479031259067
-0.990076889048968	0.498519022982592
0.509481778177034	0.184030577940883
-0.246989071171801	0.0815311001871286
-0.544995323112593	0.212530818243473
0.642430262122492	0.204551977387731
2.7462498006239	0.778261278020301
-0.373053653203401	0.10950615431338
2.74531503858304	0.788587032684406
-2.58945281070023	0.683631203527574
0.926974875419701	0.246284209674963
0.138169594891086	0.0265198668009027
0.13842244264629	0.0346674790325417
0.926974875419701	0.246284209674963
-2.58513149511835	0.689509113042442
0.137716344096337	0.0264356853006178
-0.649677393302236	0.159121336474823
0.137716344096337	0.0264356853006178
-3.09343711568729	0.972052225554497
-2.58945281070023	0.683631203527574
-1.30067497858942	0.590441588282154
-0.244190797351914	0.0812410173227275
-0.987812463719612	0.48640028950347
0.639433294916704	0.204223062388441
-0.784371186155024	0.348854323449673
-1.16076621190063	0.359385238156804
-0.160721852546086	0.0589654523662976
-2.58557826662177	0.681302812577655
-0.37705103334154	0.111772840936855
1.95256933090985	0.464168557061862
0.639433294916704	0.204223062388441
-0.653515136282054	0.159727161117317
-1.80211551800213	0.40518546889285
0.138169594891086	0.0265198668009027
0.138169594891086	0.0265198668009027
-1.80190156331263	0.405310176911618
-0.414724234580013	0.233024842280628
0.000633417421215508	0.000460110258828497
-0.443253339635812	0.391806732076232
-1.61163424256222	1.22954297173816
-0.147474169413026	0.0829421815229922
-0.173904136169854	0.121871572311564
0.97827163152258	0.78138977459095
-0.247336504322658	0.162444831325999
-1.53885506314061	0.55788473145619
-1.54391743502325	0.554578463356204
0.127549585831426	0.0385072991721353
-0.317854786264034	0.147018882167355
1.26106194161776	0.705565073472897
0.359677856709099	0.178649499403012
-2.58945281070023	0.683631203527574
-0.647268870262709	0.157438045305518
-0.659391095185893	0.158977027492346
-0.654514463701247	0.160265207029626
0.59028748373217	0.306191083449944
-0.0722887093195155	0.0316993226511971
0.329278601080116	0.178388104182003
0.49991679292187	0.180263240660553
-0.782175372677927	0.349105651546352
0.126591754435651	0.0434512482036923
-0.0699966327578904	0.0306845628091328
-2.58468514934926	0.681926813759725
0.128532989649213	0.0387330108702786
0.640432049403559	0.206671110179374
-2.58945281070023	0.683631203527574
-2.48238562076977	1.39187233707856
-0.650318276706871	0.160755761640221
-0.370960450535942	0.108999469994633
-0.382390918968991	0.110368087014075
0.138169594891086	0.0265198668009027
0.138818714405564	0.0354421828043769
-1.16105011316119	0.35650557951397
0.926974875419701	0.246284209674963
-0.375278197967961	0.109168764094764
-2.58513149511835	0.689509113042442
-2.58513149511835	0.689509113042442
-3.09280325935961	0.972693856185307
-0.961548922553332	0.597553898286171
-4.86511391488059	3.05654735750252
-1.80190156331263	0.405310176911618
0.642202725024316	0.20486814652215
-1.16577583586829	0.360083099240396
0.12936870254168	0.0498457012976766
0.127312389438946	0.037842433686996
-0.406663506836411	0.17279698026155
-0.252605308369778	0.082989951556058
-0.109620575653403	0.0438637917836487
0.127501109997399	0.043616448886316
0.925979622549504	0.243736825113843
0.925335174824177	0.243267565805426
-2.58945281070023	0.683631203527574
-0.373501444264572	0.109780204795531
0.142698404858563	0.0359575700897484
0.137716344096337	0.0264356853006178
-0.653515136282054	0.159727161117317
2.7479767545239	0.782066977880158
-3.76928214896483	1.53063223544118
-1.80583314024352	0.404036831265938
-1.80190156331263	0.405310176911618
-1.68754104327948	0.97589369463233
-1.85088504530228	1.13899089858949
-0.803779290375477	0.440879993625365
0.351813062907462	0.176261752568883
-0.0399164800728291	0.0188568947225767
0.392731434266953	0.321538077242937
-0.556626933725027	0.358194568374582
0.138328344337938	0.0595129844110183
-0.618596754281085	0.514565663742933
-1.05270440983302	0.423182877493502
-0.365723734816446	0.10590898963095
0.139088984871223	0.0347391602259325
0.141628868364635	0.0268733845859336
0.141628868364635	0.0268733845859336
-0.381172579575006	0.109743721598914
-1.80190156331263	0.405310176911618
-1.16105011316119	0.35650557951397
-1.0475594705505	0.429178184450482
0.428220694818722	0.173585777710766
-0.115640734375144	0.0466039644284396
1.25704086559753	0.684495937096646
-0.782729207892041	0.342222376690622
-1.16180306616162	0.360626829502971
1.00982540305298	0.385206220726638
-0.758903093547503	0.265752003191917
0.138169594891086	0.0265198668009027
-0.648677249821696	0.158587087101144
0.131405301493996	0.0450882414222608
-0.372732473872603	0.110746709749891
-1.53808894962198	0.559470356704578
-0.650318276706871	0.160755761640221
0.138818714405564	0.0354421828043769
-1.80190156331263	0.405310176911618
0.929020853400311	0.244303524147299
0.137716344096337	0.0264356853006178
1.42795516831077	0.478570790474717
-1.16152021660948	0.35929571617842
-1.16180306616162	0.360626829502971
0.510668751789218	0.184537578196263
-1.80211551800213	0.40518546889285
-0.646622749070198	0.158987296788642
-0.7499539562993	0.263513086552406
-1.8471013721322	0.774661148617268
-1.68470761474444	0.958886586963008
-2.31072845757555	1.18521193629947
-0.650959635012338	0.159168476600347
0.138547275345784	0.0347818496624983
0.132754372873048	0.0334623448971025
-1.54186427014847	0.562391050588268
0.134986889048387	0.0462856031126629
-1.16501672782279	0.357025208830094
-3.09739452059542	0.972553736075869
-0.99475297354519	0.498268403021293
-0.37705103334154	0.111772840936855
2.54640658572877	1.43530779045702
-1.80190156331263	0.405310176911618
-0.648677249821696	0.158587087101144
-2.58513149511835	0.689509113042442
-1.80190156331263	0.405310176911618
-2.58513149511835	0.689509113042442
-1.80190156331263	0.405310176911618
0.12918993805387	0.0442507386000375
-0.163509927787284	0.0594540489341255
-1.04825804245851	0.430881776490226
-1.29155516506689	0.594081085783431
-0.251069614212392	0.126724316049159
-0.438210258027986	0.384695101450789
-0.997990365291547	0.988646933159853
-0.0363745317892813	0.0174096450138375
-0.258321023376913	0.128638746796796
-1.17705957223298	1.48575270658677
-0.376050641505638	0.110143849291774
1.75980578263061	0.996347529573378
-1.29515834308224	0.603610157609632
-4.01668012166502	1.78404944980048
0.132754372873048	0.0334623448971025
1.4300525619712	0.473890200865325
-1.80211551800213	0.40518546889285
0.137080532436617	0.0260826732150604
-1.54538955663062	0.564367029919961
-0.654514463701247	0.160265207029626
-3.09280325935961	0.972693856185307
-2.58557826662177	0.681302812577655
0.132933464794398	0.0510034511521027
-0.242788883618067	0.0808805347641532
-0.242088249126681	0.0799235848381177
0.135367591545968	0.0459572612231435
1.3067371029194	0.575609476779766
-0.0443297309284262	0.0210892681387339
0.138169594891086	0.0265198668009027
-0.246045390123551	0.0811323193711411
-0.655163635992096	0.160369482742199
0.133264717489137	0.0398651258030508
-3.09407144090335	0.959647090123049
-3.09280325935961	0.972693856185307
0.141628868364635	0.0268733845859336
-0.653515136282054	0.159727161117317
-0.649319222104321	0.16021039083734
-0.372967191440885	0.109879462987979
-0.648677249821696	0.158587087101144
-0.649677393302236	0.159121336474823
0.138169594891086	0.0265198668009027
-1.16653542749665	0.357252169580594
0.141628868364635	0.0268733845859336
-0.648677249821696	0.158587087101144
-0.112342313132849	0.0449811945404351
0.141628868364635	0.0268733845859336
0.132754372873048	0.0334623448971025
0.641203436908402	0.204828865510354
-1.80190156331263	0.405310176911618
0.131531340806028	0.0393848494794365
0.136082679681813	0.0525324784428168
-0.0680680511034725	0.0299756545667732
0.489627743914228	0.304639518185714
-0.110905120216736	0.0445697256579797
-2.58468514934926	0.681926813759725
0.142068913857898	0.05365775036775
0.138266096848304	0.0598915589446172
-0.546288323472199	0.212886690694489
-0.542406515669322	0.20957393057014
2.74531503858304	0.788587032684406
-0.367964462335371	0.108363329225903
-1.16680976292454	0.361321943590249
-2.58513149511835	0.689509113042442
-3.09739452059542	0.972553736075869
-2.58557826662177	0.681302812577655
-0.649961670532414	0.158635340685799
-1.80583314024352	0.404036831265938
-0.654514463701247	0.160265207029626
-1.80211551800213	0.40518546889285
-1.80583314024352	0.404036831265938
0.139073148904902	0.0266055202308437
-1.80190156331263	0.405310176911618
-0.248633515605828	0.0819034838488796
0.380659208100774	0.172749149895122
-0.252973391003972	0.12819952172774
-1.69178457169956	0.969861511764469
-1.54462112347851	0.558792637671358
-1.00991116109881	0.902433013650931
-0.910705053858295	0.764668220525299
0.151315756847612	0.0871541369271512
0.0386777079394957	0.0238755870605317
-0.0660043080278584	0.0423430793788779
1.10274003984403	0.971609830534872
0.498792943726632	0.306454996348525
-0.410876897292215	0.230279516969534
-1.74220173994366	1.42359056701482
-0.661408001192514	0.398040231653608
-1.16577583586829	0.360083099240396
-1.69086774011608	0.982342295189858
1.0461186457864	0.507908115213028
1.94927875867265	1.22385648827129
-1.16680976292454	0.361321943590249
-1.80583314024352	0.404036831265938
1.95338582999428	0.463576578510391
0.139576085242422	0.0352987079074651
1.95256933090985	0.464168557061862
-3.09280325935961	0.972693856185307
-1.80583314024352	0.404036831265938
-1.80190156331263	0.405310176911618
-1.54462112347851	0.558792637671358
0.138547275345784	0.0347818496624983
-0.647268870262709	0.157438045305518
0.138618353811657	0.0265211219118666
0.431613510460781	0.175668079261446
0.134720480496125	0.046154809884801
0.503173696642426	0.181140364188836
2.08331214814842	0.931132775442562
-1.16076621190063	0.359385238156804
1.79793422282707	0.704405735156038
-2.58468514934926	0.681926813759725
0.926329332609966	0.245803896301602
0.92732486785368	0.24306890205782
-3.47073410037615	1.25961524031716
-2.58468514934926	0.681926813759725
-0.74554030308287	0.261955894337664
-3.76852422420012	1.52461461294132
0.138169594891086	0.0265198668009027
-0.649677393302236	0.159121336474823
0.137716344096337	0.0264356853006178
-1.80190156331263	0.405310176911618
0.134942268942205	0.0403123831956986
-0.372732473872603	0.110746709749891
-0.648677249821696	0.158587087101144
-1.16180306616162	0.360626829502971
-1.1600126841405	0.35529503686347
-3.09343711568729	0.972052225554497
-1.80190156331263	0.405310176911618
-1.80190156331263	0.405310176911618
3.61956389250147	1.43028882967321
1.42925034845688	0.471239687923602
-0.54186423162957	0.208365843517006
0.795284689827126	0.332185247077478
-2.58513149511835	0.689509113042442
0.132755613913402	0.0400087413766842
4.36491492704976	2.2760049144099
0.127786724548058	0.038243739095717
-0.751198712039969	0.263460624922869
-1.34208676432872	0.856187588163202
0.132755613913402	0.0400087413766842
-0.0344977595725399	0.0163448735121983
0.133676190897627	0.0451799827147991
-0.371195854454092	0.109335251451445
-1.80211551800213	0.40518546889285
1.95338582999428	0.463576578510391
-0.650959635012338	0.159168476600347
-0.367195240283961	0.107121976389446
-1.16255649541829	0.360535388481223
-1.80211551800213	0.40518546889285
-0.649961670532414	0.158635340685799
0.138169594891086	0.0265198668009027
0.137716344096337	0.0264356853006178
-1.16180306616162	0.360626829502971
-0.650318276706871	0.160755761640221
0.138618353811657	0.0265211219118666
-0.41932379871388	0.176161838558167
-0.502706898105304	0.264904275713863
0.14432675458717	0.0745986325623941
-0.665937168985309	0.398102144929065
-0.473953419207291	0.452569006486387
0.295922533643039	0.189760257320546
-0.914833103005098	0.755935542379489
0.162282246885871	0.106290139343442
1.11189286392025	0.993108447877536
-1.57274719802333	1.51498104126654
-0.0737328323316111	0.0322335183475924
0.163366110237427	0.105718684913011
-0.943289497612895	0.690543493493058
0.132517398019614	0.0400248322660559
-0.240928484682292	0.0794592918982822
-0.510128857358022	0.267455484581275
-0.546288323472199	0.212886690694489
-2.30657681162548	1.2006943086453
-2.29957680157802	1.17998985189382
0.137716344096337	0.0264356853006178
-2.58513149511835	0.689509113042442
-2.58468514934926	0.681926813759725
0.137716344096337	0.0264356853006178
-0.237634114381875	0.0784173059311123
0.138169594891086	0.0265198668009027
-2.58513149511835	0.689509113042442
-1.80190156331263	0.405310176911618
0.138169594891086	0.0265198668009027
0.138547275345784	0.0347818496624983
0.138169594891086	0.0265198668009027
0.63611382542294	0.202940731306447
-0.791683092699708	0.353639079026684
-0.803349639982432	0.44521681873432
-0.621926613724675	0.301982192537307
-0.243037200359954	0.0794695125621782
-0.544081214106925	0.211880882351101
0.137033206871248	0.0343903632230145
0.640432049403559	0.206671110179374
1.79262476035013	0.701086338174517
0.140906973713143	0.0352149950547458
1.7999374187146	0.711558267279855
-1.80583314024352	0.404036831265938
-1.54134641011664	0.564552208534783
-2.58513149511835	0.689509113042442
-2.58899611685113	0.683672524401667
-0.649961670532414	0.158635340685799
-0.758998200233251	0.256941615087589
-0.243241014092852	0.0808370662671502
-0.748962934462903	0.265874158565463
0.137033206871248	0.0343903632230145
0.133435113675883	0.0394923327104963
1.95256933090985	0.464168557061862
-1.80583314024352	0.404036831265938
0.134542642796399	0.0341445690681232
-0.111262641289649	0.044811437245554
0.777996352757889	0.466305186735139
0.130491514010977	0.0447267681525709
-0.242292064734812	0.07964190102884
1.95338582999428	0.463576578510391
-0.808605958992615	0.440954220846549
-1.00260594939277	0.493580002631958
0.139186573283999	0.0600435921417735
-0.805157438976984	0.440047825679803
-4.57368962732103	2.53654723926533
-1.29571251938989	0.596925856875547
-1.16291141970543	0.357339131189168
-0.650959635012338	0.159168476600347
-1.80190156331263	0.405310176911618
0.137663849025598	0.0410571652515246
-0.653515136282054	0.159727161117317
-0.649677393302236	0.159121336474823
-0.650318276706871	0.160755761640221
-0.648677249821696	0.158587087101144
0.141628868364635	0.0268733845859336
-0.650959635012338	0.159168476600347
-1.04895682546004	0.430951643107204
-0.929315305295619	0.670523981180839
-0.540567326781551	0.21079663144273
-0.373333015586555	0.298745077739189
-0.40247572450116	0.324085984297014
0.00824434097270374	0.00444713949329864
-2.55494806782605	2.62632592996844
-0.508121336853184	0.380333471313918
-0.342603779578255	0.20652057983122
-0.519150453419883	0.400691351292611
-1.11852663607581	1.09078169750993
0.786168122183341	0.466829519165837
-2.49274881459666	1.40196981916351
-0.649961670532414	0.158635340685799
0.639329222636839	0.203514926064791
0.124384843154576	0.0423100907226745
0.428840454776996	0.172997092811838
0.137393054243537	0.0344634753891055
1.45334579650729	0.898709285512951
1.0157137322373	0.387976380499905
-1.80190156331263	0.405310176911618
1.95338582999428	0.463576578510391
0.925335174824177	0.243267565805426
-2.58513149511835	0.689509113042442
0.141628868364635	0.0268733845859336
-0.0580264459570053	0.0249980804877303
-0.374056649896452	0.10984667872003
-0.408916272225057	0.173941516536407
1.30862952999838	0.574370898244953
0.139073148904902	0.0266055202308437
0.131769780715528	0.0397831026994758
0.139073148904902	0.0266055202308437
0.140906973713143	0.0352149950547458
-1.16331040146866	0.356501861337983
-0.78497299551403	0.350548280281777
-1.80583314024352	0.404036831265938
-0.649319222104321	0.16021039083734
0.644424999818512	0.207579266186308
-1.80211551800213	0.40518546889285
-1.04921291121102	0.426520143491694
-0.645977108318167	0.157387277340251
-0.371195854454092	0.109335251451445
-1.80211551800213	0.40518546889285
1.79670337293508	0.712109669548487
0.138618353811657	0.0265211219118666
-2.58468514934926	0.681926813759725
0.135185873505605	0.0402401710200621
0.134915312627912	0.0572299258296916
0.127663404942906	0.0487516809849717
0.504119448545076	0.18175729938249
-0.782175372677927	0.349105651546352
-0.540837584872468	0.211287314007882
0.348323543612613	0.173161677412574
0.512377114410761	0.179709826943131
-2.58468514934926	0.681926813759725
-0.650318276706871	0.160755761640221
-1.1600126841405	0.35529503686347
-3.09343711568729	0.972052225554497
-1.80190156331263	0.405310176911618
-1.80211551800213	0.40518546889285
-0.372967191440885	0.109879462987979
-0.375278197967961	0.109168764094764
0.140849939775754	0.0415398473569265
0.138169594891086	0.0265198668009027
1.95338582999428	0.463576578510391
0.63910706673426	0.202016723610545
-1.80190156331263	0.405310176911618
0.137716344096337	0.0264356853006178
-3.10137332680345	0.953686224961348
-1.16076621190063	0.359385238156804
-0.649677393302236	0.159121336474823
0.128231952882552	0.049380865923928
0.137369263801989	0.0656251070111346
-0.261661271805538	0.195368187265621
-0.622463529417997	0.303470935584768
-1.61508635054703	1.18172712430652
0.381181749185143	0.172240019475104
0.496692907936748	0.30943170333651
-0.596087179730626	0.440006821219473
0.331356406397963	0.182385526594062
0.0011481553633642	0.000728484170263928
1.07902772582812	0.664487858106167
-0.244877911552236	0.0806088752113352
-1.28629756036839	0.570233456792997
-1.84784364391765	0.772704223124906
-0.54121570977476	0.210238530837184
0.138618353811657	0.0265211219118666
1.42898338960615	0.478193832396807
-0.749707900448518	0.266629197702648
1.01767991716492	0.384616945139857
0.137399928986305	0.0462783386797431
0.506227015255489	0.182899351925803
0.135633414284217	0.0464242544434658
0.137716344096337	0.0264356853006178
3.25036486382959	1.10725094810752
-0.649319222104321	0.16021039083734
2.74531503858304	0.788587032684406
-2.58513149511835	0.689509113042442
0.141168720466643	0.026788068800843
-0.649319222104321	0.16021039083734
0.142698404858563	0.0359575700897484
0.141163741259031	0.0607266181229325
-1.29802573176096	0.594374120795877
-4.41576131220586	2.29638199495628
-1.16180306616162	0.360626829502971
-1.16331040146866	0.356501861337983
-1.84784364391765	0.772704223124906
-0.649677393302236	0.159121336474823
-1.80211551800213	0.40518546889285
0.138169594891086	0.0265198668009027
-0.648677249821696	0.158587087101144
0.138169594891086	0.0265198668009027
-1.80583314024352	0.404036831265938
-3.77336026249091	1.52994227958119
-1.16255649541829	0.360535388481223
0.139073148904902	0.0266055202308437
1.95338582999428	0.463576578510391
1.95338582999428	0.463576578510391
0.134986889048387	0.0462856031126629
-0.244428546932055	0.0805963435476292
0.502930967277417	0.181333117013942
0.143458160699927	0.0358142984417619
0.640432049403559	0.206671110179374
1.76932750081039	1.00212910906119
-0.118586866959407	0.0472095058084317
0.671735903915543	0.315802699654608
-2.30151189417455	1.18927506671996
-0.044264111582435	0.0210638114695097
-0.11161928619506	0.0447980855545616
-1.54615842792672	0.564342761115075
-2.58513149511835	0.689509113042442
-0.378823473921792	0.110396820780531
2.74531503858304	0.788587032684406
0.926329332609966	0.245803896301602
-2.58468514934926	0.681926813759725
0.138818714405564	0.0354421828043769
0.139073148904902	0.0266055202308437
-1.80211551800213	0.40518546889285
0.141168720466643	0.026788068800843
-0.406453481076473	0.227784337425181
-0.415200106757169	0.175088052970693
-0.119303910776512	0.0469834525019585
-1.80190156331263	0.405310176911618
-2.09121319358706	0.97046144115579
-1.73968137996514	1.46115832919033
-0.47493690969487	0.315648469504961
-0.0686739573077921	0.0300940259028798
-1.69122045770265	0.964447739514919
-0.900581452220609	0.822743332604991
-1.27390419255527	1.19930541013606
-0.559183117456749	0.351130704377949
-0.358797007461913	0.321219686742366
0.464541697747358	0.313561964361952
-0.356495849385051	0.25782259249863
0.164510468416996	0.112106881651129
-0.200302015333703	0.135189974139164
-0.206687971535526	0.162991147839803
-1.10776593604859	0.750013695971268
0.162441859238252	0.109916198149678
-0.49044299719364	0.414879054767095
-0.20550324866218	0.110926871059089
-0.65690043165971	0.389484068036863
0.134409247975026	0.0512349764763142
1.95338582999428	0.463576578510391
-0.649961670532414	0.158635340685799
-3.468495517409	1.24545977066643
-0.347460570242459	0.207128278100917
0.783051915895509	0.467080382926309
-0.371195854454092	0.109335251451445
0.126565388852724	0.0378858273324485
-0.649961670532414	0.158635340685799
0.926974875419701	0.246284209674963
2.75160033023002	0.768358222418302
1.95338582999428	0.463576578510391
-0.653515136282054	0.159727161117317
1.95256933090985	0.464168557061862
0.640432049403559	0.206671110179374
0.138169594891086	0.0265198668009027
-1.80211551800213	0.40518546889285
-0.240229628086566	0.0794522230625189
0.327393679905629	0.181216563893343
-0.319267620729559	0.148097361925747
-0.371963944093828	0.110621992809151
-1.16577583586829	0.360083099240396
-0.241840209542203	0.080476940077082
-1.16501672782279	0.357025208830094
-1.69107746004141	0.967635996736485
3.62062366405083	1.43326252584705
-1.16105011316119	0.35650557951397
-0.808264888264316	0.627231361291155
-1.69347756905727	0.969875525364922
-1.84190336279857	0.769704627409186
0.138169594891086	0.0265198668009027
0.678348322481794	0.314478404853551
1.08229821898644	0.658825154324124
1.60288734387313	1.0864666885025
-0.166184100767946	0.0603769963699836
0.131669054203935	0.0451092981844482
-1.05106363735589	0.836005982125609
-0.797302201242187	0.430311020663302
-0.04203973169724	0.0199177661077181
-2.58513149511835	0.689509113042442
1.95256933090985	0.464168557061862
0.137080532436617	0.0260826732150604
-1.54716733927322	0.566283034461824
-0.650318276706871	0.160755761640221
-2.58513149511835	0.689509113042442
-1.54615842792672	0.564342761115075
-2.58513149511835	0.689509113042442
0.138169594891086	0.0265198668009027
0.637110020884382	0.202981575807905
0.925979622549504	0.243736825113843
-0.751198712039969	0.263460624922869
-2.58557826662177	0.681302812577655
-0.500450094948577	0.263564685733195
-0.0887776006859989	0.0550366939591948
-0.500532012321068	0.2631786093178
-2.92718570732924	2.16651311515764
0.0508468969927354	0.0326144100121322
-0.105955936266835	0.0426845580298618
-1.26609038318548	1.18811676338551
-0.202374699029606	0.108344796071573
-0.0194549655493389	0.00983092469625321
-0.343565871399648	0.210036308399265
-0.200518032399496	0.10738595812574
-0.657375661119651	0.388946956625376
-0.631980117071194	0.51963498199701
-1.17800151891802	0.659423174361625
-0.163339996487994	0.0926587343640042
-0.331992251534112	0.150432343867388
0.330112524728909	0.181886408048057
-0.660054041601753	0.388146814913143
-0.687562096191435	0.483639433232281
-0.249315959695042	0.125782769531469
0.586544950730785	0.300451262544997
0.679919807501376	0.32283727045987
0.80404554339976	0.344481245407227
0.640432049403559	0.206671110179374
-1.16180306616162	0.360626829502971
0.351406882821837	0.176815446402141
-0.253876382862009	0.128775655016744
-0.37373542401889	0.110004299970677
0.321255653758968	0.175776568891878
-3.09675293313402	0.963861246988004
3.2493353238897	1.10864834370629
0.926974875419701	0.246284209674963
1.42293417334597	0.472946291653134
-0.659391095185893	0.158977027492346
-1.80211551800213	0.40518546889285
-0.649319222104321	0.16021039083734
1.01889870976503	0.3812744849764
0.137716344096337	0.0264356853006178
0.137790482671227	0.0349173015404508
-1.15865836302273	0.356559362366982
-1.80190156331263	0.405310176911618
0.64342341463051	0.205691875654135
0.134542642796399	0.0341445690681232
-0.410063920396533	0.233505067165154
-0.505426757604898	0.262956918540654
-0.71475041346027	0.568615460209885
-0.166516172230199	0.0610465571450152
0.137896063531202	0.0531619810144832
-0.649319222104321	0.16021039083734
-2.58513149511835	0.689509113042442
1.95338582999428	0.463576578510391
-2.59334626975444	0.673058213099307
-0.650318276706871	0.160755761640221
-0.645977108318167	0.157387277340251
-2.58468514934926	0.681926813759725
0.137393054243537	0.0344634753891055
-2.58513149511835	0.689509113042442
0.139847419253076	0.0352678773972538
0.427968241407764	0.171984093924236
0.640432049403559	0.206671110179374
-0.0368571270091365	0.0175339445741875
1.04671431462836	0.513193629181291
-1.04825804245851	0.430881776490226
-0.242292064734812	0.07964190102884
-1.48154427044987	1.03107918437865
-0.411533147490248	0.173922902729803
0.140924184639019	0.078634895986983
-0.16259467506784	0.0589482998855239
0.433730210586914	0.176303641449018
-0.164988899854355	0.0605952762512714
0.141666634051722	0.0357514933011427
-0.996081777695867	0.502538138809046
-0.759887574032886	0.263448683084222
-1.80211551800213	0.40518546889285
0.925979622549504	0.243736825113843
0.141628868364635	0.0268733845859336
0.92732486785368	0.24306890205782
-1.80190156331263	0.405310176911618
-1.80190156331263	0.405310176911618
-1.80190156331263	0.405310176911618
-1.16180306616162	0.360626829502971
0.639433294916704	0.204223062388441
0.640432049403559	0.206671110179374
0.134542642796399	0.0341445690681232
-0.808938273279327	0.701895982705935
-1.053403096009	0.41828390801482
-0.687875290089623	0.489158096879776
-0.546826473592057	0.462670240628122
-1.06703696508503	0.840479356377065
-0.500529607214017	0.265407803517613
-0.409075750083308	0.232992795446224
-0.41840062207554	0.238695140153982
-0.450405992170728	0.352180808342935
-0.927408549376475	0.773126767475012
-0.151648261702687	0.107808945505796
-0.517117288065303	0.399297285792607
-0.132417302751145	0.0781021737117004
0.944750521233027	0.622780235089492
0.0299323485571334	0.0171849735087271
0.333169947600183	0.184337464662671
-0.29061456932389	0.18409627596182
-0.93329991385884	0.679695822427438
-0.557320411516759	0.351556894505529
0.534480645275435	0.305631607843094
-2.36170434936911	2.14907397181879
1.07523575855579	0.662501360879102
-0.594542768263687	0.442880109838514
-0.55765610509441	0.352068505846571
-1.36504994642312	1.37147552889349
-0.31518855263506	0.145872225877924
-0.248425590765838	0.163505844209349
-0.243489732986148	0.0812398100864258
1.25771770082268	0.694361421920023
0.321229458215232	0.177104181870508
0.297623682346988	0.191139729463412
0.642054311001311	0.453370844835126
-1.85634846678802	1.16225982720357
1.23964648643018	0.855464631126961
-0.174208660804453	0.0630795777353304
-0.7554146096534	0.265429935709281
0.138044419338776	0.0464152079108774
0.138818714405564	0.0354421828043769
1.38878936157771	1.06646987337179
0.135931183146639	0.0408601823442341
0.137716344096337	0.0264356853006178
0.137218707006764	0.052840364561039
3.61956389250147	1.43028882967321
-0.650815605433229	0.158518447092606
0.439976349389835	0.17437213132703
1.80171542630451	0.706040065289216
0.595486899576056	0.311436091745628
0.950544427924907	0.634021320846522
0.435954664450339	0.315592862897523
0.384863489590947	0.174885684504261
-0.244787066315106	0.121306326408675
0.591771925845379	0.308475665355391
0.698404555612149	0.449613238939547
-0.809873007245269	0.522682186034817
-0.371195854454092	0.109335251451445
0.800079574854174	0.341914550374125
-0.240892370455321	0.0792841914193826
0.427307329026678	0.173322868473184
-0.409258031404003	0.173171489548782
2.11139597934409	1.46085039258582
-1.54109898628274	0.564008735008191
-0.779044834790104	0.337931175013906
-0.245800798420214	0.0807801814884335
-0.650318276706871	0.160755761640221
-2.58513149511835	0.689509113042442
0.134073230654708	0.0460155036809627
-0.16959834053432	0.0614602133522807
0.128231952882552	0.049380865923928
-0.468391927164725	0.308426095145882
-0.542406515669322	0.20957393057014
0.779833997109885	0.459093532736496
0.832553142332157	0.753550932498763
-0.804017577311078	0.773015327663441
2.08747484922641	0.93756096339688
1.24970927359508	0.847285935494063
0.84671584515408	0.609618078901664
0.304219355672014	0.181528041974215
-0.165320765543476	0.0607703071733124
-1.05150311804555	0.425228463804741
-4.58344046834583	2.53446466259678
-0.499133280158859	0.262301976278864
-0.958312618917208	0.583412706447686
-0.253362058804482	0.126930659692631
-0.37705103334154	0.111772840936855
2.74438259751335	0.780038400688451
-0.371963944093828	0.110621992809151
-0.370960450535942	0.108999469994633
1.42692741367696	0.472854481440801
0.134805386154992	0.0338121207710829
0.504580075605894	0.183905699075097
-0.241840209542203	0.080476940077082
0.926329332609966	0.245803896301602
1.42293417334597	0.472946291653134
0.131769780715528	0.0397831026994758
0.138313487263181	0.0468323766623707
-0.24489207683642	0.0806780762958081
0.385402097434157	0.175234603342564
-3.76928214896483	1.53063223544118
-0.807047276082214	0.529678629668626
-0.563059775783732	0.356994856580289
-0.0123529815086929	0.00624672565592273
-0.689421990684827	0.769281494767328
-0.256106392524197	0.233279669888878
-0.0782710108036022	0.0584078809596906
-0.106215373806645	0.0949378674279179
-0.966141062051171	1.04233879252196
-0.640671687946217	0.576092174128542
-1.184928784904	0.667519552796718
-0.125829372895046	0.0739948055958995
-0.661435247446343	0.390341614688532
-0.473127852084181	0.313676149456539
-1.48063419136874	1.01256339872205
-1.10740903051914	0.751656415075098
0.330506672092989	0.180068682430704
-0.457741006953786	0.359790740641695
-0.285094633125011	0.178165488399915
-1.54812211388723	2.24087526852129
-0.701399996895047	0.569019395187878
-0.66326407180244	0.396558982149403
-0.568504451450278	0.471281001045708
-0.804630196919556	0.684065901614691
0.414902184467937	0.313087991617306
0.00611772949743744	0.005106323817408
-1.3680849406982	1.61396905373087
0.538948790755069	0.309434962500871
-1.60847594494957	1.22639915961457
-1.35881143754278	1.0987546527212
-1.17548628394583	0.660429977292565
-0.96339364187121	0.595912367894201
-1.50851193289323	0.7858781323763
1.30604689497771	0.574600894690801
-0.54946733171277	0.211441843174964
-1.17214452142733	0.650610750949016
-0.625574426507087	0.301010695945591
-0.320294923067913	0.148177619840786
0.131640396126205	0.0561893864127148
-0.544211036377329	0.460875399639125
-0.116944249159685	0.069474678182971
0.904769102825325	1.12305055187976
0.0956825776304582	0.0767640174959349
0.0884198686282074	0.0647530500934031
0.0187392075240178	0.0108644084321881
0.140442051310278	0.0680077678137664
-0.0386592039924327	0.0184044938208858
0.776973839537442	0.728490617185229
0.0893870604732148	0.0670681981454193
-0.243528782343717	0.188594334046748
0.879522326721603	0.904034607707177
-2.05368268098652	2.09327733158215
-0.0134390237970692	0.00679496799258837
1.34668117157849	1.22071954124554
0.152040568644643	0.0848975532727651
0.153368868012275	0.0932625208566232
-1.10596306429926	1.26904023142252
0.163026779621307	0.111913934202727
-0.204129681425124	0.159182435158888
-0.0695095974129482	0.04467582865331
0.877479783427475	0.897103392616226
0.154172648997971	0.0949605803899943
-1.26437703183539	1.16492275622349
0.133839510334783	0.0514783633650397
-0.284336198207403	0.180226889297296
-0.0152557208657011	0.00769922662784966
-0.327632555853039	0.150316091254878
-0.168912357185564	0.0612251383817018
-0.208593639157859	0.163508549537989
-0.187305577381465	0.0978633648622497
-0.164403605220993	0.0602516836701797
-0.423014053185068	0.234169039795601
0.154116969511906	0.104266964182112
-0.808344309003209	0.711089730490488
-0.417574570058243	0.237473924601099
0.896202739948299	0.778472848264906
0.632918502463049	0.673446929981936
-0.127093412232882	0.0758974906056066
-0.414290591555743	0.1764908411527
-0.544827346691485	0.333877903868796
0.777102579878068	0.465950893000813
0.377150107007042	0.169547415920011
-0.408686539412514	0.232520677170617
0.165002773839059	0.110538377230421
0.271443857992261	0.218568195128128
0.86995433769481	0.869537826415321
-0.621456518145658	0.520713791435265
1.04919061393084	0.511031391825064
-0.798597553593351	0.437561429489015
0.158102375333741	0.107014050794878
1.21758535125381	1.19089782098292
-0.785574924986156	0.351164797524706
-0.159723139459777	0.0569699064264344
0.642202725024316	0.20486814652215
-0.407961379802384	0.171757617600234
-4.0174180881396	1.78617707428656
-0.245730288890516	0.161640215391082
-0.549770482014615	0.211902200055541
-0.320167004928905	0.148103332495981
0.330529290267711	0.182669267579112
-0.405186522637126	0.172289835749246
-0.992275985259192	0.490299812364588
0.973254786899744	1.06729556350995
-0.103697604042874	0.0414992041073059
-1.16180306616162	0.360626829502971
0.162275026727061	0.111351923777851
0.403636685826963	0.322376476067057
1.11183609696865	0.963767165841217
-0.01551963425877	0.00795767131879095
-0.157921828676647	0.0905344313851782
-0.211886355140297	0.112240787109722
0.14185533761151	0.0747875953123523
-0.258356537090667	0.129847256178446
2.1348126401764	2.12089342860767
-1.61364142807836	1.91595059749837
-0.197462290179935	0.106521550943884
-0.803860491362782	0.445384158333154
-0.3470679343941	0.209575499351803
-0.917311903598862	1.18120901790685
0.010998912918288	0.00900734571900345
-0.229599452522484	0.243975002720761
-0.150613343698093	0.153280680596779
0.00637830346337606	0.00267289315260339
0.892133818601366	0.484433399452001
0.9424462953373	0.632086965827704
-0.545910197315445	0.210647933455594
-0.25164854127839	0.125366512304825
1.07426170455503	0.640269310034473
-0.78836125107026	1.10718395933124
-1.15117674899429	1.53751976803549
-0.809606076247527	0.5401320843643
1.07865412111936	0.661976032709241
-1.50512671215335	0.78497703069569
0.137907675452503	0.0590706171982393
-0.21498825620086	0.146398286861141
-1.4659511943732	1.30794374576538
-0.989727107019184	0.49416154643739
0.133639114891547	0.062913422297805
-0.015030210673743	0.00769833501956528
0.534436639105839	0.309228616906509
0.0191050245891419	0.0111650516203878
-0.276912272509212	0.272113074577609
0.133839510334783	0.0514783633650397
-0.254352890477322	0.128356469397966
0.801899003991324	0.340962341726034
-0.371963944093828	0.110621992809151
-1.80190156331263	0.405310176911618
-1.50420155227119	0.771926412902557
-1.16152021660948	0.35929571617842
-0.409307997970314	0.172071232566052
0.929020853400311	0.244303524147299
1.014729443048	0.384082142894649
-0.317341806965766	0.146122279665729
0.141620307753206	0.0534801189203293
-1.18513375222623	0.657545172346577
-0.468041805754749	0.311894636305184
-0.0696273995157808	0.044667414816966
0.338672360227429	0.319750560582078
-0.0679174342331351	0.0517398570264603
-1.36022801524502	2.10176855462591
0.172329550164033	0.109933210759511
0.63979231528212	0.442898153623813
0.151949685663896	0.093122100589171
1.31586275420689	1.53624282847689
-0.112901182338709	0.0929261858056839
-0.3000708090037	0.270006685018517
-1.56425352882157	1.4815759449848
-0.390110888660602	0.3711255905504
0.166139619392819	0.106623972425008
-0.149683595234122	0.083577818053045
0.170391935824798	0.118191121307641
-0.214016818189632	0.179311251800625
0.271341620896835	0.22866181789942
0.162972177903338	0.119455808806192
-0.891937480691627	1.2966993174526
-0.80545284624136	0.629766985301344
0.157550595406955	0.0973561733998887
-0.79447556135435	0.35114753561787
0.502257853940925	0.180672046950637
-0.162239939886213	0.0592022994236757
-0.045706961252513	0.0216927565971333
1.26106194161776	0.705565073472897
-0.165320765543476	0.0607703071733124
-2.64932005787562	1.64873663137308
-0.620077996845323	0.517580973559118
-0.0134742130390354	0.00684759974124708
-0.79939805934137	0.609839555950645
0.464966678563963	0.31515488860835
-0.146197077532042	0.104371243015063
-0.068734582307252	0.04395371224863
0.138734802806152	0.0595320161629024
-0.595634791497811	0.591456792469906
0.286718338206104	0.194980659649754
-0.554791318033291	0.354522157067369
-1.61756501361367	1.25196004396686
0.278893741049088	0.22001811495218
-0.171491218320437	0.119261702920068
0.133606661613399	0.0514748615616714
0.0474337291740784	0.0304289043627076
-0.142739221863097	0.100885121329894
0.316229936962609	0.190310175206904
-0.55347188320584	0.554570597333791
-0.886299970413379	0.90850971684288
-0.144711518715642	0.103889938335138
0.175426553391213	0.13138737048243
-0.117981818297701	0.0854635318798315
-0.668213034376852	0.656278504176938
0.50457577546401	0.182045166120913
-0.371729277964481	0.109124865696984
-0.0263536478806289	0.0176647386480631
-0.876476644465835	0.948498018883793
0.504822188982883	0.184110918199219
0.672969185446027	0.314060488810833
1.55083342835739	0.786182588324621
0.80404554339976	0.344481245407227
0.138818714405564	0.0354421828043769
-0.202748914242606	0.135898553322171
-0.251506122869663	0.125632017534614
-0.993466461526202	0.5008963607004
-1.17072717412773	0.630945759716469
0.803396428962993	0.343865653568856
-0.171430553421439	0.0622154282430181
0.160550254403413	0.103727631287911
-0.308085870905969	0.138894333867246
-3.09739452059542	0.972553736075869
0.952546624887081	0.926391213863132
0.262019423005428	0.201602722419146
-0.154105488490137	0.124481023543741
0.171706454381105	0.131899237367615
-0.52647117227588	0.399844483265175
0.281806758602097	0.212750295378429
0.528669765863141	0.301536719337302
0.463234724818973	0.314834695305544
-1.04284820220061	1.44974566105485
-1.10786334156231	1.31367681365959
-0.627537960125588	0.512115596799858
-0.206191129472415	0.205448985869558
-0.308637516085019	0.34138653703595
0.000328082431456505	0.000288586542820175
0.258046542052875	0.320898616122789
-0.58719025460202	0.578263742563937
0.772943588578659	0.455991975603222
-0.809599570301351	0.537421042276758
-1.99428652596512	1.37812694236129
0.145297292350196	0.0623836442062413
-0.322611923661454	0.150307945378287
0.350650169277913	0.431784323707054
-0.00490874271060176	0.00432159888665071
-0.0467441334047437	0.0359586014900484
-0.908662054146811	0.753120012383688
-0.0736495272610681	0.0323708575292395
0.378876694023455	0.169804855496821
0.128231952882552	0.049380865923928
-0.0690331362599235	0.0440405168905453
-0.406507346880043	0.328553486313118
-0.577989698222763	0.520610876277622
-0.554461524961679	0.469421371836369
-0.937878506744168	0.685968487456181
-0.665461037123163	0.398332881352243
0.294868439807052	0.200646084791823
-0.719498771868891	0.67518691052177
0.000488879092471085	0.000511323898318552
-0.164717030217209	0.0605798459598444
0.381181749185143	0.172240019475104
0.133606661613399	0.0514748615616714
-0.8021006343015	0.531475475832632
-3.468495517409	1.24545977066643
0.133516783675935	0.0336393793939088
-1.04800222855483	0.424355857201703
0.133502874099665	0.0402503094723903
-0.236936795329668	0.0775009271795023
0.380476317645129	0.172420275283168
-0.562753846624785	0.356056741108078
-1.23503443271569	0.926974735224101
-2.28804099764055	2.83504338166939
0.26953776858895	0.225281084169409
-0.507503899818743	0.512109025472625
0.53693158038085	0.610123368893952
-0.295299051227826	0.270737731033546
-1.01229520909916	0.917154506692336
-0.00743321510653311	0.00390797978339867
0.288967546128273	0.208172964329341
0.846270540287546	0.617538608439905
-0.723757511031534	0.707064995902554
0.344032735051958	0.319725365679548
-0.209411500233313	0.142421726469683
-0.00876691314704867	0.00688955527869648
0.914129059827277	1.03339653373757
-1.95081299041906	1.91205670772879
-0.319454624260763	0.289286851138804
0.12207482663255	0.0946001657505691
-0.796226402017756	0.976361528319081
0.00671789160276039	0.00576784500447435
0.480459801768868	0.595811113608222
-0.451883346468761	0.352790008156906
0.176541330469905	0.148511971575692
-0.041701189483626	0.0200088546579432
-0.919169013198833	0.779398527431316
-3.47148123429515	1.24344411644129
-0.787683926065199	0.349169875920851
0.351855533995267	0.177414109176794
0.137663849025598	0.0410571652515246
0.779319497335788	0.464415369068918
0.7060637227963	0.79709048746866
-0.0110989629422273	0.0057244932284584
-0.593347230810731	0.440291243297779
0.442683361602602	0.31980453765844
0.942039766574911	0.631267587395429
-0.0925992244163999	0.0576494737493355
-0.225867860542394	0.172654076992266
0.286421432881822	0.195932306441827
-0.281732741464413	0.176732739786347
-0.245006877818273	0.160984798734654
-0.399874803339544	0.321576611806194
-0.823702034309618	0.517271153570776
-0.0146393563037184	0.0100215245166791
-0.129159210335801	0.0936703010705289
0.268950545963845	0.220144268080857
0.635324625237702	0.446457715436799
0.669663453352999	0.586633800214756
-0.0855897456600482	0.0641119783528265
0.142230214859889	0.067153941439722
0.0693153023314967	0.0468521322733662
-0.15876101996835	0.109034444037284
-0.185514006946317	0.128633679704818
0.170538540573744	0.120844877996506
-0.265724453773933	0.201807045421466
-0.0964876390625572	0.0589857974224316
0.129840797352239	0.0445844341304171
-1.99760951732371	1.41671859660394
-0.361905052667993	0.350074699074756
0.994900182909994	1.16607757021908
-1.05902323595826	0.859099700619586
-0.315453443998414	0.146358149772524
-0.787098914242298	0.351780119515946
-0.246177922386862	0.1228769479804
-1.04499426449967	0.424194737412645
-0.799682828556748	0.763760874030288
0.132178724057892	0.0510702765080139
-0.250726631235382	0.0814026602787682
0.886841337974724	0.476944119834122
0.675674964824304	0.316783380028713
1.38479104144271	1.06325941482153
0.284229557332906	0.205716633612245
-1.18039390591179	0.67303569900004
-1.98853360528465	1.36258387783784
-0.655899378118637	0.650984855588545
-0.18264655412802	0.159552067931637
0.0495425673697033	0.0318459204920512
-0.562965128301575	0.357200144065478
-1.26047009619084	0.84337478542429
-0.127040633689571	0.092243400178255
-0.260511051770426	0.128192367058583
-0.341270819217324	0.2376246790962
-0.107137343866861	0.0756583581419718
-0.62250617975929	0.516516626513334
-1.11363182339892	1.34939612732086
-0.554590294722002	0.469756930337621
-0.732513947934141	0.75569366103676
-0.414066592783836	0.232739040059804
-1.30131185670481	0.591815651420072
-0.239593491242563	0.157566635356539
0.153078653017749	0.0981044978126594
0.484422769289232	0.43429085387578
-0.616875798439442	0.501808621398576
-0.101915666156541	0.0752520624669025
-0.00622371182650883	0.00301018720322509
-0.306481145193696	0.223269955574575
-0.975440126026766	1.04827201603941
0.510151959725734	0.44412569252499
-0.593584632430625	0.593960463896145
0.730386082446758	0.716862790979222
-1.06309161643515	1.11428358056441
-0.414097974981822	0.232673652421421
-0.410052768598911	0.174313469131536
-0.666099768719533	0.705748020172269
-1.15899110777626	1.31352017246972
-0.361067404996241	0.324922678909879
-0.565126920586902	0.358105009807081
-0.401179586543648	0.279761596941175
0.377589902791471	0.307217869017334
-0.0152960062335833	0.00771133268399164
0.525870454774024	0.613931023125286
-0.549505689771761	0.458758091129519
-0.710059654074597	0.63048127326732
0.669924668402281	0.572445460225169
-0.588293980727784	0.425531721947203
-0.521370919774611	0.400532199529658
0.139756591540627	0.06019729605065
-0.413633673138359	0.233335213692262
-0.249335864791374	0.161121541408435
-0.982251525285545	0.964482739353645
0.0444897840527068	0.0271389010085408
0.0750242481841246	0.052813110693686
-0.124344648708395	0.0750525792537637
0.424642997638635	0.316945246258109
-0.304046703001756	0.223043740196393
-0.721027428813966	0.703717906306761
-0.953676325620372	0.572321749480185
1.07209925830025	0.654480343579826
-1.04804318364782	0.823938007001003
-0.0210894599180934	0.0106092432635254
-0.358621658039166	0.259221224711295
-0.799075877607854	0.429286390996183
0.642279008908191	0.45326995140578
-1.29663172657148	0.597801077092199
-0.199149406491515	0.106936151909435
-2.09072240474932	0.9719651342898
1.26622927213172	0.702635956115402
0.143035851759144	0.0604014771067769
-1.35443441017936	1.12897532019219
-0.938594251932052	0.693792369539317
-0.939304840179997	0.692179590889
0.0131632544474854	0.00696162134779982
0.77751384945099	0.60886108567264
1.75109257431624	1.33591083984433
-0.398757773678399	0.317869628209323
0.939347908516804	0.886993632758295
0.152850442357781	0.0803410010937357
0.139579653882622	0.0665007318140886
-0.6014128332629	0.440356780913061
0.379747837050436	0.171346432234843
0.939375386495775	0.612885544690584
-0.800915056203443	0.434119078401753
-0.327800541736551	0.149076383945038
-0.163462982042859	0.0594377018747612
0.777996352757889	0.466305186735139
1.74957002243394	1.32362049234181
-0.173879170145071	0.0630313403801181
-0.409999564863662	0.233418512117818
0.156506507462208	0.0895101403260056
0.133083947721306	0.0514872556193567
-0.339806213284042	0.205140951255383
-2.48756570381671	1.41425550086287
-0.786496231567495	0.35210829920392
-0.404620756334216	0.171888458678406
-1.84141746589933	0.769507517210725
-0.178131650025193	0.0631185470026561
-0.372199398666119	0.10861997456099
-0.542036345709306	0.210633259955254
-1.29552816328236	0.594102445823174
-0.162209344026612	0.058833182928424
-1.35981306473904	1.1256312963445
-1.33464737886	0.838764131129935
-0.320846713929398	0.147819675520537
0.776607538636664	0.466614224872673
-0.0447759107508238	0.0212293438384268
-0.512653636581483	0.382013164173021
-0.650318276706871	0.160755761640221
-0.32021514796119	0.149671428070455
0.940210578902867	0.625083551399281
-0.801523881260618	0.618529849632346
1.46419708600192	1.42590455898214
0.0331061746644515	0.0202850848901908
0.593388306785625	0.551279076931171
-0.148633165679348	0.0838659378565682
-0.0150767776835107	0.00773306757158922
-0.20803657243859	0.14147133350245
-0.338448459000566	0.202994980660401
-0.597137642926217	0.440169004870321
1.64965798230005	1.51589958924127
-0.341886843943478	0.202817609469478
0.153322518184973	0.0945108571905871
-0.657329646067861	0.391331391117381
0.276013083825175	0.208808151024535
-0.778772081259256	0.339885775731311
0.891594109996341	0.485178251415359
-3.09675293313402	0.963861246988004
-0.948254943553533	0.678493125919906
1.60682022262712	1.11444507093232
-0.326275939026928	0.147283321498463
-1.16756877193145	0.358467365380653
-0.109469066439987	0.0438963496395714
-0.415200106757169	0.175088052970693
0.130755305563244	0.0449465396920763
-0.618988882415275	0.296619029646508
-0.785893669685849	0.351489493625362
-0.183497677491056	0.161113415929795
-0.280572479732356	0.176518284016426
-1.53808894962198	0.559470356704578
0.131405301493996	0.0450882414222608
-1.50998264341548	0.773072945403948
-0.416481422560878	0.232323072905383
1.03468763845265	1.08737104270947
-0.963738469492104	0.591862789982875
0.171916661470327	0.12861246179823
-0.174133471434036	0.136510090524062
-0.17376629228433	0.119091483682115
1.05472277889527	0.514601317533127
-0.248387997661862	0.0825807028479737
0.149331622911852	0.0788356696126062
-0.39495284214402	0.344373178974771
0.269237314572378	0.219622696188643
-0.605755126433241	0.604696836836595
0.14952529278718	0.094159470072437
-0.013620637358261	0.00693763172339359
-0.0204032555605126	0.0102042538572035
-0.778447951970903	0.339203137335348
-0.110183371955416	0.0441964288526037
-0.286319514607362	0.179878573218107
1.21715142531703	1.18962440023366
-1.17911108230019	1.47316824107149
0.352045386950646	0.304022701653439
0.462778125451175	0.416865432713838
-0.320681031246747	0.1483017530793
-0.0234459299557896	0.0155973241572107
0.0299662383136465	0.0221385758897833
-0.201813408982793	0.175058057395517
-0.449861306924388	0.350520358534815
-0.515563562664735	0.387613474221487
-0.272884194555011	0.20811408595361
0.417317066658952	0.314030202549857
-0.946211033778661	1.06988441941969
-1.61566859531708	1.23712585593812
0.149455850620558	0.0713264929431277
1.01595055020248	0.392095167936931
0.14768065885533	0.078359430000201
-0.243489732986148	0.0812398100864258
-0.120757505915884	0.0719506180805803
-0.033748896092231	0.0161188404172724
1.44074976678366	0.89435459715547
-0.475520658560952	0.312728901639994
0.128147836037147	0.0435000014167392
-0.371195854454092	0.109335251451445
-0.250968057329313	0.0819144162393726
1.95256933090985	0.464168557061862
-1.80190156331263	0.405310176911618
0.139073148904902	0.0266055202308437
0.141666634051722	0.0357514933011427
1.95338582999428	0.463576578510391
0.141628868364635	0.0268733845859336
-1.53808894962198	0.559470356704578
1.01155779435024	0.385777953603479
-3.47400814940775	1.26328835340161
-0.609614074622771	0.291181897326504
-0.0619634974607492	0.0394758512310688
-0.12000144844355	0.0721331335205105
-0.158545629477745	0.0895629546329601
-0.0753800860857316	0.0563693955604294
0.588232529033201	0.5374758530779
0.856334156063968	0.624913672590971
0.267886189425481	0.198820073231299
0.138818714405564	0.0354421828043769
-1.51728731230228	0.756525594781496
1.01080793058073	0.389781480211188
1.02406325610563	0.376431384238589
0.670980363492758	0.310243469067406
0.642430262122492	0.204551977387731
-0.649677393302236	0.159121336474823
1.77024446054735	0.998408169057849
0.640432049403559	0.206671110179374
-0.753681227368969	0.263682884208275
1.42898338960615	0.478193832396807
0.137716344096337	0.0264356853006178
-1.54160829876422	0.55434455678103
1.4300525619712	0.473890200865325
1.95584693887656	0.462330835133922
-1.80190156331263	0.405310176911618
-0.650318276706871	0.160755761640221
-0.372199398666119	0.10861997456099
-0.409089449914564	0.174313041287906
-1.23989040791108	0.941313268290046
0.382074230658703	0.17233763635873
1.79393121355608	0.700241743161792
-1.69086774011608	0.982342295189858
0.129936904320785	0.0496595769324085
-0.16639861378912	0.0593058350463664
-3.46924124245495	1.26110671680306
-3.77488446443192	1.52874110171612
-0.318754118103612	0.147581027801005
0.430390444334658	0.17386344113927
0.168342526709226	0.114616684973173
-0.660909240744174	0.390809277999861
-0.972492272649779	0.589078329395909
-0.560842151413146	0.357870863574466
-0.418026541062147	0.238443665728315
0.153762891749209	0.103489018072322
-1.16255649541829	0.360535388481223
-1.16680976292454	0.361321943590249
-0.246045390123551	0.0811323193711411
0.129278986113907	0.0386815864932076
2.7489176254429	0.781882431670721
-0.751489371171384	0.263470647301652
-1.80190156331263	0.405310176911618
-0.625939223974276	0.302430741638458
-3.09343711568729	0.972052225554497
-0.172653162871434	0.121203365532688
-0.661408001192514	0.398040231653608
1.0127751373005	0.389769011989825
3.62360809261866	1.43608472685745
-1.04429788633618	0.422544946241406
-1.84610423045024	0.772015626597942
0.331019033389991	0.182319143291901
-0.5434041045741	0.548912601645733
-0.813874145706306	0.701989993002588
-0.970151290960042	1.03123372022499
0.348227154364359	0.174261473945432
0.508781691198075	0.185680235788344
0.432216086405575	0.176459106478166
0.139186573283999	0.0600435921417735
-0.205706695929357	0.111246551397542
-0.303146011473428	0.22558821742586
-0.318673325049721	0.234283490349699
0.154795227253752	0.095291083408765
-2.30151189417455	1.18927506671996
-0.805157438976984	0.440047825679803
-0.910282107882461	0.76388509073451
-0.987249694480944	0.48627030197879
-0.409653650783678	0.174503983044039
-1.23595432678422	0.925774786662144
-0.705601754972097	0.614939977456181
-0.138082968869483	0.0981043959447235
-0.407878256827382	0.32982322401442
-0.452192775761399	0.352565756634224
-2.48931362523436	1.38934338348074
0.363306785404845	0.321883319639525
-0.470070119610689	0.445556850569209
-0.0818482436333842	0.0610577731505433
-0.408285636917352	0.288281512990926
-0.417945160413531	0.238515409842722
-0.811176051390935	0.705963687533835
0.282831353351311	0.210864480888538
-0.440108206745824	0.387563576494381
0.135641501247224	0.0582261555014735
-1.73622051308646	1.46020790715495
-1.80190156331263	0.405310176911618
-0.243037200359954	0.0794695125621782
-0.16839608254843	0.0616855989568125
-1.17912159300931	0.662258652691352
-0.352670643366274	0.256025804183167
0.14399383002429	0.0686774381600537
0.126756720674171	0.0482899270330802
0.926329332609966	0.245803896301602
1.42692741367696	0.472854481440801
-2.48875978707256	1.41753646006784
1.43396011234821	0.469223739016395
0.141628868364635	0.0268733845859336
3.25318829374075	1.10976895754928
0.137716344096337	0.0264356853006178
-1.04823939227333	0.424436916831073
-0.649319222104321	0.16021039083734
-0.649319222104321	0.16021039083734
-0.655163635992096	0.160369482742199
0.139073148904902	0.0266055202308437
0.130755305563244	0.0449465396920763
-0.156783672872655	0.0901491842814305
1.47029285527028	1.45957449633731
-0.558279546345482	0.35072065833048
0.14783426849161	0.0833349359259472
-1.48756713738753	1.04180416017858
0.588125738180199	0.43641273276771
0.847943005108014	0.621438107701349
1.42293417334597	0.472946291653134
-1.05150311804555	0.425228463804741
-1.53885506314061	0.55788473145619
0.136121605639082	0.0516028026820762
0.426393633919265	0.172449504151539
-0.750699276625547	0.264252450117151
0.137716344096337	0.0264356853006178
-0.1061202763252	0.0423884859942397
1.05191529311535	0.519138413454858
0.138313487263181	0.0468323766623707
0.93002098112329	0.244423585041229
3.61850462978752	1.41205255014363
-1.80211551800213	0.40518546889285
-1.15714724515563	0.352620115329855
-3.09739452059542	0.972553736075869
0.138169594891086	0.0265198668009027
-2.58468514934926	0.681926813759725
-1.80190156331263	0.405310176911618
-0.242788883618067	0.0808805347641532
0.134489699809032	0.0400924429288267
-0.754170547749538	0.262592018732108
-0.376050641505638	0.110143849291774
-0.751444890588777	0.263713332527736
-2.09072240474932	0.9719651342898
-3.47551203049496	1.24902877284438
-1.16152021660948	0.35929571617842
-1.54109898628274	0.564008735008191
-0.663218841787049	0.394071271645005
-0.00958232807745943	0.00488802882134884
-0.29329906924967	0.187904183407228
0.432216086405575	0.176459106478166
-0.370960450535942	0.108999469994633
-0.107389210124692	0.043337395747728
-0.46631452981885	0.307870525825116
0.137472692549022	0.0765411794763601
-0.894928544577995	0.833142292974041
-1.15530472758402	0.957687601045644
-0.7499539562993	0.263513086552406
-3.10137332680345	0.953686224961348
-0.371195854454092	0.109335251451445
0.138169594891086	0.0265198668009027
-0.654514463701247	0.160265207029626
-0.362563661393667	0.260941464737521
-0.711576443060666	0.639000401115394
0.380659208100774	0.172749149895122
1.79570418994076	0.710490111832351
-1.54211096447874	0.565956548030536
0.701454284986472	0.459887448140112
-0.19470135054324	0.103866105735337
-1.75358954439012	1.86250621274232
-0.123826480422243	0.0729599080281126
-0.56531323325086	0.355787329914862
-0.00861737886813511	0.00444692150709347
-1.15790256442372	0.35664499176059
3.91440476331281	1.72518419510354
-0.537244494096108	0.209199262988428
-0.689196505910078	0.48832612760097
-0.668578241195382	0.396516482451822
-0.696649180961292	0.482735337623519
-0.809606076247527	0.5401320843643
-0.372732473872603	0.110746709749891
-0.541486546335587	0.211448846736342
-0.621389794984056	0.298667238494053
-0.799500155264953	0.437314837656332
-1.04895682546004	0.430951643107204
-1.16105011316119	0.35650557951397
-1.05489177493846	0.855389908058958
-0.959182523403371	0.586747291707879
-1.85247106551277	1.67648478371268
0.549255974917659	0.428249024434895
-0.376278890867832	0.110765860075796
-0.00331849915324264	0.0015384244148614
0.0632299567940683	0.0428124025327856
-0.915007501051987	0.777561238675677
0.947492691717934	0.928214568835568
0.277260892327734	0.209569104421873
-1.36053473428971	1.54778894302948
-0.803742812102089	0.771734393360562
0.154048179755783	0.0928374278192404
-0.402137223917678	0.279645137399
0.775714031089667	0.465070326950201
1.38567683760522	1.06571544108862
0.134745422080958	0.0517852696558337
0.138818714405564	0.0354421828043769
-0.650318276706871	0.160755761640221
1.44109022162934	0.883769361024557
0.136919308020491	0.0408177028889142
0.599347022080347	0.449214493700916
0.132517398019614	0.0400248322660559
-1.18620232656232	0.661688163470887
1.43499437670553	0.469713899049653
2.74438259751335	0.780038400688451
-2.58899611685113	0.683672524401667
0.927971507294548	0.243537608899139
0.133621657798323	0.0257280473816019
-3.09280325935961	0.972693856185307
-3.09407144090335	0.959647090123049
-1.80190156331263	0.405310176911618
1.95338582999428	0.463576578510391
1.95256933090985	0.464168557061862
1.42692741367696	0.472854481440801
-1.80211551800213	0.40518546889285
-0.650318276706871	0.160755761640221
-0.169310736207172	0.0622086261971111
-1.2372376157284	0.930839236706103
-0.958386432340115	0.586131822008611
1.22462901242566	1.02198311664929
0.377150107007042	0.169547415920011
0.67083479639791	0.315102602022647
-0.165318734214513	0.0606610603776833
-1.54364137502714	0.557967048552268
-0.373501444264572	0.109780204795531
0.926974875419701	0.246284209674963
-1.16331040146866	0.356501861337983
0.139073148904902	0.0266055202308437
0.138818714405564	0.0354421828043769
2.54306735214395	1.41879066927012
0.138169594891086	0.0265198668009027
-3.77155848756328	1.50293980207758
1.95338582999428	0.463576578510391
-3.09343711568729	0.972052225554497
-2.58557826662177	0.681302812577655
-2.58468514934926	0.681926813759725
0.139088984871223	0.0347391602259325
-0.369739934267753	0.108830229788068
-0.368970569520409	0.108704530129129
0.92113051285893	0.24102514029113
-2.58468514934926	0.681926813759725
-1.80190156331263	0.405310176911618
-1.16577583586829	0.360083099240396
-0.931196245820448	0.766333784780558
0.880327909797598	0.469946828519059
0.12918993805387	0.0442507386000375
3.2493353238897	1.10864834370629
-0.413723517512865	0.175732979945065
-0.554111550054853	0.208454170099627
0.063507404006988	0.0427871999695779
-0.689637084322201	0.486048500400709
-1.80211551800213	0.40518546889285
-2.58557826662177	0.681302812577655
0.139088984871223	0.0347391602259325
-2.58513149511835	0.689509113042442
-0.650318276706871	0.160755761640221
-0.0180355317363774	0.00910321274457113
-0.749707900448518	0.266629197702648
2.74531503858304	0.788587032684406
0.139847419253076	0.0352678773972538
-0.649319222104321	0.16021039083734
-0.406831511818727	0.170385716179256
0.504822188982883	0.184110918199219
0.0240197366147515	0.0140152546289122
-0.79497866614116	0.504368536630344
-0.0399374326514219	0.0189080700604235
0.35333761581784	0.177648195170176
3.2493353238897	1.10864834370629
-0.371195854454092	0.109335251451445
1.42682311163348	0.473648243082631
1.54511289303059	0.770721136679104
-0.117217460340386	0.045257011417855
0.778941683360151	0.460268472348531
-0.496307476548597	0.262486495010103
-1.04895682546004	0.430951643107204
-0.795336326750796	0.432654211503409
-0.759143907243174	0.261581616542338
-0.798205984677349	0.43673193482768
-0.318367864196796	0.147533211993386
-0.649319222104321	0.16021039083734
0.302803524354903	0.195018948137541
-0.401588295258144	0.322823278360913
0.428567132075106	0.173799387991257
-0.243241014092852	0.0808370662671502
-1.17709677452912	0.667696448659059
-0.3602294332897	0.296579184043238
-0.267363269034423	0.202904621473023
-0.208095190365307	0.11210132280556
-0.26284501371397	0.129889683927751
-2.0382238611843	2.07406233007115
0.294901804219507	0.188947528417611
0.273476726126625	0.193404501010467
-0.0232031704147074	0.0115748639603882
-0.417937829779738	0.238480120934177
-2.30359494079269	1.17832734184911
-1.10870652185543	0.765326721228268
0.13806085974017	0.0349020150681185
0.631985551006005	0.197920027926051
0.136919308020491	0.0408177028889142
-0.612050678120439	0.293532294552352
-0.556970075545492	0.343091947592578
-0.164403605220993	0.0602516836701797
-0.791989847080709	0.423774733166021
-0.372967191440885	0.109879462987979
-2.58468514934926	0.681926813759725
3.24830720791551	1.09477551568481
-2.59334626975444	0.673058213099307
-2.58468514934926	0.681926813759725
-2.58468514934926	0.681926813759725
2.74531503858304	0.788587032684406
-3.09280325935961	0.972693856185307
-0.814439669425951	0.627728123471832
-0.968012627325141	0.592165696213242
-0.66455532208167	0.397279210081891
-1.47924726767189	1.00449717221968
-1.16180306616162	0.360626829502971
-2.58513149511835	0.689509113042442
-1.80211551800213	0.40518546889285
1.43184622835253	0.479292741706694
-0.649677393302236	0.159121336474823
1.95338582999428	0.463576578510391
0.139073148904902	0.0266055202308437
-2.58468514934926	0.681926813759725
-3.09280325935961	0.972693856185307
-0.649319222104321	0.16021039083734
-0.646622749070198	0.158987296788642
-0.374504096873756	0.109063507862746
-1.54639876708013	0.566309129661381
-1.04429788633618	0.422544946241406
-0.653515136282054	0.159727161117317
-0.649319222104321	0.16021039083734
-0.371195854454092	0.109335251451445
-2.09565077547338	0.983693098482494
-1.05426796738105	0.825319999169838
-0.62227249947377	0.30114408595004
-0.501844561677326	0.263701432475559
-3.77259880828192	1.5127153101387
-0.649677393302236	0.159121336474823
-0.799109388468008	0.439121893922092
0.426693155302289	0.171121365968425
1.42898338960615	0.478193832396807
0.93002098112329	0.244423585041229
0.133621657798323	0.0257280473816019
0.386110892785299	0.172382768994873
-1.23549568269523	0.92704552032357
-0.558593965368461	0.354559595669797
0.317474128794229	0.16820390201655
-0.166842744164789	0.0610133970783203
0.925979622549504	0.243736825113843
-1.16180306616162	0.360626829502971
1.30184132398035	0.572606547674884
0.132933464794398	0.0510034511521027
-0.791883117425717	0.34573876175055
2.01233055794033	1.87321479887886
-1.34168803825298	0.853174805804968
-0.373501444264572	0.109780204795531
-0.378823473921792	0.110396820780531
1.95338582999428	0.463576578510391
-2.58513149511835	0.689509113042442
-0.201774381645375	0.158562837096568
-1.04800222855483	0.424355857201703
-1.54058228908419	0.558038570704529
0.127894779700985	0.0492384929400269
-0.900903862468913	0.851935010987243
-0.247938632709693	0.124887350428106
-0.988375341984352	0.485427684739609
-0.112773676056751	0.0451502455962294
1.07667269522044	0.65234121594069
0.43003507047201	0.172842082112323
-1.80211551800213	0.40518546889285
-0.751444890588777	0.263713332527736
-1.16653542749665	0.357252169580594
1.55596010072993	0.789495909237653
-0.110722956319377	0.0445628979454948
2.09069571556961	0.936618721395183
-0.622463529417997	0.303470935584768
2.7479767545239	0.782066977880158
0.141628868364635	0.0268733845859336
-1.80190156331263	0.405310176911618
-0.646622749070198	0.158987296788642
-1.80190156331263	0.405310176911618
-0.654514463701247	0.160265207029626
0.138169594891086	0.0265198668009027
-1.80190156331263	0.405310176911618
-1.80211551800213	0.40518546889285
-0.753181884414792	0.264903486950086
-0.960654756252542	0.590691230230133
-0.538163648191357	0.207948957950952
-1.16255649541829	0.360535388481223
-0.650959635012338	0.159168476600347
0.131612213462718	0.0507383401421189
0.131531340806028	0.0393848494794365
1.42293417334597	0.472946291653134
0.930671315320304	0.244899140334393
-2.58557826662177	0.681302812577655
-0.646622749070198	0.158987296788642
-2.58899611685113	0.683672524401667
-1.80190156331263	0.405310176911618
0.926974875419701	0.246284209674963
-0.749707900448518	0.266629197702648
-0.411306378369193	0.173103709879466
-1.54033413653663	0.562613885619299
-2.58513149511835	0.689509113042442
-1.29580538399491	0.604526107834548
-0.748962934462903	0.265874158565463
0.133621657798323	0.0257280473816019
-0.380396034792448	0.109512226282398
-2.58513149511835	0.689509113042442
-2.58468514934926	0.681926813759725
-0.747972485615798	0.261954605937602
-0.497289725621209	0.262878783264408
-0.786496231567495	0.35210829920392
-3.09675293313402	0.963861246988004
-1.53732327136021	0.558096879249065
-1.80211551800213	0.40518546889285
-0.649961670532414	0.158635340685799
-0.371963944093828	0.110621992809151
0.509725648789814	0.185898565895246
-0.787098914242298	0.351780119515946
-0.246744187489769	0.0819875861942725
0.137716344096337	0.0264356853006178
-0.650318276706871	0.160755761640221
2.33975491997861	1.17447522222169
-0.16623824947282	0.0610134655693771
-0.539540080793358	0.208099233022499
-0.658267396937106	0.390414361896156
0.349989717931548	0.175984837253963
-2.48816268900643	1.41774475244985
-1.54716733927322	0.566283034461824
-1.80211551800213	0.40518546889285
-2.58557826662177	0.681302812577655
-1.54186427014847	0.562391050588268
1.3839303602802	1.05320442843489
-0.0708310066154293	0.031305775448192
-0.597694408365248	0.435361866750836
-0.784052639539007	0.345467191297511
-0.0143678810606552	0.00725931058684206
-1.50572759857967	0.784993477689599
-0.75228420014095	0.254146667374827
-1.16680976292454	0.361321943590249
-0.746534217740653	0.262483449927324
-3.09803658564349	0.963618638434641
-0.0741422651514142	0.0326106923562931
-3.09343711568729	0.972052225554497
-1.16152021660948	0.35929571617842
-2.58468514934926	0.681926813759725
-0.619704582868248	0.300010545149298
-0.786176974594147	0.350839154379538
-3.09343711568729	0.972052225554497
-1.80211551800213	0.40518546889285
-3.09280325935961	0.972693856185307
-0.753681227368969	0.263682884208275
-1.16152021660948	0.35929571617842
0.138618353811657	0.0265211219118666
-1.80190156331263	0.405310176911618
-3.09407144090335	0.959647090123049
-3.09803658564349	0.963618638434641
1.95338582999428	0.463576578510391
0.138618353811657	0.0265211219118666
-1.80583314024352	0.404036831265938
0.138169594891086	0.0265198668009027
0.132754372873048	0.0334623448971025
-1.16756877193145	0.358467365380653
-2.58468514934926	0.681926813759725
-1.80190156331263	0.405310176911618
-0.650959635012338	0.159168476600347
-0.617726724474063	0.300368406367299
-1.69347756905727	0.969875525364922
-3.09803658564349	0.963618638434641
-1.05314945343007	0.432914540626917
0.134526944690639	0.0258144647389653
-0.650318276706871	0.160755761640221
0.929020853400311	0.244303524147299
-1.30938704793535	0.590717169355291
-0.545641755228151	0.213156326519175
-0.78497299551403	0.350548280281777
-0.319825063346144	0.149481274178671
-0.244439790893105	0.0807612783384271
0.131469439929658	0.0389941114854996
-3.09675293313402	0.963861246988004
-0.939042559598009	0.695434594620072
-0.371963944093828	0.110621992809151
0.925979622549504	0.243736825113843
-0.650318276706871	0.160755761640221
-0.109003280378845	0.0437589916598376
0.318507523637171	0.172153060384582
0.53271067411642	0.303032348337983
-1.16255649541829	0.360535388481223
0.131669054203935	0.0451092981844482
-1.30152218159531	0.600761901527298
-0.792613116459862	0.428202732912767
-0.257915665392062	0.129414379125877
-0.313654489189248	0.145277048318243
-0.542135647454679	0.210886784915037
-0.37373542401889	0.110004299970677
-0.748717096925392	0.26268742708996
-0.294407584702094	0.186779020408098
0.149735727193089	0.0858538627930456
0.292442720120341	0.199701638417594
-0.430510896864947	0.413236855585932
-0.260612185413613	0.130452450077281
-0.55302015843449	0.471527641244659
-0.807473306313984	0.69815993781157
0.0368891050299266	0.0226521508464236
-0.786437621129413	0.346855605330261
-0.325439199775483	0.150481529168764
-1.85778829320279	1.18052375252277
-0.168107670861975	0.0611894191219251
-1.80190156331263	0.405310176911618
-1.80190156331263	0.405310176911618
-0.319314381948276	0.149466669246134
-1.17965602709042	0.6623701216901
-1.16577583586829	0.360083099240396
-0.382390918968991	0.110368087014075
-1.80583314024352	0.404036831265938
-1.80190156331263	0.405310176911618
-0.649319222104321	0.16021039083734
-1.80211551800213	0.40518546889285
-2.58468514934926	0.681926813759725
-1.53732327136021	0.558096879249065
0.138169594891086	0.0265198668009027
-0.649961670532414	0.158635340685799
-1.54134641011664	0.564552208534783
-0.655163635992096	0.160369482742199
-4.02777044854573	1.74104508937925
-1.80211551800213	0.40518546889285
-3.46998743660351	1.26411646563651
0.12845124068633	0.032045054961697
-1.29802573176096	0.594374120795877
-0.158890529130216	0.057770449745491
-0.238582126977172	0.0793549061566532
-2.58513149511835	0.689509113042442
-1.80211551800213	0.40518546889285
-2.10053676163918	0.969354337921519
0.809239056393596	0.34255292022026
-1.50420155227119	0.771926412902557
0.133502874099665	0.0402503094723903
0.693509285990075	0.450433122304852
0.132055155653072	0.0449007949188124
-0.243738387832607	0.0804072076503759
-1.80190156331263	0.405310176911618
-0.414350637467932	0.234458645057922
-0.158890529130216	0.057770449745491
-0.161543082499458	0.0586561812017544
-3.09280325935961	0.972693856185307
-1.54058228908419	0.558038570704529
0.638554210152532	0.454592468369758
-0.751489371171384	0.263470647301652
-0.252847335174533	0.0818392584262519
-0.754170547749538	0.262592018732108
-2.08938828267238	0.974219420953404
-0.816991103568915	0.533523724567711
-0.785574924986156	0.351164797524706
-0.203845174737973	0.110276580621657
-0.0104324367291582	0.00538509285158504
-0.31835454421569	0.145053418748253
0.63715225754534	0.448871464334226
0.58992801745082	0.44210537918921
-1.46964247198352	1.30889346310376
-0.554233359416781	0.352512153787127
-0.661882795156806	0.397805413178763
-1.29544266511438	1.42417178558431
-0.99290014317351	0.498130805437083
-0.660565148395801	0.385886776441022
-0.545395829904778	0.20962961386268
-2.12860462150376	1.61614859140414
-1.80211551800213	0.40518546889285
-1.80211551800213	0.40518546889285
-3.09216987140428	0.960869115746174
-0.645977108318167	0.157387277340251
-1.80190156331263	0.405310176911618
-0.619298142910042	0.302253675940891
-0.702387591690112	0.613427812613324
-1.16152021660948	0.35929571617842
0.644424999818512	0.207579266186308
-0.54110730002075	0.208535025061615
-0.749208929381019	0.26062610901766
-1.15714724515563	0.352620115329855
0.142425808142815	0.0356096114179749
0.137790482671227	0.0349173015404508
0.137716344096337	0.0264356853006178
0.138618353811657	0.0265211219118666
-1.80190156331263	0.405310176911618
0.142425808142815	0.0356096114179749
-0.167795132472293	0.0613751270235051
-0.238582126977172	0.0793549061566532
-1.84291159446024	0.765454099382025
-1.80190156331263	0.405310176911618
-0.647268870262709	0.157438045305518
-1.80190156331263	0.405310176911618
-0.654514463701247	0.160265207029626
-1.54211096447874	0.565956548030536
-0.537244494096108	0.209199262988428
-1.18423127877303	0.66567740399032
-0.649961670532414	0.158635340685799
-3.09343711568729	0.972052225554497
0.925335174824177	0.243267565805426
-1.80190156331263	0.405310176911618
0.429738004776667	0.174027388577235
-2.48875978707256	1.41753646006784
-0.550411694793751	0.212093304237507
0.128925533708437	0.0438883757730603
-0.557320411516759	0.351556894505529
-0.367964462335371	0.108363329225903
0.131021865338521	0.0391721334922174
-0.200136685470914	0.135200825299337
-0.0713229534329393	0.0316305852915741
-0.165320765543476	0.0607703071733124
-0.650318276706871	0.160755761640221
-0.371195854454092	0.109335251451445
-0.539001335022026	0.207686338514741
-0.107030676983149	0.0432926976170955
-0.404620756334216	0.171888458678406
-0.613464153240399	0.293688672628681
0.132008056168482	0.0393965941991127
-1.80190156331263	0.405310176911618
-0.409600573522616	0.233293358847524
-0.0155649162515809	0.00794474858809376
-0.414290591555743	0.1764908411527
-0.244428546932055	0.0805963435476292
-1.23484687582992	0.900715944671724
0.996096414441134	1.17145993618127
-0.940750143525628	1.07907578270808
-0.578756773269667	0.537835377898069
-0.347055558480508	0.207206305263168
-1.48196417027328	1.03272780543267
-1.30380004068601	0.591811851677917
-2.58468514934926	0.681926813759725
-1.16105011316119	0.35650557951397
-1.1600126841405	0.35529503686347
-1.05479795134611	0.427684260342655
0.637110020884382	0.202981575807905
-1.80211551800213	0.40518546889285
-3.09280325935961	0.972693856185307
-2.58557826662177	0.681302812577655
1.95584693887656	0.462330835133922
-2.58513149511835	0.689509113042442
-1.83797713176254	0.763323297952075
-3.77412214772395	1.53344506919461
-1.80211551800213	0.40518546889285
-0.649319222104321	0.16021039083734
0.139073148904902	0.0266055202308437
0.703309946015027	0.459069407460693
0.596468791110989	0.314139878149124
-1.29165180978804	0.580648926555619
-0.246045390123551	0.0811323193711411
-0.414514623299934	0.176183685547673
-0.967034168694282	0.593347339779727
-0.650815605433229	0.158518447092606
0.777948909448961	0.46104149746558
-2.58513149511835	0.689509113042442
3.25215396833713	1.09944519815717
0.510425175538684	0.184248558920947
-0.0782587585444187	0.0338123098089668
0.588925059225891	0.30692713767465
-0.112159473957684	0.0450463769175976
0.537132283701268	0.31026256028213
-2.58513149511835	0.689509113042442
-1.80190156331263	0.405310176911618
-0.754670103122347	0.267616103379387
-0.50549764861478	0.267736143162943
-2.30179683838977	1.19334254313319
-0.409998477425756	0.174852973148685
-1.80211551800213	0.40518546889285
-0.542135647454679	0.210886784915037
-3.09739452059542	0.972553736075869
2.09341097070047	0.951512192253766
1.7959287507101	0.710356981550796
-1.29515834308224	0.603610157609632
-0.649677393302236	0.159121336474823
-0.409089449914564	0.174313041287906
-1.17511928334287	0.662983172543037
-1.10146055555662	0.740312652790875
-0.316413150450489	0.144921752188458
0.792945824161338	0.854735444044534
-0.0681549971377887	0.0301311833607795
-0.364183170663278	0.104599597982621
0.144052503073331	0.0693617330621453
0.364491298811578	0.322565092846078
0.266071862849492	0.206934590816795
-0.700979670281436	0.568356880325223
-0.521025338621638	0.39602090034391
0.435622285346328	0.316449190370373
-0.99231064503903	0.985832219072526
-3.468495517409	1.24545977066643
-2.58513149511835	0.689509113042442
-2.58468514934926	0.681926813759725
2.7489176254429	0.781882431670721
0.138169594891086	0.0265198668009027
0.92853477633807	0.238933368646828
-0.754670103122347	0.267616103379387
-0.750699276625547	0.264252450117151
-1.16180306616162	0.360626829502971
-0.650318276706871	0.160755761640221
1.95256933090985	0.464168557061862
2.74438259751335	0.780038400688451
-1.80583314024352	0.404036831265938
-1.80211551800213	0.40518546889285
0.133621657798323	0.0257280473816019
1.95338582999428	0.463576578510391
2.74531503858304	0.788587032684406
-1.54058228908419	0.558038570704529
0.13806085974017	0.0349020150681185
0.134526944690639	0.0258144647389653
-0.654514463701247	0.160265207029626
-1.85031918151677	0.761754801682136
0.139847419253076	0.0352678773972538
0.351948363377535	0.177489465865794
-0.996429866572081	0.497888677415148
0.64519752559114	0.205734411961475
0.138618353811657	0.0265211219118666
0.783413316639503	0.462650294711727
-1.33877693710735	0.843263307042163
-0.110905120216736	0.0445697256579797
0.138618353811657	0.0265211219118666
-0.118945833856785	0.0473131902858002
2.74531503858304	0.788587032684406
-1.80190156331263	0.405310176911618
0.132517398019614	0.0400248322660559
-0.800133349206143	0.439447391459831
1.05500218210656	0.508193502868623
-0.243484148452124	0.0808609088407405
-0.0673393386783821	0.0294390043712855
0.85467476654342	0.623942102051601
-3.09216987140428	0.960869115746174
-3.09675293313402	0.963861246988004
-2.58513149511835	0.689509113042442
-0.648677249821696	0.158587087101144
-3.09343711568729	0.972052225554497
-1.16255649541829	0.360535388481223
-0.37373542401889	0.110004299970677
-0.649319222104321	0.16021039083734
-1.16255649541829	0.360535388481223
-0.746283100103145	0.261425238513852
-0.0695032952423575	0.0304228724879784
-1.05359394408609	0.421615661863564
-0.167156054572527	0.0607793584961868
-1.30060141663037	0.607500402054919
-1.49071798221377	1.04324989349673
-1.05479795134611	0.427684260342655
0.136471825034789	0.0593672744044938
-0.103496924957413	0.0404643693028068
-2.58468514934926	0.681926813759725
-1.80190156331263	0.405310176911618
0.132755613913402	0.0400087413766842
-0.41481437437586	0.173064627857992
0.599373291501224	0.311501411833104
0.145847092643381	0.0768426237298471
2.11349095329745	1.48756561160817
0.346335039428846	0.171845860757375
-0.5413960558512	0.210897885586138
0.378695898843792	0.166478532267336
-0.470582272294814	0.31569497582926
0.515005108153925	0.442963581841259
-0.0131770376027552	0.0067331897492647
0.0400488003410693	0.0247323274431718
-0.703633745380021	0.562784123213767
0.922124936246008	0.243516971274684
0.926329332609966	0.245803896301602
-0.655693812882749	0.15727529205589
0.133351507732096	0.0330557201779221
-3.09343711568729	0.972052225554497
-0.160090671293148	0.058326957925778
-0.994947520595846	0.503479993249042
-1.04429788633618	0.422544946241406
0.142698404858563	0.0359575700897484
-1.16152021660948	0.35929571617842
-0.646622749070198	0.158987296788642
-0.649961670532414	0.158635340685799
0.927971507294548	0.243537608899139
-1.80190156331263	0.405310176911618
-1.80211551800213	0.40518546889285
-2.58557826662177	0.681302812577655
0.138618353811657	0.0265211219118666
0.137716344096337	0.0264356853006178
0.126565388852724	0.0378858273324485
-0.649319222104321	0.16021039083734
-0.655163635992096	0.160369482742199
-1.16076621190063	0.359385238156804
-0.745791187837514	0.261749146161392
-0.202352731068731	0.107865357428456
0.134526944690639	0.0258144647389653
0.137716344096337	0.0264356853006178
-0.371963944093828	0.110621992809151
-0.37373542401889	0.110004299970677
-0.749707900448518	0.266629197702648
0.137716344096337	0.0264356853006178
1.00780161245042	0.382676369772637
-1.04638764670572	0.422799101987375
0.148138152466654	0.0708572572957063
-1.49295012854157	1.02997885096386
-0.246499246608917	0.0809674801171634
1.23795402609091	0.854379747400185
0.133083947721306	0.0514872556193567
-3.4747598518894	1.2627547738838
0.137033206871248	0.0343903632230145
-1.80211551800213	0.40518546889285
-0.650318276706871	0.160755761640221
-0.167194301643837	0.0606769952280747
-0.650959635012338	0.159168476600347
-3.09280325935961	0.972693856185307
0.137716344096337	0.0264356853006178
0.801640822834797	0.342681912930608
0.144112723234728	0.0692457291350753
0.383970873834602	0.174549965674074
0.778941683360151	0.460268472348531
-0.10792713458243	0.0435843718382022
-1.85205233883341	0.764323714431684
1.2634283920089	0.706946124414368
-0.160189462127493	0.0910924371430744
0.286131122104059	0.205427503373032
-0.113240152774761	0.0452155314259787
0.132220142704254	0.0568516061317986
-0.48658010283483	0.417017681694915
-0.638611738531567	0.584019939853974
-1.80211551800213	0.40518546889285
0.92732486785368	0.24306890205782
-1.80190156331263	0.405310176911618
-1.80190156331263	0.405310176911618
0.131708715990167	0.0395807956970691
-0.544995323112593	0.212530818243473
-1.05409989481754	0.428530499260954
-0.540837584872468	0.211287314007882
-1.80190156331263	0.405310176911618
1.95338582999428	0.463576578510391
-0.378051187678928	0.111023447161183
-1.80211551800213	0.40518546889285
-2.58468514934926	0.681926813759725
2.7462498006239	0.778261278020301
-1.80190156331263	0.405310176911618
-3.09216987140428	0.960869115746174
-0.539648861162834	0.20784789146555
0.142698404858563	0.0359575700897484
0.139073148904902	0.0266055202308437
0.137716344096337	0.0264356853006178
-0.650959635012338	0.159168476600347
-1.84290267129783	0.7723474188048
-0.649319222104321	0.16021039083734
-0.253825359941496	0.128742598552451
0.138818714405564	0.0354421828043769
-0.372967191440885	0.109879462987979
-0.236704574312404	0.0772525680207594
-1.05409989481754	0.428530499260954
0.688683664091755	0.437488192992916
0.381371707416748	0.169975354699587
-0.747277512006623	0.261950498179665
1.01005776396623	0.384301698232896
0.137080532436617	0.0260826732150604
-1.84635936125413	0.772831105281446
-0.650318276706871	0.160755761640221
0.138169594891086	0.0265198668009027
-0.649961670532414	0.158635340685799
-1.80190156331263	0.405310176911618
-0.649319222104321	0.16021039083734
-1.05245216258944	0.431815108906743
-0.650318276706871	0.160755761640221
0.141168720466643	0.026788068800843
-0.410052768598911	0.174313469131536
1.38708349597227	1.05428286157448
1.09762461572659	0.817671018404358
0.324032191239299	0.177482498203725
-0.0746351060988842	0.0327748839147642
0.641431038909059	0.206705899790905
-0.297684401030963	0.187808447711778
0.153322518184973	0.0945108571905871
-1.01709665926905	0.935256530260645
-0.593771821233433	0.440084012869197
-1.80583314024352	0.404036831265938
-1.80583314024352	0.404036831265938
0.929670085417592	0.244778423912617
3.91337671586789	1.72666008519133
0.128296084606295	0.0384571369192157
-0.496307476548597	0.262486495010103
-0.622825811115946	0.299085871563058
-1.0508065919118	0.420998028101424
-2.58513149511835	0.689509113042442
-3.09407144090335	0.959647090123049
-1.54211096447874	0.565956548030536
-3.468495517409	1.24545977066643
0.142698404858563	0.0359575700897484
-0.372732473872603	0.110746709749891
-1.80211551800213	0.40518546889285
1.95256933090985	0.464168557061862
-0.650815605433229	0.158518447092606
-1.16105011316119	0.35650557951397
-1.80190156331263	0.405310176911618
-1.80190156331263	0.405310176911618
1.95338582999428	0.463576578510391
1.95338582999428	0.463576578510391
-3.09280325935961	0.972693856185307
0.131769780715528	0.0397831026994758
0.92732486785368	0.24306890205782
-1.54211096447874	0.565956548030536
-2.58513149511835	0.689509113042442
0.136628230278163	0.0342854039182628
-1.16215049582938	0.354329340870658
-0.749707900448518	0.266629197702648
-3.09280325935961	0.972693856185307
-1.80190156331263	0.405310176911618
0.138618353811657	0.0265211219118666
-0.80103721868013	0.439196388262969
-0.16959834053432	0.0614602133522807
-0.53235250748417	0.203189204919792
-0.507825127078242	0.267152745830042
-0.54075591557501	0.210281213474268
0.137790482671227	0.0349173015404508
-3.09803658564349	0.963618638434641
-0.369267237855442	0.105985650466032
0.675402274409332	0.313392900185573
-0.373053653203401	0.10950615431338
1.05472277889527	0.514601317533127
0.780230810326786	0.454171123665143
-0.403804122042353	0.28158254057717
0.781602486291656	0.466978317108443
0.508081388675797	0.18525425523165
-0.260511051770426	0.128192367058583
-0.811092700818894	0.767120290015904
-0.584914139359319	0.426568526006414
-1.16846048312346	1.01893128948819
-0.322502316902936	0.266772072079514
-3.77488446443192	1.52874110171612
-1.80583314024352	0.404036831265938
2.74531503858304	0.788587032684406
-3.47073410037615	1.25961524031716
-1.80190156331263	0.405310176911618
0.137716344096337	0.0264356853006178
-0.165633878223146	0.0608230448483071
-0.407780236117827	0.171122735106802
-1.04569085125238	0.424269012979002
-0.11366904227828	0.0456837591633765
0.128800385405616	0.0497090773739998
0.8073683784219	0.339168590465013
-0.413723517512865	0.175732979945065
-0.745791187837514	0.261749146161392
0.642650740895789	0.20298545340287
-0.750699276625547	0.264252450117151
-1.80211551800213	0.40518546889285
-0.649677393302236	0.159121336474823
0.925335174824177	0.243267565805426
-0.654165411001464	0.159831562379876
-2.58557826662177	0.681302812577655
-0.990291236449294	0.494289082912161
-3.09280325935961	0.972693856185307
-1.80211551800213	0.40518546889285
-0.750453159564684	0.266070645067511
-0.653515136282054	0.159727161117317
-0.654514463701247	0.160265207029626
-3.09407144090335	0.959647090123049
0.138818714405564	0.0354421828043769
-0.650959635012338	0.159168476600347
-1.05270440983302	0.423182877493502
-1.16331040146866	0.356501861337983
-0.646622749070198	0.158987296788642
0.142698404858563	0.0359575700897484
-0.649677393302236	0.159121336474823
-3.46924124245495	1.26110671680306
-0.990076889048968	0.498519022982592
-0.113310755014642	0.0454808648595026
-0.410964195034156	0.174446518608924
0.715745764776984	0.581678615859106
-0.169623487855993	0.0621362492988738
0.533175451366638	0.304855814525321
-2.58513149511835	0.689509113042442
0.319901343856531	0.175135958248837
0.346933942336523	0.172340859935274
-0.712000857543722	0.569380006906424
-0.960238750909569	0.586409780682367
-0.356465957813143	0.256470879199631
-1.69143143337513	0.984864497678572
-0.659120650572946	0.38985851600025
-1.80583314024352	0.404036831265938
3.25422405878576	1.0988640104023
-1.80190156331263	0.405310176911618
-1.80211551800213	0.40518546889285
-1.80211551800213	0.40518546889285
0.92732486785368	0.24306890205782
-0.650318276706871	0.160755761640221
1.01352383527603	0.385779054090432
0.593793507391322	0.307782211614282
1.25826352655386	0.698954794444829
0.589954680359955	0.303891879391387
0.35131894598107	0.172086725191267
0.799168712221924	0.340465651218408
-1.53956972045097	0.556149616231128
-2.58468514934926	0.681926813759725
1.95256933090985	0.464168557061862
-0.241840209542203	0.080476940077082
0.134526944690639	0.0258144647389653
-2.58513149511835	0.689509113042442
0.133621657798323	0.0257280473816019
-1.80190156331263	0.405310176911618
-1.84116096838096	0.76985134303748
-0.247933599496154	0.081059996368568
-0.751198712039969	0.263460624922869
-1.05175508032405	0.42742275035592
-1.80190156331263	0.405310176911618
-0.646622749070198	0.158987296788642
0.130105167826918	0.0446113493171228
0.140906973713143	0.0352149950547458
0.137716344096337	0.0264356853006178
0.930671315320304	0.244899140334393
-0.649677393302236	0.159121336474823
-0.751444890588777	0.263713332527736
1.23602081242935	0.847269356482426
2.33577604148799	1.18742693832559
-0.421950206194349	0.238598666326272
0.830479286057325	0.758538038879542
1.04949426648492	0.516016321322475
1.4300525619712	0.473890200865325
-0.0164510262358862	0.00840946093600393
-0.804427185813179	0.762443210743359
-0.814007841110087	0.626956141970756
-0.499059236703051	0.264809008708048
-1.33733976029754	0.843214342177107
-0.782175372677927	0.349105651546352
-0.203392929665975	0.10995110198681
-0.664979535521897	0.397420188897141
-2.58513149511835	0.689509113042442
-1.80211551800213	0.40518546889285
-1.16180306616162	0.360626829502971
-1.80190156331263	0.405310176911618
2.7489176254429	0.781882431670721
-2.58945281070023	0.683631203527574
-1.80190156331263	0.405310176911618
-0.243731416940134	0.0797640228897181
0.70590022151381	0.461479387790244
0.433420871313236	0.174895185886725
-1.34967671186509	1.09234283804904
1.04671431462836	0.513193629181291
-2.48909014431717	1.42234991357588
-0.112342313132849	0.0449811945404351
-1.80190156331263	0.405310176911618
-1.16076621190063	0.359385238156804
-1.80211551800213	0.40518546889285
-1.54639876708013	0.566309129661381
-3.09675293313402	0.963861246988004
0.141628868364635	0.0268733845859336
-1.80583314024352	0.404036831265938
-2.58513149511835	0.689509113042442
-1.80211551800213	0.40518546889285
-1.80211551800213	0.40518546889285
-2.58513149511835	0.689509113042442
-0.408525359595675	0.173562292508035
-1.83967704409364	0.757994340961566
0.138618353811657	0.0265211219118666
-0.648677249821696	0.158587087101144
-3.09280325935961	0.972693856185307
-0.650318276706871	0.160755761640221
-0.353028212171075	0.213108140854723
-0.475663153560417	0.318436129644733
-0.549167819405151	0.465097639650466
0.511864412014573	0.434946641959062
-0.714321615585853	0.633034819716588
1.09593162897222	0.950343075192526
0.981944917665211	0.785621465829049
-0.201470493470964	0.136873435514228
-0.286337514033131	0.235013051764316
-0.704981481559646	0.573377765071735
-0.601303519831237	0.439573294520418
-1.05245216258944	0.431815108906743
-2.58945281070023	0.683631203527574
-0.371963944093828	0.110621992809151
0.436901247930093	0.316803268395218
0.150793549034378	0.0914371420027317
-1.18490030340533	0.656114615448574
-0.494438203585271	0.255729771377684
-0.965282532219865	0.596900842255528
0.134208821438559	0.0573667983271094
-0.800566542713996	0.613367000931144
-2.09008498415123	0.978920478853419
-1.16255649541829	0.360535388481223
-0.371963944093828	0.110621992809151
0.131142088064851	0.0445435122752936
-0.373053653203401	0.10950615431338
-2.30722030674925	1.19874771229064
-0.74308996376314	0.255581005416548
0.926974875419701	0.246284209674963
1.30906895135202	0.585546772041702
-0.371963944093828	0.110621992809151
-0.256540738172257	0.129565212146248
-1.04918860874569	0.425130851310869
-0.115998485190889	0.0466372210510191
-0.80070863439447	0.52233168248149
-0.553549609358681	0.35303215398552
-3.4747598518894	1.2627547738838
-2.58513149511835	0.689509113042442
0.135687810090981	0.0405518208503784
-2.49274881459666	1.40196981916351
-0.900558284748819	0.821331209086985
-0.40468645504678	0.283452547284208
-1.10961553221964	0.76443742337633
-0.533270090097079	0.203525447098513
-0.204323820619057	0.11056913325254
-1.80190156331263	0.405310176911618
-1.80190156331263	0.405310176911618
-1.54639876708013	0.566309129661381
0.133264717489137	0.0398651258030508
-0.0368198434224387	0.0175635187994821
0.334986099999125	0.184157169990036
-0.0408476727230379	0.019341110342724
1.64160410994382	1.52402446533369
0.136351719674361	0.0650215437818279
-1.80583314024352	0.404036831265938
-0.37373542401889	0.110004299970677
2.09341097070047	0.951512192253766
-0.654165411001464	0.159831562379876
1.01496655409926	0.392016410565643
3.2493353238897	1.10864834370629
0.171586814339706	0.126820367429203
-1.80190156331263	0.405310176911618
0.139073148904902	0.0266055202308437
0.138618353811657	0.0265211219118666
-0.655163635992096	0.160369482742199
-0.627374015887581	0.302577983997486
-1.80211551800213	0.40518546889285
-2.30151189417455	1.18927506671996
0.156344539840097	0.100836883577989
-1.3592013318528	1.34753042408613
-0.803018137782485	0.531164673840427
3.25036486382959	1.10725094810752
-0.141850959170712	0.100372760889218
-2.58557826662177	0.681302812577655
-2.58513149511835	0.689509113042442
-3.09739452059542	0.972553736075869
-2.58468514934926	0.681926813759725
-0.495895076991173	0.261543952549636
-0.782729207892041	0.342222376690622
-0.159490540697212	0.0581388923908031
-0.616288684383095	0.297893153333178
0.891246116538183	0.484838989975286
-0.958753659957959	0.587855174165245
-1.54033413653663	0.562613885619299
-1.83871770989349	0.763183728810254
-0.166551048008481	0.0605901327587292
-0.645977108318167	0.157387277340251
-1.16180306616162	0.360626829502971
-0.650318276706871	0.160755761640221
0.64542681911787	0.206101967608227
0.132318328682527	0.0452503254788254
0.138618353811657	0.0265211219118666
-2.58513149511835	0.689509113042442
-0.369739934267753	0.108830229788068
-0.596844093821324	0.434942848354941
-0.804658785527105	0.537965317499666
-0.473887199871442	0.313642459702738
0.158280072538977	0.0967041405643902
-0.0944066087502069	0.0589725299098313
0.164607915864127	0.107498677977828
-1.02182204258533	1.24928988392805
-2.08981984785612	0.976979991676915
-0.590755173735334	0.427511000295766
-0.616288684383095	0.297893153333178
-0.0722551783461891	0.0314374367172661
-0.498153808351354	0.261308929232513
0.139711627656584	0.0733498108945355
-0.996230035500731	0.501890115723998
-1.00295560062857	0.502608741125093
-1.50911057639426	0.789656593076845
-0.235312629177037	0.0768977485823201
0.851451218037097	0.622011828546726
0.137790482671227	0.0349173015404508
0.428825611450252	0.174366674929911
0.132517398019614	0.0400248322660559
-2.09399808074663	0.980549459513818
-0.417506035006443	0.175034216364101
-1.84067529611299	0.760552235843089
-1.15790256442372	0.35664499176059
-0.650318276706871	0.160755761640221
0.137716344096337	0.0264356853006178
-0.649677393302236	0.159121336474823
-0.238582126977172	0.0793549061566532
0.141810784125479	0.0674769218157348
-0.256157711494688	0.127682896959449
-0.328265818887705	0.150927176568299
-1.99902942241514	1.39324043146598
-0.8021006343015	0.531475475832632
-0.241386143415283	0.158351953494218
-0.274244051561522	0.209071696473372
0.0253959448989077	0.0148094188373128
-1.29536888321088	1.6185414371723
-1.29580538399491	0.604526107834548
-0.807916359864367	0.618087517695654
-0.753681227368969	0.263682884208275
-0.253242721126138	0.0813698670197209
-0.105237877346259	0.0420919154430054
-0.412814669063794	0.175603974598424
0.124384843154576	0.0423100907226745
-1.33875704111082	0.833642472337421
0.646660380501026	0.201890156969149
0.926329332609966	0.245803896301602
0.925335174824177	0.243267565805426
-3.09216987140428	0.960869115746174
-0.372732473872603	0.110746709749891
2.08751153945252	0.940460252577583
0.141628868364635	0.0268733845859336
-0.649319222104321	0.16021039083734
-0.617363775826488	0.298920776015589
-0.472158120910187	0.317821454077404
-0.806498621050259	0.540517024777795
-0.0413341727949727	0.0193662136499997
-0.406780118552744	0.227750770190078
-0.797657751427548	0.673329568544865
-0.520120156695032	0.490743939793336
-0.721703868876993	0.68717564556294
-1.04730399701661	0.424280980589094
-1.0566663906773	0.424678224920916
-0.240892370455321	0.0792841914193826
-0.318923499539302	0.148592367443786
0.304664837954879	0.182338392308877
-0.797302201242187	0.430311020663302
-0.664146466467212	0.386557392700421
-0.376823530104554	0.109528132652308
0.131669054203935	0.0451092981844482
-1.16215049582938	0.354329340870658
2.74531503858304	0.788587032684406
-1.85180082517672	0.755362604405438
1.95584693887656	0.462330835133922
2.7479767545239	0.782066977880158
-1.16105011316119	0.35650557951397
-1.15865836302273	0.356559362366982
-0.158890529130216	0.057770449745491
-0.622100361432571	0.304102017504355
-0.984587002322049	0.976342417928585
-0.408916272225057	0.173941516536407
-1.05830757618137	0.424133349862926
-0.155429091432578	0.0884132144227418
-0.393781980000292	0.313144099232454
-0.272523061119162	0.20588189646558
-0.173566949995387	0.13617689854666
-1.54563063269447	0.560692390639586
-1.15790256442372	0.35664499176059
-2.58513149511835	0.689509113042442
-0.241840209542203	0.080476940077082
-0.114339863699736	0.0826633728906261
-0.588521035840422	0.429271438017226
-0.0672806166137434	0.0295477047357351
-0.242486590949723	0.161404878176838
-0.0259105028462207	0.0128037703678292
-0.372967191440885	0.109879462987979
0.143458160699927	0.0358142984417619
-0.249087779716609	0.0821262723446787
-0.4085736940504	0.173333927319526
1.0085495226757	0.383135807980842
0.130105167826918	0.0446113493171228
-1.54033413653663	0.562613885619299
-0.649677393302236	0.159121336474823
0.121584192852968	0.0404669226279946
-1.80190156331263	0.405310176911618
-1.16756877193145	0.358467365380653
-1.17775024027827	0.669215095005813
-0.397557721215584	0.355316294899559
-0.149060526651294	0.106832887116763
-0.162002584229411	0.0919731413822939
-0.0875102976926941	0.0658259897549107
-0.497234844547699	0.496628374830782
-0.470243646235553	0.444207903799165
-0.340948956493361	0.206734368957752
-3.09407144090335	0.959647090123049
-0.654514463701247	0.160265207029626
-3.46998743660351	1.26411646563651
-0.238582126977172	0.0793549061566532
-1.34208676432872	0.856187588163202
-0.473316386312984	0.320624777453056
-1.53427892099985	1.73749343103293
-0.0161843257309054	0.00815223455076201
-0.675279578991863	0.457165632412879
-0.0759442541136042	0.0334346828316316
-0.754915023302398	0.265106216530069
-0.284961642249147	0.182253754272672
0.79747062420093	0.336571067175277
0.131951896347009	0.0505060364649837
-1.80190156331263	0.405310176911618
-1.2999567634103	0.607427613348062
1.79971117079625	0.713547256095307
-0.650318276706871	0.160755761640221
-1.05162544371991	0.841624812816866
-0.811402244842921	0.700546907939074
-0.577855328890438	0.530922324522476
0.0172450321121334	0.0100544059477072
-1.07362712089141	1.1146911579625
-0.00766748447611894	0.00401627502413856
-1.68266249447969	0.957610475110133
-0.81115348207879	0.625904698815022
-0.799582158704585	0.431344732018437
-0.595761643318704	0.438398760903826
0.48157014052101	0.295465878358303
-0.749707900448518	0.266629197702648
0.641431038909059	0.206705899790905
-0.538163648191357	0.207948957950952
-0.110722956319377	0.0445628979454948
-2.46218632051838	2.35806536913256
0.36359565806999	0.321406783019107
-0.286130487216961	0.24189623818788
-0.490465173196803	0.423980297695792
-0.688315608821597	0.489802703367473
-0.660883758328235	0.389026202392115
-0.0625536976577889	0.0273502249299083
-0.210918338758537	0.112328111866465
-1.11138336301476	0.759244396396529
-2.48478181841589	1.40484897346306
-0.118227008778675	0.0467886171739053
-0.956006801879874	0.57902956758845
0.00670298881696038	0.00366008440546808
-0.202209586731032	0.134998715796275
-0.64366474749604	0.585356867732175
-0.220794876313878	0.167083351441455
-0.246136139979011	0.122095019624679
-0.323900344993019	0.150484815481055
-0.0796775637098002	0.034588258075646
0.127894779700985	0.0492384929400269
-0.197411074965177	0.105807922061932
-0.967926417118956	0.588340773355592
-1.34077919734308	0.838500518754867
-0.356167308851783	0.340183972799071
-0.243489732986148	0.0812398100864258
-1.54109898628274	0.564008735008191
-0.808435657152858	0.624458182211019
-0.0667673076850819	0.0417459429331721
-0.360482061485157	0.325824122950023
0.272408196155442	0.214328659202895
-0.495416057981973	0.42379584782132
0.0706768262763985	0.049443855902618
0.18141351778061	0.138446332284065
-0.45527512540293	0.355237735632054
-0.242598203602325	0.159215996583264
-0.460351010526658	0.357458812209809
1.12248392378876	1.14260731119889
0.291701328293932	0.197371291868032
-0.556626933725027	0.358194568374582
-0.0383654211513854	0.0257376388011456
-0.410543930605574	0.287818204450658
0.155889290241079	0.100252850326048
0.0690188356290741	0.0468449165398633
-0.278660706257742	0.23126058253619
-0.198162054093844	0.133961224498135
-0.321825608895485	0.268272142753601
0.309755736192699	0.184258186203764
0.674472522853457	0.587687600620818
-0.286008919029362	0.18163108448789
-0.407050389265687	0.324004734541287
-0.246761975141148	0.209203469500237
-0.0623475949174431	0.0471731093310188
0.162191249146427	0.110417812628808
-0.119591998758142	0.0707977072472585
-0.0571438714726611	0.0360419836895381
-0.171827760708643	0.120509579397749
0.35015219514678	0.324343466866272
0.00127770921272838	0.000871928319823156
-0.308216039030668	0.225868472966748
-0.391870720481917	0.342149331483676
-0.307166499639133	0.22730356786117
-0.79423518767967	0.806651646183452
-0.354497312886302	0.289492899402955
-0.172137705560889	0.136065701252492
-0.702476064196493	0.569944026626078
-0.968413899540641	0.587666330005149
-0.156497331774082	0.0888897060780944
-0.283962753488458	0.240409463676382
-0.671955412122804	0.727744718341555
-1.57276757215494	1.47522904346912
-0.0240799190910213	0.0186216458625728
-0.556594073451868	0.58957854470589
-0.798090328843014	0.76202596001483
-0.661862725750789	0.391910749747239
0.298196979477036	0.193009159716612
-0.915115785009619	0.779281441133252
-0.799621320331054	0.439730487498041
-0.625687492849273	0.521895873996907
-0.501878930661301	0.261606496525137
-1.05791322947451	0.852622829825494
0.384256825957837	0.316669359855868
0.0490145408375808	0.0298598511271309
-0.593407135781449	0.430881935082584
-0.452133890075727	0.354722827744308
-0.804288206510806	0.529227027260296
-0.513884956029007	0.480104906062991
0.642333990719216	0.5797162017682
-0.232299353957212	0.178153399843816
0.435933458130611	0.175207919216368
-0.514901985956174	0.394343516730472
-1.10511560907466	0.761697246959891
-0.802602644488099	0.603284112215898
-0.503239163320575	0.261231969225292
-0.692710316359533	0.486988393443145
-0.130253858635053	0.0771218119547706
-0.905678034335053	0.855469526095782
0.297690136086523	0.212610528848564
-1.05112565943595	0.843281138393289
-0.806304332832861	0.616054939587074
0.145598706463349	0.0829806671625724
-0.115282099191945	0.0462757845682528
0.0487599324588353	0.0315250152299993
-0.128582511582877	0.0768078463570805
0.642279008908191	0.45326995140578
0.54616513192682	0.310843621242817
-1.05409989481754	0.428530499260954
-0.719118561540515	0.647233402270886
-0.61452896169656	0.295673728350897
-1.49960310719433	0.765124418470506
-0.418026541062147	0.238443665728315
-1.00239228310147	0.502457694525373
-0.156350223016823	0.0897617221957262
0.346836388680473	0.172909792582344
-0.414925416941797	0.237874019373292
-0.013620637358261	0.00693763172339359
0.137947030958258	0.0592439737071219
-0.804683993905916	0.436870397901829
-0.95868514215658	0.589892343450724
-0.997362795439389	0.503668584888394
-0.3602294332897	0.296579184043238
-0.566539551170885	0.354527511272331
-1.84215992422119	0.772497364016813
-1.99568254774833	1.38660256254709
1.0770496548682	0.656301287720123
-1.05482778086541	0.858079919825483
-0.966190861537029	0.59635773416659
-0.551266084553896	0.348420372081914
0.137790482671227	0.0349173015404508
-0.246177922386862	0.1228769479804
-0.242088249126681	0.0799235848381177
0.12918993805387	0.0442507386000375
-1.16180306616162	0.360626829502971
-1.83723681340657	0.760405161947283
0.139073148904902	0.0266055202308437
0.141666634051722	0.0357514933011427
-1.17865476837037	0.663261826194646
-3.46924124245495	1.26110671680306
-3.4732569225175	1.24987015294251
-0.764992204479621	0.253187120272122
-1.06197714471552	0.850794539187588
-0.164113417640613	0.0601976090971911
-1.05829043397106	0.850775994602727
-0.54434902709971	0.210417930011334
-4.41233734001285	2.28583827575019
-1.48467315075346	1.02473301751337
-1.84116096838096	0.76985134303748
-2.08842733153289	0.971005061190044
-1.04825804245851	0.430881776490226
-0.242540504674911	0.0808346916156265
-1.69086774011608	0.982342295189858
-0.343046055983665	0.206576095905231
-1.84220487533625	1.65385099522166
-2.0907818935671	0.980234505113829
-0.368970569520409	0.108704530129129
-0.243738387832607	0.0804072076503759
-1.04334419447761	0.421851851435904
-0.116620378891686	0.0458515770315991
-1.61258762368367	1.23011186938625
-0.781254420402615	0.34530592404433
-0.109287574984068	0.0438132578834764
-0.413381207516543	0.17636300038956
-0.10316195259349	0.0412582216406303
-0.328655957782435	0.151189792663394
-2.48756570381671	1.41425550086287
-0.792002188780058	0.351038609125196
-1.84215992422119	0.772497364016813
-1.29580538399491	0.604526107834548
-1.84798995307189	1.17705315211458
1.43108326772595	0.478167346987275
-1.29580538399491	0.604526107834548
-0.246744187489769	0.0819875861942725
2.33583467924787	1.16264581463299
-0.5413960558512	0.210897885586138
0.129705851940839	0.0500169138857751
-0.95967316707647	0.589276440551315
-0.446972221366814	0.391221277009066
-1.01259186628263	0.903510739409493
-0.420115492243742	0.238594656950499
-0.454194188609462	0.359173581718544
-0.800545464664791	0.694150537070616
-1.36159892655265	1.35765843579407
-1.24035157181724	0.940467989636764
-0.249315959695042	0.125782769531469
-0.697924613734394	0.548163955713764
-0.660933297548311	0.397427091045789
0.0780491878759655	0.0542002963055987
-0.508731542557023	0.267931135494506
-1.00768111709709	0.4765709624702
-0.681300230156389	0.469861630509508
1.24051392829861	0.853185593262879
-1.05875431434951	0.425258091505381
-1.84677569066238	1.15251331136891
-2.58468514934926	0.681926813759725
-0.649319222104321	0.16021039083734
-1.16255649541829	0.360535388481223
-0.0426661526437984	0.0200700938668509
-1.80211551800213	0.40518546889285
-1.80211551800213	0.40518546889285
