x	y
0.0920587457065213	0.0692053605623351
-0.243786383368669	0.205609141099517
-0.310426179178169	0.139758539908202
-0.0739646533940051	0.046994986015471
-0.605441492009123	0.436595853872161
0.189162199952952	0.160861528214235
-0.242787870530506	0.16064072463786
0.274964486888967	0.206310428077863
-0.46906422589471	0.445453926582887
-0.0258867327829272	0.017209666330113
0.0874092577727925	0.0612901998793646
0.33177396111069	0.181855895889458
-0.509637321132131	0.267601367729505
-0.904710895051475	0.85489554306299
-1.07700002234795	1.15657159810699
-0.141275987167916	0.0999263144003491
0.0591989289200821	0.0379084662785378
-0.362548968161547	0.295137453421272
-0.268997976104081	0.199777854412459
-0.0938716844402213	0.0585598235820817
-0.0115903778594511	0.00598614098216311
-0.482640286113946	0.323830168238696
0.795170466783741	0.955331702345367
-0.00561207067857771	0.00395382054827426
-0.160179691009979	0.110089430370904
0.280024417391153	0.212186067353598
-0.802113398889013	0.808750715799433
0.00234014658397326	0.0015908289548456
0.167914048834071	0.124711795335202
-0.103030082324399	0.0633840265553297
-0.714878270349343	0.63958378407735
-0.804465326396186	0.687289242969475
-0.0327977875383291	0.0155819405377768
0.30664438087061	0.197518047787867
0.164746099478244	0.112842429695347
-0.026019175541927	0.0173558239607686
0.279150165011285	0.22693687511733
0.0666496350020356	0.0469145432924772
-0.343046055983665	0.206576095905231
-0.696199561992349	0.484527922322218
-0.23246557238259	0.151432627880904
-0.515364586155646	0.395322708866076
-0.046666612623758	0.030733038339997
-0.158909596129223	0.0899149457897466
0.948686353194785	0.621746752390445
-0.963252014044875	1.04562912818902
-0.0888859139229903	0.0551186604514559
0.464106137096912	0.314957008925457
0.387043870991077	0.318893969681195
0.896049568629058	0.764990316660191
0.396130806686524	0.412017751779136
-0.328144208596288	0.150986475962441
-0.751489371171384	0.263470647301652
-0.808491572156971	0.442910243135367
-0.471526178005287	0.316217411269569
1.41272999280527	2.27167417397444
-0.611873095807304	0.501358171199315
-0.293853738003586	0.243915096467414
-0.157687688002933	0.139129770386373
0.364017702738991	0.308684281274651
0.0510677795414622	0.0330621712431573
0.0672818914250447	0.0452194406560978
1.2438205605621	0.858953966787391
-0.41209499398089	0.232802869736952
0.935909096011142	0.920655656592061
0.690114257712745	0.682784747242676
0.0917223056329004	0.0694841246575839
-0.485224693766053	0.477854029655106
-0.0295574328203816	0.0229833370510323
0.317285210592751	0.17275318107591
-0.618264820258131	0.30054583612192
-0.622200060690231	0.514766326704694
-0.14229452051257	0.101720102193693
-0.0974871781002895	0.0719802249625614
-0.686939417093636	0.81616938096653
0.35186037236565	0.326783145183729
0.263139094401293	0.228170617859624
-0.561330419317153	0.359927191679502
-0.289864061766918	0.184544550971048
1.10821888900905	0.993906892591266
-0.0920528842573164	0.0564001931684438
-0.698726508072853	0.478316086980835
0.179496797908815	0.14364125507089
-0.048692492845122	0.0320984905356197
-0.143339056402122	0.113315342249013
0.711032769163274	0.794072109684055
-0.656854270635823	0.390410379290044
0.0077521971027731	0.00421671355776212
-0.898322576449398	0.908230740480357
0.272111694363578	0.204406366529887
-0.115837237105595	0.0842799535613364
0.0381681858765229	0.0235622835411389
-0.722919329202753	0.792417782742262
0.0468747226715347	0.0288142380852964
-0.201043985042472	0.156052040533981
0.302518048981684	0.178441958142532
-0.344457214050186	0.241457717139527
0.15925576380016	0.0976745142187034
-0.249315959695042	0.125782769531469
0.592826161946393	0.450477029288252
-0.658267396937106	0.390414361896156
-0.264159795429381	0.198695809244404
0.823615838693637	1.13995183050392
-0.204801322046003	0.110368343672947
-0.0359281265666269	0.0171794210742191
-0.162077334989821	0.0927476520367795
-0.810429698870954	0.533993249287858
-0.198359561119572	0.133508733624324
-0.66498499674391	0.397723928012848
-1.06537315389262	1.1270928208968
0.0605790461523267	0.039338770591287
-0.515794482655721	0.483410258900146
0.0694264717722282	0.0470874336285568
0.817291472160393	0.846869569348181
-0.149252609853532	0.106071483775912
0.271347358552449	0.211737339951618
1.95296353659961	1.23515556772621
1.35082303399078	1.23829545751287
-0.629631957478762	0.515795423113976
1.22495813050425	1.19166512065882
-0.0242132583686583	0.0164606587983359
-0.0480626824504691	0.031141404190654
-0.492268756815502	0.490043114395532
-1.18490030340533	0.656114615448574
-0.346133813987509	0.208759109505635
-1.30504147506544	0.593326185883392
-0.617012095314768	0.294378297957952
-0.927177449935936	1.12080655922122
0.420089219957047	0.421059287448754
0.464439265354005	0.425012927001329
0.742973051642142	0.81949506824259
1.12163057266807	1.11741094452453
0.829900999096995	0.868968252281056
0.634776719251475	0.580325803509764
1.61747697996044	1.1233986976796
0.689595686735449	0.693980255378977
-0.351366437839577	0.255146041225505
0.66775443088264	0.561679178458087
0.839736110944545	0.763594780984251
0.676265931979013	0.586543750743051
-0.648251967145067	0.59177131061086
0.139543450624509	0.0675192261100814
-0.162698998696522	0.0936095129733987
-0.434379895046039	0.412995958753889
0.175357314346261	0.144179002451488
-0.941476018970369	1.13992764196612
0.97025210357413	1.05077104366341
0.371152603242074	0.314185892302812
0.574984148622705	0.558693833048253
0.460273099862068	0.423873357373049
0.0127016480784522	0.00679641751159891
0.165462858118169	0.123080561787835
-0.654939180593506	0.590448065499938
1.21782891508302	1.16540214885385
0.0693642813603894	0.0488266481937458
0.670261092184453	0.6904868457959
1.64430472993904	1.5075261161514
0.88927850949922	0.477723950608782
0.12713937419409	0.0541320933247394
-1.352003372045	1.11134225356351
-1.35155550403389	1.11224987175471
-0.309874437732549	0.231727620553604
-0.813512364252019	0.777212379225583
0.266481830405234	0.216509192691197
0.729028879743483	0.715531806352901
-1.05499600213483	0.839638549081193
0.159524845771739	0.104264853861445
-0.252447412843261	0.1281387249355
-0.0759912141407832	0.0483223199819432
0.285045101961939	0.195100184156365
0.296622119518624	0.202664707284005
0.282340184660947	0.203016556303578
0.314607391659921	0.189082777850691
0.285918007872616	0.215468023161874
-0.620664206933368	0.301874622328127
1.08850195715184	0.79891469177348
0.606154276933037	0.56963224579861
0.172321501357729	0.128823408875281
-0.397611721408903	0.35474850326675
0.282444121196596	0.214412841755094
0.480087028669861	0.43160532656553
0.0821300940595682	0.0574502974185552
0.161393994663842	0.103973558832103
0.398443797015113	0.418008742766029
-0.446382660391996	0.394659576112988
-0.136700854308289	0.111494683732588
0.0430477692943182	0.0275966561933336
0.595514144490648	0.445674199437138
-0.0752172241296898	0.0482320085889266
0.0295571019898179	0.0168003750727876
-0.542249507517333	0.535856838070077
0.609341615980705	0.66642152821361
-0.0209075874889592	0.0137675601634652
1.5006760500025	2.32071600278846
-0.252071048010645	0.125085306670935
0.70013318966799	0.449743771280837
1.55037749003109	0.778108225282062
0.911967656108233	1.01417903799271
0.909202648689706	1.32015706566077
0.511867890627031	0.535264643467656
0.434707306979114	0.43586150059077
0.250487735799919	0.217022722402048
0.823534630060698	1.05481870095865
-0.354233396331961	0.289399871703341
-0.397505947180886	0.349679588060681
-1.29965760826291	1.59684289541285
-0.246341248437712	0.229455451919575
0.678822678190514	0.785710889085126
0.447727579399033	0.421313424826327
-0.0516124792195288	0.0384074206026259
-0.699589143589518	0.483816865507212
-0.405531795092849	0.284406983200307
0.776929167171646	0.839186485269333
0.523453854236527	0.433505670268725
0.339069135064377	0.310739902454188
-0.137485854500966	0.111707529759131
-0.62033956074012	0.698666988830311
0.521190792968799	0.54561053971898
0.160683889607246	0.0914723033212093
1.44805518454863	0.879711007626854
0.5052829367669	0.182279638609026
0.429430403324828	0.174308914564631
0.713558701104486	0.591761383764364
0.170476392078062	0.109647436130205
0.869441787103925	0.883485355306971
0.786090294449976	0.848410239079438
0.0561377681071173	0.0362951945406253
0.179993017312744	0.139576385641382
0.0217539214334898	0.0126567838365858
2.40023480341212	1.97448215996424
0.275982387636918	0.205078350012083
0.593407595097444	0.549342956625422
-0.881579599537743	0.900553508220943
-0.962278127371031	1.01180928962118
0.785115393063699	0.85230764390514
-0.706840139986552	0.561344773599384
0.600130005985153	0.451142495325822
-0.662788855625166	0.397689813206379
0.340217671435148	0.184629686155137
0.435435259041865	0.312035258479911
0.157715033161202	0.10166826868932
0.77389751422549	0.611973158641668
-0.206970636945454	0.141579136867632
1.05324024616875	1.54164177081484
-0.202944822056986	0.107789608526141
1.76469776740113	0.995567590768204
0.640204384260695	0.202440736609696
0.140852554424158	0.0665136999794035
0.679586781493095	0.322193279624011
0.322138093713033	0.177715433479489
-0.188605125575443	0.0965920914746063
-0.0000883798301475268	0.0000340712053168207
0.913322207552412	1.20460163511901
0.598461877681462	0.453551374283019
0.883523373987999	1.20378858777802
0.946039446206543	1.34787181959379
-0.00769158604959963	0.00525330789011611
0.320085136330469	0.333273861441561
0.403107943990138	0.322311864997348
-0.411167036237834	0.363145086857842
0.262066369387388	0.267536811796793
0.552924874217278	0.640109873965
-0.57469645252687	0.647954740625166
0.454655815870079	0.430329663017559
0.465402812986275	0.315284635666813
-0.956494336936097	0.578572034774611
0.171662292380401	0.126471858072182
-0.306596974520592	0.227814057601475
-0.240087450085472	0.159165143895293
0.780526303357356	0.847941196450772
-0.00582767304691954	0.00396118847848557
-0.0240749052758756	0.0184900462773177
0.784224963375827	0.738882070912846
1.01398176237284	0.388014010752976
0.133839510334783	0.0514783633650397
0.795266844056424	0.335552258908945
1.0461186457864	0.507908115213028
0.435610189267415	0.175668833000029
-0.118409360069225	0.0467559920513302
0.286001633448938	0.208137727589504
0.166539653038387	0.134677879308081
0.423236405869253	0.421548828920657
0.169851886149393	0.114873958318155
0.551588189596926	0.639926770951688
0.390024264242006	0.318849871004119
0.368857997093841	0.314049241453917
-0.173811271897456	0.138369114544074
-0.113133479651308	0.0809130051221402
-0.256286181670475	0.219795187498301
0.0514169432231237	0.0332500197936773
0.0560171322498679	0.0375303442600683
3.91649626313352	1.73172133841656
0.142184968710981	0.0538784088572033
0.161286591773807	0.11683062295996
0.166621030340088	0.118831500882717
-0.810078799120635	0.631385468628882
-0.0103190363362371	0.00704210110426056
0.838571642549822	0.757923867286772
0.419821325044991	0.32074568180553
0.695907805995339	0.704709243338082
0.643388055259257	0.457632047972718
-0.0631271395467545	0.0276755278356465
-0.166993085804297	0.059496315492297
1.22750755770301	1.47461572094958
0.156717008052941	0.0952408592990587
0.963105657678936	1.27335559154235
0.523302820392504	0.426554620273114
-0.305860555060837	0.226052659701425
0.649200019117328	0.456925693862087
0.676575110767742	0.317073045454102
0.641431038909059	0.206705899790905
1.05500218210656	0.508193502868623
1.01155779435024	0.385777953603479
-0.0873354827317754	0.0547104118562407
2.5412628161373	1.42347054539208
0.784972657115699	0.461821747350192
-0.475560503310407	0.322703323534477
0.508874378250558	0.443792798400741
0.625324976477642	0.652799683944943
0.965357863504291	1.04481427709691
0.180199215464111	0.155064279568076
0.502546355075641	0.580662358398926
0.25191309964175	0.251788568939914
0.315049202435943	0.189241490742095
-0.462513591750108	0.527274539812575
0.176286265651001	0.145429247919952
0.376269093145559	0.168466848955099
0.13398902342509	0.0516991626437089
0.599757099169893	0.448721795877125
-0.0693373206305062	0.0441029507590685
-0.664163411156742	0.704923400609205
0.423964291770619	0.424004513512358
-0.581893785558568	0.533586362755706
0.0236184764346321	0.0168609100567119
-0.141850959170712	0.100372760889218
0.778577357077807	0.820579276092161
-0.250642819101633	0.126536888563547
-0.894979055173679	0.908985692089104
-0.050042484715146	0.0323012420707644
-0.170991677420196	0.0956021715223382
-0.465270879844499	0.436983978502045
-0.0778203774570893	0.0580674089394514
-0.666310836234963	0.740618119317081
0.347788648560509	0.175920613301097
1.95971574893418	1.19812718358217
0.801640822834797	0.342681912930608
3.61956389250147	1.43028882967321
-0.177383195375511	0.121684720120488
-0.260135532576436	0.13040278496835
0.591396558038217	0.30787605265913
0.265896795201097	0.205988337435106
0.110618773398873	0.0920217763128723
0.266399060316005	0.24436171056007
-0.233518151166192	0.241973751843016
-0.610724408825558	0.821876542389186
0.280661903819101	0.253340622979262
0.207751056300103	0.210337489249933
0.0629653369333404	0.0513843839661925
0.0743499434747259	0.0645764116865019
0.00798534942690167	0.00432541787163386
0.363053342116476	0.319668530431826
1.02272866825226	1.32332996919758
-0.924103810773139	0.772836815286908
1.08936866448949	0.824805057578415
0.358701493187553	0.315643775818556
-0.476972151709414	0.569574707982425
-0.102018944215133	0.0849567101862501
0.880950447001607	1.28739843327319
0.12752688695816	0.109105896988143
0.868839849823803	1.26764616944509
0.172752718683084	0.137405083823365
-0.547373118414535	0.462028302268721
0.0599310358546628	0.0386420224715809
-0.299727170341623	0.189151178779759
0.155850086818023	0.0893842666389105
-0.541812745465887	0.443611291387904
0.736996513778652	0.918036813511962
-0.489363366199279	0.424430172632922
0.0981385182071775	0.0788401510623982
-0.0445935691178648	0.0207724580174377
0.804954811703476	0.345472225969279
0.50902590722156	0.185473067884794
0.133806777422593	0.0455041881577386
0.135633414284217	0.0464242544434658
3.61956389250147	1.43028882967321
-0.245226032689275	0.121996864930875
-0.794554180329313	0.810689365500698
0.149434125908253	0.086144575755565
0.133246928349518	0.0632300593142507
0.339309925074323	0.183798400591488
0.168315317337038	0.101632717507967
-0.242668927821627	0.161268876213422
0.160242349815353	0.104611856208662
1.16244878690607	1.78159249575894
0.345777480377031	0.324042073834039
-0.130549109775367	0.106052042267442
-0.234672422829863	0.182003271380051
-0.593881385666033	0.581960111391079
-0.170034346643847	0.158333104996308
-0.26073279242426	0.220622557203275
-0.946924695199951	1.14908675254701
-0.0945192517231152	0.0589069603767099
0.0692642676164904	0.0470221325690914
0.595138506448353	0.450354000406149
0.156320661951495	0.106226005653161
0.494526534933114	0.311029568610986
-0.353324509951214	0.210136009144311
0.971706367965369	1.07292480915806
-0.51236891786256	0.39259539059308
-0.317020462708369	0.26400393503003
-0.422303121923598	0.43495516174187
-0.539611850388796	0.613864518331467
0.767288728028562	0.711915007810143
-0.122860672364927	0.0735179828509098
0.501372995434434	0.534196695472756
-0.262092141342546	0.197251547459562
0.909288843352822	1.02255606483364
-0.101219895613643	0.0620783985347582
0.263610834143717	0.203725499802501
0.943444211175284	1.34291124945423
0.355208819154808	0.310423011969124
0.715533098165799	0.806393099383153
0.702403543943196	0.45984824963807
0.134542642796399	0.0341445690681232
-0.246045390123551	0.0811323193711411
1.0461186457864	0.507908115213028
-0.168107670861975	0.0611894191219251
0.644424999818512	0.207579266186308
0.48548427852995	0.435049448680759
0.445456453010392	0.435171939285531
-0.150246567941541	0.144437492656108
-0.0438645208957772	0.0208362974892464
0.45472525314628	0.435149507945018
0.457274666758107	0.418102558224071
0.331372035718906	0.182303068906753
0.131405301493996	0.0450882414222608
0.783413316639503	0.462650294711727
0.181534858861182	0.154109371113336
0.646478290321779	0.839926731332437
0.0922476296082738	0.0679085567614366
0.492727504100776	0.540437163517517
-0.22897608025064	0.208006230102493
-0.0647284299109259	0.0526408080129054
-0.314522990568767	0.347250600083562
0.633940915855284	0.742617982525139
0.650366357176618	0.763762852653469
0.888388032563516	1.21850086193921
-0.434075999325771	0.377982364911238
0.0119470590735951	0.00866427638782623
0.179596989674226	0.143890471239989
0.58891414870022	0.440278337807669
-0.111865015159301	0.0659784498471184
-0.0914067392084008	0.0564940630967633
0.384805415279655	0.314151467195679
-0.580590045418065	0.64634096994902
-0.673846947154469	0.703848381610597
-0.295581303560445	0.290676521065958
0.199643958550313	0.174736691930004
0.491175462364754	0.437490297684772
-0.515908589314879	0.396360066807814
0.856490104679078	0.623830896007444
-0.00743321510653311	0.00390797978339867
-0.440672342551334	0.387513883339242
-0.239454215602885	0.157790290611827
0.852699534324417	0.611523121500232
0.205170869072052	0.191694779362704
-0.083605165569314	0.0626903647248596
0.617588259007733	0.836126653047277
1.38564290999576	1.05144916359368
-0.372732473872603	0.110746709749891
0.137330275162768	0.0656518857571363
-0.750699276625547	0.264252450117151
0.349122711988175	0.174637715170198
0.137716344096337	0.0264356853006178
1.89481903881316	1.6250949820502
0.170203079736387	0.120988682796469
0.58808756460989	0.433462694185457
0.962219470074851	1.25888942791671
0.253223914735893	0.253031064883495
-0.108259580007634	0.145552763801909
-0.349783852215825	0.285382233724046
-0.0632120578306532	0.0665349040527824
-0.966116622326036	0.591479648717113
-0.346165698599932	0.246906169969203
0.592611092093206	0.447353612843025
-0.814578812122058	0.705738194143127
1.30581051293515	0.583204526982758
0.894026110682638	0.483621637116731
0.426235000920739	0.436680707764253
0.183668815414323	0.166132365148578
-0.0680230570411682	0.0672656283480723
-0.39538189665613	0.377444664338868
0.687432344202566	0.790351671241413
-0.624926770588844	0.857343909187442
-0.142862744918168	0.131256599838559
0.458026854973323	0.520249415354973
-0.365588925131114	0.29983186374926
-1.62186489950063	1.93744571277725
0.142438311261113	0.0807742311812706
0.794874152108106	1.02580636311693
-0.307452112869149	0.223259041475166
1.07158158638041	0.655680342320189
-0.803010354047492	0.525247179625758
0.603504070768719	0.558804222699356
0.0318461885487504	0.024274095046775
-0.161579159115894	0.130233864386036
-0.0879902413156296	0.065715563444233
0.388810453762793	0.433300417080044
-0.315942560158116	0.260446918221673
-0.585899767340189	0.538327376059559
1.21563392660724	1.47809751895311
0.335805806073002	0.178679873743067
0.596882877780712	0.448059934646722
-0.463747673578415	0.433232945210726
0.119830339175927	0.10021853163305
-0.26769553069532	0.244907576882333
-0.661233721223154	0.725072272162879
0.456895952395316	0.488167289009436
-0.614362556359146	0.292142247503075
-0.623537651729938	0.303839710624854
2.74531503858304	0.788587032684406
-0.169021373875344	0.0614292502965276
0.274617490500739	0.19643193131298
0.713534438538752	0.589552354410247
0.455311741968045	0.429321721113995
0.423998083109169	0.422461225892933
-0.209493517381591	0.142248634759251
-0.631370242643181	0.889690243143511
0.229439507173608	0.30909684520447
-0.601088879978713	0.443675660979649
0.483072305073368	0.651743794334543
-2.3603315152457	2.13723590403316
0.261417818937194	0.219385254081773
-0.611458171000146	0.499333343371906
0.291730360215393	0.186020557821167
-0.748218261379527	0.262913312316052
0.140713547851748	0.0535320947014008
0.0103464446694604	0.00553384811725456
0.413513541068248	0.308385718374308
0.85358292820998	0.964920505121031
0.400680598589388	0.402420364587028
-0.0660598052758535	0.055399434324381
-0.0334422122917776	0.026032237627234
0.0666726329254843	0.0575252367782669
0.00669216895910019	0.00456597010520522
-0.571205753343644	0.51824984376413
-0.202170535370521	0.156030656551181
0.1332489881878	0.117352890419366
0.169509649918343	0.132724901726822
0.77970591123618	0.739989668986733
-1.46997065155728	1.31804611311861
0.516259692311444	0.534345261672623
-0.253876382862009	0.128775655016744
1.33557463007161	1.39987753984367
0.801640822834797	0.342681912930608
1.26142283120487	0.697623719473853
-0.256049731505394	0.129107980840928
-0.402842841694421	0.280565955631091
0.258490564833349	0.22915296786581
-0.921039905057017	1.18384565861699
-1.00333614429384	1.25695985564531
0.168387301267367	0.120466997305781
0.594459630166154	0.550062078628402
-0.0878453789188215	0.0660311106720989
0.898759338122035	0.769846892921114
-0.119911455092295	0.0715808266214833
0.0416469079903064	0.0251297930675163
0.488540431625925	0.409894409317112
0.37479208403368	0.316759746666558
-0.495882445199945	0.489970343942058
0.331553275980489	0.313718892845651
0.339520902213763	0.167606074820158
-0.371963944093828	0.110621992809151
-1.30152218159531	0.600761901527298
0.137716344096337	0.0264356853006178
1.75644755525501	1.34509688620089
0.330586446776391	0.183481255060317
-0.413707152762918	0.478873030653306
-2.10046126706135	0.941349706308949
-0.499185183555044	0.503960790809451
-0.157281251347582	0.179379903652742
-0.449876538677877	0.353395037894519
-0.293882123957446	0.325954343303703
-0.679048327365968	0.470408372063625
-0.466232592841064	0.309960677693837
0.696564888309068	0.450293513240556
1.22872019992757	0.825711716002721
0.125818118229927	0.0374087094341112
-0.044264111582435	0.0210638114695097
0.767761450232785	0.585402365770189
1.22638883022885	1.19075074378147
-0.0648101783606915	0.0411773409789255
0.631890300238895	0.435919475974734
-0.368407459325033	0.328337543247767
-0.0698373014999784	0.0591230956076925
-0.139042737348688	0.0996831568781544
-0.40212007841391	0.324756661971385
-0.494683457955514	0.500631118387594
0.658523037965441	0.77145078519552
0.0967891620210905	0.0739077349377729
0.169953522252848	0.142515310563332
-0.102605255570793	0.0854678863495214
0.668624819529106	0.579914622214726
1.13279730439424	1.34966089825154
-0.445134602723053	0.346611906974111
-0.207497441310418	0.140914236288871
-0.484195265991696	0.316541466506224
-0.244439790893105	0.0807612783384271
0.135125881955029	0.0580528793614783
-0.0150767776835107	0.00773306757158922
0.749656039233642	0.920733288716276
0.374688472710284	0.32374731442265
0.277491431686373	0.208576111680369
0.186603724903095	0.16715294443526
-0.0923029836352292	0.0573062082927597
-1.35532929918721	1.13110906869341
1.34630721185408	1.21599975435667
-0.80323146015234	0.441171249605832
-1.48925336539341	1.03936768475363
-0.71036115825058	0.573017035551387
-0.527837152308245	0.489482432909929
0.597949188820758	0.451707884174011
0.940639139720649	0.916171195296324
0.260101667473163	0.24415968969385
-1.35730343634502	1.12122664291432
-0.5413960558512	0.210897885586138
-0.112830731237178	0.0443386773079892
-1.29312325590293	0.594173782042438
-0.746534217740653	0.262483449927324
-0.372199398666119	0.10861997456099
0.138547275345784	0.0347818496624983
1.42719460355007	0.477448564652232
1.3006719877267	0.570982695859716
0.694913805738669	0.444836561266255
0.830046243115671	0.736232483144195
0.146573336836361	0.0772009140785472
-0.241156545023991	0.117080843934916
0.255285378773756	0.272972264781596
0.137439666706684	0.0507346776798447
-0.683585562734125	0.845656415426447
0.0723014603120194	0.0813729831167604
0.774775745682468	0.605933892934044
0.627410346702798	0.842384896021058
-0.345174072155608	0.206771328467753
1.03676393128009	1.09745569072037
0.370845135724074	0.299857751230507
0.504580075605894	0.183905699075097
-3.46998743660351	1.26411646563651
0.806722038144211	0.338576705435761
-0.159498955075996	0.109291841908937
0.82491394081886	0.974528486031704
-0.161329824883505	0.141242853627301
0.0238171044675948	0.0167510025950097
0.128374427646755	0.110414557738853
0.0489668565084577	0.0407091844726963
-0.612639861100486	0.822477652542838
-0.369847693316096	0.38499832185455
-1.05181664722013	1.74100004785966
0.0962627652503178	0.073055477633053
-0.0140395926135804	0.00963541335829879
-0.0718955483517802	0.0543952108414595
0.45887254541487	0.513036155547713
-1.02053018771907	1.23233427561114
-0.349083015268011	0.212781387367715
-0.103441792351585	0.0637676804394624
0.588083184663236	0.30160428674491
-2.12821126345703	1.65113490614493
0.539841569442302	0.311287181390802
0.351899265998224	0.177155337157001
0.495911559254006	0.420427838099174
-0.727595233502718	0.713267071248073
0.372145141076386	0.316017580945496
-0.260852166953623	0.239857893377361
-1.43137473909743	1.925511667684
0.0938220288052838	0.0716412734477069
0.942171860172055	0.936092616307685
0.448757289958583	0.423212309132481
-0.0743843000802864	0.0477899529242178
-0.621563854158612	0.303518408026805
0.273005044065857	0.222217378905727
0.0537917552166117	0.0348712214144354
-0.229189311106191	0.197180011147555
0.173126373703491	0.136793363300269
-0.522208489274127	0.565832900217531
0.144878841292722	0.0757861267438666
-0.544726922023982	0.212503767866522
0.772048392904989	0.454504086296581
2.33509030557097	1.17288824783147
0.142698404858563	0.0359575700897484
-1.04334419447761	0.421851851435904
1.42795516831077	0.478570790474717
0.139861959796527	0.0412618846585003
-0.165633878223146	0.0608230448483071
-1.16896704290573	1.02856877016813
0.721331930779876	0.596459458789115
-0.607686413101734	0.491739897930745
1.32029147826815	1.3730699408183
-0.437604430544977	0.512634669416067
0.132517398019614	0.0400248322660559
0.135940862031445	0.064873438981688
0.948579638974557	1.35373861946761
0.0912522392333467	0.11456028672244
0.304183730104219	0.181506166574022
0.497668456093404	0.685435578575503
1.31262441551281	1.53091692815953
0.0673589083210109	0.0469348752611937
0.029434886599857	0.0175743192309069
-0.208783598744578	0.112147466089365
-0.785574924986156	0.351164797524706
-1.30504147506544	0.593326185883392
0.785570497699908	0.742680663067648
-0.729704309269191	0.76286497499773
-0.365746765625782	0.329349009430568
0.0523611310864648	0.0338282746580317
-0.518732849601927	0.554944556509647
0.387642965803068	0.421500552340235
-1.03061170448553	1.42617955894846
0.394915856242319	0.422867682154597
0.00991648531252785	0.00820316553349225
0.17927862374327	0.142778692665284
0.0478514772537343	0.0381866090773888
0.259888018946518	0.250385426125798
-1.41394614034207	2.26372174665457
-0.202660498713117	0.17638182579897
-0.56584774884026	0.518698557511569
0.153747637312288	0.0948225362323504
-0.51921845980052	0.396453081632222
0.00370473392122833	0.00208838472761804
0.538505941434776	0.310840818531822
-0.0800877417480106	0.0348552631714952
-0.48813894584883	0.421962233766978
-1.08366763878354	1.37041297262615
-0.576095920763494	0.529256476187779
0.408719108603311	0.307642277683819
0.705837002911972	0.89697625125642
0.498661106345306	0.430656115114345
0.287374889648856	0.20490784899384
-0.411083438098034	0.288169302808848
-1.36529611919134	1.08868797835814
0.130146125917221	0.0605266436665532
-0.0482677539635084	0.0227494020109417
0.167256078409123	0.108085796052119
0.0167758383762095	0.012077162172247
-0.320395856838305	0.290368305504986
0.048467423979869	0.0312779372691486
-0.0727158019055341	0.032177876081156
-1.18529883843068	0.669946192468202
-0.417506035006443	0.175034216364101
-1.54639876708013	0.566309129661381
-0.408613984999948	0.232043485400918
0.12865687577515	0.0437318071150248
-0.957336522264759	0.579986778252377
-0.650959635012338	0.159168476600347
-1.16577583586829	0.360083099240396
-0.476312704796314	0.315533177746729
0.270574076649638	0.235743707575801
-0.294509352873329	0.287845330449163
0.397430607054575	0.419549053796776
1.04638159917421	1.10451141860695
1.21438283013928	1.28765619997662
0.597924044225306	0.660608656189807
-1.02178569963967	0.934895044398434
-0.513691470263713	0.391356805248039
0.113724951294787	0.120422760872346
0.432526466772313	0.175579738668412
0.495754668698367	0.311274296843318
-0.483312014912263	0.632447062017134
0.124720020104592	0.160998193713147
0.0379924053304431	0.0238652830623215
0.240623948293183	0.277468937974701
-0.333853163689348	0.197450468825507
-0.0823532219306048	0.060788283629637
-0.348569755592785	0.283480320790213
-0.23569328711841	0.181392109512826
0.505755132156118	0.18204282627756
0.842591954266868	0.604403640453145
-0.174135096286196	0.15153753380625
0.0712687034840834	0.0617517462228466
-0.178823104398506	0.15689524911904
0.497057648284277	0.543117062566429
0.143395893614634	0.138040487845955
-0.241167053640571	0.235951503445636
0.410544058021524	0.507190589148829
0.595112241814216	0.830686153914757
-0.13157702121827	0.130495290446531
-0.702024729704432	1.06407216459706
-0.056826014614892	0.04885740028329
-0.940957892588303	1.46033787421186
-0.276711323442727	0.306178705954309
0.532613437450312	0.546366661268581
-0.716201461469346	0.682268666640545
0.269339790690994	0.23820984782657
0.391934888373155	0.321776672567898
0.578781477094475	0.543204293981115
0.894026110682638	0.483621637116731
0.279586156567008	0.201018010909911
-0.526384857949853	0.489930384490039
0.396239844489673	0.411718195398512
-0.0876539682069174	0.0730991090046439
-1.26113678937738	1.83236249970495
0.198028071164321	0.196698582294996
1.50142266134253	2.74499735845786
0.424301540956578	0.406695903303889
0.8694471619816	0.995123758679799
0.160968067237958	0.109199271597792
1.7583617266918	2.11660024301151
0.166924035559133	0.112438432208287
0.415744702296737	0.312947858574716
0.180552720638841	0.160431303124914
0.106544081474586	0.0855375666287813
0.704784488634242	0.95623979311877
0.31013023253665	0.185498459629166
-0.997362795439389	0.503668584888394
2.72881520435672	1.68941659318688
-2.48909014431717	1.42234991357588
0.641203436908402	0.204828865510354
-0.802838884150937	0.443974499020205
0.156851446145722	0.106845978957712
0.401128789283959	0.413907907369175
0.290893810899298	0.217717643777299
0.782174548873588	0.838108804379546
0.138056628856685	0.130257904364753
-1.68902588442312	0.962558488737751
0.703191061438126	0.456373775869971
0.387411173731609	0.301162712489254
0.151886202563645	0.0867519824408723
0.126056663382265	0.108577008662508
-0.549770482014615	0.211902200055541
-0.110516538265453	0.0446169747691459
-0.041354966557541	0.0317392294566186
0.252327047364494	0.351009614477611
-0.938855283065145	0.690019264339532
-0.115700542182689	0.119944250235739
0.882645621319162	0.474804462161909
-0.62740719316509	0.51978530555883
-0.0560765193937028	0.0475698468057387
0.0340427170298255	0.0208604563037422
-0.0219702365986618	0.0109640908116567
-0.0851718920640773	0.0524590876391071
-0.3867378347754	0.368637361098496
-0.935994157651916	1.13885665595641
0.185670975255273	0.142869966618022
0.378600630042906	0.323236578502527
0.390256770305516	0.42694505653489
-0.296868423543418	0.272628453878826
-0.231003711903142	0.178607683792761
0.112954294076343	0.0882806816952138
-0.448873259643092	0.446922659762635
-0.261894520484659	0.243599445563744
-1.31666813694188	1.82155051296266
0.0153710682282848	0.0114728983440812
0.402687692526924	0.42867130088046
-0.719290337461375	0.700142750195941
-0.0732008741369075	0.0535297066794507
0.271889711747393	0.204801717203465
0.693077374771012	0.805371687922944
0.157204448265571	0.102342941826705
0.279056776656151	0.200303953646323
-0.80242181597031	0.771591523676885
-0.121622466909633	0.0885414397590686
0.355568838116101	0.312979492181323
-0.1669698645302	0.115204861849426
-0.16934626141106	0.133874429356891
-0.656824568672165	0.639417062849384
0.783110924917556	0.849994745880221
-0.0753660051731522	0.0473685935060185
-0.0448988376061221	0.0295484136642509
1.04097171818767	1.10191378437328
0.366843074157068	0.311732623778632
0.161166807965748	0.122173324179222
-0.451443076198585	0.391494205600526
-0.0756338387355025	0.0483421034318787
0.0943822633720948	0.071618314929984
-0.383291888370332	0.41878525756647
-0.167123630546832	0.0952086580761398
0.557642097682643	0.44623409027609
-0.254026314882053	0.217094872494895
-0.123070941420275	0.097726375985356
0.0408359883796753	0.0328735335327445
-0.0461276089969399	0.0431644305536847
-0.0690939074034216	0.0443908739786576
-0.463454018393248	0.47548758054425
-0.88450938744905	0.898841244335985
-0.399564647093226	0.315737834956557
0.0469466432005949	0.0301761070103658
0.16485659567476	0.117224646635478
1.05131166712168	0.51832133916075
0.141040635755856	0.0606764719550975
0.703262799515461	0.458572898892216
-0.0569417304047727	0.0372337625925068
0.639433294916704	0.204223062388441
3.25036486382959	1.10725094810752
-2.30681688178742	3.51788813024206
-0.691173938298924	0.854328547703221
1.01172484601803	0.38539678793708
0.178383312207045	0.14688966990889
-0.372967191440885	0.109879462987979
0.191873234336282	0.157674444494815
0.427585658173757	0.412979045167905
0.320556336477218	0.326128508224606
0.246844291082396	0.303997815689518
-0.0158885497286714	0.0139258335469811
0.277490925225178	0.209719102021256
1.5242598132777	1.29295172940928
-0.500395102365879	0.259803263760623
-1.34577948212636	1.03920304653721
0.144617418218243	0.0769810703320119
0.0520153149409235	0.0337536837966562
0.830811823115265	0.752407060808764
-1.17231067003801	0.662720431138254
-0.211058563729772	0.14232648637867
-0.324461245766878	0.150010955106858
-0.810348383534206	0.774103763847957
-0.987579402087374	1.48091562801821
-0.584160319580683	0.538699257430236
-0.0797207326321935	0.0482236761662495
-0.474180988162002	0.322244241654996
0.0625778499024934	0.0527307595713876
-0.105787529309185	0.103005409383042
0.387364298598918	0.433474235705043
-0.0312541438097551	0.0208588273857094
-0.632788985676476	0.570207613223791
-0.323049946155294	0.149603675412238
1.44672035489898	0.91099682350394
-0.618764784008415	0.509850730421688
0.706804565258779	0.460691299154748
0.450808451837065	0.409205604228233
0.281080764292516	0.212737001054463
0.733306507221043	0.711126955381502
-0.0755445142498322	0.0686043235481934
-0.699188963718788	0.556383929694635
0.385226718960957	0.173213467428947
0.294155274958369	0.18803199685163
-0.801883533537111	0.693817395393658
0.436475035900188	0.317463590530206
1.64264805400358	1.5303624279352
0.633406408562151	0.564765326481625
0.596659205268781	0.454105284497171
0.388320471647905	0.319647205138621
-0.392855779705039	0.347950116817092
0.0627863653925837	0.0422925061561952
0.890402045604722	1.09768740500574
-0.461596439472876	0.473881859546109
0.542285091591355	0.629957982360239
-0.33614391797771	0.352643833704494
-0.397391925867196	0.355525886281468
-0.0339402060723554	0.0225421378381823
0.305281851522452	0.327287451182974
1.10387662343218	0.818651106158698
0.543400351414514	0.310148233892524
-0.177205287711935	0.0628790562761664
0.770393119550363	0.718707559232636
-1.16076621190063	0.359385238156804
3.25036486382959	1.10725094810752
1.01214860676252	0.959423585706565
0.144113551962346	0.144282277009804
-1.00330441353724	0.503699534355902
-0.0840439347249786	0.0624703304928265
-0.110722956319377	0.0445628979454948
0.269411389934738	0.233776495273895
0.156508295832577	0.099607670355657
0.179741945473115	0.14366215422014
0.621776862736716	0.653840706132438
-0.415011981386018	0.233101613441133
0.0296268971837988	0.0168932648286405
-0.350775413572512	0.283075632229364
-0.0383774208443507	0.0249829760189206
0.141039186235778	0.0661820331384789
0.521289201215972	0.429295310572636
0.144164268993008	0.0767049768470646
-0.959256869569107	1.34587047198428
-0.377598602925005	0.322061731359795
-0.568762740969018	0.519782157416941
-1.15401473783411	1.29170470426765
-0.409456151722035	0.41554274218625
-0.432508776495049	0.497872797415005
0.185412334874958	0.161504420388832
-0.113383037251356	0.092737394527628
0.836569423339617	0.76332879827699
-0.0173374945783732	0.00881137645739801
-0.717181783984699	0.632963862952269
-0.719981678268503	0.69964280182563
0.289955007619733	0.200046954425882
-0.738618078704505	0.874828914856156
0.906745920903201	0.773299830265443
-0.363588124995512	0.298924933695601
-0.292335947114308	0.264884655541024
0.635820421061132	0.578494710912755
0.153075622260101	0.0803331961911584
-0.500039826825257	0.263237991413251
0.407252425845035	0.305052632510025
0.943959303090295	1.14406196458384
0.149990935823727	0.0793800680135845
0.495169533970872	0.312052311468673
-0.790481876212766	0.354530755409143
-1.10369602814971	0.761368276631417
-1.54211096447874	0.565956548030536
0.134934728527285	0.0579346651030808
-0.617832262989401	0.503966291784452
-0.119734035501068	0.0955257564726407
0.258932543177449	0.236705572373001
0.40155393985802	0.41644293185809
0.177816202511473	0.158385056210017
0.606959406446468	0.666980022744971
-0.122937815857202	0.0731789189039216
0.105337609591957	0.0851987694160891
-0.744797769739109	0.261223376171582
0.67711437897708	0.318354079635132
0.638255333660224	0.679860031495008
0.0978560275899917	0.112079971061714
-0.706612004064344	0.568459133237001
-0.0201070111012957	0.0157989509343476
0.587570538479572	0.303847650983307
0.270126380312917	0.254781638303292
0.343578290299853	0.171518747662216
-0.255539500291659	0.218714776428581
-0.389249042689713	0.404346481621158
-0.501172117312104	0.509085636028721
-0.264887977952236	0.280116726193815
-0.277255666029126	0.273727749885654
0.57873381249878	0.556636900542785
-0.20509834682035	0.176634652811153
0.0883391682677525	0.0659547382235935
-0.449101267956424	0.394155706084477
-0.430038601111396	0.443527200797646
-0.00446304979804376	0.00303581003340375
-0.301076149099377	0.222629578925828
-0.231750123865916	0.174459616543346
0.694414850442455	0.450839193450738
-0.661408001192514	0.398040231653608
0.380721368689374	0.287405351822856
-0.207198589569466	0.162643214629776
-0.653972789456921	0.644403856295376
-0.32648311886581	0.270760567862569
-0.198881118236834	0.155476938277029
-0.0773987439647556	0.0579229712902686
0.398134198890314	0.318054841307619
-0.112096072649442	0.0805498897394526
-0.418579726520079	0.392417301430473
-0.124952047429668	0.0748264809092232
0.265115181685384	0.203823577206351
-1.46600039502867	1.31857400078351
0.505081233579435	0.43375993076828
-0.0141537316193435	0.00704454986873815
1.22290443040617	1.19439501500175
-0.30904244685807	0.228524748617821
0.772048392904989	0.454504086296581
0.538550275854788	0.310270008433765
0.681871525690216	0.31193233309537
0.896339018505427	0.481803174956457
1.30675103647863	0.583158549436276
2.33647975774558	1.1902357498922
-0.288742366086581	0.263149452960522
-0.213006506752165	0.198447211451043
-0.383203159908835	0.418925026133224
0.181612932087609	0.137521946739531
-0.265549154394631	0.265383118169949
-0.137455353255839	0.120989022918803
0.309734482205218	0.185767848553632
0.97584618685762	0.765153972141301
0.493604644715661	0.310235000328025
0.788685222957583	0.939393903388866
0.932323973538935	1.4383952368684
1.29275280358445	1.61103574834086
-0.809143668928978	0.539963150964118
-0.675076919199341	0.793827476718591
0.64519752559114	0.205734411961475
0.671166329086663	0.315342091616726
-0.0847308291615114	0.0628576046218353
0.221554781339858	0.269539526693043
0.161038266357432	0.0985794965755373
0.35333761581784	0.177648195170176
0.145787000940452	0.0760361290834834
0.421977579720222	0.422234078564253
0.389305856527626	0.319449710783593
-0.201999627589299	0.191002546628933
-0.872268696717395	1.01074856984353
0.382996396693386	0.322122726177088
-0.335021363285215	0.370906160723006
-0.260061003336236	0.221411898885772
-0.229984000133699	0.197405653396887
-0.427706427991445	0.406274813291948
0.0394948560057501	0.0305827200350103
-0.22815314935767	0.14613691502011
0.365610218488519	0.331652003782907
0.378572855774126	0.31229219924201
0.0178471778717982	0.0133812475554632
0.976090380701659	0.785150854169434
-0.726180409259499	0.699350997097219
0.71631480071415	0.578303508303322
0.314606254949064	0.187847470107125
-0.179637701292789	0.143604162548834
0.0534449901346807	0.0426108704156225
0.82060389863364	0.97256789440535
-0.340494336256973	0.302415359852471
-0.0940278147721473	0.0684368110225579
-1.35664723672691	1.35589492940714
0.269727709716514	0.227901227021731
-0.66113951011664	0.646029908746381
-0.644221994776995	0.579093787354762
-0.0768643480494978	0.0336174797575036
-0.324861742072852	0.268389439535675
0.290097027975006	0.210814977354084
0.387954324688328	0.318774068602035
0.836183555351849	0.839614446879148
0.613852224226785	0.665428828400244
0.349179283191181	0.176261129745716
0.898347866799647	0.768321781170968
0.382339821890292	0.426152797829325
0.483426335865107	0.589015316712959
0.45711039128366	0.51518721342255
0.00165832707043	0.00113287430596142
0.321086518304935	0.34490063078062
-0.342189447853227	0.207845265175349
0.426393633919265	0.172449504151539
0.31109628385075	0.187336530585524
0.565836730012237	0.449030893806695
-0.0416837169905772	0.0199027005408717
-0.809902390467942	0.627628406759498
0.35418857754747	0.321577242239364
0.534006832229243	0.310037673182925
0.288260895654598	0.194388771281956
0.311274496390965	0.162936429210937
0.104978533712836	0.0828289419630089
3.61956389250147	1.43028882967321
0.356555236619871	0.178232044751163
0.165515089013818	0.125572989964156
-0.248763944138861	0.288841117522412
0.309962810647918	0.188116955312448
0.125751330032422	0.113322240336107
0.120887289657255	0.107879756623983
-0.175115077166345	0.139398597271743
0.0638807553499889	0.0549481902017846
0.19129033582039	0.16805546393624
-0.0777782846899259	0.0648450504186372
-0.547571473413652	0.466843718076787
-0.66326407180244	0.396558982149403
0.0426093435515949	0.0329340746898888
0.776335847837022	0.923595144791246
0.436284518951211	0.310315194651855
-0.803261333776964	0.879783931420091
-0.11419254777166	0.0675592242602178
-0.430220080743969	0.369911203359978
0.147325629287354	0.0894690558933234
-0.599896967270617	0.596438032056942
-0.0170636170089899	0.0115370474392724
0.595076398010853	0.66122870483014
0.632536331508716	0.575114437530438
0.33465951026408	0.31775673137143
0.432884141657022	0.428430866118178
-1.03516382125545	1.45362356524952
-0.423964660340332	0.532592053148448
-0.225736767732837	0.211941674577901
-0.0832505732423545	0.0702911144852553
0.552360271600959	0.544181213783395
-0.205280681743678	0.161228582748177
-0.963748674886442	1.03517705063166
-0.876597407841204	0.960664261709945
0.045815627312634	0.0289831542820246
-0.472621011019281	0.44993747281801
0.777334993612381	0.8193355420613
-1.50848634292592	1.95722803359388
-0.0748083009331427	0.056692145193811
0.285292554964159	0.215714416357374
0.384870702615937	0.173164586766607
-0.557487699626768	0.474146757317301
-0.400004662615264	0.31785003946981
0.97900144766858	1.34954657203116
0.0177787248730747	0.0103347088523812
1.29916257326112	1.73526018508789
0.396102688793751	0.424126327831553
0.60408547750167	0.568620976832784
0.401957524948722	0.319403322705924
-0.284849976120783	0.237521435912293
1.79870242510895	0.701115077526403
-1.54186427014847	0.562391050588268
-0.618397831815229	0.301518973288696
0.356958345200614	0.179087699804937
0.352883723201303	0.175408788249176
1.54992724374578	0.785062078842457
-1.17413409934626	1.01998505468879
0.157445702030013	0.0900124210538831
0.32617615279734	0.178951776315495
-0.0713520043076722	0.0310964022330705
0.494981147295102	0.30967271384767
0.49991679292187	0.180263240660553
-0.376050641505638	0.110143849291774
1.64160410994382	1.52402446533369
0.641203436908402	0.204828865510354
0.640658905761581	0.203950748563405
0.701921851356781	0.459732610970839
0.451007045967666	0.520411168101106
1.7959287507101	0.710356981550796
-0.24146340478103	0.15720136887256
0.161427091827778	0.125342069609545
0.0687234835504978	0.049597198634596
0.21344835905854	0.212790095805625
0.214682406953194	0.302519904219655
-0.204763549626233	0.300972660044938
-0.420695834886698	0.431379888692741
1.22620767887094	1.1895431130589
1.55479791616394	0.782861546376213
-0.614851768581098	0.292138552947177
0.843580838049647	0.610493442725405
0.136021558207427	0.0586413438510883
-0.346809825079294	0.209127384572803
-0.621027443394232	0.302025636916196
-1.04965581966949	0.429420534826054
-0.798418935721475	0.516565951349868
0.640204384260695	0.202440736609696
-1.73391652383923	1.4310910044224
0.379584107970299	0.172083520701777
-0.205460643193944	0.162092087095033
0.0162541931473567	0.0117113234857398
0.838221404272902	0.598482461823752
0.175550799608181	0.124929721033439
0.101976722993122	0.0804244109674665
0.107288863849546	0.120328661792506
-0.296044815735874	0.322458424235333
-0.595593771390424	0.437099358671867
-0.24886804239255	0.125392435615665
0.144530799875238	0.0696222584588446
-0.31518855263506	0.145872225877924
0.144319070937244	0.0539613571661269
-0.626838523946777	0.302387554560819
-0.154763839900448	0.0890247102962988
-0.436124130651588	0.419725621722578
0.984012208191212	0.800415102244471
0.155832758222724	0.163382570151607
0.161078270783621	0.113854614807404
1.23684437374724	0.850763176053211
0.977692859260879	0.780724189935545
0.699775370148831	0.444793828302235
-0.541486546335587	0.211448846736342
0.299712620965316	0.19234652257407
0.28192753143978	0.212677011433795
0.980671630757751	1.03902074226926
0.694035740786639	0.702501725259111
-0.717281407821475	0.647357894436046
-0.0787322234453935	0.0340100919520644
0.291689517579859	0.186168354849417
1.00584278548199	0.382668190967484
0.810819272083354	0.33669883397869
0.129840797352239	0.0445844341304171
-1.18092925200274	0.674823559358097
-0.659391095185893	0.158977027492346
0.134196458780367	0.0397046446216347
0.698277912875526	0.452239705611334
-1.61349840374057	1.23333175424534
0.498034366747092	0.177582512084549
-0.042504409030576	0.0201674849339689
0.375904753812778	0.169595391952458
-1.80211551800213	0.40518546889285
-0.254249570620129	0.127453675096902
0.141666634051722	0.0357514933011427
1.42719460355007	0.477448564652232
0.320321485080044	0.17611451783085
0.656406733049974	0.861858347248968
0.131708715990167	0.0395807956970691
0.144353038759108	0.0759077980652934
0.140936367360209	0.137971941451861
-0.153877503641061	0.182558255297597
-0.258977503244287	0.374470576120982
-0.303655828952616	0.223649938433875
0.455530431660079	0.30671902016056
-0.0676922922163104	0.0298403586426306
-0.79076301318948	0.352699537353671
-0.249782072043211	0.125680234297501
-0.47880163598974	0.322793042889313
0.796822032336151	0.339034428445647
0.784875692082471	0.469593946103893
-0.371963944093828	0.110621992809151
-0.25288373877213	0.126604571381064
-1.54186427014847	0.562391050588268
0.133606661613399	0.0514748615616714
0.882645621319162	0.474804462161909
-0.730251881550865	0.763543376581121
-0.9934929345539	0.98881649615696
-0.942619572925424	0.691693968478902
-1.45499801671545	1.56651424133082
-0.404199211245426	0.361503957719839
0.430042414431217	0.610947198719092
0.199302345040439	0.173479122212309
0.869083063749664	0.87229975180234
-0.0846363373296633	0.0361351633861042
0.125296430785151	0.0426623300035241
1.24563223569958	0.854413991300148
-0.65870917811921	0.391420909984472
0.637110020884382	0.202981575807905
-0.137314778673902	0.0967995318736155
-0.0957990628165437	0.0591125961793675
0.28942657938757	0.199312178742737
0.420233155836379	0.431055038854748
-0.0690849124849379	0.0303508753665153
1.04392451247498	0.508766194763748
0.348282302911898	0.17563749575115
1.01179148986041	0.390812379931115
0.15149301524631	0.07975270707057
0.147027102029653	0.0775490313019242
0.663568704309411	0.691379605595713
-0.0140029042614429	0.00955215339137276
0.161574237394693	0.115389412263095
0.962907236093108	1.35913117487737
0.729913930396949	0.788942623973391
0.0596268400637801	0.0387409422080619
-0.524981182585384	0.568573718132145
-0.166832891529579	0.0608169340101326
0.136087829091375	0.0588774350992748
0.135557135793726	0.051470758559678
-0.665937168985309	0.398102144929065
0.310891810582693	0.188409850015462
0.768791203645738	0.442689788192494
0.0849849917639333	0.0621278275544579
0.631996859342238	0.569335113694334
-0.0416837169905772	0.0199027005408717
1.3785269240291	1.03982329214537
0.351899265998224	0.177155337157001
1.44394729819809	0.899076046888398
0.640105850465034	0.203838328173808
0.126565388852724	0.0378858273324485
-0.289247972051651	0.185628517462437
0.138547275345784	0.0347818496624983
1.3048691446356	0.580886125685909
0.65008833873126	0.456838599034733
-0.877502883212844	1.26799892203252
0.427615653400743	0.171494994691856
-0.87884966460827	0.952276306635433
0.799821312383683	0.341077504348771
0.385237491247808	0.434991233660926
0.0003652945508519	0.000457533811674785
0.0412218600447434	0.0360068795446049
1.05163219233383	1.21107129785226
0.324315672221405	0.180531823458249
0.709432133197485	0.458717060692198
0.936187638337739	0.625735587957596
0.156696803841101	0.0958380163035193
-0.0972845120574541	0.0599963594826942
-1.51003354156156	0.780251715305574
1.34669351229513	1.20596124148734
1.42778771820067	1.59769785683949
0.330995025660395	0.18302889555091
1.52426842556228	1.29092866942842
-0.318367864196796	0.147533211993386
1.06980522646643	0.652233824151539
0.671031040534801	0.587648579469043
-0.202029553877627	0.138274057295737
0.664250938184988	0.569767151847269
-0.292685155661654	0.186253316453234
0.69846590324712	0.885803001267527
-0.32858067244893	0.34023407260227
-0.134331291553461	0.109195267483884
0.291442381781923	0.211081224723416
-0.931502211283312	0.662871267864539
-0.422222801272619	0.29072098856012
-0.243900726345408	0.121468269834104
-0.90526237982422	0.854566958174678
0.343673469699336	0.165548214030506
0.00949040112835629	0.00508110776165462
0.744190293049915	0.828782520351345
0.822868898513059	0.728351784179572
0.122710512456235	0.109222065961305
-1.06210715285885	0.849942262882242
0.67498020267354	0.313009100734809
-0.0208294203683891	0.0104766374782366
0.156387828782234	0.0954513619186383
1.02174931858298	0.960034820257476
-1.23758602509837	0.933705316799553
0.335442551321934	0.319769934650676
-0.810068578522376	0.539213739285745
0.428668001950802	0.303887610643114
1.15621266879531	1.84317466734692
0.762448770238832	0.929210674689519
-1.05384695295636	0.432037760899314
-0.248362068260268	0.124878834940163
-0.539001335022026	0.207686338514741
-0.807665418662188	0.537227198676805
-0.664033190329072	0.393595376345058
-0.474859779791701	0.313536004779013
0.650317848992069	0.662656248559456
-0.809267864460329	0.698659484399817
0.277378327596767	0.210078493352415
-0.415020207614894	0.288755002800944
-1.07149317954023	1.14152795529675
0.97298115387331	1.06004077891303
0.138463062972107	0.0534009200476952
0.505766542576991	0.183848744269859
0.935231675535258	0.924992794492036
0.925979622549504	0.243736825113843
0.637110020884382	0.202981575807905
-0.476915776143418	0.511514016614051
0.166364032467834	0.178228921448503
0.808596719059427	0.341954693942453
0.824101510314379	1.22445740441553
0.155688307424497	0.101164269079095
0.587334821154864	0.65497470102356
0.165462858118169	0.123080561787835
-0.51994545675	0.397143876747666
-0.346946122534627	0.20624546237235
-0.495881365300799	0.427630487209588
-0.5707823147603	0.52076311817949
-0.323787365884483	0.270209003969859
0.268604787299205	0.224145712641423
0.396450404756974	0.313456789460864
-1.29489242216503	1.56571120624541
0.578906055754762	0.560639595266869
-0.735080689280402	0.710517971793921
0.311779434212097	0.18764230539122
-0.489873667408429	0.321554354525324
-0.519923692504345	0.391696249881935
0.170184599927173	0.125929552838158
-0.272633508738537	0.206944414698164
0.276719361146283	0.217619131300844
-0.620831910387016	0.511005577018376
0.499221251379986	0.535481127314201
-0.29092789609075	0.263571875122813
-0.481374901154808	0.409030506799709
0.449903917591739	0.299515803770746
-0.729855909953516	0.707448571909115
-0.165837246848279	0.1150985273588
0.932315880358362	0.91237125044903
-0.41262076034666	0.236642630250595
0.0939184456205124	0.0685313144352476
-1.07175975427373	1.13966097732927
0.317359466261714	0.171091775175909
0.173218014096783	0.139294469184346
-0.479092893416843	0.320539555373486
-0.474799232915316	0.319982898197178
0.778469712293112	0.609709465476542
-1.05973279456433	0.851788068740992
-0.12399446837941	0.0737380889060491
0.136417100659147	0.0653279797905396
0.0696771349536132	0.0466682888841984
0.155047433229841	0.100654887946213
-0.809728128836841	0.62248030220791
0.886311882815399	0.481039165319114
0.573867541145486	0.648303640680228
0.266534368198668	0.230251358748824
0.133676190897627	0.0451799827147991
-0.49495785811914	0.255894315406373
1.3517905948262	1.22547873951045
-0.593266818062823	0.442254082451274
1.75793303139814	0.977959884839816
-0.809385345660043	0.627315154915188
-0.602512825936885	0.604629711828334
0.150793335070005	0.0925953810185196
-0.198366502600069	0.107142839613948
0.274615493017005	0.192323050767631
-0.868930953053079	0.934917023313289
-0.615167234648381	0.644495838977482
0.67269119583245	0.31120100265385
-0.413723517512865	0.175732979945065
-0.57596947282013	0.516532994289056
0.375733143498838	0.168153743422409
-0.242788883618067	0.0808805347641532
-0.364353235867733	0.324042447586563
0.40263150949857	0.615254851855073
0.533142998032281	0.304154897497456
0.485367943683346	0.303633595535867
1.42915338598375	1.58398590622291
0.836662542032517	0.749869860981706
-1.15216812871607	1.28706647657783
0.0316268037141853	0.0192664016576038
0.407577900468336	0.301542234299137
-0.380321873702761	0.362200085339172
-0.101001824356589	0.0624610965233893
1.28618473890213	1.70045044855354
-0.658237946485887	0.652156370602213
-0.130585117977386	0.0942560821233302
0.160636513717324	0.0979929426653959
0.63247961871794	0.653825143183451
0.0962236720364762	0.0756009627602537
0.271270890784912	0.189918857149675
0.179359833430385	0.139059441661672
-0.32203280159727	0.264485191487288
-0.249015874253535	0.208621912636563
0.783371357780196	0.841937239221991
-0.0873914329711254	0.0541945776074834
-0.264231742793829	0.199720816053264
-0.125908702096111	0.0757218778191206
0.256761352594883	0.221475518313854
-0.287871716169561	0.184709957741821
0.290800320568242	0.199636214162344
0.162077272053912	0.111212200410766
0.656982998611356	0.680183978898459
1.08803441175724	0.806994645042123
-2.35825191375435	2.11254565666256
-0.167458340265991	0.11574368825387
0.149331622911852	0.0788356696126062
-1.1408915557615	1.50343166395402
0.0216823815645821	0.0122978417033763
1.01490493370055	0.960210579639098
0.288870253966399	0.208291850498011
-0.332425351991219	0.196667731144279
0.284652451815644	0.202928504436499
-1.50938429049002	0.77657584178638
1.21300726662362	1.46767385794904
0.403365621331916	0.31753986577722
0.460961727112005	0.427511641116019
0.265991670269421	0.221658961761655
-0.109939286334702	0.0807243227651639
-0.0127561424184485	0.00870420371268936
0.290859419328299	0.200027447552967
0.713324597799695	0.591443833188592
0.268909096884825	0.218750013218805
0.431613510460781	0.175668079261446
0.614551992543183	0.574937328382648
0.346334007015529	0.323564997767806
-0.0441421376241661	0.0287312216349332
-0.205917704113537	0.16171541372979
0.673835940333249	0.316446429142655
-0.320167004928905	0.148103332495981
0.0380251105202134	0.0234399559577641
-0.405992394731314	0.22734977828249
0.289532191870644	0.199635407535155
0.837156550635062	0.756861131272473
-1.02027383669895	0.913871317112018
0.28624295171304	0.205508535786512
0.377243704877804	0.302533929965146
0.28967788332101	0.210567342483699
-0.208095190365307	0.11210132280556
0.589908312807785	0.308029577380059
-0.114876388524825	0.044656040994035
-0.218059264693316	0.203968580736772
-3.770040500817	1.52983951262272
0.489627743914228	0.304639518185714
-0.0211158005039589	0.0141949520230607
0.551842384926124	0.718621141335056
0.886661404891656	0.475115800760934
0.362849122556888	0.434043068981878
0.545615578168987	0.53600034867758
0.710146767286058	0.804074288580059
-0.100935901470819	0.0731595747581796
-0.401097447139419	0.385334300800697
0.517731433386655	0.441006383146146
-0.549640649748751	0.469294411777265
1.04476355419467	1.53314176241359
0.272088479780916	0.211390947307247
-0.33265829066223	0.303888981311531
-0.256586248326022	0.232755489302786
-0.263523947508393	0.239623880079657
-0.362556515932794	0.326750885634787
0.174989298693431	0.139012933800886
0.0815366134943484	0.0576111093027932
0.180446757867473	0.138516441336777
0.499817226985854	0.429738640972233
-0.966395693342048	1.04373013248391
-0.500282927220027	0.509065334466562
-0.732089888774853	0.757701682357251
0.161313571188749	0.123062808276491
-0.426781047738511	0.402724968083266
-0.104218180632328	0.063480450624311
-0.357317447772243	0.321025008036925
-0.52281649165061	0.397787678580171
0.878679377886767	0.901894073696784
0.00107531676819761	0.000746503281966643
0.0225122575234806	0.0130837464022358
-0.367669457031179	0.299220259079512
-0.568179941217269	0.51521746554619
-0.354565193551994	0.257020795956255
0.296272836268371	0.188840611240916
-0.353470534908685	0.212646540162959
-0.272523061119162	0.20588189646558
-0.203513305278839	0.139297330606869
0.493604644715661	0.310235000328025
-0.491089611991763	0.424996068199399
0.301515468179879	0.193855246584162
0.596634497561414	0.556553277567637
-0.805541303951306	0.629937309416566
0.802291828206662	0.339135616468798
0.176718758891779	0.141870519290165
0.291186908859271	0.217382541578204
0.94780817104074	1.13376673104286
0.275797425606104	0.205537932440627
0.09918319392174	0.0772003098469187
0.406469009978953	0.408906335183848
0.372605222827583	0.428962612552284
0.0945720897266427	0.0722145801242425
0.551216662964471	0.550624076509431
0.946525050546049	0.634850535569353
0.393327471234771	0.308829510291617
-0.502745980685345	0.261283988390954
0.890188645393915	0.889625450381865
0.320812721260702	0.17598642859084
1.21608644129601	1.32709338131702
0.70266962292136	0.787823005427887
0.0420779832887724	0.0258819393143863
-0.048193685597089	0.0225836579890081
0.857532948254071	0.609622264977485
-0.270687130231761	0.206190390250634
0.139486703267534	0.0671298388618181
-0.110365838315129	0.0444253483088259
0.344128149377811	0.171371722497503
-0.569458236118268	0.518468841334257
0.135568968576203	0.0339891491304889
0.925979622549504	0.243736825113843
0.278804238379243	0.225607370203439
0.232976124579351	0.268887790071193
-0.014191332674503	0.00723902008983431
0.566142812331681	0.642065746452991
0.639329222636839	0.203514926064791
0.860459153782145	1.09578616653043
-0.0564241879114453	0.0510973073411439
-0.308155097918508	0.354327187269609
0.384322955723318	0.315658733885024
-0.36111512168869	0.251649733293156
-0.285881074601264	0.178264288361981
0.391751703604542	0.323475135929654
-1.23063654443628	1.47012153935171
-2.51357460401726	3.46430612742125
0.0631845642377286	0.0427420853563321
0.555521648447395	0.546788883279299
-0.421486461997143	0.237828892611811
0.0306205971072565	0.0175328625131178
0.520871163211984	0.431640189207864
-0.304460461035557	0.223730838541318
0.152391455599195	0.087690336953099
0.367397148277118	0.310902357081263
0.480614363025815	0.432002361957043
0.159953063500793	0.113845534813848
-0.244400634953682	0.162364125271833
0.49102911273462	0.441294015227178
-0.522308552241263	0.628325117915148
0.401216300205072	0.319850085543291
0.635813691363997	0.449528123439095
-0.0253632314876945	0.0166672538748932
0.311061756392521	0.185995050354369
-0.0911088822807273	0.0568233049327207
0.584415277857012	0.56665862943952
-0.282465496802286	0.177009047102549
0.289500024638396	0.20783855219699
0.398193631362386	0.316149667460228
1.07345805602227	0.660262917927264
1.15556618425686	1.74664865447461
-0.656430765070812	0.384886587059715
0.149613397538535	0.0906766639519719
-0.199185096949918	0.106697962443934
-0.682790109233623	0.478825907822049
-0.243326497910291	0.161124762510648
1.01398176237284	0.388014010752976
0.268150703872631	0.217417788621482
0.786809604419951	0.734642139906507
0.840885738395464	0.76186584419742
0.595481158613849	0.306881325648584
-1.2476078727714	0.923151881441089
0.778888289502675	0.464208319779417
0.144862610021456	0.0755178258979367
0.308385501556997	0.183263885210033
-0.25225481723817	0.165819702790641
-0.284736490885651	0.240985186789595
0.772048392904989	0.454504086296581
1.29430699884573	1.8018815503236
0.733648089646786	0.721694049818719
-0.255161064171949	0.128589826931615
0.677995269532639	0.595092556694085
0.134176100343271	0.0517130992440637
0.448757289958583	0.423212309132481
1.94566305356378	1.20384244961786
-0.24719790593737	0.0805385913924315
-0.0421604829303722	0.0272072311089691
0.270140353070573	0.308826868186529
0.785207504996332	0.450160699196997
-0.0333308843071332	0.0259961979903719
0.352337612143797	0.425206757135743
-0.715291696088874	0.640252190338206
0.153647117082763	0.0943986649147196
-0.812633074294443	0.900275863240767
-1.36965936319597	1.60746354525218
-0.16274642228327	0.111568990212233
-1.07431766848591	1.13647676739365
0.402689683746224	0.322070871634411
0.0209311622631311	0.015579905186186
0.491704252865652	0.437893790012516
-0.72411609602217	0.69359337255557
-0.426387405041276	0.407830656444725
-0.451257540380298	0.354596340656377
-0.306073007044298	0.227611001489051
0.393380018416277	0.428587268408341
0.479011583785389	0.425117150677227
0.268892408035531	0.222038471031053
-0.259368850929213	0.19496292412782
-0.118961461081802	0.0708678156029886
0.404860316963137	0.425109006042103
-0.732717217987016	0.761385791356366
-0.271097457988929	0.205991361495127
-0.0860023770162143	0.0524523296149445
0.283082916886713	0.192345014113001
-0.685046870698169	0.480938861401562
0.306515795705301	0.198478803483925
0.530771118084876	0.446100001111856
-0.238361940023926	0.182242948803887
0.618983508118929	0.743418451551612
0.944683072553827	0.636828756468652
0.172885143742676	0.129132794309464
-0.348695897678806	0.211161805093191
-0.562267747853792	0.359397253614964
-0.170808788420216	0.117147045576896
-0.600663025711335	0.443052018989155
0.27790749802708	0.208135525284379
0.31138562830449	0.18683691201304
-0.0638576828294621	0.0406273427419672
0.828135056872297	0.87721605777021
0.888387974329828	0.479986838285812
-0.159755418697698	0.0908653793120886
0.629048867662535	0.423224746975051
0.724901814640558	0.606146438622608
0.310406912414098	0.188019958792532
-0.163480870540892	0.144972254035927
0.189072117417782	0.163964038054089
0.293716075457304	0.203005082193024
0.323656640739544	0.312106331633603
-0.749302856423024	0.878677773035058
1.05576399633581	1.23915240558557
-0.561117113244269	0.352719630854284
0.326133769412994	0.181848147179863
-0.418757457185517	0.427258369307895
0.930671315320304	0.244899140334393
0.128147836037147	0.0435000014167392
1.10648083748634	1.6993470002522
0.0295181837793457	0.0282630920152964
1.30794851328162	1.68400333318308
0.0338437757948679	0.0208548961915516
1.44637801096684	0.912150936562615
0.270875844918393	0.217238209539841
-0.880204136909567	0.958664631260125
-0.66389626680183	0.702195299964434
-0.467183532372929	0.478073187655577
0.27532608942191	0.220861783442296
-0.585035781976321	0.697501794424933
0.693717763486312	0.696653348515287
-0.54969325636079	0.64803586155135
-0.46496814165749	0.438439192881729
0.0431813349684956	0.0339817268227413
0.44934895533865	0.437340883428218
0.17620640169475	0.136680398695613
1.06776527093891	1.35546086547918
0.161016032752522	0.109906178932951
0.173234366600456	0.133321169592093
0.514872877633143	0.53863720040595
-0.241345677882566	0.158002687207705
-0.0904335532674905	0.0555386039415885
-0.343565871399648	0.210036308399265
-0.937878506744168	0.685968487456181
0.509042052522279	0.311216244551695
-0.547866359873825	0.46203226441656
-0.637381201410067	0.584671977378362
1.333195071763	1.39838099878751
-0.462071331722968	0.363306855850739
-0.0133100535800515	0.00898110818184577
1.89571270087133	1.62495597627386
1.43993135775954	1.98858053833582
-0.264878576912033	0.201434473810538
0.32606294630262	0.178046182421528
-0.399511242594677	0.353835846226815
1.42971748760634	1.6060090323375
-0.345081114738369	0.205174433703973
-1.0652813228897	0.852638836035703
-0.291993330061483	0.245606608019002
-0.0624401988990773	0.0391976184306932
-0.545263178660646	0.20858840398643
0.555420253526643	0.442093381130638
0.490539166270532	0.304780488694151
-0.0644357305033115	0.0282701094820043
1.55173884031121	0.784928292248589
0.164584280429735	0.112913256421683
0.603446479241276	0.564966771391731
0.94555599344828	1.14425128152844
-0.0387423648227517	0.0253411552319451
-0.533554890212061	0.671437585360361
-0.54168527412731	0.545494047063276
0.163178943954932	0.120649614143083
-0.359362013471177	0.323105322109423
0.168885403859207	0.133937353234199
0.0629940571888461	0.040544968364657
0.977998176900399	0.742396462469518
-0.944186045210763	0.690835863200531
0.0477163541995699	0.037896024500302
1.30906895135202	0.585546772041702
-1.02382472284872	0.915078507557855
1.32184025318884	2.38452058882195
-0.175773843463796	0.226853784524357
1.11003406081428	0.992605632379109
0.387569615157747	0.321266513246827
-0.4725172983521	0.444742294426428
0.324781760992693	0.180634988333801
0.0111918302603123	0.00764626999080924
-1.26135452674433	1.91873106705468
0.448544129367541	0.426545601643595
0.259552026774471	0.229712154331774
-0.229300326837493	0.174697967041318
0.198388139344088	0.181674044023382
-0.224470826240173	0.208266666008248
0.0710847121897535	0.0510943657852317
0.276473994145517	0.214765057342308
0.177702872090113	0.160876222812697
0.683381181383155	0.788313145368832
0.0219274102328954	0.016434000046249
0.484549252597848	0.609159375475618
0.256781673528447	0.247289420936072
-0.0623858943269611	0.0473881351062527
0.0743396094529782	0.0521323602991822
0.274315246617353	0.206538646195925
0.395324216382745	0.312773324997122
-0.292164333014313	0.185700192365487
-0.0141448951061282	0.00726423083269828
0.00860743392754095	0.00464742450848465
-0.390875815778526	0.378584695981333
0.483243105641538	0.421226795724149
-0.470591419791387	0.446771902250834
0.0968672126668104	0.0733208638050268
-0.270984162473452	0.205322165570231
0.0751048338704983	0.0530860041183719
0.719059557925278	0.820065452327758
0.961009003195982	1.03539838542468
-0.0446548445765181	0.0208578680851662
-0.47433859389227	0.452555072242225
1.02915653175861	1.07506803380014
0.174332656662829	0.139030967393266
-0.0754532308711152	0.0483557150483611
0.103066013987815	0.0806361175671191
-0.234270054902368	0.181370892519876
0.297150362307842	0.203367307846914
-0.126552908450935	0.0915207770475878
-0.0532507226804148	0.0406817143609338
0.303262235084122	0.180160276282819
0.131405301493996	0.0450882414222608
-1.2999567634103	0.607427613348062
1.01300952249959	0.38025263704018
1.79770278509994	0.709688375349796
1.43108326772595	0.478167346987275
0.348323543612613	0.173161677412574
1.2231069075825	0.992112878908891
0.434666852238618	0.313637716941925
-0.0339578117999488	0.0227211122628298
1.34827941880348	1.21887692302718
0.310406912414098	0.188019958792532
-0.10430122289864	0.0946502939168288
0.169692673964505	0.131100742187136
0.432143441692713	0.307925974066108
0.134805989322041	0.117135676925709
0.263025485668944	0.213239749508717
1.36302268932031	1.95590173678848
0.0676366108292068	0.0453217637007427
-0.898882577017309	0.84835707582967
-0.736855663711999	1.07426569428489
0.381905049599173	0.172892482576281
-0.410050423721242	0.232510931944679
1.01724679255904	1.52092814972516
0.422033303931956	0.71019855612054
-0.198283051067441	0.133008627712081
-0.0235670946606982	0.0205215469162473
0.305592308016223	0.183162965670769
0.00513585790764774	0.00281422132891367
1.22216809492222	1.4683858991725
-0.502753905494905	0.265090578606747
0.286158672016787	0.216099243096616
0.272528276496143	0.204847371142601
1.16976386988073	1.9563472075199
-0.554651457003326	0.584783848158177
0.0555138919139379	0.0463298310287395
-0.406124082717495	0.392068012923961
0.264724275461379	0.204868930760365
0.927844838477405	1.34124723356613
0.259666026519273	0.249637392851843
-0.233833040568625	0.21540062534702
0.127554078244361	0.113786557631718
0.609150901915536	0.739712822649777
0.273487555840083	0.205178621193259
0.375822888771073	0.326646803437707
0.000167509202139318	0.000101781563214778
-0.364248293737354	0.329582847565138
-0.044264111582435	0.0210638114695097
0.551108462604175	0.548013219563558
-0.202215318862506	0.136482073356696
0.588354737227033	0.538432727371586
-0.364267133734813	0.35604096790035
0.445126884607241	0.418294551181488
-0.885999815123266	0.966664345622099
-0.256864177696868	0.191271436819922
-0.0930986274383681	0.0684637527045767
0.0495978923785966	0.0303047886077475
0.163122770121607	0.106598479346686
0.6891173024811	0.678757855135031
0.26451136775004	0.194667293136777
-0.156861469634754	0.0900493908411425
-0.889816347837534	0.801765624368676
0.576342871185452	0.550500058438109
0.272697660976795	0.214014182258006
-0.608631741432244	0.648961571908327
-0.554970035135191	0.582267664283582
-0.781575757374397	0.348492799953545
-0.118808901046353	0.0863984029037409
0.0417343142942472	0.0257360158631884
-0.167123630546832	0.0952086580761398
1.25625140893093	0.697097709827454
2.34304675678907	1.14442372912483
2.08526761690588	0.934231422296853
0.505613336905451	0.608675483094618
0.849971842054051	0.611749575543415
0.333193545459479	0.182939059786337
0.165348791307837	0.122245151967151
-0.12947735442679	0.0775554446981176
-0.0398751284704776	0.0191285021368635
0.0345658213004679	0.0197827200870655
-0.0857647044580921	0.0718727482579419
0.0907200671251587	0.0687370946812239
0.355391713998228	0.312594735097617
0.158555698074936	0.101984709556799
-0.360843861211859	0.326180002187032
0.165814752143945	0.107308602899219
-0.157519986185398	0.0900572372759136
0.00983160414134004	0.00525087249208387
-0.103309011615648	0.0764684454778806
1.01450619014864	0.381688299080763
-0.311258601549596	0.142751714804843
0.343955069469498	0.330319773869729
-0.00768481130660706	0.0077386159285107
-0.348695897678806	0.211161805093191
0.397804204999911	0.487422317994859
0.0340232462634237	0.0262361365103952
0.693266217514531	0.684180525130942
-0.0454378858193066	0.0209679175469274
0.405203176023031	0.31883188322687
-0.54658846129457	0.552010801401841
0.0822791251581648	0.0614587978150913
-0.856797774078292	1.10717691879122
-0.272445743487727	0.205006100620988
0.504935980004421	0.592061132557362
0.42893115963308	0.41733665723019
-0.365446074103282	0.348958988702189
-0.624670289489004	0.707399789553838
-0.290855108285073	0.240038226788533
0.573812825755465	0.552731650640232
-0.423434039569462	0.430661083160436
-0.25892361487619	0.220111966750787
0.726087106176308	0.893026894032914
1.17720832895646	1.97952783802327
0.535399753513859	0.442734450578837
-0.105265045561574	0.0779264536112218
0.720928584040007	0.821190983481727
-0.478103702000857	0.321878521940417
0.556043664313517	0.44356344917832
-1.26966908198813	1.18776996537678
0.872162639056854	0.886242211265489
-0.360248649854799	0.291933791983624
0.969942262706918	1.03799053990412
0.498985021692228	0.431202947900439
-0.0511607822863811	0.0394383464968606
0.00694173410322023	0.00375655804635528
0.181094287521499	0.14986670543113
1.0639340032382	1.24565314321668
0.16005378791683	0.109276194760861
0.404622063798215	0.319806628928284
-0.200364722078495	0.136428174568154
0.146779442627304	0.0841887488842592
-0.251357638186611	0.165516580155347
0.969832602185178	1.05219552866474
-0.492143270949342	0.422518635926995
1.08183258780645	0.651678631973529
-0.520739680704891	0.625094770106978
-0.222385684094235	0.218405493343581
-0.140998858679156	0.124788625713413
0.800870945134033	0.33934509997196
0.135931183146639	0.0408601823442341
0.501126136756007	0.311955968040672
1.07993516682533	0.648019729761218
0.34689194291272	0.174756289870083
-0.119685652791918	0.0718940842372099
-0.561128935845817	0.35841533564908
-0.4076770878917	0.281664348205989
-1.11569086875874	1.09726204432364
-0.114193802487475	0.0673266944599264
0.891067259594238	0.752238682278917
1.7959287507101	0.710356981550796
1.31094944803572	0.585633714178286
0.137790482671227	0.0349173015404508
1.3910657663467	1.07192675451941
-0.931375148989246	1.14484379871792
1.40453656706839	1.71770753445636
-0.0584776326355427	0.0498729928600133
-0.00280914052697326	0.0019211402151774
0.135195559203618	0.132048466497217
0.837818822046488	1.59854580344337
0.418874607716547	0.64010157255863
0.604480740579807	0.751122066760635
-0.242184725425832	0.160560775720498
0.799290226460679	0.340854272095793
-0.0109185484028997	0.00561092845828552
0.428342890838255	0.307610117021225
-0.615061505014282	0.295478968621738
-0.406318393411611	0.171743621303023
0.886494783924782	0.478709653891414
0.989278091204328	0.802247825035612
0.378854776060935	0.170284004416968
-0.107030676983149	0.0432926976170955
-0.319653077990966	0.147588845989263
1.22280052449941	1.00761215226101
0.667870249242637	0.689520809307195
-0.262162155985463	0.198754996309009
-0.0338362899102634	0.0225335321963153
-0.394358165033036	0.312739515992663
-0.183223933046796	0.172758323835009
-0.264733539464719	0.305285435111959
0.170901177819598	0.143652584365153
0.358591527423697	0.314479418320918
-0.000151224093546935	0.0000656190934991782
0.152463042457211	0.0878166609173675
-0.991555896170336	0.495824086494421
0.290311475495312	0.185167412254735
-0.801968762639142	0.434346598814211
0.306797011546582	0.19695654185473
-0.484117627234625	0.410397401020746
0.411749529924624	0.313036572894581
0.630614252550913	0.915203939988928
-0.357786116166076	0.291746961071988
-0.322099928047886	0.149919382475623
0.133743144680782	0.0398540974543432
0.143236302158225	0.0760708521382788
0.640911051680955	0.4525706820375
-0.203845174737973	0.110276580621657
-0.252462012025017	0.126531204522251
0.132285070138854	0.0571628066209519
0.0243543690772114	0.0141741991676495
-0.88533554131558	0.907837327121211
-1.36414210521828	1.11599720370494
-0.154713481463804	0.135384359981442
0.563737478193157	0.8525148467134
0.557398608320699	0.439687070340874
0.166139619392819	0.106623972425008
0.136989442351956	0.0529527438983794
0.162077272053912	0.111212200410766
0.720904435569147	0.594953367076248
-0.336799263590688	0.202337470104283
-1.26666733703878	1.18223601554286
-0.444881856135931	0.392303071640108
-0.548541236434767	0.647347461550184
0.00732193967280639	0.00533272073078115
-0.809439291908812	0.699262617937635
0.380722555200797	0.312548699722986
0.363448594526805	0.406126916762996
-0.574084457861501	0.518211265462425
-0.160124101584689	0.0918211280058421
0.772030583407999	0.608654834344825
-0.166842744164789	0.0610133970783203
-0.588569337057582	0.58472526960691
0.191252748984059	0.214946029033906
0.322308401414187	0.337768576468427
0.55075433183225	0.432326513319882
-0.452951708644005	0.456221917381419
0.523330684257328	0.695150147609121
0.153652059984223	0.103308949597694
0.52329895072804	0.520384634546215
-0.512563881198764	0.389989706204981
-0.888616296916518	0.963092220022498
-0.640382704045337	0.581844773784592
-0.56966447042885	0.521935208782784
0.67188889449972	0.587833772410001
0.696170297602277	0.862680482474071
-0.0542222139076788	0.0353946293555589
0.352603415269785	0.32854630960554
-0.230420471251749	0.176283058209479
-0.205583637130941	0.13877487870465
0.704062665782657	0.788833583302564
0.0266095076239436	0.0198926043124591
1.02070332966448	1.3253934785234
0.281471238166255	0.210731753653589
-0.671124692292561	0.708820340152455
0.284439111305233	0.222137571438249
0.0904072699937596	0.0662669060200964
-0.312081361489646	0.257628666236608
1.0337030422497	1.44176122229146
0.268627068219294	0.209428373031743
0.53833329972108	0.550188812499974
0.16389749190523	0.111011914348126
0.371136716992043	0.317863278932708
-0.25308619630866	0.227762288788115
-0.449334066991086	0.457065985441512
0.288449972058927	0.208274869335957
-0.356141086635571	0.291878033710877
1.00634409047473	1.27149716578078
0.285503088260231	0.21574567767645
0.161736633259508	0.104927488203436
-1.36738489046291	1.38065625227733
-0.295358237487455	0.187410352813427
-1.20373928218215	1.25103280715836
-0.321313189969456	0.375271432805439
-0.334683867591617	0.409408759798473
-0.997787806977807	2.22018848041484
0.549063990019936	0.725845194648755
0.263722130642928	0.248837199525424
0.0413672022558936	0.0320237086587979
0.190418428617482	0.179909720688906
-0.358469888622612	0.464705636319161
0.679979134643221	0.960877870000778
0.133578614466601	0.126002678685181
1.3046647497699	1.48648332466877
0.455319633387178	0.302312421322764
1.01179148986041	0.390812379931115
0.143634190188002	0.0691358678413954
0.637110020884382	0.202981575807905
0.534068015722224	0.305559216021576
-0.115998485190889	0.0466372210510191
-1.18253585949685	0.669782930769524
-0.556626933725027	0.358194568374582
0.289003783746152	0.199295977148743
-1.69385133624596	0.952969144794185
0.72556214685376	0.600984487614716
1.0875609852887	0.808959724833396
-0.252497309022547	0.128271921232759
-1.29552816328236	0.594102445823174
3.91337671586789	1.72666008519133
0.926974875419701	0.246284209674963
0.300784478464663	0.195919906397695
-0.254244493606317	0.216607355034934
0.642202725024316	0.20486814652215
0.272261912002436	0.213331502936533
0.57041444392486	0.544903579366543
0.299556127446707	0.192255325319153
0.815640619015618	1.29048519760429
0.32492838059799	0.47296895655217
-0.081859275263761	0.102130868128816
-0.223586647084028	0.192413027699155
0.149317377634216	0.091382633126065
-0.196055787727464	0.105711631609056
0.136917599440364	0.0590641259625537
-0.204570207462974	0.110821441958206
0.701954195275745	0.451515343386521
-0.20004952971879	0.107136612847168
1.09290326701328	0.822751382143306
0.15818535988685	0.0985243475252024
-0.16623824947282	0.0610134655693771
-0.0763725913316967	0.0334157346121913
0.593014728941501	0.303681384970911
0.490935435055909	0.307189855621976
0.291495229679928	0.198604459409406
-0.202151313549497	0.110185310353364
0.531415442422179	0.541852032814557
0.281523050675989	0.2270117002286
-0.0691497930096645	0.044142902340395
0.0263399382409246	0.0255017072327511
0.12343741338426	0.102491569314802
-0.452120481516549	0.355164203168322
-1.0503083341063	0.830135003839861
0.699659372116484	0.458571187270797
-1.18052553935179	0.66485771794002
-0.16950824203859	0.0614190007857037
0.489825378995787	0.310077169962335
-0.526782838937261	0.394259803366157
0.182289000193092	0.13515687462114
-0.810962737699017	0.776082003682264
0.146369592713331	0.135067624982953
-0.113930336932162	0.0817722461391262
0.60207802159842	0.449688735465724
2.55011240050632	1.41512015624177
0.899118500420938	0.478583441665287
-0.403198087415184	0.283575060876005
1.04271631472557	0.504331748851887
-0.521270470773485	0.9017942340381
0.180808815133727	0.157521815663833
-0.508374130421285	0.605847156214181
0.0456265644683227	0.0462838322538883
0.202216196455466	0.226921772098264
-0.0473841389236027	0.0491360965177201
0.188136791032977	0.235860847069169
0.66645753299031	1.21217709911041
0.414503537306897	0.579070428289444
0.19229665979939	0.177587569590749
0.167185432904805	0.108175905043768
-0.750699276625547	0.264252450117151
0.139847419253076	0.0352678773972538
0.641203436908402	0.204828865510354
0.5071360209819	0.183347399230339
1.55440363611776	0.780361677510396
0.50902590722156	0.185473067884794
0.682729021646496	0.320084343497108
0.558246648062127	0.439972210065877
0.901211552215774	0.773195623589754
0.143689697967889	0.0763461077186822
0.78618801009915	0.462915639272112
0.927971507294548	0.243537608899139
0.677578403677398	0.314192085892075
0.382904255986524	0.316485491283533
-1.15865836302273	0.356559362366982
0.55574595793744	0.444359980942159
0.435610189267415	0.175668833000029
0.175219303024222	0.140230436126943
0.398455150813998	0.31410694752563
0.695480452708811	0.802148819017445
0.0821453317250937	0.0901320814527029
-0.0596662981328238	0.0652863147999524
-0.665293071318866	0.698343873012587
-0.994540738441706	0.503724321988989
-1.48414532062351	1.01912898241273
-0.243037200359954	0.0794695125621782
0.377336180340363	0.170103151768751
2.11173161561367	1.48787522504603
0.137026016499981	0.0522973104894318
0.591695148558896	0.310575583125333
0.383617837186828	0.173970673436915
0.350112700882263	0.174304196204155
2.7362648978203	1.65945278668675
-0.53927097726266	0.20974189922174
1.05380079122443	0.513210927003378
-0.542485839116513	0.458337854989334
0.308312952130646	0.18494498478274
-0.0180803504360622	0.00914712193134934
-0.409998477425756	0.174852973148685
0.594072293625146	0.445262117845514
0.341247227491475	0.463448271166569
-0.581161390253125	0.653155370604938
0.00670298881696038	0.00366008440546808
0.152471957405596	0.093357825877763
0.129447035975134	0.0552457011137084
1.43184622835253	0.479292741706694
-0.787098914242298	0.351780119515946
0.505524711177284	0.184537045848412
-1.10240550939974	0.742028558700666
0.641803471825578	0.449630235253025
-0.706363122714878	0.575188203508897
-0.115623791817489	0.0948948873311968
0.439729710978377	0.314322393559628
0.589908312807785	0.308029577380059
0.144912225802762	0.0623130032040731
-0.614386323917022	0.298711515778912
0.781201401889848	0.466618674671619
-0.104233352305599	0.0416452400814223
-0.951664584472289	1.38747484346661
0.366360771186302	0.429175573388218
0.137295446958683	0.132572610235968
-0.236206310133414	0.21753945738338
-0.442897456781746	0.44165786344379
-0.1669698645302	0.115204861849426
0.779195100915839	0.844787924664742
0.258310271622389	0.222930114072853
0.508123849761313	0.439073297812362
-0.135365179463292	0.079513827408469
1.0127751373005	0.389769011989825
-2.09495514552012	0.983809814108261
0.129705851940839	0.0500169138857751
0.417213366090703	0.315002285118891
0.308590100752609	0.187052295161613
1.01450619014864	0.381688299080763
1.38119011095323	1.0313849638098
0.0694596844751574	0.0600558452163618
-0.748717096925392	0.26268742708996
-0.116386047894722	0.0846160596378124
0.930671315320304	0.244899140334393
-0.731309238035627	0.709750800597269
-0.735784187992991	0.765860482518054
-0.197830166227348	0.152978037825123
0.098234537731957	0.0764706655900038
-0.0911252517473153	0.07541221888732
-1.71454590501829	2.48174929699592
-0.167048336342922	0.0949445416153083
0.787092730692917	0.463465944722557
-0.417506035006443	0.175034216364101
-0.0884672188334034	0.054793948814966
-0.0695201634272713	0.0307122955680069
-0.405752401653994	0.17225939459919
-1.48980447617758	1.04062873592977
-0.359797287686766	0.261018693841065
-0.10720864032226	0.0423849186477993
0.591632155643614	0.303274448707148
-1.00088595579251	0.501834696131827
-1.16006429432371	1.00831060985929
0.140975434529119	0.0672074332845694
-0.274703591068545	0.205946916130069
0.779859723187888	0.740827413631131
-0.407362738320676	0.281049664066549
-0.000264724860671037	0.000172688196932303
-0.24613492095479	0.229488765480505
-0.351071841969234	0.255154508871734
-0.341885469279007	0.207530319225554
-0.622289603651378	0.521142861596188
-0.649677393302236	0.159121336474823
-0.204345840669554	0.140217952838546
0.137589832556	0.0520946828759027
-1.10277989672546	0.746256747763049
-0.0449627535472325	0.0292876756551728
0.0949380591552857	0.0717086575777188
-0.499549260075635	0.265624759306447
-0.0300612545976015	0.0231848884372043
-0.33773285677162	0.203118452743353
0.132867524080742	0.0622947630834605
0.303951427133475	0.181775280868351
0.853744298209353	0.622956613186466
-0.255161064171949	0.128589826931615
-0.368734126017043	0.108489275130813
-0.0706188461594558	0.0595692868513627
0.34933724788168	0.327895765071288
0.0610518190996249	0.0413902228277035
0.549156957930313	0.543326941517281
0.336743828429383	0.323027994362209
0.325967490031423	0.177898772572176
-0.661017349695979	0.387011181839725
2.09660578766707	0.938544598588769
-0.170225722424615	0.062449292067667
1.26196027719965	0.706774319681036
0.783442860578691	0.740839460464159
0.783906035860182	0.464423658979439
0.887925441253663	0.478254789914584
0.926974875419701	0.246284209674963
1.0556446292072	0.513724636568623
-1.36141194507734	1.34859247411162
-1.54186427014847	0.562391050588268
0.450641537735386	0.298565553381655
-1.36116184301718	1.3609552517736
0.352367600350038	0.307036936762998
0.00709807303853597	0.0048557547018228
0.209523025754928	0.21497318947845
0.280093420551327	0.226839480694688
0.896339018505427	0.481803174956457
-0.556417803329537	0.351146968784137
0.137556978054592	0.0531923652243862
-0.813993481544073	0.538786893410784
-0.693645842151734	0.489499362720604
0.299573324792146	0.21264401381616
0.529977526168851	0.304343681800145
-0.299300019184526	0.189113781323431
-0.544995323112593	0.212530818243473
-1.50630751495311	0.778041179308669
0.376269093145559	0.168466848955099
-0.781796289538632	0.341825060610872
0.0204227791507562	0.0117765825934984
0.563609492374042	0.528236033469462
0.8970674560242	0.780274749898326
0.353289188010446	0.17727009311894
-0.0118505390769598	0.00602721712911535
0.256485031221713	0.237598170543789
0.140975434529119	0.0672074332845694
-0.448082123408529	0.349290279501814
-0.628042970142646	0.518996369172361
0.946558819830809	0.63761725984249
-1.23885749550265	0.940295165343273
-0.931465043911592	0.679286401003294
0.136787561639953	0.0580753872100716
1.22417288207536	0.999911588096964
-0.339107058377295	0.203181830635099
-0.206406617668917	0.111618683409343
-0.238191868451607	0.184623132449427
0.149269661450204	0.0779677429319331
-0.244190797351914	0.0812410173227275
-1.18146469295444	0.674929912549786
-0.414469783033915	0.174687389348481
0.382074230658703	0.17233763635873
-0.193884182207856	0.103828381802587
0.861298890952824	1.07817234185018
0.362287300791197	0.439870871376109
0.036421474472325	0.0344456795613111
0.373595085539529	0.410876507961615
0.484022568483526	0.610063763949046
0.85517384143875	1.0919438973766
0.385049004837606	0.17461081850334
0.374195134240363	0.165332326679272
0.277260892327734	0.209569104421873
0.640204384260695	0.202440736609696
0.127549585831426	0.0385072991721353
1.80171542630451	0.706040065289216
1.5623866232745	1.65400601367979
1.24929621620455	0.674324664686916
1.42719460355007	0.477448564652232
1.42293417334597	0.472946291653134
0.357310348673353	0.175891915204815
0.167000254375398	0.119881875282562
3.25422405878576	1.0988640104023
0.310406912414098	0.188019958792532
-0.650959635012338	0.159168476600347
1.12641492778211	1.14893016528585
-0.806583803980115	0.623880070749167
0.500691952794436	0.533307185162878
-0.397241009819254	0.451723360466397
-0.803178816167396	1.04046820308514
0.162275026727061	0.111351923777851
-1.04921291121102	0.426520143491694
-0.406440967979718	0.171325528504899
-0.7499539562993	0.263513086552406
-0.249315959695042	0.125782769531469
0.883186531086412	0.470378038812575
-3.4747598518894	1.2627547738838
-0.803271155085871	0.438729064074437
-1.17177608018605	0.660446036701368
-0.990990817453956	0.494538248405413
1.30557418676413	0.574374892461532
1.047016010608	0.51327505140288
0.131709003984819	0.0565101722021411
-0.615428382597389	0.294099302015013
0.977520914766665	0.792919887275513
0.535758455932505	0.307863275100041
-0.61348610565051	0.297980365867815
0.416541786220176	0.318904785613302
-0.0401145222945643	0.0372490843484879
-0.180205236846857	0.14366614300099
0.666139480909018	0.577141491138914
1.04703881822428	0.509972446965714
2.55011240050632	1.41512015624177
-1.84215992422119	0.772497364016813
-0.0630449016027966	0.0276711902180535
-0.164403605220993	0.0602516836701797
0.985625124123745	0.799385993137963
0.162837684834087	0.105066395392237
0.428518317050907	0.174046878111496
-0.401557268673756	0.430712507706237
2.01458183911746	1.88303650463571
1.25771770082268	0.694361421920023
0.379229961965568	0.171873047561836
0.793732180175816	0.32942004100113
0.316399141622686	0.170460660713123
0.141109942912127	0.0612078552861342
0.747666525188041	0.798198430498343
-0.802286513216287	0.773433448989979
0.0939631849909327	0.0877957901511909
-0.0114426095854285	0.00989404418238472
0.666688315839847	0.99840446189611
0.0276147084831103	0.0159455273188274
-0.0805151492104577	0.0346580821112942
0.135256291946917	0.0454429413161655
1.43073453209697	0.465378566229971
0.129299133104508	0.0442965545546769
4.16097877385834	2.02236413708478
1.4300525619712	0.473890200865325
2.10984818248507	1.44674049031482
1.30883023487579	0.572795684693663
-0.16839608254843	0.0616855989568125
0.133743144680782	0.0398540974543432
-1.80190156331263	0.405310176911618
-1.80211551800213	0.40518546889285
0.133502874099665	0.0402503094723903
0.469993221167961	0.316716401337136
0.92732486785368	0.24306890205782
0.77800764601934	0.609799915773739
1.42692741367696	0.472854481440801
0.348642475833303	0.173073178338994
-0.417020018136753	0.238653506450976
-0.129903539470779	0.105441973506608
-0.526494225192759	0.857861576004459
-0.0310871250149103	0.0290235205958136
-0.286239871759389	0.181491190783374
1.7592579955476	1.36320879061692
0.137896063531202	0.0531619810144832
-1.53732327136021	0.558096879249065
-1.05245216258944	0.431815108906743
-0.37705103334154	0.111772840936855
0.368026519065352	0.159605006751877
-1.84536271575861	0.770197726260662
0.381905049599173	0.172892482576281
0.80319970654717	0.33806416268755
-0.649319222104321	0.16021039083734
-1.80190156331263	0.405310176911618
-1.30152218159531	0.600761901527298
0.510425175538684	0.184248558920947
-0.0713229534329393	0.0316305852915741
1.38256091604983	1.06484566219605
-1.04007097486919	0.412259875149665
-0.36117783428278	0.296950919247076
0.554500034291572	0.731484584519815
0.329884277397475	0.29861266229252
-0.996081777695867	0.502538138809046
-0.537517418286813	0.207787642934785
-0.406097094408452	0.172828244638938
1.7959287507101	0.710356981550796
0.137556978054592	0.0531923652243862
2.09439244536298	0.948783083649303
0.334986099999125	0.184157169990036
1.10454087616513	0.950746738753941
1.07475730208428	0.659076569265385
-0.517409043948638	0.55899119852182
0.296157638072074	0.19109756546126
-1.8552949962807	0.748224009921411
2.09684126801949	0.936186440936493
0.642430262122492	0.204551977387731
2.093644067217	0.946467308542565
-0.998492470126997	0.506921603159325
0.616887323893053	0.635552373883698
-0.238419696505535	0.279172925471706
0.132953852447261	0.187486186838272
0.266861685387408	0.427651520960401
-0.127526224868222	0.0925089574288563
0.146216401411585	0.0768288115604051
-0.266450356782514	0.13074347762637
0.796565634602013	0.336415337888685
-0.540457902837981	0.206302363843523
-0.0367758398367575	0.017599452492608
-0.248387997661862	0.0825807028479737
0.641431038909059	0.206705899790905
1.01080793058073	0.389781480211188
0.637994473851354	0.196043872055081
0.801640822834797	0.342681912930608
-0.166516172230199	0.0610465571450152
-0.372967191440885	0.109879462987979
-2.58513149511835	0.689509113042442
0.130261088867323	0.0385441346135394
0.591177041688337	0.442255898475235
2.74531503858304	0.788587032684406
0.845518931357878	0.623774960953166
-1.54287595262912	0.564324390459102
0.157513470524741	0.107402099712757
0.560233477382544	0.443662318076521
-0.108422059587581	0.0785048454325601
-0.12368175163407	0.154903307663575
0.0968385534852794	0.0993650300059387
-0.896746894267782	0.838877349613304
0.133676190897627	0.0451799827147991
-0.243738387832607	0.0804072076503759
-1.16180306616162	0.360626829502971
3.25706867603825	1.08683794724682
1.43108326772595	0.478167346987275
0.133502874099665	0.0402503094723903
-1.04730399701661	0.424280980589094
-1.84291159446024	0.765454099382025
1.79363865605584	0.697586629442265
-3.09280325935961	0.972693856185307
1.30581051293515	0.583204526982758
-1.16076621190063	0.359385238156804
1.26142283120487	0.697623719473853
-0.0648901750621621	0.0280254225176073
1.22341988408048	1.0091525876893
-0.405530795212908	0.172425679747037
-0.403804122042353	0.28158254057717
0.435506808491634	0.694146039689126
-0.160807139754563	0.12969482907861
0.436639527033103	0.171112396894447
0.677475099969342	0.316278516989648
0.630992486423031	0.197870230330752
1.00982540305298	0.385206220726638
1.30604689497771	0.574600894690801
-0.936625105285533	0.692570215621459
-0.508601443350896	0.373649385987121
1.24869850654333	0.829550764957292
0.445607575581223	0.507350216658425
0.685665008288481	0.318225235311588
-0.650318276706871	0.160755761640221
-1.84536271575861	0.770197726260662
0.427912885754657	0.174104059517884
-1.15865836302273	0.356559362366982
-1.16605123679474	0.358241254731586
0.686909548434433	0.592082861105963
0.315051572194484	0.188834734772532
1.43778125105174	0.891755340993512
0.423450006905523	0.512769551987244
-0.0725933914435185	0.0612364848206778
0.333481748818081	0.336834199525175
0.150297533048135	0.144926746690845
0.402976164608715	0.497829201922126
-0.840788925043273	1.04526479360991
-0.0919059506916193	0.0828063912581801
0.0814363441022043	0.0761958577539281
0.0644182409275168	0.0438182110563557
0.264576307343337	0.21318172806867
-0.696726865427641	0.557759217526637
0.409563227391548	0.30802742124601
0.525486703876013	0.43925019313178
2.72722946429994	1.65019739628198
0.642430262122492	0.204551977387731
2.33858830204371	1.16854390444268
1.04777391136829	0.496999901212158
1.08623338417411	0.810185902590573
0.00974961309989358	0.00512651787361091
0.374195134240363	0.165332326679272
0.640432049403559	0.206671110179374
1.23690958536149	0.845760609701969
-1.80190156331263	0.405310176911618
2.09242869183638	0.949346787975783
1.05070791679031	0.511075219619218
1.58252118497127	1.63731922503183
-1.15865836302273	0.356559362366982
0.390808845824549	0.323147030398375
-0.754981310507553	0.259853428594
0.903264287712281	0.780701799931249
0.0259734221259038	0.0149387579604546
0.419043810894325	0.317464203857687
-0.232660282687913	0.214821587482695
-0.349115770097978	0.282959478657336
1.2262264382953	1.48468543832921
0.788479298088183	0.466435898140496
1.04762263326671	0.514085617901239
-0.54121570977476	0.210238530837184
0.138124398652496	0.0532597376879852
0.127501109997399	0.043616448886316
0.132755613913402	0.0400087413766842
-0.0694152265522899	0.0300359899087046
0.767879260067705	0.432649813115949
0.508781691198075	0.185680235788344
1.44360673086068	0.887955911631287
1.54576406592416	0.771410399129658
0.144112723234728	0.0692457291350753
0.136471825034789	0.0593672744044938
0.301728382549484	0.196676040652201
0.146102537158329	0.0767079155811178
1.00882255003719	0.95028381110153
-0.514712084737144	0.395089182876493
-0.266682236951794	0.260714031665944
-0.0716510889841651	0.0458981215304987
-1.18092925200274	0.674823559358097
-0.676994321690392	0.456072977535989
-1.23585154143863	0.937406572854887
0.648438632712042	0.204895256444076
0.938451288923792	0.626594622780915
1.31163856397842	0.566560525579681
-0.917998396299772	0.749824476644453
-0.347221645795831	0.251078209200625
1.60969397091784	1.13333925128269
0.0936271592409076	0.0710998857491927
0.387654022848454	0.173979329426566
1.42616742954426	0.471762089576048
1.3048691446356	0.580886125685909
0.94302925253894	0.619977370828369
0.588547086700765	0.306293822488574
-0.371963944093828	0.110621992809151
-0.200654390610688	0.137424672700472
0.697518859678444	0.449836308338179
0.432818540013999	0.176395167801005
0.929670085417592	0.244778423912617
0.120675833391988	0.105805572474809
0.07532030710125	0.0664325722217411
-0.0798923549874346	0.0732691360110074
-0.139564000015278	0.134567053089419
0.480787662681368	0.68992660190341
-0.0972478051368368	0.0938018910420311
-0.329689454254901	0.344354708323122
-0.11119241322175	0.09134454803607
-0.151023451648369	0.13105227466993
-0.499136510041135	0.261406710101769
0.778940445863715	0.608414570785758
0.784800759984707	0.464826571162852
-1.04825804245851	0.430881776490226
-1.04965581966949	0.429420534826054
-1.05479795134611	0.427684260342655
-0.110699641726248	0.0442653185388842
1.76932750081039	1.00212910906119
0.134986889048387	0.0462856031126629
0.945161625597149	0.639389904762875
0.687236751950291	0.317244166298431
-0.2579205559472	0.129893512853151
0.677545326141095	0.319753943438779
0.121585896090245	0.0359237947111579
0.131021865338521	0.0391721334922174
0.640133392423861	0.449157973781286
-3.09407144090335	0.959647090123049
0.139073148904902	0.0266055202308437
1.24701569786176	0.854205619005424
0.0921228075684552	0.0674064891942694
0.59787536076233	0.313265353712179
-0.806584168592562	0.529968839367786
0.504580075605894	0.183905699075097
0.306968632302045	0.181641619574151
-0.167458340265991	0.11574368825387
0.490180648558157	0.516311800990587
0.144589671064383	0.149276907345089
-0.363009639359829	0.399999901178692
-0.152565232269993	0.107337814797126
0.15204293711963	0.0853784455320283
3.03686071107069	2.2376999247874
0.137218707006764	0.052840364561039
0.132178724057892	0.0510702765080139
-0.320271718172287	0.146411912400688
-0.318367864196796	0.147533211993386
-0.795683021761813	0.429292510480814
0.38451556062871	0.171183579453882
-0.243037200359954	0.0794695125621782
-0.964228748063982	0.595779219000089
1.44583605711663	0.910864209091877
2.02553933616476	1.84696733995836
0.775706172716518	0.608182499272634
0.304994812958115	0.196358666416264
-0.397394337431634	0.31665300510338
0.940626585033273	0.635578531100905
-0.494303954447673	0.483044449231917
0.307743602959302	0.327729394951862
0.285402387192068	0.214606945490791
-0.144820155845619	0.103147551332772
-1.2431269801813	0.906116568614411
0.136471825034789	0.0593672744044938
-2.08842733153289	0.971005061190044
-0.690450180633174	0.486597280100106
0.799821312383683	0.341077504348771
-0.702715558912602	0.558182490061671
1.51569295356989	1.77102491892813
-0.684992575383543	0.479783876733161
-0.105024375243862	0.0853166737507373
-0.0377495083660824	0.0180459340478604
1.26016345229505	0.701979403502623
0.342306191420564	0.167533593498948
1.44814551999689	0.910021425154128
-0.0363745317892813	0.0174096450138375
0.137748053499087	0.0657569526708681
-0.365058039484736	0.379635723570865
-0.372199398666119	0.10861997456099
0.646199645243868	0.204301808848624
0.926329332609966	0.245803896301602
0.0366744688118303	0.0404994967862666
0.184867140022009	0.158334871258345
0.394946282524989	0.313944633167569
0.264025620398883	0.341604026259202
-0.0320653848449926	0.0300092395465182
-0.406610388129994	0.806469934379794
-0.0738193602284243	0.0973081154743796
0.64044414457092	0.817058081821109
0.024667439234404	0.0143628809608967
-0.204538790657057	0.111053599245018
1.01254068844739	0.386785712184281
-0.750500136544216	0.262945921354945
-0.0391028280978548	0.0184276894446057
-0.241840209542203	0.080476940077082
1.43184622835253	0.479292741706694
0.92113051285893	0.24102514029113
1.55414783644723	0.79255832938947
0.507836883903904	0.183767118983846
1.80296230556392	0.702658023385282
-1.04825804245851	0.430881776490226
1.95256933090985	0.464168557061862
1.01074601962064	0.385312386444489
-1.80211551800213	0.40518546889285
1.95584693887656	0.462330835133922
1.4300525619712	0.473890200865325
-0.248633515605828	0.0819034838488796
-1.84996934802471	1.16349544952353
0.932732691442677	0.241118375689451
-1.50878605235012	0.777622837240962
0.141168720466643	0.026788068800843
0.00867197246410787	0.00465692726660422
-0.539810590839259	0.208041089834907
0.198494434615882	0.191930512592569
0.00148028792163106	0.00182617358233986
-0.183861610439014	0.240309824210716
0.786262399601765	0.46785168811412
0.131769780715528	0.0397831026994758
-3.46998743660351	1.26411646563651
-2.58468514934926	0.681926813759725
0.134196458780367	0.0397046446216347
-1.54058228908419	0.558038570704529
-1.54538955663062	0.564367029919961
-0.755659764208684	0.265241875072543
-0.378051187678928	0.111023447161183
-0.75074715029621	0.263334856390217
-3.09739452059542	0.972553736075869
1.01155779435024	0.385777953603479
-3.09216987140428	0.960869115746174
1.24601739860235	0.842377964822026
0.306468640609591	0.180853217720104
-0.0677477629291705	0.0298663302575942
0.144984422134553	0.0697485741598153
0.079170096467898	0.0560278163917695
-0.198280128513575	0.236287145107703
0.110963709689814	0.0839097386996977
-0.249342122689892	0.125602574707222
-0.318413249366042	0.148576123433419
0.137716344096337	0.0264356853006178
0.12865687577515	0.0437318071150248
-0.412471956411617	0.175341818450118
0.139073148904902	0.0266055202308437
-0.165318734214513	0.0606610603776833
0.351548239939763	0.175876352411584
-0.501849695794127	0.267319298776999
0.72620500802437	0.970381279306654
0.131823666266718	0.0447389631924422
1.95256933090985	0.464168557061862
-0.613850078166779	0.297856367499501
0.133502874099665	0.0402503094723903
1.43920726728355	0.884320469745859
-0.786166968099484	0.351530725159594
-0.304383647145293	0.314574386486425
0.0346819909467952	0.0213417670829971
-0.468535785889391	0.311161869801014
0.305274035710335	0.197179913865607
0.356465677981145	0.178986526499127
-0.163987307212418	0.144695724648089
-0.115540798756177	0.0942259618920563
0.822637303756274	1.04094618486891
0.183495699328566	0.159919539047684
0.692821712204951	1.05663126883333
0.409231588250431	0.546527716201723
0.505899502860547	0.712747672013776
0.430791979058452	0.41831256401972
-0.330078772622605	0.32328151881838
-0.0180218644413765	0.0121644842741385
0.716256750181498	0.594871962654707
-0.587888458780693	0.53467415143706
0.802485658744588	0.340222262255854
2.08826346784154	0.942765758491391
0.887037292069543	0.477992287688392
0.490734350077653	0.31102110707755
1.38570393332155	1.06576613605417
0.949694608769849	0.616551801364226
0.780704616706852	0.742653191306091
0.695662981845747	0.448029829591041
1.79262476035013	0.701086338174517
0.129832700652528	0.0553946634193002
0.493336791083683	0.312700435087797
0.139073148904902	0.0266055202308437
-0.40948446286418	0.174346422488273
0.0231330148359162	0.0134092706529935
0.629913755728355	0.751687394196722
2.12461834134573	1.42266896016747
0.454444486240434	0.305714827281358
-1.16680976292454	0.361321943590249
-0.723130437674231	0.699940237572596
0.459016882917475	0.516056502914449
-0.748141308722146	0.987734746705198
0.26238722645256	0.317104163654114
0.104273762476046	0.0996874275723947
0.593328132723898	0.645279505881309
-0.259271637578245	0.129059911682623
-2.0907818935671	0.980234505113829
0.677349031921437	0.313574397228806
-1.00330441353724	0.503699534355902
-1.3443942861733	0.84625164938214
-0.790481876212766	0.354530755409143
-0.500039826825257	0.263237991413251
-1.10551343844077	0.754439787442639
0.349090826298804	0.176359202179315
0.533619665109152	0.303880300625346
-0.37373542401889	0.110004299970677
0.428518317050907	0.174046878111496
-0.565048252932545	0.470502049179714
0.464757091880917	0.425529238482451
-0.73797092297126	0.823298669673347
1.04595834007118	1.10170995901778
-0.563126433434201	0.601442305333221
0.094555130207734	0.0886196721280024
0.626141642992944	0.65931133776578
-0.160457486752978	0.110689255171124
0.167181718532307	0.119307080611036
-0.0416837169905772	0.0199027005408717
-0.806493799427705	0.533302350208647
-0.464209295842538	0.363376055490108
0.948782970511025	0.638781217907932
1.13438314232138	1.27760892995832
-0.310744518256899	0.254831679126983
0.558023287660099	0.443147363736902
0.792427320393122	1.03701757843257
0.310975919660257	0.184882509498159
2.26243051730112	1.70966528589389
-0.115640734375144	0.0466039644284396
-0.624084649079757	0.517921087518059
-0.706506466378232	0.627430849673814
0.146704911397038	0.0624097423559321
0.167065765182208	0.114723096536442
-0.0954859517128691	0.059378937440659
-0.00171436833411641	0.000731573115247932
1.21758589030091	1.46992015066494
-0.587916172481406	0.433207261475824
-0.702715558912602	0.558182490061671
0.350462923274763	0.303083261048432
0.569979202111526	0.548032396450111
2.23966020712279	2.39959230360063
-0.253825359941496	0.128742598552451
0.25661973386072	0.219969571735017
0.163775785363178	0.106006928667745
1.09380163538111	0.825099962650108
0.304193670192127	0.180320802255026
0.164074985965274	0.107179172888905
-0.0992289056676989	0.0797454565579641
0.905859395015727	0.761581099438955
1.30839749007399	0.569711288387208
0.324315672221405	0.180531823458249
-1.18039390591179	0.67303569900004
-0.552881673489769	0.350966620168508
0.507170252862813	0.182647571247782
0.132510690329892	0.0450320194651957
-0.152236951385593	0.122203349363416
0.827193054134107	1.07189236830976
-0.00918231052121408	0.00628294841730287
0.489051323656897	0.536510026993448
0.544791133746659	0.533896705195938
0.17690831433909	0.132114778509027
0.135514492544212	0.0521282796685156
0.527227125352381	0.300210384951376
0.397044903668423	0.316429470782074
0.135899774697344	0.0461942034826839
-0.238582126977172	0.0793549061566532
0.14463997922284	0.0767152518515984
0.315700375186171	0.336116075824335
-1.2393169870558	0.938311222551414
0.118850263845915	0.101899852889379
0.427605900232615	0.173170350163645
0.724178455018001	0.601280639989058
-0.954174860427265	1.10796689150249
-0.118455360555875	0.0843770834043115
-0.314554149872783	0.146148304590358
0.442480191680925	0.317151359500002
-0.357092146981295	0.293098847045362
-0.358436640810292	0.323969798280068
0.0241368387412462	0.0139813735237796
0.153420557299905	0.0940710662183188
-1.19403852211539	1.23059883396114
0.691301925218321	0.68857296019919
-1.84630032758538	1.69058119716618
-0.207742251384067	0.140249793985756
-0.435983423214886	0.382735159932789
0.948769806728052	0.928757987976769
0.532958174823644	0.447126563695577
-0.204781125371	0.136001652297592
-0.022374625978592	0.0148991266689742
-0.653367312209741	0.646294420171979
0.907896387127853	0.771334219074741
-0.1202767826547	0.0876425376157863
0.1624082193691	0.0995099955854888
0.469482717950866	0.430873807063168
-1.61570624234499	1.24874606802295
-0.417020018136753	0.238653506450976
-0.0699452952879293	0.0514680243830774
0.163055816031454	0.105219989408945
0.523538933307003	0.431024869285495
0.948305578082939	0.637037526307814
0.881839958979906	0.888242107203677
-1.48925336539341	1.03936768475363
1.32448395326215	1.37986995007705
1.06884504354696	1.35819107632066
0.0346491263135619	0.0198940907009013
-0.916941015493753	0.76583940789798
0.423315510192861	0.171523923653337
1.07397484779995	0.663192390518348
1.02646344952939	0.950678623719388
-0.964301944910316	0.599305415688894
1.41828123491899	1.57477269130274
-0.350936640373136	0.250335053353821
0.0754497306808715	0.0533933566329465
-0.658826342882413	0.652714018296717
0.114193173711601	0.09504044824663
0.112760910134575	0.0938438786771964
-0.667817777026662	0.71110975989715
0.907212130088024	1.11704069620356
-0.0362142604672691	0.0282728934570776
0.170490141178532	0.134589283948295
0.685386007100509	0.68339516426283
0.785689979648783	0.938795795806998
0.435277432124725	0.509723233726243
0.464572582483635	0.428774963125688
0.763523150178764	1.018035831817
0.696594112484469	0.70848412910739
-0.267386248078432	0.246927619290191
-0.164028003188741	0.093432683786256
-0.164543793055548	0.0586329512715392
0.640611945721421	0.454559723468346
1.79971117079625	0.713547256095307
0.421908640831468	0.318081605882441
0.107999005129577	0.0875248270077852
0.35413011419397	0.308995131387857
0.000369067522247177	0.000238179024923596
0.0916151494611611	0.0686919340945925
0.275125150682347	0.224440447655718
-1.16680976292454	0.361321943590249
0.0111359372542926	0.00651110822088277
0.462227096013952	0.31539643910665
-0.163853108432068	0.0932700251242294
0.430994181149932	0.173808003780719
-0.477670674106496	0.32137437092295
0.112869091342015	0.0956344194232824
-0.128926200655341	0.114673570257483
0.0808309598800856	0.0731993043936748
0.184628260479548	0.156460633619625
0.341158553308794	0.336399385531348
0.956629855149575	1.35482187822081
0.344476199370579	0.171898361665107
0.53665257109805	0.308260819419223
2.01632004842638	1.88478607376438
0.589439920256264	0.306632890837344
1.0413720537148	1.09329993832553
-0.371963944093828	0.110621992809151
0.139088984871223	0.0347391602259325
0.172727183824834	0.145258243345904
-0.338087776509526	0.447417044557436
0.154348661643854	0.0886238993798943
1.16063874437228	1.73001895071317
0.779585553006779	0.612552652100389
0.484445006380678	0.301937385442387
0.634135868727829	0.677931507644099
-0.492060024838743	0.499415953005707
-0.794504196979741	0.43154098225281
0.0947989303115534	0.0733921110940175
0.405497231346371	0.424751469903529
0.451624778016094	0.431707200809228
-0.314868845217404	0.232400017736964
-0.0939647234226827	0.068770563834992
0.26584678300357	0.256621796698219
0.0321961391471301	0.0197027134372009
-1.60493602136675	1.89021326226702
0.782875280276137	0.727740017457224
0.618668831118238	0.669839525713955
0.588050875472595	0.440331347651554
-0.396499347046812	0.351560998642556
0.25916689146561	0.223742040564502
-0.178676112020745	0.124793211764752
-1.14585555253042	1.52202960778619
-0.30327172537963	0.226147984086812
0.435462658758227	0.40148879136899
0.513347219607118	0.536227852474662
-0.0542671426059488	0.0356390280033573
0.0207983312374631	0.0121119045609107
0.9031074787365	0.772860174963343
0.709815483489857	0.888013713540396
0.0777564240676334	0.0569150781086876
-0.578849352001337	0.538992945205319
0.579429313141267	0.545916112561482
0.487550886977368	0.530071540848605
0.294041699757916	0.18901451618919
0.536815733741819	0.63467241951544
0.530509928986426	0.443677448467029
0.329621329033922	0.182665343379738
0.781218988393297	0.845718295183462
0.158153994810789	0.103182339658651
0.847646869379579	0.623023812345976
0.454444486240434	0.305714827281358
0.00955469836034319	0.00512886321402991
-0.154965720493953	0.0880721790366231
0.138679739053505	0.0721465633481969
-1.14548135955446	1.52013064894716
-0.552664781493315	0.581327365435063
-0.171793101573178	0.135542955834698
-0.651420376963526	0.643126331546879
-1.0095358436025	1.22112070993438
0.378572855774126	0.31229219924201
-0.561097085116613	0.357669961713136
0.259464066781208	0.218443079257129
0.0889180769668323	0.065507450681985
-0.408709402826683	0.407619019991865
0.173019294966084	0.117848484982475
0.629066875680091	0.567854416994438
2.07685788657255	2.51979803749591
1.22137727391375	1.45016129332856
0.780518396326667	0.612985299193112
0.285049049865203	0.207339921177958
0.979513060852751	0.786397740197196
1.30515824057971	1.65031178184251
0.696991004510083	0.699913931996456
4.15772432340643	2.00809868588151
0.645245597977274	0.448894920095237
-0.24803120766857	0.210777061653644
-0.557570678432953	0.472591232618419
-0.419660150651031	0.237653860789257
1.25826352655386	0.698954794444829
0.512296682193737	0.184360640072117
-0.254244764774728	0.0822565953437597
1.4300120770332	0.472328161227103
1.23725554914058	1.02395677010124
0.430791979058452	0.41831256401972
-0.621399474044594	0.691738930977341
0.287769633682231	0.208919509129838
-0.596949826985757	0.435207584072115
0.522508878865971	0.432165022599311
-1.19680413278308	0.273702233669935
0.595439420424868	0.448207821123345
0.00781661813603876	0.00422831954211972
1.04000559888604	1.0954686955974
0.805530818684596	0.336665610748168
-0.963883550821298	0.595411956435296
0.639322682771799	0.584550129407751
0.432047365358478	0.507857646863977
-0.784041266092323	1.11816470655874
0.686798833256676	0.955419535474194
0.261328117560602	0.210630497169942
0.109806630659796	0.0934622081323768
2.08429028619333	0.934651562790532
0.174508622073097	0.139931288587309
1.31094944803572	0.585633714178286
-0.372498546343112	0.108199355648203
0.281695048053524	0.21341468473767
-0.265745904094073	0.306330166857672
-0.997144558205422	0.497876338209469
-0.254234947384592	0.21518572404406
1.0553229946409	0.515398954440857
-0.41081705401747	0.331139967637569
-0.741084135866428	0.823596277002207
-1.45216679708614	1.54915201208059
0.0126063302358199	0.00675607690734481
0.458774369889904	0.311032594628062
0.178271307280765	0.143037935592029
0.628000210363731	0.753387973912507
0.68158225807256	0.591452164800793
1.43011421756006	1.60182522010733
-0.0728996070850153	0.0468728747122464
0.094232672420894	0.0713220730288176
0.166128380473629	0.122883445193955
0.27574989524309	0.214572708704654
-0.089596847910984	0.0551946989921428
-0.174857023015092	0.120053666717551
0.417213366090703	0.315002285118891
-0.909170474835453	0.751622427459357
-0.355630777928346	0.256743545649412
-0.093569090069172	0.0582162193690786
0.52912620831956	0.438359871002012
0.280665303849426	0.211942927432357
0.592180317668555	0.446018739770913
-0.621040132874125	0.519165175666997
-0.0134545115707264	0.00688145081559113
-0.0141448951061282	0.00726423083269828
0.275264018462401	0.206706547512583
-0.945219528866252	1.09661933161612
0.491957559095042	0.310473036644131
0.164631131039835	0.112485865923806
0.0338067576756043	0.0194584855545755
0.155345303472157	0.100490787545194
0.661902301704185	0.678330322537935
0.343670368342525	0.315167465504054
-0.455005178130743	0.357682917779423
-0.563389205649621	0.467841894087768
1.13523443344904	1.29703365051398
0.137432365546475	0.0592370194345653
0.287676997353203	0.181206294553734
0.638588316943946	0.453847550926393
0.299926374657601	0.194261236973437
0.125202483122016	0.052593785954792
-0.191556749114423	0.164928775933255
0.508055828164346	0.540223144251508
-0.462100153562577	0.433518093928181
-0.291300602992215	0.283242421780876
-0.221805588798932	0.207614988445781
-0.0527258821855258	0.0342200384109385
-0.533133255538296	0.60850449700175
0.455750831660347	0.430145062727109
-0.168979151760546	0.0955044184342334
0.542856850547631	0.638081520744018
0.354956075059431	0.323571396713548
-0.494076003756137	0.498836592882379
-0.552130579935405	0.46292884384244
0.557117809480363	0.44459249828135
0.0708572520571238	0.0473210144559429
0.478261695129034	0.437773965596329
-0.20875554629972	0.164670574792616
-0.455005178130743	0.357682917779423
0.86034433622553	1.17080829162874
0.48670703064899	0.532805682549306
0.334511235732419	0.32446884482983
0.626147725898721	0.664143195392818
0.925335174824177	0.243267565805426
0.00370473392122833	0.00208838472761804
0.101666408443143	0.0792208480941016
0.349389564339311	0.315385954100236
0.779147706199252	0.609945278518497
0.640432049403559	0.206671110179374
-0.749758417812177	0.262810020338643
0.508325950710815	0.183108533971571
-2.58899611685113	0.683672524401667
0.650690856218676	0.198784481386902
0.300784478464663	0.195919906397695
-0.0992785937669499	0.0728721258926253
0.185012259781026	0.152855899046571
-0.19274121469621	0.165356058008515
-0.877775952944902	0.965842326703914
0.36636059448334	0.322710368846331
-2.48238562076977	1.39187233707856
0.340662915119408	0.184363733788079
-0.340563433224725	0.206858115173495
-0.116329069860878	0.0460630975616813
-0.234616970288786	0.076011182162678
0.784478144522496	0.467114068466933
-0.369312717898246	0.380649271099536
0.416852248089322	0.517886427055462
0.0998430117905242	0.0996567084200913
0.758601894576143	0.922926797510639
0.0498433855319924	0.052400312240415
0.310532469448619	0.348825364413613
-0.151594145363349	0.0862828485993544
0.589908312807785	0.308029577380059
1.09596971023438	0.824254372910425
0.460468863707688	0.518611257617293
0.32646276605928	0.179446307028671
0.272765742845929	0.220566036249455
-0.107853331271986	0.0427000264012588
0.480737743138193	0.519553037286539
-0.155096232161014	0.185161813721052
-0.10810581166044	0.043468331542758
0.789859374868498	1.11779623802988
0.493604644715661	0.310235000328025
-0.702896458942549	0.571586203441549
0.341536282520555	0.317774317068723
-1.24799402721368	1.60945592831379
-0.116155411560642	0.046386986442749
-1.42793533195096	1.68151701074243
0.473331581509047	0.508508837254662
0.798023285924604	1.05339423721579
-0.0426336177373459	0.0322818653680862
-0.0534777858594089	0.0349969224857124
-0.912221430816302	1.15487622393956
-0.606127770228631	0.60328994451527
-0.138935907020946	0.113542734884531
-0.268727562660353	0.203341514628508
-0.592508593705986	0.668793648546082
0.471115933837216	0.315472697883035
1.40184255207143	2.22134778395463
0.250164763116158	0.245291135865956
0.188472690833144	0.149342569985615
1.21512003230269	1.30847011449838
0.453033648613312	0.522370087788404
0.357907347200283	0.314990299788419
0.528298194892156	0.439043479353367
-0.712270675121876	0.571327147479544
0.636894194655475	0.446612433997658
-0.809970522512399	0.538695853307203
-0.357535389949992	0.289353286809688
-0.876320214133496	0.946180095702402
-1.07163640424369	1.12152537918201
0.101263106199548	0.077199512422274
0.709282673604444	0.800354465524142
-0.314172935507598	0.230319702398144
0.66767889373197	0.684375777623903
0.654833308118202	0.734449256947951
-0.0120949588216078	0.00809917732005952
-0.521723713731183	0.399879474847236
0.356900107978293	0.313894621167544
0.311053852620667	0.19880419811206
0.484282551874514	0.435693794587903
0.287374235270042	0.208811818165762
1.14870870109466	1.4145180970773
-0.413535925988662	0.236474883158504
0.270662704194194	0.228607200142673
0.2528168429003	0.248318499273065
0.185812223414424	0.165341644222343
0.0935229409711093	0.069950188326351
-0.710957095698524	0.630965742870767
-0.471137342324304	0.437048500775609
-0.148771442813916	0.1052398970225
0.444814504423197	0.420776162363569
-0.654124124735438	0.646820967194696
0.255176441499164	0.202244586783966
0.425616504594164	0.432040228161755
-0.158954131004468	0.14019692408736
0.733807785693694	0.922067903674913
-0.0727165787675345	0.0463265876784248
0.830063966623956	1.0614531958834
0.0199216958934943	0.0143694219386017
0.355105377909568	0.307747533304132
0.0401672279898783	0.0248242265306203
0.428668492854086	0.303606041139442
0.394233403530123	0.325738430823741
0.170764253715098	0.116444802130188
0.0716523934509976	0.0505199384084339
0.272765742845929	0.220566036249455
0.442117718602681	0.434361531922336
-0.39246570811871	0.432334634476025
0.87074999736483	1.36938604623467
0.943335698087294	0.634661967069497
0.131531340806028	0.0393848494794365
-0.801615391329806	0.6204323593068
0.0971795795210885	0.0763651938644378
-0.70266718219703	0.554868481000985
0.384863489590947	0.174885684504261
0.135557135793726	0.051470758559678
0.432605112236327	0.173803370611223
1.00757101741344	0.384130201865198
1.00982540305298	0.385206220726638
3.61956389250147	1.43028882967321
0.145905880364878	0.0700407869872228
0.441741010721701	0.434013812195329
-0.39363406721495	0.34805782070679
-0.579091893897971	0.643111255629881
0.608004617239807	0.572274807104725
0.165981884058076	0.107715196142451
-1.54716733927322	0.566283034461824
0.658319181595076	0.679683999884702
-1.6940421200372	0.964516435636633
0.284535948571397	0.205406690935933
-0.166516172230199	0.0610465571450152
-0.510127036629511	0.26439604718974
0.74042032177361	1.00867531398698
-0.611745256677784	0.793736692225368
0.313387588769638	0.347729022079791
1.1609385248224	1.65139022565931
-0.611607455152348	0.826036663501465
-0.521518318830836	0.650442277646202
-0.0690849124849379	0.0303508753665153
0.141194139349129	0.0783983702302577
0.537165983046884	0.311041271705653
-0.194363431896602	0.104379319069532
0.311580393967924	0.188494156086309
0.483876368909667	0.610361634471551
0.5029366256476	0.181276920282539
0.184367265539436	0.147663772325607
0.134896429334878	0.039767367684544
0.193368012310472	0.177350612926299
0.208657549046812	0.238014916721837
0.155586574518829	0.100178066748692
-0.368124772168226	0.383882524725221
-1.29699501295004	0.594963360789531
-0.318877782169931	0.288316603450983
0.00934162125404203	0.00677600281402144
-0.164858841018074	0.114089495024039
1.07537934974307	0.663936036393242
-0.200238178868215	0.137068372455817
1.0743283332484	1.34704037866693
1.15903086781201	1.65747406785425
0.037771537522122	0.0291256330740778
0.469301621085804	0.422220340222204
0.451924613918369	0.429110744353436
-0.202718694422703	0.159013874742339
0.606679952790896	0.570734184325371
0.475512705957601	0.53094840297369
0.351886738755923	0.329633693125389
-0.405479587888002	0.328301319727358
0.432922833130051	0.306753498201351
-0.354466801346995	0.31496660819557
0.282132038636556	0.191606696661577
-0.634848504797922	0.580509410033368
-0.120490456906541	0.0860239709503813
-0.799250596228057	0.919106018813164
-1.27236879501077	1.19499658116774
-0.464559898921035	0.305016005009971
1.1344003255884	1.26805830159395
0.845479546469429	1.05088238388773
0.257712966222954	0.225888860540644
0.436332494515416	0.428225862049971
-0.505005595726714	0.266920844255824
-0.35187835703516	0.25190241489184
-0.362088608132749	0.351196925480262
0.280406217953208	0.219465753389004
0.904135059353311	1.13615654782595
0.170984662591105	0.142797243411312
0.345465207275656	0.173168189098121
0.17662500993467	0.140792520795352
-0.478200410132919	0.323624937829387
-0.560226759572493	0.355842008246451
0.00692099421891322	0.00369259495044214
-0.158238920425608	0.0912583028589548
0.0599310358546628	0.0386420224715809
-0.0283675809886709	0.0134114787161066
-1.36541216414097	1.95548272911501
-0.806020228078352	0.763401600412502
0.366218783413331	0.324856455073766
0.491110349692622	0.521731809679135
-0.584110607957348	0.652706337667186
0.181166526271027	0.14649112615869
-0.520398617610219	0.489899853918887
0.156789515224057	0.0945101697370287
0.496965824768957	0.429615050508938
0.940965984434062	0.920396509823597
0.103923427778845	0.0830847382973682
0.739122267326698	0.818158637206395
0.16417731399094	0.132312676005609
0.975950891902722	1.25940273717272
-0.802783783445914	0.894144871873727
-0.150727755012726	0.0855611071504283
0.2825491356689	0.22136562727888
0.339524474470061	0.301264514374869
0.730711013113439	0.60159956349146
0.187823858860239	0.15401502982306
-1.2856083489898	1.40413636821795
1.01473696416778	0.946812542434953
0.172315546814564	0.133119855846537
0.651690966982672	0.455199805829188
0.685079110030706	0.678475563212274
0.730059376692893	0.714278461157568
0.326195969656101	0.32515639598823
0.614750929302342	0.753688402364355
0.834683748472734	0.759241738742626
0.769574006274191	0.600922757521773
0.34555724285585	0.171111115103063
0.0434310786714834	0.026528085510642
0.512296682193737	0.184360640072117
0.152897859159016	0.088198387243042
0.186595348626089	0.165853761101486
0.258423108112347	0.242699077104948
0.768419847631262	0.598585852239024
-0.560392330605041	0.358892706295443
0.132055155653072	0.0449007949188124
-0.311378831230324	0.142934950950842
0.508781691198075	0.185680235788344
0.639433294916704	0.204223062388441
-0.30789468043957	0.250676264822196
0.106814366107345	0.0864660684401787
0.99719577364994	1.38630071949462
-0.397618397435553	0.354380618095673
0.490534991732462	0.51808066290104
0.594637645530895	0.55356562919472
0.679254565734664	0.317559247724743
1.21694092215597	1.32293485803826
1.22266789847539	1.00132815627593
0.701608649557775	0.697102771806066
1.06783604786297	0.650964574183412
1.23118466251422	1.01085480513049
-0.257718385554992	0.23360248260029
0.56424673416487	0.803259366563952
0.0101196973627171	0.00926566915676334
-0.388643881044535	0.426040305126832
-0.00744531972399967	0.00515004871982456
0.767243126947719	1.01351776791868
0.800989673487252	0.342067986972423
0.899118500420938	0.478583441665287
1.54967460389708	0.771811008207858
0.912728657160746	1.01839989812314
0.343083288801788	0.16950029788557
0.694414850442455	0.450839193450738
0.166813281858786	0.12393118522064
0.767249951408503	1.03170366721134
0.711094048400894	0.456534737155385
0.465212294285146	0.528913183492873
0.130882611694412	0.0448066859255122
0.550838072419674	0.433061101229361
-0.157693506847234	0.138878239427132
-0.215271178635986	0.201499126683461
-0.689513061515548	0.486125152600604
-0.0468125301946338	0.0358486464142421
-0.0854782168716862	0.0716089085155276
-0.0222122390053077	0.0149843508576248
-0.0184374512725896	0.0126077737846989
1.76876669041141	2.17140038201845
-0.354300015485031	0.288692350846457
1.57165091258024	1.67399682760418
-0.122439882531879	0.0737407440753772
-0.877398622405255	0.965838524535241
-0.244470440425567	0.160904080661862
-0.621784165228367	0.513768547453474
0.0617790751553676	0.03978522807936
0.0593958328838874	0.0382589869399168
-0.0901530131930949	0.0561106338910991
-0.353840850848519	0.254432429679943
0.624689328712222	0.661301757670345
0.690515317732953	0.890078186567658
0.592777004036014	0.654584919987456
-0.521898773682195	0.392738657514312
0.299999357977011	0.20369707802711
-0.546763234783934	0.464736066185413
0.400008394211449	0.311932810015335
-0.234847493890316	0.181309709355957
0.567457481876976	0.542038975992505
-0.347751356159493	0.249595176220221
-0.724568332616109	0.758397732748797
0.984370908573835	0.789209207252594
0.0725979051189372	0.0503776198946644
-0.144867113358208	0.103092067960034
-1.52454487934862	1.68162018112478
0.0742269280545155	0.0523943152417691
-0.12510346061378	0.0910453503387195
0.599751727663593	0.313739631174203
1.01377149923868	0.952437872991401
-0.0139154277986535	0.00707657533729744
-0.0671355800798161	0.0430152278636811
0.0488835872044843	0.0297408684842199
-0.12159333515731	0.0730278243494261
-0.887861943679326	0.909868157884974
0.139245745474404	0.0599559360941925
0.612767241029083	0.447608133901035
0.905939034765092	1.40438298212391
0.60575429189616	0.829593636087964
-0.175681748605658	0.122581470030834
-0.155168105895486	0.124967895498561
0.559919428243966	0.447925369537073
0.464031068849422	0.314293630472632
-0.632839363686558	0.709270102628791
0.465569131141063	0.606941043624014
0.304071677707874	0.388432479393585
0.575357827484503	0.549637800572237
0.296511842555277	0.204647083527219
0.528715912037006	0.431280186880669
-1.73622731288082	1.46724511531911
-0.0893047167351817	0.0553645557388963
0.149434125908253	0.086144575755565
-0.802483211620193	0.83359479379333
-0.102819512955387	0.0634191741893039
-0.169326284013047	0.0958955444198314
0.844551712792298	0.749605934500735
-0.0776565289652182	0.0496286748043505
-0.649236117013882	0.641467868169212
1.04112510311734	1.112762627024
0.271045927461456	0.247013901284335
-0.27528113493275	0.272718496925372
0.754806233875076	1.10493097122911
0.660089548777275	0.781003669827026
-0.213056059710056	0.197694030370103
-0.0370010002791789	0.0286175217700479
0.00565724253773144	0.00310792626139857
0.509258042306877	0.540253057352746
0.44902627268558	0.529155037811257
0.888188922133419	1.10370210906673
-0.438839704522143	0.382331280893492
-1.44151053162231	1.78553714665822
0.00354183447451489	0.00198223685855161
0.367373457107249	0.313173125836058
0.905709504190946	0.781281618606
-0.619102481197217	0.516554223547966
-0.0973017828226197	0.0805020725873801
0.67144024252479	0.935811382053551
0.519766686274694	0.679883755117488
-0.784289513269123	1.10357670248153
0.0697379455806833	0.0601489338693788
-0.0466245483082627	0.030631899526552
-0.1717061913791	0.151184639209483
1.22245937496458	1.70118062202147
-0.250663424579241	0.212246530138022
0.0599959506604712	0.0512032074442552
-0.403024151960791	0.360665243973156
-0.477208531331186	0.565964468052892
0.291988536558477	0.350672441567151
-0.706204503310549	1.06807247378921
0.262791223327581	0.320086218090892
-0.176026654697218	0.166704818138801
-0.39410455729333	0.406888389791292
0.47778556922603	0.518692269094355
0.781566689332745	0.465257998097298
1.38078914658638	1.04474875928814
0.162494951706189	0.111657229039393
0.327126871286675	0.316532570203454
0.0989471372938841	0.0789417883595307
0.373654480276349	0.421576839623761
0.263794671722138	0.217585739124614
0.643404279094091	0.858247582213991
0.320797455327316	0.323423013254321
0.0744413506368286	0.0505033324125196
0.717854418908281	0.600904125351058
0.157763958165494	0.0819914753491427
0.285864631885974	0.205334861077261
0.891594109996341	0.485178251415359
-0.708072516937156	0.625548061260731
0.0234686640939926	0.013569147819672
0.144878841292722	0.0757861267438666
0.694943985033683	0.444715987118083
0.721218304105848	0.578545883494824
0.152678451350647	0.0915418460995445
0.159340297996965	0.0966794205624849
-0.0704980415415567	0.0537698200797715
-0.586672463162626	0.684249752458978
0.462506066869901	0.421953244718427
0.314811976280796	0.190356574669078
0.593144825396344	0.648835613850624
0.859760084924906	1.36952732413665
0.519522783218398	0.542924137113757
-0.0390496470330324	0.0301014135792571
1.37958797978235	1.82821101731824
-0.0987882654381472	0.0608694485772001
0.146751646843266	0.083463443091513
0.161546261418837	0.110761183209333
0.704529731859311	0.461222862934125
0.942596829898681	0.937173810609946
0.883332817509805	1.20261161891098
1.11021853646401	0.99172912293579
-0.255816245417562	0.244535699991731
-1.0733306054798	1.32433799139385
-0.414514623299934	0.176183685547673
-1.74981773607336	1.91395511118299
1.2138251951465	0.962973529557549
0.643679029549874	0.453924248952332
0.784800759984707	0.464826571162852
0.134986889048387	0.0462856031126629
0.138169594891086	0.0265198668009027
-1.5479363497401	0.560916837957921
-1.05384695295636	0.432037760899314
1.76264271245317	0.970264297742291
0.0688419451328885	0.0659603113596905
-0.545163679258307	0.833909326094631
-0.40948446286418	0.174346422488273
0.926974875419701	0.246284209674963
0.131769780715528	0.0397831026994758
-1.54462112347851	0.558792637671358
-0.350206236004912	0.253565978440092
-0.0122883612772618	0.016718340690492
0.506510339456782	0.975466400019209
-0.938146034524894	0.690492227287605
-0.79162575281442	0.346640641267883
-0.791595565400859	0.427873543936485
0.133502874099665	0.0402503094723903
0.925979622549504	0.243736825113843
3.62168394400497	1.42736372029797
-0.242788883618067	0.0808805347641532
0.502930967277417	0.181333117013942
-0.749707900448518	0.266629197702648
-0.248633515605828	0.0819034838488796
0.672067831613255	0.315180827639842
0.135651198274853	0.0519258653806455
-1.29119028559759	0.591258882108285
0.130885327755101	0.0498987245955924
-0.420616064283336	0.505379523229033
0.39434527593925	0.760472606046805
0.80341387094934	2.18547400536954
0.214435766950265	0.319959101157117
0.557737934515142	1.05681439833881
0.465531899922211	0.952350013001995
0.358757704327581	0.661800501148142
-0.0540880448465026	0.057475155739842
-0.0519713052116597	0.0392239102723934
0.175772489116981	0.142184842430908
0.485596602624223	0.624851953212946
0.0768864965376646	0.0776659967301355
0.801325856871404	1.61827753967958
0.110521850045521	0.14221250106489
0.599382095320945	1.17251714139354
0.643942160168675	1.16846173792485
-0.164463725371015	0.144024925692665
0.173360423394696	0.11807442399408
-0.0998449928371719	0.0620442404517518
-0.47340877031798	0.448161991158196
0.00109324624095955	0.000743577153568006
0.148778018449844	0.150116152275339
-0.235365724415931	0.322479247953828
0.13859048349227	0.134430658912956
0.323677449750709	0.473241472662534
0.111521455898581	0.127164178534809
0.278539658681918	0.470860209792572
-0.0775426991554986	0.104322123421605
0.0148168764195472	0.0132528231934951
-0.717002001200126	0.68123661329696
0.0435197781097792	0.027785851406468
-0.199835544983694	0.108835508322702
-1.61661838208974	1.25205681232311
0.535391768697955	0.308930164006909
1.26903904283471	0.684308924412402
2.7462498006239	0.778261278020301
-0.201259799050219	0.135661920759168
0.633156064012225	0.574007048286064
-0.154262812906706	0.138826291321469
-0.136809919550062	0.191979239451064
0.14265276273096	0.202441173204854
0.694936989035829	0.692352120189864
-0.0768443085534253	0.0337068427304235
1.86300021157669	2.03847850663796
3.2493353238897	1.10864834370629
-1.84215992422119	0.772497364016813
3.61850462978752	1.41205255014363
-0.997144558205422	0.497876338209469
-0.244428546932055	0.0805963435476292
-0.480426703455984	0.320994327470499
0.135568968576203	0.0339891491304889
0.92113051285893	0.24102514029113
0.127786724548058	0.038243739095717
-0.242540504674911	0.0808346916156265
-0.171075858840716	0.0953557367282546
0.303847341359375	0.195129211077605
1.10616595577895	0.985967429204823
-0.704929630795692	0.563830093556627
-0.0258201859911431	0.020082352459591
0.250495639758012	0.363778747583931
0.0788475772989625	0.0706040715990475
0.977355085698417	0.776460838137083
-0.472463706743308	0.31640824305721
0.669933543252313	0.313410463284172
-0.750699276625547	0.264252450117151
-1.51063293539624	0.781399863088017
0.421203354226399	0.167646287463578
0.00508188135824576	0.00280063187759978
0.154274576469494	0.0889125632634827
0.849195849680874	0.612469012869314
-0.433643708567734	0.497893742445011
0.159452097407484	0.0984538796026778
0.644424999818512	0.207579266186308
0.637110020884382	0.202981575807905
-0.243241014092852	0.0808370662671502
0.678448247211873	0.321181182956278
0.704560427779259	0.457558714951483
-0.796312200500569	0.438095067607232
-0.252497309022547	0.128271921232759
0.771860769758984	0.602800696616859
-0.517925151580179	0.392144021298195
-0.521181964123867	0.398815912556793
1.11775044595559	1.11509204101789
0.941417117696989	1.77561417357501
-0.135073064630188	0.145471633606692
0.306946132271033	0.17911121481774
-0.338747213302291	0.203447652627214
0.144878841292722	0.0757861267438666
0.451343654696715	0.301595141155874
1.01429902555537	1.30603671360143
0.199647931977639	0.308631480001864
-0.0730312623576995	0.0833503949411491
-0.0674276092876261	0.0554119204306905
0.156176241314498	0.0961826170371071
-0.1217248982595	0.0713016177127332
0.136893234569059	0.0655799189002601
-0.958767209624763	0.585983204177203
0.890165575625618	0.483506941346857
1.612823124392	1.11498339295003
-0.520114197034311	0.402018746607355
1.65479741811176	1.52698448321202
0.593180602081494	0.309281164073886
2.39301990730213	1.99857015442159
-0.161909640707885	0.0922886409858185
1.22936809235408	1.3417613790095
-0.460769751230065	0.362481435405802
0.571341986877297	0.80031381645814
0.677987808232969	1.5736281261939
0.203862169656733	0.301872292324524
0.22443171921598	0.288757603210185
-0.142421073326435	0.162821369125865
-0.340930665342945	0.463548203782309
-0.015501921624654	0.0166265769803396
0.430631177948591	0.610610528164946
0.0701188420373434	0.0682447830582944
-0.146094649019089	0.140132870359495
0.533543741885618	0.859321817330533
-0.0241005095810346	0.0226300849801208
0.644431787809415	0.939628215591778
-0.175099715757384	0.16745082043268
0.253878545231087	0.291364313973823
0.205285475697161	0.207533560846577
-0.079570479008436	0.0715034011831691
-0.302149531277748	0.312389274389278
0.589374481159104	0.747136218671341
-0.214231826066713	0.22907607700842
0.416095634338989	0.520625935107175
-0.0853925937593604	0.0889739797121507
0.0392140102214029	0.0451710582407961
0.14003015112093	0.139945884894688
-0.26162613774879	0.353684630706803
-0.474426044843222	0.774601568325679
0.511283521607856	0.966678638650442
0.384878089698849	0.692520169089443
0.263668490282589	0.341827227993016
-0.451879859480615	0.608039131907902
0.204912229514005	0.213233436408375
0.00580159113096325	0.00396604120601554
0.167247277236048	0.127507558767289
0.433575426650683	0.423139614448299
0.641203436908402	0.204828865510354
1.08357104551131	0.646163637914483
0.139465857260545	0.0529100846950272
0.684763901775081	0.320722889295863
0.427316565804675	0.173552865810992
-0.23788425127927	0.0784171557797199
0.570830628394349	0.546501627410587
0.299765156316004	0.175769103343846
0.530499030778851	0.531684259142905
-0.132774355425467	0.107782408463426
0.256628265184896	0.271785245105759
0.112373056812553	0.130110646548326
0.855822122841294	1.90691586730453
0.975070712514282	1.2579868740336
-0.233179082724476	0.181053715385648
0.434697628320939	0.173991601120917
0.160828729384457	0.098818619985381
-0.260492754072291	0.129628575463157
0.138899580311955	0.052514545002412
0.136917599440364	0.0590641259625537
0.644851425084045	0.454487053913742
-0.182447098383741	0.127384698341911
-0.557800549230222	0.35210649285833
0.156358073965365	0.0865257104171327
0.940706152147039	0.624488179958746
-0.749016960603366	0.260324229050126
0.168933243985928	0.120203957413317
0.658849838592008	0.68426691753306
0.332882433528859	0.318288379086082
0.304694393094409	0.205436835627575
-0.181785280624952	0.171484055677367
0.082175435834299	0.0894327141508291
0.38018540240291	0.411107967012687
-0.347565096939379	0.245230389804603
0.592454546599739	0.547676678476078
-1.02382472284872	0.915078507557855
0.352349666304454	0.178009324678032
-0.807509567316138	0.710765602692085
-0.109287574984068	0.0438132578834764
0.167671413229375	0.12002186504533
0.0515313589694427	0.0332653670670155
0.171443078469042	0.127281003006804
0.674177862111293	0.958593572844354
0.279592603113481	0.219672222640296
0.589818682935865	0.306543314203429
-0.103697604042874	0.0414992041073059
0.888467336768491	0.472957902530363
0.278525666868152	0.200798170885355
0.53807355605075	0.311026776320283
-0.105310687555023	0.0780946120085626
0.477276551442921	0.425619701860908
0.158866753940692	0.103696884405649
-0.398771897877745	0.345979308758138
-0.240950027341324	0.24091506215903
0.247180051979661	0.233370759349629
0.280119377203801	0.218724287953003
0.670395845307773	0.698307299479238
-0.211950014262612	0.144134820620177
0.00189884437817696	0.00126770292033702
-0.269268947977118	0.262037628968103
0.120174687431756	0.103726042935644
-0.0635028465833013	0.0532989761745633
0.53173600629055	0.681390536262003
0.652615067751587	0.456377484763595
-0.209828889473635	0.14334770071193
-0.155876550443726	0.124008814083075
0.489269099541621	0.439357214862133
-0.303374078284026	0.224849403945865
0.44122040898352	0.430410055149017
-0.418490667817998	0.23790382588059
1.10616595577895	0.985967429204823
-0.126864433766695	0.0764585619551402
1.03571053618026	1.10125013237957
-0.132420054798743	0.0924801350845733
0.392864901510136	0.42988674137772
-0.122975536531388	0.119486662031011
0.254114732946618	0.285421949381557
0.0537643248428146	0.0324970883540742
-1.20873269307633	1.25527597649527
0.683295886413862	0.321423944540654
-0.0860148910446478	0.0531759605518175
1.56569913435509	1.68878712740581
-1.05564420917753	0.819704721699335
0.0330323104927587	0.0253204243911016
-0.660904210185243	1.10406254340712
0.126775967105873	0.13797274253135
0.253770992742441	0.247745383698421
0.00784460117842049	0.00424166526141747
1.75326621981209	1.36112015215852
-0.413471146469316	0.233512503165673
-0.0681549971377887	0.0301311833607795
-0.786061122769745	0.336125404201829
-0.480301151273334	0.511344385793277
0.261657477662118	0.323809550856024
0.0677761769102603	0.0738458998160006
-0.121683695753172	0.137827094331469
0.303933113714116	0.35562858916539
0.0196742434932088	0.018002572939827
0.162171374848453	0.105819784562704
-0.443891512922584	0.386052582780205
-0.601864969654653	0.634451429052738
-0.423958474600641	0.438041218737008
0.162304112207852	0.100007335953321
0.870173434489186	0.988799170796895
-0.122431143939242	0.124297161924253
0.185463850339933	0.269647430057898
0.714658756171797	1.42963056085484
-0.62745056274624	0.726265387244702
-0.143716175560534	0.126237647436306
0.096422612229841	0.0757359498886683
2.89839744953174	1.92878321646643
1.13171518383307	1.14415146120391
0.849780576698173	0.623529260130136
0.158399798310184	0.101184315790032
-0.340324095308873	0.203729201741721
0.585270375329972	0.298138260290893
0.636236900860963	0.573101923363259
0.162612355539467	0.10297175713952
0.164335121006419	0.106451026675894
0.326661783957572	0.32806967042819
0.681858689768461	0.881900696245944
0.289930608160293	0.209050902619124
-0.0542671426059488	0.0356390280033573
-0.429165169637993	0.401213654979095
-0.188628317950087	0.150660325859841
0.477921061282566	0.426616319230058
0.359670559863096	0.316448976319593
-0.258910458465414	0.235397377883403
0.309407708552693	0.199416835121275
-0.175603172521778	0.123565812535525
1.09298624264309	1.48286582093703
0.447903363902311	0.420982492050396
0.157011066401094	0.0897192288766756
-2.05228873748849	2.7143585593047
-1.05371188415483	0.836987073744351
-0.350097249404669	0.254198219926155
0.466341245153185	0.432295412054008
0.281375235209356	0.203887565888386
0.3538382420147	0.321967660211215
0.27078855387098	0.221055070464445
-0.47257198100794	0.450327699589968
-0.799310829384129	0.610478640365531
0.271302566476186	0.210667303049747
0.47385678576188	0.524325462386813
0.0656420681945962	0.0442326593467582
0.301778998661524	0.190407985708023
-0.121720201961339	0.088754303586979
0.165807166617894	0.126031411134146
0.159460721214323	0.0906801785960579
0.384146855472211	0.318655388686597
-0.68369048474447	0.810610979174171
0.469012877338344	0.435104286567537
0.71066961475893	0.810461452365596
0.722153541944439	0.603200292648794
0.429430403324828	0.174308914564631
0.429491302804983	0.305916570975057
0.591667354127286	0.445877587672627
0.823837594833908	0.978416316525047
0.133606661613399	0.0514748615616714
-0.648681402263702	0.638885549740685
-0.181458945273973	0.171747212254397
0.0782256961062029	0.065977206917803
0.936114450228787	1.14208973322683
-0.160461361982786	0.146351190718314
-0.141862197636654	0.135569096845534
-0.0669989286503623	0.0613432842478024
0.105645739286656	0.0871449262199205
0.299453945237381	0.213761872715884
-0.0861124736001202	0.0639388939534352
0.264073519844882	0.228340287989481
-0.691822055665197	0.886998154088356
0.0738842230455677	0.0655044002385365
0.296337345026411	0.328014184344757
0.107070347012033	0.0869907557195123
-0.49707716282248	0.513290522170085
0.984295690923089	1.07037742324791
0.695366451286592	0.706589939478372
0.373000014955038	0.301661213573098
0.172462429959855	0.132622496009583
-0.369291614707138	0.332861629957973
0.0470192991579349	0.0287732957888052
0.331946089739297	0.326187043550854
0.783280126692186	0.739057755735932
1.37724370823205	1.82469132569475
0.789997130270167	0.956042447547204
0.0794964228621149	0.071538872614446
0.0287975423740183	0.0221471312218667
-0.102197368813402	0.104420613310212
1.55258172988434	2.0935168919356
0.469708951273301	0.433828583145006
0.295817170629454	0.190125873105034
-0.920491110587454	0.765392339764259
-0.929630742083758	0.667585551749342
0.125944161747299	0.0432199706166619
-0.913921331987684	1.15398074949533
0.225869696737183	0.293480196274546
-0.305260549777229	0.437888569651645
-0.185455104459723	0.17678861632014
-0.20655238258083	0.140629999980771
0.144617418218243	0.0769810703320119
0.534548781308847	0.304511475764789
0.637821577188168	0.448705298720819
-0.251083690572741	0.125458236823705
0.566198800426727	0.687789641284448
-0.391068561867606	0.606196091298271
0.0805084306062409	0.092372292022355
-0.350391764784508	0.444838602576169
-0.0996312119312715	0.108447220112975
-0.0395087449483218	0.0367473997451205
1.57399615447152	1.69664110800774
0.51076239093806	0.59671242075023
-0.202623755782257	0.159147974959397
0.447021816328494	0.426519972016686
0.414075122287428	0.315105104361221
0.0395445701505449	0.0243206179770561
0.0588402603763665	0.0660083678682492
-0.0471080715845276	0.0564578301746447
-0.112950238426029	0.13434928370322
0.646328326139928	0.864278370751797
-0.155914876998698	0.146039826907694
0.378326669019839	0.430820440021606
-1.29580538399491	0.604526107834548
-0.567264583867235	0.357524345392866
0.0234872247462741	0.0137112346380925
0.326133769412994	0.181848147179863
0.159524845771739	0.104264853861445
-0.717004016909058	0.637576808518469
-0.396061698062036	0.383508221397426
0.283043734314548	0.205353928926517
0.697600198324953	1.03484423098737
0.453206964075586	0.428509176660942
0.330806511570722	0.314446882605735
-0.236205519988554	0.236008132788964
-0.158147444556745	0.138696134135897
0.172359030059675	0.13359485401505
-0.495168898824186	0.43004099597396
0.439731236636633	0.426228755188187
0.111436917819848	0.092891657928312
0.575271012914695	0.555112434654701
-0.396614989678032	0.346620176354111
0.168308332181635	0.129312820697013
0.238037057671356	0.195210012720551
1.06791839326907	1.35221506238519
-0.811722817805681	0.706035677519858
0.826575608436371	0.850362807724719
0.183970132805838	0.160322130806768
-0.0161654366431186	0.012649164439756
-0.304677638496167	0.333825119335126
0.124098398476246	0.111773955347691
0.16713638115309	0.128762147435639
0.264083118188442	0.24145497731834
-0.732210265019141	0.768261651158583
0.1875215529289	0.160919573977853
0.0938220288052838	0.0716412734477069
0.393432666312215	0.312530444350301
0.295712563134614	0.200757040911717
0.704457638848475	0.789266351850011
0.429624236740232	0.309089345840264
0.441132021181894	0.432524623294643
-0.0418511464396516	0.0317611049807294
0.0597970368223677	0.0400286832717895
0.991509546688556	1.18721851734472
0.456308294882629	0.30322578075771
0.777553308579163	0.461805751268052
0.46058001783317	0.311222519029984
0.445076470037177	0.420644346488544
-0.406397619674031	0.164509418284259
0.0636818388537949	0.0443350023948241
0.174982611855948	0.145723014666734
1.22894014705288	2.65458726202913
0.51220529032462	0.626484596475055
-0.180549078084797	0.15851655883613
-0.0860148910446478	0.0531759605518175
-0.357328093168813	0.257963618145664
-0.619844267674164	0.517642442947128
0.0135974941687002	0.00982927170465958
0.0442974561515613	0.0409545580425393
0.261220705069336	0.298024282913961
0.176582939118195	0.14661922223089
-0.550345549941011	0.556723621413278
-0.618007684301646	0.5121574149395
1.01267610680607	0.960950918243964
0.399012744000188	0.325051889190824
-0.307487324377725	0.22902607997482
0.0719913171514532	0.0507586330077379
0.528232912984649	0.440241350998683
-0.912712367596892	0.74918785714296
-0.556417803329537	0.351146968784137
-0.990780339479534	0.974117636009833
-0.221368379706185	0.19017032290916
0.618597833731631	0.74166547897376
0.330102863731781	0.321899889211697
0.642781838106502	1.10595577437641
0.251542279173042	0.246955837885335
-0.232309257145747	0.176460167397376
-0.0731325020433496	0.0466106381729456
0.469263055120945	0.435574630946798
-0.0337119036581693	0.0160378808348101
0.15522028089683	0.0957778146581131
-0.878356839518268	1.26452587780237
-0.0109236144832327	0.0108495283194179
-0.236693670882587	0.292519288336925
-0.134106551988136	0.120436441891671
-0.00314814767405996	0.00215709245099104
0.586246750342839	0.429516953975328
-0.0456287366667666	0.0215939407430633
1.51549217207565	1.26396738172657
0.63928635035583	0.44537819468218
-0.123673150926546	0.101703568964381
-0.0489482776407909	0.0481830879459857
-0.551805685798639	0.663342264739997
0.205749877457093	0.238583294433623
-0.27700099115218	0.309564940084194
0.833500528165229	1.35308812725583
-0.364743375730385	0.395499059211453
0.0540417009694193	0.0498475117129306
0.167531324561485	0.113554196521883
0.186360795482706	0.162937237566056
-0.174649760862371	0.122831801265235
-0.796022165154417	1.03134409070215
-0.225522172594073	0.281202651512463
-0.00867769074992201	0.00961588136728751
-0.0569460004786495	0.0655279971269038
0.366899050771678	0.429650043850896
0.384315683148844	0.429737750385177
0.257465364066209	0.250481903473043
-0.367964462335371	0.108363329225903
0.379767975082268	0.171829370723845
-0.799798034394483	0.526730605320501
0.457621093627417	0.305707286090518
-0.107568195067127	0.0434381175009775
-0.821674771755221	0.614434410691704
0.458974846470448	0.423016278360905
0.784078109137101	0.945117453050545
0.261383311957189	0.257563626210106
0.00134535698103401	0.000946325745300738
0.369666977622842	0.404980196590746
0.0591251704717303	0.039521264531179
0.165618939395392	0.123212467400888
-0.528917286985761	0.399502191909285
0.285869719052439	0.194674349102181
1.21792071041859	1.15452843474727
0.77692334990209	0.736272564100808
0.43414572748205	0.314839933813907
-0.808474894733553	0.708199743211675
0.358304455479223	0.315546231013337
-0.311062943502961	0.228810690155553
0.142356469509108	0.0673982292491835
-0.204875836102169	0.138132367592748
0.436262973449423	0.313527957103791
-0.258690229033151	0.218971603357174
0.0757061724565647	0.0532098383027331
0.287259073901315	0.20766626327736
-0.0158228198846475	0.0106944031972277
0.279592603113481	0.219672222640296
0.27527741831239	0.229955206449862
-0.942773716794633	1.15973206762854
-1.07408926745939	1.33701113952632
-0.163569836270384	0.112633895852597
0.800731449974192	0.3425296464443
0.936002366564283	0.919765220399377
0.155457473048055	0.0813049267401691
1.13164357054758	1.29348733552935
0.174047636008686	0.136632070021777
-0.164831551124726	0.0935825267291188
0.589345642325671	0.438106729641078
1.23335810368922	0.841249471480274
-0.967454771558885	0.59502124384289
-1.37174536463197	1.59648444768008
-0.0705030082301136	0.0311163910794617
1.35705093443808	1.24312692398971
0.388546692095892	0.173982031690264
0.329676638658938	0.183285115863043
0.79747062420093	0.336571067175277
0.987565151114871	0.791901220831776
-0.166110825956234	0.115340808711716
0.238335349516165	0.395831007317894
0.394356268400551	0.613064780453954
0.474804959394447	0.417712262654937
0.146779442627304	0.0841887488842592
0.376257500531892	0.169443449905246
0.132811837596966	0.0630790298402102
0.67510743727222	0.319464404088542
0.427152541904727	0.169353118107019
0.127239208880002	0.0433350040918735
2.7303325576769	1.68807584646928
0.133502874099665	0.0402503094723903
1.61183076272112	1.12784404487393
0.131708715990167	0.0395807956970691
0.844883769293908	0.611762754277492
-0.802585497499607	0.703405819635459
0.671041733519855	0.586304026778605
-0.353713585800242	0.408410281976099
0.467276895609963	0.865689958826538
0.446863417062696	0.716878412934595
0.324083344989682	0.472233532639866
-0.0894551208051946	0.0893433989955631
-0.0403303746069378	0.0423579772874118
0.160996546766041	0.214025438291332
-0.386625773176133	0.529955055558293
-0.163775113215324	0.145082958081629
0.191428561311377	0.167679406786112
0.0547964110216438	0.051345837981535
0.199088501653083	0.200554325387536
0.818749805087118	1.3907106429918
0.595277897331684	0.894786006360104
-0.148550387066859	0.153716962554494
0.367574742327341	0.444476226973617
0.439816897685616	0.527988761921027
0.490534991732462	0.51808066290104
0.582632420521892	0.641242858966809
0.190041184972625	0.155595615952685
0.55599576990458	0.706657327594418
0.0545642990292879	0.0519116708100651
0.441919140767537	0.661851195863173
-0.187981124749258	0.18771038817004
-0.163987033717617	0.181923235685983
0.215374381149275	0.243777149092723
0.242946994588503	0.317053785156982
0.112576017051274	0.139610795882858
-0.147258407520369	0.139421827533809
0.090383215703769	0.0841021607093964
0.382777787235072	0.399414574847687
1.1017282971925	0.821444324524602
0.134805386154992	0.0338121207710829
0.142698404858563	0.0359575700897484
0.140605369101782	0.0351308802058006
-0.112342313132849	0.0449811945404351
-0.751242116977273	0.26084895642712
0.137432365546475	0.0592370194345653
0.535854933700683	0.305045762370934
1.86820962233868	2.01090493420269
0.154700510860404	0.156651177503278
-0.406545428920502	0.579067433710111
0.0255390965103659	0.0256996324198085
0.851714008680393	1.07906945624008
1.09110602414112	0.81670955251751
0.35324594609204	0.178158653157937
1.31004168491493	0.570431048013254
-0.255575293751642	0.128733357395257
-0.240229628086566	0.0794522230625189
0.50131905120822	0.180918046026188
0.504119448545076	0.18175729938249
0.148859156957185	0.0784227703955889
0.775771052216125	0.459105115692277
0.891129978293275	0.464906877578896
-0.119482404314862	0.0475944941325368
0.509052098375085	0.181471315062222
-0.491609589223039	0.426894129758298
1.4741881227176	1.45380383709388
0.659748513426386	0.684003764413594
0.333612733613531	0.184170242602965
-0.128842962063077	0.152625424804102
-0.127342173179722	0.100806998779602
-0.0729880211676495	0.0457665806611939
0.890515857193249	0.479491370808101
-1.29645256159416	0.603706616563397
2.53970402759298	1.41696467887978
0.59231653767676	0.432104674789894
0.427316565804675	0.173552865810992
0.434460546475502	0.312031964736174
0.289955007619733	0.200046954425882
1.23000605036826	0.826777326080112
-1.30504147506544	0.593326185883392
-0.413557337713277	0.174154252895799
0.594684916497053	0.311573640098471
0.373487151618276	0.164905376366025
1.26232528093409	0.697852762443799
0.150693249022238	0.0924974705147837
-0.0488803477186741	0.0372023365346304
-0.248090095637468	0.378113530415338
-0.287896031514548	0.468231153948591
-0.398316339222912	0.446253132800099
0.160896307823652	0.10500399929942
0.270384078434464	0.211284761574699
1.38835937458028	1.05853021149368
0.148878441835777	0.0786343665565486
-0.238240734215016	0.183309234342628
-0.197914348993558	0.106923364632974
0.304395772603242	0.182394926870467
0.0212210994466155	0.0123435479731364
1.07673581233202	0.656809634217666
-0.625462355035195	0.512804420251713
0.601732508140595	0.551683132789325
1.43351464057174	1.60481463331111
0.894683903893119	1.11637954801147
-0.197101529432284	0.228065285138554
0.569678004219375	0.901607847311804
0.51390994504021	0.706842800724625
0.0733355363884663	0.0656412280243223
-0.124556988340275	0.128275733187434
-0.16768783419915	0.148582175481842
-0.282747179402819	0.328626775799448
0.316820502399856	0.366705833775064
-0.587169889860548	0.711468067139542
-0.300405176004405	0.295529511525286
-0.917588655457238	1.49470622692265
-0.255787924879765	0.254270671239167
0.00972055973340997	0.00777657010708708
0.341789116559399	0.300595363869727
1.45569083459392	2.55390174198026
0.406801885421649	0.436890468350007
0.0396334500449391	0.0306745228268367
0.0765267143653561	0.0683872715773472
-0.072563279450332	0.0715104235197402
0.00844276487500332	0.0067650094443465
0.108033200890696	0.0915112221074076
-0.0300207398180523	0.0261675981208184
0.406450145035951	0.526185714309037
-0.268796509432942	0.29942103394239
1.13327753305495	1.96724756899904
0.73618460916478	1.0671070407777
0.0826725105418336	0.0735515839664606
0.702012217222241	1.19837042080797
-0.142708324994282	0.167520406680024
-0.0685768763774398	0.0671708654946811
0.573459056057909	0.805467353167522
0.431617695941861	0.512986359019203
0.129643468541556	0.0437633765290747
1.95186838079075	1.19796901059665
0.133313004084395	0.056949834160382
-0.503689559690045	0.267283523217896
-1.10866951643556	0.762276769118091
-0.0614779697828405	0.0386515077519479
0.162668779636877	0.116077145627736
0.643273052497884	0.948655591142774
0.164770209439115	0.191206961501626
0.623262837793388	0.915430607447606
-0.677448804782078	0.711460336427687
0.604323486831254	0.454731686855532
0.775967298559049	0.613901541094919
-0.315065833669628	0.146663822557794
0.592664555730376	0.308811114106468
0.782061871375915	0.467893254699789
0.278923091340367	0.198181959427409
-0.350698021531528	0.2511600798664
-0.0687919109935123	0.0433534786051105
0.151969281484609	0.0914781292959163
0.782095801627822	0.466320599728367
-1.84585341811123	1.68927562282191
0.109323163003531	0.0928109166422341
-0.628217495111353	0.560353761946174
0.268662599392624	0.232837052384378
0.185955984188061	0.160563648919092
0.094243896482782	0.0689177829367199
-1.15750557402915	1.28952431786726
0.144052503073331	0.0693617330621453
0.483463476103907	0.43531208016213
0.950544427924907	0.634021320846522
0.140054990346714	0.0667516644952274
1.07891246380742	0.653945121581641
0.343765992525151	0.169127236642687
-0.515612701513419	0.395411244824862
-0.248892050855984	0.125306899342208
0.626934756547194	0.664610547865095
0.472762248057162	0.415367730029468
0.114713077451735	0.0979317517411982
-0.0249155907890896	0.0214553234657049
-0.183544440895868	0.171494267712292
-0.255689391042718	0.297103616056014
0.101583629949043	0.111616802659617
0.0561566674620756	0.0471168467032836
-0.175082564961669	0.138872578669033
0.074733371735859	0.0516161655163273
-0.394772791604971	0.376355383907992
0.340728281120785	0.334736535445903
-0.675448989860718	0.755657033133185
-0.784158160181911	1.05231102390436
0.340898233984829	0.321920211299341
-0.43046608063911	0.412970514979794
-0.715350257749116	0.645682434162433
-0.120982375759898	0.087795887206862
0.726581982472436	0.897954059914628
-0.237902676690629	0.260133800053048
0.262207313336624	0.293238445739686
-0.0295080485335467	0.0254869212314314
0.444937470784059	0.432950261076247
0.314163119853779	0.188906455584661
-0.501327698636024	0.500532409016921
-0.448668404957482	0.388295189937105
-2.24540229390514	1.85056833153067
0.715938358870993	0.905272467215618
-0.125947737594807	0.118226771207618
-0.0446829795593973	0.037248315704081
0.637139787228094	0.769875192846924
0.398864575681141	0.313092113249434
-0.237146210208302	0.154919352192304
0.706370685129045	0.458789501405737
-0.0132599364314478	0.00677475939949745
0.143901005519895	0.0757344932616346
-0.0171414959717638	0.0134080192999302
-0.0476799535697675	0.0443663269763134
-0.400047183130574	0.511584123599265
0.163210485556877	0.179074076635928
0.056503237966151	0.0519324905584348
0.501474925200051	0.71556018273146
-0.359686400037053	0.29529673056507
-0.323208915471122	0.392532178955968
-0.226956154954961	0.195128264333397
0.0670313455320803	0.0570518270851824
0.152261889675725	0.0928552424187236
0.59702548902817	0.559530557187101
-0.27198519302586	0.361377926569905
-0.410333652451277	0.646929158030722
0.303238866023632	0.403097782477628
0.314678813696974	0.32402337550121
0.865067855827408	1.61652231815401
0.318662489023416	0.173697360814224
-0.643116926149959	0.584212934037461
0.305190932499044	0.196040533472654
0.167714057300284	0.132520754180183
0.611691689766188	0.743397203350123
0.0743396094529782	0.0521323602991822
0.184603894898509	0.155975384282568
0.0617275483010356	0.0506519171567373
-0.668059620497562	0.710530810469062
-0.278987498941609	0.255640673672894
-0.192599719995553	0.169057799160091
-0.466972116044022	0.479031560958024
-1.07148637593744	1.14001831788777
-0.571385562428669	0.643533199259323
0.0550664923164134	0.0452291017408462
0.480497796528108	0.430950995790465
0.287142479464526	0.194282019214655
0.674301118612723	0.592754226451016
0.571230742075475	0.549519313323939
-0.0445120378949543	0.0342526288955187
-0.0129303543656369	0.0112433362912386
0.634708815061058	0.764668151750979
0.190795776194194	0.1751050571488
-0.264962136826477	0.198137055471413
-1.14911410694436	1.27845217139262
0.274548009849651	0.205459008282019
2.3719647645017	3.59014714099077
-0.0795406377735372	0.047862137440965
0.982992818266039	0.789295204348731
0.580128325549421	0.639125380603853
0.774821130404631	0.462084985595458
0.919835854954754	1.01663047525501
-0.320782300694313	0.310858584937533
-0.0976427895628481	0.156516923189507
-0.469982980332616	0.810702486432154
0.797986127874066	1.13706532270862
0.155500247377479	0.0915360018319427
0.00628756593674924	0.00344167638455677
0.310447862712579	0.188035251873523
-0.0887673508236703	0.0550111549956426
0.130491514010977	0.0447267681525709
-0.429161243214921	0.369786529270482
-0.358149468833095	0.211125791284572
0.294612762086593	0.202564743618787
-0.568654273985776	0.358182038312199
1.24563223569958	0.854413991300148
0.431612831261596	0.303988014248421
-0.243024184836429	0.161829103523743
-0.413947304411167	0.421524727147635
0.170371087183465	0.192446032366072
0.234382007966242	0.341830206763744
-0.00482368068108822	0.00458314920898866
0.047149481196561	0.0477734808093916
-1.22349701951309	2.30803057764792
-1.02935862075853	2.25128618500105
-0.0389589598938084	0.0382543049098276
0.193851258029825	0.21126236424055
-0.366641099393816	0.423983737447595
-0.57619647249102	0.774160331147222
0.0371809498257653	0.0367737129968692
0.0775364673780399	0.0674347450001828
0.393410098768579	0.436680600518001
1.53163238564529	3.00490902748534
0.577822479010821	0.73086092922506
0.0580374910445821	0.0488201181617761
0.356075179086364	0.433288861022202
-0.0170045066377144	0.0146645063634721
-1.31778496930769	2.11093536339988
-0.289126199369092	0.304054979919261
-0.0476833540889193	0.0397207846338577
0.114578185722311	0.116212828320475
0.156243354612131	0.157025590146909
1.16458955793068	2.42355401301007
0.890907814897174	1.77402344142153
0.806074186764512	1.56871869746865
0.375102782256982	0.529700681670327
0.00416918673752036	0.00449408136217599
-0.437141233935936	0.616540774736218
0.171721905389205	0.192574226730635
0.428192516789148	0.582868039683726
0.491659911464515	0.523539086002853
1.05380079122443	0.513210927003378
0.146775694809714	0.0776340872203731
-0.0695898187947836	0.0303574155888133
1.61924704050876	1.11632929809609
-0.175063012346741	0.123012828110111
0.15398859175643	0.0979859828202729
0.128925533708437	0.0438883757730603
0.912346902652553	1.21052864486999
0.478286417771728	0.61137766170291
0.256791339878591	0.335968060347955
0.155710935348858	0.189614414679283
0.185639694953218	0.168261890218988
0.352329760125203	0.316726095021425
0.149434125908253	0.086144575755565
-0.0635764780987149	0.0276679656551221
-0.160050064673162	0.0923000065324634
-0.166179048745384	0.0948694991784657
0.330087330114261	0.183026291187426
-0.199612906061565	0.10676982136449
-0.130150423234744	0.0777446062029259
0.791049929788668	0.9459128508412
0.382183403402879	0.435018452463173
0.357141653016445	0.51482793461261
0.261365433324999	0.279632621747255
-0.206540951525946	0.139963497503685
0.164746099478244	0.112842429695347
0.15058091218155	0.0861462650441351
-0.0708959284935654	0.0311295953444093
2.73223908312967	1.67919547483517
1.76409178863283	1.00871452403416
0.613360208965543	0.567336169218481
0.893574879023492	0.750928766130307
1.04762263326671	0.514085617901239
-0.0602589847026037	0.0456055353582372
-0.267103282333412	0.519185166755252
0.0239887908840904	0.0320041490180955
-0.0234282769904127	0.0155885339446994
0.463096318408375	0.312685331120639
0.675973094900708	0.317355384536699
-0.076782462853917	0.0332124855524342
0.165814752143945	0.107308602899219
1.52652448177854	1.29028220482083
-1.17284535458825	0.663514299727993
0.348597644657066	0.175401402678834
-0.411713044591761	0.235571956836109
1.34874995913597	1.23357348374812
-0.259658971794702	0.130028447273462
0.137556978054592	0.0531923652243862
1.75551337250765	1.34285892067139
-0.890381934789676	0.909771935453956
-0.320721912632891	0.409759761825838
-0.168638829437277	0.256592781677478
0.175778362340254	0.249547539896133
0.0596903502697094	0.0688677523812808
0.0276325544014703	0.0309449857242507
-0.63044701841527	1.24063347457613
-0.679918272478869	1.173482888061
-0.235998726847177	0.293692972709825
0.178676474012512	0.151671082603952
0.172508892315265	0.133681259836691
0.301755961662546	0.35634714843978
-0.376003909499224	0.452922383340475
-0.15351729181314	0.153669066357927
0.262319678466098	0.321510149955363
-0.362339479570234	0.497016377377389
-0.510975629791834	0.722095439356302
0.139462237468804	0.128127566889502
0.502784611442498	0.430718577583711
-0.658403330250716	0.669818403439207
0.0300463523381577	0.0224754770125647
-0.0966368177323031	0.0596874921868667
-0.194676544201195	0.192148894948965
-0.244665926625735	0.310086354690682
0.369917027634925	0.44034120656561
-0.230460916763865	0.26539432799586
0.203259481437675	0.251758726128765
-0.199349382543818	0.273696796698726
-0.0351866539713875	0.0442648748490268
-0.380284649341371	0.491677539764948
0.073767118573665	0.0653017908143797
0.55019431753335	0.706771974144392
0.135367591545968	0.0459572612231435
0.366760774529121	0.324507265632039
0.255752627594254	0.409643815792022
0.0837185426619304	0.125619520275512
0.773196461028586	1.02543315972086
0.328302446071064	0.182485872600745
-0.169310736207172	0.0622086261971111
0.141109942912127	0.0612078552861342
0.133803328560972	0.0629688670497474
0.301438913951279	0.204995014459595
2.25355090014102	1.68943178682083
-0.0755492266607365	0.0330110630024324
0.454068373130604	0.30506600991462
0.599238505244802	0.31326798900738
0.378715465119523	0.31132795835773
1.35660359772848	1.2417178393772
1.13913474174764	2.12082587549177
0.197572450649594	0.197440998486602
0.317967936854128	0.387807914205935
0.160885192351165	0.192479934567267
-0.181794787886852	0.206405635584206
-0.0219168482344441	0.0206630678598784
0.687728127373093	0.8013630416564
0.0979390419225143	0.0769260645746241
-0.325588095191789	0.296258243093595
0.66409065563034	0.569355947011909
1.13708046923137	1.39444318192994
-0.0591881849464548	0.0445420895499657
0.265134140791809	0.229800790015161
-0.33614391797771	0.352643833704494
-0.529421979329125	0.490501407423305
0.182448689774171	0.150742279259606
-0.327395190474854	0.294684485611425
0.441949804066904	0.508366216674102
-0.0751249309862676	0.0626246455480768
0.30667184785368	0.379411813202902
-0.179180814080573	0.181852447546969
0.164584445640363	0.117789129149507
-0.138930792939396	0.0981273545803424
-0.228353529665504	0.174952479239912
0.403384112057602	0.409566497655571
-1.35510964679157	1.34524237223844
0.277993269756312	0.205173597835951
-0.547853522147018	0.466445126493658
-0.329542441786649	0.298558600699695
-0.39698378247341	0.315592711912462
-1.99320862483559	2.55834429895209
1.64737489584993	1.53946786483217
0.833271373557721	0.741189091596601
0.387836077353972	0.174578646853337
1.2211585710585	1.17425541789885
0.0766507277532897	0.0556760659115804
-0.548549441083823	0.46740294081855
-0.00137303704728106	0.00113210488353425
0.14536623131149	0.0907187333135308
0.0581847600546868	0.0388686116444007
0.434605278954627	0.423256819295579
0.949193853162218	0.925811661345005
0.167670868812632	0.108247516684615
-0.490080910401683	0.418400475878723
0.742840413975185	0.81790812486285
0.175115906108602	0.135330526113415
-0.0275793393178166	0.0185641203985011
-0.236211698258071	0.234134031413119
-0.706561843184007	1.00510312539563
0.187312230568924	0.167405968601908
1.06699853431405	2.10924927219034
0.681948946347124	0.79007791687572
0.731514753647775	0.900034177615494
-0.0698291432451277	0.0564424318972547
-0.0785602824501488	0.0587228114189869
-0.751441228971882	0.979186436706346
-0.519987994192636	0.400442351469467
-0.362678518475824	0.324234066401107
-0.0343622609213359	0.022945848681691
0.181806511195587	0.146104960962122
-0.316641426899281	0.263532795632095
-0.0155306758334617	0.0106626200185673
0.343493787866988	0.312587446227111
0.176945268511141	0.141843866744094
0.424504028162585	0.42706906362445
0.623964529092737	0.812665892840669
0.170792548186552	0.109914633155434
0.59568991131545	0.825396771010365
-0.143257187744992	0.146966578061352
0.310226162998766	0.375427759804835
0.587910168482438	0.781630429192236
0.392433731143198	0.50923681942699
0.364600009388787	0.412425931045872
-0.0470922996506482	0.0426056649507104
0.15153315678222	0.158703924297794
-0.611721146304112	0.973505761490479
0.431160709453655	0.593527407616833
0.0567931811840016	0.0465313698568467
0.738402867850478	1.15750807686008
0.00215479073184216	0.0020076936117462
0.206870793057541	0.226722668249359
0.431517519155337	0.598268184428747
0.257929516707558	0.220379378320244
-0.360767563177965	0.257948599943793
-0.354148522906543	0.211501885421755
-1.30568428835056	0.594709541068131
1.04271631472557	0.504331748851887
-1.16180306616162	0.360626829502971
1.3006719877267	0.570982695859716
0.136893234569059	0.0655799189002601
-1.15408958734996	1.30582271997057
0.386172460326197	0.314939913684658
0.59231748202227	0.450153341677204
1.44183919063751	0.883734076078182
1.55479791616394	0.782861546376213
-0.645977108318167	0.157387277340251
0.50131905120822	0.180918046026188
0.801640822834797	0.342681912930608
-1.10863819859746	0.745969076543895
0.162665125965513	0.114997551750104
-0.714321615585853	0.633034819716588
0.154072540186945	0.0948051640950823
-0.218461689013293	0.14500225437841
0.837213876489194	0.570253000863473
0.785339791015422	0.316088237565921
-0.519527003911255	0.396605128404129
0.593180602081494	0.309281164073886
-0.799887932739894	0.69598953374079
1.42822224336494	0.477074019570971
-0.998275375108455	0.504929634270352
-0.337294273057546	0.301629549676818
-0.328709380964106	0.320692396463403
-0.044312964852781	0.037526464623431
-0.332840543743421	0.367180613083076
0.26377968001806	0.304972310856601
1.5642756181677	1.58990447989845
0.468942888725155	0.673890481697955
0.0483448563659345	0.0312695216017632
-0.855863435464067	1.1088826092627
0.254616867661163	0.272604139478368
0.730197961003501	0.697512864487106
0.849324367622815	0.621656622139881
-0.180658879988505	0.157557564595544
0.773922669859971	1.19725843397213
0.0700635686924005	0.0605672082363272
0.418782610403392	0.507177166885806
0.39020286078697	0.527935361488154
-0.353820371872591	0.409592935179499
-0.266561331998964	0.2962558815786
-0.39520597119119	0.498708235172472
0.298061491865652	0.345480642128651
-0.0455341511017646	0.0346989442034061
0.323669143545275	0.346968814357471
0.530579708743546	0.542939418466713
1.16362497397542	1.87476306942282
-0.104963878393346	0.101977508731442
0.060286269665996	0.0583383490255882
-0.0739535377854848	0.0663083136975454
0.249063326987346	0.254045210244551
-0.156573596576173	0.138358645750233
-0.189051790653818	0.208966100960137
0.563714174333384	0.808956211827109
0.274802732535914	0.329459345945115
-0.0428480079215078	0.0401447289251095
0.893281901342754	1.4690323879316
0.13050269056196	0.145686446288078
0.183300762547678	0.219213778112073
0.397023628138773	0.421401066270691
0.553821147508637	0.43581288720751
-1.84635936125413	0.772831105281446
-0.243738387832607	0.0804072076503759
-0.795395378883152	0.347630609369842
0.803656970938969	0.33879829028938
-0.37373542401889	0.110004299970677
-0.249261466700823	0.124996056351368
-0.644846051885416	0.623458001784614
-0.81617708744524	0.703426098050649
0.139245745474404	0.0599559360941925
-2.0933032092999	0.976892909140157
-0.790198981691691	0.345957336390125
1.4300525619712	0.473890200865325
0.133621657798323	0.0257280473816019
-1.16105011316119	0.35650557951397
-1.3368533828668	0.847506007470926
-0.204068221678875	0.137140749469058
0.413498681678026	0.301054575451947
-0.70935289225941	0.567906653461505
1.28553667572823	1.689030851607
1.64373033782439	1.51018870935237
-0.0341626483879217	0.0162273163925512
0.351453999635813	0.177386144408616
0.138044419338776	0.0464152079108774
1.60682022262712	1.11444507093232
0.133313004084395	0.056949834160382
-0.993065609438583	0.495644992766936
-0.990077071802208	1.00291802216073
0.479346477788275	0.522183069694094
0.132738976381047	0.121852185267636
-0.427611290684914	0.562405922062617
0.353232418127212	0.436741131773902
0.165626455266937	0.206361041945654
0.367848357098195	0.30886313456885
1.75773236615836	1.34356358907348
0.390766372238563	0.306314571588617
0.0440841751017898	0.0269132062163612
0.0601069696505471	0.0407133892048188
0.168318600630859	0.115407324307824
0.369128869640592	0.324283099028846
-0.618151345252042	0.645757699095639
0.555022376985884	0.55160611427048
0.897214985396351	0.775067167560547
0.263622116185192	0.248175143111812
0.521850160921029	0.622530952545755
0.323644688181993	0.315899221930889
-0.295429574496627	0.271434535569863
-0.2363773903843	0.263603358306164
-0.0594440245075829	0.054802450110497
0.600843966812064	0.91135284528522
-0.643490433649305	0.982320285982759
0.0234849283331403	0.0215876710004745
0.879373096215255	1.30078518462232
-0.383536454441708	0.458451294349293
0.307087777622261	0.398679929250357
-0.0251471592687306	0.0233789108080102
-0.00224368015593299	0.00202643988192838
-0.0337580267430018	0.0333227438339596
0.330788545985441	0.420659123020814
-0.249758093251504	0.321693163189554
0.308917757003561	0.36773185524825
0.240327527191709	0.31148514221773
0.0421268181806505	0.0388276515879796
-0.0317237294449688	0.0322155822423733
0.503993012434042	0.58540862492938
2.51698987467902	2.28914100961041
1.25916158413349	0.699092982118865
0.669732471733661	0.311070828715433
-1.48661975936017	1.01446072617047
2.11480372744445	1.44255792576773
0.131769780715528	0.0397831026994758
-0.169310736207172	0.0622086261971111
0.0611080883485334	0.0392484695455187
-1.10335081489249	0.737682401828381
0.380121707371162	0.172795499204357
-1.54134641011664	0.564552208534783
1.4308149383669	0.474993175817053
0.508781691198075	0.185680235788344
0.142698404858563	0.0359575700897484
-0.649319222104321	0.16021039083734
0.147934342850686	0.0777940624308626
0.103074168677539	0.0805941381380989
0.355239239421364	0.332071385433934
1.14848668045713	1.40785153751877
-0.409137323097424	0.232661203098794
-0.529237640979443	0.496845152598683
-1.1600126841405	0.35529503686347
1.33087195832835	1.40022373652871
0.891246116538183	0.484838989975286
-1.51929251724363	0.74060230517132
1.7595104898528	0.978011018945093
1.55380335051007	0.771118615805415
-0.719396101869683	0.643428804015289
-1.10514132127632	2.07114266084618
-0.203073305680665	0.21711092457667
-0.569259230011396	0.809938074040388
0.00147349314961663	0.00154423526016501
0.34926894663735	0.555575941748053
0.275434935965678	0.224313649347704
0.557513315682659	0.444031120026574
-0.0402450301170555	0.0342876444530985
-0.165161519165969	0.156582802736731
0.0988896594626619	0.0753781807251496
0.322209078044593	0.177014665387425
-1.50275511042455	2.12120745674181
0.0882775323637289	0.0798725818245015
-0.458482926995352	0.652991407546672
-0.179990764086471	0.158076542662661
0.533850534314913	0.79306181633935
0.0199175791183012	0.0199652115978308
0.215322808380872	0.262976584173707
0.672249006070566	1.06501371270858
0.255848268715585	0.345561193157728
-0.034719414252944	0.0389776431655775
1.02142002165709	1.80424214300819
0.124455048988102	0.111869442960297
0.0864360849377971	0.0765862588719525
0.0452672976332835	0.0411368368515221
-0.403078284832804	0.460808441217605
0.0402667981876126	0.0399621018545531
0.300255970115149	0.370283718485306
0.489059453073946	0.616339784962122
0.802693910705148	1.52917611750717
0.503012423667889	0.534072148355486
0.395025570394421	0.324328218304118
-0.169935408218817	0.0611968472504684
0.0434523087722555	0.0266039608923161
0.138009446438002	0.0717719192364526
0.394367400593188	0.173291629098997
0.504036596223985	0.437348310111194
-0.147566710049558	0.117056425394992
0.0448152494309704	0.0347054957249365
-0.799547754215517	0.810317075955891
-0.959662432941992	0.595996162984276
1.55233491709606	0.780491055902145
-0.811310772284661	0.437766580709421
2.72790793146409	1.68984915834018
-0.413156556914363	0.173908804707241
0.150394622394831	0.100262691723951
0.654283509222946	0.857324823023149
0.182858421609954	0.146491949011001
0.492380086498841	0.52497832649718
0.339925068619876	0.321460395983647
0.271998824808741	0.214223876492175
1.10460844610181	0.976300623557517
-0.293396242472262	0.18682069190517
0.885349434844379	0.904454222748485
-0.0736687523954221	0.0464513994240923
0.846908178132572	0.601501368285238
0.91565815614196	1.01220102043477
-0.0793931144314932	0.0720170312683059
0.205417352358336	0.241819190479067
-0.320284478429421	0.415327087208215
0.105679838379495	0.103008628013432
0.0516734310160745	0.0482186747290011
0.327948682330713	0.443211422539382
0.043851933282902	0.0271053219412963
0.462162426060583	0.310141866658444
0.453630844331385	0.302813183839899
-0.0571835317925178	0.0243899922370627
-0.650238620087655	0.85038680018808
-0.71091672639088	1.01105806548779
-0.501378890667567	0.574632769752031
0.775151712730739	0.831261166766617
0.340431855040452	0.325870533157606
-0.207380669883287	0.209556423448876
0.386400404966076	0.430084475978347
-0.504523653407283	0.636162992639234
0.515782435559306	0.617522957467037
-0.0220554203288622	0.0173415580887401
-0.125069153833168	0.223745361221152
0.411107979830266	0.41799141185537
-0.122624268555708	0.0736985398549162
-0.0254676281693771	0.0126054551860795
0.750203524292258	0.827634855685149
0.289207462437373	0.195254133685376
0.154495248380155	0.107821421245764
-0.202754031578265	0.137148520018217
0.409141223640716	0.308153024811946
0.0080331494823366	0.00430872913709098
0.26904699815676	0.219433657042453
0.330624493418351	0.702809845036596
0.0972242221219193	0.137540029973731
0.045760087921162	0.0583731400992643
-0.458375718554038	0.782846341052681
-0.1130169411072	0.13206598440829
-0.440538807820629	0.764284835778261
0.260631447535067	0.334929544055376
-0.0387584865953718	0.0296412829884093
-0.113225610340902	0.0996897820719711
-0.21025281826115	0.255833339395038
-0.145561236609778	0.158333215949543
-0.0771561235991159	0.0783694721520629
0.28675672884375	0.37659746615114
0.338575535295951	0.468644278508692
0.00414450257503894	0.00411925229673356
0.823793331806213	1.46488779226377
-0.0350700974300197	0.0233722731417883
0.160131271028475	0.108958780231296
-0.311180298290178	0.314114880818313
0.382784241838727	0.310576627458985
-0.1030985247862	0.102626208252902
0.00862274173317897	0.00985147245129192
0.229530833347561	0.252469618990026
0.243572191928601	0.321585259701101
0.060633625366224	0.0729507016309606
0.483832401373618	0.912530946574288
-0.211603630892073	0.387834261849769
-0.00970439987500616	0.0103136589099689
-1.29698627377263	2.9642391105585
0.0205536284257045	0.0184319194365884
0.262624048348672	0.212937985874002
-0.16839608254843	0.0616855989568125
0.171303187530063	0.196719535592023
0.521700382418983	0.625005157371435
-0.0887173894842935	0.0930111084009218
0.0671842321727198	0.0947950361114761
0.237691186607304	0.434679093842841
0.0670591152312824	0.0637731993216008
0.290311475495312	0.185167412254735
0.0539126136516814	0.0349908875154759
0.163465187332419	0.0996462252875576
-0.160265474227601	0.0914007698556971
0.225360370872257	0.307336510962053
0.000514973047785766	0.000612851596991975
0.0815934364444826	0.0600236407825531
0.124372835661239	0.108259418165498
0.111390059565516	0.0987963725265459
-0.0982909399700942	0.0807434056204073
0.366113765422737	0.446283384033144
0.345442245331974	0.437263117180503
0.247941745583297	0.287840458306663
0.342156572025079	0.316839204736774
1.04315961206021	1.10138622279851
-0.01551963425877	0.00795767131879095
-1.20159362736574	1.26301040779016
-0.118103421592748	0.0697110322718947
0.595998906834658	0.311128765187251
-0.915115785009619	0.779281441133252
-0.565440110077905	0.595184096848729
0.18156672613573	0.139690685089948
1.22631083433166	1.02505206881952
-0.324978800696899	0.145961465913892
1.75980578263061	0.996347529573378
1.04795885506533	0.510175078759724
0.881218831097064	0.464757799398831
4.16524424719338	1.9963782573534
-1.07954447451965	1.15631553978793
1.03060047608764	1.41518568677848
-0.538967606259157	0.527915825217344
0.487964881252206	0.530418858673684
-0.390935557083931	0.373567138842375
0.430120335610616	0.415662284270092
-0.22078980170003	0.147299022355963
0.350513621194663	0.320997081884506
-0.11844300287649	0.0856609262938546
0.156595250035808	0.0892720147598822
0.677212662154594	0.317491908475002
-0.0833767391452599	0.0511760349950806
-0.226219307652497	0.254499299516666
-0.675234909140903	1.14547489763419
0.176214147726187	0.196240005319517
0.490885079480599	0.611731149106994
0.422832086946664	0.314396976121532
0.0271271801895929	0.0239526703491364
0.31185227677034	0.198020088813613
-0.423393760666591	0.437152266679237
0.254251853552019	0.296114960896633
0.0358442457630848	0.0276932520322615
-0.460862744759277	0.360177337290764
-0.200046388902147	0.171942871683433
0.250082524581444	0.272416666857372
0.63819712573096	0.760640895215662
0.636536121362078	0.763429693034918
0.0229253554149735	0.0169994800549593
0.1847965032474	0.16157586549057
0.148355230675654	0.158892357406593
0.107569296802848	0.0869135557153931
0.128918246682466	0.116378867232233
-0.0428437008999504	0.0370410852553086
0.846637228774188	1.53825587573562
0.649650369760909	1.07663332246869
0.0977235224335664	0.073886863241008
0.348685968829682	0.176546970120616
0.130882611694412	0.0448066859255122
1.0461186457864	0.507908115213028
0.793732180175816	0.32942004100113
-0.246989071171801	0.0815311001871286
1.95256933090985	0.464168557061862
0.130885327755101	0.0498987245955924
0.484375656435526	0.295247801044485
0.426341014375635	0.170619385021181
-0.243241014092852	0.0808370662671502
-3.09280325935961	0.972693856185307
3.62062366405083	1.43326252584705
-0.650318276706871	0.160755761640221
0.795659865725441	0.335010077352381
-0.806584168592562	0.529968839367786
0.140975434529119	0.0672074332845694
0.148563208123126	0.0855583981140539
-0.20522889525641	0.111009843380495
0.690093113876702	0.432465110539629
1.08661975329514	0.803109850619456
0.138169594891086	0.0265198668009027
-0.0672806166137434	0.0295477047357351
-2.49762403802086	1.37980584184339
0.640646540574881	0.455496300707912
0.804297843520141	0.33637515313941
1.7959287507101	0.710356981550796
0.162646178470405	0.108777079836147
0.422114492473677	0.422025842945795
0.156071685791701	0.0892170417768559
0.150017726580376	0.0791313297734497
0.286180564532816	0.207186970673964
0.286573760837616	0.216901216786199
0.396450404756974	0.313456789460864
-0.543615735696772	0.715830929672596
-1.35016895283915	1.10889818475316
0.609003132086457	0.568761222166848
-1.57266716187229	2.53138735725163
0.273392486618598	0.200101194925896
-0.1698399940613	0.0615958521350996
-0.12106288269793	0.0725602647457133
0.114024573877294	0.0953899712194599
0.190479012688673	0.176042788729639
-0.353903837876246	0.382524304945175
-0.0499387308853159	0.0378975550285132
0.715122494750057	0.813916444149055
-0.0014833877019751	0.0012993544118954
0.475882367690324	0.707108176399726
-0.135383484257133	0.128515188118781
0.641431038909059	0.206705899790905
0.134489699809032	0.0400924429288267
-1.54262998859367	0.556084934561067
-0.371963944093828	0.110621992809151
-0.371963944093828	0.110621992809151
0.138547275345784	0.0347818496624983
-1.16105011316119	0.35650557951397
-1.80190156331263	0.405310176911618
2.74531503858304	0.788587032684406
-0.649319222104321	0.16021039083734
0.358347189310368	0.178430933430362
2.24190848029261	2.38075425028018
-0.418391999681689	0.235719379006605
0.670298405368257	0.309307349974868
-1.29515834308224	0.603610157609632
0.130783366724484	0.0391461997340817
0.92732486785368	0.24306890205782
0.881411883829964	0.466201776955058
0.780177655618232	0.459744964181853
0.803396428962993	0.343865653568856
0.138169594891086	0.0265198668009027
1.0085495226757	0.383135807980842
0.00903519705757849	0.00485427835260653
0.271879024921257	0.212751344626368
0.4802288582298	0.423652353806595
0.34586649121805	0.431840604225921
-1.48252296765982	1.02728354064364
-0.967454771558885	0.59502124384289
0.179214095219003	0.143662127189935
-0.0914067392084008	0.0564940630967633
0.638106441805795	0.200917531067273
-0.0169383422374169	0.00861155165819483
-0.720066534305191	0.636250229014841
0.111949140048776	0.0900272248871924
0.506498743729366	0.618666437281924
0.159876697918446	0.098587592677092
0.00717618943678371	0.00384722915657825
0.318527680254335	0.191001436545825
2.09045884294033	0.939288640196722
2.7479767545239	0.782066977880158
0.139073148904902	0.0266055202308437
3.25422405878576	1.0988640104023
0.139847419253076	0.0352678773972538
0.138618353811657	0.0265211219118666
1.95256933090985	0.464168557061862
1.95584693887656	0.462330835133922
2.7479767545239	0.782066977880158
0.138169594891086	0.0265198668009027
0.138169594891086	0.0265198668009027
2.7462498006239	0.778261278020301
3.25036486382959	1.10725094810752
0.138169594891086	0.0265198668009027
1.95256933090985	0.464168557061862
0.137716344096337	0.0264356853006178
-0.649677393302236	0.159121336474823
0.133269655210264	0.0514052505492531
0.423315510192861	0.171523923653337
0.136676224470739	0.0411018975580698
4.55580013709303	2.52905359253509
1.04549965510898	0.505280523801214
0.269987283220162	0.220426825904364
1.31397906412597	0.573633430312359
-0.816991355658758	0.53650251159313
0.140906973713143	0.0352149950547458
0.505524711177284	0.184537045848412
1.79770278509994	0.709688375349796
0.133264717489137	0.0398651258030508
0.929670085417592	0.244778423912617
0.132755613913402	0.0400087413766842
1.0127751373005	0.389769011989825
0.87689718296969	0.875223301076023
0.365282150159584	0.324163486032375
-0.128056354091814	0.0763458444897816
2.7462498006239	0.778261278020301
1.95338582999428	0.463576578510391
3.25036486382959	1.10725094810752
0.138169594891086	0.0265198668009027
0.138618353811657	0.0265211219118666
1.95338582999428	0.463576578510391
1.42898338960615	0.478193832396807
0.133621657798323	0.0257280473816019
0.133516783675935	0.0336393793939088
0.138618353811657	0.0265211219118666
2.74531503858304	0.788587032684406
-0.650318276706871	0.160755761640221
0.643202247298856	0.202776762796674
-1.84190336279857	0.769704627409186
0.503876995607107	0.183480745946702
-2.09051641699184	0.975356223053455
0.355104870465431	0.17648391023793
-0.0641615937050698	0.0410902704386798
0.644424999818512	0.207579266186308
1.7959287507101	0.710356981550796
0.159452097407484	0.0984538796026778
0.50457577546401	0.182045166120913
0.679919807501376	0.32283727045987
0.31689422863615	0.171115918516116
0.519780785219195	0.540327476107387
-0.169912448780061	0.0622831802819851
0.668816043162568	0.581988022555117
0.509725648789814	0.185898565895246
1.7999374187146	0.711558267279855
2.74438259751335	0.780038400688451
1.79893570621489	0.71178866805356
0.545720858628911	0.97011905735256
0.195731124357648	0.265413192016459
0.554987293058722	0.722857784278684
0.494963913632578	0.692156947990608
0.709405342478275	0.460495402088482
1.94781279643874	1.23779994653681
-0.375278197967961	0.109168764094764
0.139576085242422	0.0352987079074651
0.926329332609966	0.245803896301602
1.25804516449605	0.701846958196435
1.95256933090985	0.464168557061862
-0.16623824947282	0.0610134655693771
-0.408869331927566	0.172287095578278
0.351001893568226	0.176156774576494
-0.650318276706871	0.160755761640221
1.76318731223703	1.00370787033723
-0.041183536178594	0.0195297638622596
-0.0723759470152795	0.0539861603980917
0.284380725126388	0.22725924350813
0.378602994794338	0.310874504056366
-0.0269206264003475	0.0244153631054712
-0.0649155591785421	0.0635622075569814
0.263991659560022	0.193262823774277
0.474011501345507	0.420204371146047
0.275263365831856	0.207837196851757
0.417102553504195	0.428623629274326
0.474834173386543	0.422423326865345
0.611203847237253	0.571695735521227
0.508792650886919	0.774041533007989
0.0872034539655496	0.0801776142185733
0.0452952365655689	0.0602207042614152
0.502040643087039	0.435253385897241
0.406967317647654	0.539276601093333
-0.504894221058953	0.781746761622144
0.396576147623697	0.618219414439098
2.01275325169059	1.85276569833702
-2.31136939718635	1.18510308221961
2.09266208534358	0.949177804895113
2.74531503858304	0.788587032684406
0.64342341463051	0.205691875654135
0.926974875419701	0.246284209674963
0.135981015144898	0.0650924531455045
-1.33504567867439	0.832306732663868
-1.48476544096335	1.02686975051872
0.138169594891086	0.0265198668009027
-0.998143419349486	0.498628688388186
-0.117862429138918	0.0854174593143633
-0.205838653925146	0.178912138946072
-0.147259166601082	0.129865413957708
-0.0584244039406656	0.0522535523278791
0.0798135956103301	0.0835630686049524
0.206520896179294	0.285272243969901
0.0136791861195556	0.00726992975491022
0.913526601335831	1.03104187189623
1.29573123862332	1.75550907101525
0.90531470863699	0.994729476997808
0.614440757894678	0.986520724762769
0.457043059736253	0.961049315715741
0.544588348082811	0.539985155365896
0.463777955187871	0.62075341423142
0.291023226517374	0.375515620606822
0.428788899924909	0.747833119922376
0.853289001041927	0.625858900681586
1.22888916723451	1.16770025521301
1.79663548680803	0.6975219945087
1.54836582849928	0.769354800829021
-2.58945281070023	0.683631203527574
0.644195640504139	0.203891935709909
1.42692741367696	0.472854481440801
1.0166972253032	0.3880595427182
0.592959272569802	0.438766930362692
-0.0713229534329393	0.0316305852915741
-0.0759442541136042	0.0334346828316316
3.25422405878576	1.0988640104023
0.512296682193737	0.184360640072117
0.0125975042586155	0.0113238117182996
0.522005577960621	0.778407487037016
-0.075744986690445	0.0482285534852802
0.38429041891698	0.318037012545453
-0.206525001980408	0.160391098277091
0.264737888724531	0.234309422472311
0.270934136341284	0.218446920823827
0.576979546369502	0.546536187310245
1.94960017784595	1.24096219156804
0.139073148904902	0.0266055202308437
2.74531503858304	0.788587032684406
-0.239280214302503	0.0797093161228399
1.95584693887656	0.462330835133922
0.775706172716518	0.608182499272634
0.12936870254168	0.0498457012976766
0.50645224219597	0.179164758070291
-0.244190797351914	0.0812410173227275
0.783518389951236	0.848948189433054
0.795867064736603	1.131386371776
-0.264080501850971	0.308131728707686
0.368960212534163	0.507369936966915
0.588777045835731	0.443300393600942
-1.05558783186468	0.836573866812512
-0.0262293238215586	0.0176189822755259
0.718797619904602	0.603260956488607
0.162140254851636	0.110859914231077
0.127176192096752	0.0427301378638928
0.923120742885382	0.240835684941142
0.926974875419701	0.246284209674963
-0.645977108318167	0.157387277340251
1.95338582999428	0.463576578510391
0.80319970654717	0.33806416268755
0.296003340672709	0.1916884140354
1.30329792200309	0.552015150473226
0.128296084606295	0.0384571369192157
0.50902590722156	0.185473067884794
1.32084268221152	0.555358097015959
2.0916792997764	0.947020632233422
0.565149050754675	0.87256700747336
0.48061188614482	0.788766589151654
-0.508957479118207	0.470649273955247
0.521977646376835	0.528729194423145
0.389338349872021	0.321735937939954
0.0418289938686563	0.0321299236904073
0.45904817663033	0.422337963201527
0.265683643823383	0.196078020056665
1.04181015128978	0.501821821733579
1.30090520337058	0.572638933080247
-1.50572759857967	0.784993477689599
-0.242788883618067	0.0808805347641532
0.140906973713143	0.0352149950547458
0.933386740287997	0.241580741321053
1.60453378394352	1.12065890271037
0.152185539726475	0.0869611917990227
0.310940539573819	0.186270208171248
1.30866310380985	1.49023780122691
0.926974875419701	0.246284209674963
0.314100843888784	0.199521035808516
0.926974875419701	0.246284209674963
0.242049983717015	0.32433382240138
-0.314756890295323	0.256674427353382
1.00807845978443	1.2794888796788
0.337185919046822	0.330723466778588
0.623698917718837	0.550268382114818
1.00673302274986	0.376202842063423
-0.249087779716609	0.0821262723446787
0.138618353811657	0.0265211219118666
0.800731449974192	0.3425296464443
-0.748218261379527	0.262913312316052
2.33509030557097	1.17288824783147
-0.958684660189112	0.572076696450401
-0.36681489125184	0.297812068048467
0.0233770411541266	0.0135750133525879
0.715738290923665	0.59555710991031
0.387298738778903	0.174235207048793
0.1395489397827	0.0773255015539407
0.503634604531393	0.181750809305392
0.498054757742008	0.313480476956699
0.358626713038703	0.315900442879889
1.0127113958331	1.30335173054285
0.354204215524517	0.425580555036391
-0.2859991073657	0.301209670657595
-0.181007654185274	0.159018061045163
0.122772761275888	0.108535558073103
0.0219199221774902	0.0188666401800168
0.0531089956320386	0.042485840711288
-0.0884672188334034	0.054793948814966
-0.186220170738085	0.162589966106547
-0.299449053863567	0.292973666105916
-0.312354429470119	0.327343346423977
0.784311368022817	1.00749339132075
0.431358196859764	0.598925820761908
0.383689456401453	0.550569006091848
0.341409239615335	0.32612298037521
0.540443391708921	0.546721135969195
0.298401137150398	0.193869263207216
0.385587919392971	0.173112781481067
0.637110946815764	0.576671056556624
1.66740540203173	1.92018709081838
-1.00008011688738	0.995275335208744
0.715347429566524	0.883315042040753
0.752050798618965	0.829073304926103
-0.320542758562788	0.265415875218128
1.00433909151808	1.53441475684608
0.967619689688884	1.03275746113512
-0.230838901216732	0.199384215369957
0.272263734156512	0.243609602640374
0.192553711901649	0.173793457908735
0.779184728716671	0.729014526337482
0.156003091312352	0.0889379780365584
0.55574595793744	0.444359980942159
0.507928434141408	0.443193385377129
-0.0169383422374169	0.00861155165819483
0.637856314668595	0.581810245547643
0.984169994091697	1.12922751628365
-0.309912779389261	0.228381976561879
0.426104671057701	0.412965222595323
0.494999874313364	0.524463378983527
0.449208768002311	0.4014016751813
0.669635788282765	0.849586631415795
0.737904944377198	0.809149128120488
0.666696563000237	0.783351089454152
0.782822260623545	0.940257953524861
1.70098325873488	2.5215612609954
0.473205551067646	0.79324781254702
0.339861384097108	0.545288468255348
0.426954667369704	0.792487121519544
-0.281657962265912	0.275329074819143
0.173117220904332	0.122570153529203
-0.799755559185924	0.697858616904324
0.556791556164714	0.648649433177516
0.769736190953204	0.449059028895241
0.48141134993382	0.431390551337227
0.353220222045453	0.320174016365748
0.174044155373354	0.134162531869554
0.253480091250617	0.236601481859582
0.640432049403559	0.206671110179374
0.641431038909059	0.206705899790905
1.31071131737431	0.580370529078579
1.55505312572491	0.792542427995745
0.92113051285893	0.24102514029113
0.381533849964003	0.171992731032845
0.780300688230466	0.8395849375528
0.774974357229486	0.610274698468441
1.42616742954426	0.471762089576048
0.46517104036468	0.309871355844355
1.15001182158359	1.65190705048023
0.589430055145207	0.746516526917768
0.632471698992188	0.833187487798499
0.786571962051702	0.842739274558164
0.638108512265522	0.454747968824521
0.501515904208611	0.432043698868995
0.77589440991563	0.927118892002215
