x	y
1.01202616470632	0.384309287615817
1.01179148986041	0.390812379931115
0.13806085974017	0.0349020150681185
-0.782175372677927	0.349105651546352
-1.16605123679474	0.358241254731586
-1.80190156331263	0.405310176911618
3.25215396833713	1.09944519815717
0.139073148904902	0.0266055202308437
-2.58468514934926	0.681926813759725
1.95584693887656	0.462330835133922
2.7462498006239	0.778261278020301
0.134542642796399	0.0341445690681232
-3.46924124245495	1.26110671680306
1.42692741367696	0.472854481440801
0.504822188982883	0.184110918199219
-0.650318276706871	0.160755761640221
-0.367964462335371	0.108363329225903
-3.09280325935961	0.972693856185307
-0.655163635992096	0.160369482742199
0.428518317050907	0.174046878111496
1.30581051293515	0.583204526982758
1.25625140893093	0.697097709827454
-0.248633515605828	0.0819034838488796
0.378227764000028	0.170205318481916
0.139073148904902	0.0266055202308437
-0.318367864196796	0.147533211993386
0.505524711177284	0.184537045848412
1.79570418994076	0.710490111832351
-3.09343711568729	0.972052225554497
-1.16255649541829	0.360535388481223
-0.748717096925392	0.26268742708996
0.138169594891086	0.0265198668009027
1.4308149383669	0.474993175817053
-0.650318276706871	0.160755761640221
1.80195797435116	0.697288209820227
0.133516783675935	0.0336393793939088
0.130035094056272	0.0385507204395608
0.505766542576991	0.183848744269859
0.641431038909059	0.206705899790905
1.01202616470632	0.384309287615817
-1.17737859287204	0.657774717248351
0.641431038909059	0.206705899790905
-0.377823620534237	0.111128034755999
-0.649961670532414	0.158635340685799
0.126802817719759	0.038018792856063
0.135931183146639	0.0408601823442341
0.638661759222662	0.201540571310924
1.61095656444494	3.15637271684896
0.267458536205399	0.198067969756813
0.774337023181215	0.603363808161438
-0.961059695289368	0.598063831228359
-1.11724426278442	0.755854084011666
0.848404974021587	0.621271825435002
0.668978346185497	0.580184431303678
0.876923156676556	0.865185210480458
0.0302426415752112	0.0173167130593045
0.78258641751365	0.606386128543547
-0.40948446286418	0.174346422488273
0.595998906834658	0.311128765187251
0.135314626858193	0.0515393934275906
1.42795516831077	0.478570790474717
0.132517398019614	0.0400248322660559
0.88790015298363	0.46046171917812
0.147480770688956	0.0777506868538583
0.552064817595979	0.433133359132723
2.15283449057993	2.79212935010391
0.133502874099665	0.0402503094723903
0.634982348888111	0.198758507517712
0.123311117318626	0.0367093572540832
-1.54186427014847	0.562391050588268
0.675070079402767	0.317521362750003
0.129744424254451	0.0492509071877135
0.798910414182005	0.337139290695607
1.05100741137477	0.518952111891946
1.04583648452838	0.508894212269112
0.134942268942205	0.0403123831956986
0.13273416326183	0.0446282262586656
-0.0745504974734832	0.0328228230738621
0.141109942912127	0.0612078552861342
0.646199645243868	0.204301808848624
0.886149098729338	0.47655884135074
3.2493353238897	1.10864834370629
-2.58513149511835	0.689509113042442
-3.09280325935961	0.972693856185307
0.13806085974017	0.0349020150681185
0.133502874099665	0.0402503094723903
0.779813603745428	0.466222991022358
-1.1636728295934	0.354558135670583
0.133037105859592	0.0510757561308982
0.354783971004078	0.321936024803836
-0.242292064734812	0.07964190102884
-1.54109898628274	0.564008735008191
0.135504607142295	0.0648409177713095
-0.316601469317738	0.146247002477692
1.76041476786005	0.983553365171002
0.498736731149331	0.179281907261331
0.587570538479572	0.303847650983307
-0.20618335310018	0.110939796207547
-0.40427486021708	0.281070155218613
0.592804774328391	0.308186929697014
1.30581051293515	0.583204526982758
0.801899003991324	0.340962341726034
0.132755613913402	0.0400087413766842
-0.323000322359989	0.150488009456996
1.04675762974469	0.509098298349181
0.600162816214417	0.309488493149328
2.74531503858304	0.788587032684406
1.44109311682681	0.902431779745543
1.42822224336494	0.477074019570971
0.13806085974017	0.0349020150681185
0.925979622549504	0.243736825113843
0.137033206871248	0.0343903632230145
0.136600332728459	0.058583152393766
0.431613510460781	0.175668079261446
1.04301766912254	0.509338270960851
0.671735903915543	0.315802699654608
0.128532989649213	0.0387330108702786
0.796822032336151	0.339034428445647
-0.158524639112233	0.0572605642353814
0.927971507294548	0.243537608899139
-0.073199114903786	0.030790024866841
1.01080793058073	0.389781480211188
0.305147069614213	0.182348602441079
0.134526944690639	0.0258144647389653
0.926329332609966	0.245803896301602
-0.372732473872603	0.110746709749891
0.139576085242422	0.0352987079074651
-1.54134641011664	0.564552208534783
0.133037105859592	0.0510757561308982
1.79670337293508	0.712109669548487
0.886494783924782	0.478709653891414
0.504816499640612	0.183371631391463
0.138618353811657	0.0265211219118666
0.639660215207864	0.203910262751024
3.62360809261866	1.43608472685745
-1.84772167040322	1.65132510377136
0.341318844635061	0.168741967961198
0.426999830129114	0.173224779129442
0.850236686238835	0.62318255491699
-0.202848577284863	0.108160420745389
0.318990628613676	0.173790566992683
1.8007131844382	0.713314573443425
-2.58513149511835	0.689509113042442
0.929670085417592	0.244778423912617
2.7462498006239	0.778261278020301
0.512296682193737	0.184360640072117
0.505524711177284	0.184537045848412
0.133264717489137	0.0398651258030508
1.76387368568395	0.983924537453411
0.347731665047124	0.173680639017188
-0.165029630388723	0.0604405571991372
1.79670337293508	0.712109669548487
1.01398176237284	0.388014010752976
2.10544127066415	1.44118612378149
0.942914043246178	0.635820528222333
3.2493353238897	1.10864834370629
3.25036486382959	1.10725094810752
2.74531503858304	0.788587032684406
-0.160406674189867	0.0589738488213368
0.64342341463051	0.205691875654135
0.313236566213976	0.188616733745955
1.55083342835739	0.786182588324621
0.125033303465894	0.0428637016829975
0.667255642824531	0.308880864415803
0.940547950672974	0.919439907722618
1.26016345229505	0.701979403502623
1.55083342835739	0.786182588324621
2.74438259751335	0.780038400688451
2.09439244536298	0.948783083649303
0.428220694818722	0.173585777710766
1.75412838991572	1.32380162513619
0.795009809051372	0.337449798272737
1.07195294663426	0.65236245433214
-0.161323141410888	0.0593428238464744
1.01496655409926	0.392016410565643
0.429133728856947	0.173252815999672
1.79570418994076	0.710490111832351
1.30603729879231	0.575027978579309
1.42190933723257	0.467369829987504
0.926329332609966	0.245803896301602
1.4308149383669	0.474993175817053
1.55687223512352	0.771439580241442
-0.650959635012338	0.159168476600347
0.157573393943592	0.106741298678585
0.00746191894655632	0.00403164448644659
-0.200993885991913	0.107775042988755
0.328302446071064	0.182485872600745
0.945563273576444	0.630376509841485
0.462227096013952	0.31539643910665
0.940203285681724	0.637077588557656
0.886149098729338	0.47655884135074
1.76131870427939	0.986011778031443
0.925335174824177	0.243267565805426
0.64342341463051	0.205691875654135
0.50131905120822	0.180918046026188
0.504822188982883	0.184110918199219
-0.37373542401889	0.110004299970677
0.140906973713143	0.0352149950547458
0.139576085242422	0.0352987079074651
-1.16152021660948	0.35929571617842
0.925335174824177	0.243267565805426
0.800989673487252	0.342067986972423
0.414921432529829	0.315346957685061
0.154229160976792	0.0805219970198297
-0.253399967402909	0.128849519039768
0.129705851940839	0.0500169138857751
0.385330482072003	0.169415338170619
0.490396423598807	0.304919690668694
0.768419847631262	0.598585852239024
1.44109311682681	0.902431779745543
1.31257995876876	0.571687396911784
0.804954811703476	0.345472225969279
0.423008357220325	0.170996116997491
1.30416567431915	0.574921760660865
1.55751721634342	0.783229267431462
0.508081388675797	0.18525425523165
0.133502874099665	0.0402503094723903
1.43396011234821	0.469223739016395
0.138618353811657	0.0265211219118666
1.30675103647863	0.583158549436276
-2.58513149511835	0.689509113042442
0.138618353811657	0.0265211219118666
2.7489176254429	0.781882431670721
0.927971507294548	0.243537608899139
0.637110020884382	0.202981575807905
0.137716344096337	0.0264356853006178
1.30675103647863	0.583158549436276
0.674738698940861	0.318159306432389
0.890358361904575	0.483863449958916
0.545259085808368	0.311500415232669
0.381013403734791	0.173132440946282
0.151737360660735	0.086531780251946
0.144052503073331	0.0693617330621453
1.23385720261104	0.839499107055448
-0.254734781091652	0.127639917002864
1.42692741367696	0.472854481440801
0.498034366747092	0.177582512084549
0.125033303465894	0.0428637016829975
-0.54475781047568	0.20785883685848
0.348192550419542	0.176204276959526
0.134073230654708	0.0460155036809627
1.42293417334597	0.472946291653134
0.67263686402768	0.315639842179209
0.925335174824177	0.243267565805426
0.926974875419701	0.246284209674963
0.925819939961969	0.242168104656227
0.641203436908402	0.204828865510354
0.134526944690639	0.0258144647389653
1.95584693887656	0.462330835133922
0.137716344096337	0.0264356853006178
1.7959287507101	0.710356981550796
0.510425175538684	0.184248558920947
0.967989476494382	1.05995558723954
0.586246329131864	0.303561922110725
-1.11182097640427	0.762708564217746
-0.153911098698704	0.087176888808783
0.146364586408665	0.08816497802238
1.0166972253032	0.3880595427182
-0.368970569520409	0.108704530129129
2.09022812164202	0.945927753511983
0.139576085242422	0.0352987079074651
0.431924412347707	0.173464161315763
-0.161007444408489	0.0591633782808746
0.138375656503241	0.0404207688069331
-0.109826656577751	0.044177657424481
0.129705851940839	0.0500169138857751
0.510668751789218	0.184537578196263
0.508100333579249	0.182297106572409
0.384509989658748	0.174899135225633
0.385402097434157	0.175234603342564
-0.00973424078138717	0.00501755487854508
-0.475317925363139	0.31945122743345
0.899470483371399	0.47272227466258
0.348227154364359	0.174261473945432
-0.328265818887705	0.150927176568299
1.51727063816386	1.28966551684397
0.782592443981315	0.614416891638382
0.784893673290442	0.609007949344552
1.95584693887656	0.462330835133922
1.95256933090985	0.464168557061862
1.43211444118756	0.474033268230349
-1.84364570734871	0.769128563045154
0.141168720466643	0.026788068800843
1.80171542630451	0.706040065289216
1.4300120770332	0.472328161227103
-1.80211551800213	0.40518546889285
-1.16680976292454	0.361321943590249
1.95338582999428	0.463576578510391
0.153614128343759	0.0875305966799247
0.284294274452243	0.192954559115423
1.04259120903931	1.11579131990585
0.803135501392666	0.340827226534189
0.922124936246008	0.243516971274684
-1.80190156331263	0.405310176911618
0.138169594891086	0.0265198668009027
0.141168720466643	0.026788068800843
-1.16076621190063	0.359385238156804
0.136919308020491	0.0408177028889142
1.4308149383669	0.474993175817053
0.530392821097383	0.303974956574394
0.598995963593446	0.304966647250293
0.640658905761581	0.203950748563405
0.130783366724484	0.0391461997340817
-1.16180306616162	0.360626829502971
1.43073453209697	0.465378566229971
0.01028474743476	0.00545646971163527
-0.788363607019303	0.348547752589613
-0.81463320546468	0.429023479087559
-0.502293517664399	0.264604469612561
-0.32072626019726	0.149686261324011
0.64519752559114	0.205734411961475
0.144112723234728	0.0692457291350753
-1.55047641822889	0.558266521798791
-0.258344239274607	0.129943272341123
0.13736878168018	0.0597244732636165
0.331372035718906	0.182303068906753
1.01352383527603	0.385779054090432
1.26106194161776	0.705565073472897
0.804594062501754	0.339064803644296
0.506468506416984	0.184272460164198
-1.29284277839088	0.590655513878152
1.0157137322373	0.387976380499905
-0.371195854454092	0.109335251451445
3.25036486382959	1.10725094810752
1.42898338960615	0.478193832396807
-0.654165411001464	0.159831562379876
1.95338582999428	0.463576578510391
0.0260815771373594	0.0150137091352207
-0.0409846247634803	0.0266997270211347
-0.107030676983149	0.0432926976170955
-0.169310736207172	0.0622086261971111
0.794359610261719	0.334150440841917
0.429738004776667	0.174027388577235
-0.750005191636912	0.260841602367878
-0.750699276625547	0.264252450117151
0.351361296600244	0.176270709814806
0.390155648708349	0.174997000159803
1.44726179534944	0.912281557043227
0.804306426214091	0.344854975606889
0.5071360209819	0.183347399230339
0.136421791514599	0.0525462082369464
-0.0741422651514142	0.0326106923562931
-1.11227860210744	1.09183946836648
0.354103691148457	0.175740389291718
-1.15790256442372	0.35664499176059
-0.687318837402347	0.48797583814644
1.42719460355007	0.477448564652232
0.50902590722156	0.185473067884794
0.504822188982883	0.184110918199219
-0.414472544254199	0.237497309063015
-0.799650940503415	0.442815904972488
1.22404452633863	0.983209951937423
-0.406753874134021	0.164967845603248
2.09660578766707	0.938544598588769
0.925979622549504	0.243736825113843
2.7479767545239	0.782066977880158
0.926329332609966	0.245803896301602
0.925335174824177	0.243267565805426
0.141168720466643	0.026788068800843
1.3048691446356	0.580886125685909
-3.09280325935961	0.972693856185307
-1.80211551800213	0.40518546889285
-2.58945281070023	0.683631203527574
1.42795516831077	0.478570790474717
1.95338582999428	0.463576578510391
0.155578070166314	0.101348467032397
-0.0740796825622998	0.0471983530081077
0.158182563408347	0.0967836044850961
0.399221865667636	0.312982880536111
-0.568540371167488	0.521510351542372
0.781635018011114	0.832217529895154
0.60099012862377	0.55548639862719
0.137033206871248	0.0343903632230145
0.298401137150398	0.193869263207216
1.01421910313051	0.386497027111194
-0.201837887849138	0.137516896389117
0.560650558242087	0.440407227041044
-2.58468514934926	0.681926813759725
-2.08842733153289	0.971005061190044
-1.04893390575969	0.425501531364033
0.144052503073331	0.0693617330621453
1.38882017222622	1.02978648240224
-0.0180355317363774	0.00910321274457113
0.495693974473611	0.176880485638909
1.76499591455827	1.01020915988236
-0.559942601627951	0.35907869712055
-0.360116025864956	0.258987853161611
0.0117179155846294	0.00623428544569659
0.278209960997508	0.210203302246779
-0.354477293534393	0.258260718021456
0.135459491265475	0.0704678620819983
-0.941636767433594	0.686495116782579
0.487881644918331	0.305157605950991
0.27717280893101	0.197663307566851
0.282203696474891	0.204082918587944
0.0468277093114996	0.0300816067716806
-0.166842744164789	0.0610133970783203
0.889817632427664	0.484607505046141
1.95338582999428	0.463576578510391
0.925979622549504	0.243736825113843
0.505766542576991	0.183848744269859
0.139073148904902	0.0266055202308437
0.134542642796399	0.0341445690681232
-2.58557826662177	0.681302812577655
2.08849476509833	0.9440485467898
0.639433294916704	0.204223062388441
0.927971507294548	0.243537608899139
1.95584693887656	0.462330835133922
2.75160033023002	0.768358222418302
3.25422405878576	1.0988640104023
0.98915768418915	1.76938253856439
0.378984542671993	0.309805257866003
0.34456797718861	0.172788047174501
0.437226724649388	0.313133055265106
0.0159008423184539	0.010761020280213
0.392577503126309	0.32513772939146
0.0445663836224236	0.0273563324601255
0.135991655403704	0.0651150948553535
-1.80211551800213	0.40518546889285
0.351453999635813	0.177386144408616
-0.156050374194698	0.110819692210138
0.16047598094316	0.104757961377087
0.289309735317026	0.194356749996741
0.64519752559114	0.205734411961475
0.138618353811657	0.0265211219118666
0.136628230278163	0.0342854039182628
-0.372498546343112	0.108199355648203
-1.16152021660948	0.35929571617842
2.08924618973395	0.946370198374706
1.0562442938858	0.514517896865213
0.0283645330918426	0.0162317179240924
-0.0108753752113127	0.00560893004881772
0.315786033977421	0.189736792545764
0.141168720466643	0.026788068800843
1.30675103647863	0.583158549436276
-0.074019580510387	0.0467919192387497
0.271998824808741	0.214223876492175
-0.166832891529579	0.0608169340101326
-0.0367758398367575	0.017599452492608
-0.682989863804708	0.482320878088259
0.589015423257218	0.30428811090212
0.48397894481163	0.299416949805005
0.639660215207864	0.203910262751024
0.129380851063693	0.0546249866068578
1.31163175104266	1.52728150019745
2.09585894837114	0.936292485162918
0.136919308020491	0.0408177028889142
-0.37373542401889	0.110004299970677
1.383044230639	1.05405703483176
0.504822188982883	0.184110918199219
0.640658905761581	0.203950748563405
-1.84610423045024	0.772015626597942
0.430342156614367	0.173971171547513
0.381533849964003	0.171992731032845
1.30862952999838	0.574370898244953
1.04703881822428	0.509972446965714
0.348685968829682	0.176546970120616
0.43480412496225	0.311778844528043
-1.04638764670572	0.422799101987375
-0.802445170999293	0.442775548097137
0.347788648560509	0.175920613301097
0.952293237021315	0.633853862864099
0.347731665047124	0.173680639017188
1.25682128926041	0.690889276787873
0.128800385405616	0.0497090773739998
0.136983994683607	0.0594233713524571
-1.84901096961887	1.17231587916653
0.360574837635759	0.178700477704015
-0.0681549971377887	0.0301311833607795
1.43934065428394	0.877355746778208
0.351361296600244	0.176270709814806
-0.107030676983149	0.0432926976170955
0.805215646329513	0.344267959117367
0.67621243755849	0.318523629907513
-1.35555019758451	1.10708866906843
-0.414066592783836	0.232739040059804
-0.0141151436503453	0.00706265439897687
0.384157359431508	0.173687608011526
0.675441028398077	0.319290313551598
1.01254068844739	0.386785712184281
0.429165884553764	0.174138212211893
0.138818714405564	0.0354421828043769
-1.69051418899385	0.967632725684681
2.74531503858304	0.788587032684406
-0.540567326781551	0.21079663144273
0.539362633318119	0.310349563810698
0.135638351552039	0.0397135122841506
0.140605369101782	0.0351308802058006
2.33647975774558	1.1902357498922
0.638330742604929	0.20169714697394
-0.619663149282988	0.300023036116259
0.4313034338578	0.175795446056529
-3.46924124245495	1.26110671680306
0.136650751159166	0.0527716036977143
-3.09280325935961	0.972693856185307
0.13377964661681	0.0339655613686654
0.128532989649213	0.0387330108702786
0.128532989649213	0.0387330108702786
1.9669241194093	2.28743890132965
-0.316413150450489	0.144921752188458
0.884536106095431	0.47752815522574
-0.618264820258131	0.30054583612192
-0.809143668928978	0.539963150964118
-0.204297514518365	0.110391259056037
0.676342106698023	0.318472540296002
-0.106291844927378	0.0422331463634374
-0.199864888275945	0.108724374285841
0.505524711177284	0.184537045848412
0.638106441805795	0.200917531067273
0.137716344096337	0.0264356853006178
1.01179148986041	0.390812379931115
1.95338582999428	0.463576578510391
-0.649319222104321	0.16021039083734
0.139073148904902	0.0266055202308437
0.141666634051722	0.0357514933011427
2.74438259751335	0.780038400688451
0.137657029645535	0.0344892399783439
1.42822224336494	0.477074019570971
0.674166923307429	0.316819629814144
-0.372967191440885	0.109879462987979
1.5501804258727	0.774176324231999
1.06000549875868	0.503610930298527
0.315051572194484	0.188834734772532
0.149312389328914	0.078260927707091
1.00584278548199	0.382668190967484
0.139073148904902	0.0266055202308437
0.138169594891086	0.0265198668009027
-0.244180925356045	0.081049134991476
0.132517398019614	0.0400248322660559
2.34092943894129	1.17138386588459
0.428241289583821	0.174216330191094
-0.107030676983149	0.0432926976170955
-1.04921291121102	0.426520143491694
0.63611382542294	0.202940731306447
0.139088984871223	0.0347391602259325
3.62573565960846	1.41848408933262
0.138618353811657	0.0265211219118666
1.42692741367696	0.472854481440801
1.95256933090985	0.464168557061862
0.138169594891086	0.0265198668009027
0.695350760889717	0.450108419348164
0.594073159569233	0.308887527868253
0.493512425337054	0.309051463310353
0.379206341293721	0.170397641869067
0.781168804506589	0.468729537999007
0.533587152713547	0.305555984698929
-0.669363694707176	0.382896982675786
-0.194814735479877	0.104421097660069
0.45811686085833	0.306341549708949
0.640432049403559	0.206671110179374
0.927971507294548	0.243537608899139
2.74438259751335	0.780038400688451
1.95338582999428	0.463576578510391
1.95256933090985	0.464168557061862
1.00907487707479	0.37988153605154
0.141168720466643	0.026788068800843
-0.368970569520409	0.108704530129129
-0.541676736821534	0.20902738866301
1.45003431311951	0.908177971331969
1.0127751373005	0.389769011989825
0.13377964661681	0.0339655613686654
0.880680748035491	0.467788059526937
1.42898338960615	0.478193832396807
0.138618353811657	0.0265211219118666
-0.372967191440885	0.109879462987979
1.4308149383669	0.474993175817053
0.134154243459314	0.0392843628395827
1.43108326772595	0.478167346987275
1.00982540305298	0.385206220726638
0.925979622549504	0.243736825113843
1.95338582999428	0.463576578510391
1.95256933090985	0.464168557061862
1.95256933090985	0.464168557061862
0.926974875419701	0.246284209674963
3.25036486382959	1.10725094810752
1.76442642035762	1.76441142119749
-0.0381663090538204	0.0182265212160936
0.949567687488562	0.623174407296577
1.06881813966392	0.653621868424896
0.144310535838701	0.075196948860334
0.495449155225064	0.311153215887849
0.640432049403559	0.206671110179374
-0.650959635012338	0.159168476600347
1.95256933090985	0.464168557061862
1.05282282691147	0.517428130004872
0.639660215207864	0.203910262751024
0.142698404858563	0.0359575700897484
1.95338582999428	0.463576578510391
-0.649319222104321	0.16021039083734
0.59736125603941	0.314055068499086
2.88831705628929	1.93276725323579
1.55349761272954	0.780362467629578
0.926974875419701	0.246284209674963
0.802807562224393	0.337587393582502
0.92732486785368	0.24306890205782
1.04762263326671	0.514085617901239
1.79870242510895	0.701115077526403
0.138818714405564	0.0354421828043769
2.08751153945252	0.940460252577583
1.95338582999428	0.463576578510391
1.79770278509994	0.709688375349796
0.134526944690639	0.0258144647389653
-0.648677249821696	0.158587087101144
1.07486309386323	0.665184826170886
0.490460383913589	0.305980236685966
-0.415285364914855	0.229768124206211
0.150313706984665	0.0711339839596279
0.12579814223175	0.0479313041151888
-1.50512671215335	0.78497703069569
-0.0394917425523976	0.018628268164181
0.531801957015293	0.303475401766924
0.806124085128598	0.341215655434513
1.43184622835253	0.479292741706694
1.42795516831077	0.478570790474717
0.138547275345784	0.0347818496624983
1.95338582999428	0.463576578510391
1.95584693887656	0.462330835133922
1.95256933090985	0.464168557061862
0.925979622549504	0.243736825113843
0.138818714405564	0.0354421828043769
1.43287798690679	0.475136223572177
-1.16680976292454	0.361321943590249
-0.16160833434626	0.0591682623929478
0.131019638754062	0.0447751745372152
1.76044487790859	0.99157820888262
2.74531503858304	0.788587032684406
0.926329332609966	0.245803896301602
1.00999964610321	0.38485082720045
2.09341097070047	0.951512192253766
0.510425175538684	0.184248558920947
0.644653544443343	0.203394918883316
0.137790482671227	0.0349173015404508
-0.649319222104321	0.16021039083734
1.26253075405875	0.70781550959232
1.79570418994076	0.710490111832351
0.926974875419701	0.246284209674963
-3.09343711568729	0.972052225554497
1.95584693887656	0.462330835133922
-0.648677249821696	0.158587087101144
0.426999830129114	0.173224779129442
-4.2329363476773	2.04349479134908
0.284771852147525	0.201227844375205
-0.505577660942165	0.267852442510804
0.896799578255461	0.760792048977228
0.599238505244802	0.31326798900738
0.134526944690639	0.0258144647389653
1.95256933090985	0.464168557061862
-1.80211551800213	0.40518546889285
-0.650318276706871	0.160755761640221
-0.649677393302236	0.159121336474823
1.95338582999428	0.463576578510391
1.95256933090985	0.464168557061862
3.25318829374075	1.10976895754928
0.138547275345784	0.0347818496624983
1.3048691446356	0.580886125685909
-0.49771595892838	0.261841159607629
-0.250256422804428	0.125890269667324
1.80296230556392	0.702658023385282
0.142133134088973	0.0458860336509486
0.432216086405575	0.176459106478166
3.25215396833713	1.09944519815717
0.143458160699927	0.0358142984417619
0.137716344096337	0.0264356853006178
0.92732486785368	0.24306890205782
1.79971117079625	0.713547256095307
-2.66304599983473	1.57739983578313
-0.368970569520409	0.108704530129129
-0.650318276706871	0.160755761640221
0.504822188982883	0.184110918199219
-0.650815605433229	0.158518447092606
1.95338582999428	0.463576578510391
2.7479767545239	0.782066977880158
0.929670085417592	0.244778423912617
0.924819524550708	0.242047041172073
0.929020853400311	0.244303524147299
1.08453321044308	0.796248548983476
0.507170252862813	0.182647571247782
-0.41056321677083	0.175044128218528
-0.551916539024256	0.349102532170488
0.980759192735273	0.796349036245232
-0.319825063346144	0.149481274178671
1.54695546827038	0.770648218228337
-1.80190156331263	0.405310176911618
0.138169594891086	0.0265198668009027
3.25318829374075	1.10976895754928
0.926329332609966	0.245803896301602
2.74531503858304	0.788587032684406
2.74438259751335	0.780038400688451
0.137393054243537	0.0344634753891055
-0.537890139455942	0.208648019897415
0.133621657798323	0.0257280473816019
0.129705851940839	0.0500169138857751
-0.242788883618067	0.0808805347641532
2.74531503858304	0.788587032684406
0.926974875419701	0.246284209674963
0.138618353811657	0.0265211219118666
-0.654514463701247	0.160265207029626
1.44672035489898	0.91099682350394
3.91337671586789	1.72666008519133
2.3374174774623	1.18988321932547
3.25318829374075	1.10976895754928
2.74531503858304	0.788587032684406
1.07298753176663	0.654020970089766
2.09022812164202	0.945927753511983
0.508081388675797	0.18525425523165
0.139600877429627	0.0467697736097162
-0.786496231567495	0.35210829920392
0.13840812259958	0.0408921198665596
0.137716344096337	0.0264356853006178
-2.58899611685113	0.683672524401667
0.139073148904902	0.0266055202308437
-2.58468514934926	0.681926813759725
0.138169594891086	0.0265198668009027
0.926329332609966	0.245803896301602
-1.80190156331263	0.405310176911618
1.09239589842624	0.820160150018798
-2.04148024505482	2.13954552953775
-0.0504915617969231	0.0234760583382863
0.0380974456623514	0.021633270148228
0.453569544820116	0.305574885328305
1.07017502345313	0.651861147086314
0.92732486785368	0.24306890205782
-0.750699276625547	0.264252450117151
1.95256933090985	0.464168557061862
0.926974875419701	0.246284209674963
0.137716344096337	0.0264356853006178
3.25215396833713	1.09944519815717
1.95338582999428	0.463576578510391
1.95256933090985	0.464168557061862
-0.649319222104321	0.16021039083734
0.138169594891086	0.0265198668009027
1.80296230556392	0.702658023385282
1.07360406679516	0.657881137993733
-0.749707900448518	0.266629197702648
0.802549426834567	0.341570842109923
0.139073148904902	0.0266055202308437
0.137716344096337	0.0264356853006178
0.639433294916704	0.204223062388441
-0.750699276625547	0.264252450117151
-1.05384695295636	0.432037760899314
2.74531503858304	0.788587032684406
0.132755613913402	0.0400087413766842
1.42719460355007	0.477448564652232
2.33577604148799	1.18742693832559
1.95338582999428	0.463576578510391
2.08849476509833	0.9440485467898
0.139073148904902	0.0266055202308437
0.134526944690639	0.0258144647389653
-2.58557826662177	0.681302812577655
-0.649319222104321	0.16021039083734
1.42898338960615	0.478193832396807
-1.84217209072436	0.763665548962959
2.7462498006239	0.778261278020301
-1.80211551800213	0.40518546889285
-1.80190156331263	0.405310176911618
0.67901757313456	0.322548276957465
1.2255463950872	1.02718936104641
-0.066762808098966	0.0295232250825857
1.11345928494084	0.991157652885137
0.376984253851909	0.168295315532695
0.425479611927254	0.170411351476596
1.55349761272954	0.780362467629578
-0.377823620534237	0.111128034755999
1.95338582999428	0.463576578510391
-3.09280325935961	0.972693856185307
-0.648677249821696	0.158587087101144
2.0823332078187	0.9200459057284
1.55108656873486	0.772983662632903
1.01595055020248	0.392095167936931
0.133621657798323	0.0257280473816019
-2.58513149511835	0.689509113042442
0.926329332609966	0.245803896301602
-3.47148123429515	1.24344411644129
1.79262476035013	0.701086338174517
0.138169594891086	0.0265198668009027
0.642650740895789	0.20298545340287
0.141666634051722	0.0357514933011427
2.74531503858304	0.788587032684406
-0.369739934267753	0.108830229788068
2.0916792997764	0.947020632233422
1.30742438371028	0.57083418750221
-0.367195240283961	0.107121976389446
0.13806085974017	0.0349020150681185
0.137790482671227	0.0349173015404508
0.639660215207864	0.203910262751024
0.807013898880125	0.337248993313896
0.925335174824177	0.243267565805426
0.141168720466643	0.026788068800843
1.43108326772595	0.478167346987275
1.42795516831077	0.478570790474717
-1.54211096447874	0.565956548030536
1.4308149383669	0.474993175817053
1.55505312572491	0.792542427995745
-1.80583314024352	0.404036831265938
0.533528941376039	0.309579589117101
0.351361296600244	0.176270709814806
0.455153725276806	0.308005537394895
0.427602487602509	0.304319006525194
-0.374056649896452	0.10984667872003
-2.24395206913635	1.83112883605272
1.00999964610321	0.38485082720045
1.95256933090985	0.464168557061862
2.7479767545239	0.782066977880158
2.7462498006239	0.778261278020301
0.927971507294548	0.243537608899139
1.95338582999428	0.463576578510391
2.74438259751335	0.780038400688451
1.4300525619712	0.473890200865325
2.74531503858304	0.788587032684406
1.04943825292443	0.511264523795884
2.5412628161373	1.42347054539208
-1.80190156331263	0.405310176911618
1.95256933090985	0.464168557061862
1.95256933090985	0.464168557061862
-1.80211551800213	0.40518546889285
-0.237634114381875	0.0784173059311123
0.1262072456769	0.0428297554510009
0.675070079402767	0.317521362750003
-0.107030676983149	0.0432926976170955
0.131769780715528	0.0397831026994758
2.7462498006239	0.778261278020301
0.64342341463051	0.205691875654135
1.8007131844382	0.713314573443425
-0.165633878223146	0.0608230448483071
0.63533835195479	0.202617768704467
-2.09425972111398	0.980128149199155
1.4308149383669	0.474993175817053
-0.372732473872603	0.110746709749891
1.95584693887656	0.462330835133922
-0.372967191440885	0.109879462987979
2.33133829579049	1.17443064736696
-3.09675293313402	0.963861246988004
0.137716344096337	0.0264356853006178
0.922124936246008	0.243516971274684
0.131021865338521	0.0391721334922174
1.42293417334597	0.472946291653134
0.138169594891086	0.0265198668009027
-0.650318276706871	0.160755761640221
0.930671315320304	0.244899140334393
0.133621657798323	0.0257280473816019
0.138818714405564	0.0354421828043769
0.428518317050907	0.174046878111496
0.132754372873048	0.0334623448971025
0.641431038909059	0.206705899790905
-0.412128417738076	0.173146067147415
-0.251927381357388	0.125144639690854
0.141168720466643	0.026788068800843
0.12918993805387	0.0442507386000375
0.137033206871248	0.0343903632230145
-0.650318276706871	0.160755761640221
1.95338582999428	0.463576578510391
-1.30099989731222	0.589804251734399
2.74438259751335	0.780038400688451
0.638661759222662	0.201540571310924
1.95338582999428	0.463576578510391
-1.80211551800213	0.40518546889285
2.09022812164202	0.945927753511983
0.926974875419701	0.246284209674963
0.93002098112329	0.244423585041229
3.2493353238897	1.10864834370629
1.95338582999428	0.463576578510391
0.138169594891086	0.0265198668009027
0.428241289583821	0.174216330191094
0.925335174824177	0.243267565805426
0.130370082299934	0.0441420110816074
0.428825611450252	0.174366674929911
0.927971507294548	0.243537608899139
0.50457577546401	0.182045166120913
0.138818714405564	0.0354421828043769
0.649212303350985	0.203142381617355
-1.80190156331263	0.405310176911618
-1.16501672782279	0.357025208830094
1.95256933090985	0.464168557061862
0.141938162059784	0.0354191252721787
0.929670085417592	0.244778423912617
-0.654514463701247	0.160265207029626
2.7479767545239	0.782066977880158
1.01520360297676	0.386582739475358
1.02012143775892	0.385701440457898
0.507836883903904	0.183767118983846
2.74438259751335	0.780038400688451
0.138618353811657	0.0265211219118666
-2.58513149511835	0.689509113042442
0.141666634051722	0.0357514933011427
0.137716344096337	0.0264356853006178
0.139073148904902	0.0266055202308437
0.139073148904902	0.0266055202308437
1.95584693887656	0.462330835133922
1.95338582999428	0.463576578510391
0.671309545963987	0.578401995959924
0.801899003991324	0.340962341726034
-0.0721983076740694	0.0315106182631888
0.427912885754657	0.174104059517884
-0.110516538265453	0.0446169747691459
1.42719460355007	0.477448564652232
0.141278747962765	0.0539349256568032
0.925335174824177	0.243267565805426
1.95584693887656	0.462330835133922
0.92732486785368	0.24306890205782
1.95338582999428	0.463576578510391
0.139073148904902	0.0266055202308437
1.95338582999428	0.463576578510391
-2.58513149511835	0.689509113042442
1.95584693887656	0.462330835133922
4.16197710521191	2.02110070343959
3.25036486382959	1.10725094810752
1.95338582999428	0.463576578510391
1.95239371107411	1.21473165253473
-1.84264604569047	0.766512726713672
1.01352383527603	0.385779054090432
-0.647268870262709	0.157438045305518
0.137716344096337	0.0264356853006178
0.925979622549504	0.243736825113843
1.04211120136068	0.508454623635959
0.926329332609966	0.245803896301602
0.140605369101782	0.0351308802058006
1.42395946891673	0.472583961120929
-0.650959635012338	0.159168476600347
1.95256933090985	0.464168557061862
-0.650959635012338	0.159168476600347
1.95256933090985	0.464168557061862
0.139073148904902	0.0266055202308437
0.930671315320304	0.244899140334393
1.43108326772595	0.478167346987275
0.926974875419701	0.246284209674963
2.74438259751335	0.780038400688451
1.25869258966967	0.683573262605218
0.524529585077279	0.295737439058498
0.145069504746889	0.0687059618383591
0.639660215207864	0.203910262751024
0.139073148904902	0.0266055202308437
0.137716344096337	0.0264356853006178
1.8007131844382	0.713314573443425
0.138818714405564	0.0354421828043769
0.139073148904902	0.0266055202308437
0.529912850530163	0.302372501451607
0.491205450949031	0.311155137474942
1.75606229716005	1.36598233301122
0.711312023818411	0.58012849709282
0.314607391659921	0.189082777850691
0.63766272180291	0.453388283192552
0.588697313598794	0.439581920558603
0.678115190757382	0.321110111421806
-0.022713989650419	0.0113780057599122
0.348597644657066	0.175401402678834
0.774821130404631	0.462084985595458
-0.0126914446992466	0.00649087433825648
1.76872588525681	0.986335394787673
-0.415719703442613	0.236621938413511
-1.54058228908419	0.558038570704529
1.01421910313051	0.386497027111194
2.74438259751335	0.780038400688451
-1.16076621190063	0.359385238156804
0.138818714405564	0.0354421828043769
0.138169594891086	0.0265198668009027
-2.58557826662177	0.681302812577655
0.926329332609966	0.245803896301602
0.141628868364635	0.0268733845859336
0.133621657798323	0.0257280473816019
1.80373891850601	0.704362478450975
1.95256933090985	0.464168557061862
-1.80211551800213	0.40518546889285
0.134526944690639	0.0258144647389653
0.137786547255047	0.0525829604188277
3.62168394400497	1.42736372029797
1.01155779435024	0.385777953603479
0.139847419253076	0.0352678773972538
-0.650318276706871	0.160755761640221
1.95338582999428	0.463576578510391
-0.648677249821696	0.158587087101144
1.01179148986041	0.390812379931115
1.02086557302962	0.381874562594937
0.135506264229104	0.0583261544619557
-0.649319222104321	0.16021039083734
0.138169594891086	0.0265198668009027
-1.84462146111998	0.762103522861904
-0.372199398666119	0.10861997456099
-1.80211551800213	0.40518546889285
0.139073148904902	0.0266055202308437
0.139073148904902	0.0266055202308437
0.925335174824177	0.243267565805426
0.498976005536493	0.179650456596235
1.55658181837253	0.775242663331729
1.30769071044512	0.580821984597342
1.76240943503143	1.37031640138018
-0.1638005064279	0.0600618571222791
2.09462524032462	0.936200207958965
0.138818714405564	0.0354421828043769
0.137716344096337	0.0264356853006178
0.134526944690639	0.0258144647389653
-1.16180306616162	0.360626829502971
-0.376278890867832	0.110765860075796
2.74531503858304	0.788587032684406
0.138547275345784	0.0347818496624983
0.929020853400311	0.244303524147299
0.139073148904902	0.0266055202308437
0.133621657798323	0.0257280473816019
2.7489176254429	0.781882431670721
0.138169594891086	0.0265198668009027
-1.80211551800213	0.40518546889285
0.850692696284935	0.620295972771394
0.772500503573024	0.45856596740791
0.324688234335422	0.176517212376372
0.501126136756007	0.311955968040672
0.34729488988748	0.175578462655389
1.04120438943091	0.505893763441845
0.352305207420954	0.17721534267304
-0.999008171225277	0.500155178408408
1.44075097899118	0.888404462375143
-0.0630449016027966	0.0276711902180535
0.140143013882091	0.0604319904374563
-4.03112892834455	1.72394364995591
0.432216086405575	0.176459106478166
-1.54287595262912	0.564324390459102
-0.378051187678928	0.111023447161183
-1.80190156331263	0.405310176911618
0.637110020884382	0.202981575807905
0.929020853400311	0.244303524147299
-1.80190156331263	0.405310176911618
1.95338582999428	0.463576578510391
-1.80211551800213	0.40518546889285
0.926974875419701	0.246284209674963
-0.649961670532414	0.158635340685799
0.641431038909059	0.206705899790905
3.91752706378917	1.7353819299003
2.08924618973395	0.946370198374706
1.42692741367696	0.472854481440801
0.930671315320304	0.244899140334393
1.95338582999428	0.463576578510391
1.00682260093215	0.383667953301438
0.130783366724484	0.0391461997340817
0.133621657798323	0.0257280473816019
0.138818714405564	0.0354421828043769
0.640432049403559	0.206671110179374
2.0916792997764	0.947020632233422
2.7479767545239	0.782066977880158
-2.09425972111398	0.980128149199155
2.0958358563895	0.909422551087369
1.95256933090985	0.464168557061862
2.74438259751335	0.780038400688451
2.7489176254429	0.781882431670721
0.929020853400311	0.244303524147299
1.95338582999428	0.463576578510391
0.133743144680782	0.0398540974543432
0.889276800093443	0.482533263294224
0.93002098112329	0.244423585041229
0.357362634367407	0.178786723822583
0.139576085242422	0.0352987079074651
0.502930967277417	0.181333117013942
0.138618353811657	0.0265211219118666
-0.169310736207172	0.0622086261971111
0.13096448496266	0.0390859273598624
0.139088984871223	0.0347391602259325
-1.80190156331263	0.405310176911618
-2.58945281070023	0.683631203527574
0.138169594891086	0.0265198668009027
-0.648677249821696	0.158587087101144
0.142425808142815	0.0356096114179749
-1.80190156331263	0.405310176911618
-1.80190156331263	0.405310176911618
-1.80190156331263	0.405310176911618
0.138618353811657	0.0265211219118666
-2.58468514934926	0.681926813759725
0.929670085417592	0.244778423912617
0.929670085417592	0.244778423912617
0.0104345378562919	0.00556889132890193
-0.51475228624971	0.262738017966097
-0.00831778625094889	0.00434261597986609
0.453426092558232	0.304478723953161
0.779384487523306	0.46684584023641
0.332262850861858	0.183645204397299
1.8943367687015	1.62288083660933
0.70193747839641	0.461222704365355
-0.412178447095826	0.289009312051171
0.844677149417413	0.574246944867178
1.07298753176663	0.654020970089766
-0.807663451979718	0.529783625258194
0.145808391991498	0.062552566426677
-0.995166092636062	0.501278859422338
-2.10053676163918	0.969354337921519
0.138169594891086	0.0265198668009027
1.95338582999428	0.463576578510391
-0.7499539562993	0.263513086552406
1.95256933090985	0.464168557061862
-1.80190156331263	0.405310176911618
0.926329332609966	0.245803896301602
-0.647268870262709	0.157438045305518
0.133621657798323	0.0257280473816019
1.95256933090985	0.464168557061862
0.132755613913402	0.0400087413766842
1.95584693887656	0.462330835133922
2.5516783810873	1.39529504253978
1.42898338960615	0.478193832396807
1.95338582999428	0.463576578510391
0.137716344096337	0.0264356853006178
0.125033303465894	0.0428637016829975
0.504822188982883	0.184110918199219
0.67440813175541	0.316114749456319
1.01104201595136	0.385305051110661
-0.649319222104321	0.16021039083734
2.74531503858304	0.788587032684406
3.25422405878576	1.0988640104023
-0.649319222104321	0.16021039083734
1.7986632649824	0.695887804785882
3.25036486382959	1.10725094810752
-1.80190156331263	0.405310176911618
3.25318829374075	1.10976895754928
2.74531503858304	0.788587032684406
3.9123489333965	1.72015641649178
1.01520360297676	0.386582739475358
0.138802541428362	0.0530355396520781
0.348722537389473	0.174368151075072
0.67901757313456	0.322548276957465
1.31000962917872	0.587023547729711
-0.411306378369193	0.173103709879466
-0.999971652731192	0.507634661620305
1.44583605711663	0.910864209091877
1.30906895135202	0.585546772041702
0.138169594891086	0.0265198668009027
0.137716344096337	0.0264356853006178
-1.80211551800213	0.40518546889285
-1.80211551800213	0.40518546889285
0.137790482671227	0.0349173015404508
0.639660215207864	0.203910262751024
-0.750453159564684	0.266070645067511
-0.364953231343634	0.105781956689199
-0.648677249821696	0.158587087101144
0.138618353811657	0.0265211219118666
0.139073148904902	0.0266055202308437
0.138169594891086	0.0265198668009027
4.15872224159386	2.00334296505939
0.680292496340284	0.318064401978239
0.549081502440106	0.430694894723181
0.126625930174631	0.0538011218177657
0.889276800093443	0.482533263294224
-0.497289725621209	0.262878783264408
-0.412445229353419	0.172570478151551
0.432526466772313	0.175579738668412
1.76471126914754	1.36434805117048
1.23302144214778	1.02334741991444
1.95385666200594	1.23325565102779
0.4358368427342	0.312387423798798
-0.241840209542203	0.080476940077082
-0.374504096873756	0.109063507862746
-0.0663548494257593	0.0292268737441086
0.132285070138854	0.0571628066209519
-0.961145701820068	0.589700338786352
-0.748962934462903	0.265874158565463
-1.98633758953438	1.33292147078483
-1.16680976292454	0.361321943590249
1.95256933090985	0.464168557061862
-0.37705103334154	0.111772840936855
-1.80190156331263	0.405310176911618
0.137716344096337	0.0264356853006178
1.4308149383669	0.474993175817053
0.929670085417592	0.244778423912617
0.926329332609966	0.245803896301602
-2.58513149511835	0.689509113042442
-2.58513149511835	0.689509113042442
1.95338582999428	0.463576578510391
1.43108326772595	0.478167346987275
0.675641318219284	0.318864643581878
0.598346083136373	0.311803470463921
-1.84635936125413	0.772831105281446
1.79570418994076	0.710490111832351
1.95256933090985	0.464168557061862
1.95256933090985	0.464168557061862
-0.370192063582796	0.107755133242033
0.138818714405564	0.0354421828043769
1.0157137322373	0.387976380499905
0.128538936081151	0.0436207905372176
1.25769058712102	0.697929531497635
-3.09803658564349	0.963618638434641
0.137716344096337	0.0264356853006178
0.41886031697332	0.163975648085483
1.79063227897974	0.701853790205257
-0.650318276706871	0.160755761640221
1.8007131844382	0.713314573443425
-1.85205233883341	0.764323714431684
-1.16680976292454	0.361321943590249
-0.650318276706871	0.160755761640221
0.135568968576203	0.0339891491304889
0.640658905761581	0.203950748563405
1.95256933090985	0.464168557061862
1.43287798690679	0.475136223572177
-0.373501444264572	0.109780204795531
0.139123653747129	0.0670084264154567
0.293181220299956	0.187422408403406
1.01097898122568	0.384935969679341
-0.0368571270091365	0.0175339445741875
-0.53927097726266	0.20974189922174
-0.23997851337229	0.0797141941925215
0.594546442486964	0.311161713457235
0.131531340806028	0.0393848494794365
3.25139583150282	1.09209130025117
-0.645977108318167	0.157387277340251
-1.80190156331263	0.405310176911618
-0.654514463701247	0.160265207029626
0.137716344096337	0.0264356853006178
-1.05057896075762	0.425359017450372
0.139847419253076	0.0352678773972538
1.79570418994076	0.710490111832351
1.43108326772595	0.478167346987275
0.93002098112329	0.244423585041229
-1.80211551800213	0.40518546889285
-1.80190156331263	0.405310176911618
-1.80211551800213	0.40518546889285
-3.10137332680345	0.953686224961348
3.62573565960846	1.41848408933262
0.385402097434157	0.175234603342564
-0.178962995048736	0.125682449191315
0.410714261983299	0.305722063051378
0.952771140541353	0.637547604020012
-0.799141920722044	0.442648273039795
-0.0394917425523976	0.018628268164181
-0.0368198434224387	0.0175635187994821
0.891594109996341	0.485178251415359
1.44272298590808	0.886872510740763
0.852833605035387	0.626210088173609
2.72671526755096	1.67965332501659
0.148558106004311	0.0711516113317923
0.593996055470354	0.31066172326561
0.435009964037666	0.174896538077082
0.325622607679933	0.17856861970187
-0.249315959695042	0.125782769531469
0.887925441253663	0.478254789914584
0.149409695094979	0.0701455711847415
2.33881619236386	1.16244101667115
-0.113831435314705	0.0453544005783252
0.13806085974017	0.0349020150681185
0.138818714405564	0.0354421828043769
2.74531503858304	0.788587032684406
1.42822224336494	0.477074019570971
1.95338582999428	0.463576578510391
0.138618353811657	0.0265211219118666
1.95338582999428	0.463576578510391
-0.376278890867832	0.110765860075796
0.123311117318626	0.0367093572540832
-1.54186427014847	0.562391050588268
-2.58468514934926	0.681926813759725
0.804954811703476	0.345472225969279
1.55440363611776	0.780361677510396
1.01179148986041	0.390812379931115
0.139073148904902	0.0266055202308437
0.138547275345784	0.0347818496624983
-1.84116096838096	0.76985134303748
1.31000962917872	0.587023547729711
0.508081388675797	0.18525425523165
-0.654514463701247	0.160265207029626
0.639433294916704	0.204223062388441
1.95256933090985	0.464168557061862
2.74531503858304	0.788587032684406
1.79893570621489	0.71178866805356
1.54902029058638	0.781201794884634
0.142698404858563	0.0359575700897484
-0.372732473872603	0.110746709749891
-0.755659764208684	0.265241875072543
3.62467162070288	1.43500145314363
0.138818714405564	0.0354421828043769
0.637110020884382	0.202981575807905
1.00780161245042	0.382676369772637
0.138618353811657	0.0265211219118666
0.929670085417592	0.244778423912617
1.30277657858001	0.57037500718535
1.79570418994076	0.710490111832351
1.79971117079625	0.713547256095307
1.95338582999428	0.463576578510391
-0.537244494096108	0.209199262988428
0.512994189853566	0.184777044587054
0.12918993805387	0.0442507386000375
0.133516783675935	0.0336393793939088
0.130755305563244	0.0449465396920763
0.13806085974017	0.0349020150681185
-1.30538773109704	0.600022011439438
0.136082679681813	0.0525324784428168
3.62168394400497	1.42736372029797
0.925819939961969	0.242168104656227
1.95256933090985	0.464168557061862
1.95584693887656	0.462330835133922
-1.80190156331263	0.405310176911618
0.137716344096337	0.0264356853006178
-0.75219079841827	0.261176662930291
0.138618353811657	0.0265211219118666
0.137716344096337	0.0264356853006178
1.95338582999428	0.463576578510391
0.139073148904902	0.0266055202308437
0.138169594891086	0.0265198668009027
0.137716344096337	0.0264356853006178
0.138169594891086	0.0265198668009027
2.7489176254429	0.781882431670721
0.885963236005138	0.480667813853371
0.432561943848909	0.304688953275677
-0.408818100657734	0.288781091534443
0.0155686074497408	0.00823839611954824
0.557743073936869	0.444731092023979
-0.0381940587046878	0.0181798564675187
0.506468506416984	0.184272460164198
0.141780167188525	0.0677881436387468
-2.26128843570311	1.7840895361156
0.138124398652496	0.0532597376879852
0.949198182004484	0.641372209461979
0.591829396559823	0.310688057891531
0.538948790755069	0.309434962500871
1.35317157422902	1.24235047035657
0.136919308020491	0.0408177028889142
0.586462740037242	0.298007902300882
-0.32072626019726	0.149686261324011
2.11139597934409	1.46085039258582
-0.960654756252542	0.590691230230133
-0.0681108092169261	0.0295688351260305
-0.157100362339009	0.0887497697558302
0.131709003984819	0.0565101722021411
-0.649319222104321	0.16021039083734
1.95338582999428	0.463576578510391
1.95338582999428	0.463576578510391
2.7489176254429	0.781882431670721
0.926974875419701	0.246284209674963
-0.648677249821696	0.158587087101144
3.91543307449018	1.71602442481913
-0.748962934462903	0.265874158565463
-0.110546721690707	0.0440703631562388
2.34069277617099	1.17709168823907
1.30745495657921	0.576594767890921
1.79570418994076	0.710490111832351
0.138618353811657	0.0265211219118666
1.95256933090985	0.464168557061862
-1.80190156331263	0.405310176911618
0.135687810090981	0.0405518208503784
-0.370509740783027	0.107903753835967
0.799290226460679	0.340854272095793
-1.16227469880569	0.355295007054579
1.43108326772595	0.478167346987275
-2.58945281070023	0.683631203527574
0.138169594891086	0.0265198668009027
-3.09803658564349	0.963618638434641
1.30883023487579	0.572795684693663
0.800989673487252	0.342067986972423
0.140605369101782	0.0351308802058006
0.138618353811657	0.0265211219118666
1.95338582999428	0.463576578510391
1.42293417334597	0.472946291653134
0.926974875419701	0.246284209674963
0.131469439929658	0.0389941114854996
1.01074601962064	0.385312386444489
0.380476317645129	0.172420275283168
0.504119448545076	0.18175729938249
-0.546288323472199	0.212886690694489
-0.319139250406554	0.146691925915673
-0.372967191440885	0.109879462987979
-0.414857779070285	0.176682385019192
2.33157104854634	1.17733567459377
0.63533835195479	0.202617768704467
1.61057813060786	1.13473085301283
0.137790482671227	0.0349173015404508
-0.650318276706871	0.160755761640221
0.930671315320304	0.244899140334393
-1.80583314024352	0.404036831265938
0.134805386154992	0.0338121207710829
0.137033206871248	0.0343903632230145
2.7462498006239	0.778261278020301
-0.649677393302236	0.159121336474823
-3.09216987140428	0.960869115746174
0.925979622549504	0.243736825113843
-1.80211551800213	0.40518546889285
1.95338582999428	0.463576578510391
-0.649677393302236	0.159121336474823
0.929670085417592	0.244778423912617
0.930671315320304	0.244899140334393
-2.58513149511835	0.689509113042442
-0.649319222104321	0.16021039083734
0.457965316822249	0.311481818928947
-0.0337000326745575	0.015988482893019
-0.252497309022547	0.128271921232759
0.848404974021587	0.621271825435002
-0.247347001207727	0.162558659842758
0.131770953769287	0.0569213800918292
0.143155562240393	0.0688757413903805
0.775529447246868	0.609619882196382
-0.539540080793358	0.208099233022499
0.126237056219096	0.0427775969393179
-1.85709790117499	1.16487110288097
0.142676569661728	0.0749404414166552
-0.501435028733428	0.263956495477953
1.01754702907708	0.959581534227148
0.326112943763042	0.180066368916833
0.140267341029465	0.060251585649953
0.717413203061884	0.596734331162798
-0.321195156970842	0.148184842267768
0.345868944846538	0.172818282349057
0.424829140010351	0.172125883775507
-0.113240152774761	0.0452155314259787
1.01589046027837	0.379279546997223
-0.368970569520409	0.108704530129129
1.95256933090985	0.464168557061862
1.95338582999428	0.463576578510391
0.135568968576203	0.0339891491304889
-0.650318276706871	0.160755761640221
0.138169594891086	0.0265198668009027
0.640204384260695	0.202440736609696
1.7959287507101	0.710356981550796
0.500379391071303	0.180303967231713
0.639433294916704	0.204223062388441
0.93002098112329	0.244423585041229
0.925979622549504	0.243736825113843
-1.80190156331263	0.405310176911618
-1.69199523536141	0.984856688168279
-1.50911057639426	0.789656593076845
1.30604689497771	0.574600894690801
0.138618353811657	0.0265211219118666
1.01595055020248	0.392095167936931
0.641431038909059	0.206705899790905
1.95256933090985	0.464168557061862
3.62062366405083	1.43326252584705
-0.649677393302236	0.159121336474823
0.136433082417729	0.040391101370101
0.649212303350985	0.203142381617355
0.137033206871248	0.0343903632230145
2.74438259751335	0.780038400688451
1.4308149383669	0.474993175817053
-0.241592110808894	0.0796343626485334
1.42822224336494	0.477074019570971
0.139073148904902	0.0266055202308437
2.08849476509833	0.9440485467898
-1.80211551800213	0.40518546889285
-0.0718835844272527	0.0314692827500076
0.141666634051722	0.0357514933011427
2.74438259751335	0.780038400688451
-3.770040500817	1.52983951262272
0.680923857701964	0.315858595631214
0.349524069555261	0.174040168260881
0.64519752559114	0.205734411961475
1.05009918415931	0.516830094992167
-3.77079928020134	1.52240203576144
-0.239280214302503	0.0797093161228399
-2.09634661107878	0.979836563621813
2.33415358443588	1.17925118132188
0.430700215324852	0.175008159531737
0.926329332609966	0.245803896301602
-3.09739452059542	0.972553736075869
1.95584693887656	0.462330835133922
0.138618353811657	0.0265211219118666
0.138169594891086	0.0265198668009027
0.802549426834567	0.341570842109923
0.644195640504139	0.203891935709909
0.929020853400311	0.244303524147299
-1.80211551800213	0.40518546889285
-1.80190156331263	0.405310176911618
0.138618353811657	0.0265211219118666
1.95338582999428	0.463576578510391
0.138169594891086	0.0265198668009027
0.351361296600244	0.176270709814806
-0.122655098610302	0.0729345063358171
0.332368748563505	0.182432614696817
-0.348394644775006	0.211464841687485
0.459777243528128	0.313178515627997
0.809881239107196	0.339067024721991
0.323810166988372	0.176983288366587
0.895451811611491	0.483202178758966
-0.165924623645863	0.0607705580031965
-1.04893390575969	0.425501531364033
-0.0495635709261674	0.0231304263135708
-0.344242893533895	0.206500045528826
0.128532989649213	0.0387330108702786
0.946118407503741	0.631110039223277
-0.0635362075958464	0.0279262834240838
0.133264717489137	0.0398651258030508
0.9865190500952	0.801252423578684
-0.813984511496467	0.699861203368666
0.346437889080331	0.172232101387871
-1.33643322189029	0.841131676718394
-1.34773729914508	0.837253919027692
0.842462741007783	0.613219047078168
2.7479767545239	0.782066977880158
0.13840812259958	0.0408921198665596
0.137790482671227	0.0349173015404508
0.128532989649213	0.0387330108702786
0.929020853400311	0.244303524147299
0.927971507294548	0.243537608899139
2.7462498006239	0.778261278020301
2.54548136986112	1.437906267709
1.42692741367696	0.472854481440801
2.74531503858304	0.788587032684406
1.95338582999428	0.463576578510391
0.133621657798323	0.0257280473816019
0.926329332609966	0.245803896301602
0.133502874099665	0.0402503094723903
-1.29672981259494	0.597834175312312
-0.750453159564684	0.266070645067511
1.75853694923	0.978749361183786
-3.77079928020134	1.52240203576144
0.927971507294548	0.243537608899139
1.95584693887656	0.462330835133922
-0.37373542401889	0.110004299970677
0.136676224470739	0.0411018975580698
-1.49960310719433	0.765124418470506
1.01375799328144	0.385551763829273
0.641203436908402	0.204828865510354
-0.650959635012338	0.159168476600347
0.641431038909059	0.206705899790905
1.42822224336494	0.477074019570971
3.2493353238897	1.10864834370629
1.01496655409926	0.392016410565643
0.926974875419701	0.246284209674963
0.499677806509618	0.181395612831858
0.13342584199096	0.0456780844290643
2.74531503858304	0.788587032684406
-0.537244494096108	0.209199262988428
0.343578290299853	0.171518747662216
2.25845116063837	1.75234174717279
-1.30060141663037	0.607500402054919
0.134896429334878	0.039767367684544
-0.242787580726994	0.0800171629256298
1.06357619121537	0.636700728473044
0.676342106698023	0.318472540296002
0.132755613913402	0.0400087413766842
2.0916792997764	0.947020632233422
-3.09407144090335	0.959647090123049
0.139073148904902	0.0266055202308437
-0.655163635992096	0.160369482742199
0.135931183146639	0.0408601823442341
-0.370041379672604	0.106914286342733
0.138169594891086	0.0265198668009027
1.31397906412597	0.573633430312359
0.640204384260695	0.202440736609696
-1.80190156331263	0.405310176911618
-1.80190156331263	0.405310176911618
-3.09280325935961	0.972693856185307
-0.0718150025706929	0.0318713616421324
-0.151724042074572	0.0862396191329869
-0.203882275384169	0.108382161245653
0.147604098774072	0.0704825376507349
-0.0759615133212299	0.0333155076383531
0.975276537026008	1.07608258449303
0.804306426214091	0.344854975606889
0.881757808415821	0.473376481004409
-0.114365177525289	0.0456312505862719
-0.157925565937643	0.057074111209946
1.76052941401464	1.34632476892188
0.136676224470739	0.0411018975580698
-0.0672552339731231	0.0297249119201208
1.22064594285753	1.32383361900735
0.136410468281151	0.0654789499443106
0.348642475833303	0.173073178338994
0.87874446618251	0.904230199394041
0.433420871313236	0.174895185886725
-0.32870349643625	0.149280503970431
0.807657047620498	0.341688010260639
1.23602081242935	0.847269356482426
0.92732486785368	0.24306890205782
1.95338582999428	0.463576578510391
1.01104201595136	0.385305051110661
1.01074601962064	0.385312386444489
-0.741608659597015	0.255372129801573
0.673263628370962	0.315120332441698
3.62062366405083	1.43326252584705
1.95256933090985	0.464168557061862
0.129840797352239	0.0445844341304171
0.128532989649213	0.0387330108702786
0.674738698940861	0.318159306432389
2.08826346784154	0.942765758491391
-1.16255649541829	0.360535388481223
-1.17185131443688	0.356117859587755
3.2493353238897	1.10864834370629
-1.05314945343007	0.432914540626917
0.137716344096337	0.0264356853006178
-1.84067529611299	0.760552235843089
-0.649319222104321	0.16021039083734
-0.750453159564684	0.266070645067511
-1.16076621190063	0.359385238156804
-0.16623824947282	0.0610134655693771
-0.162884309300249	0.0591268591050108
0.142425808142815	0.0356096114179749
-0.751489371171384	0.263470647301652
0.64342341463051	0.205691875654135
-0.654165411001464	0.159831562379876
-0.545641755228151	0.213156326519175
-3.09407144090335	0.959647090123049
0.13732894948122	0.0527562325967943
-0.994380561850817	0.502156564887953
-1.54970392395302	0.554224922030208
-0.788045447426295	0.347116983871425
-0.116179027186003	0.0466633349984021
0.42513690580992	0.171460939143299
1.05100741137477	0.518952111891946
0.138818714405564	0.0354421828043769
0.137716344096337	0.0264356853006178
0.929670085417592	0.244778423912617
1.79162840936759	0.703437230890096
3.25139583150282	1.09209130025117
-1.80211551800213	0.40518546889285
-0.369739934267753	0.108830229788068
-2.58468514934926	0.681926813759725
-1.80211551800213	0.40518546889285
0.887383441664308	0.478972445956347
0.297044043365105	0.202118715143262
-0.122546004353771	0.0737549402996463
0.134409247975026	0.0512349764763142
0.488596076770189	0.305022011643377
2.33133829579049	1.17443064736696
0.424829140010351	0.172125883775507
0.644118581024545	0.20128710025001
0.149842023003761	0.0918811158279597
0.503178003100022	0.18139115003774
0.136889352631788	0.0656532454926697
-0.111412544764416	0.045089943788383
0.12579814223175	0.0479313041151888
-0.0650107382121449	0.0283447092957583
0.95591265086511	0.633236172584568
0.508325950710815	0.183108533971571
0.92732486785368	0.24306890205782
1.42692741367696	0.472854481440801
0.131021865338521	0.0391721334922174
1.95338582999428	0.463576578510391
1.42822224336494	0.477074019570971
0.138169594891086	0.0265198668009027
1.76318731223703	1.00370787033723
3.25036486382959	1.10725094810752
1.43287798690679	0.475136223572177
1.95338582999428	0.463576578510391
-2.58513149511835	0.689509113042442
0.140605369101782	0.0351308802058006
-0.164988899854355	0.0605952762512714
0.927971507294548	0.243537608899139
0.381181749185143	0.172240019475104
-0.649319222104321	0.16021039083734
0.925979622549504	0.243736825113843
-1.80190156331263	0.405310176911618
-2.58513149511835	0.689509113042442
-0.7499539562993	0.263513086552406
2.08947720126277	0.943612171539552
0.498736731149331	0.179281907261331
0.125944161747299	0.0432199706166619
0.138169594891086	0.0265198668009027
0.139073148904902	0.0266055202308437
3.25215396833713	1.09944519815717
0.142425808142815	0.0356096114179749
0.138169594891086	0.0265198668009027
0.63910706673426	0.202016723610545
0.131769780715528	0.0397831026994758
0.641203436908402	0.204828865510354
1.43184622835253	0.479292741706694
0.138169594891086	0.0265198668009027
0.505524711177284	0.184537045848412
-1.69046556200149	0.952697612550035
0.592208684335966	0.311784807350277
0.505524711177284	0.184537045848412
-1.15790256442372	0.35664499176059
0.485367943683346	0.303633595535867
-0.0681549971377887	0.0301311833607795
0.130273630097158	0.0501529017881732
4.16197710521191	2.02110070343959
0.138618353811657	0.0265211219118666
0.141168720466643	0.026788068800843
0.803135501392666	0.340827226534189
-1.00777158163528	0.496584153298184
1.04392451247498	0.508766194763748
-0.808958535375203	0.701676467633646
0.886850581301755	0.481641910239333
-0.32724309120862	0.150987849086584
1.95338582999428	0.463576578510391
0.92113051285893	0.24102514029113
0.142698404858563	0.0359575700897484
4.37203189914084	2.28450221964699
0.929020853400311	0.244303524147299
2.08947720126277	0.943612171539552
-0.367964462335371	0.108363329225903
0.134542642796399	0.0341445690681232
-1.50632860321369	0.78306390660716
0.507836883903904	0.183767118983846
0.134805386154992	0.0338121207710829
0.13377964661681	0.0339655613686654
0.137716344096337	0.0264356853006178
1.3048691446356	0.580886125685909
0.63611382542294	0.202940731306447
0.134249836964903	0.0400890519468039
0.138547275345784	0.0347818496624983
0.929670085417592	0.244778423912617
1.95256933090985	0.464168557061862
1.60501728540832	1.11367971228502
0.344970755858572	0.172830649815742
-0.99290014317351	0.498130805437083
0.509969571730134	0.184118798060044
-2.58945281070023	0.683631203527574
0.139073148904902	0.0266055202308437
1.25948763314464	0.696465288208143
-1.73921124945435	1.42732027978364
-0.169310736207172	0.0622086261971111
0.504580075605894	0.183905699075097
-1.61526608140234	1.22586700646472
0.134542642796399	0.0341445690681232
0.800338380126396	0.337545208735542
0.925979622549504	0.243736825113843
1.95338582999428	0.463576578510391
0.137716344096337	0.0264356853006178
-0.243489732986148	0.0812398100864258
0.142425808142815	0.0356096114179749
1.42719460355007	0.477448564652232
-0.649961670532414	0.158635340685799
-2.58513149511835	0.689509113042442
0.780707743397437	0.467279309919693
0.535304225442229	0.308072595949413
0.142259221173437	0.068191901792886
0.136174499395106	0.0402058114068659
2.13077865017556	2.16747597930774
-0.135254720071456	0.0793745261965853
0.852699534324417	0.611523121500232
-0.037264063311783	0.0176243039039405
1.04059850160465	0.500756596778367
0.529079101322968	0.302684678566532
1.01080793058073	0.389781480211188
0.795916309961363	0.338880381128544
1.95338582999428	0.463576578510391
1.31397906412597	0.573633430312359
1.42719460355007	0.477448564652232
1.0166972253032	0.3880595427182
0.504822188982883	0.184110918199219
1.76621029731452	0.987769178203271
1.04853061351236	0.513497604131398
1.95338582999428	0.463576578510391
2.09022812164202	0.945927753511983
-0.245141409663293	0.0807658318475998
0.138818714405564	0.0354421828043769
0.641431038909059	0.206705899790905
0.137420997667979	0.0409326259269069
1.42795516831077	0.478570790474717
0.926974875419701	0.246284209674963
-0.759646518870265	0.264294491853676
-2.58513149511835	0.689509113042442
1.04549965510898	0.505280523801214
1.31000962917872	0.587023547729711
-0.653515136282054	0.159727161117317
0.684197693155187	0.321067010084729
-1.35513932106353	1.10824143609256
-0.167114389722502	0.0607483605666991
1.05100741137477	0.518952111891946
0.128147836037147	0.0435000014167392
-0.410876897292215	0.230279516969534
0.381013403734791	0.173132440946282
0.594212387551922	0.30543562518759
0.429430403324828	0.174308914564631
0.641431038909059	0.206705899790905
1.43211444118756	0.474033268230349
-0.654165411001464	0.159831562379876
0.138169594891086	0.0265198668009027
-0.648677249821696	0.158587087101144
0.138169594891086	0.0265198668009027
-1.80190156331263	0.405310176911618
0.383078213827389	0.173623050496421
1.0716265974042	0.653502166270156
0.465402812986275	0.315284635666813
-0.208453107660406	0.141629809922577
-0.340788186038236	0.205609942538412
-1.336943511402	0.842850854177151
-1.10368687230503	0.750604256409344
0.13806085974017	0.0349020150681185
0.00940353722976747	0.00503626205022422
1.22631028653839	1.01849265498325
1.42719460355007	0.477448564652232
0.331331759798441	0.18248950063978
-0.750453159564684	0.266070645067511
2.33647975774558	1.1902357498922
1.95338582999428	0.463576578510391
3.25318829374075	1.10976895754928
0.140605369101782	0.0351308802058006
0.891594109996341	0.485178251415359
0.429738004776667	0.174027388577235
0.42791628133047	0.172343356334904
0.136676224470739	0.0411018975580698
2.75160033023002	0.768358222418302
0.641431038909059	0.206705899790905
-1.50232239857667	0.772335426041249
-0.367964462335371	0.108363329225903
1.79792720273559	0.699424862602515
0.13806085974017	0.0349020150681185
-0.788282254143968	0.348161930703264
0.796565634602013	0.336415337888685
-1.85289053178783	1.19358463845812
-0.621563854158612	0.303518408026805
0.32247459975539	0.177370649926114
-1.23942907121605	0.941726038374368
0.776559643872916	0.458618517578228
0.132582039124434	0.0449600957344367
0.63533835195479	0.202617768704467
1.07537934974307	0.663936036393242
1.80170571015197	0.678747869237671
0.139847419253076	0.0352678773972538
2.7462498006239	0.778261278020301
0.702825517072602	0.459620232964098
2.73193072065462	1.68050765427005
0.427042543013282	0.17205182981018
1.63870013989421	1.52238898768026
0.778598568749215	0.607184170358669
0.139029947833432	0.0534677394668494
-1.27811911379526	1.37995135150866
0.355166934835866	0.177696998499278
1.22798318698722	1.00320789122584
2.1167961184997	1.48503844043372
0.136021558207427	0.0586413438510883
-1.85131114436226	0.764300782767386
0.130783366724484	0.0391461997340817
0.139073148904902	0.0266055202308437
-1.30632723212972	0.593558123734807
2.7489176254429	0.781882431670721
0.922124936246008	0.243516971274684
0.138618353811657	0.0265211219118666
-0.753181884414792	0.264903486950086
1.54836582849928	0.769354800829021
1.30769071044512	0.580821984597342
0.139861959796527	0.0412618846585003
3.25422405878576	1.0988640104023
1.95584693887656	0.462330835133922
1.30416387964273	0.572388740586321
1.79570418994076	0.710490111832351
-0.164988899854355	0.0605952762512714
0.131769780715528	0.0397831026994758
0.925819939961969	0.242168104656227
2.7489176254429	0.781882431670721
0.639660215207864	0.203910262751024
2.7462498006239	0.778261278020301
1.94510869955383	1.21768151523035
-0.165633878223146	0.0608230448483071
0.927971507294548	0.243537608899139
1.04913646577078	0.507645145343534
-0.801460291529661	0.439687522496419
1.30581051293515	0.583204526982758
1.31000962917872	0.587023547729711
0.506468506416984	0.184272460164198
-0.380396034792448	0.109512226282398
0.132178724057892	0.0510702765080139
1.95584693887656	0.462330835133922
1.22909304339359	1.18764626285631
0.428055591123498	0.304155558886113
0.862399045983453	0.980520210194345
0.304333126464023	0.196433130353183
0.0546634497043806	0.0354923108627502
-2.09495514552012	0.983809814108261
-0.422785996897237	0.236004784456989
0.15267531048654	0.0871165652213762
0.345374728304701	0.171890242358885
0.845518931357878	0.623774960953166
0.973109979595339	0.772448534518247
-0.165029630388723	0.0604405571991372
3.25318829374075	1.10976895754928
-0.37373542401889	0.110004299970677
-1.16577583586829	0.360083099240396
-1.1600126841405	0.35529503686347
2.7479767545239	0.782066977880158
1.4308149383669	0.474993175817053
-0.76063150419968	0.262033397966174
0.129515595212371	0.0385917089800423
1.79393121355608	0.700241743161792
0.429738004776667	0.174027388577235
0.805215646329513	0.344267959117367
0.130105167826918	0.0446113493171228
0.428220694818722	0.173585777710766
1.42898338960615	0.478193832396807
1.01595055020248	0.392095167936931
2.33157104854634	1.17733567459377
0.930671315320304	0.244899140334393
0.141628868364635	0.0268733845859336
1.4308149383669	0.474993175817053
0.491205450949031	0.311155137474942
-0.323000322359989	0.150488009456996
-3.09739452059542	0.972553736075869
0.503876995823466	0.183153812193994
0.67263686402768	0.315639842179209
-1.16076621190063	0.359385238156804
0.132154279721194	0.0569265971381677
0.5912553473876	0.306801371420087
-2.30944696118718	1.16830477344717
1.31071131737431	0.580370529078579
2.23988678359946	2.45316788050245
1.07564710724461	0.658408859247353
1.24053755619429	0.853417927951488
0.145523429366958	0.0769697337229288
-0.408348196652589	0.173037028474031
-1.85057020864953	0.757520792728728
0.131792570699465	0.0506912441120161
1.63915949781815	1.52396838552429
0.845054323918434	0.619930296142592
0.800989673487252	0.342067986972423
0.15108644105952	0.0865426571084826
0.292825986763264	0.186881312432599
1.01254068844739	0.386785712184281
0.505524711177284	0.184537045848412
1.43499437670553	0.469713899049653
2.7462498006239	0.778261278020301
2.74531503858304	0.788587032684406
1.95338582999428	0.463576578510391
3.622744731928	1.40801772966037
0.133621657798323	0.0257280473816019
1.43575974850663	0.470793566917827
0.139073148904902	0.0266055202308437
-0.54434902709971	0.210417930011334
0.923120742885382	0.240835684941142
0.42912362294564	0.172581071085286
0.926329332609966	0.245803896301602
0.506227015255489	0.182899351925803
1.7947052374355	0.701940247969362
1.30581051293515	0.583204526982758
0.929020853400311	0.244303524147299
0.641431038909059	0.206705899790905
3.62062366405083	1.43326252584705
3.61956389250147	1.43028882967321
1.43108326772595	0.478167346987275
0.642202725024316	0.20486814652215
-1.04825804245851	0.430881776490226
0.925335174824177	0.243267565805426
0.924819524550708	0.242047041172073
0.132778314474188	0.0450337965772984
0.154252644406529	0.0807741934517922
1.2534563280134	0.685071628214355
0.697523360543393	0.457111441834278
0.309074334429351	0.186899611757743
0.951022931372687	0.631849444956408
1.014729443048	0.384082142894649
0.505524711177284	0.184537045848412
1.30906895135202	0.585546772041702
0.539841569442302	0.311287181390802
1.04987224487647	0.509411343678692
0.498054757742008	0.313480476956699
0.529079101322968	0.302684678566532
0.678448247211873	0.321181182956278
1.95338582999428	0.463576578510391
1.95338582999428	0.463576578510391
-0.377823620534237	0.111128034755999
1.43211444118756	0.474033268230349
-0.649319222104321	0.16021039083734
0.669032146250281	0.309701003586388
0.132754372873048	0.0334623448971025
0.134340225825743	0.0459478776911086
1.00907487707479	0.37988153605154
4.37346520690349	2.27741620089944
0.13377964661681	0.0339655613686654
0.927971507294548	0.243537608899139
1.8007131844382	0.713314573443425
0.889628510378139	0.479172004156998
2.32831596007181	1.16684659830358
-0.650318276706871	0.160755761640221
0.138169594891086	0.0265198668009027
0.682393922796605	0.32042387014629
1.01179148986041	0.390812379931115
1.0127751373005	0.389769011989825
0.67847949391579	0.317410086634964
2.3325100448268	1.17874795812717
1.30510580941007	0.574633213521749
0.640105850465034	0.203838328173808
1.42719460355007	0.477448564652232
1.22493817235425	1.02047680055883
0.948719326719986	0.64058418568144
1.76932750081039	1.00212910906119
0.159870545110653	0.0969860678426862
0.3555693308396	0.178590724263741
2.74438259751335	0.780038400688451
3.62062366405083	1.43326252584705
1.95338582999428	0.463576578510391
0.138169594891086	0.0265198668009027
0.135458722379517	0.0517171200386524
0.644424999818512	0.207579266186308
0.503876995823466	0.183153812193994
-0.244180925356045	0.081049134991476
1.7606399758833	1.37031770042076
0.800731449974192	0.3425296464443
0.13398902342509	0.0516991626437089
1.43108326772595	0.478167346987275
2.89471293306798	1.95054408251006
0.926329332609966	0.245803896301602
1.30416567431915	0.574921760660865
-0.23997851337229	0.0797141941925215
-2.58468514934926	0.681926813759725
0.138169594891086	0.0265198668009027
0.138169594891086	0.0265198668009027
2.7489176254429	0.781882431670721
0.797094237145415	0.334665123062584
0.4313034338578	0.175795446056529
0.678821367962212	0.317949688676888
1.2606312312711	0.688892379548025
1.43778125105174	0.891755340993512
0.67510743727222	0.319464404088542
0.940203285681724	0.637077588557656
-0.475127876838826	0.322772395581886
0.600131274010441	0.313637265444187
0.431730551205329	0.299020869554668
0.135687810090981	0.0405518208503784
0.384817249052833	0.316673707085653
1.42692741367696	0.472854481440801
3.25706867603825	1.08683794724682
-3.770040500817	1.52983951262272
0.134489699809032	0.0400924429288267
0.132755613913402	0.0400087413766842
0.804954811703476	0.345472225969279
1.01595055020248	0.392095167936931
-3.09280325935961	0.972693856185307
1.26712699193383	0.700291057789033
-0.157288375752953	0.0566058398464989
0.138124398652496	0.0532597376879852
1.04671431462836	0.513193629181291
-0.10316195259349	0.0412582216406303
0.92732486785368	0.24306890205782
0.132008056168482	0.0393965941991127
1.76251849723732	0.996134583107068
1.79670337293508	0.712109669548487
3.25215396833713	1.09944519815717
2.08849476509833	0.9440485467898
1.44563036197273	0.892156618389316
0.348323543612613	0.173161677412574
0.135512437658893	0.0649405176305288
3.62660904523662	1.40297158844754
0.601536746723829	0.313391979113613
0.128934561205538	0.0551132900204522
0.499438878411928	0.178227149702229
2.74531503858304	0.788587032684406
2.74438259751335	0.780038400688451
1.7999374187146	0.711558267279855
1.95256933090985	0.464168557061862
1.95338582999428	0.463576578510391
0.141628868364635	0.0268733845859336
0.139576085242422	0.0352987079074651
3.91440476331281	1.72518419510354
0.134513506074792	0.0516168326605336
2.74531503858304	0.788587032684406
1.02012143775892	0.385701440457898
-0.748962934462903	0.265874158565463
-0.956848509238904	0.57793105751163
-0.110876640622088	0.0448924725384674
0.314607391659921	0.189082777850691
-2.58513149511835	0.689509113042442
0.926974875419701	0.246284209674963
2.7462498006239	0.778261278020301
1.25826352655386	0.698954794444829
0.133264717489137	0.0398651258030508
-0.408525359595675	0.173562292508035
-0.372732473872603	0.110746709749891
0.133181749058595	0.05758539353645
0.801164793553301	0.341294454493149
0.926329332609966	0.245803896301602
-1.84116096838096	0.76985134303748
0.642202725024316	0.20486814652215
0.138547275345784	0.0347818496624983
-3.09675293313402	0.963861246988004
1.95584693887656	0.462330835133922
0.925335174824177	0.243267565805426
0.501557396458874	0.181763123331669
0.778989665033083	0.464482530997563
0.133806777422593	0.0455041881577386
1.30486661940995	0.575505252631608
0.641203436908402	0.204828865510354
0.134745422080958	0.0517852696558337
-0.0741762912480914	0.0321718049559525
0.528669765863141	0.301536719337302
-0.350712039775995	0.21201738979774
0.925979622549504	0.243736825113843
0.679386015502515	0.318405656360071
1.0553229946409	0.515398954440857
0.141938162059784	0.0354191252721787
1.44616845787182	0.902399080424598
-2.09495514552012	0.983809814108261
0.458904245092574	0.311365752468876
0.505524711177284	0.184537045848412
0.308590100752609	0.187052295161613
-1.68867204832364	0.971513047473955
0.132778314474188	0.0450337965772984
1.51898227150083	1.29042653042406
2.33227757474271	1.18011145248786
-0.160721852546086	0.0589654523662976
0.50738087048618	0.182889267122129
0.640658905761581	0.203950748563405
-0.243484148452124	0.0808609088407405
-1.00386826989151	0.503850423142653
0.130724970298542	0.0390457878767985
1.04059850160465	0.500756596778367
0.775967298559049	0.613901541094919
0.344073186416035	0.172450368042137
0.32699658863425	0.179174814788945
1.07564710724461	0.658408859247353
-0.0126914446992466	0.00649087433825648
1.7551985629931	1.77045690872424
1.31327961953272	0.580049429236313
0.803457257830397	0.338182940115627
0.512994189853566	0.184777044587054
0.671166329086663	0.315342091616726
0.67440813175541	0.316114749456319
-0.671863636813412	0.390052619188925
-0.620664206933368	0.301874622328127
-1.35528239277814	1.12217278477149
0.467052989785911	0.316386336974208
0.329155228274874	0.18186627452205
1.13327857484795	1.27873762883465
-0.0750435731289707	0.0330638759152141
-0.40766305353623	0.170977622483772
0.389083108986569	0.174936726261594
0.674738698940861	0.318159306432389
0.885424021942075	0.480065836387362
-0.783096649568445	0.346616166516464
0.139576085242422	0.0352987079074651
0.507170252862813	0.182647571247782
1.79492986711335	0.708745443595502
0.380121707371162	0.172795499204357
0.799821312383683	0.341077504348771
0.135687810090981	0.0405518208503784
0.890165402719589	0.47976520457601
0.5052829367669	0.182279638609026
1.0442430343557	0.501464482895092
-0.115085961068001	0.0455592173827486
0.328689027799348	0.18054587752802
0.942009794480388	0.637758615699723
1.07471972972432	0.653001249823915
-0.242787580726994	0.0800171629256298
0.929020853400311	0.244303524147299
0.318196246811753	0.173357246567513
1.07434673478916	0.662239205948611
0.375733143498838	0.168153743422409
0.689092774468778	0.434764040477328
-0.701399996895047	0.569019395187878
0.531731574339713	0.302000079571928
-1.33405775006333	0.825230460103596
-0.406884497936743	0.170263598188437
0.591771925845379	0.308475665355391
0.141810784125479	0.0674769218157348
1.30675103647863	0.583158549436276
0.804306426214091	0.344854975606889
0.133158803705053	0.0453642825734633
0.503876995607107	0.183480745946702
1.09593299905387	0.827778951806976
0.802747172690907	0.339306669845037
0.131769780715528	0.0397831026994758
-0.665461037123163	0.398332881352243
1.05319988317831	0.506177585211624
-0.542135647454679	0.210886784915037
0.141777419777595	0.0681050483983327
0.144088261581916	0.075360487535022
0.13342584199096	0.0456780844290643
0.701471312987876	0.460631349540236
0.882992887418465	0.474477587763113
0.640327927997844	0.202105416098505
0.507170252862813	0.182647571247782
0.93707844155692	0.627325173894209
0.489993674069549	0.302654027265649
1.76932750081039	1.00212910906119
0.6974674464605	0.451576114743261
0.986544587090943	0.801511121578506
-0.542406515669322	0.20957393057014
-0.937306573285043	0.678750577950661
0.798515966355653	0.335978435048
-0.806171605131503	0.440012855925528
-0.406663506836411	0.17279698026155
0.593138119612391	0.305484743838096
0.136536751098384	0.0588145613661722
0.436531891438947	0.175979805241969
-3.09280325935961	0.972693856185307
0.130611177528467	0.0501635252345924
3.91752706378917	1.7353819299003
1.2571483667668	0.700646344545551
0.925335174824177	0.243267565805426
0.509745998189105	0.180414904745058
1.94085396283795	1.2026709319373
1.30416387964273	0.572388740586321
0.825036702877823	0.963302524994312
-0.288847859455948	0.177681548655798
0.153332580106736	0.0884049837463538
-1.11331938907788	1.08145293817207
0.142475292478784	0.0749611502791796
0.464301387894047	0.316057721534258
1.0553229946409	0.515398954440857
0.490296781662101	0.30818587742023
1.01080793058073	0.389781480211188
0.926329332609966	0.245803896301602
1.58451554763739	1.6570010392165
0.775273599882575	0.458495943294878
0.347731665047124	0.173680639017188
-0.441521285200339	0.386683586882532
-0.0118984286122593	0.0080702730752616
0.637867883192046	0.446699426799379
0.125818118229927	0.0374087094341112
0.133502874099665	0.0402503094723903
-2.30308872056658	1.18989522650814
-0.244877911552236	0.0806088752113352
1.047016010608	0.51327505140288
-0.126618906057369	0.0757019341703487
-0.244190797351914	0.0812410173227275
0.138818714405564	0.0354421828043769
-0.79076301318948	0.352699537353671
-0.650959635012338	0.159168476600347
-1.80211551800213	0.40518546889285
1.42822224336494	0.477074019570971
3.62467162070288	1.43500145314363
0.639433294916704	0.204223062388441
-0.649319222104321	0.16021039083734
3.2493353238897	1.10864834370629
1.42898338960615	0.478193832396807
1.44726179534944	0.912281557043227
0.163112907144742	0.10589272441928
-0.799874251744586	0.760265026215773
-0.901039020813069	0.844773580486806
-0.200654390610688	0.137424672700472
0.144112723234728	0.0692457291350753
0.135314626858193	0.0515393934275906
-0.80840970511405	0.699452977675803
0.323024927307376	0.176122737567892
0.63533835195479	0.202617768704467
0.900889522237261	0.785747263230081
1.75528303135231	2.09491895708059
0.128834583758663	0.0488455084806797
-0.410404264724243	0.330877794572642
0.300719505615319	0.194377423640526
0.134990869134884	0.0578538321463001
1.05100741137477	0.518952111891946
0.0148692600330987	0.00784296360126512
-1.04895682546004	0.430951643107204
0.375733143498838	0.168153743422409
-0.0745669813757738	0.0327043588917449
1.23285220129576	1.02643190837022
1.01254068844739	0.386785712184281
0.424522203287792	0.170673896887327
0.425793814320526	0.171311625398014
0.800079574854174	0.341914550374125
1.25916158413349	0.699092982118865
0.143639528802287	0.0686806755580347
-0.650318276706871	0.160755761640221
-2.58557826662177	0.681302812577655
0.13342584199096	0.0456780844290643
-1.85205233883341	0.764323714431684
0.640204384260695	0.202440736609696
0.805863302134345	0.344881526276407
0.377336180340363	0.170103151768751
0.926974875419701	0.246284209674963
-2.58899611685113	0.683672524401667
0.138618353811657	0.0265211219118666
-1.54134641011664	0.564552208534783
-0.792603495120915	0.350025979640015
1.26052033452946	0.694825267905602
-0.790481876212766	0.354530755409143
-0.289934631147205	0.183489953885304
0.378581036876604	0.169849173806516
0.174213206351831	0.12971939795446
0.146228808317221	0.0694954650449157
1.10626646334058	0.985884567745953
0.9865190500952	0.801252423578684
0.644424999818512	0.207579266186308
-0.252039109931939	0.125875917879448
0.137051842930544	0.0588232683260853
0.796565634602013	0.336415337888685
0.97403385988658	0.772824199794619
0.50131905120822	0.180918046026188
0.676543796411754	0.318693570596001
0.132129592379522	0.0507684643984597
0.885952171204415	0.476679952045824
0.423623494737594	0.16999231936055
-0.783096649568445	0.346616166516464
0.130491514010977	0.0447267681525709
-0.244428546932055	0.0805963435476292
0.385402097434157	0.175234603342564
-0.162585348370699	0.0930643628148792
-0.351147988233814	0.210551139055638
0.14768065885533	0.078359430000201
-0.806403357818911	0.631406881454938
1.76318731223703	1.00370787033723
1.89392601727088	1.62149192890715
0.158280072538977	0.0967041405643902
-0.912326562998464	0.760779809718683
-0.248892050855984	0.125306899342208
0.141278747962765	0.0539349256568032
0.590879653502308	0.30740705226431
1.44428873040932	0.89485838223341
0.486678176656953	0.296962322531433
-0.0676622360884758	0.02992921492593
0.381533849964003	0.171992731032845
0.486291616145281	0.304681829404804
1.26679727488486	0.703654742778479
0.946933179693282	0.638191488754403
0.129278986113907	0.0386815864932076
0.694882856439975	0.45141974945748
0.651465825882363	0.201291062434655
-2.64635002476827	1.63824260013297
1.08893528192586	0.822873966576665
0.283927181210222	0.215229090018412
-0.642497083604301	0.581127626566761
-0.013882658421811	0.00701933804220943
0.98343765842812	0.78785269584179
1.06820923118355	0.649774259742493
0.3048819549228	0.182862209434077
1.047016010608	0.51327505140288
0.773493235426954	0.453327501506025
1.26465434358786	0.694964118621014
0.642309789769364	0.453801334704533
0.435431932824576	0.307404848253517
0.316841623318625	0.172126392633056
0.138124398652496	0.0532597376879852
-0.501351813961356	0.263250966236684
-1.73622731288082	1.46724511531911
-1.30152218159531	0.600761901527298
0.0202488461404187	0.0117460593694437
-0.342821242688442	0.20752018142751
-0.115102540246308	0.0464062353304709
-0.806960356649833	0.539588425322786
1.26016345229505	0.701979403502623
0.429738004776667	0.174027388577235
0.945188160507322	0.640277699261558
0.851609934466642	0.623874921159751
-2.64932005787562	1.64873663137308
1.43655701642722	0.874390513241176
0.592208684335966	0.311784807350277
0.894216059369279	0.47552203443804
0.385402097434157	0.175234603342564
0.726065409969373	0.597164342707132
0.074680112319681	0.0503057319433223
-1.19957827979143	1.25979752630173
-2.30786393301333	1.19278569291384
-0.963321756354474	0.596324094108542
2.5412628161373	1.42347054539208
0.800989673487252	0.342067986972423
0.346397844294687	0.174416203311335
0.503635971186214	0.180200736116117
0.647434198867694	0.204530170773019
-1.80211551800213	0.40518546889285
-0.653515136282054	0.159727161117317
0.633986705018451	0.197026800419307
0.498976005536493	0.179650456596235
-1.55148252777341	0.560146364284981
-0.0681549971377887	0.0301311833607795
1.07434673478916	0.662239205948611
1.7947052374355	0.701940247969362
0.3803005874874	0.167075820143191
1.01179148986041	0.390812379931115
2.33483689203872	1.18298064190505
0.531728421604161	0.307995628366837
-0.073615978814065	0.0322792195945672
-0.196281666325561	0.105804422593326
0.381905049599173	0.172892482576281
0.134805386154992	0.0338121207710829
-0.754670103122347	0.267616103379387
2.08947720126277	0.943612171539552
0.131708715990167	0.0395807956970691
-0.0332494606586675	0.0158312150989029
-0.240229628086566	0.0794522230625189
0.145332969596148	0.0759872558420878
0.780772095947285	0.469007875946361
0.124357802468054	0.0418831230942096
-0.165320765543476	0.0607703071733124
-0.234616970288786	0.076011182162678
-0.787098914242298	0.351780119515946
-0.325950190198703	0.14952540704702
-2.09147901102814	0.978596282881341
0.132517398019614	0.0400248322660559
0.93002098112329	0.244423585041229
-0.104692851796635	0.0411858782200255
0.130783366724484	0.0391461997340817
0.135854025512547	0.0518372005075895
-0.593061911344302	0.438873760512758
-0.200493601014231	0.10641233331851
-0.750453159564684	0.266070645067511
1.43211444118756	0.474033268230349
0.804954811703476	0.345472225969279
0.533175451366638	0.304855814525321
-0.493564392932559	0.257615998968802
0.803457257830397	0.338182940115627
-0.151594145363349	0.0862828485993544
1.22676816427039	1.025102813715
0.59258909416213	0.310502396053611
0.675070079402767	0.317521362750003
2.74438259751335	0.780038400688451
1.4308149383669	0.474993175817053
1.43287798690679	0.475136223572177
3.25215396833713	1.09944519815717
0.428518317050907	0.174046878111496
-1.04895682546004	0.430951643107204
0.538026658429015	0.309901769218196
0.139576085242422	0.0352987079074651
0.692663046501201	0.44618055881943
0.153605103691639	0.0793721776549878
-1.10551343844077	0.754439787442639
0.134340225825743	0.0459478776911086
1.01496655409926	0.392016410565643
1.00757101741344	0.384130201865198
0.503876995607107	0.183480745946702
-1.50020082885068	0.769323213938664
1.05004346160465	0.505489713141236
1.23602081242935	0.847269356482426
0.462011913252697	0.312729512718517
1.79063227897974	0.701853790205257
0.666355504634742	0.30820025907754
0.134249836964903	0.0400890519468039
-1.1636728295934	0.354558135670583
-0.649677393302236	0.159121336474823
-0.653515136282054	0.159727161117317
0.137716344096337	0.0264356853006178
0.92113051285893	0.24102514029113
2.09022812164202	0.945927753511983
-0.413381207516543	0.17636300038956
0.129840797352239	0.0445844341304171
-1.36409062907651	1.1168531582213
0.4313034338578	0.175795446056529
0.585730066703373	0.302404029576621
0.888272054281772	0.478070301571506
0.466915274182798	0.311772760027584
0.136433082417729	0.040391101370101
0.536718451136399	0.310808999322767
2.12180951485005	2.07950431955627
1.25861395177752	0.69554127145935
0.889628510378139	0.479172004156998
1.95338582999428	0.463576578510391
1.95256933090985	0.464168557061862
1.95338582999428	0.463576578510391
-1.16076621190063	0.359385238156804
-0.649961670532414	0.158635340685799
-0.371729277964481	0.109124865696984
0.345062662655804	0.172520989742511
-0.165610169162163	0.0599114699355257
0.641203436908402	0.204828865510354
2.09069571556961	0.936618721395183
-0.112773676056751	0.0451502455962294
0.678684937277313	0.320760896548997
0.136676224470739	0.0411018975580698
1.79893570621489	0.71178866805356
0.132778314474188	0.0450337965772984
0.380099872758889	0.1709421314455
0.136983994683607	0.0594233713524571
0.436210294585871	0.175609006683536
1.759196666504	0.980603554542411
0.130885327755101	0.0498987245955924
-1.50911057639426	0.789656593076845
-1.50571108094346	0.776897990755576
0.927971507294548	0.243537608899139
1.79670337293508	0.712109669548487
0.134542642796399	0.0341445690681232
-0.162239939886213	0.0592022994236757
-1.84215992422119	0.772497364016813
0.801383180273715	0.338980745417885
3.25215396833713	1.09944519815717
3.91752706378917	1.7353819299003
0.591396558038217	0.30787605265913
-0.239280214302503	0.0797093161228399
-0.108823628788962	0.0435736981784003
0.349217814161619	0.173929534494069
-0.170225722424615	0.062449292067667
1.42795516831077	0.478570790474717
-0.545641755228151	0.213156326519175
0.599751727663593	0.313739631174203
0.293457511037859	0.199618998900933
0.426716710995548	0.173213467399165
0.139073148904902	0.0266055202308437
1.01254068844739	0.386785712184281
0.132008056168482	0.0393965941991127
3.62168394400497	1.42736372029797
0.138169594891086	0.0265198668009027
1.80396686491934	0.697752475420165
-1.05384695295636	0.432037760899314
-1.29515834308224	0.603610157609632
-1.05314945343007	0.432914540626917
0.930671315320304	0.244899140334393
1.55037749003109	0.778108225282062
-0.961560734657416	0.590169611884437
0.132799086901487	0.05722600683637
-0.312279269100644	0.14344761278103
0.587654609686495	0.305228213183286
0.805863302134345	0.344881526276407
1.95338582999428	0.463576578510391
0.138169594891086	0.0265198668009027
1.01496655409926	0.392016410565643
-1.80190156331263	0.405310176911618
0.128800385405616	0.0497090773739998
-0.325439742372764	0.14932292693229
0.139847419253076	0.0352678773972538
0.134340225825743	0.0459478776911086
-1.53808894962198	0.559470356704578
0.922124936246008	0.243516971274684
-1.05150311804555	0.425228463804741
1.4300120770332	0.472328161227103
0.138169594891086	0.0265198668009027
-0.373501444264572	0.109780204795531
0.133502874099665	0.0402503094723903
0.134805386154992	0.0338121207710829
-0.414290591555743	0.1764908411527
-0.749707900448518	0.266629197702648
0.426393633919265	0.172449504151539
1.79492986711335	0.708745443595502
0.810177745278101	0.340107365871929
0.806124085128598	0.341215655434513
0.587138882049405	0.305518259271402
1.42795516831077	0.478570790474717
0.139576085242422	0.0352987079074651
0.640658905761581	0.203950748563405
0.644424999818512	0.207579266186308
-0.786496231567495	0.35210829920392
-1.16680976292454	0.361321943590249
1.44109311682681	0.902431779745543
-0.249338917755059	0.0812135713204943
0.136471825034789	0.0593672744044938
1.01080793058073	0.389781480211188
0.138169594891086	0.0265198668009027
0.503635971186214	0.180200736116117
0.13377964661681	0.0339655613686654
-1.29709987590598	0.600946539898942
1.88945036244452	1.6135196503504
0.427605900232615	0.173170350163645
0.129576970372072	0.0440312204196401
2.08624413522078	0.930006094624124
0.138169594891086	0.0265198668009027
0.138818714405564	0.0354421828043769
-0.165633878223146	0.0608230448483071
1.30675103647863	0.583158549436276
-0.754670103122347	0.267616103379387
0.804306426214091	0.344854975606889
-1.80190156331263	0.405310176911618
0.13273416326183	0.0446282262586656
-3.09739452059542	0.972553736075869
0.389264509698667	0.174997942335599
2.7462498006239	0.778261278020301
0.131669054203935	0.0451092981844482
0.134942268942205	0.0403123831956986
0.135899774697344	0.0461942034826839
0.132363076767264	0.0509287700513303
0.805863302134345	0.344881526276407
-0.373283661399062	0.108870255273452
-0.372732473872603	0.110746709749891
0.67510743727222	0.319464404088542
1.6147297645774	1.13300570987089
0.926974875419701	0.246284209674963
0.135568968576203	0.0339891491304889
0.930671315320304	0.244899140334393
0.648438632712042	0.204895256444076
0.139847419253076	0.0352678773972538
-0.374830084286624	0.109230425070539
0.926329332609966	0.245803896301602
0.132008056168482	0.0393965941991127
-0.239280214302503	0.0797093161228399
-1.29727363256265	0.59787885796318
0.139073148904902	0.0266055202308437
0.926329332609966	0.245803896301602
0.925979622549504	0.243736825113843
-0.242540504674911	0.0808346916156265
1.95256933090985	0.464168557061862
-0.169623487855993	0.0621362492988738
-0.626108990744292	0.300226946223999
1.00907487707479	0.37988153605154
3.25318829374075	1.10976895754928
0.641203436908402	0.204828865510354
2.74438259751335	0.780038400688451
1.44251935025737	0.898690992261966
0.137716344096337	0.0264356853006178
-0.54075591557501	0.210281213474268
0.13842244264629	0.0346674790325417
-1.04825804245851	0.430881776490226
1.95338582999428	0.463576578510391
-0.751242116977273	0.26084895642712
0.141168720466643	0.026788068800843
1.0127751373005	0.389769011989825
0.92732486785368	0.24306890205782
0.138169594891086	0.0265198668009027
0.41903245690204	0.166081741153762
0.926974875419701	0.246284209674963
0.418431724282212	0.166826772693674
0.134196458780367	0.0397046446216347
0.130491514010977	0.0447267681525709
0.538026658429015	0.309901769218196
0.678684937277313	0.320760896548997
0.538570843915616	0.310106268628483
0.927971507294548	0.243537608899139
0.138618353811657	0.0265211219118666
3.92066530797147	1.7087082705816
0.137716344096337	0.0264356853006178
0.138169594891086	0.0265198668009027
-0.647268870262709	0.157438045305518
1.42719460355007	0.477448564652232
-0.750500136544216	0.262945921354945
-0.37373542401889	0.110004299970677
0.138169594891086	0.0265198668009027
2.74531503858304	0.788587032684406
0.130783366724484	0.0391461997340817
-0.109469066439987	0.0438963496395714
0.131019638754062	0.0447751745372152
0.513691485276999	0.183176320904422
-3.09407144090335	0.959647090123049
1.30977120345695	0.57893048591637
-3.46998743660351	1.26411646563651
-1.54716733927322	0.566283034461824
3.25318829374075	1.10976895754928
3.25318829374075	1.10976895754928
1.79563632322604	0.704599241543694
1.95256933090985	0.464168557061862
2.74438259751335	0.780038400688451
1.95256933090985	0.464168557061862
-1.16076621190063	0.359385238156804
0.93002098112329	0.244423585041229
1.30416567431915	0.574921760660865
0.639433294916704	0.204223062388441
-1.54462112347851	0.558792637671358
0.135633414284217	0.0464242544434658
0.92732486785368	0.24306890205782
-1.04895682546004	0.430951643107204
-4.41298039163274	2.28240628182737
-1.05780862790582	0.418994376528625
-2.29688997624065	1.17597293026046
0.133621657798323	0.0257280473816019
1.42795516831077	0.478570790474717
0.432216086405575	0.176459106478166
0.431906529378716	0.175733526773866
0.644424999818512	0.207579266186308
3.91752706378917	1.7353819299003
1.0127751373005	0.389769011989825
0.135185873505605	0.0402401710200621
1.04489667189918	0.504531368909067
0.12918993805387	0.0442507386000375
0.599238505244802	0.31326798900738
0.638992932499462	0.196392622081271
0.137033206871248	0.0343903632230145
0.134073230654708	0.0460155036809627
1.42785193139639	0.469601658503721
2.09266208534358	0.949177804895113
0.139073148904902	0.0266055202308437
1.95338582999428	0.463576578510391
-1.54287595262912	0.564324390459102
-2.30373486355216	1.18298040992552
-0.410964195034156	0.174446518608924
0.128296084606295	0.0384571369192157
3.25036486382959	1.10725094810752
0.925335174824177	0.243267565805426
0.640432049403559	0.206671110179374
0.800338380126396	0.337545208735542
-0.40948446286418	0.174346422488273
0.134805386154992	0.0338121207710829
0.137672310748076	0.0464999890529274
0.135894542843833	0.0453168366466936
0.683295886413862	0.321423944540654
1.95256933090985	0.464168557061862
0.141168720466643	0.026788068800843
0.132754372873048	0.0334623448971025
1.42719460355007	0.477448564652232
0.796173300058586	0.335709547702372
0.599238505244802	0.31326798900738
0.926329332609966	0.245803896301602
1.42795516831077	0.478570790474717
-1.84290267129783	0.7723474188048
0.925979622549504	0.243736825113843
-0.371963944093828	0.110621992809151
-0.255586161129574	0.128858089167338
0.129278986113907	0.0386815864932076
-3.09280325935961	0.972693856185307
0.433420871313236	0.174895185886725
0.925335174824177	0.243267565805426
0.92732486785368	0.24306890205782
0.504816499640612	0.183371631391463
0.133502874099665	0.0402503094723903
1.00982540305298	0.385206220726638
0.139073148904902	0.0266055202308437
0.424829140010351	0.172125883775507
0.429430403324828	0.174308914564631
2.75160033023002	0.768358222418302
-0.369267237855442	0.105985650466032
1.43184622835253	0.479292741706694
-1.05805813359704	0.428511662134487
-0.995514592535457	0.503604665926418
-0.649961670532414	0.158635340685799
-0.497701394758449	0.263019914063892
0.341126063080038	0.184713130709534
-0.413947858919656	0.176554546535984
-0.37373542401889	0.110004299970677
0.137716344096337	0.0264356853006178
2.7462498006239	0.778261278020301
-3.09280325935961	0.972693856185307
1.0174081459446	0.379856022772381
2.54548136986112	1.437906267709
1.95256933090985	0.464168557061862
1.54927351109122	0.773083861620571
1.95256933090985	0.464168557061862
0.141938162059784	0.0354191252721787
0.925979622549504	0.243736825113843
0.132517398019614	0.0400248322660559
0.13431524967785	0.045406872446052
-0.319653077990966	0.147588845989263
0.131708715990167	0.0395807956970691
3.62168394400497	1.42736372029797
1.54927351109122	0.773083861620571
1.43211444118756	0.474033268230349
3.24830720791551	1.09477551568481
3.25036486382959	1.10725094810752
0.63533835195479	0.202617768704467
1.01179148986041	0.390812379931115
1.05422744141112	0.503185301404268
4.5469146085557	2.55238503941606
1.42898338960615	0.478193832396807
0.137716344096337	0.0264356853006178
-0.654514463701247	0.160265207029626
0.642202725024316	0.20486814652215
0.504822188982883	0.184110918199219
2.32924914936815	1.16464332738191
-2.48909014431717	1.42234991357588
0.588410097239711	0.305749163096034
-0.542135647454679	0.210886784915037
-0.23997851337229	0.0797141941925215
0.926329332609966	0.245803896301602
1.95584693887656	0.462330835133922
-0.750699276625547	0.264252450117151
1.01496655409926	0.392016410565643
0.648207567850117	0.202781585382309
-0.540188763035123	0.210389950149253
0.132691654059749	0.0395472168451783
1.79893570621489	0.71178866805356
0.63533835195479	0.202617768704467
0.138818714405564	0.0354421828043769
0.926329332609966	0.245803896301602
1.04120438943091	0.505893763441845
-1.16152021660948	0.35929571617842
-0.377823620534237	0.111128034755999
1.0415059627169	0.503260178174752
0.134720480496125	0.046154809884801
0.427307329026678	0.173322868473184
1.95256933090985	0.464168557061862
-2.58513149511835	0.689509113042442
3.61956389250147	1.43028882967321
1.76741619797287	0.990717463357076
1.95256933090985	0.464168557061862
1.95584693887656	0.462330835133922
0.133516783675935	0.0336393793939088
0.131405301493996	0.0450882414222608
-1.54134641011664	0.564552208534783
-1.15790256442372	0.35664499176059
-1.29515834308224	0.603610157609632
-0.649319222104321	0.16021039083734
0.641203436908402	0.204828865510354
0.501795793944459	0.178458438621573
-0.239530983949622	0.079101339152492
3.62168394400497	1.42736372029797
1.42719460355007	0.477448564652232
1.55173884031121	0.784928292248589
0.434331900029893	0.174811971556402
1.31846107637581	0.567104455231122
-0.650318276706871	0.160755761640221
0.135687810090981	0.0405518208503784
-1.5469277378337	0.559020157349399
0.128147836037147	0.0435000014167392
0.139073148904902	0.0266055202308437
1.30510580941007	0.574633213521749
1.05040313922884	0.518133696966867
3.91543307449018	1.71602442481913
3.25215396833713	1.09944519815717
-1.80190156331263	0.405310176911618
1.95256933090985	0.464168557061862
1.95584693887656	0.462330835133922
0.431680677694771	0.173490632341558
0.136021558207427	0.0586413438510883
0.674738698940861	0.318159306432389
-0.795072613410328	0.352040210285426
0.926974875419701	0.246284209674963
1.00952721840855	0.379086552072067
2.33647975774558	1.1902357498922
0.528669765863141	0.301536719337302
-0.371963944093828	0.110621992809151
0.92732486785368	0.24306890205782
-0.537244494096108	0.209199262988428
0.138169594891086	0.0265198668009027
-0.373827390310146	0.108893395320217
1.42719460355007	0.477448564652232
1.95584693887656	0.462330835133922
-3.09343711568729	0.972052225554497
0.139576085242422	0.0352987079074651
2.093644067217	0.946467308542565
-1.84190336279857	0.769704627409186
0.132407115234569	0.0502603625779582
0.13916377024665	0.0597079443444858
1.95338582999428	0.463576578510391
1.01421910313051	0.386497027111194
0.639433294916704	0.204223062388441
0.126591754435651	0.0434512482036923
-2.30565037497982	1.19679199943087
0.134720480496125	0.046154809884801
0.430096873752108	0.172894494207021
0.436210294585871	0.175609006683536
1.31094944803572	0.585633714178286
-0.105774383447397	0.0422374935204168
0.129980233812782	0.0385599350254854
0.142698404858563	0.0359575700897484
-1.5479363497401	0.560916837957921
2.33438547646625	1.17016321502236
-0.164988899854355	0.0605952762512714
-1.05409989481754	0.428530499260954
0.58751639631425	0.305409320818934
0.423315510192861	0.171523923653337
0.378227764000028	0.170205318481916
1.30745495657921	0.576594767890921
0.638330742604929	0.20169714697394
0.50131905120822	0.180918046026188
-0.163509927787284	0.0594540489341255
-0.114744315344893	0.0462153660676551
0.381013403734791	0.173132440946282
0.131612213462718	0.0507383401421189
0.338524228736363	0.184708960165262
-0.109445847220589	0.0440910743738887
-0.542676785197838	0.208967705088843
0.137399928986305	0.0462783386797431
0.644195640504139	0.203891935709909
0.139073148904902	0.0266055202308437
-0.649677393302236	0.159121336474823
-0.372732473872603	0.110746709749891
0.136917599440364	0.0590641259625537
-1.10458236220083	0.738059318816996
-0.16839608254843	0.0616855989568125
0.677545326141095	0.319753943438779
1.01352383527603	0.385779054090432
2.33577604148799	1.18742693832559
-0.786496231567495	0.35210829920392
3.2493353238897	1.10864834370629
-0.16776118524494	0.0607821297221987
-0.410052768598911	0.174313469131536
0.136270386329543	0.0577626034871504
1.54967460389708	0.771811008207858
0.925819939961969	0.242168104656227
0.139847419253076	0.0352678773972538
-0.539919082620629	0.210635134915098
0.42513690580992	0.171460939143299
-0.781254420402615	0.34530592404433
-1.04825804245851	0.430881776490226
0.937080448534895	0.622854632668067
-0.409529912361348	0.23223073516969
3.25215396833713	1.09944519815717
1.01520360297676	0.386582739475358
1.60742858079733	1.08872126475617
-1.00091761474091	0.493108988041526
-0.619833069160743	0.301145251444284
-0.660909240744174	0.390809277999861
0.142289755938952	0.0677332396518026
0.803135501392666	0.340827226534189
0.13489394935661	0.0515847076510098
-0.10792713458243	0.0435843718382022
-0.759737941810719	0.257245425211448
0.135575227202627	0.0588194788716142
0.127786724548058	0.038243739095717
0.138618353811657	0.0265211219118666
1.42395946891673	0.472583961120929
-0.242540504674911	0.0808346916156265
1.07537934974307	0.663936036393242
-0.256965128406459	0.12975479626718
1.24101040842391	0.85709571398306
2.74531503858304	0.788587032684406
-0.648677249821696	0.158587087101144
2.08924618973395	0.946370198374706
-0.368734126017043	0.108489275130813
0.889817632427664	0.484607505046141
0.352305207420954	0.17721534267304
0.503876995823466	0.183153812193994
0.138169594891086	0.0265198668009027
-1.80190156331263	0.405310176911618
-1.16255649541829	0.360535388481223
1.55414783644723	0.79255832938947
0.776164760546153	0.460367175863375
1.54543420195826	0.759785772220335
0.134176100343271	0.0517130992440637
-0.311768887296733	0.143250765916302
2.33765175135287	1.18205678305794
1.00673302274986	0.376202842063423
-1.16680976292454	0.361321943590249
0.132517398019614	0.0400248322660559
0.430700215324852	0.175008159531737
1.04703881822428	0.509972446965714
0.803396428962993	0.343865653568856
0.135638351552039	0.0397135122841506
-0.368970569520409	0.108704530129129
0.142698404858563	0.0359575700897484
0.138818714405564	0.0354421828043769
1.95338582999428	0.463576578510391
-3.47400814940775	1.26328835340161
-0.54655735290113	0.211260778769488
0.796173300058586	0.335709547702372
2.0916792997764	0.947020632233422
1.95338582999428	0.463576578510391
2.09022812164202	0.945927753511983
0.636334245031832	0.202658963099978
-0.241840209542203	0.080476940077082
1.5593870206301	0.78344810605566
1.01005776396623	0.384301698232896
0.499277267926187	0.311000611927112
1.42795516831077	0.478570790474717
3.61956389250147	1.43028882967321
0.141168720466643	0.026788068800843
1.42795516831077	0.478570790474717
1.00682260093215	0.383667953301438
0.93002098112329	0.244423585041229
-0.990641438194858	0.499830060480935
-0.54121570977476	0.210238530837184
0.421800127193901	0.168880055064325
1.00486217117273	0.378265244161087
0.926329332609966	0.245803896301602
0.926974875419701	0.246284209674963
1.01398176237284	0.388014010752976
1.01155779435024	0.385777953603479
1.42719460355007	0.477448564652232
-0.650318276706871	0.160755761640221
0.640432049403559	0.206671110179374
1.8007131844382	0.713314573443425
0.138169594891086	0.0265198668009027
1.95338582999428	0.463576578510391
0.133743144680782	0.0398540974543432
1.76499591455827	1.01020915988236
0.643116964490613	0.200929236084753
-0.318367864196796	0.147533211993386
0.132755613913402	0.0400087413766842
1.55083342835739	0.786182588324621
2.74531503858304	0.788587032684406
0.140605369101782	0.0351308802058006
-0.372732473872603	0.110746709749891
-1.18039390591179	0.67303569900004
0.681723825036239	0.319101344127049
1.5547361689204	0.769495388984206
1.01496655409926	0.392016410565643
0.925335174824177	0.243267565805426
1.79063227897974	0.701853790205257
1.01080793058073	0.389781480211188
0.595576677833049	0.313354150327011
1.95584693887656	0.462330835133922
1.95256933090985	0.464168557061862
3.25422405878576	1.0988640104023
1.95338582999428	0.463576578510391
0.675973094900708	0.317355384536699
-0.232469634943998	0.0743774811643031
1.54602223746616	0.771815254797831
0.644195640504139	0.203891935709909
0.67621243755849	0.318523629907513
1.00757101741344	0.384130201865198
1.5612411683214	0.760059044432667
3.24830720791551	1.09477551568481
0.138169594891086	0.0265198668009027
2.74438259751335	0.780038400688451
1.95338582999428	0.463576578510391
0.141168720466643	0.026788068800843
1.79793422282707	0.704405735156038
2.74531503858304	0.788587032684406
0.138691704175645	0.052997387335233
1.95338582999428	0.463576578510391
1.7656012441912	0.997024105307212
1.42898338960615	0.478193832396807
1.01155779435024	0.385777953603479
0.5071360209819	0.183347399230339
3.62360809261866	1.43608472685745
0.922124936246008	0.243516971274684
0.926329332609966	0.245803896301602
0.137716344096337	0.0264356853006178
1.95256933090985	0.464168557061862
2.75160033023002	0.768358222418302
1.95338582999428	0.463576578510391
1.45111349679092	0.897232126223851
0.132008056168482	0.0393965941991127
1.7999374187146	0.711558267279855
1.01202616470632	0.384309287615817
0.925335174824177	0.243267565805426
1.43108326772595	0.478167346987275
-0.10792713458243	0.0435843718382022
0.372596412741701	0.164378068084297
2.09585894837114	0.936292485162918
4.15897975551762	1.99068569592152
0.707596776831696	0.459633201753526
2.09439244536298	0.948783083649303
0.702358217439678	0.459774289118775
-0.256965128406459	0.12975479626718
0.140596907573201	0.0608860240648
3.91752706378917	1.7353819299003
-0.373501444264572	0.109780204795531
0.425793814320526	0.171311625398014
-0.411905954035855	0.174590198515495
0.142059012474686	0.046928579355527
1.4300120770332	0.472328161227103
0.92732486785368	0.24306890205782
-1.54211096447874	0.565956548030536
-1.55071033604129	0.556075151007254
0.138169594891086	0.0265198668009027
2.09120925855951	0.941576846521806
-0.650318276706871	0.160755761640221
0.137191237374663	0.0461377371489607
-0.372498546343112	0.108199355648203
-1.29672981259494	0.597834175312312
0.634342685225005	0.200262051002372
0.129705851940839	0.0500169138857751
0.800522026534657	0.337948009918291
0.128532989649213	0.0387330108702786
1.30604689497771	0.574600894690801
-0.165320765543476	0.0607703071733124
0.138818714405564	0.0354421828043769
-0.755659764208684	0.265241875072543
-1.04965581966949	0.429420534826054
2.09266208534358	0.949177804895113
1.42190933723257	0.467369829987504
1.95338582999428	0.463576578510391
0.640432049403559	0.206671110179374
-0.750453159564684	0.266070645067511
-3.10137332680345	0.953686224961348
-0.244190797351914	0.0812410173227275
1.00982540305298	0.385206220726638
1.30839406869701	0.574336449943532
0.505524711177284	0.184537045848412
0.132318328682527	0.0452503254788254
1.95256933090985	0.464168557061862
2.74531503858304	0.788587032684406
0.139073148904902	0.0266055202308437
0.509725648789814	0.185898565895246
0.502930967277417	0.181333117013942
0.639433294916704	0.204223062388441
-0.373501444264572	0.109780204795531
0.50319579437189	0.179100171844126
0.136410468281151	0.0654789499443106
1.75235879522116	1.32378393083534
2.74531503858304	0.788587032684406
-0.169623487855993	0.0621362492988738
0.680253645004803	0.320643257971436
-0.163486770949588	0.0593150008002055
1.95256933090985	0.464168557061862
0.13377964661681	0.0339655613686654
0.508081388675797	0.18525425523165
0.641203436908402	0.204828865510354
1.01097898122568	0.384935969679341
-2.09147901102814	0.978596282881341
0.676342106698023	0.318472540296002
0.646199645243868	0.204301808848624
-0.170225722424615	0.062449292067667
0.138818714405564	0.0354421828043769
-0.163794242813771	0.0595974017446855
0.125231944780581	0.0477068634784078
0.852825293268341	0.621830663927686
1.30580229922326	0.576935208796654
0.133264717489137	0.0398651258030508
1.95256933090985	0.464168557061862
0.133502874099665	0.0402503094723903
0.644195640504139	0.203891935709909
2.74531503858304	0.788587032684406
-0.323512747184136	0.150877869497942
0.140906973713143	0.0352149950547458
-0.539648861162834	0.20784789146555
-1.0615380723319	0.853309484199653
-0.787098914242298	0.351780119515946
0.136082679681813	0.0525324784428168
0.124389578096391	0.0414796396678967
0.125681624662789	0.0430946049318035
0.383970873834602	0.174549965674074
0.132755613913402	0.0400087413766842
1.38789933200606	1.06225018209869
0.129705851940839	0.0500169138857751
0.13736878168018	0.0597244732636165
0.135464518645122	0.0640474360373287
-0.0704218699100982	0.0312201648647889
-0.544081214106925	0.211880882351101
-3.09280325935961	0.972693856185307
0.32699658863425	0.179174814788945
1.01693374560247	0.388544360896459
-0.118121459046995	0.0463215298547466
-0.81049443752681	0.710350675631944
1.23786613337784	0.852633964881783
0.774821130404631	0.462084985595458
-1.16180306616162	0.360626829502971
0.137947030958258	0.0592439737071219
-2.30500772695039	1.19516871732005
0.137218707006764	0.052840364561039
-4.58284653203157	2.53520508760112
0.351948363377535	0.177489465865794
1.4449517014972	0.908328416896414
1.06980522646643	0.652233824151539
1.24474400364086	0.849812120162646
1.54294627758216	0.752682581505889
2.74531503858304	0.788587032684406
-0.174807609773438	0.0632744258546514
-2.09147901102814	0.978596282881341
-0.372967191440885	0.109879462987979
1.01520360297676	0.386582739475358
1.3839303602802	1.05320442843489
-0.327363462120579	0.15036704069293
0.724280046369393	0.59635193548374
0.132363076767264	0.0509287700513303
2.25793136622111	1.72025896260824
-0.10897863366415	0.0433179851480421
0.711068981568576	0.447842302854858
1.7999374187146	0.711558267279855
1.25621824181772	0.68589046907893
-0.369739934267753	0.108830229788068
-3.09216987140428	0.960869115746174
0.925979622549504	0.243736825113843
-0.246744187489769	0.0819875861942725
1.76964339966513	0.98277277076985
-0.0433486262279115	0.0205980136422223
0.891942970228427	0.481168250304731
0.534961176378181	0.30563491444583
-0.614386323917022	0.298711515778912
0.321229458215232	0.177104181870508
1.00780161245042	0.382676369772637
2.74438259751335	0.780038400688451
0.926329332609966	0.245803896301602
1.43108326772595	0.478167346987275
0.805863302134345	0.344881526276407
0.434641538620832	0.17502897313687
-0.161323141410888	0.0593428238464744
-0.115620638828923	0.0461079250435605
0.142096078462121	0.0604832879324749
0.550936727293414	0.436158901977834
0.322114428839613	0.176233795882876
2.7489176254429	0.781882431670721
1.79971117079625	0.713547256095307
0.134542642796399	0.0341445690681232
0.926974875419701	0.246284209674963
0.138618353811657	0.0265211219118666
0.925979622549504	0.243736825113843
0.504822188982883	0.184110918199219
-0.043417405210968	0.0206496342798364
0.675973094900708	0.317355384536699
0.490083504460393	0.30510751168345
3.2493353238897	1.10864834370629
0.135568968576203	0.0339891491304889
0.138818714405564	0.0354421828043769
1.43396011234821	0.469223739016395
2.09143968510792	0.92800299671563
-1.16152021660948	0.35929571617842
0.923120742885382	0.240835684941142
-0.373501444264572	0.109780204795531
0.134340225825743	0.0459478776911086
0.801640822834797	0.342681912930608
3.25215396833713	1.09944519815717
0.148609505253721	0.0789246752195684
0.926329332609966	0.245803896301602
1.55479791616394	0.782861546376213
-1.29543444342512	0.594115706507602
0.131669054203935	0.0451092981844482
0.434096757994358	0.173232953749715
1.00573948887639	1.48672289398794
0.486747017568733	0.304683475068225
0.0470961184299328	0.0285598671198921
0.301886716087551	0.179064245203123
0.160554469637898	0.103589442514277
1.10691679415301	0.811079921227003
1.65388392021616	1.52343497664417
0.0101362833589075	0.00547538149282538
0.158824595676165	0.0971028149749032
0.768419847631262	0.598585852239024
0.803396428962993	0.343865653568856
