x	y
-0.618397831815229	0.301518973288696
-0.792498906603966	0.425243031828993
-0.400671522888225	0.167294806621448
0.60026485033585	0.312958239507999
0.427912885754657	0.174104059517884
1.01496655409926	0.392016410565643
1.04640926047309	0.506151918367621
-0.40948446286418	0.174346422488273
-1.84635936125413	0.772831105281446
0.640432049403559	0.206671110179374
-0.650318276706871	0.160755761640221
1.95338582999428	0.463576578510391
-0.545641755228151	0.213156326519175
-0.649319222104321	0.16021039083734
0.639329222636839	0.203514926064791
0.125033303465894	0.0428637016829975
1.235132641441	0.847055991900037
-1.33745389592616	0.842914220777118
-1.68995102616566	0.965206293593559
-0.247443196598974	0.0821764216093194
1.25916158413349	0.699092982118865
0.639660215207864	0.203910262751024
-0.997927577505705	0.506088294798231
-1.05175508032405	0.42742275035592
-1.04825804245851	0.430881776490226
-0.540837584872468	0.211287314007882
0.428825611450252	0.174366674929911
-0.247443196598974	0.0821764216093194
-1.69178457169956	0.969861511764469
-1.05289679402267	0.425457742295197
0.640658905761581	0.203950748563405
0.640432049403559	0.206671110179374
0.139847419253076	0.0352678773972538
0.63611382542294	0.202940731306447
-1.84215992422119	0.772497364016813
1.01179148986041	0.390812379931115
0.142698404858563	0.0359575700897484
0.510653718939596	0.180637329904065
-2.58513149511835	0.689509113042442
0.926974875419701	0.246284209674963
-0.244190797351914	0.0812410173227275
-0.374056649896452	0.10984667872003
3.61956389250147	1.43028882967321
1.00982540305298	0.385206220726638
-0.169310736207172	0.0622086261971111
1.54944428562493	0.778083033060752
1.01104201595136	0.385305051110661
-0.37373542401889	0.110004299970677
-0.371963944093828	0.110621992809151
0.133375347878642	0.0505318487902554
-3.09280325935961	0.972693856185307
-0.802720469338766	0.435913160684294
-1.03785118492264	1.15436381050531
-0.405752401653994	0.17225939459919
1.02159477598694	0.967956204249207
0.498436440984835	0.429879874839877
0.378691849704496	0.171166530783688
-0.924403836167918	0.651085372043366
0.780276343353852	0.468382954742763
0.145523429366958	0.0769697337229288
-0.110365838315129	0.0444253483088259
-0.937205209107168	0.686729494419553
-0.103872146961649	0.0413169187036225
-0.16744736232608	0.0606627019671761
-1.84745475804038	1.17212604115312
-0.204348777598381	0.109534882582121
0.709379869672451	0.454381440666042
-0.307577321558659	0.138700189811828
-1.26896690308881	1.19769600132969
-0.106493257389416	0.043045876551947
1.26285845725239	0.705909555090977
-1.85672363553329	1.18370401960293
1.51895689059012	1.28890096160702
-0.96562580998955	0.590705686590862
-1.26628419716221	1.17640900889146
0.505524711177284	0.184537045848412
0.131019638754062	0.0447751745372152
-0.753681227368969	0.263682884208275
0.135940862031445	0.064873438981688
-0.545641755228151	0.213156326519175
-1.18236905523243	0.666464670531944
0.132318328682527	0.0452503254788254
0.137657029645535	0.0344892399783439
0.131769780715528	0.0397831026994758
-1.30023156904106	0.598440833167432
0.139576085242422	0.0352987079074651
-0.23997851337229	0.0797141941925215
-2.58513149511835	0.689509113042442
2.33999188749448	1.17437068540732
0.504580075605894	0.183905699075097
1.4372384929417	0.881694380364185
-1.72742533244169	1.3719148104141
0.136989442351956	0.0529527438983794
-1.29580538399491	0.604526107834548
0.141240231051368	0.0610230001447611
-0.994032892537003	0.502214227197261
1.8007131844382	0.713314573443425
-1.23237729692729	0.927299784635706
1.60993714144739	1.11116376747595
0.132517398019614	0.0400248322660559
1.01323380816185	0.382629292904723
-0.410217962227643	0.174140075118687
-1.11182097640427	0.762708564217746
-1.34784564121537	0.833557682639161
1.42719460355007	0.477448564652232
1.79393121355608	0.700241743161792
-0.547883380018721	0.208350986285231
0.00552133237346444	0.00302563918138112
-0.507910025519179	0.506234584703102
-0.326024263606926	0.319475803989985
-0.785683404860648	1.15522608902972
-0.546247761766467	0.33811979112683
0.138167155001556	0.0664947386292034
0.14818298903529	0.0778949603316942
-0.449178750385836	0.347422704201232
0.349319129187094	0.325554245675281
0.637023794722965	0.442754689866514
-1.69347756905727	0.969875525364922
-0.944866799750157	0.684102977962803
-0.195584648798972	0.132494471751665
-0.479583220607156	0.322994849102595
-0.650318276706871	0.160755761640221
-1.84536271575861	0.770197726260662
-0.96934342521442	0.596281128705027
0.270507194515892	0.228252938683748
0.288139554588273	0.392967703303947
0.0608183464540654	0.0482607095458556
0.168323302472944	0.129389503922088
1.04211120136068	0.508454623635959
-1.68995102616566	0.965206293593559
0.137790482671227	0.0349173015404508
-1.54160829876422	0.55434455678103
-0.786496231567495	0.35210829920392
-1.54109898628274	0.564008735008191
2.74438259751335	0.780038400688451
-0.371963944093828	0.110621992809151
0.134942268942205	0.0403123831956986
-0.649961670532414	0.158635340685799
-1.54033413653663	0.562613885619299
-1.80583314024352	0.404036831265938
-0.753925861436807	0.267481396825324
-1.16180306616162	0.360626829502971
-0.165924623645863	0.0607705580031965
-1.16756877193145	0.358467365380653
-0.244439790893105	0.0807612783384271
0.142135716499994	0.0613770333174805
-0.372732473872603	0.110746709749891
0.133502874099665	0.0402503094723903
0.926974875419701	0.246284209674963
-0.372732473872603	0.110746709749891
-3.47148123429515	1.24344411644129
-0.371963944093828	0.110621992809151
0.136676224470739	0.0411018975580698
-2.58468514934926	0.681926813759725
-1.54262998859367	0.556084934561067
-1.06200427234805	0.414011007690073
-1.3388721766076	0.843406444056368
-1.84610423045024	0.772015626597942
3.2493353238897	1.10864834370629
-1.84141746589933	0.769507517210725
-3.77259880828192	1.5127153101387
1.01104201595136	0.385305051110661
-0.649961670532414	0.158635340685799
0.137716344096337	0.0264356853006178
-3.09407144090335	0.959647090123049
-0.476848780246241	0.453272818969102
0.155120903253185	0.095681095610037
-0.0996131210037226	0.0619580280215133
-0.0439953367781461	0.0326980784870938
-0.0541440768250445	0.0354007010314856
-0.416183275349123	0.237587236992538
-0.0354637731449557	0.0169558616363296
-0.36039647236447	0.319165290819377
0.176876010856653	0.130289742875955
-0.80499996553811	0.82436924411423
0.589470302355741	0.303803377515686
-1.3443942861733	0.84625164938214
-0.454739550500847	0.360306075441493
-0.417020018136753	0.238653506450976
-0.749707900448518	0.266629197702648
-0.412705361073467	0.233327700899854
-1.84906062717423	1.17929130797017
-0.162884309300249	0.0591268591050108
-0.960151225996099	0.596790300166249
-1.18733094215902	0.648234490433129
1.22905651708359	1.00651551726554
-0.520784699306132	0.576058386385742
-0.0445043682358398	0.0285126262414783
-0.268998060131452	0.247315770837739
-0.199835544983694	0.108835508322702
-0.614386323917022	0.298711515778912
-0.754670103122347	0.267616103379387
-0.96339364187121	0.595912367894201
-0.655163635992096	0.160369482742199
-0.750207197643262	0.259651555151019
-1.16076621190063	0.359385238156804
-2.0907818935671	0.980234505113829
-0.541676736821534	0.20902738866301
-0.779967010001039	0.338321812543535
-2.09072240474932	0.9719651342898
-1.29672981259494	0.597834175312312
-2.00133207293886	1.40872071905937
-0.544995323112593	0.212530818243473
-1.5469277378337	0.559020157349399
-0.649677393302236	0.159121336474823
0.139088984871223	0.0347391602259325
-1.84784364391765	0.772704223124906
0.925335174824177	0.243267565805426
-2.49028571832629	1.4182222808037
-0.371963944093828	0.110621992809151
-0.787701717733618	0.350390774736043
0.503876995823466	0.183153812193994
0.892482269152528	0.483216131189084
-0.62300054208081	0.304053369621964
-2.58557826662177	0.681302812577655
0.128769833621831	0.038111433857996
2.72761536419459	1.68935865402092
-0.375278197967961	0.109168764094764
1.7999374187146	0.711558267279855
-1.16076621190063	0.359385238156804
2.09758759763192	0.938434430282536
-0.536598984622011	0.209038089032502
-1.54211096447874	0.565956548030536
-0.115260270901765	0.0461008558833764
0.640658905761581	0.203950748563405
-1.05452911116689	0.418189228640136
-0.243241014092852	0.0808370662671502
-0.650318276706871	0.160755761640221
-0.371963944093828	0.110621992809151
-0.364716997045505	0.353530851563528
0.947277055972262	1.5290930473893
-0.159566315397077	0.152081165602786
-1.36593183973114	1.12144407688978
-0.199835544983694	0.108835508322702
0.331032678851644	0.183010279337191
0.171791657078176	0.122845576063461
-0.403566503418445	0.326472456449862
-0.0777665580732118	0.0337092057820888
-1.10809541877893	1.32587267284858
-0.918546964361811	1.08609992946668
0.152461896434034	0.148354219019003
0.267995854867405	0.197622907945143
-0.222826527309392	0.168841571619967
-1.54186427014847	0.562391050588268
-0.365723734816446	0.10590898963095
0.137790482671227	0.0349173015404508
-2.09565077547338	0.983693098482494
-0.755659764208684	0.265241875072543
1.43184622835253	0.479292741706694
-0.622463529417997	0.303470935584768
-1.69532854525063	0.974136322781026
-0.153686895704628	0.122878332877293
0.17279610138296	0.220375281838187
-0.427648147933873	0.558946761833485
-0.379673608367207	0.463000554585442
1.30184132398035	0.572606547674884
-0.782775105759389	0.348783751611011
-1.29580538399491	0.604526107834548
-1.16255649541829	0.360535388481223
0.129941237746952	0.0445266641773187
-3.09343711568729	0.972052225554497
-1.18146469295444	0.674929912549786
-2.58468514934926	0.681926813759725
-1.85205233883341	0.764323714431684
-1.17185131443688	0.356117859587755
-0.75074715029621	0.263334856390217
0.133516783675935	0.0336393793939088
-1.04918860874569	0.425130851310869
-0.373283661399062	0.108870255273452
1.95256933090985	0.464168557061862
-1.54716733927322	0.566283034461824
-1.29219890523451	0.593301493892109
-0.649677393302236	0.159121336474823
-2.58945281070023	0.683631203527574
-0.653515136282054	0.159727161117317
-3.09280325935961	0.972693856185307
-0.54110730002075	0.208535025061615
-0.37373542401889	0.110004299970677
-1.16180306616162	0.360626829502971
0.640432049403559	0.206671110179374
0.927971507294548	0.243537608899139
-0.650318276706871	0.160755761640221
-0.247688428186081	0.0823916105388393
0.929670085417592	0.244778423912617
0.929020853400311	0.244303524147299
-2.58468514934926	0.681926813759725
0.141628868364635	0.0268733845859336
-3.09343711568729	0.972052225554497
-4.01815633861707	1.78248781708792
0.433128399509895	0.1763668859627
-1.29580538399491	0.604526107834548
-1.16152021660948	0.35929571617842
1.42898338960615	0.478193832396807
1.01172484601803	0.38539678793708
0.137033206871248	0.0343903632230145
-0.746283100103145	0.261425238513852
-0.72063968498786	0.64927794064023
0.691297094229512	0.793373453162703
0.282438344625838	0.203841139202848
-0.457455268371982	0.460067456645906
-0.196609728263255	0.131545058314231
-0.233239698000563	0.177345018620318
-0.461032690437224	0.359315823729088
0.354034498273193	0.319366560976917
-0.992043885690731	0.99982462726237
-0.405704466572146	0.284823008791537
-0.0047106484262126	0.00225318902753037
-0.545832857385548	0.553547407692052
-0.728750778000781	0.810807174486042
-0.672217889386538	0.756220153919288
0.0346946296595256	0.0211465331361789
-0.595336103379697	0.43571089279102
0.348323543612613	0.173161677412574
-0.289343258918338	0.185508768618697
-1.35205870831403	1.32754746573058
-0.786496231567495	0.35210829920392
-0.35883713983702	0.260911334438142
-0.121912353927374	0.0991633444620083
-0.12563666976977	0.0910070294898094
-0.055941386357764	0.0346489344864947
0.782598614865721	0.748052227176127
-0.958276896586146	0.583483579370665
-1.1719103093722	0.649492066526556
0.296272836268371	0.188840611240916
-0.207881549413679	0.111096955685593
-1.04007097486919	0.412259875149665
-0.796312200500569	0.438095067607232
-1.24289216081445	0.941694331150412
-1.336943511402	0.842850854177151
-0.747277512006623	0.261950498179665
-0.247688428186081	0.0823916105388393
-0.371963944093828	0.110621992809151
-1.05830757618137	0.424133349862926
-0.240229628086566	0.0794522230625189
-0.372280362333769	0.108533187724126
0.883186531086412	0.470378038812575
-0.800645475116936	0.438218369952711
2.73535327456831	1.65330700492695
-0.24838532814763	0.0814701316571013
0.126591754435651	0.0434512482036923
-0.163197529718782	0.0596830890651502
0.124384843154576	0.0423100907226745
-0.49679855039686	0.262940161450173
-0.79016298564893	0.353742857390894
1.04211120136068	0.508454623635959
-0.412167457752483	0.236833292699453
1.06783604786297	0.650964574183412
-0.78497299551403	0.350548280281777
1.3048691446356	0.580886125685909
0.130724970298542	0.0390457878767985
-0.54434902709971	0.210417930011334
-2.09565077547338	0.983693098482494
0.134720480496125	0.046154809884801
0.133423596120869	0.0513663752985991
0.887199687258106	0.480645526352824
1.23413546651363	0.830591724120218
0.800731449974192	0.3425296464443
-2.58899611685113	0.683672524401667
0.384509989658748	0.174899135225633
0.13377964661681	0.0339655613686654
-0.663603993587967	0.39517475528019
1.00907487707479	0.37988153605154
-1.50172381447308	0.772310922363776
-0.201899687232421	0.108030186306502
0.443001319508334	0.315490480184696
-0.256521799308161	0.166683437018935
0.0445776082733679	0.0274522199936376
-0.522941328682426	0.399822838254108
-0.0727212183036252	0.045754250756885
-0.173077995117535	0.120989814072822
0.644373497941191	0.455406712016039
-0.0277829443024459	0.0136909941745314
-0.517040710555409	0.478997165845544
-0.962052011328693	0.589183814558108
0.308629959911507	0.18550135617726
-0.789563075453597	0.353585018166519
-1.73045223996243	1.42870116695331
-0.173713974512339	0.119190990031206
-0.490321023483947	0.425921430654727
-1.170040690283	1.01326564023014
-0.284461810022629	0.236726630707338
0.141392524683214	0.0674864128554943
-0.556868673064216	0.353991853867023
-0.290015021603172	0.185154013878786
-0.594972598091896	0.431012246758428
0.385498947009703	0.31271249960266
-0.170538162849058	0.0618917568764511
0.428825611450252	0.174366674929911
0.0556129810334784	0.0361752939221543
-0.154561338367895	0.0882358335754389
-0.541486546335587	0.211448846736342
0.149271753784822	0.083876495744324
1.44537406415338	0.884263712378939
-0.664506500638266	0.396245226397778
-1.01955715534829	0.927101283499842
-0.111262641289649	0.044811437245554
-0.786496231567495	0.35210829920392
-2.65712400519309	1.59741790803328
-0.676336764887833	0.45483443500912
-0.804882480859245	0.442288640310496
-0.5413960558512	0.210897885586138
-0.376050641505638	0.110143849291774
-1.54109898628274	0.564008735008191
-0.0645191258656032	0.0282697386543945
-0.110340832989386	0.0445605801049694
0.144400696090545	0.0621434930904857
0.32871402464502	0.182230231586416
-0.165320765543476	0.0607703071733124
-0.503275709255439	0.26560946335715
-0.164988899854355	0.0605952762512714
-0.786166968099484	0.351530725159594
-0.615286572351698	0.296329203093132
0.133269655210264	0.0514052505492531
-1.29441257175155	0.585164706995874
0.384509989658748	0.174899135225633
0.880566662605388	0.461044677635401
0.63533835195479	0.202617768704467
0.63910706673426	0.202016723610545
-1.69234879490996	0.972309648458818
-1.50572759857967	0.784993477689599
-0.240892370455321	0.0792841914193826
0.803657899736326	0.340271694875419
0.129705851940839	0.0500169138857751
-1.29451143883044	0.600706476246576
-3.46998743660351	1.26411646563651
0.131769780715528	0.0397831026994758
0.141666634051722	0.0357514933011427
0.428220694818722	0.173585777710766
-0.172682511060434	0.062208045464075
-1.73783517151143	1.43199907011433
-0.0180013614249473	0.00897309465429471
-0.542964217103711	0.209381461466314
0.13980663809827	0.0532145496969093
-0.649961670532414	0.158635340685799
0.801899003991324	0.340962341726034
1.43472489627474	0.470301214618162
-1.05805813359704	0.428511662134487
-0.753925861436807	0.267481396825324
-0.247947844145242	0.160642034966516
0.0397492546452374	0.0245237178760415
1.76171390105607	2.10368922332295
0.0849952272930708	0.0614408728402084
0.719922081722559	0.675108029536991
-0.70475731744751	0.5649739921594
0.909084253009843	0.990710028091087
-0.188534388038288	0.0996579887417946
-0.590230360319112	0.424711111419517
-1.66539964398173	1.7090128751327
-0.807352975329667	0.62990622369409
0.125681624662789	0.0430946049318035
0.134176100343271	0.0517130992440637
1.01098489521964	0.950812086462658
0.421229484086759	0.314721968347183
-1.56543768798289	1.48171224387166
-0.2859119393899	0.182805401027445
0.0402100128586243	0.0243462503217078
-0.34682737238086	0.246034411736016
-0.685119653488431	0.484553769915834
-0.164391503372933	0.0602873263827687
0.645775560777526	0.454424642981823
0.132178724057892	0.0510702765080139
-0.554035834137906	0.352883697459017
-0.695781422900683	0.552617228405255
-0.0372392329198524	0.0178452615371284
0.506227015255489	0.182899351925803
-4.41640172424925	2.30195950558259
0.431950982282601	0.306313653681361
-0.472074430169209	0.317416618331463
1.08582813812808	0.807312878071446
-0.202695694004457	0.137527159244772
0.142135716499994	0.0613770333174805
0.135633414284217	0.0464242544434658
0.139831411351566	0.0604737041518335
-0.684551908245406	0.48125186008781
-1.50512671215335	0.78497703069569
-0.31644252813068	0.145040045583937
-0.623173665574973	0.302772707572114
-0.995294780861803	0.496473178656247
-1.30538773109704	0.600022011439438
-0.32775440699784	0.151191385882461
1.60678640239191	1.11610590333976
4.15572615841177	1.99645037814372
1.60855689049148	1.10914555849812
0.431613510460781	0.175668079261446
0.552684623612396	0.431810363371966
1.05440155751561	0.514006068716458
-0.162841987508279	0.0593911034514988
0.804306426214091	0.344854975606889
-2.30022169869849	1.18659019618238
-0.0630449016027966	0.0276711902180535
-1.48980447617758	1.04062873592977
-0.535681314610669	0.206813692594554
-0.404276086056029	0.17023209239725
-0.814459019526826	0.534620700147355
0.67083479639791	0.315102602022647
0.67149868240458	0.311794495199966
-0.614386323917022	0.298711515778912
0.432008318792815	0.17346976405662
0.132154279721194	0.0569265971381677
-0.405530795212908	0.172425679747037
-1.05479795134611	0.427684260342655
0.638330742604929	0.20169714697394
-1.68641048158956	0.97156392950868
0.509481778177034	0.184030577940883
-0.372732473872603	0.110746709749891
1.30675103647863	0.583158549436276
0.433420871313236	0.174895185886725
0.135687810090981	0.0405518208503784
2.11875902798272	2.0671586164373
2.09266208534358	0.949177804895113
0.801899003991324	0.340962341726034
-0.244877911552236	0.0806088752113352
0.9424462953373	0.632086965827704
-1.30152218159531	0.600761901527298
-0.539919082620629	0.210635134915098
-3.04203030820773	2.41036260665997
-0.124672738771116	0.0737421564315916
0.27228838624681	0.213557160923879
0.287374889648856	0.20490784899384
0.148334390040018	0.0833844236243811
-0.60168543514539	0.600383838567097
-0.162698998696522	0.0936095129733987
-0.663139133110576	0.38992008077042
-1.44777988410434	1.57099410072802
0.690762191946451	0.438694408810256
-0.791082425452461	0.354688548548345
-0.54121570977476	0.210238530837184
-0.251984020460064	0.126205440626096
0.42791628133047	0.172343356334904
-0.078004692650342	0.0496445086245409
-0.690337503786117	0.484678075870608
0.0853617260605376	0.0615950495735325
-0.169699335132909	0.117682869733103
-0.156008946452485	0.0889856705139974
0.154499936777959	0.0997585940981554
-0.294059794330774	0.186523551811506
0.0476323136243826	0.029001392983673
0.0342339168309656	0.020987435190075
-0.480291709749037	0.408480224595476
-2.2888568166004	2.78287691317108
-0.47426290345825	0.321151522692627
-0.544726922023982	0.212503767866522
-1.0506117909771	0.425111529407623
-0.417110708623045	0.238013197776514
-0.160558297903011	0.0922119798748828
0.316245557947961	0.186234938332359
-1.17298923377339	1.01507410046538
-0.325043482582361	0.268215285832328
-1.07107619764569	1.1441407100461
0.429491302804983	0.305916570975057
1.09286498543545	0.825259387271533
-0.803466114035188	0.442052806268878
-0.620198488148244	0.299819549281375
-1.84190336279857	0.769704627409186
-0.252021318914833	0.128059804024832
-0.410005827021346	0.230468824803775
-0.78497299551403	0.350548280281777
-0.20739596750564	0.111326500880469
-0.249342122689892	0.125602574707222
0.376444554248377	0.169557748542405
-0.540567326781551	0.21079663144273
-0.665889760084913	0.396955458987288
-1.05479795134611	0.427684260342655
-1.99669785290238	1.38926265421349
-2.48358348835002	1.40529688423834
-0.785574924986156	0.351164797524706
-0.501024300175333	0.262577176123433
-0.421408315660475	0.238014421658509
0.502237066295499	0.179554331795146
0.497131521417194	0.313012570368194
-0.77785118392575	0.339493548322418
-0.10893038837639	0.0436505557969368
0.140213600976277	0.0608520726966992
-0.256049731505394	0.129107980840928
0.780276343353852	0.468382954742763
0.42912362294564	0.172581071085286
-0.10792713458243	0.0435843718382022
1.2534563280134	0.685071628214355
-0.745791187837514	0.261749146161392
0.138463062972107	0.0534009200476952
-0.239280214302503	0.0797093161228399
0.704529731859311	0.461222862934125
-0.688504135659972	0.483519995664171
0.13924078605372	0.0525123808506007
0.681491804122232	0.317163247512867
-0.310987652539563	0.14120835459762
-0.539648861162834	0.20784789146555
1.30254395558294	0.573188775529332
0.426393633919265	0.172449504151539
-0.102693107655634	0.0761266422830056
0.077820221637701	0.0544489396429095
-0.717979611531159	0.69584282049332
-0.66455532208167	0.397279210081891
-0.0400372848508739	0.0260022578921217
-0.237282398828085	0.18213634998537
-1.23758199002873	0.919452163603254
1.05380079122443	0.513210927003378
-0.110183371955416	0.0441964288526037
-0.0154730023696466	0.00789299099655505
0.599751727663593	0.313739631174203
-2.73047687886097	3.13149201653505
0.276620564047474	0.198591749380522
0.38116759551991	0.315637992341895
0.150579476414791	0.0851854675744538
-0.41056321677083	0.175044128218528
-1.28505695211049	1.40244061203583
-0.791918573522175	0.861045514413306
-2.04691527915578	2.13577188239492
-0.809923634160386	0.703625836907809
-0.340739472710712	0.206253075543187
-0.360947052311774	0.29291867564267
-0.621200208375836	0.302453230845517
2.0916792997764	0.947020632233422
1.06502339445567	0.639003375396794
0.486760772274179	0.304220511677795
0.324716057641229	0.17796387629084
0.5885574267081	0.43974640998064
-0.717899647988871	0.637514657964367
0.636997076893124	0.443501391106275
-0.802204132798792	0.823446277964417
-0.665937168985309	0.398102144929065
0.0128243068751928	0.00683638665465737
-1.29246276295334	1.42446205310356
-0.166516172230199	0.0610465571450152
-0.665937168985309	0.398102144929065
0.355129441655778	0.177421928741965
1.80093935898315	0.704324948653496
-1.336943511402	0.842850854177151
0.157077086693451	0.100868271715843
-0.541756837620845	0.209412208548733
-0.622463529417997	0.303470935584768
-2.086544009172	0.968456901599087
-0.318923499539302	0.148592367443786
-0.323512747184136	0.150877869497942
-0.314554149872783	0.146148304590358
0.132008056168482	0.0393965941991127
-1.84784364391765	0.772704223124906
-1.68902588442312	0.962558488737751
-0.802045694583192	0.621706683559154
0.847943005108014	0.621438107701349
-0.541486546335587	0.211448846736342
0.600644064219128	0.314108576444545
-0.199271094329638	0.107012930322985
-0.504181042481014	0.267482585449495
0.427316565804675	0.173552865810992
0.343671365899063	0.172012046765558
0.133083947721306	0.0514872556193567
-1.34722825250163	0.839284572453554
-0.54655735290113	0.211260778769488
0.493336791083683	0.312700435087797
-0.373827390310146	0.108893395320217
3.62062366405083	1.43326252584705
-0.417098577731607	0.238017609723977
-0.198599370935758	0.107278877149318
-0.785893669685849	0.351489493625362
-0.655563542522105	0.38110828184991
-1.85869626764253	1.164792361582
0.137716344096337	0.0264356853006178
0.495009554174234	0.309152618988721
0.138860110796933	0.0593379158670439
0.334030357830418	0.326983838153691
0.177977679074384	0.138120568289209
-0.799181147981279	0.753381237868059
-0.888139803916342	0.894455376316675
-0.050864410968179	0.0328138936878734
0.181431300875922	0.149905586513211
-1.10916156355045	0.758295955838592
-0.618988882415275	0.296619029646508
-1.2056168968704	1.2443731044981
-1.06298584056875	0.853602175901947
0.287178691511786	0.215679097876758
-1.29628461541488	1.58987562079194
0.661290614782711	0.784262014450355
0.16514995596755	0.10750739655357
-0.727075320209223	0.695384204069477
0.824633708028031	0.856739964517008
-0.204221078322349	0.139491736806072
0.328812460397874	0.178454763045439
-0.109826656577751	0.044177657424481
0.356465677981145	0.178986526499127
-0.536708749135017	0.441674742199265
1.22705940654063	1.33725417091596
1.85582970529182	2.39366661622965
-0.12489429169959	0.0726067001501968
-0.319907690059869	0.147118392388877
0.696695415270725	0.449475033095233
0.128549695970254	0.0548313739151234
-0.0332850446300484	0.0158973052061635
-1.00013106666635	0.498758499931781
-0.791401001108939	0.350879919431616
-1.30131185670481	0.591815651420072
0.146194242212252	0.062241890135765
-0.662289022525691	0.390992554013818
0.350915679367566	0.174125799137354
0.642430262122492	0.204551977387731
1.75960262090069	1.35958312610881
-0.164717030217209	0.0605798459598444
0.127706239529267	0.0487388435845912
-0.0699526610332149	0.0305560118397169
-0.0403820269374178	0.0191162333469385
0.887925441253663	0.478254789914584
0.432818540013999	0.176395167801005
-3.09280325935961	0.972693856185307
-1.54538955663062	0.564367029919961
0.144052503073331	0.0693617330621453
-0.03728462678901	0.0178209782766589
0.132888002248605	0.0626431988337717
-0.749462000858586	0.2621567593617
-0.784653935996524	0.346067642973006
0.125944161747299	0.0432199706166619
0.354583008775555	0.176865912483532
0.130105167826918	0.0446113493171228
-0.541486546335587	0.211448846736342
-1.29580538399491	0.604526107834548
0.603410017425704	0.31155609277681
0.927971507294548	0.243537608899139
-0.617726724474063	0.300368406367299
-0.163794242813771	0.0595974017446855
-1.29608205927381	0.596939206244447
4.54873547055567	2.56220336964595
0.888387974329828	0.479986838285812
0.671735903915543	0.315802699654608
0.502257853940925	0.180672046950637
-0.244428546932055	0.0805963435476292
-0.96570018322773	0.598243527580802
-0.520916698590396	0.561906094567728
-0.74881113150992	0.885741427370914
0.0475144013333782	0.030612134020829
-0.00375506327180252	0.00256378365583634
-2.12874312901186	3.45833811085162
-0.199835544983694	0.108835508322702
-0.896805430464684	0.826607131909598
-0.558012676367743	0.358733362337889
-0.551466460514404	0.348601313438071
0.980256617425375	0.798330508796845
0.738388529556592	0.719071572159143
-0.597391369116815	0.43952164463625
0.160912665642205	0.110047342843088
-0.143976939334367	0.101015205465902
0.418495626985278	0.315437092562274
-0.618932249670278	0.300415485366037
-0.204776310497203	0.110895669695531
-0.230128920245368	0.148570322537734
0.772003976632204	0.456796340378408
0.367920874309657	0.310069525606425
-0.642296196864661	0.582050840162431
-1.85235672744169	1.19229071989772
-0.536871325065758	0.206916257792961
-0.110365838315129	0.0444253483088259
0.591771925845379	0.308475665355391
-0.325826658176693	0.149780809201427
0.592722120505786	0.311472861936352
0.94110620881686	0.638148984875642
0.882104608972474	0.474210070533704
0.384863489590947	0.174885684504261
1.79063227897974	0.701853790205257
-1.05549621738149	0.423799010194163
-0.165633878223146	0.0608230448483071
1.79793422282707	0.704405735156038
-0.368734126017043	0.108489275130813
-1.84364570734871	0.769128563045154
-0.0750435731289707	0.0330638759152141
-0.754670103122347	0.267616103379387
0.139861959796527	0.0412618846585003
4.37346520690349	2.27741620089944
-0.200767865973312	0.109606520759329
0.14202167611158	0.0746895411091037
-1.84248181046027	1.65438504993521
0.129911511829749	0.0377925194994132
-1.99246573807522	1.37126725282963
0.137790482671227	0.0349173015404508
0.135931183146639	0.0408601823442341
0.134526944690639	0.0258144647389653
-0.0430595176766983	0.0203864992168221
0.139088984871223	0.0347391602259325
-0.245141409663293	0.0807658318475998
0.140605369101782	0.0351308802058006
-1.04893390575969	0.425501531364033
1.75861187369956	0.985278328845602
-0.539810590839259	0.208041089834907
0.135899774697344	0.0461942034826839
-0.418414847666777	0.176032548928892
0.134942268942205	0.0403123831956986
-1.16180306616162	0.360626829502971
-1.16152021660948	0.35929571617842
-0.114206629713226	0.0460179645801643
1.21200247544358	1.41665518633035
0.528176195113387	0.428683549622033
-1.16031568224143	1.00334257488319
-1.00351902659442	0.501050896899398
-0.539001335022026	0.207686338514741
-0.62443592985727	0.521253281357834
-0.929521388144655	0.773173242234647
-0.257442795523042	0.129966494711828
0.33799202258398	0.312366963134412
0.414644696511211	0.426808893477173
-0.0762458025959072	0.0634063725431741
-0.752943396891459	1.07103360888586
-0.356870511572999	0.292992157356314
-0.550703033294302	0.346594969758122
0.679586781493095	0.322193279624011
0.343671365899063	0.172012046765558
-0.371729277964481	0.109124865696984
0.649212303350985	0.203142381617355
-0.622463529417997	0.303470935584768
-1.16756877193145	0.358467365380653
-0.243484148452124	0.0808609088407405
-2.30693606199867	1.18894486544748
-1.51429894367649	0.782030400332231
-0.593021460152987	0.589451621624797
-0.00856948687898271	0.00747593593972732
0.0521757937272331	0.0434428007253019
0.176098203505265	0.136356962870992
1.94534285904652	1.22544495661562
0.925335174824177	0.243267565805426
-0.165924623645863	0.0607705580031965
1.01496655409926	0.392016410565643
-1.29312325590293	0.594173782042438
-1.04988368167398	0.426197861954869
-1.15865836302273	0.356559362366982
-3.468495517409	1.24545977066643
0.136919308020491	0.0408177028889142
-1.84041886221884	0.766882661788326
0.134542642796399	0.0341445690681232
0.641657829571976	0.201878292806112
-0.649319222104321	0.16021039083734
-3.46998743660351	1.26411646563651
0.505524711177284	0.184537045848412
1.43184622835253	0.479292741706694
-2.58557826662177	0.681302812577655
0.351855533995267	0.177414109176794
-0.636281998379318	0.581056583836377
-0.64813063735726	0.795930221575153
-1.16152021660948	0.35929571617842
2.7462498006239	0.778261278020301
0.926974875419701	0.246284209674963
0.138618353811657	0.0265211219118666
0.141666634051722	0.0357514933011427
2.74438259751335	0.780038400688451
3.61956389250147	1.43028882967321
-1.54538955663062	0.564367029919961
-1.17108714600837	0.35581246469474
-0.372199398666119	0.10861997456099
-0.683922913718046	0.813473563646334
-0.466181107551749	0.362990295812156
0.321229458215232	0.177104181870508
0.152692633945363	0.0874067845263373
-0.453364393215372	0.359208705036126
0.152329040921638	0.0861782296606741
-0.908446965908864	0.747850211914459
-0.177430201873442	0.123455748843975
-0.551080163405534	0.46543189886753
-0.45810839724204	0.363499239580005
0.000461113828115698	0.000382582044829589
-0.362175939615241	0.327214693106999
0.518983388424678	0.54273226312206
0.538711796826834	0.526524290006053
0.914889218589712	1.01805310492792
0.160912665642205	0.110047342843088
0.825790357071969	0.742944751225099
0.383970873834602	0.174549965674074
0.130273630097158	0.0501529017881732
-1.54669002595526	0.549875501360938
-3.468495517409	1.24545977066643
0.426393633919265	0.172449504151539
-2.086544009172	0.968456901599087
-1.05875431434951	0.425258091505381
-0.543812857487076	0.209534702759096
-0.409826637020451	0.174074560774058
-1.17817091886222	0.665014469616755
-0.0969624604082301	0.0599776920909183
-0.194673672207371	0.130422713029863
0.281577283458169	0.212957867470876
-0.406229510329775	0.326592475458579
0.132129592379522	0.0507684643984597
0.144509029422431	0.0695781831278887
-4.02629646829434	1.7645954243632
-0.646622749070198	0.158987296788642
-0.541756837620845	0.209412208548733
-1.16577583586829	0.360083099240396
-1.04991224513861	0.426593579308661
-0.649677393302236	0.159121336474823
-0.781896267646272	0.344362579736029
0.925979622549504	0.243736825113843
-0.371195854454092	0.109335251451445
-1.84215992422119	0.772497364016813
-1.05805813359704	0.428511662134487
-0.748962934462903	0.265874158565463
0.055800094576622	0.0358501890410874
-0.470582272294814	0.31569497582926
-0.648677249821696	0.158587087101144
0.13377964661681	0.0339655613686654
0.139847419253076	0.0352678773972538
-2.58899611685113	0.683672524401667
-0.751489371171384	0.263470647301652
0.132755613913402	0.0400087413766842
0.130035094056272	0.0385507204395608
0.137663849025598	0.0410571652515246
-0.244190797351914	0.0812410173227275
0.132778314474188	0.0450337965772984
-0.404041512863036	0.284516184589128
0.427968241407764	0.171984093924236
-1.29376784691426	0.59152064380051
-0.250693431367768	0.125990390052136
0.147228224417434	0.0780838097131066
-0.801030421448686	0.435002765962288
-0.406966308810848	0.229140524786475
-0.957406451324274	0.589361910206261
-0.901733796960677	0.853628331551432
-0.158206154311533	0.0572738065231853
-2.21556277720611	2.56650856703915
-1.07632135043631	1.14915749268821
2.26171024669389	1.74684923433429
0.39505092476003	0.314228073397115
-2.12404360237846	1.61993542750622
0.346351007838896	0.171030438416374
0.317117470414199	0.190232880631151
0.132582039124434	0.0449600957344367
1.26353513339549	0.691872007608256
-0.169912448780061	0.0622831802819851
0.134805386154992	0.0338121207710829
3.92066530797147	1.7087082705816
-1.84536271575861	0.770197726260662
-0.37705103334154	0.111772840936855
0.430572676758615	0.309928123160746
-0.4555102583261	0.46511860938039
-1.29151150952367	1.41549470546966
-0.413038071216339	0.175532905450482
-1.29763645394176	0.589031852370765
-0.997535654469136	0.492749917746432
-0.541756837620845	0.209412208548733
-3.46998743660351	1.26411646563651
-1.80190156331263	0.405310176911618
-3.76928214896483	1.53063223544118
-1.1600126841405	0.35529503686347
-2.58513149511835	0.689509113042442
-3.76852422420012	1.52461461294132
0.141168720466643	0.026788068800843
-0.649677393302236	0.159121336474823
-0.546288323472199	0.212886690694489
-1.15883885086744	1.31295352197752
-0.649677393302236	0.159121336474823
-1.05479795134611	0.427684260342655
-2.58945281070023	0.683631203527574
-1.04921291121102	0.426520143491694
-1.80211551800213	0.40518546889285
3.25602807611411	1.08608283170182
1.95338582999428	0.463576578510391
-3.09675293313402	0.963861246988004
0.92732486785368	0.24306890205782
0.138169594891086	0.0265198668009027
-0.751444890588777	0.263713332527736
-1.57577638941101	2.57232725745997
-0.442519411359213	0.478686287668807
-0.702001367395104	0.482380582523637
-0.658280670790582	0.390973212327744
-0.376823530104554	0.109528132652308
-0.118099272463137	0.0705556089143945
-1.10506863958571	0.751960017352487
-0.803382008314817	0.440695546332442
0.0225122575234806	0.0130837464022358
-0.0357253381153651	0.0271574413068864
0.258006276642607	0.248113836837619
0.454299831986384	0.307430295237422
-0.319704131986579	0.14928222462411
0.596529252105739	0.444882074175549
-0.242292064734812	0.07964190102884
-0.318413249366042	0.148576123433419
0.638106441805795	0.200917531067273
-0.371963944093828	0.110621992809151
-0.7499539562993	0.263513086552406
0.138818714405564	0.0354421828043769
-0.990641438194858	0.499830060480935
-1.00295560062857	0.502608741125093
-0.547856243999543	0.466492157164595
-0.339685017020667	0.435074625763773
-0.654165411001464	0.159831562379876
-0.165586432304184	0.0606717374796943
-3.77412214772395	1.53344506919461
-2.58513149511835	0.689509113042442
-2.58557826662177	0.681302812577655
0.137716344096337	0.0264356853006178
-1.16577583586829	0.360083099240396
0.644424999818512	0.207579266186308
0.138618353811657	0.0265211219118666
0.141168720466643	0.026788068800843
-1.16152021660948	0.35929571617842
-1.54134641011664	0.564552208534783
-3.09216987140428	0.960869115746174
-0.650959635012338	0.159168476600347
-0.649319222104321	0.16021039083734
-0.750453159564684	0.266070645067511
-3.09343711568729	0.972052225554497
-0.650959635012338	0.159168476600347
1.95256933090985	0.464168557061862
-0.650318276706871	0.160755761640221
-1.54639876708013	0.566309129661381
-0.618763311534973	0.302466954406303
-1.50079866570261	0.771232631487212
-0.242540504674911	0.0808346916156265
-0.156669495487944	0.12648345310537
0.394376275123836	0.429256724711785
-0.721287612002505	0.704624763008871
-0.909508874137161	0.754567055497001
-0.406846480281759	0.229152874538932
0.890165575625618	0.483506941346857
-0.241840209542203	0.080476940077082
0.136676224470739	0.0411018975580698
-0.649677393302236	0.159121336474823
0.135185873505605	0.0402401710200621
2.7479767545239	0.782066977880158
0.138618353811657	0.0265211219118666
-0.654514463701247	0.160265207029626
-1.16180306616162	0.360626829502971
-0.618397831815229	0.301518973288696
-2.58557826662177	0.681302812577655
-0.790693613030272	0.349074690599726
-1.80211551800213	0.40518546889285
-0.650318276706871	0.160755761640221
-1.53732327136021	0.558096879249065
0.139073148904902	0.0266055202308437
-1.54639876708013	0.566309129661381
1.00659170771323	0.383129425199669
0.131947928994692	0.0390584570073534
0.141168720466643	0.026788068800843
0.138169594891086	0.0265198668009027
-0.649319222104321	0.16021039083734
-0.649677393302236	0.159121336474823
-1.16076621190063	0.359385238156804
0.143458160699927	0.0358142984417619
-0.302065903139631	0.224128032195714
-0.135631930793072	0.0803480420608983
-0.406663506836411	0.17279698026155
-0.120014739328648	0.071367320553829
-0.703316956279205	0.572252684709611
0.173134493330474	0.13739791476029
-0.282632954260854	0.23893600099756
0.0408493558234175	0.0229299765705493
-0.451257540380298	0.354596340656377
0.0441489000070245	0.0272184585920339
-0.240290479432203	0.117760673754914
-0.372967191440885	0.109879462987979
0.942547245780118	0.627670872803383
0.138169594891086	0.0265198668009027
-0.239280214302503	0.0797093161228399
1.43184622835253	0.479292741706694
3.62467162070288	1.43500145314363
0.132452680865618	0.0395235140572552
0.137716344096337	0.0264356853006178
0.134942268942205	0.0403123831956986
2.89078423532228	1.95773937213188
-0.749707900448518	0.266629197702648
-1.04851378907912	0.424859501269914
0.135687810090981	0.0405518208503784
-1.15941464149533	0.35262764221233
-0.649961670532414	0.158635340685799
0.504580075605894	0.183905699075097
-1.16076621190063	0.359385238156804
0.138618353811657	0.0265211219118666
0.138169594891086	0.0265198668009027
-1.54109898628274	0.564008735008191
-0.369739934267753	0.108830229788068
-0.748021070817505	0.259437181730533
1.95256933090985	0.464168557061862
-0.537244494096108	0.209199262988428
-0.744055499890896	0.258369185064904
-2.58557826662177	0.681302812577655
0.138618353811657	0.0265211219118666
-0.653515136282054	0.159727161117317
-1.16255649541829	0.360535388481223
-1.85031918151677	0.761754801682136
-0.650318276706871	0.160755761640221
0.644424999818512	0.207579266186308
-3.09803658564349	0.963618638434641
-0.370960450535942	0.108999469994633
0.139073148904902	0.0266055202308437
-0.166832891529579	0.0608169340101326
0.328346219749847	0.178105097227422
-0.115102540246308	0.0464062353304709
-0.960087510052529	0.586238834330051
0.676265931979013	0.586543750743051
-0.0597711042027315	0.0494870353356977
-0.689196505910078	0.48832612760097
0.137672310748076	0.0464999890529274
1.5538925777473	0.779864833648603
0.509481778177034	0.184030577940883
0.139831411351566	0.0604737041518335
0.139576085242422	0.0352987079074651
2.74531503858304	0.788587032684406
0.639433294916704	0.204223062388441
-3.09675293313402	0.963861246988004
-0.54075591557501	0.210281213474268
-0.746534217740653	0.262483449927324
0.136433082417729	0.040391101370101
-1.8471013721322	0.774661148617268
-0.376823530104554	0.109528132652308
-0.378051187678928	0.111023447161183
-1.04918860874569	0.425130851310869
-1.04921291121102	0.426520143491694
-2.086544009172	0.968456901599087
0.643340792092692	0.200971374553889
-3.47073410037615	1.25961524031716
-1.54262998859367	0.556084934561067
1.95338582999428	0.463576578510391
1.43575974850663	0.470793566917827
0.13806085974017	0.0349020150681185
-1.15941464149533	0.35262764221233
-0.645977108318167	0.157387277340251
1.42795516831077	0.478570790474717
-1.80190156331263	0.405310176911618
0.141666634051722	0.0357514933011427
0.137790482671227	0.0349173015404508
-0.7499539562993	0.263513086552406
0.131769780715528	0.0397831026994758
-0.649677393302236	0.159121336474823
-1.80211551800213	0.40518546889285
-1.80190156331263	0.405310176911618
-0.650318276706871	0.160755761640221
-0.648677249821696	0.158587087101144
-1.54109898628274	0.564008735008191
-2.58468514934926	0.681926813759725
-1.16076621190063	0.359385238156804
-2.58899611685113	0.683672524401667
-2.13233825099018	1.64435320083203
-2.13331192948123	1.63263999585626
-0.54075591557501	0.210281213474268
-0.749462000858586	0.2621567593617
-0.564446667079696	0.35886826873073
-0.322138729154476	0.148333315584133
-0.24139540904579	0.187180360898445
-0.32184085166931	0.292865765268404
-0.0868478742188971	0.0780536487013535
-0.407441533750924	0.288289987402343
-1.85326406623855	1.17609233893234
-0.649961670532414	0.158635340685799
0.132517398019614	0.0400248322660559
0.139073148904902	0.0266055202308437
0.926974875419701	0.246284209674963
0.138547275345784	0.0347818496624983
1.43287798690679	0.475136223572177
-3.09675293313402	0.963861246988004
0.142425808142815	0.0356096114179749
0.137790482671227	0.0349173015404508
-1.80190156331263	0.405310176911618
-1.16152021660948	0.35929571617842
-1.1600126841405	0.35529503686347
-1.16255649541829	0.360535388481223
0.506452778307027	0.180963298906443
0.138169594891086	0.0265198668009027
-1.80211551800213	0.40518546889285
-1.16180306616162	0.360626829502971
-1.80211551800213	0.40518546889285
0.138169594891086	0.0265198668009027
3.25139583150282	1.09209130025117
0.926329332609966	0.245803896301602
3.62168394400497	1.42736372029797
-0.650318276706871	0.160755761640221
-3.47400814940775	1.26328835340161
-1.29791566883638	0.595832632880168
-0.37817465229361	0.109111366001883
0.139073148904902	0.0266055202308437
1.79770278509994	0.709688375349796
0.141628868364635	0.0268733845859336
0.141666634051722	0.0357514933011427
-1.80190156331263	0.405310176911618
0.925979622549504	0.243736825113843
0.794359610261719	0.334150440841917
-0.370960450535942	0.108999469994633
-1.16255649541829	0.360535388481223
1.43108326772595	0.478167346987275
0.927971507294548	0.243537608899139
0.138169594891086	0.0265198668009027
-0.747228166702206	0.259099254454139
-1.80190156331263	0.405310176911618
-1.16152021660948	0.35929571617842
-3.47400814940775	1.26328835340161
-2.58557826662177	0.681302812577655
-2.58468514934926	0.681926813759725
-1.15941464149533	0.35262764221233
-0.650318276706871	0.160755761640221
-1.80190156331263	0.405310176911618
-1.80190156331263	0.405310176911618
-1.01547199263123	1.23802698426558
-0.203393572292673	0.159744140710223
0.0984470855848274	0.0775332117322871
-2.25394608234093	3.34921756856075
-1.06270293077162	0.85568167914395
-0.4076770878917	0.281664348205989
0.800079574854174	0.341914550374125
0.808412707202282	0.811143964427968
-0.658186839807811	0.379577992375982
0.144912225802762	0.0623130032040731
-1.24288745538314	0.929818542298517
0.915034617951024	0.776687795204587
-0.287871716169561	0.184709957741821
-0.242540504674911	0.0808346916156265
-1.51370223743142	0.781966032238712
-0.170104260637261	0.0612011474939946
-2.79210488342971	1.87517465240789
-0.317903094727342	0.148189330111708
0.700518847719589	0.455443763059163
-0.413633673138359	0.233335213692262
-0.316089493367423	0.14674500190029
0.130755305563244	0.0449465396920763
0.883533385867291	0.475071223953886
-2.30308872056658	1.18989522650814
-0.50003938356841	0.265823931502933
0.429738004776667	0.174027388577235
1.00877981494609	0.378635690415525
-0.410876897292215	0.230279516969534
1.10262976826417	0.816725876225629
0.344970755858572	0.172830649815742
-1.61443539712427	1.2366936804863
-0.559155606736676	0.349900044422958
1.42925034845688	0.471239687923602
-1.30060141663037	0.607500402054919
-1.68995102616566	0.965206293593559
-1.10606324732964	0.747496149461319
-0.371963944093828	0.110621992809151
0.593321044415257	0.305102195205381
-0.54075591557501	0.210281213474268
-0.996081777695867	0.502538138809046
1.80195797435116	0.697288209820227
0.673263628370962	0.315120332441698
0.382966672981888	0.171931698596969
-0.154995167448388	0.0883953997861219
-0.75074715029621	0.263334856390217
-0.615061505014282	0.295478968621738
-0.541486546335587	0.211448846736342
-2.09399808074663	0.980549459513818
-1.51370223743142	0.781966032238712
0.512543342423126	0.181245530427905
-0.316089493367423	0.14674500190029
-1.84116096838096	0.76985134303748
-1.04965581966949	0.429420534826054
-2.30151189417455	1.18927506671996
-0.372732473872603	0.110746709749891
-0.421496761893385	0.239235651448288
-1.16331040146866	0.356501861337983
-0.166842744164789	0.0610133970783203
0.125033303465894	0.0428637016829975
0.888387974329828	0.479986838285812
-0.544726922023982	0.212503767866522
-1.85105987422546	0.761779430008581
0.355533362596711	0.176440788600808
-1.00148028505242	0.494919181761708
0.130105167826918	0.0446113493171228
-0.536598984622011	0.209038089032502
-0.65780511277738	0.391518680567319
-2.09217633664281	0.97366279228165
-1.84116096838096	0.76985134303748
-1.94793934132264	1.88103345005263
-0.805972285086165	0.631242873606396
-0.886221409011069	0.905887836334345
-0.514945460491368	0.390329170409313
-1.56731081107473	1.50940491837564
-1.66515135816582	1.70944649216747
-1.04991224513861	0.426593579308661
-0.561128935845817	0.35841533564908
-0.0672016113554567	0.0296047855079741
-0.40468645504678	0.283452547284208
-1.62200275879261	1.22008640859252
-0.067785752688266	0.0435457260793053
0.593550472509463	0.43733797109245
0.018041643243556	0.00952504244902925
0.331822068882969	0.182306265928784
0.126565388852724	0.0378858273324485
-0.324183948927483	0.316972617641499
0.0304563278380206	0.0185339420171395
-0.0870941624625206	0.0655701622533102
0.0167425017581109	0.0124657122890445
-0.86485859080572	0.999822604843071
0.153623231088026	0.0921433218068181
-0.0701535838716065	0.0442458058459675
-0.553999028904477	0.352551314674124
-0.804487438010584	0.435070173733129
-0.209634539907998	0.143521861673201
0.0480500329986	0.0292029766657353
-0.182984068024654	0.127151197267446
0.0633513528599903	0.0427985484290305
1.37980037958617	1.04171634947738
-0.596512892913904	0.439464523896904
0.389264509698667	0.174997942335599
0.295665973779619	0.203417395281961
-0.24536388909198	0.162398803734821
0.784875692082471	0.469593946103893
1.0950707535886	0.820866240493935
-0.0695473388758341	0.0305797388370219
0.410370355354479	0.311613422726957
0.429731324708228	0.301419132737333
-0.280378480063639	0.175307560787627
1.55324176552158	0.789473162707191
-0.315065833669628	0.146663822557794
-0.209493517381591	0.142248634759251
-0.540567326781551	0.21079663144273
-0.558463140940426	0.357445968856898
-2.48298449675738	1.40066865567848
0.150566338562059	0.0791932067771823
1.1119458064339	0.979716047782311
-0.0385614061459692	0.0182138573203295
-0.253418277194458	0.126468757729436
-0.350215450512091	0.210660393286296
-0.0147822264058822	0.00746197155834479
-0.611004505871719	0.503073656535284
1.3511161788706	1.23767843411842
-0.342603779578255	0.20652057983122
-0.79769457242724	0.435188404861277
-0.684055810877496	0.478503873492182
-0.697765118049656	0.487929786596366
-0.322609667707192	0.146640656215102
-0.339806213284042	0.205140951255383
-0.286655409506681	0.181636275197047
0.633264761609947	0.43752131740888
0.852378110150183	0.624332070649227
-0.0712129214748213	0.0447833141399715
-1.02301863808909	0.931663072771171
-0.803018137782485	0.531164673840427
-0.201921604266637	0.108126469419215
-0.322222391190043	0.149204173540515
1.10396162923341	0.985072018925248
0.141622879212106	0.0613794438926938
-0.803024576138055	0.527819348813521
-0.109469066439987	0.0438963496395714
1.25837344353726	0.693411924811107
1.01352383527603	0.385779054090432
-2.30151189417455	1.18927506671996
-0.785291228573989	0.349787734626296
-0.411306378369193	0.173103709879466
1.24460924912739	0.849996851562133
0.463670479467429	0.31532077333434
0.541628890063946	0.312110471366698
-0.0681549971377887	0.0301311833607795
-0.809178028532169	0.7004374883209
-0.665937168985309	0.398102144929065
-1.68747717138535	0.966224140895519
0.141938162059784	0.0354191252721787
-0.368734126017043	0.108489275130813
-0.165917977856602	0.0609706695180494
-1.24381679244486	0.940431925832305
-0.901280188018528	0.820270572248432
-1.1514527839709	1.30014202039383
0.292870817602177	0.201778059903147
-0.141216112590507	0.100986351164006
0.324248656547118	0.177190688908219
-0.996193484463432	0.989037828453263
0.0816925883039206	0.0615513806142818
-0.237508545846269	0.184018117258417
-1.07038380352435	1.1402961124917
0.0383769251867043	0.0236032621324138
-0.702601851580872	0.556170869697866
-0.20592349163455	0.141105546410974
-0.349864175132624	0.251706854157262
0.0140689322609854	0.00813551241317683
0.276623743971293	0.209045372588079
-0.093684775892133	0.057575138659746
-0.813832205725642	0.624233601549301
0.157445702030013	0.0900124210538831
0.158771218566651	0.107494397645325
-0.741345293764234	0.864376215805116
1.04240772610169	1.08589770689696
-0.266134012158917	0.202473899208324
-0.107568195067127	0.0434381175009775
-0.995666827742336	0.503999851262843
-0.989673168377919	0.96472256059267
-0.347017716276127	0.210416889726437
0.943383532670642	0.92377191037811
0.152113437031694	0.0787833869710857
0.163857180644538	0.0924509171844587
-1.0630199119493	0.837666012655224
0.134615012629795	0.0642308699992023
0.698806344137351	0.450162198334409
0.43171701057323	0.308536665393444
0.945188160507322	0.640277699261558
-0.683175041008958	0.480573967980424
-0.37373542401889	0.110004299970677
-0.197246614930552	0.106941936846351
-0.0726926463216214	0.0317743871047985
0.302755519150111	0.205942799489188
-0.114744315344893	0.0462153660676551
0.0571003469513613	0.0370589159629838
-0.263616812002286	0.198643252639513
0.778396375883847	0.466141725233941
0.696120886437958	0.455363784532092
0.152172959253905	0.0869748454143358
-1.54287595262912	0.564324390459102
0.285864631885974	0.205334861077261
-0.0367340313247941	0.0172858345822736
-1.0506117909771	0.425111529407623
-0.804288206510806	0.529227027260296
-1.73517925042854	1.44076710961966
0.596468791110989	0.314139878149124
-0.251083690572741	0.125458236823705
-0.107030676983149	0.0432926976170955
-0.335917800348151	0.201225112678266
-0.322611923661454	0.150307945378287
-1.16339661997979	1.00283083558824
0.317729905335255	0.17242589638674
-0.354895218858122	0.258944117105234
-1.17281311777399	1.01374787659602
-0.418941696097081	0.238019786192671
-0.352570519984722	0.210031921650402
-0.692053015360486	0.483287277805354
-0.111802426887164	0.0449555909623443
0.142996655309425	0.074787618135745
2.26171024669389	1.74684923433429
1.60667337310637	1.11141105817294
-1.48105506996917	1.03011774152
0.141392524683214	0.0674864128554943
-0.615823417152397	0.296506690652635
-1.84320049694001	1.15121763499692
0.325183357937965	0.17831836192421
-0.809143668928978	0.539963150964118
-0.649319222104321	0.16021039083734
1.24612721875632	0.852609345589284
-0.112773676056751	0.0451502455962294
-0.23719395557437	0.155484137374257
0.273003962177903	0.228548245200835
-0.0476113467502478	0.0313087330953616
-0.870960726776178	0.942326932586561
0.166307060583902	0.114414814848656
-0.453028065918089	0.358456480834116
-0.128773133663727	0.0774525470436999
-0.410205825962624	0.329615149069922
0.0398604767436119	0.0241956157321209
0.461279894964378	0.415391558265503
-0.289572775920711	0.182034878922833
1.00991883290839	0.934657385937967
2.0784467968944	3.06297430220333
-0.0155053460894266	0.0104839717954531
0.328689027799348	0.18054587752802
0.393368579909264	0.311199339490025
-0.0176109785956446	0.0119824945773565
-0.461054067753104	0.365290256783957
0.050011574038105	0.0324772222686672
-0.0471602031618435	0.0305654921072697
-0.286121363803663	0.241812891891669
-0.704158258902057	0.570704434322813
0.769542254880288	0.810184819162612
0.284294274452243	0.192954559115423
0.690936416910671	0.441920206520962
-0.0429909075125707	0.0281057856879896
1.36116852490721	1.21867344642543
-0.421033189299169	0.239021087988658
-1.2089296302568	1.23980442345659
-0.350947297456216	0.212366953390941
-0.200238178868215	0.137068372455817
-0.0887776006859989	0.0550366939591948
0.308413341189524	0.196082961157655
0.675070079402767	0.317521362750003
0.770507359108959	0.601365051676504
0.381966530504946	0.31584878844283
1.21876738141598	1.46821117346209
0.298830457683666	0.194471769651742
-0.590937164338675	0.43783055694362
-0.0973988492925946	0.0608128684595263
-0.610237381938792	0.435421424960855
-0.203845174737973	0.110276580621657
-1.06810858517799	1.12261683104265
-0.281956342020502	0.177768730144367
-0.548682282884291	0.469179011732039
-0.555761741848698	0.353713338210368
-1.20122840027835	1.24463225596934
-0.594542768263687	0.442880109838514
-0.567237937346505	0.519186991448246
0.0345796478043309	0.0211354524319637
-1.11034562725926	1.09244111034143
1.44141708137216	0.875915465670488
0.0175843631824248	0.0102853069189871
-0.519150453419883	0.400691351292611
-0.66498499674391	0.397723928012848
0.324032191239299	0.177482498203725
0.0283321252314426	0.0160244924268292
-0.255638066826491	0.128800976092292
0.168538453552111	0.125315976115488
-0.253354082027097	0.126520269771276
1.05251879480158	0.513143597548845
1.24012098320504	0.859992788968831
0.122893704726368	0.0514208890876651
-0.691071925893681	0.492181917229414
-0.2012194959164	0.109721249679616
-1.45541268165919	1.56509449382444
-0.2381026692926	0.156264653236142
0.379938469527123	0.170361547493074
-0.750699276625547	0.264252450117151
0.768588242509595	0.593832581429468
-0.79479647235371	0.344456672698662
-2.09565077547338	0.983693098482494
-3.09803658564349	0.963618638434641
-0.649319222104321	0.16021039083734
-1.83593521952636	2.12695633001219
-0.403415773193736	0.361416817736788
-0.315456754191925	0.25940524282595
0.432128429085346	0.301899961994505
0.494540127179797	0.311025746306465
-0.204323820619057	0.11056913325254
-0.245125886823189	0.0807837724647685
-0.614737331082842	0.511994958208104
-0.80812605510135	0.53800427895907
-0.586714057161298	0.429561510825736
-0.0922434609044403	0.0568351572267037
-0.315577614826267	0.146862481150169
0.559711538409752	0.443747000997943
-0.478927734887991	0.319585143306684
0.171815356003244	0.1327598024474
-0.410797242886274	0.289146230688455
0.00950525017572848	0.00511260599378675
-0.410842561688393	0.287362568825859
0.027788786453615	0.016176686516619
0.896635146146889	0.780830212256675
0.146974513833468	0.08385020608383
-0.0403242260029834	0.0193820428990159
1.0813652832476	0.782541178037904
0.0319502307022654	0.0182615961458769
0.156014671300478	0.105956943141787
0.136520362829015	0.0639432314712567
-0.557800549230222	0.35210649285833
-1.46521411705931	1.2944915856473
-0.406097094408452	0.172828244638938
-0.0426132200199267	0.0203649867724265
-0.106134257424768	0.0428260913916659
-0.346524211222757	0.209273940895047
-0.0970859257832598	0.0595613560007726
0.147045264229175	0.0773247885676327
-0.661811999588668	0.39008366594175
-0.627352514627886	0.294747691737324
-0.0412366559200895	0.0197978413886425
0.59684705060167	0.313578932016721
-0.803976728394429	0.439890779585302
0.135931489053765	0.0651430087437291
0.49186454055846	0.306898517132466
-0.241827998456419	0.160212896944704
-0.166152576256123	0.128414821247353
-0.288290928689247	0.180504461880767
-0.45377923878884	0.359456883689638
-0.198818751033931	0.107179314880464
0.777948909448961	0.46104149746558
-0.52120142545872	0.394935996940464
-1.26239448320257	1.18370632832131
-0.551466460514404	0.348601313438071
0.147364130916148	0.0833755300882231
-0.404620756334216	0.171888458678406
-0.668187487736491	0.393308896609385
-2.05326037291782	2.76837856101791
-0.408230295670536	0.17095331573596
-0.592739862851665	0.442686900728823
-0.413092817826208	0.237260237162448
1.24879169394257	0.66148652132207
0.131019638754062	0.0447751745372152
1.05040313922884	0.518133696966867
-0.201189979092452	0.108448888066692
1.55173884031121	0.784928292248589
0.804306426214091	0.344854975606889
0.882452286844506	0.469078840076757
1.04181015128978	0.501821821733579
-0.780655440572831	0.344704868523709
-0.114365177525289	0.0456312505862719
0.138266096848304	0.0598915589446172
-0.670955488720221	0.390754947406116
-0.809557482748405	0.633673160576972
-0.315965553735581	0.146873211041939
0.279895913925894	0.201151002621136
-0.540115924833076	0.208200252419204
-0.630679694805546	0.298515996644081
-2.58513149511835	0.689509113042442
-3.77488446443192	1.52874110171612
-1.73137133256189	1.43851228411716
0.029549738483625	0.0221245041746328
-0.0153754775984323	0.0105474336860367
-0.483566958488194	0.405866612402905
0.433863032403836	0.309698677409437
-1.69532854525063	0.974136322781026
-1.36726592672247	1.61163771654279
-0.0951289478624291	0.0587550378249754
-0.877458145233754	0.963699363997893
-0.282966784219883	0.234279075030535
-0.548136243799665	0.467888355024752
-0.803024576138055	0.527819348813521
-0.521790030728803	0.398432402328244
-0.101001824356589	0.0624610965233893
-0.0386806453048064	0.0249691971335994
-0.396594070146817	0.318995597962089
0.0379676566047457	0.0229663851803349
0.0480495117471288	0.0292850139234711
-0.80493029220254	0.707444729335464
-0.165981126857482	0.115896180677017
0.149061597266749	0.0790223133701092
0.505398521193619	0.439576940437829
0.154390130276427	0.0995226906995009
-0.101439814998636	0.0626076897451402
0.152420427918033	0.0801066398247883
0.46353185715949	0.309302384232378
0.719878127863513	0.596573887849995
-0.585848833604172	0.574910158633736
-0.415020207614894	0.288755002800944
1.21945202244337	1.19123241850668
-0.416194198184429	0.236849537347591
0.717854418908281	0.600904125351058
-0.193912222340379	0.104161064206586
0.0268328762961277	0.0156231184435721
-0.145988975232293	0.10340840805356
0.145998686476681	0.0775408605238176
-0.626635342129458	0.55753936177116
-0.248784331751167	0.124109916888969
0.42391891802808	0.1718634323489
1.75783127781064	1.36892338730749
0.666236514300967	0.579386214187356
0.943436886462509	0.626739119301905
-0.397394337431634	0.31665300510338
0.947894091726565	0.63674547350165
-0.921026116906199	0.773599889381577
-0.41121989530879	0.287951721275038
-1.23539157352813	0.940155351832771
-0.797896941402794	0.686521311577222
-0.0343345077712965	0.0229783244605665
-0.346502975924955	0.206927331928649
0.343176236088716	0.17167534829835
-0.0143678810606552	0.00725931058684206
-0.78497299551403	0.350548280281777
-0.37373542401889	0.110004299970677
0.136676224470739	0.0411018975580698
-0.165320765543476	0.0607703071733124
-0.250270223483694	0.125718449109801
-0.129792042859434	0.0772924452131969
-0.808016741760798	0.691372177904457
-0.919058841743093	0.783234133275033
0.642250140341583	0.44984980709514
-2.48418259556406	1.40661822838661
-0.682652559890417	0.274495844014139
0.770946028506319	0.601049936163316
-0.408141804075626	0.171191816648045
1.61510624796639	1.10392066086509
0.722671757322048	0.598892012010257
0.839601864916045	0.60061708767871
-0.68065851047524	0.473919891110645
-1.68754104327948	0.97589369463233
-0.154561338367895	0.0882358335754389
0.317363640590513	0.186982060288078
-0.124768253244598	0.0752312433049177
-1.61207521778666	1.24354620446441
-0.694145340780325	0.48876325855716
-0.34489309660422	0.246632429755098
-0.804287518421476	0.441659358100973
-0.478103702000857	0.321878521940417
0.147604098774072	0.0704825376507349
-0.814455789976966	0.538362693586137
0.311136577219426	0.187653892174384
0.688357847118974	0.691303749177314
-0.802105869059873	0.525064548519999
-0.805213282530688	0.529567696078735
-1.33888481607162	0.847785878303505
-2.58513149511835	0.689509113042442
-2.58468514934926	0.681926813759725
-0.797156034222268	0.520163085458565
-0.313894241620945	0.232389666724253
0.85420897368394	0.625513348746982
-0.39555781758096	0.314912338305423
-0.354535993047085	0.251798182920953
-0.126245753460812	0.0756664341129502
-1.22357928546831	1.42193917527113
0.430668254805178	0.310057616386308
0.506149598967326	0.440468820991601
-1.35168268178636	1.28761272381434
1.75887285893283	1.35530566286841
-0.414312984090118	0.290071529288441
0.152374998609865	0.0936007119886747
0.401537809679109	0.317593647745899
0.305110228352967	0.182705659046032
0.780707743397437	0.467279309919693
0.460084134592554	0.308792169830776
-0.721846733214947	0.681150505096408
-0.0196645463318348	0.00993522447101833
-1.02235074574305	0.922372584066161
-0.160265474227601	0.0914007698556971
0.939608863213053	0.919089987920898
0.0117179155846294	0.00623428544569659
-0.546696686220171	0.338602939821044
-0.409998477425756	0.174852973148685
2.38681990292932	1.98234540506278
-0.596365737803789	0.443678780690553
-0.662653029813708	0.387526919080558
0.354025747087494	0.306701768082738
-0.0386795662956464	0.0183983157791277
-0.413083562640049	0.237619775236265
-1.35224113868815	1.09562810506723
1.09290326701328	0.822751382143306
-0.749208929381019	0.26062610901766
0.744831487079342	0.721536950872642
-0.243980665391411	0.162117039322662
-0.593174128613898	0.429413163544964
0.600637759822684	0.452760532034838
0.151641896319273	0.0910789468053556
-0.349990899414345	0.253115926151084
0.28682437357263	0.193500599174963
-0.934721706732546	0.673671695400388
-0.940556976990257	1.06958722358591
-0.203817571501115	0.109406916874193
-0.192952885115177	0.102884166007592
-0.241840209542203	0.080476940077082
0.890705897272587	0.48558707094198
-0.650959635012338	0.159168476600347
1.7947052374355	0.701940247969362
-1.00421667456778	0.498054306588392
-1.84730961864279	1.1444649297835
-0.156084901419603	0.087187773978037
-0.354773349356262	0.256598918156584
-0.256965128406459	0.12975479626718
0.145512915368614	0.0879230683103907
0.00512227834866086	0.00276510151265831
-0.692214415925445	0.48735613641033
-0.413169468513737	0.233538748473546
-0.406458221546397	0.226594020979479
-0.348394644775006	0.211464841687485
0.140021318652871	0.0676926869719086
-1.30380004068601	0.591811851677917
-0.61862729111801	0.300331195278872
1.22402424868069	1.0146619158499
0.422702034398146	0.16783879993834
-0.53235250748417	0.203189204919792
-0.0472757596863664	0.0221195945574378
-0.812148810960304	0.537238769323455
0.423008357220325	0.170996116997491
0.801807406267958	0.338805355853086
-1.47266813335218	1.32104760903077
-0.967543747177701	1.056496875483
0.0704626186342038	0.0473578724038455
0.505524711177284	0.184537045848412
2.13289126899116	2.15750162560751
-0.410668501099957	0.328953488149586
-0.164717030217209	0.0605798459598444
-0.0140643273203992	0.00712886066613182
-0.797152147259906	0.517097065397832
-0.0911088822807273	0.0568233049327207
0.158820132576439	0.0963953601420801
-0.203569799792376	0.160382674592093
-0.993977856855451	0.501317812529576
-2.58513149511835	0.689509113042442
-0.552034258927395	0.466950290948795
-0.804855259395664	0.819104249826548
-0.117587856600039	0.0696764264498611
-0.651888160454928	0.628393956245045
-0.208418268505889	0.164234225810842
-0.122200665728933	0.0733293110436117
-0.0408255272739568	0.0192474021311908
0.299259685147938	0.194651927259437
-0.0442480460409955	0.0288317603697087
-0.101763470563918	0.061905362090973
-1.09879882292711	0.730256722238109
1.52333155434316	1.27101518696108
0.69964836683165	0.456964056085049
-0.266953419748911	0.203023542274212
-0.501435028733428	0.263956495477953
-0.0732082920161014	0.0323430675314121
0.299044443267339	0.202823217407093
-0.197697440149679	0.107265315052018
0.168432370444511	0.119398295374984
-0.120757505915884	0.0719506180805803
1.25995332645656	0.687422263591539
0.157204448265571	0.102342941826705
-0.713793145898671	0.624584728433292
0.435320004827733	0.312697307861485
-0.54075591557501	0.210281213474268
-0.477670674106496	0.32137437092295
-0.347952319430322	0.211240709428481
0.712164995544464	0.587846209809554
1.10621352653803	0.977584341603788
-0.0904551505193682	0.0558469367710124
-0.472801050777169	0.320144768501977
-0.55216397474731	0.350938655153974
-0.316864906595859	0.145949411702669
0.780023300531658	0.613310527916227
-0.618264820258131	0.30054583612192
-0.942236591218012	1.08518542102315
-0.555288820877253	0.467726486973935
-0.0198988602576415	0.0100383190139987
0.322655221020405	0.177734582585638
0.0135554535923354	0.00726344697635556
-0.801523881260618	0.618529849632346
-0.592226920099297	0.429385254737161
-1.57637274941672	1.52022738853424
-0.121180689852743	0.0719746314483323
0.644424999818512	0.207579266186308
-1.50079866570261	0.771232631487212
0.137672310748076	0.0464999890529274
1.07626750769814	0.664196174085665
-0.420123282522585	0.237313109528535
-0.816015879740369	0.621444356547232
-0.0704900742805476	0.0308853318681583
-0.122969311312145	0.074174512665247
-0.414462157306584	0.237903135307632
0.0103464446694604	0.00553384811725456
0.00303840038282074	0.00171209016858953
-1.05479795134611	0.427684260342655
0.558970912890505	0.446045322706758
-0.00989948118266316	0.00507531548266138
1.13098911453565	1.26715001612861
-0.813059317993629	0.697087055041921
-1.1666730265588	1.01236823486133
0.162642044972597	0.11811192755486
0.887383441664308	0.478972445956347
0.136021558207427	0.0586413438510883
0.531320333114076	0.302564442221862
-0.112951584877205	0.0448740781069152
-1.18163050851743	0.668157902780343
0.707130661638734	0.458285179888861
-0.81076739316086	0.53405280235627
0.89526410329084	0.480504189888913
-2.45627225398214	2.36674232745816
-2.12821126345703	1.65113490614493
-0.809589336802099	0.780771270886096
-1.67018843133737	1.72760246499149
-0.711574279417377	0.56923015661189
0.816860424792198	0.853671050653375
1.2232628987128	0.988487513793145
2.26496369219104	1.72762182192906
-0.0118048165962418	0.0060700272762169
-0.901087855866974	0.843503791834524
-0.476385039369678	0.322246654210232
-0.371963944093828	0.110621992809151
-0.312341731678069	0.14141346368386
-1.47975558957173	1.01994239720414
-0.406597847241901	0.286351634619316
-0.204762267034363	0.140377280751529
-1.84030303021888	2.14500290765305
-0.40648612857716	0.287222559711854
-0.342884934006532	0.206990591856754
1.01527815513928	0.951876263599682
-0.265872586629742	0.19977671239816
0.0514990607322889	0.0333370153782329
1.11235379083859	1.10276301072105
-0.147689486002885	0.083257260972305
-0.93572742205113	0.695015837553524
0.174874726543676	0.129544087136031
0.432044672988202	0.311816982967182
0.494911298240876	0.307557662660224
1.08629756823013	0.810635025597473
0.315254876452486	0.190256420894223
0.57320535629221	0.540665315374893
0.140021318652871	0.0676926869719086
0.535309398793001	0.300829273873639
0.93939875113955	0.624960834033463
0.28560183930277	0.205884264517879
0.285468354918754	0.207588431191001
0.433436754399488	0.309205020059594
-0.0425198561392939	0.020012722933471
-1.35443441017936	1.12897532019219
0.0771491236644762	0.0518662748641702
0.436461858416509	0.311151801563689
0.153545673203617	0.0941677588546773
-0.615751285646879	0.296227038906214
-0.914335098413125	0.754639620300803
-0.478536823531869	0.32181468679335
-0.0672552339731231	0.0297249119201208
1.3852742553568	1.06837021970321
-1.05459127889006	0.837208800010492
2.34250562574078	2.74261479650676
-0.310263632379765	0.228920265705636
-0.535681314610669	0.206813692594554
-0.323559401835235	0.149807230374502
0.569574500919729	0.450170472070479
-0.415277009151908	0.234882685034649
-0.116188270870957	0.0692745470612411
-0.0713005942820075	0.0312338756870738
-0.319394316068957	0.147614726157155
-1.48476544096335	1.02686975051872
-0.48368069740096	0.322828379037621
0.137051842930544	0.0588232683260853
-0.0645191258656032	0.0282697386543945
-0.426101455632899	0.233520611406419
0.131522460364368	0.0554813239217646
-1.46512741391209	1.29734841264209
-0.661435247446343	0.390341614688532
0.852378110150183	0.624332070649227
0.558370316845524	0.434840831834889
0.490279913222326	0.311029248855653
-0.244376056128231	0.121787104640212
-0.0708959284935654	0.0311295953444093
1.07865412111936	0.661976032709241
0.330995025660395	0.18302889555091
0.989070571508049	0.794760717702373
-1.35066003790524	1.10845669016469
-0.148421178808692	0.0833737986278618
0.950578711854643	0.637779068995893
1.09015919843213	0.819268792235781
0.49268348376469	0.308725736031354
-1.84868689630006	1.15557111533854
-0.597960716259353	0.441866902007473
0.0153586978238026	0.00816752639140434
-0.340563433224725	0.206858115173495
0.138208347824469	0.0661270647194953
-0.19631413536722	0.106338086775576
-0.16959834053432	0.0614602133522807
1.23417190975117	0.853146567938341
0.29900419602616	0.204202868427187
-0.161280278121582	0.0577005026260354
-1.04893390575969	0.425501531364033
-0.374056649896452	0.10984667872003
-0.540996349383769	0.541859422875631
0.671215312529844	0.578160824608522
-0.479614217932306	0.319789259569784
0.0133517650749901	0.0070858807860435
-0.992552481637576	0.493291081559799
-0.547282405696301	0.544102439142093
-0.201504309396179	0.108270015302241
0.0653359166117758	0.0437666610164213
0.437632775631813	0.314292777328316
0.264101461561117	0.214236453968713
-0.292872359563719	0.187668445018788
-0.476903433342283	0.322962998365041
0.41532349881706	0.313316234227321
-0.478456706972017	0.318790876485642
-0.980005517990513	1.30596824813047
-0.549609566634276	0.460824091017773
-0.686195653474374	0.477441609283368
-0.0938562817745639	0.0581315336654464
-0.150218153041996	0.0852546645352013
0.497900095103073	0.306843186971807
0.155423802223427	0.08849515556304
0.177145453418693	0.137180799404391
0.1501134268451	0.078686011654368
0.645775560777526	0.454424642981823
0.304621919444612	0.19788952711879
-0.300253065093147	0.189301540604393
-0.0512964159464256	0.0337683223081534
-1.29613927419727	1.42738672550184
-0.129198149102586	0.0767412022635094
1.65571129473615	1.52493371978688
0.300917549225155	0.177791135375076
0.840035720520966	0.76005164614904
-0.960163911348772	0.590550727974614
-0.0677477629291705	0.0298663302575942
0.0554914153060956	0.0359657797631352
-0.688749018158981	0.487127447885587
0.701031454345776	0.460799969692298
-0.683429001491187	0.482956193573225
0.146718862862664	0.0695234057634658
0.298266135083669	0.189978750921797
-1.29109913453472	1.42076225506192
-0.657375661119651	0.388946956625376
0.136462089423724	0.0521659852124386
-0.59195512744549	0.433730349192644
-0.252872324468904	0.127405607221184
-0.665937168985309	0.398102144929065
-1.10649931822019	0.760075486268122
-0.806498621050259	0.540517024777795
-0.303685865160271	0.226412632981441
-0.940922892710308	0.686756072214935
0.312065628113504	0.188613539011143
0.913506204735875	1.00642161155409
0.635542521690071	0.437738768967697
-1.23457483907168	0.921428096267826
-0.809039168532173	0.623885021470639
-0.814160747374336	0.706900626878006
0.469287752819972	0.316562610078648
0.351948363377535	0.177489465865794
-0.168709143575624	0.0618957168726134
0.776112391313509	0.464788700451395
-0.343565871399648	0.210036308399265
0.644885271848627	0.444381180187423
0.143196543840656	0.0811995851384235
0.358781480593485	0.17788569773138
0.500809847872182	0.310201090652978
-0.61786350837451	0.301730813295305
1.00965467281055	0.924384702848106
-0.0662704852710001	0.0292621314354455
-0.159414720394308	0.0902936317786095
-0.130611092735282	0.0758756497680624
-0.415425080083732	0.176312678104253
0.0286309968649656	0.0166721462407317
-1.04569085125238	0.424269012979002
0.153200882638915	0.0873811235899713
-0.242540504674911	0.0808346916156265
-0.321588029620699	0.149106465782365
0.800870945134033	0.33934509997196
1.44251935025737	0.898690992261966
0.134617892488859	0.0452176406564328
-0.405921801539491	0.168837192394235
-0.544726922023982	0.212503767866522
-0.504672626649129	0.267065456522574
0.0283244284938075	0.0164139563996799
-0.420115492243742	0.238594656950499
-0.322540584862935	0.148931465650071
-1.16227469880569	0.355295007054579
-1.15945666345444	1.00480075730137
-0.199009814144396	0.134487518817505
0.134745422080958	0.0517852696558337
1.22168047217422	1.31801881152852
0.430389978389003	0.3019599806504
-1.36903034058455	1.37902832184502
-2.08446209432403	0.951312069790022
-0.318467178712073	0.144260048040302
-1.11742225889829	1.07967590052674
-0.80419767348399	0.537796176689436
0.0217539214334898	0.0126567838365858
-0.339571424331858	0.205313246075569
0.136806096085007	0.0521549055398232
0.489182581017539	0.297519873726599
1.96454611998257	2.21670572261466
1.66447623447252	1.8765992024657
-1.29515834308224	0.603610157609632
-0.420320830982935	0.235338391329093
-0.0131770376027552	0.0067331897492647
-0.500454394459263	0.267050239825906
0.0378416723058751	0.0233138540103962
0.146684313098755	0.0837904624317375
-0.62132731856822	0.519552643211425
0.142060494175408	0.0609699395696718
-0.799500155264953	0.437314837656332
-0.121170219925352	0.0724761120595105
-0.756404770651299	0.263118044797256
-0.687187073651532	0.482944162237608
-0.0403242260029834	0.0193820428990159
0.63814267996862	0.450796829514007
-1.33464737886	0.838764131129935
-0.324537889578314	0.150482113773763
-1.95481736255739	1.83158681514809
-1.61535750374414	1.20818696734612
-0.76063150419968	0.262033397966174
-0.410964195034156	0.174446518608924
-1.48238286233681	1.01513939884783
-0.411327718568902	0.231569812989999
0.145390491850183	0.0688192706373409
-0.411306378369193	0.173103709879466
-0.0421484196245091	0.0201545129436037
-0.422877983257928	0.238471760076017
0.532283482943682	0.303481721092298
0.33270471773733	0.183977397450836
-0.669484718673221	0.395762469267042
-1.00386826989151	0.503850423142653
0.419966672640715	0.318163830175154
-1.10511242529567	0.753022744172815
-0.993813716274121	0.499378341105771
-0.471879893819297	0.314805729401676
-0.348886179621886	0.211506883002191
0.142749517479736	0.0541127615602385
-0.0735900693188166	0.0318589272695488
-0.512660976066095	0.386370734549774
-0.239280214302503	0.0797093161228399
-0.160120684019448	0.0582347409090439
1.3541083364006	1.2328221236673
-0.795408386193676	0.43712225197589
-0.0386592039924327	0.0184044938208858
0.889817632427664	0.484607505046141
0.512747932767563	0.181743914372711
0.375904753812778	0.169595391952458
-0.904077920548822	0.84958075698636
2.08942933324319	0.937032032738502
-0.790693613030272	0.349074690599726
-1.50572759857967	0.784993477689599
-0.61862729111801	0.300331195278872
0.889817632427664	0.484607505046141
-1.68718720655691	0.95794253790149
0.681390022630868	0.321647044775536
-0.159397489129014	0.0900513997715344
-0.540188763035123	0.210389950149253
-1.50172381447308	0.772310922363776
-1.23784370809541	0.904796174681038
-0.961059695289368	0.598063831228359
0.0269318715350747	0.0164238591853632
-0.0112904138739713	0.00777973879666078
0.297327911672283	0.188180209732242
0.288548785801538	0.207414160339828
-0.990077071802208	1.00291802216073
0.0682833808124955	0.0458308051007606
-0.596090313368172	0.598124227103662
1.21146744111507	1.31645939084826
-0.0435245846563978	0.0205952380395089
0.764976188868996	0.584863740221102
0.427602487602509	0.304319006525194
-0.0132122779444125	0.00678136440282581
-2.3024427121866	1.19314902759081
0.158405689762215	0.0970527884236969
0.137947030958258	0.0592439737071219
-0.408423736742794	0.330383749208732
0.732259745597875	0.70913577015525
-2.49382689444424	1.36338954130306
-1.73968137996514	1.46115832919033
0.315049202435943	0.189241490742095
1.23057443704414	0.839706547642069
-0.0703391620830277	0.0308131053314295
-0.421270699717345	0.233271942626665
-1.47229953114983	1.3005443801582
-0.469205314343954	0.31343181179788
-0.0709378952347856	0.0308370891827568
-0.806955610636379	0.534538407527256
0.137772874053015	0.0720029380835892
0.301863474269686	0.194486364930724
0.0576210356160559	0.0370578449168831
-0.245326990717256	0.121743982485993
-0.47520853495392	0.320458501773626
-0.55216397474731	0.350938655153974
-0.997927577505705	0.506088294798231
-1.3008768083133	0.600684810205012
-1.10372952363441	0.749208222419552
0.131669054203935	0.0451092981844482
-0.244180925356045	0.081049134991476
-0.0759442541136042	0.0334346828316316
0.134078792067657	0.0578649460468062
-0.0639440887174981	0.0280145632209958
-0.0713897043053106	0.0313308856162664
0.00577084598538469	0.00315092559162957
1.96599761040145	2.29227283599613
-0.962957679924853	0.5821898867546
0.326155933316882	0.181027092074075
-0.316477761192917	0.147071831210077
0.378227764000028	0.170205318481916
-0.20522889525641	0.111009843380495
-0.805195420711783	0.525074208347155
-0.901659201060815	0.841527212714811
0.160834685434634	0.0914374345004545
-0.0713005942820075	0.0312338756870738
-0.0131770376027552	0.0067331897492647
0.136536751098384	0.0588145613661722
-0.410964195034156	0.174446518608924
-0.317502469368031	0.146457600208235
-0.693704834855782	0.48644285136786
0.324315672221405	0.180531823458249
0.132691654059749	0.0395472168451783
1.44428254445701	0.894134280547685
0.539879429393312	0.309557314492443
-1.10009586309872	0.750544553918644
-0.130750797156962	0.0780260389136251
0.14683743891826	0.0822482422656496
-0.00109839730064021	0.00042524957467258
-0.117354390138182	0.0698951381976705
0.16293407148151	0.0996649457700713
0.125460821746912	0.0475194727819199
1.07289028685696	0.659246757649372
-0.343534828624018	0.204829641781715
-0.242416918604063	0.158023169379065
-0.27779718328058	0.209806754739669
-0.0476255021182909	0.0311427997097628
0.462294392464418	0.315435248410614
0.432044672988202	0.311816982967182
1.34587242883894	1.18786078543174
0.378158093418269	0.311451919868485
-0.162366892431324	0.0921687819114798
-0.553278190429267	0.473062223813416
-0.494927518860049	0.425741919386147
-0.724762586916052	0.644000045062186
0.351948363377535	0.177489465865794
0.00975948970409146	0.00660248072515083
0.146538692662053	0.0834802240676331
0.774311327068397	0.730004697295201
1.45697297804056	1.42526274342929
0.0250559222659268	0.01433774189353
0.050388020756741	0.0307074432968972
-0.795291206518448	0.435929177854153
0.146500118097529	0.077071468204927
-0.917087440429407	0.769754158162959
0.827718664042331	0.878324409263825
0.377336180340363	0.170103151768751
0.329155228274874	0.18186627452205
-0.248838967447544	0.125455474027234
0.328273908272963	0.181723020320485
-0.688756014085817	0.489536537984592
-0.598272779313429	0.437578271337454
-0.101536173128	0.0628754784360919
-0.196616538843067	0.104331399000936
-0.551016474749149	0.347485334261608
0.777996352757889	0.466305186735139
0.308419094279329	0.182569418000971
-1.05879228472574	0.854384201384797
-0.0934528125546072	0.0583124618877352
-0.496307476548597	0.262486495010103
-0.202827889417512	0.108381264338784
-0.622100361432571	0.304102017504355
-0.557349051241882	0.351604441660724
-0.939983109468186	0.694829862286736
-1.29931224338209	0.605121029278862
-0.371729277964481	0.109124865696984
-1.23942907121605	0.941726038374368
0.673835940333249	0.316446429142655
-0.41056321677083	0.175044128218528
-1.27817556628341	1.36585813388322
0.288433144188026	0.197214017444583
-0.411327718568902	0.231569812989999
-0.684368073557236	0.482837128326658
-0.160884344769375	0.0925069480567091
0.130359560937594	0.0559268901919723
0.137837453925755	0.0586828515698086
1.76421486705862	1.362515258859
-0.233341717192553	0.179004870063879
0.137329016036439	0.0645155297898165
-0.805304252862382	0.439441622405517
-0.317511750492922	0.146625556761101
-0.125719348598327	0.0756449302897604
-1.46483957644297	1.2989040268391
0.0255859331770474	0.0146110754941417
-0.247938632709693	0.124887350428106
0.135420214190246	0.0514553154830174
-0.497226522207741	0.26164239040374
0.138461595703972	0.0589126499238846
0.387836077353972	0.174578646853337
-0.0695032952423575	0.0304228724879784
-0.0110989629422273	0.0057244932284584
-0.287190724364921	0.182039792698937
-0.666793902668352	0.392700346831637
-0.167840570731006	0.0936068848827051
-0.0372392329198524	0.0178452615371284
-1.46413190071362	1.32587229780464
-0.203392929665975	0.10995110198681
-0.670369800709396	0.394195277214515
-1.54211096447874	0.565956548030536
-0.342630412082635	0.208897954905937
-0.0367795477774825	0.0245054296997266
0.677208873966187	0.588130631994344
-0.0699966327578904	0.0306845628091328
-0.260343860594691	0.220027112125938
-0.560392330605041	0.358892706295443
-0.681538204472936	0.473528657754795
-1.4809854075258	1.0246278102131
-0.707891485926649	0.572426351932584
-0.451778365323617	0.353030009862004
-0.012080660655198	0.00622210156263383
0.305630427016082	0.181486362240672
-0.803737844033317	0.530089243699889
0.0262382503015157	0.0152555962624076
-0.944634453859879	0.688421089525387
-0.408046238041992	0.287410736682514
-0.359980110942855	0.256035858093738
0.327807376556681	0.181363174559576
-1.11147689170536	0.746709303479975
0.0790226732275147	0.0552655144915856
0.891246116538183	0.484838989975286
0.78057705263538	0.604711090028851
0.143095625413655	0.0683666341583234
-0.160558297903011	0.0922119798748828
-0.962903832347709	0.595124759121564
-0.544995323112593	0.212530818243473
-0.112159473957684	0.0450463769175976
-0.81089275200598	0.538362729755055
-0.20902804913058	0.112449905946122
-0.131283949069291	0.078611730272303
0.140213600976277	0.0608520726966992
0.130953539754687	0.0618642424593282
-0.798205984677349	0.43673193482768
-0.595068848647703	0.442195996493914
-0.406440967979718	0.171325528504899
-0.804568058445294	0.522870360085411
0.147183667881646	0.0704912606350522
-0.1698399940613	0.0615958521350996
-0.370192063582796	0.107755133242033
0.131531340806028	0.0393848494794365
-0.745048422115321	0.258886286174359
-0.68900112202847	0.478572092591654
0.31985425027671	0.175523659457272
-0.416095256265127	0.236400707310709
0.60302921679432	0.310977703796394
0.884173709287987	0.472402721672149
0.684197693155187	0.321067010084729
0.13251797852494	0.0511537531312601
0.535825594448281	0.309643713739903
0.149434125908253	0.086144575755565
-0.559744131587835	0.357054324344818
-0.200199986617191	0.107132885691388
0.676342106698023	0.318472540296002
0.488431040565136	0.308686727872683
-0.249624613533363	0.163664852497052
-0.617363775826488	0.298920776015589
-1.61573878562695	1.22466636144072
0.145545879674374	0.0774404602238362
-0.247443196598974	0.0821764216093194
-0.158672743882651	0.0916507818726346
-0.997927577505705	0.506088294798231
-0.07603003445407	0.0333037686482146
-0.308949740943209	0.139779070699489
0.016824248108466	0.00976840830329001
-2.00133207293886	1.40872071905937
-0.0700406420559371	0.0306447574180844
-0.807742677772484	0.629156263586202
-1.18583275762165	0.669125952898397
0.772996923157694	0.457935954218146
-0.417110708623045	0.238013197776514
-0.158980127183797	0.0899988598141363
-0.0749575314629194	0.0328644819558481
0.29624645317352	0.190987674297947
-0.0773381626557534	0.033870011436474
-2.30050549445659	1.18380395686638
-0.106134257424768	0.0428260913916659
-0.356281071005527	0.293347601825581
-0.593930105393892	0.432962570134674
-0.251214069569528	0.214492296921138
-0.0791850073511966	0.0344872856052582
-0.799935534290998	0.607256765852335
-0.173486388638094	0.137536667088574
-0.590482236829904	0.433551435828252
-1.61708208274664	1.24554054961204
0.310406912414098	0.188019958792532
0.0167490582049011	0.0120821420115713
0.897893840811582	0.77048829815316
0.432567360892619	0.31252474758549
-0.232273001268363	0.178788363040445
-0.292872359563719	0.187668445018788
0.697984643749156	0.451518515670747
0.775435341520856	0.712017197786167
-1.16741764891179	1.01981080128245
0.297589752111975	0.189609300585713
-0.409653650783678	0.174503983044039
1.26016345229505	0.701979403502623
0.312755491391899	0.188112064287318
-1.10649544143689	0.750223642056996
-0.477670674106496	0.32137437092295
-0.278984425958291	0.210676425004437
-0.351167849669915	0.255305025340205
-0.935494277333089	0.679473683852873
1.22526015721877	1.02221331992056
0.704967072859768	0.460266865979201
0.422164522656853	0.293809656440719
-0.470149918556715	0.314967831725575
-0.541486546335587	0.211448846736342
-0.200800518917905	0.134557558167203
-0.102726673971591	0.063010655451268
-0.115794623115566	0.0462153194428374
0.124327450747524	0.0474026095270655
-0.409089449914564	0.174313041287906
0.143458160699927	0.0358142984417619
-0.243241014092852	0.0808370662671502
-0.406097094408452	0.172828244638938
0.145297292350196	0.0623836442062413
-1.44519134932338	1.5428175289614
-0.350308657052408	0.248548444461312
-0.923709643040997	0.770945900065855
-0.162698998696522	0.0936095129733987
-0.414470703146693	0.286276190093095
0.777022966327509	0.736603383593604
-0.0368391494110239	0.0176342075999996
-0.55313696404577	0.350347196728263
0.131769780715528	0.0397831026994758
-0.710472837305608	0.631140412025001
0.329192647300673	0.181587650884266
-0.315065833669628	0.146663822557794
-1.50512671215335	0.78497703069569
-0.804645830072865	0.438841656791361
-1.65701455482735	1.69051380928417
-0.943012591288441	0.673761719606599
-0.350712039775995	0.21201738979774
0.151697815216514	0.0719350585100698
-0.0750435731289707	0.0330638759152141
-1.10335081489249	0.737682401828381
0.345465207275656	0.173168189098121
-1.10368687230503	0.750604256409344
-0.541756837620845	0.209412208548733
0.432772514312996	0.313703873892077
-0.748717096925392	0.26268742708996
0.53214398728629	0.307510753659718
-0.661355833439635	0.389219138157542
0.0556129810334784	0.0361752939221543
0.13269968256925	0.0511668869959815
1.89121388188805	1.61989977451166
1.04211120136068	0.508454623635959
0.151593121637819	0.0864582391541212
-1.50851193289323	0.7858781323763
-0.1638005064279	0.0600618571222791
-0.367964462335371	0.108363329225903
0.143458160699927	0.0358142984417619
-1.30568428835056	0.594709541068131
-1.3546112113113	1.10011946960347
-0.162585348370699	0.0930643628148792
-0.618139018681595	0.515914347759646
-0.549505689771761	0.458758091129519
0.898077455229408	0.777791862587513
0.0196389033117057	0.0114781663253245
-0.175074209470731	0.119533871489901
-0.45527512540293	0.355237735632054
-0.123047977026951	0.0739365263539681
0.148142986320997	0.0705636259711684
-0.563446206220968	0.353905107793532
0.784395213029155	0.613461087282602
0.885168397818166	0.895818529448805
0.153227335787398	0.0931072864775316
-1.170136835538	1.02339932627869
0.1488419189753	0.102676748465069
-0.474799232915316	0.319982898197178
0.55574595793744	0.444359980942159
-0.250224692063644	0.165089464539145
0.696120886437958	0.455363784532092
-0.429534971993577	0.231412733429654
0.137368142136189	0.065641003255544
-0.0113616375266135	0.00584511053033591
-0.199384254794569	0.10850922128319
-0.250693431367768	0.125990390052136
0.372769300936999	0.163555442313678
1.34122055358143	1.3969030493631
0.149409374321814	0.0955432681147096
1.22245504785293	1.32830415495088
-0.120334427678392	0.0718168776593062
-0.413100715668596	0.233839452753204
-0.00953363196481391	0.004919784157284
-0.800012412385364	0.438870403375698
-0.110340832989386	0.0445605801049694
-0.416557589666579	0.237869725450522
-0.41099737420774	0.172224848299387
0.777553308579163	0.461805751268052
1.07013068754873	0.64198463143832
0.138618353811657	0.0265211219118666
0.140605369101782	0.0351308802058006
0.13840812259958	0.0408921198665596
-0.997362795439389	0.503668584888394
-0.0639440887174981	0.0280145632209958
-0.198818751033931	0.107179314880464
0.355972906961892	0.178395860059463
-0.81076598098549	0.626846827737284
-0.801638805518496	0.531776220082984
-0.414394534584968	0.234488824099139
-0.420569712720382	0.238245939091297
-0.473993628279479	0.314611266122247
-0.349578683168059	0.212523825407044
-0.066762808098966	0.0295232250825857
-0.409653650783678	0.174503983044039
-2.65024055440704	1.65411266082247
0.491503398909687	0.308458413901497
-0.804253729386705	0.444943656287596
-1.62611978097506	1.21914707344949
0.350558945674384	0.176223031181432
-0.58825636536209	0.431912024249842
-2.24852078008618	1.89166419334516
0.300064932620987	0.193178333613353
-0.325320125487547	0.148209963352787
0.34689194291272	0.174756289870083
-0.498192903551233	0.262959223340839
-0.0676922922163104	0.0298403586426306
0.344020421344719	0.166925162633838
1.75837438774258	1.3534794258592
0.138547275345784	0.0347818496624983
0.131951896347009	0.0505060364649837
1.79670337293508	0.712109669548487
-0.542406515669322	0.20957393057014
-0.80044063245123	0.438305806483529
-1.1766837989379	0.670659276413231
-1.18200022878108	0.673361826305568
-1.94301562557211	1.91174807748026
-0.66455532208167	0.397279210081891
-0.476399598528763	0.443462701791634
-0.971402993686132	1.03932196376494
-0.342873861723063	0.205904699458573
-0.353728269021816	0.25557173392509
-0.199835544983694	0.108835508322702
0.0201737602851665	0.0117477968309497
-0.0129650491010016	0.00665424402782248
-1.56507440721851	1.48968000969713
0.522347421791084	0.434577613331313
0.849489973161763	0.626934387689493
-0.118731920145437	0.0712460962903721
1.0149874689453	0.966425474407022
0.344476199370579	0.171898361665107
-0.312013253449732	0.230667532925186
0.481984659733107	0.427086319899896
-0.340392533584041	0.201735997128408
0.537165983046884	0.311041271705653
1.07902772582812	0.664487858106167
-0.285974061390403	0.177773548896337
0.160927230926377	0.0991429552476882
-0.702411146273689	0.566446181404869
0.144112723234728	0.0692457291350753
-0.0685377257507121	0.0299128720985084
-0.254261494115064	0.1269213610525
1.07449153600826	0.661953506025303
-0.0699526610332149	0.0305560118397169
0.505204982601183	0.438217301265986
2.25881167810292	1.72371824007914
0.769629720573932	0.595495102298174
-0.340788186038236	0.205609942538412
-0.240988623045911	0.158992157019127
0.315254876452486	0.190256420894223
-0.0438645208957772	0.0208362974892464
-0.410063920396533	0.233505067165154
0.135575227202627	0.0588194788716142
-0.16623824947282	0.0610134655693771
-0.169310736207172	0.0622086261971111
-1.1630553831762	0.995295323154865
-0.337989844293	0.202235654495024
0.00594945670293332	0.00326251661534454
-0.349262728964686	0.252923926347783
-0.407147180546361	0.279930268050906
0.943817319094449	0.638436447606473
-0.321115547129653	0.148709774811784
-1.48194109998454	1.04375276485911
0.978697268115915	0.779516059033207
-0.409587007422736	0.231419931592788
-0.196959218045193	0.105969202382516
-1.61568882856483	1.22798500215432
-0.171425356223829	0.0613691594775061
-0.505085740366241	0.268272328991912
-1.10507848064896	0.764672701159103
-0.115102540246308	0.0464062353304709
-0.812151053480604	0.538716622312668
0.668201297175309	0.581498322451804
0.48953300286283	0.304734228128254
-0.108082987312271	0.0432721314557777
-0.559012260592902	0.468206100633673
-0.661862725750789	0.391910749747239
0.141843835358275	0.054171356954973
-0.805276382248144	0.444211508845926
-0.0708310066154293	0.031305775448192
-1.50851193289323	0.7858781323763
0.136536751098384	0.0588145613661722
-3.46998743660351	1.26411646563651
0.799584245267975	0.338483546615682
-2.30657681162548	1.2006943086453
0.341318844635061	0.168741967961198
-0.503689559690045	0.267283523217896
-0.206159525434225	0.111360556009931
-0.204749949041493	0.110280906694049
-0.897785291589502	0.844120187969489
-0.316922753597568	0.14529640088279
0.0467015733735893	0.0286166945895221
-0.15898779815065	0.090529121661541
-0.716110748510169	0.637995381114158
-0.728142619537021	0.714735138761017
0.684763901775081	0.320722889295863
0.0332756666836878	0.0202973911024983
-0.920798692110877	0.770983396507678
-1.15468469393821	1.31218389674757
0.318772509174811	0.190345835699818
-0.597137642926217	0.440169004870321
-1.62159257057013	1.23088923310758
0.302244515033567	0.196399072283768
1.94321113792202	1.19799002990645
-0.0466384058186239	0.0219677222078045
0.388993914023384	0.315061420380854
0.704062839655227	0.459853197625308
1.22951548180744	1.01822416915581
-0.158672743882651	0.0916507818726346
0.14297367211386	0.0539723954585269
-0.365073029530726	0.26148058487774
-1.23677517097757	0.939404681891416
-0.801325600195213	0.761770815081937
0.947401776921217	0.635679137291503
-0.20190366012846	0.137289231119702
0.142184968710981	0.0538784088572033
0.307015416998477	0.181528466206289
-0.426804124071533	0.237163606171983
-0.61862729111801	0.300331195278872
0.389090194167014	0.306345891645108
-0.680161672112454	0.474209920018171
-0.349326713425357	0.250868926786904
-2.04243790862569	2.14616379233806
-0.943068836066364	0.69331327682004
0.981863816717527	0.79977168050964
0.0691475019905781	0.0469208909950623
0.63487942118446	0.444043015796314
0.145836026347562	0.0836001830210763
0.315574522099599	0.187566428122896
-0.455185984434352	0.350410538027199
-0.00815972604569642	0.00425769463446844
-0.295861700103932	0.188481602581016
0.465172543957585	0.316177011562987
-0.334239988364634	0.198299141629278
-0.702601851580872	0.556170869697866
-0.62300054208081	0.304053369621964
-0.243513261937041	0.159760099907068
0.137432365546475	0.0592370194345653
-0.79953700064824	0.442390796118815
-0.803349639982432	0.44521681873432
-0.640311051985404	0.580021820100669
-0.93427205065776	0.674656788542311
-0.159936514769561	0.091645435069476
0.0282099438670658	0.0164367614868769
-0.800594994176281	0.431697826104064
0.490094106486556	0.303840686743736
1.09412262797739	0.796214573708614
1.74957002243394	1.32362049234181
-1.48194109998454	1.04375276485911
0.427912885754657	0.174104059517884
0.886494783924782	0.478709653891414
-0.161924550637959	0.0595326272869975
-0.315065833669628	0.146663822557794
-0.9588028915197	0.582455561130463
1.616962608692	1.10519566029411
-0.559260352136759	0.356297793672642
-1.73505842196007	1.40936743900117
0.155120903253185	0.095681095610037
-0.094940716212633	0.0591919495194666
-1.14918949842649	1.28094345144288
-1.16555618480402	1.29467545290988
-0.556661838115713	0.358117189745304
-0.80023075795687	0.767764347503419
-0.241351386584492	0.186778903062351
-0.894593974259762	0.83848522082624
-0.594542768263687	0.442880109838514
-0.255638066826491	0.128800976092292
-0.0328377939090362	0.0156907153092036
-0.149634368974051	0.105909023034692
-0.415020207614894	0.288755002800944
-0.125061081436134	0.0751108686110073
0.298830457683666	0.194471769651742
0.442312732067405	0.416482482144343
-1.94929573477693	1.90995055146644
-0.565348450253769	0.359282370452654
-0.475641160584837	0.321560320706728
0.12672181564501	0.0375664300491113
-0.201726303196931	0.109296937900917
0.329676638658938	0.183285115863043
0.55793849254279	0.444653077056111
1.21859257569646	1.58504370991652
-0.802886433763739	0.832041663459764
-0.794504196979741	0.43154098225281
0.314822700633103	0.188019025097368
0.176550624864491	0.13175244182946
-1.35401371052752	1.32466396750676
0.773956222004541	0.610320089274655
-0.0399374326514219	0.0189080700604235
0.349090826298804	0.176359202179315
-0.0452413867616355	0.0214828835716055
-1.33312036887866	0.83856595700703
0.130370082299934	0.0441420110816074
0.166415476208222	0.107424805418792
-0.802562557830695	0.530199066605881
-0.156948307464084	0.0891403696757425
-0.204012704562593	0.109665549669028
0.555016911523889	0.433282491169961
-0.34468553354097	0.206889615192878
0.677684842631297	0.315207854178039
1.07438155687186	0.658551757679318
-0.115640734375144	0.0466039644284396
-0.0732082920161014	0.0323430675314121
-0.460224796652561	0.357881516848725
-0.207080954869614	0.14075529036693
0.30746144615129	0.182078305267927
0.843854008594134	0.610334396102398
-1.34428596822055	0.832887902757833
-1.27206064686769	1.20137083712635
0.379206341293721	0.170397641869067
-0.993466461526202	0.5008963607004
-0.994816765975078	0.491301906064803
-0.69870824146194	0.488390524640003
-1.69194065933746	0.958439948158094
-1.51336915691616	0.769248730562338
-1.23641185709566	0.911363987791775
-3.09739452059542	0.972553736075869
-0.800046354899374	0.443631616689735
0.300472329954185	0.177680422704402
-0.509145885817594	0.267050252611147
-0.71215125388459	0.570091152030238
0.488885972753049	0.308682076912265
0.674166923307429	0.316819629814144
-0.745791187837514	0.261749146161392
-1.574555428519	1.51362065369294
-0.309849256681613	0.141379600724615
0.501557396458874	0.181763123331669
0.131405301493996	0.0450882414222608
-3.47400814940775	1.26328835340161
0.801383180273715	0.338980745417885
4.16723932445904	1.96826902777865
-0.414514623299934	0.176183685547673
-0.322657191671823	0.148929905613059
-1.16880035361701	1.01974499804119
-0.535681314610669	0.206813692594554
-0.750699276625547	0.264252450117151
0.641203436908402	0.204828865510354
-0.615751285646879	0.296227038906214
-0.551916539024256	0.349102532170488
-0.344263344606274	0.208684456082294
0.166837797087028	0.11494192255103
-0.211286712048795	0.143044439785933
-0.325953953685181	0.297885081904649
0.142509423200586	0.0801221522698786
0.138266111603692	0.0660349492455093
-0.457977189216754	0.360723442677916
-0.914335098413125	0.754639620300803
-0.350765665614619	0.211484799736853
-0.114941862644704	0.0833184787322596
-0.484133067700497	0.460258941649737
0.0222673989996101	0.0127429155619451
-0.982388111645613	0.97354629658477
0.308385501556997	0.183263885210033
0.783260914476959	0.609355022462081
-0.206067288515284	0.13521598245157
0.138226354469659	0.0721787016407015
-0.342326322388185	0.206937150936505
-0.288668846771814	0.181683913663499
-1.4675971879858	1.32365308668975
0.349179283191181	0.176261129745716
-0.33773285677162	0.203118452743353
-0.804288835124565	0.618511612620547
0.148878441835777	0.0786343665565486
-0.448079904315452	0.348772148488037
-0.0222236684435509	0.0111338984642556
1.76992897296169	0.989259546696343
1.35363940679599	1.24233845931432
0.912801114077342	0.757030578434958
0.595362158225351	0.445491689037722
-0.155630397477828	0.0893245029141954
-0.245226032689275	0.121996864930875
0.308681359952875	0.198527537914474
1.08303272274967	1.36359077284378
-0.122651288217999	0.0730350879094462
-0.0412528563719962	0.0197627828256354
-0.415719703442613	0.236621938413511
-1.18146469295444	0.674929912549786
0.774455626093539	0.725532376654161
-0.209311803094068	0.142767621978627
-1.09336574687867	0.709860806356124
-0.50599172071889	0.266867626725669
-0.0156997766838893	0.00790111137578433
-0.200993885991913	0.107775042988755
-1.33031995959365	0.815523282693524
0.0192967824037529	0.011190928726438
-0.157086285657613	0.089986863199392
1.00844538428755	0.932176615876951
0.485367943683346	0.303633595535867
-0.293295911582314	0.183917821328983
-0.990020592776267	0.986581854122706
-0.80103721868013	0.439196388262969
-0.687183961881136	0.478892521867751
-0.204749949041493	0.110280906694049
0.349926612237873	0.172460866617483
-0.413618580789932	0.233756657423415
-0.709819890261697	0.575648063573013
-1.94855491036714	1.87047253170068
-4.02074496264401	1.78455184121772
-2.58513149511835	0.689509113042442
-1.80211551800213	0.40518546889285
-0.648677249821696	0.158587087101144
-1.16105011316119	0.35650557951397
-0.20618335310018	0.110939796207547
-1.61661838208974	1.25205681232311
-0.161924550637959	0.0595326272869975
-0.316022080983116	0.146006075452428
-1.48658898532484	1.04861524599031
0.135931183146639	0.0408601823442341
-1.85828012863529	1.14581430537282
-0.324929389892709	0.148660744556273
-1.29247879869502	0.594955895800984
-0.368970569520409	0.108704530129129
0.131021865338521	0.0391721334922174
-0.165320765543476	0.0607703071733124
-0.544995323112593	0.212530818243473
-0.287019021649909	0.183599946122735
-0.639493386564326	0.586403903779613
-1.18386205591643	0.667275527521225
-1.1969994025979	1.23708057619079
-1.37372537531643	1.35542432854849
0.0421196039159247	0.0257210359908614
-0.614644001204459	0.506046672488223
-0.35614013331845	0.313939173132295
-1.16314126507779	1.02510139243032
-1.54161977015356	1.75281865178674
-0.80072101907533	0.699720826910586
-0.244352887128714	0.160494503606759
-1.16581294493073	1.02406893676323
0.831548119169944	0.740610049617895
-0.252436733632946	0.125696549177986
0.298830457683666	0.194471769651742
0.678115190757382	0.321110111421806
0.64221738903857	0.446609284034593
0.151517153284545	0.085532595679607
-0.477852980022042	0.323491202343481
-0.798237112414608	0.436939618772914
0.134553716735608	0.0640943368224513
1.96507286888671	2.29296335571898
-0.281424279799848	0.177807543227674
-0.0134390237970692	0.00679496799258837
-0.425877107485983	0.238064204136109
0.330553231553703	0.18294330961799
-0.805951526435129	0.527743462962691
-0.621909581236208	0.508764022825683
-0.940654061469414	0.690575270570387
-1.35660720544711	1.36292308995207
-0.350101399268377	0.206611901379218
-0.725041623276366	0.70796403521812
0.710049054618529	0.581300637269504
-1.47361413444042	1.30042127496678
-0.247885262104995	0.123989595283126
0.153043866564642	0.0874055761533763
1.2187885783091	1.17611358546866
-0.0169383422374169	0.00861155165819483
-0.0906618296974387	0.0548804486256225
0.589818682935865	0.306543314203429
-0.398347055471331	0.317212755430155
-0.803947055709804	0.614921743406767
-0.805104762778964	0.620423455010383
-0.590832849226046	0.436787604274582
-1.80190156331263	0.405310176911618
-0.936879567965178	0.680164546071495
-1.34159826022782	0.846147556950911
0.439379862991914	0.173626223800457
0.1455098254125	0.0683243272838102
0.838611985804912	0.758571531445508
-0.3433248362235	0.207889828724093
0.67621243755849	0.318523629907513
-0.199835544983694	0.108835508322702
-0.24394930769311	0.120265608017651
1.61146262737409	1.13346570135336
-0.809143668928978	0.539963150964118
-0.804195195956617	0.536928804218478
-1.05714955583774	0.84505085236077
-1.50540218348587	0.770110349355349
-0.749707900448518	0.266629197702648
0.142698404858563	0.0359575700897484
-0.54045007876494	0.208645621535233
0.138169594891086	0.0265198668009027
1.95256933090985	0.464168557061862
2.7479767545239	0.782066977880158
-0.691132770963837	0.489790264865451
-0.0430781182123753	0.0205329825167419
-1.85105987422546	0.761779430008581
-0.801638805518496	0.531776220082984
1.0085495226757	0.383135807980842
1.26285845725239	0.705909555090977
-0.405530795212908	0.172425679747037
0.804694516036484	0.340900603373708
0.428840454776996	0.172997092811838
-1.30474833042547	0.601216161223509
-0.0709135803836853	0.0314601090791741
-0.498603610523331	0.26086807920911
-0.253418277194458	0.126468757729436
-0.405757820250838	0.282769699486778
-0.994599436231693	0.502339226369883
-0.252447412843261	0.1281387249355
-0.371729277964481	0.109124865696984
-1.3555893819124	1.10917955801007
-1.10464232687486	0.763169295044389
0.295035251726677	0.202577584918096
-0.24536388909198	0.162398803734821
-0.669960320761284	0.396920920378577
-1.1756193160368	1.0202313151691
-1.84582014648641	1.13937311386986
-0.566250604662495	0.356241444904403
-0.123284318597544	0.0735768979751193
-0.11366904227828	0.0456837591633765
-0.701518220883225	0.569379083455407
0.162380714780163	0.105174627737402
0.780707743397437	0.467279309919693
0.766636687008188	0.57905461576174
0.321255653758968	0.175776568891878
0.534000016976531	0.304714577548983
-2.64704637957041	1.6329803686791
-0.114726013204146	0.0458220632364995
1.37894154418216	1.04700258133137
1.61006056146374	1.13316508829393
0.145400625900812	0.0833112489072962
-0.665075668227892	0.390964176882038
-0.938367474410149	0.690432870894283
-0.0991085327787932	0.0388068542054013
1.30742438371028	0.57083418750221
0.429182599613051	0.171030650931199
-0.815540624451643	0.431223872653753
-0.694817557505674	0.489053188786098
-0.806842874546917	0.533419944652341
-0.501435416558956	0.266826863259064
0.135931489053765	0.0651430087437291
-0.413038071216339	0.175532905450482
-0.249342122689892	0.125602574707222
-0.32775440699784	0.151191385882461
1.26375647998189	0.702726917390381
-2.48875978707256	1.41753646006784
-1.15865836302273	0.356559362366982
-0.648677249821696	0.158587087101144
-0.923413345192303	0.775160576230618
-0.959242117233817	0.588629935950524
-0.782496399399875	0.346012441587796
-0.0727829236847904	0.0318370948280251
-1.29451143883044	0.600706476246576
-0.495832288723395	0.260158550353428
-4.73222880402006	2.76812714824938
-1.24819339468548	0.929595577559468
2.33415358443588	1.17925118132188
-0.111936020291644	0.0442974809194824
0.884717338727878	0.474397058182804
1.05009918415931	0.516830094992167
-0.560176342072329	0.352663526310206
-0.50921807290784	0.264319097680777
-0.616999946420614	0.294287274702208
-0.0718835844272527	0.0314692827500076
0.126625930174631	0.0538011218177657
-0.991362357733663	0.489867658975251
-0.498192903551233	0.262959223340839
-0.166528604550709	0.0604207052273172
0.141628868364635	0.0268733845859336
-2.58513149511835	0.689509113042442
0.927971507294548	0.243537608899139
-0.801677008195951	0.833243737427163
-0.0341626483879217	0.0162273163925512
-0.406663506836411	0.17279698026155
-0.110699641726248	0.0442653185388842
0.139756591540627	0.06019729605065
0.138348830846803	0.0590989626858962
-0.541756837620845	0.209412208548733
-1.54186427014847	0.562391050588268
0.427605900232615	0.173170350163645
0.809239056393596	0.34255292022026
-0.0727994079467592	0.032116691480018
0.15297069128016	0.0877571495686312
-0.0981345458866713	0.0600386423801932
-0.795918602192577	0.436842076319439
-0.80192270752858	0.694401343734941
0.631894501856106	0.574021902647784
0.16615851647194	0.123582822247608
-0.400288186950631	0.273467356948785
-0.345825461920563	0.211207824796516
-0.371963944093828	0.110621992809151
-1.15997799587777	1.00893704594825
-0.806543308257625	0.710181808317869
-0.679722107352901	0.474017057697263
-0.688090272870706	0.474695519062033
-0.290427795771047	0.181668257171748
1.52777211713228	1.26688494333601
-0.589142910524752	0.423794733636001
-0.605259628940926	0.597974529909259
0.164314937652186	0.106206000176036
-0.80419767348399	0.537796176689436
-0.141755719952575	0.10150276178369
-0.205730469500346	0.110391357312144
0.304183730104219	0.181506166574022
0.274648341261729	0.206815967583082
0.70590022151381	0.461479387790244
-0.475127876838826	0.322772395581886
-0.955103027713517	0.58004099473933
-0.47203648194248	0.314835878377687
-0.20550324866218	0.110926871059089
-0.00541145716049939	0.0028830697303215
-0.922624078645209	0.769747928245537
-0.406242598338879	0.285292307968996
-0.685247089651253	0.4814124939806
0.33146066161087	0.182946882798576
-0.284429656013793	0.179736909223631
0.775053113247805	0.598593612394617
-0.0667901747892926	0.0293811587774257
-0.124572156430047	0.0735989665788588
-0.28537501923177	0.180091598059424
-0.478103702000857	0.321878521940417
-0.482640286113946	0.323830168238696
-0.320335840665406	0.149072628906981
-0.401799143887346	0.168545264560763
-0.198366502600069	0.107142839613948
0.142782810358113	0.0756255981827042
-0.16396168798578	0.093633402328158
-0.407019638437329	0.28757501211355
-0.494054555761818	0.257565146557863
0.154795227253752	0.095291083408765
0.157359893746753	0.0963599046295029
1.51997043303145	1.26434128157951
1.22631028653839	1.01849265498325
-0.340452069650661	0.204580181553096
0.700083067070537	0.457604660853806
-0.404620756334216	0.171888458678406
-0.00488309047846113	0.00264891723398488
0.145998686476681	0.0775408605238176
1.23552261912648	0.843434473113992
-0.93594414488623	0.678468274271773
-0.890670586896635	0.902971748649349
-2.64704637957041	1.6329803686791
-0.932196721075352	0.681416555241011
0.136021558207427	0.0586413438510883
-0.619165887525896	0.30050872790294
0.353778462740875	0.175467655490967
-0.626303127016394	0.301208464286584
-0.963321756354474	0.596324094108542
-0.66450904782129	0.396220526076762
-0.804568058445294	0.522870360085411
-0.682734786277345	0.480382524464
0.130139137198147	0.0493589188855854
-0.41228657306698	0.286322985389713
-1.04565647181627	0.415790256941957
-1.17672857018046	0.665466879137116
-1.84141746589933	0.769507517210725
0.132754372873048	0.0334623448971025
-1.16255649541829	0.360535388481223
-0.371729277964481	0.109124865696984
-0.37373542401889	0.110004299970677
1.95256933090985	0.464168557061862
-0.91416017777072	0.777297314590576
0.00594945670293332	0.00326251661534454
0.150246253113003	0.0860717832649339
0.987358243737669	0.786475529987277
0.132154279721194	0.0569265971381677
1.42898338960615	0.478193832396807
0.437130186387338	0.175918633068739
0.428825611450252	0.174366674929911
-0.253362058804482	0.126930659692631
-0.111052027868889	0.0446812570344835
0.94878322551064	0.635949557416024
-0.561580163961161	0.358620561025842
-0.495904186728809	0.258177366735407
-0.350712039775995	0.21201738979774
-0.732717217987016	0.761385791356366
1.67952288297453	1.87816775655806
-0.424303731329808	0.435484502100302
-0.560392330605041	0.358892706295443
-0.344942125699101	0.211156893997562
-2.58513149511835	0.689509113042442
-1.51342896682664	0.76212565140154
-0.466746209481265	0.309716760877804
0.132129592379522	0.0507684643984597
-0.995312892034787	0.987748831224946
-0.107947918451195	0.0775067775027601
0.168565090828384	0.125974194793773
0.323342501399997	0.176215929133298
0.160910277222751	0.105089558987387
-0.595168176958679	0.43615059014369
-0.0678951426455231	0.0431288265969222
-0.596685847089316	0.445065457668082
-0.598609568600533	0.431795688945391
-0.165924623645863	0.0607705580031965
-0.716110748510169	0.637995381114158
-0.66450904782129	0.396220526076762
-0.598595771564611	0.444358318182707
-0.20246128776188	0.109074473975822
-0.458149544217138	0.356648179218203
-0.591506520484481	0.424382998082274
-0.484835404544314	0.323649962191296
0.0185387854938725	0.0108161257093827
0.307426107782885	0.183112565205259
-0.622001424317061	0.51914357435991
-0.0695898187947836	0.0303574155888133
-0.96562580998955	0.590705686590862
-1.98518417061705	2.49923989141676
-0.39784970122221	0.162663715159522
-0.411777437608004	0.231618539241834
-0.318803796448453	0.149077156959207
-0.501927649540806	0.263351434398489
0.280226015330933	0.208950099202102
0.154553840369095	0.0807575035461398
-0.0718150025706929	0.0318713616421324
-0.508654551381456	0.265708130050834
0.134176100343271	0.0517130992440637
0.130755305563244	0.0449465396920763
-0.161323141410888	0.0593428238464744
-1.17949056870421	0.671390925126928
1.22371790065575	1.00460894751667
0.133181749058595	0.05758539353645
0.32871402464502	0.182230231586416
1.46879479861967	1.46915695715761
-1.11319717353113	1.08733839373575
-0.168377921278505	0.0953523884983804
-1.69143143337513	0.984864497678572
0.375378256614992	0.167577398575938
0.132799086901487	0.05722600683637
1.08582813812808	0.807312878071446
-0.249245868695589	0.122598850678784
-1.84343931221835	1.63422993560863
0.12685424655362	0.0433860144624846
-0.658756320133686	0.389619488840438
-0.650318276706871	0.160755761640221
-0.163197529718782	0.0596830890651502
-0.796704670965126	0.433500537264648
1.30930772219347	0.578363663392743
-3.46998743660351	1.26411646563651
-0.616963741250397	0.298047450445086
0.130273630097158	0.0501529017881732
-0.519441987589512	0.396750931971509
0.299841433458267	0.194711282060868
0.682640664040607	0.592915152766273
0.281885874431218	0.221753492692448
-1.34250693091382	0.838020408456169
0.157758084658235	0.0965504381900924
0.27261485983022	0.201928158233461
-0.345383749819618	0.21138184980874
-1.10823199731586	0.765218754986202
-0.807935359263001	0.774295136668564
0.139543450624509	0.0675192261100814
-0.252406690295858	0.126099004355336
0.502930967277417	0.181333117013942
0.299897721073596	0.190690507760176
-1.16923083896117	1.01513016094649
-0.154196499337406	0.109719618214987
-0.158788145412222	0.090991559828511
0.0734237696820816	0.0518233574055057
0.156170526749197	0.096148103949245
1.09809240929003	0.822685593393753
0.733459890884196	0.717862191193352
0.826164315010108	0.871619276331305
-0.311762896864471	0.232569813407641
-0.614820501421008	0.506766021344982
-0.288298198472245	0.184788408702673
-0.410420536563277	0.286159854279436
-0.313265292986752	0.143883295004158
0.170862527955585	0.126757565427252
-0.198996938618643	0.134269614590853
-0.256540738172257	0.129565212146248
-0.16744736232608	0.0606627019671761
-0.505989803376668	0.267935293753142
-0.547853522147018	0.466445126493658
-0.413937267981324	0.233971459363338
-1.28609872141373	1.42713998154277
-1.7331004644463	1.45972599878363
-0.475317925363139	0.31945122743345
-0.110905120216736	0.0445697256579797
-0.73192624650313	0.760011642509133
-0.340247770939656	0.205196912169441
-0.315065833669628	0.146663822557794
-2.00031832250881	1.40209107499096
-0.954654094009376	0.571558690493315
0.151214509672284	0.0796694744417015
0.770451622567152	0.597910664819374
-1.05830887418905	0.841400486908641
0.706338308855037	0.46084580028993
-0.0155649162515809	0.00794474858809376
-1.72824853940855	1.43782605732071
-0.955912973033652	1.0144433986299
-1.84158763853005	1.65742298295793
0.284621694530506	0.194908862514638
-0.561292064083715	0.35580342240556
0.804694516036484	0.340900603373708
-0.197411074965177	0.105807922061932
-0.325881606303988	0.147814781509471
-1.36588008513036	1.1002894422275
-0.158162379918514	0.0912374371937559
-0.94073913165499	0.684762849943241
-0.24493623509108	0.161915018673304
-2.24256713465766	1.85220006467357
-0.679549864592561	0.470035496478436
-1.68358057813164	0.958901958201469
-0.799587402031016	0.347149894622461
1.95338582999428	0.463576578510391
-0.165320765543476	0.0607703071733124
0.385402097434157	0.175234603342564
-0.803889895848818	0.440269797469793
-0.661862725750789	0.391910749747239
0.542938772760363	0.528583486247955
-0.242668927821627	0.161268876213422
1.09729154790156	0.823418129215346
-0.880169644030079	0.962736704333333
-0.558797637327402	0.472763751053866
0.146591550055429	0.0766276366071415
-0.165318948316771	0.11481254685479
-1.65682490773915	1.67127624259593
-1.01864988166721	0.914519583116347
-0.621200208375836	0.302453230845517
-0.937563677368082	0.691980937905661
-0.246739444977566	0.0798763821848673
-1.06322154678157	0.418186234187554
-0.149575970951739	0.0841872564232824
1.09059576649908	0.817846589555025
0.132925190680135	0.0620420178014994
-0.40596020395088	0.326592511728974
-0.243141203751247	0.160687386390453
-0.0682014458478603	0.0437723366003165
1.02545507348958	0.95065760178021
0.637917996024981	0.445182244405897
1.22257589781153	1.18512739725365
-1.35958780164124	1.11783546734035
-0.653754810654364	0.383170517322509
-0.713021488443881	0.641565097234525
-0.413947858919656	0.176554546535984
-0.813488928388804	0.63002227363592
-0.234143634377754	0.150790854375708
0.138803726046495	0.0599820124283639
-0.231719131481464	0.150997165708699
-0.272198436923531	0.165520467483142
0.149735727193089	0.0858538627930456
-1.99286712871487	1.39680920034347
-0.802094051840934	0.530824247055503
-0.206612450027329	0.111247781442664
-0.317854786264034	0.147018882167355
-0.354535993047085	0.251798182920953
-0.418758181706445	0.176299240179779
-0.562542870583466	0.352826832337005
-2.79583623378764	1.90343520170564
-0.475560503310407	0.322703323534477
-0.0390265250659594	0.0184368162236364
0.504580075605894	0.183905699075097
-0.295008188062025	0.188010625829776
-0.618264820258131	0.30054583612192
-3.0378871779926	2.37323326528549
0.777006848312967	0.46514393182494
-0.79272484935615	0.72248872982755
-2.24351183811467	1.86475715874609
-1.99750378848338	1.39358681625462
0.154172648997971	0.0949605803899943
0.146954301005938	0.0766220035320728
-0.690394524502013	0.488334240438597
-1.10555200435079	0.7647811178863
0.424829140010351	0.172125883775507
0.126798659925315	0.048015969405802
-0.996081777695867	0.502538138809046
-0.942619572925424	0.691693968478902
-0.113769972709262	0.0672310161695083
-0.960570566769226	0.597267437733615
-1.17374978854649	0.657659932262566
0.49852511618486	0.312680094935785
0.144353038759108	0.0759077980652934
-1.16774333819245	1.01127844717115
-0.330584595836301	0.273394245545298
-0.159490540697212	0.0581388923908031
-0.165924623645863	0.0607705580031965
-0.706474317445909	0.563100807609713
-0.783769496886357	0.344980723648517
0.135899774697344	0.0461942034826839
0.578766924028222	0.286820153680405
0.125296430785151	0.0426623300035241
-0.257370822674195	0.126457390394152
-0.705521386927194	0.571572082233364
-1.23503160172695	1.44227926650924
0.157483997497561	0.102508581510821
-0.731945701702325	0.703995104407779
0.701031454345776	0.460799969692298
-0.32367101311951	0.292456665805613
-0.56375792496604	0.471725152285516
-0.0881103085751486	0.0543414471655642
0.0501328502595309	0.0324612702757639
-1.16180306616162	0.360626829502971
1.67858713083013	1.88239256768101
-1.48343305670892	1.02987536526623
0.171449169436993	0.122140605789474
-0.415011981386018	0.233101613441133
0.0387244184063828	0.023733734021657
-0.544179116133083	0.548009043814231
-0.494806984090044	0.49292968091518
-1.15646794526805	1.31480111646514
0.282227192054274	0.212026979955565
-0.639654812972132	0.601189615403331
-0.206504480779954	0.160662236969822
-1.36232009303083	1.5470709666793
0.950379783152067	1.15085182075261
-1.47829039712328	1.02880176961415
0.29822763830914	0.211437713406678
0.523164732665745	0.432691107223917
-0.660585106787768	0.652291922530028
-0.417482541708362	0.238868714669652
0.148138152466654	0.0708572572957063
-0.590249277471659	0.437867509118725
0.146538692662053	0.0834802240676331
0.151549497020035	0.0862978815602821
-0.970032346088873	1.03866559516251
-0.687196451440319	0.477258503524686
-0.712404167636601	0.631861604188931
-0.202905691925617	0.10784894802999
-0.164719608084805	0.0599665084250442
-0.661838695036001	0.397311207386307
-1.84264604569047	0.766512726713672
-1.04404001932271	0.423497660928267
-0.624573728182734	0.297884897769727
0.440484506147161	0.317290327412955
1.13520751646421	1.25205360240538
-0.501435416558956	0.266826863259064
-0.936216559006413	0.693611292209205
-1.24819339468548	0.929595577559468
-1.05923194068809	0.852922896507733
-1.47488143913822	1.29907269341722
-0.115640734375144	0.0466039644284396
-0.256010073983446	0.128419460961249
-0.00488309047846113	0.00264891723398488
-0.415730698664533	0.23687514736142
-0.0358629468373929	0.0171661255268059
1.34722189529592	1.21716116022414
0.140433824248888	0.0668307847796127
-0.0411319785389745	0.0190567817948809
-0.472104415379509	0.309825211970766
-0.554233359416781	0.352512153787127
-0.480566466060093	0.320311454486778
-0.452321297854233	0.352937974132129
-1.84684600536814	0.770075855753647
-0.263664603082371	0.130334084230083
-0.0368391494110239	0.0176342075999996
0.00536027966040645	0.00290922641605573
1.30581051293515	0.583204526982758
-0.310868877359392	0.142738320808919
0.00370473392122833	0.00208838472761804
-0.2551009587519	0.127990660517593
-0.170767757520181	0.0614494505611708
0.137033206871248	0.0343903632230145
0.140143013882091	0.0604319904374563
-1.1766837989379	0.670659276413231
0.138124398652496	0.0532597376879852
-0.687572824962223	0.479000509691289
0.397932792480133	0.313297037381806
-0.700565609364484	0.556445782714994
-0.26991629271123	0.205981800637091
-0.32072626019726	0.149686261324011
2.54216547408546	1.42300583603059
-0.626233902879968	0.522619186914356
-0.249738694934524	0.125570873119607
-1.54287595262912	0.564324390459102
0.883533385867291	0.475071223953886
0.140016264913674	0.0668368809160891
-0.161716429078777	0.0921046159255203
-0.151775985551269	0.107993695131207
-0.0693727069009135	0.0439289795740572
0.427103310292404	0.303862929386101
-0.689690984009651	0.490673125527371
-0.897320510803763	0.899251252705399
-0.0938716844402213	0.0585598235820817
-0.0171488036334375	0.00867222702822403
-0.302974518231503	0.223508284877156
-0.204345840669554	0.140217952838546
0.641431038909059	0.206705899790905
-0.283388730945141	0.178950325112777
1.32476987185163	1.36215286384144
-1.06197714471552	0.850794539187588
0.297803959876686	0.192929688727332
0.637216838730331	0.450337062068766
-0.704981481559646	0.573377765071735
-0.413154308655964	0.233130650760485
-0.204323820619057	0.11056913325254
-0.029770428643318	0.0198334077742919
0.435954664450339	0.315592862897523
-0.614922666475239	0.298888890539692
-1.48518894305131	1.04592506301976
-1.05881862649668	0.830923330210385
-0.114744315344893	0.0462153660676551
-1.17167952318256	1.0280681869116
-0.801858966451598	0.618486385808236
-0.315700101180744	0.145381748997531
-1.84954302093362	1.17357235405468
0.385940605101627	0.174945338169834
-0.513279611440614	0.265415789134436
-0.940204229351279	0.692456403712689
-1.27502385190959	1.19731652717455
-0.34696614136429	0.209111878609102
-0.79953700064824	0.442390796118815
-0.0417792612035382	0.0196878103546858
-0.778174790020853	0.339300374122359
-0.20293291341553	0.137458396524674
-0.110516538265453	0.0446169747691459
-1.18146469295444	0.674929912549786
-0.213272934547546	0.112941508339144
0.837847497930867	0.766055662946415
1.88986976132785	1.61089132010813
0.885963236005138	0.480667813853371
-1.04760496726454	0.825845413786718
0.671975897136476	0.587665181717616
0.641431038909059	0.206705899790905
-1.04825804245851	0.430881776490226
-3.47073410037615	1.25961524031716
0.138547275345784	0.0347818496624983
-3.468495517409	1.24545977066643
-0.163197529718782	0.0596830890651502
-0.608103549659397	0.44199021126072
0.97884897171127	1.06086768856416
-1.01625870120784	0.933517534313296
-0.390739408530278	0.30638150756074
-1.74175769201382	1.44239372755726
-0.25806144966013	0.193791087132321
-0.293539936280001	0.186087211842809
-0.126016638198349	0.0758447487737664
-1.18913609529939	0.659975305537025
-0.372732473872603	0.110746709749891
-1.17082035546721	0.354929912711589
1.38656321147327	1.0658536949288
1.26196027719965	0.706774319681036
-1.23896836025363	0.937478998849573
1.43057405250417	1.60950246926775
-0.121808708728484	0.0725663070523701
-0.961069558909276	0.590028671353659
-0.95831284164757	0.580284209112024
0.148786300333939	0.0904276098211746
0.67831686584829	0.58982283876705
0.728391296653617	0.602421669448029
-0.665031142326171	0.696062525020508
-0.406856455872925	0.227578787529015
0.32871402464502	0.182230231586416
-0.211344450574233	0.111988843838628
-0.499055762771502	0.261792136567321
-0.122200665728933	0.0733293110436117
-0.312843600587314	0.233268983797124
0.286049222332347	0.192799693562337
-0.140191691537644	0.0817535564641926
-0.808605958992615	0.440954220846549
-1.05646817271746	0.836797497511858
-1.51370223743142	0.781966032238712
-1.44674029087049	1.52261435333653
-1.00145213766133	0.499773891742936
-0.473748640714672	0.32173453115951
-1.84610423045024	0.772015626597942
0.323810166988372	0.176983288366587
0.149061597266749	0.0790223133701092
-0.200286929073898	0.108950941859229
-1.34208676432872	0.856187588163202
-0.603219166241513	0.443501697145449
-0.285709499985717	0.181282724079267
0.142096078462121	0.0604832879324749
-0.318881040789841	0.147731583473814
0.131142088064851	0.0445435122752936
-1.84190336279857	0.769704627409186
-0.476903433342283	0.322962998365041
-0.165233583297535	0.0943231971385849
-1.26766159380216	1.1697770004488
-0.413947858919656	0.176554546535984
-0.324027593168353	0.146608903510221
-0.985773438322622	0.484596335420391
-1.17907665978956	0.656844913861176
-0.548826775034017	0.211250996003237
0.131021865338521	0.0391721334922174
-0.649961670532414	0.158635340685799
0.139073148904902	0.0266055202308437
-3.09216987140428	0.960869115746174
-1.80190156331263	0.405310176911618
-1.20469961135251	1.24178589495728
0.327509090968951	0.181955904242526
-0.946627916515957	1.09328285495238
-0.292347316104585	0.187554664037762
-1.51418275961162	0.755186520494257
0.135981015144898	0.0650924531455045
-0.319267620729559	0.148097361925747
-1.11009047566766	0.762972356381513
-1.51856301039795	0.758374773565576
-1.30468190572633	0.577037366085534
-1.84116096838096	0.76985134303748
-0.0468037706609132	0.0217103201044265
0.745517701636377	0.831150978140877
0.553428783177685	0.438972237774252
0.0448659115686536	0.028901961526405
-0.323720971263548	0.2668955790998
-0.253741365712133	0.125869024495213
-1.07928015499719	1.14418459442449
-0.0150767776835107	0.00773306757158922
0.635103886179243	0.571961524716535
-1.29451143883044	0.600706476246576
-0.753925861436807	0.267481396825324
0.137033206871248	0.0343903632230145
0.800079574854174	0.341914550374125
0.14676440336715	0.070123635824282
0.846157256672745	0.613156434287601
0.159128966901107	0.0973241664521411
-0.315122002146437	0.261190291399211
-0.902902806129583	0.840012112747037
-0.354902539891572	0.288759831809773
-0.283483423762221	0.178921585116995
-0.36020266801975	0.292086327222899
-0.476903433342283	0.322962998365041
-0.16113383916179	0.0920160520880201
-0.887394028702494	0.906201927200718
0.181627446119602	0.145671269237789
1.51770584560853	1.27448698356964
1.30827635828799	1.53519911949778
-1.20794691797524	1.26129641338651
0.833408426608428	0.75280076841439
-1.62488141764578	1.90226527392584
-0.351998060095736	0.250396571279107
-0.123921149985567	0.0747544436858593
-0.350006317248906	0.211241039985078
0.125296430785151	0.0426623300035241
-0.113476110188365	0.0816879564255553
-0.806403357818911	0.631406881454938
-1.16966141499903	1.00823150219296
-0.963321756354474	0.596324094108542
-0.811674470293285	0.626718203863385
-0.128456680021947	0.076300773107704
0.5366888838141	0.310585242927931
-0.548489063571867	0.46198948516863
-0.0203852831337094	0.010269877702042
-1.05923194068809	0.852922896507733
-0.0662704852710001	0.0292621314354455
0.149784707837375	0.0788760616973827
0.884421100630243	0.474188547953547
-1.85144940112603	1.17039236005497
1.44440258588398	0.896257170029596
-1.05735606109313	0.839675986657986
-0.340067998221487	0.206672428941574
-1.17949056870421	0.671390925126928
-0.157488810990992	0.0900280051730708
-0.550219607285547	0.346437274290163
0.140919584794549	0.0681808602916171
-0.0341952220806935	0.0162741344438405
-0.820564430083502	0.508844132001135
-0.79719812475419	0.593709704553143
-0.750699276625547	0.264252450117151
-0.649677393302236	0.159121336474823
-0.749707900448518	0.266629197702648
0.925979622549504	0.243736825113843
-3.09343711568729	0.972052225554497
-0.252531996707149	0.216079807451454
0.632347006063876	0.441465129903404
1.30254395558294	0.573188775529332
0.409421135688338	0.302207100659669
0.698277912875526	0.452239705611334
0.345062662655804	0.172520989742511
-0.789504634932655	0.344967956791493
-0.151111746471358	0.107057831668851
-1.00386826989151	0.503850423142653
0.13398902342509	0.0516991626437089
-0.759887574032886	0.263448683084222
-0.460016202465937	0.36148814024273
-0.573473320388557	0.52741089423899
0.405704748020752	0.318257291528787
-1.36260581320469	1.70778362524508
-0.238820387818283	0.184947847818503
-0.510930195453533	0.38841739791834
0.4593363296844	0.423760513934367
0.276208153579594	0.208940959449382
-0.482930468026468	0.320659495704577
-1.26950031072749	1.19153176472699
-3.09343711568729	0.972052225554497
0.139861959796527	0.0412618846585003
0.129705851940839	0.0500169138857751
-1.23942907121605	0.941726038374368
-0.300881321853313	0.221979194210882
-0.438210258027986	0.384695101450789
-0.339806213284042	0.205140951255383
-0.719919611999297	0.701861215432995
-0.790823777783613	1.01026358058917
-0.355486578307939	0.251004283133817
-0.194003847100722	0.13040223193968
-0.358921769799694	0.291008402569877
0.778417481366643	0.739413348320925
-0.241228671838864	0.18617770694465
0.940203285681724	0.637077588557656
-0.622636965232551	0.303887002294065
0.551474359324108	0.4316699174092
0.297589752111975	0.189609300585713
0.28581709738149	0.214895383358569
0.00794940313251198	0.00422469646527601
-0.305828668269295	0.227969892247481
0.273230039179244	0.214947307103549
0.00637748937901787	0.00349481563779575
-0.814709947105691	0.706370878557774
-0.409313683755931	0.285646187476576
-0.225648640456145	0.167172474476068
-1.10823199731586	0.765218754986202
0.0690245310157808	0.0486422522772837
-0.47493690969487	0.315648469504961
-0.635592843277794	0.577438514163797
-0.893553653753477	0.906361333061372
-0.657329646067861	0.391331391117381
0.00811878444196128	0.00434893981680219
-0.709657513649014	0.571805770493264
-0.0341952220806935	0.0162741344438405
-0.122130026466317	0.0725433491627025
-0.284336198207403	0.180226889297296
-0.113240152774761	0.0452155314259787
0.0743666318949535	0.0524664660678391
-0.317452968170975	0.143426564281893
0.141109942912127	0.0612078552861342
0.143711023952806	0.076256849257087
-0.961995220670628	0.58574264170187
-0.918831443631165	0.760813539896019
-0.544726922023982	0.212503767866522
1.54992724374578	0.785062078842457
-0.0777437368980286	0.0337734680504586
-0.531710602424568	0.202349744247643
-0.654165411001464	0.159831562379876
0.138618353811657	0.0265211219118666
0.139073148904902	0.0266055202308437
-1.80211551800213	0.40518546889285
0.139073148904902	0.0266055202308437
-0.659388197728216	0.643844165194536
0.845344643639017	0.61089856905812
-0.342445118160823	0.205517696129173
-0.608144393844613	0.493531197306964
0.45731977788409	0.305324887821526
-1.84691965767057	1.16381232299135
-0.595494437647369	0.441640963140741
-0.0206494558256688	0.0139982016431972
-0.324025269582005	0.150892056715909
0.422404303848247	0.170657988200285
-1.16605123679474	0.358241254731586
-0.784052639539007	0.345467191297511
-1.49798763134975	0.75237065794403
-0.112308593694159	0.0453798461062963
-1.41585736406811	2.08937732818329
-0.196055787727464	0.105711631609056
-1.74914453489862	1.93661920895239
2.51745329780022	2.27461002509944
-0.243583636191718	0.205760176525404
-0.0469689869166874	0.0308163909610389
-0.595916090965361	0.59373879007039
0.0931077946452121	0.0707628170444671
0.388983849262914	0.304026183353266
-0.518476130177611	0.392933782178016
-0.0136615102756986	0.00694572705550919
-1.33504567867439	0.832306732663868
-0.367964462335371	0.108363329225903
-0.235755272107288	0.0769664770043794
-0.787701717733618	0.350390774736043
-0.204776310497203	0.110895669695531
0.0292062135314159	0.0166965760202498
0.0106563878759832	0.00575576405603392
0.0479302906749709	0.0290144971433806
-0.172898231306466	0.13733347656475
-0.0333014776684508	0.0158845297659376
-0.0930181356318933	0.0578963669046083
-0.154330702289953	0.0886390410362512
-0.990923866695072	0.971411068823969
0.898326637885418	0.771393782461365
-0.124536762745968	0.0748286002126943
0.00346693074317516	0.0019384816722985
-0.813576104736083	0.624929966988105
0.344534479155067	0.172020194833734
-0.796695413764096	0.518606217045128
-0.128480321038737	0.0762562997574556
-0.660005862831875	0.389779145792201
-0.248307148700357	0.163715447490417
-0.561580163961161	0.358620561025842
-0.413546460700209	0.238077546638669
1.34768780273908	1.21486757209108
0.142804246284486	0.0745267702026926
-1.36446760257704	1.3723315641753
-0.292503639510645	0.184286288383026
-0.165633878223146	0.0608230448483071
-0.105364112633529	0.0648377084495895
-0.241081718801434	0.18599391416803
-0.938101242219821	0.691617689418685
-1.61665221877085	1.24865276285262
-0.799621320331054	0.439730487498041
-0.692704996582213	0.487284846938291
-0.497226522207741	0.26164239040374
0.636737846862016	0.451981423421627
-0.336305556848088	0.200864343088938
-2.35940121940624	2.08996438580454
-0.703737556250892	0.571966290933186
-0.994032892537003	0.502214227197261
0.42513690580992	0.171460939143299
0.944635209515919	0.626133572364668
0.123760595430084	0.046860698517344
0.140639423604562	0.0738719766998089
-0.614021945527329	0.298157648386911
-0.254318981664916	0.126867253997661
-0.116626997771365	0.0694055502985273
-0.661335069301428	0.388376765917115
-0.530599590949017	0.398645340891429
-1.16180306616162	0.360626829502971
0.948302898136461	0.641030590343643
-0.468159453079604	0.310665064156542
-0.588764805801853	0.432886554962188
-0.664033566823694	0.393884666267571
-0.59487986681742	0.442549196406604
-1.50938429049002	0.77657584178638
0.139073148904902	0.0266055202308437
-1.80190156331263	0.405310176911618
-0.590518494028251	0.580808010864263
0.177459855843847	0.141498016418085
0.168565090828384	0.125974194793773
-0.407201794985677	0.285880532961171
0.305200109333228	0.194133453738658
-0.119685652791918	0.0718940842372099
0.539890704009742	0.307041766355041
0.263534846239686	0.234977871366532
0.152420427918033	0.0801066398247883
-0.478717914496696	0.32458801673637
-0.448703396113012	0.388600259025279
-0.121957009109073	0.0718267913775576
-0.0630833837184127	0.0397133587026917
-1.95286447672125	1.89042138064725
-0.207914033682595	0.1408710410952
-0.594117362792116	0.443443580942945
-0.641961817825654	0.588731863105509
-0.256733139939464	0.167022338537773
1.36953945229355	1.96721088801599
0.141093382601774	0.0743072399362887
-0.524322134456286	0.400874650769254
-0.0431324236645856	0.0202604419386822
0.676724806265368	0.585226686971372
0.669362885078376	0.312953224659921
-2.30657681162548	1.2006943086453
-0.120108809684497	0.0723080459608698
0.302803524354903	0.195018948137541
-0.810062146145161	0.538669710587199
0.031927224784033	0.0196585728223038
-0.0171488036334375	0.00867222702822403
0.323168149024857	0.173946232216869
-1.07920052660697	1.1287120568481
-1.50452594391491	0.783000045076724
0.328247658246033	0.181431753776167
0.308069748381292	0.183949644252727
0.676543796411754	0.318693570596001
0.0551045058495542	0.0356686656488445
-0.497788881102046	0.259647157747093
-0.800000173800191	0.690640714946056
0.143574111596191	0.0689524196441958
-1.05550408833657	0.843836568549763
0.444703744390706	0.318843824819838
-0.300821502327719	0.222529228239993
0.458774369889904	0.311032594628062
0.538026658429015	0.309901769218196
-0.202805870429055	0.107440348605741
-0.255607106253301	0.128127772020219
-1.85050532305714	1.16116068105221
-0.558809704475829	0.355402559286592
-0.624207149346083	0.297631433215777
0.140492988423368	0.0669089804116218
-0.255638066826491	0.128800976092292
-0.936429460426329	0.681175504897518
-1.18307158511601	0.662002211604329
-0.411875745781014	0.17307626466685
-1.84479967249302	1.15813601517607
0.32699658863425	0.179174814788945
-0.409999564863662	0.233418512117818
-0.0399374326514219	0.0189080700604235
0.141494037948258	0.0610489676051575
-0.0156997766838893	0.00790111137578433
0.5052829367669	0.182279638609026
-1.10914067873291	0.764328706967802
0.639433294916704	0.204223062388441
0.139576085242422	0.0352987079074651
1.23602081242935	0.847269356482426
1.30836647972328	0.576929789658821
0.891403138850952	0.478113786028942
0.135253837646586	0.0458607246619363
0.136917599440364	0.0590641259625537
-0.662339606923988	0.391371871977808
-0.40766305353623	0.170977622483772
-0.803466114035188	0.442052806268878
-0.957406451324274	0.589361910206261
-1.10195170047946	0.752342393016639
-0.404055102718481	0.170994422576
-1.69680705543498	0.96336397627646
-0.370960450535942	0.108999469994633
-0.0714053929429766	0.0316260463508322
-0.790691854932188	0.423854339577187
-2.58945281070023	0.683631203527574
-1.80211551800213	0.40518546889285
-0.942263360553846	1.1533273912047
-0.427485481748766	0.511423015344769
-0.280632947981109	0.234713583913091
-0.898081398591715	1.19232504274077
-0.403505798364306	0.282788026151173
1.68985822733531	2.26544279840291
0.502439923619139	0.425842143808171
-0.170915049461553	0.119198710130908
-0.499133280158859	0.262301976278864
-0.2381026692926	0.156264653236142
-0.888833473379755	0.900758645496348
-0.301661880546723	0.271919251733394
-1.16212668030011	1.00084924085503
0.149642667757367	0.0846908911881958
-1.34479421558501	0.843390866668062
-0.103872146961649	0.0413169187036225
-0.19698544075993	0.106463602627733
0.594197310940868	0.451169781612168
-1.36981205555589	1.58828936905348
-0.917935739877814	0.770026215997138
-0.708703131146291	0.566651624645501
-1.42938619059194	1.96525226122884
-0.229334789775228	0.174246846074713
0.78267471469206	0.848253807785538
0.104615227492476	0.0824161373358907
-0.395303935879519	0.316698922010258
0.497131521417194	0.313012570368194
-1.04283041589723	1.19727331989394
0.431431139364199	0.30708210145731
-0.592052286473663	0.435312118229837
-0.702411146273689	0.566446181404869
1.04285524568282	1.1005382027397
-0.541486546335587	0.211448846736342
-0.804253729386705	0.444943656287596
-0.627909602853766	0.301785951383737
-0.412255311933529	0.232401967530959
-0.781575757374397	0.348492799953545
0.492707106325129	0.307337216949049
-0.614021945527329	0.298157648386911
-0.23997851337229	0.0797141941925215
-0.326220747838755	0.148761702948108
-0.618264820258131	0.30054583612192
-0.248892050855984	0.125306899342208
-0.193912222340379	0.104161064206586
0.134073230654708	0.0460155036809627
-0.196055787727464	0.105711631609056
-0.995166092636062	0.501278859422338
-0.513353076970432	0.265278569169502
0.134745422080958	0.0517852696558337
-0.675684637779731	0.385653145620529
0.430046428695224	0.171841595701101
-0.617363775826488	0.298920776015589
-0.783374956639305	0.347414269641431
-0.785574924986156	0.351164797524706
-0.995315644678691	0.496223489580549
0.132517398019614	0.0400248322660559
0.536642759859406	0.305099547136291
-1.34210494373551	0.846227641123072
-0.507825127078242	0.267152745830042
-0.369739934267753	0.108830229788068
-1.05384695295636	0.432037760899314
1.30518619842784	0.557038724861719
1.42719460355007	0.477448564652232
1.55083342835739	0.786182588324621
-0.410621189458202	0.173788439973993
0.142259221173437	0.068191901792886
1.55531404572028	0.777447335571876
-0.800133349206143	0.439447391459831
1.01300952249959	0.38025263704018
0.697433670248115	0.447675668086598
-0.410395358220692	0.174479031259067
-0.747972485615798	0.261954605937602
0.504580075605894	0.183905699075097
-0.622463529417997	0.303470935584768
0.592288401482045	0.308946122033183
-3.35651375118503	3.31432091434711
1.25891565270892	0.686355111011691
-0.96570018322773	0.598243527580802
-0.0366123262153477	0.0245661868258229
-1.30316143934076	0.590441810575278
-1.55012686931571	2.24580807756885
-0.370587664685352	0.298079026198797
-0.614948139750677	0.658100111243349
-0.0289429851087306	0.0193658627115166
-0.933023370264335	1.14651528860669
0.623763925899136	0.65814986801032
0.595514144490648	0.445674199437138
0.0757097785125379	0.0533843024486846
-0.508509606605626	0.37811677322694
-0.721694598531169	0.703409679107006
-0.416194198184429	0.236849537347591
-1.35797596147941	1.12937813238155
-0.807111544708804	0.435389732175168
-0.819564261116237	0.699855227054693
-1.66403888230125	1.70122776477292
-0.563204048062257	0.354633338590114
-0.0416351246885733	0.0196711597414427
-0.197411074965177	0.105807922061932
-0.244851477576468	0.121883871900781
-0.116179027186003	0.0466633349984021
-0.509145885817594	0.267050252611147
0.517092799896618	0.421031376788469
-0.163211346126354	0.093890358072502
0.599895255727895	0.451940502401933
-0.516510230253325	0.392059975418159
0.259622602044053	0.214728250286495
-0.203088879397456	0.13763490323115
-0.594542768263687	0.442880109838514
2.51963406530622	2.33588193513959
2.11085185064066	1.48252179433793
0.588346025440284	0.441977711039693
0.404731660980192	0.298167204376102
-1.17247624706892	1.02266707687969
-0.412705361073467	0.233327700899854
-0.622100361432571	0.304102017504355
-0.813234626010238	0.436419806529817
-1.05805813359704	0.428511662134487
-1.04800222855483	0.424355857201703
-1.04965581966949	0.429420534826054
-1.16105011316119	0.35650557951397
-0.614192216995863	0.292810201156293
-0.169912448780061	0.0622831802819851
-3.04625514896219	2.42829842150231
-1.23468118543019	0.895539166838375
-0.536971026312272	0.206442482022834
-1.8465098402729	1.14411135845055
-0.242787580726994	0.0800171629256298
-1.47829039712328	1.02880176961415
-0.321710728324895	0.14918697945706
-0.0699086896537586	0.0305288187848021
0.509725648789814	0.185898565895246
-0.110007844204714	0.0440408779485704
-0.240229628086566	0.0794522230625189
-1.00295560062857	0.502608741125093
-1.61567210324826	1.24167468982008
1.25916158413349	0.699092982118865
0.132754372873048	0.0334623448971025
0.795916309961363	0.338880381128544
1.79971117079625	0.713547256095307
-0.164403605220993	0.0602516836701797
-1.84580362853425	1.68399494468656
-0.750453159564684	0.266070645067511
-1.29645256159416	0.603706616563397
0.430994181149932	0.173808003780719
-0.539919082620629	0.210635134915098
0.13806085974017	0.0349020150681185
1.0166972253032	0.3880595427182
-2.30757910102336	1.17510992361847
-3.77564721306582	1.51112963199459
1.55751721634342	0.783229267431462
0.12685424655362	0.0433860144624846
-0.364953231343634	0.105781956689199
-0.408525359595675	0.173562292508035
1.22981378817005	1.02876830545659
0.707596776831696	0.459633201753526
-0.158238920425608	0.0912583028589548
-0.0674163877037475	0.0421516645020826
-0.637782100680011	0.577351032647727
-0.808113030454612	0.614222047931803
-0.661435247446343	0.390341614688532
-0.206227208776289	0.110607192634003
0.158606934937254	0.0968556394026157
-1.56191608633839	1.4620660741656
-0.243675766303324	0.15842590134152
-0.0129954795640153	0.00655985784424707
-1.17281311777399	1.01374787659602
-0.968178204783516	1.04882625262484
-0.81098758321385	0.537930638247881
-0.250290591558895	0.125142990265837
0.00439503161214717	0.00241669493179621
-1.00018781155735	0.499003206942135
-0.649319222104321	0.16021039083734
-0.609614074622771	0.291181897326504
-1.36349361484845	1.33906633788497
0.319922716871444	0.175075063746926
-0.796312200500569	0.438095067607232
-0.116537187371047	0.0468346895783988
-4.58284653203157	2.53520508760112
-0.889852695975154	0.901374655227375
0.429766751158368	0.51262538544824
-0.137885046840141	0.112276227151206
-0.20055062385793	0.174157801067159
0.137556978054592	0.0531923652243862
0.704560427779259	0.457558714951483
0.133806777422593	0.0455041881577386
-2.30086672955682	1.18946474759371
-0.994947520595846	0.503479993249042
-1.29709987590598	0.600946539898942
1.55173884031121	0.784928292248589
-1.18039390591179	0.67303569900004
-0.16950824203859	0.0614190007857037
-3.770040500817	1.52983951262272
-0.548186367545951	0.209463500533052
-0.778174790020853	0.339300374122359
-1.48515965947476	1.02593869485755
-0.165586432304184	0.0606717374796943
-0.542135647454679	0.210886784915037
-0.365723734816446	0.10590898963095
-0.409141468225571	0.173303271776386
-2.10027756309985	0.956982535613814
-1.50420155227119	0.771926412902557
-0.786764539010616	0.351688453432406
-0.164988899854355	0.0605952762512714
-0.164391503372933	0.0602873263827687
-0.369739934267753	0.108830229788068
0.130035094056272	0.0385507204395608
-0.786814659612519	0.347891567657544
-3.09280325935961	0.972693856185307
-1.54186427014847	0.562391050588268
-1.80211551800213	0.40518546889285
-0.754670103122347	0.267616103379387
0.130491514010977	0.0447267681525709
-1.2990374775149	0.597727194622694
0.794102533765613	0.333577676692799
0.141628868364635	0.0268733845859336
-1.80190156331263	0.405310176911618
1.43108326772595	0.478167346987275
0.509481778177034	0.184030577940883
1.43287798690679	0.475136223572177
-0.409307997970314	0.172071232566052
0.639329222636839	0.203514926064791
-0.747972485615798	0.261954605937602
-0.0686739573077921	0.0300940259028798
-0.241592110808894	0.0796343626485334
-0.342326322388185	0.206937150936505
-0.197462290179935	0.106521550943884
-0.309750556919108	0.231687202009044
-0.789563075453597	0.353585018166519
-0.154486553048594	0.0875819534535282
-0.410052768598911	0.174313469131536
-0.24838532814763	0.0814701316571013
0.139119911680243	0.066300203204063
-0.153477391751763	0.0870167779715325
-2.4930788172974	1.40452340566449
-0.094099724667118	0.058706159377126
-0.851761781241287	1.0388946352857
-0.671063640610142	1.00838032452362
0.139073148904902	0.0266055202308437
-0.650318276706871	0.160755761640221
0.130755305563244	0.0449465396920763
-0.747228166702206	0.259099254454139
-0.12947735442679	0.0775554446981176
0.0227994385416292	0.02359245391347
-0.554655121056047	0.771577887165578
-0.0310870947963089	0.0241605287493124
-3.47148123429515	1.24344411644129
-0.371963944093828	0.110621992809151
0.142425808142815	0.0356096114179749
-3.46998743660351	1.26411646563651
-2.58468514934926	0.681926813759725
-2.58557826662177	0.681302812577655
-1.84364570734871	0.769128563045154
0.137716344096337	0.0264356853006178
0.640432049403559	0.206671110179374
-1.30410907664163	0.599798999320701
0.137716344096337	0.0264356853006178
-2.58513149511835	0.689509113042442
-0.653515136282054	0.159727161117317
-1.54970392395302	0.554224922030208
1.01595055020248	0.392095167936931
0.925335174824177	0.243267565805426
-0.749707900448518	0.266629197702648
0.137716344096337	0.0264356853006178
2.7462498006239	0.778261278020301
-0.645977108318167	0.157387277340251
-0.647268870262709	0.157438045305518
-0.414514623299934	0.176183685547673
-1.16180306616162	0.360626829502971
-0.754170547749538	0.262592018732108
1.95338582999428	0.463576578510391
-3.09280325935961	0.972693856185307
1.01155779435024	0.385777953603479
2.7489176254429	0.781882431670721
3.62062366405083	1.43326252584705
0.139073148904902	0.0266055202308437
1.7959287507101	0.710356981550796
-0.368970569520409	0.108704530129129
1.55414783644723	0.79255832938947
0.000284990383721251	0.000254274082389433
-0.368016314058116	0.332103940863999
-0.0642403475459332	0.0486077310165643
-0.657821940033492	0.38929350727272
-0.910099699724877	0.825148737103378
-0.463637648198093	0.428681491476213
-0.126756746245651	0.0757758073934488
-0.598225457070812	0.439711182781783
-0.254989670815177	0.217694985334368
-0.401319021891536	0.323948524034412
-0.458210377127856	0.470168904286828
-0.262008042788043	0.277350480571515
-0.241291646117652	0.160043528287288
0.752247397077269	0.921780006920631
-0.522648839537098	0.842031954991398
0.0629947311675763	0.0603513225844508
-0.0675506908521819	0.0514919786226544
0.324315672221405	0.180531823458249
-0.245141409663293	0.0807658318475998
-0.162138666031309	0.0587364941671403
-2.4835683574276	1.39350270597439
-0.244190797351914	0.0812410173227275
-0.172347154385416	0.0619777504572516
-0.373283661399062	0.108870255273452
0.630992486423031	0.197870230330752
0.503173696642426	0.181140364188836
0.930671315320304	0.244899140334393
-0.747307028589907	0.257070168685129
-1.54211096447874	0.565956548030536
-0.23997851337229	0.0797141941925215
0.132318328682527	0.0452503254788254
-0.649961670532414	0.158635340685799
-0.541486546335587	0.211448846736342
1.01080793058073	0.389781480211188
1.0157137322373	0.387976380499905
-0.754670103122347	0.267616103379387
-4.01815633861707	1.78248781708792
0.642430262122492	0.204551977387731
0.505514712818863	0.182262620756373
-1.16577583586829	0.360083099240396
1.31233879202761	0.574741911330394
-0.4085736940504	0.173333927319526
-1.00295560062857	0.502608741125093
0.644424999818512	0.207579266186308
-1.84291159446024	0.765454099382025
-0.649677393302236	0.159121336474823
0.135931183146639	0.0408601823442341
-0.647268870262709	0.157438045305518
0.13806085974017	0.0349020150681185
-0.405186522637126	0.172289835749246
-3.47073410037615	1.25961524031716
1.79770278509994	0.709688375349796
-0.374056649896452	0.10984667872003
-0.110722956319377	0.0445628979454948
0.368288198466623	0.310075011776922
0.45379576620889	0.428008480093103
0.16514995596755	0.10750739655357
-0.254797584551342	0.126398995049909
-0.253348796040993	0.128245736364389
-0.690632196918857	0.491991810479267
-0.203675368293658	0.157159888374576
-0.612142944670493	0.644891186671447
0.482680721464473	0.517878962930072
-0.12409214010383	0.100321161319583
-0.61738016768809	0.512357904056381
0.159520776340581	0.108925923031265
-0.695356988453671	0.547679747122286
-0.496307476548597	0.262486495010103
-1.0215230398614	0.936355293927279
-1.36468139826143	1.78644372909486
-1.09101643337623	1.3782007865432
-1.33745389592616	0.842914220777118
-2.08912348607224	0.975673467838876
0.280333856379697	0.188391838816206
-1.57270263267221	1.52553659712411
-0.422308988385653	0.174823368379277
-1.17528733141472	0.655365910905951
-1.2322852496913	0.921077645652653
-1.30252298412335	0.584918059657473
-0.616826181103668	0.298743422605975
-0.958767209624763	0.585983204177203
-0.534555745943029	0.203178656647612
-0.281850314672783	0.178041535202752
-0.505501557960806	0.267016480955288
-0.162526080251416	0.0595363498862368
-0.10893038837639	0.0436505557969368
-0.118586866959407	0.0472095058084317
-0.165318734214513	0.0606610603776833
-1.29488169961464	0.594880590529618
-1.04499426449967	0.424194737412645
1.7656012441912	0.997024105307212
1.26271383350555	0.67070001774235
0.137399928986305	0.0462783386797431
0.505524711177284	0.184537045848412
-0.245141409663293	0.0807658318475998
-1.16227469880569	0.355295007054579
-0.753681227368969	0.263682884208275
-1.0496286246901	0.424665511117971
-0.536971026312272	0.206442482022834
-0.10792713458243	0.0435843718382022
0.1246656346414	0.0471633547937466
1.79570418994076	0.710490111832351
1.0127751373005	0.389769011989825
1.3870791403165	1.02984578011898
0.803135501392666	0.340827226534189
-0.241840209542203	0.080476940077082
-0.66905350966668	0.397682311557487
0.427912885754657	0.174104059517884
-0.19631413536722	0.106338086775576
-0.352533450902259	0.212381644244006
0.423715812602971	0.169993591072405
-0.755659764208684	0.265241875072543
-0.929633290681705	1.41008710456128
-0.209953237078984	0.182626756407996
-0.238496227046408	0.157195221535988
-0.802052058225967	0.809068802140066
0.0832199899812117	0.0585543513387726
-0.612590735027513	0.761513156313633
-0.672583101262275	0.756040174496868
-0.540153456935038	0.452181076847204
-0.493074330529119	0.257174100148108
-1.04893390575969	0.425501531364033
-0.957406451324274	0.589361910206261
0.130105167826918	0.0446113493171228
-0.16259467506784	0.0589482998855239
-0.786314305341608	0.339609446964617
-0.799109388468008	0.439121893922092
-0.209933042435858	0.112640140830652
-0.420244433888566	0.235363712673814
-1.16912904268943	0.643819391700278
-0.014851982584955	0.00747245783089882
0.539886805583821	0.307749179558609
1.04549965510898	0.505280523801214
0.886311882815399	0.481039165319114
-0.934340111242393	0.690376917059924
-1.16076621190063	0.359385238156804
-0.40056418159669	0.278542339795558
-1.68662228543236	0.958959869994096
-0.994380561850817	0.502156564887953
-0.801558349660879	0.529359583580914
-1.05384695295636	0.432037760899314
-1.48756713738753	1.04180416017858
-1.30152218159531	0.600761901527298
0.675641318219284	0.318864643581878
-0.0403242260029834	0.0193820428990159
-1.18200022878108	0.673361826305568
-0.370960450535942	0.108999469994633
-0.244877911552236	0.0806088752113352
-0.194390186980166	0.103996419070727
0.592288401482045	0.308946122033183
-0.239029385343018	0.0787747954854874
0.133606661613399	0.0514748615616714
-0.748218261379527	0.262913312316052
-0.61862729111801	0.300331195278872
0.674166923307429	0.316819629814144
0.63611382542294	0.202940731306447
-1.84190336279857	0.769704627409186
1.26163296008449	0.706604794605791
0.131021865338521	0.0391721334922174
-0.00948358116388339	0.00488566568833882
-0.242540504674911	0.0808346916156265
0.288048951276698	0.195740465836798
-0.981954451815102	1.3162668789595
0.15147187475542	0.0797436610699984
-0.801632151195417	0.529211210203055
-0.565367774275559	0.609030127486446
-0.556327798749426	0.471881920835259
-0.617542643663449	0.498756260449039
-0.12773493638653	0.0763346216393272
-0.20838351141631	0.142062475028198
-0.656806548286233	0.385818172180513
-1.07217849038357	1.14292919442021
-0.415730698664533	0.23687514736142
0.140865673211771	0.0679797365137437
-0.248892050855984	0.125306899342208
0.291597875048508	0.198889542167892
-0.753925861436807	0.267481396825324
-1.23620114233224	0.916576098669648
-0.559003999505193	0.356525154507018
-1.238505877496	0.935932825045958
-0.794939113482338	0.429728520904628
-0.404221098798849	0.224744017125331
-0.248838967447544	0.125455474027234
-0.159106662011948	0.0918805838613567
-0.317502469368031	0.146457600208235
1.04640926047309	0.506151918367621
0.892133818601366	0.484433399452001
0.595576677833049	0.313354150327011
-0.413604298476349	0.175168450925995
-1.11742225889829	1.07967590052674
-0.323512747184136	0.150877869497942
-0.0713005942820075	0.0312338756870738
-0.805675963682286	0.528316043469713
-0.114744315344893	0.0462153660676551
1.37942469390408	1.04810700263471
0.349122711988175	0.174637715170198
0.133264717489137	0.0398651258030508
0.383078213827389	0.173623050496421
1.22860102078942	1.02132438046553
-0.630848014042249	0.298943919306277
1.38304207587645	1.05188273551774
2.10908162992639	1.45910304245652
-1.29645256159416	0.603706616563397
-0.585429792393393	0.426843810058909
0.127239208880002	0.0433350040918735
-0.473049463926459	0.312719615938546
-0.165633878223146	0.0608230448483071
0.129840797352239	0.0445844341304171
0.137716344096337	0.0264356853006178
0.132755613913402	0.0400087413766842
-0.749707900448518	0.266629197702648
-0.750699276625547	0.264252450117151
-0.346142758597445	0.248411678655292
-0.318754118103612	0.147581027801005
-0.669896736415749	0.394544808966292
-3.46924124245495	1.26110671680306
-1.30568428835056	0.594709541068131
0.0531983020777124	0.0345882039547366
-0.487716706420242	0.410901576545163
-0.523654746652025	0.394578904311259
-0.232230230151525	0.179893649447256
-0.888691331486083	0.899852884028366
0.302762252561405	0.195227182724393
-0.268784337620452	0.203741510050031
-0.200238178868215	0.137068372455817
-0.644214102539151	0.590637754136851
-0.643740815546197	0.586406911326046
-0.99282586577835	0.99197290992402
-0.891775247463328	0.906324646452427
-0.126042297810093	0.0743375886664928
0.0625077119581423	0.0415579958309254
0.00846149128251046	0.00453091030609801
0.641091615314066	0.456858439926139
-0.2028844414527	0.108231671139005
-0.339806213284042	0.205140951255383
0.140165832766063	0.0737833922649689
-0.263238961298237	0.198188808561965
0.00232799262905385	0.00136630248243418
-0.800259412280605	0.528332423798011
-0.550712158121869	0.45297758180713
-0.792613116459862	0.428202732912767
-0.926178310764728	0.776502634035254
-0.61808879362596	0.299474621204173
-0.206757318630181	0.141845898135227
0.0245127337697984	0.014103508736673
0.31760035396076	0.19097570167331
-0.244190797351914	0.0812410173227275
-0.0363745317892813	0.0174096450138375
1.75454214631182	1.34089015665853
0.16578724035964	0.10120252177904
0.0341452074062158	0.0194819390427588
1.61296145903304	1.12969623516501
-0.509714036499998	0.266842200117566
1.76348568214448	0.992570415211608
1.09061617937864	0.802874238242732
-0.93594414488623	0.678468274271773
0.673835940333249	0.316446429142655
0.330995025660395	0.18302889555091
1.30557418676413	0.574374892461532
0.128532989649213	0.0387330108702786
-0.654165411001464	0.159831562379876
0.138618353811657	0.0265211219118666
1.80093935898315	0.704324948653496
0.138818714405564	0.0354421828043769
-0.501358897920174	0.26711981886241
-0.257442795523042	0.129966494711828
-0.795408386193676	0.43712225197589
1.79692786302671	0.707950117880233
-0.313654489189248	0.145277048318243
-4.22747935038727	2.0278639818236
-0.964792188705173	0.598795656697518
-0.40948446286418	0.174346422488273
-0.296389285197612	0.188794396332251
0.172711197365096	0.118463605278066
-0.137947759246008	0.0978682100993882
-0.403024382891503	0.324679012937072
-0.592636784902068	0.44024199440867
0.0663083944204012	0.0448429468049425
-0.476903433342283	0.322962998365041
-1.0078656452805	0.887390741821106
0.0597516163539271	0.0387652621998629
-0.553918481156802	0.466385407033474
0.285355013941525	0.205704183209107
-0.170047807707637	0.134473678697595
0.0679123737811148	0.0461704666791495
-0.657254609406981	0.642374801976057
0.0129806991311686	0.00692363142463225
-0.39555781758096	0.314912338305423
-0.210452235529878	0.14320795438933
0.275881658447593	0.228514982319293
-0.700145318262966	0.558940084243664
-0.2335813619049	0.181219711508612
-0.101754264352968	0.0755333050283544
-0.80385807280247	0.620619296278498
0.704033521810425	0.450787993082422
-0.563059775783732	0.356994856580289
-1.07066611489733	1.14655364304151
0.782073445770848	0.743888842543596
0.822647696485049	0.974332281736027
-1.17327425288882	1.01987125150491
-0.121378913799036	0.0728436369478742
-0.12773493638653	0.0763346216393272
0.0762541869904578	0.0538060203765261
-0.936255529801778	0.679765756025928
-0.963811800803885	0.598510282864319
-1.35658717610856	1.1200177451905
0.144164268993008	0.0767049768470646
-0.0309125514379499	0.020745731348784
-0.417849772393253	0.176170613518616
-0.497781002255244	0.262270337885509
-0.806221928641767	0.615919288986118
0.889625151573108	0.477002711669975
1.85941926167365	1.9986762929721
0.0468141792061321	0.0286343572561619
0.153546040147509	0.0878536910101596
-0.413633673138359	0.233335213692262
0.490539166270532	0.304780488694151
-0.352187221301642	0.251082997162129
-0.339885501098511	0.202858100863848
-0.0447950392437661	0.0212992694803311
0.380476317645129	0.172420275283168
-1.80190156331263	0.405310176911618
-1.16076621190063	0.359385238156804
0.139073148904902	0.0266055202308437
-2.58513149511835	0.689509113042442
-0.661811999588668	0.39008366594175
0.121869892064161	0.0414119067952811
0.164697274852448	0.112816269596603
0.159667304530211	0.0974936835352284
-0.244428546932055	0.0805963435476292
-0.377823620534237	0.111128034755999
-0.649319222104321	0.16021039083734
-0.541486546335587	0.211448846736342
-0.111948545433597	0.0451527705317401
-0.200786940832863	0.106068474367957
-1.14627946075808	1.27861997270079
-0.264569058126173	0.198969437970623
-0.610944681172101	0.594291217884751
-0.0699830851638515	0.0445262327816007
-0.413247043622138	0.29029532555127
0.0197565480604525	0.0141773336805076
0.658411503198229	0.68298400606437
-0.474629247032188	0.444986957468319
-0.196509451515711	0.167908815005317
-0.423990936190714	0.39904934846235
-0.357000934637241	0.253947680246659
-0.536970201703979	0.531101953811399
-0.0649135330984039	0.0494196611019336
0.172191116956782	0.127761374006586
-0.33825110781316	0.203466108458615
-0.574599976250179	0.524310120948646
1.22204690622286	1.02028551483627
-1.26955384398957	1.20878042274172
0.145070301237065	0.0676876644307168
-0.0658874379999187	0.028746966011218
-0.490988917002594	0.41640179062406
0.257929516707558	0.220379378320244
0.785274413559976	0.468664817598977
-0.50549764861478	0.267736143162943
-1.10104369098952	0.75076852716713
0.308075742876518	0.184084340194486
-0.0923575051468941	0.0570409297099471
2.39171815444767	1.96795291428584
0.494427335418765	0.423751852234318
-0.0250405007747108	0.0168424342868556
-0.251592405819543	0.163599009745546
-0.622200060690231	0.514766326704694
0.14783622422831	0.0898156685763775
-2.13098475151942	2.35291998320943
-0.203281175465447	0.108216099693414
0.133835802300743	0.0501501139841424
-0.24452334447481	0.162471161338082
0.709897680782119	0.453364014146338
-0.338691126496216	0.204487101161368
0.827220475018937	0.747873274878107
-0.966965450505612	0.591545964550502
-0.421408315660475	0.238014421658509
0.491411630654776	0.306447416252711
1.22100849708805	1.00110391290836
0.129299133104508	0.0442965545546769
0.428546445038403	0.305365762547844
0.601536746723829	0.313391979113613
-0.504521531441463	0.265108350075263
0.926329332609966	0.245803896301602
0.139073148904902	0.0266055202308437
-1.80211551800213	0.40518546889285
0.138169594891086	0.0265198668009027
0.141168720466643	0.026788068800843
-1.80583314024352	0.404036831265938
0.139073148904902	0.0266055202308437
-1.80190156331263	0.405310176911618
-1.16501672782279	0.357025208830094
-0.617363775826488	0.298920776015589
-0.52244120171073	0.39833335544617
0.309244243230014	0.185896886550545
-0.9605784840518	0.58875862086234
-0.243489732986148	0.0812398100864258
0.142408810066052	0.0542361673425508
0.137814005400464	0.0593406366863852
0.5071360209819	0.183347399230339
-0.405186522637126	0.172289835749246
-0.245226032689275	0.121996864930875
-0.563995914625247	0.357449208193176
-0.205488252681468	0.137865849034749
0.290936050117167	0.185807350356992
-1.52586523210639	1.67803170932967
-0.445477646149075	0.389318157716824
-0.201128135096892	0.106560796755071
0.0346491263135619	0.0198940907009013
-0.602138286225169	0.596746529723117
-0.453495180336967	0.357944103165098
-0.092498188891456	0.0575499128599176
-0.439515998706437	0.387972753047923
-0.197437351636756	0.106683043412655
0.279383849475626	0.212048861276578
-0.712605964828364	0.623182437024088
-0.717558588362636	0.644952065940274
-0.553549609358681	0.35303215398552
-0.355731389236962	0.259012953011135
-0.051207442112969	0.0332130254844916
-0.0399164800728291	0.0188568947225767
-0.244048280265229	0.161804717049349
-0.465717817645592	0.308428900776554
-0.583311925432269	0.417719596199208
0.0892623479711135	0.065091452150295
0.349118897395543	0.172776172755123
-0.562718063559014	0.358378766264259
1.52290120721253	1.28784655320414
-0.0704461953786225	0.0306954809928293
0.564602208960402	0.451098752073561
0.154834004599128	0.0989058162868798
0.133606661613399	0.0514748615616714
0.397044903668423	0.316429470782074
0.161578599005427	0.104557771434786
-0.161658380642322	0.0906614802157683
0.167239611200616	0.131402798561075
0.142309075936788	0.075227669029799
-0.0677477629291705	0.0298663302575942
-0.129901729296379	0.0778706407261895
-1.56560373912322	1.5212404633822
-0.0667901747892926	0.0293811587774257
-0.0402122593283809	0.0187682293521462
-0.498272380332561	0.260977180672643
-0.542320410382213	0.209636374638603
-2.45873863097715	2.29885683739841
-1.29119028559759	0.591258882108285
-0.0328212904696444	0.0156471613076358
0.0412283202317091	0.0251657370241295
-0.491595322717369	0.421449759708081
0.717655609520887	0.59041721918651
0.31544893481628	0.188976646995359
-1.50657619550554	0.772398454134968
-0.261942468563362	0.130777353629485
0.138618353811657	0.0265211219118666
1.95584693887656	0.462330835133922
-0.746534217740653	0.262483449927324
-1.80190156331263	0.405310176911618
-1.16076621190063	0.359385238156804
-0.806032082605036	0.530889225055248
-0.493976964259039	0.255504083829322
0.130043824513067	0.0498363911511276
-1.05713418291948	0.855142159331282
0.433128399509895	0.1763668859627
2.10930328571654	1.46792258925087
-0.752937485397278	0.263546788628664
-1.51217973940434	0.766407770813137
-1.99378762017681	1.39248958995488
1.01254068844739	0.386785712184281
-0.0377160268494121	0.017919455474629
-0.342114031582101	0.206800931053682
0.563985276077009	0.447491929140832
-0.594542768263687	0.442880109838514
-0.228343895396413	0.175516681484583
-0.939791642194938	0.688139443587947
-1.30568428835056	0.594709541068131
-0.47045334077627	0.313003219899561
-0.130258217433427	0.0778494684670039
0.692135731307384	0.446705188522313
-0.346990836157719	0.206827399749505
-0.195714329327232	0.132358365422825
-0.414202066507384	0.289816834164534
-0.0914067392084008	0.0564940630967633
-0.495816504042853	0.26148372732092
0.0389818270995729	0.0240976808672308
-0.566568662999987	0.512574261049368
-0.495393981903857	0.429067389348608
0.844606657695883	0.619463476432057
-0.81062828269477	0.702338552114231
-0.323166305936132	0.148671286282337
0.51179867747542	0.432383068085502
-0.9399394458252	0.69421324089204
0.155789301768773	0.0881087377052695
-0.0438824471030482	0.0208593278452249
-1.054453067408	0.852024280234939
-1.69051418899385	0.967632725684681
-1.04543229277773	0.422106982156882
-0.0542655877926036	0.0247376148210583
-0.490603443953089	0.423050740646824
0.650345190067018	0.453962238447136
-0.199190679989072	0.13454311368461
-0.969413042707619	0.592315377790205
1.32590313515701	1.397038341567
-0.111223409815064	0.0644788928798251
0.284917637864828	0.193721430356198
-0.20338821765451	0.139375461338831
-0.541654199471087	0.450918728997647
-0.00100829756144841	0.000377381440892221
-1.36446760257704	1.3723315641753
-0.344890017102601	0.210710529122005
-1.18599588375825	0.657447009612356
-1.46752852275302	1.31002168571144
-0.200119789684119	0.107294932390032
0.132178724057892	0.0510702765080139
0.136410468281151	0.0654789499443106
-0.25288373877213	0.126604571381064
-0.202667950664819	0.109177542240304
-0.168033022340943	0.0606038966175957
0.153075622260101	0.0803331961911584
0.327024180398993	0.179569696647932
-0.117154357397103	0.0694398598842318
0.59258909416213	0.310502396053611
0.138818714405564	0.0354421828043769
-0.416634741088855	0.237051646764641
1.79492986711335	0.708745443595502
0.926329332609966	0.245803896301602
-2.58513149511835	0.689509113042442
0.138618353811657	0.0265211219118666
-3.09343711568729	0.972052225554497
-1.80190156331263	0.405310176911618
-1.80190156331263	0.405310176911618
-1.80190156331263	0.405310176911618
-1.85235672744169	1.19229071989772
-0.0860324034116048	0.0363240910515999
-0.238331644347611	0.0787660677791559
0.138463062972107	0.0534009200476952
0.77799670057191	0.461263490178034
-0.536598984622011	0.209038089032502
0.428518317050907	0.174046878111496
0.137309104876819	0.0658747567075952
0.437563073647162	0.17056791412563
-0.649319222104321	0.16021039083734
-2.58899611685113	0.683672524401667
-1.29580538399491	0.604526107834548
1.42822224336494	0.477074019570971
0.132517398019614	0.0400248322660559
-0.786496231567495	0.35210829920392
-1.6881064903707	0.974820780790485
-0.548836000046862	0.34469114698181
1.047016010608	0.51327505140288
-0.660482232181111	0.390690100651124
-0.323900344993019	0.150484815481055
-0.562513563268283	0.357684435337485
-1.29247879869502	0.594955895800984
0.139073148904902	0.0266055202308437
-1.80211551800213	0.40518546889285
0.679919807501376	0.32283727045987
0.506227015255489	0.182899351925803
-0.745791187837514	0.261749146161392
-0.163794242813771	0.0595974017446855
-0.939754488931762	0.692975305117052
-0.321195156970842	0.148184842267768
-0.809143668928978	0.539963150964118
-0.122777638697652	0.0725944321363328
-0.168082189420859	0.0608117378754399
0.432216086405575	0.176459106478166
-0.80016005420169	0.441917955841829
0.777948909448961	0.46104149746558
-0.245776447794656	0.162157208655543
-0.257881450773153	0.129798173549634
-1.3378689148687	0.851556734050633
-0.409998477425756	0.174852973148685
-3.76928214896483	1.53063223544118
-0.408869331927566	0.172287095578278
-0.197914348993558	0.106923364632974
-0.308594514665287	0.138806343341133
-1.05245216258944	0.431815108906743
0.34317692965031	0.165653412872926
2.0916792997764	0.947020632233422
1.01179148986041	0.390812379931115
0.144157731631474	0.0818993959248337
0.150285059976893	0.0789447069043074
-0.113831435314705	0.0453544005783252
0.944736633342927	0.637923358565013
0.383444246342965	0.17250982704801
-0.246985585795053	0.123428364970547
-0.620300084331072	0.298211347592206
-0.610513432100535	0.28966158255542
-0.995862266864379	0.497761429124932
-0.537517418286813	0.207787642934785
-0.376823530104554	0.109528132652308
-0.618803014519538	0.300045459723861
-0.994380561850817	0.502156564887953
-0.24933364489508	0.0820914459040719
-0.312243728061872	0.142516160638962
-0.411327718568902	0.231569812989999
0.504822188982883	0.184110918199219
0.123405916566633	0.0516452246133795
-1.16076621190063	0.359385238156804
0.132363076767264	0.0509287700513303
-0.243738387832607	0.0804072076503759
-0.411306378369193	0.173103709879466
1.44672035489898	0.91099682350394
-0.558809704475829	0.355402559286592
-4.22886575573003	2.03189768064842
0.640432049403559	0.206671110179374
-0.958265300870975	0.585739527590802
0.801835673414441	0.335777835096702
-1.80211551800213	0.40518546889285
-0.654514463701247	0.160265207029626
-1.16180306616162	0.360626829502971
-1.80190156331263	0.405310176911618
-1.80211551800213	0.40518546889285
-1.16227469880569	0.355295007054579
-1.51003354156156	0.780251715305574
-1.06157349363267	0.419550932007475
0.0625808973078597	0.0403081238885717
0.0107743286183098	0.005747712446028
0.174336420682406	0.129922767850524
0.0392130775996338	0.024236124441214
0.427822404816276	0.307517600163928
-0.196081902836959	0.105461205954288
0.292396298081148	0.186504169729639
1.3937269524637	1.06362770967605
0.929670085417592	0.244778423912617
0.42087922948153	0.167183950102443
0.131769780715528	0.0397831026994758
-1.16501672782279	0.357025208830094
0.280746808421165	0.213132381310677
-0.0090142994197978	0.00465693417660348
-1.05062473389811	0.837983873347068
-1.04638764670572	0.422799101987375
-0.409258031404003	0.173171489548782
-0.650318276706871	0.160755761640221
0.539061074336527	0.30034110568574
-1.33745389592616	0.842914220777118
-0.139031351399069	0.0989101382916449
-0.202429768980712	0.138267399087223
-1.62107445904342	1.23353652670367
-0.594878036872638	0.432982711772207
-0.796200332529962	0.92544599346561
0.507094946825791	0.441870687787742
0.302244515033567	0.196399072283768
-1.01757960524754	0.904925807896611
-0.712402901268182	0.641315762018037
0.940547950672974	0.919439907722618
1.10079271133856	0.968719986735537
-0.399673046849568	0.321920532996502
-0.589295302643234	0.436590948732293
-1.15847067363141	1.28819682261278
-0.0403392248300856	0.0192988516791789
-0.213816686871528	0.145003176068466
-0.0493979639365945	0.0324740074917431
0.538948790755069	0.309434962500871
-0.206135695554937	0.140900077670038
0.436264523116107	0.313863478637537
-0.29363226561366	0.186444419600113
-1.61756501361367	1.25196004396686
-0.103905484425965	0.0759674754040438
1.43689731790561	0.888554431570822
0.140083773168502	0.0603978628357479
-0.998492470126997	0.506921603159325
-0.0898527680539035	0.0558318596904904
0.00260977793216792	0.00148397105936398
-0.0690288937155304	0.0303933050948282
0.371873876476391	0.164019703578149
0.701423314252237	0.455343555456535
-0.962414122219618	0.592964029201867
0.55543783768074	0.435446730100328
0.166387585525452	0.127920376136504
0.436859893131785	0.174226671561783
1.57492460574843	1.6948274883958
0.148280639982809	0.0761033132856573
-0.932686854633799	0.672832629836447
-0.23855067939639	0.184168508547277
0.640432049403559	0.206671110179374
-1.23769811072871	0.928173729652477
1.44440912959221	0.894166867027739
0.922124936246008	0.243516971274684
-1.80211551800213	0.40518546889285
-1.80190156331263	0.405310176911618
-3.09280325935961	0.972693856185307
-1.16180306616162	0.360626829502971
-1.80211551800213	0.40518546889285
-1.80190156331263	0.405310176911618
0.142768632435251	0.0678454911606132
-0.111412544764416	0.045089943788383
0.325263696490483	0.178743374275355
-0.79016298564893	0.353742857390894
-0.810564363127743	0.703164558974942
0.329657345207908	0.182769915098737
-0.0306431846268426	0.0144285740271353
-0.40948446286418	0.174346422488273
-0.590482236829904	0.433551435828252
-0.0373038650832989	0.017827969937852
0.433529408981924	0.172832751985886
0.13058318975526	0.044400681981578
1.75670795423375	0.981332676267987
0.529126577168925	0.298691833163775
0.145284348235501	0.0764667746530775
-1.20228916105646	1.24584390371589
-0.257442795523042	0.129966494711828
-0.348909891553808	0.250961648969403
-0.749707900448518	0.266629197702648
-1.16577583586829	0.360083099240396
-0.236008497146937	0.0772385840822939
0.128356786971529	0.0436526425575876
-0.195744545759076	0.104649524799863
0.140372376872732	0.053616539824629
-0.56463688445261	0.358832322261819
-0.478200410132919	0.323624937829387
-0.2877733085435	0.180675690144527
-1.01526557306759	1.23831026045893
-1.01625870120784	0.933517534313296
0.159104359848866	0.103846567285133
-0.0703451708625279	0.0451622338887668
0.671404795313745	0.312496690392296
0.325690211841483	0.181509801595978
1.10621352653803	0.977584341603788
0.437519482833249	0.315904181692204
-0.193972396638399	0.101889486156078
0.132363076767264	0.0509287700513303
-0.0171488036334375	0.00867222702822403
-1.35535631331228	1.35693362905976
-0.802655307372834	0.607611137035811
0.436210294585871	0.175609006683536
-1.0235611836722	0.931230480833523
-0.0127335280222396	0.00651773065747776
0.324315672221405	0.180531823458249
-0.164717030217209	0.0605798459598444
-0.0101770534472	0.0052312993254799
-0.159849409146938	0.0904516297693282
1.23602081242935	0.847269356482426
-0.715975176699718	0.633831355631968
-0.66498499674391	0.397723928012848
0.140555259947426	0.0793445662776752
-0.663217164590141	0.388330848150832
0.144530799875238	0.0696222584588446
-0.492449687822834	0.428314497002607
1.07069323134769	0.654719750515352
-1.50911057639426	0.789656593076845
0.383637072086689	0.166411422717043
0.128617129240996	0.0491473375658159
0.593180602081494	0.309281164073886
0.155457473048055	0.0813049267401691
-0.107030676983149	0.0432926976170955
-0.104057526365131	0.0413182637598398
-0.23997851337229	0.0797141941925215
-2.58557826662177	0.681302812577655
-1.80190156331263	0.405310176911618
-1.80211551800213	0.40518546889285
-0.649677393302236	0.159121336474823
-0.649677393302236	0.159121336474823
0.92113051285893	0.24102514029113
1.95256933090985	0.464168557061862
-0.655163635992096	0.160369482742199
-0.648677249821696	0.158587087101144
-1.04851378907912	0.424859501269914
-0.372732473872603	0.110746709749891
-0.749016960603366	0.260324229050126
-0.342868663781164	0.204963005983547
-1.05256344745756	0.831360932325422
1.45391629791106	2.07748415355228
-0.120437585454246	0.0718134937717787
-0.626108990744292	0.300226946223999
0.0420779832887724	0.0258819393143863
-0.253840473092358	0.127023310985746
-0.618397831815229	0.301518973288696
-1.6949100915009	0.939221414484289
-2.64967800843871	1.64846250533493
1.25793867782652	0.688439395578364
1.7593712196826	1.33469748144186
-0.242788883618067	0.0808805347641532
1.80373891850601	0.704362478450975
0.698867330079714	0.459298352894978
-0.37373542401889	0.110004299970677
-0.129198149102586	0.0767412022635094
-0.416194198184429	0.236849537347591
-0.466134175052493	0.36350068190925
0.0599573164254629	0.0385057692670865
-0.601152993079677	0.445112528002252
0.164352431356228	0.115786965123471
-2.3024427121866	1.19314902759081
-2.30722030674925	1.19874771229064
-0.322099928047886	0.149919382475623
-0.807167923766304	0.616397698929089
-0.805675963682286	0.528316043469713
-1.35952880967789	1.37429597817033
0.169056188216214	0.118160321443099
-1.05770816129355	0.85056013796286
-0.498653476729533	0.4324611403206
-0.173904136169854	0.121871572311564
-0.596087179730626	0.440006821219473
-1.05602795915331	0.837360710038914
0.0830282160592725	0.0608354472818369
-0.454521080234224	0.357527057074306
0.774892212569751	0.608920827659703
-0.202374699029606	0.108344796071573
0.146475083163251	0.077722705900042
0.559117731634473	0.444816236509481
0.161078574762503	0.109198977385859
-0.0932609947618624	0.0580214095861878
-0.621197494115302	0.513241746842651
-0.514527362310212	0.391252463055527
-0.668856306106375	0.696522945845516
0.0410028525484775	0.0253205788964294
-0.245064330403179	0.163114445978402
0.173675486707816	0.129589762868385
-0.0122480856432857	0.00628561747044726
0.157802183219641	0.102406992949783
-1.50878605235012	0.777622837240962
0.129137958926038	0.0496883434958747
-0.804184491154963	0.618332723341067
-0.475478589129639	0.320155222154149
-0.563510282068211	0.358413576791933
-0.814353865137886	0.535782532033399
-0.963883550821298	0.595411956435296
-0.204297514518365	0.110391259056037
1.3360912797068	1.17054170403687
0.383617837186828	0.173970673436915
2.09022812164202	0.945927753511983
0.340419562836411	0.168362175122381
-1.05314945343007	0.432914540626917
-2.30115109915387	1.19044958617643
-0.751444890588777	0.263713332527736
-0.648677249821696	0.158587087101144
-1.80211551800213	0.40518546889285
-1.80190156331263	0.405310176911618
-2.58899611685113	0.683672524401667
-1.29839367745259	0.595503862745165
0.143458160699927	0.0358142984417619
-0.557527280794664	0.356412819479427
-0.679224287046889	0.471725294932029
0.299205211727017	0.191268292235603
0.00717618943678371	0.00384722915657825
0.293983732593546	0.200076980059498
0.140726965702393	0.0610240997598051
0.48740767724737	0.304288084397387
0.139186573283999	0.0600435921417735
-1.18566799271579	0.660652418120814
-0.405874250097451	0.170444248028646
-1.73702454537	1.45616943427426
1.94960017784595	1.24096219156804
-0.110699641726248	0.0442653185388842
-0.54045007876494	0.208645621535233
-0.755659764208684	0.265241875072543
1.79971117079625	0.713547256095307
-0.994032892537003	0.502214227197261
-2.30657681162548	1.2006943086453
0.0228220578518892	0.0131347806789334
-1.61396318709029	1.24337332439771
1.96371774550797	2.23128942684095
-0.358203621651604	0.258546492213017
-0.172100104650368	0.0959491989671138
-2.21406205860141	2.58111420843601
-0.622074199341753	0.299662175300751
3.92589315699719	1.65958518616051
0.504822188982883	0.184110918199219
0.134176100343271	0.0517130992440637
-1.33847495009711	0.837918586957923
-0.970032346088873	1.03866559516251
-0.499964034004833	0.26622714835866
-1.35555019758451	1.10708866906843
-1.16880035361701	1.01974499804119
-0.808073825346562	0.770458964753613
-0.593771821233433	0.440084012869197
-0.158909596129223	0.0899149457897466
-0.458317683390462	0.361753178343536
-0.164268352950547	0.0928919761049938
-0.904096507696882	0.844849093162087
-0.614386323917022	0.298711515778912
-0.249315959695042	0.125782769531469
0.034452024761559	0.0196437283200255
0.325690211841483	0.181509801595978
-0.166516172230199	0.0610465571450152
-0.99884068990539	0.507360313729787
-0.451456276353224	0.356226395810553
-0.716524238579507	0.637728388532393
-1.84866837440977	1.68691993112946
-0.414857779070285	0.176682385019192
-0.410055382980354	0.322217295602532
-0.156804957656915	0.0888937374193874
-0.161007444408489	0.0591633782808746
-0.794898265567473	0.43651590931654
0.59355754289016	0.308419721427129
-0.406615620555301	0.169863793614473
-0.994947520595846	0.503479993249042
-0.26322135299728	0.12979508269837
-0.558012676367743	0.358733362337889
-0.785841839360876	0.347857407538876
-0.667671140681765	0.395482661316614
-1.54716733927322	0.566283034461824
-2.58468514934926	0.681926813759725
-2.58513149511835	0.689509113042442
-1.85182301586531	1.18810469184623
-0.654514463701247	0.160265207029626
-0.372732473872603	0.110746709749891
0.926329332609966	0.245803896301602
0.141628868364635	0.0268733845859336
-2.58468514934926	0.681926813759725
-1.05805813359704	0.428511662134487
-0.809508956494244	0.539745688778279
0.67916413353379	0.314228012630645
-0.0178448121130453	0.0090521342282716
0.00781661813603876	0.00422831954211972
2.33532190219056	1.15586824248344
0.152685565299149	0.0870544147689132
-0.161831289388075	0.0931503938847974
-0.1638005064279	0.0600618571222791
0.89510287575386	0.477520252421519
0.375012576440081	0.168539047067921
0.679386015502515	0.318405656360071
-0.375278197967961	0.109168764094764
0.134986889048387	0.0462856031126629
0.132517398019614	0.0400248322660559
0.592722120505786	0.311472861936352
-0.371963944093828	0.110621992809151
-0.413204136706327	0.171984621175727
-0.012080660655198	0.00622210156263383
-0.109826656577751	0.044177657424481
-0.553801892704652	0.3459565126319
-0.405186522637126	0.172289835749246
0.890515857193249	0.479491370808101
-0.521976034310793	0.485921262780576
-1.06386486883285	0.850355937410454
1.95256933090985	0.464168557061862
1.42898338960615	0.478193832396807
-2.65136596704853	1.65356671636328
-1.0506117909771	0.425111529407623
-0.414082950266505	0.233967749269856
0.309310281161372	0.184079796602175
-0.49269042826929	0.422203643080237
0.898826089951603	0.773841660185918
0.49269463643653	0.310105904338083
-0.801093672732594	0.618362425074855
0.332728247700229	0.183561961450786
-0.174939968908491	0.1227815065414
-0.593078333893164	0.432539559174319
1.09377032624057	0.820519885866183
-0.00950250540653642	0.00491530259211195
0.0507721144055603	0.032707371766045
-0.420946189167672	0.238117484927114
-1.24243172248691	0.941626395632693
0.456309101343481	0.307937980390401
-0.500450094948577	0.263564685733195
-0.595729554865877	0.442966619203327
1.13274432115528	1.13523117165791
-0.343071463903236	0.209516423179799
-1.68549277416325	0.954790187533158
-0.244190797351914	0.0812410173227275
0.692312050030805	0.440933671272694
-0.806920997003083	0.618930379310043
-2.12863750024912	1.6245845015925
0.152388113864068	0.0856493703508018
-0.959662432941992	0.595996162984276
0.384335511514087	0.173210318245947
0.137787655534592	0.0660486040468317
0.498034366747092	0.177582512084549
-1.18146469295444	0.674929912549786
-0.165318734214513	0.0606610603776833
-1.58122763458434	1.48544898612117
-0.501351813961356	0.263250966236684
-0.0408684939243765	0.0192558231999565
-0.408525359595675	0.173562292508035
-0.243241014092852	0.0808370662671502
0.926974875419701	0.246284209674963
0.138044419338776	0.0464152079108774
-1.16076621190063	0.359385238156804
0.141168720466643	0.026788068800843
-0.648677249821696	0.158587087101144
-1.15790256442372	0.35664499176059
-1.26997635301546	1.20766492980014
-0.0162277937511013	0.00822451947893741
-0.644516550647269	0.622604044747644
0.4922394851207	0.308813616969739
-1.28222641639857	1.42040369161715
-1.33796437548409	0.841326213786898
0.132755613913402	0.0400087413766842
1.45457539505251	0.882331998027843
0.144016413139906	0.0618355862975993
-0.535953611007358	0.20815255049836
-1.30410907664163	0.599798999320701
0.128925533708437	0.0438883757730603
0.523732535652435	0.288294653936436
1.55658181837253	0.775242663331729
-0.662339606923988	0.391371871977808
-0.404221098798849	0.224744017125331
-1.10961553221964	0.76443742337633
-0.820194023220499	0.625164671580215
-0.705823249585233	0.574813804215732
0.0297795067435786	0.0171150752210194
-0.347740169583674	0.307189976028768
-0.805706612815185	0.61186336831241
-0.300949143109098	0.223511315391688
-0.645594233904985	0.620097115011215
-1.26832930166172	1.18509261651954
-0.626838523946777	0.302387554560819
1.31233879202761	0.574741911330394
1.79893570621489	0.71178866805356
-1.1800254120338	0.673171129446234
-0.345616950765869	0.207160557312047
-0.802375412110593	0.619414457468013
-0.0152926302840567	0.00776717337184328
0.0113795387726032	0.00604424251942381
0.407088998775255	0.305118593775073
1.01377149923868	0.952437872991401
-0.252793890011318	0.123738937372903
-0.540567326781551	0.21079663144273
-0.251506122869663	0.125632017534614
-0.0302321816654702	0.0141894076292273
-2.1304490094756	1.60801716093544
-0.700794484985911	0.559710674290901
0.144530799875238	0.0696222584588446
0.0273444434161142	0.0157457230655073
1.11047334030865	0.991754666469395
0.159214343029013	0.102952093601556
-0.420115492243742	0.238594656950499
-0.00625500396340832	0.00330280623392595
-0.321195156970842	0.148184842267768
-0.519023151326029	0.39795788185182
0.161890536658661	0.104234925430664
-1.4675971879858	1.32365308668975
0.0260068675452673	0.014852424529777
0.484820692456482	0.299190882530661
0.323810166988372	0.176983288366587
0.897158705378358	0.471072764259994
0.579957817682691	0.420132087355183
-0.441498840524767	0.388707349132946
0.00717618943678371	0.00384722915657825
-0.475317925363139	0.31945122743345
-0.122439882531879	0.0737407440753772
-0.0408476727230379	0.019341110342724
0.152060901079329	0.0867583377160569
-0.404655998344105	0.327290824265478
-0.41637288225874	0.231300785827609
-1.69291312735536	0.97231035620735
0.300027019220206	0.177080455230196
0.701582153826086	0.442971483688433
2.83361076059931	3.27107484665857
0.132576610117087	0.050079542932469
-1.29791566883638	0.595832632880168
0.137772874053015	0.0720029380835892
-0.246045390123551	0.0811323193711411
-1.80190156331263	0.405310176911618
-2.58513149511835	0.689509113042442
0.130273630097158	0.0501529017881732
-0.201899687232421	0.108030186306502
0.0483109146525574	0.0310217960853285
-0.254569201868247	0.216549038636694
-0.276719625535211	0.172308907235498
-1.10533826236738	1.05694081961302
0.147126261238331	0.0879814885063139
0.774974357229486	0.610274698468441
1.10635655859225	0.989126296520443
-0.412814669063794	0.175603974598424
0.125297592141152	0.0425008393245429
-0.415047748163167	0.288083197192336
-0.940691332409766	0.691073573620457
-2.12957607386456	1.61228377812229
-1.00421667456778	0.498054306588392
-0.93105449553449	0.678979526695757
-0.926024843510093	0.776846763041961
-0.342420429356075	0.243820572871123
-0.992360223508641	0.982205234731305
-0.80519937951449	0.623428385909056
-2.10959198299569	0.925693457364043
0.132318328682527	0.0452503254788254
-0.795843845856416	0.433844460757483
-0.208547392277488	0.112321742779376
-0.153477391751763	0.0870167779715325
-0.915222798631632	0.771400507056764
1.06769297421952	0.64192875119911
0.416963569010247	0.318756187792494
1.6457091240999	1.5255598249587
-0.795817551757925	0.594614000874883
-0.196732184887065	0.105707743515064
0.021513430488126	0.0124434628038126
-0.596187272333611	0.440164591330203
-0.0422452039715615	0.0197961790676412
0.134610161210788	0.0577400499392075
0.149886307386884	0.0703987700493026
-0.0681549971377887	0.0301311833607795
0.148998715179659	0.0859368077137369
0.139065488656278	0.0671763622834523
0.48902000153714	0.298463130415939
0.591829396559823	0.310688057891531
0.330995025660395	0.18302889555091
0.53005730300282	0.436634290119148
0.987438023633989	0.803383224408125
-0.0207966813813109	0.0103504256007736
0.149187240677947	0.0779010089239129
-0.0153442886106951	0.00777759920928419
-0.559661268335982	0.347592055774606
-0.810062146145161	0.538669710587199
0.138328344337938	0.0595129844110183
0.135447191982407	0.0586962151604272
-0.622074199341753	0.299662175300751
-1.18200022878108	0.673361826305568
-0.500450094948577	0.263564685733195
0.150374505128159	0.0867361489091187
-0.110905120216736	0.0445697256579797
-0.161323141410888	0.0593428238464744
0.35959192412961	0.177013661340519
-1.35155550403389	1.11224987175471
0.505524711177284	0.184537045848412
-0.111948545433597	0.0451527705317401
-0.353521826692677	0.212677625635033
-0.256524272051698	0.129157391059069
-0.206195094093637	0.109622857090058
0.415342703874643	0.309593199560658
-0.0164510262358862	0.00840946093600393
-0.749707900448518	0.266629197702648
0.129278986113907	0.0386815864932076
-2.58513149511835	0.689509113042442
-0.555194818013087	0.348224159528595
-0.12358097673188	0.0743528619115617
-0.0905704481102272	0.0558575734173415
0.143122289350572	0.0688246368462072
-0.411791466772706	0.232191234318933
-0.66455532208167	0.397279210081891
-2.25069291260777	1.88544555406971
-0.252021318914833	0.128059804024832
0.0180890276083419	0.0105175411785902
0.155850086818023	0.0893842666389105
-0.584914139359319	0.426568526006414
0.0138299096788902	0.00809593588469661
-1.50851193289323	0.7858781323763
-0.447253823289388	0.34879151573498
-0.307964396082707	0.224635172908783
-0.472801050777169	0.320144768501977
-0.621563854158612	0.303518408026805
0.41955912333223	0.314291554139365
-0.810431393254381	0.540091664739785
0.409581051841346	0.309445255643726
-0.558554609782979	0.355931354046597
-0.557595964520709	0.357589675212175
-0.395968503937299	0.314787505821011
0.558887137147556	0.443875643869711
-0.264615048598431	0.130354640099781
0.833701745424208	0.764781180967845
0.0349263169836989	0.0198668039770985
0.595067310547749	0.446813278142175
0.485367943683346	0.303633595535867
0.0077521971027731	0.00421671355776212
-0.405704466572146	0.284823008791537
-0.665507015503326	0.395933467630269
1.0114990894068	0.950122777671032
-0.345146277809344	0.207048009047507
-1.99378762017681	1.39248958995488
-0.411864062913663	0.286341498635047
0.645264208395188	0.455321596565083
0.526968609851264	0.440029475460679
-0.0403820269374178	0.0191162333469385
0.403636685826963	0.322376476067057
0.133506301580523	0.057041336272184
0.157011066401094	0.0897192288766756
0.0318149485128819	0.0180559464885662
-0.55939824468832	0.356929369639788
-1.85007516340734	1.17222019568969
-0.57761575398693	0.405190287706949
-0.239058218030975	0.157261378634897
-0.663694298688363	0.393850484938176
-0.55558588367199	0.347987987311126
-0.314554149872783	0.146148304590358
0.13251797852494	0.0511537531312601
-1.99669785290238	1.38926265421349
-0.704397019106056	0.553826965525053
-1.48154427044987	1.03107918437865
-0.406663506836411	0.17279698026155
0.592722120505786	0.311472861936352
-0.0403242260029834	0.0193820428990159
-1.47277110245931	1.29603267706782
-0.322099928047886	0.149919382475623
1.56813509393689	1.68797110941885
0.459777243528128	0.313178515627997
0.131792570699465	0.0506912441120161
0.139073148904902	0.0266055202308437
-0.248387997661862	0.0825807028479737
0.139073148904902	0.0266055202308437
-0.372967191440885	0.109879462987979
-3.09343711568729	0.972052225554497
-0.653515136282054	0.159727161117317
-0.368201646064937	0.107458491723104
-0.372967191440885	0.109879462987979
-0.320294923067913	0.148177619840786
-0.540567326781551	0.21079663144273
-0.166551048008481	0.0605901327587292
-0.951473643191712	1.10128035230779
0.166669458897683	0.107351837460397
-0.0745662758338796	0.0477373413252105
0.168821462131482	0.125081320199318
-0.335477200058165	0.200115539858017
-0.043417405210968	0.0206496342798364
0.355104870465431	0.17648391023793
-0.257442795523042	0.129966494711828
0.138463062972107	0.0534009200476952
-0.410395358220692	0.174479031259067
0.127501109997399	0.043616448886316
0.532283482943682	0.303481721092298
-0.416183275349123	0.237587236992538
-0.71219579035354	0.628982040670676
0.0209356813128949	0.0109768957087854
-1.11813704883471	1.33299338592958
-0.808958535375203	0.701676467633646
-0.265408356231258	0.201492429254009
-0.319221150633092	0.265272003504692
-0.694585933220414	0.489966650828204
-0.520533002971289	0.402246676371958
0.446270676964362	0.318109462777621
0.552311380348351	0.438917290036534
-0.803742546827481	0.443705159186511
0.158803029159681	0.0965256123614134
0.768345237732632	0.447726890231427
-0.0678449234839407	0.0426543894064975
0.139065488656278	0.0671763622834523
-0.416646943731306	0.238040746846936
0.310461242493219	0.185218156664744
0.407276076720934	0.303926515378389
1.60908320114392	2.02999578708231
-0.59369204606909	0.443234850116899
0.698867330079714	0.459298352894978
-0.962052011328693	0.589183814558108
1.34630721185408	1.21599975435667
0.43480412496225	0.311778844528043
0.345926786642125	0.172149588102143
-0.414009454560481	0.238047074673027
0.946933179693282	0.638191488754403
0.293611506922128	0.188430113238268
0.143247413645047	0.0677809196639266
0.531965751339062	0.439024217390542
0.866089855579726	0.609944518960724
-0.409107676294777	0.288205129347947
-1.48385243884372	1.01803076962039
0.986544587090943	0.801511121578506
0.34729488988748	0.175578462655389
0.149869440347708	0.0861682979875625
-1.66221310571247	1.71324413894166
-0.591506520484481	0.424382998082274
-0.120019071460651	0.0477071054031488
0.794753321731777	0.33121407146699
0.700083067070537	0.457604660853806
0.0617979822814003	0.0414640504093401
-0.249738694934524	0.125570873119607
-0.99884068990539	0.507360313729787
0.590422718505613	0.309222451025888
-0.25240551296615	0.126030260377261
0.537611900017201	0.311206758366506
0.49269463643653	0.310105904338083
-0.109826656577751	0.044177657424481
0.314646276849921	0.188210904564586
1.00757101741344	0.384130201865198
-1.84536271575861	0.770197726260662
0.141666634051722	0.0357514933011427
1.95338582999428	0.463576578510391
-3.09803658564349	0.963618638434641
-1.83797713176254	0.763323297952075
-1.80583314024352	0.404036831265938
-1.1600126841405	0.35529503686347
0.929020853400311	0.244303524147299
-0.314165746663694	0.145788386320921
1.95584693887656	0.462330835133922
-0.540837584872468	0.211287314007882
-0.325047524706671	0.147454626775924
-0.162526080251416	0.0595363498862368
0.0302333919671501	0.0183610864733648
-1.10100321936403	0.752119200085923
0.0310011683498771	0.0188247626582082
0.164616845177258	0.107421016673631
0.705463214022088	0.459161907969766
0.60051193247018	0.311238903177369
0.171133239892323	0.127884039761191
0.128036785628973	0.0546982916702465
0.35324594609204	0.178158653157937
0.4313034338578	0.175795446056529
-0.808491572156971	0.442910243135367
-1.10779688169782	0.7608169772324
-0.264139774298045	0.130545441462434
-0.801065346185858	0.44289725789242
-0.505457669508897	0.428353283585359
0.16199840351141	0.104886650882323
0.147480770688956	0.0777506868538583
0.328247658246033	0.181431753776167
1.1109630393706	0.993893672470343
0.148132998158686	0.0784581467939442
-1.61443539712427	1.2366936804863
0.77208681862157	0.609446854385979
0.657513191504956	0.684057050544498
-0.154763839900448	0.0890247102962988
-0.0302321816654702	0.0141894076292273
0.147723736507646	0.0846106233951015
-0.351074493248548	0.282365810128087
0.140079741061962	0.0666710462112941
0.456517638379113	0.408477929385198
0.717941344583023	0.595869301292322
-0.41262076034666	0.236642630250595
-0.242787870530506	0.16064072463786
0.34729488988748	0.175578462655389
-0.0649075369620414	0.0282118738809034
-0.965128774399	0.587862123031168
-0.298773052687684	0.188522366980281
1.57541961833881	1.68784985745293
0.675641318219284	0.318864643581878
0.767659777200519	0.709520781128608
-1.11938347340352	1.32359198822019
-1.35151183846661	1.10614694837943
0.154159003171435	0.0936325312232379
-0.0465717078067314	0.0217931039998016
-0.342820480945551	0.204756034352499
0.989516718344264	0.800550933069017
0.144310535838701	0.075196948860334
-1.24370084148377	0.934938481096632
1.04408606404891	1.09928409351087
-0.286679569789293	0.18235165253185
-0.0244091512137598	0.0165621347617817
0.353284678789321	0.174893415067225
-0.797401052563401	0.752540015706995
-1.11255930859618	1.08735518047758
-0.346524211222757	0.209273940895047
-0.80072088465838	0.528968045222963
-0.111802426887164	0.0449555909623443
-1.48236458589488	1.03065875464954
-0.041701189483626	0.0200088546579432
1.07523575855579	0.662501360879102
1.04979874206017	0.510882375249265
0.308121281861537	0.184368863386903
-0.569104901128059	0.357500663201239
-0.238331644347611	0.0787660677791559
-0.79953700064824	0.442390796118815
-0.253449564886563	0.127783873879371
-0.324025269582005	0.150892056715909
1.02132068808862	0.962152640955112
-0.252069788892407	0.127170600886815
0.144274800987387	0.0615785263123166
-0.0368391494110239	0.0176342075999996
-0.749462000858586	0.2621567593617
0.142698404858563	0.0359575700897484
-1.84610423045024	0.772015626597942
0.139576085242422	0.0352987079074651
0.139073148904902	0.0266055202308437
-3.46998743660351	1.26411646563651
-2.09819629590359	0.966297009576623
-1.84290267129783	0.7723474188048
-0.372732473872603	0.110746709749891
0.1265630687732	0.0529673746229718
-1.15865836302273	0.356559362366982
0.13096448496266	0.0390859273598624
1.43184622835253	0.479292741706694
-0.913627115855304	0.772177804290863
-0.073663238768142	0.0321947418037415
0.16071443039328	0.102640501853836
-0.899386563239079	0.841857803393065
0.125297592141152	0.0425008393245429
-0.940694900220461	0.67508722154398
-1.3675688178427	1.09717780660026
1.01650328797188	0.945048368864605
-0.746534217740653	0.262483449927324
0.138547275345784	0.0347818496624983
-1.05659528788381	0.836297929371142
-0.409130157110771	0.286184315871995
-0.226968899406096	0.17280808829896
-0.200970738475707	0.107423718750373
-0.452893510886535	0.355505701285325
0.288245960277627	0.215903286892326
-0.669254558715424	0.750658131154078
-0.48929620189257	0.425577851833831
-0.0949476358040008	0.0587889337313086
-1.26476832127699	1.19117978403566
-0.807485072834555	0.619000192980933
0.0835042332183319	0.0582621208078453
0.00608592563479888	0.0033033692455806
1.31805036733713	1.53868190300522
-0.639162433512349	0.585087643301576
0.329211867601554	0.183184981108425
1.52396214177859	1.83116952387527
0.942017911368491	0.919198884312097
-0.404806007584477	0.282506751678708
0.00200586321296116	0.00117571262964094
0.0208405962831919	0.0108732517579565
-0.931989443350712	0.678431993621827
-0.0124655078880346	0.00626658971576903
-0.806800442696405	0.700432019697828
-0.239477603357965	0.157398013034145
-0.689513061515548	0.486125152600604
-0.810068578522376	0.539213739285745
1.01128925152667	0.9494167550759
-0.170298034927292	0.118931904271068
-1.10692895657791	1.07305997338722
-0.111772179401005	0.0451824261502468
-0.315065833669628	0.146663822557794
-0.801460291529661	0.439687522496419
-0.289770019940892	0.18590224319012
0.168141779465257	0.115511840558185
0.297159539916871	0.189227986963703
-0.295459775539717	0.216312851120518
-0.170463630863967	0.119194200694208
0.844141750882647	0.621301047736864
0.290167625572786	0.199029873608504
0.777006848312967	0.46514393182494
2.22750597564837	2.38311096386731
-0.0713229534329393	0.0316305852915741
0.0266592462331195	0.0154378899438826
0.0267204266344967	0.0155323850626702
-0.20873883348549	0.142397491208306
-0.158040682138	0.0894623714799491
-0.549227513076682	0.468331126997912
-0.304100104729592	0.226361359207454
-0.45132388969013	0.35271886064337
-0.345640615691444	0.208442219145727
-0.550219607285547	0.346437274290163
-0.800669261837693	0.439739458313196
-0.489704817326397	0.426138159271806
-1.94368181097051	1.84941095172527
-0.965209604900202	0.598750073227541
-0.806955610636379	0.534538407527256
0.771860769758984	0.602800696616859
0.59698332640387	0.313347175901406
-0.668975158916128	0.394645254527344
-0.12402522147667	0.0741887374007789
-1.10325466498611	0.748427092122051
-0.800133349206143	0.439447391459831
-0.491084719359382	0.319970922965447
0.85070044753431	0.622592556499298
-0.501358897920174	0.26711981886241
-0.0708959284935654	0.0311295953444093
-0.0135784329640262	0.00685938600828579
-0.538623010678267	0.207463011400247
0.930671315320304	0.244899140334393
-0.537517418286813	0.207787642934785
-0.648677249821696	0.158587087101144
0.141628868364635	0.0268733845859336
-1.80211551800213	0.40518546889285
-1.80190156331263	0.405310176911618
-1.80211551800213	0.40518546889285
-0.369739934267753	0.108830229788068
0.136989442351956	0.0529527438983794
1.55967842181977	0.764527982514553
0.44057269946272	0.174317970082175
0.495754668698367	0.311274296843318
-1.54079415780707	1.75321681998619
-1.61613967173763	1.24286803701537
-0.715071688417106	0.626622626403376
-0.162343448068676	0.0930505849999203
0.637444278449228	0.442855691330263
-0.114206629713226	0.0460179645801643
0.773673787707129	0.603312620598962
0.141392524683214	0.0674864128554943
1.44637801096684	0.912150936562615
0.135931183146639	0.0408601823442341
-0.949049154121013	0.55551270370556
-0.0394249254620021	0.0187839743045418
-1.99338266903176	1.39049167273034
-0.804656384737902	0.539418387765726
-1.43604833733831	1.77462649358168
0.302024458465149	0.193107598294617
-0.202571158648384	0.138479254187141
0.153110723575872	0.0875612633579326
-0.404572542431407	0.282571123253004
0.607237745373364	0.56623268804276
-0.810333678763766	0.768937930964944
-0.209823917564943	0.164714676499063
1.12616104533063	1.13860511382913
-0.689838474103675	0.478402208731104
0.531380801386945	0.29870314571984
-0.638068356492108	0.58002861141556
0.284935877218683	0.206273487426415
-0.0540103784175946	0.0354647562734421
-0.0989604150885926	0.0611563513997163
-1.36087028217024	1.35139713855942
0.0704626186342038	0.0473578724038455
0.773786159679402	0.731596157454339
0.00509311635567079	0.00278396016128887
0.589470302355741	0.303803377515686
-0.155117515690043	0.0884693518079654
-0.217174040001027	0.146298302553297
-0.160981856810565	0.0913946542283919
-0.203845174737973	0.110276580621657
0.071505343156862	0.0505238568452131
-0.24832892349548	0.122070023344385
0.320367166167901	0.176090732304154
0.0746502168532496	0.0526506075887658
-0.441899672496197	0.389811154821511
-0.315003832731026	0.144842056097375
1.67290263453283	1.91765985781669
0.457563946363324	0.302303994668558
-0.806191762587463	0.61518456301307
-0.0156997766838893	0.00790111137578433
1.75895966789764	1.7429682610192
0.140433824248888	0.0668307847796127
0.785594088904232	0.609385783623834
-0.801615391329806	0.6204323593068
0.140373296474889	0.065599147076159
1.43191531715626	1.59080687745201
0.160606210250438	0.102719358465977
0.147952403313957	0.0781796349951541
0.77751384945099	0.60886108567264
0.149503962518969	0.0861490468015197
0.300441648249916	0.193395845615279
0.890705897272587	0.48558707094198
-0.0603970663423114	0.0261380848984635
1.09030563826379	0.813134681099033
-0.621242183710215	0.513857576618241
-1.10555200435079	0.7647811178863
-0.912195697946284	0.767507375163148
-0.133721559108525	0.0794820501348277
1.76287869873285	0.986145634533502
-0.155275374231858	0.0891486201257565
0.32871402464502	0.182230231586416
0.134990869134884	0.0578538321463001
-0.668662358111193	0.391404581673779
-0.0695032952423575	0.0304228724879784
-1.10238447432161	0.744635184553688
-0.9625433889556	0.586955887776618
-0.999057473326929	0.506363151904403
0.144530799875238	0.0696222584588446
0.157445702030013	0.0900124210538831
0.351855533995267	0.177414109176794
1.01080793058073	0.389781480211188
3.91440476331281	1.72518419510354
0.926329332609966	0.245803896301602
-0.242788883618067	0.0808805347641532
-2.58899611685113	0.683672524401667
-1.16076621190063	0.359385238156804
-3.09216987140428	0.960869115746174
0.139073148904902	0.0266055202308437
-0.790099058214395	0.348191271729368
-2.09495514552012	0.983809814108261
1.42616742954426	0.471762089576048
-0.372732473872603	0.110746709749891
-0.194814735479877	0.104421097660069
-0.603112711868966	0.441675386368736
-0.0676622360884758	0.02992921492593
0.138463062972107	0.0534009200476952
-0.935685769213107	0.68876517580925
0.349179283191181	0.176261129745716
-0.787098914242298	0.351780119515946
1.05040313922884	0.518133696966867
0.138899580311955	0.052514545002412
-0.165633878223146	0.0608230448483071
3.92066530797147	1.7087082705816
0.136628230278163	0.0342854039182628
0.129299133104508	0.0442965545546769
-0.996017179672349	0.500469594534743
-1.23053588462632	0.923585858906146
0.30329237027894	0.180338199857437
-0.502706898105304	0.264904275713863
0.640911051680955	0.4525706820375
-0.194335335918895	0.103676908357134
-0.505577660942165	0.267852442510804
-1.09966142564599	0.740631992202366
-1.30099989731222	0.589804251734399
-0.925600580151485	0.775923271759234
-0.994727408537666	0.493775516322056
-1.80190156331263	0.405310176911618
-1.33836127579358	0.845003479411118
-0.655995134373599	0.384156588024194
-0.613121255739723	0.29454127292639
-0.0690967118735972	0.0301576810393085
1.60605689992627	1.09931070309845
1.11918466296996	0.984490269860879
0.31335111422731	0.167230878002972
-0.203845174737973	0.110276580621657
-0.337072163853937	0.202477837185019
-0.806593562757645	0.529648418377198
-0.0727829236847904	0.0318370948280251
-0.165924623645863	0.0607705580031965
1.05514586593494	1.21695933306982
0.134513506074792	0.0516168326605336
-1.18183311150445	0.666354253136408
0.135447191982407	0.0586962151604272
-0.968853568795674	0.596130418733619
-0.477076240660582	0.318164172977108
-0.241592110808894	0.0796343626485334
-0.80475069681769	0.529860072639904
-0.801559104406015	0.529615506607659
0.153324985125872	0.0806573236372931
1.24839895868801	0.842001240935302
-0.24638206026535	0.162270589855168
-0.0713005942820075	0.0312338756870738
-0.795072613410328	0.352040210285426
-1.23099608240617	0.922131735117553
-0.507378546037644	0.378645517561363
1.08841849237366	0.806739395907272
-0.0390067664266871	0.0184261079941377
-0.410616400292276	0.28705905936566
0.693977560976999	0.451014062549991
-1.04723046715819	0.825174199330196
-0.170538162849058	0.0618917568764511
-0.107187390571747	0.0429022375193765
-1.84290267129783	0.7723474188048
0.136462089423724	0.0521659852124386
-0.260562412042961	0.130425974524079
-0.414462157306584	0.237903135307632
-0.4113698599223	0.231933214033691
-0.317854786264034	0.147018882167355
0.595061610902337	0.312877249550697
0.882105322764847	0.467155162700941
0.327463259237243	0.179103602028259
-0.542135647454679	0.210886784915037
-0.626474205238422	0.302621101688347
-1.04939932325779	0.418626085385652
-1.30060141663037	0.607500402054919
-0.342868663781164	0.204963005983547
-0.242540504674911	0.0808346916156265
-0.805021958632142	0.629602671751993
-0.956499646592972	0.588110761466998
2.09045884294033	0.939288640196722
-0.165924623645863	0.0607705580031965
0.134038215186907	0.0506786736417069
-2.58513149511835	0.689509113042442
-2.09147901102814	0.978596282881341
-0.656854270635823	0.390410379290044
-0.915963473946179	0.779544280822138
-0.410217962227643	0.174140075118687
0.374377843349986	0.165018894469912
0.133037105859592	0.0510757561308982
0.0129806991311686	0.00692363142463225
-0.160721852546086	0.0589654523662976
-0.160690920940857	0.0583360427431017
1.55058082848015	0.77555938050866
-2.58557826662177	0.681302812577655
-1.80190156331263	0.405310176911618
-1.16227469880569	0.355295007054579
-0.758903093547503	0.265752003191917
-1.84810394331344	1.17076971917858
2.0916792997764	0.947020632233422
0.134409247975026	0.0512349764763142
0.137051842930544	0.0588232683260853
0.151665979741696	0.0799435883840844
-0.345123795095969	0.247307036489723
0.155979825170866	0.0959044341535896
0.155307805973787	0.100018470638154
1.90239092815	1.56590918948827
-0.01551963425877	0.00795767131879095
0.844606657695883	0.619463476432057
-0.315965553735581	0.146873211041939
0.698404555612149	0.449613238939547
0.134610161210788	0.0577400499392075
-0.0645191258656032	0.0282697386543945
-0.537319984289297	0.204713039584117
0.134942268942205	0.0403123831956986
0.13058318975526	0.044400681981578
0.136650751159166	0.0527716036977143
0.805215646329513	0.344267959117367
-1.05572239328297	0.418414876675422
-0.195744545759076	0.104649524799863
0.306482509708269	0.183448060591857
0.145428009393515	0.069932444925333
-0.472184054471436	0.311791221746092
-0.710078790119446	0.570964253420012
-0.439366112190114	0.387582784402525
-0.294578503081261	0.186071784069407
-0.809047878423912	0.537668321086274
-0.81560606017867	0.535000374987637
-0.414845590891213	0.289035996939233
-1.02027383669895	0.913871317112018
0.148563208123126	0.0855583981140539
-0.942619572925424	0.691693968478902
1.31481368124575	1.53526300206195
-0.106134257424768	0.0428260913916659
1.22661274585962	0.993022692963232
-0.204990119067456	0.111023587903388
0.318250739614666	0.186927491077392
0.173692786220037	0.123707358245278
0.46135492676742	0.315276346247664
-1.16590529088468	1.01407871290008
0.637629826437812	0.453182213852113
-0.811197683277966	0.707612265971412
0.144088261581916	0.075360487535022
-0.993466461526202	0.5008963607004
-0.939983109468186	0.694829862286736
-0.701226547754036	0.553528811350885
-0.936429460426329	0.681175504897518
-0.201436421391683	0.107793382194976
0.146830299321121	0.0621874147190753
0.142350842827041	0.0675348889674768
-0.344007165505145	0.210659123760628
-1.05791322947451	0.852622829825494
-0.414090292072938	0.286704708420116
-0.046130775483846	0.0214679567656978
-1.17458304704148	0.658828238594296
-0.805872250631985	0.513905864097795
-0.0722887093195155	0.0316993226511971
-1.05156471517357	0.842694473933701
-0.155916867556101	0.089200017993523
-0.797616748478429	0.520785648026098
0.291751129707425	0.199002900448099
0.134073230654708	0.0460155036809627
-1.10411789278392	0.745995564547804
2.33321600588961	1.1815266348514
-0.251545420653852	0.127563395483443
0.143574111596191	0.0689524196441958
-1.02359255251582	0.939275970606742
0.299345416483913	0.194032940525493
-0.24213269195796	0.160538300035725
-0.125295658073395	0.0754667274458117
0.982197711297847	0.79105178905117
-0.413083562640049	0.237619775236265
-0.557077061045776	0.357693383551496
-0.7106445496979	0.559847224587439
-0.752937485397278	0.263546788628664
-0.165320765543476	0.0607703071733124
0.350076878181714	0.176415960628599
-0.500942510547539	0.264016941654158
-0.0726926463216214	0.0317743871047985
-1.00443223520338	0.502284206026845
-0.65547528950225	0.38666907719283
1.09120793280953	0.811713295084077
0.133803328560972	0.0629688670497474
-0.468177151373297	0.306867447260713
0.141341958226896	0.0683229338791122
-0.243241014092852	0.0808370662671502
0.131531340806028	0.0393848494794365
0.134542642796399	0.0341445690681232
0.640204384260695	0.202440736609696
-2.58899611685113	0.683672524401667
-0.654514463701247	0.160265207029626
-1.53732327136021	0.558096879249065
-0.202395336642949	0.10776291623694
-0.988948123197213	0.489983170885304
1.01179148986041	0.390812379931115
0.528601250220705	0.301554244376192
-0.163889441670082	0.0932423124739017
0.163234561922261	0.106872011380874
0.281389425383118	0.201638520434054
0.176459422569721	0.118428152154441
-0.800645475116936	0.438218369952711
0.0430477692943182	0.0275966561933336
0.49821810330571	0.312295182047667
0.90595723251846	0.780761987833345
-1.10463715031585	0.753589051046242
0.153747637312288	0.0948225362323504
0.298875080920399	0.173205890332203
-0.043417405210968	0.0206496342798364
-0.409433849153033	0.174099423107401
-2.09845442443153	0.959910888292925
1.52472945055415	1.29941756841407
-1.84441263415355	1.65005375566148
-0.201699437986873	0.110070898716132
0.141341958226896	0.0683229338791122
-0.803133155994979	0.705393518186764
-0.469556064216998	0.31144145275051
-0.968514753271341	1.04382839447592
-0.319267620729559	0.148097361925747
-1.5191572340172	0.760053706647517
0.303738096218772	0.181140907187728
-0.558252141120019	0.352014476068734
-0.121301843194511	0.0711671413182846
0.781331405981689	0.742148918702141
-0.339806213284042	0.205140951255383
-1.26774818313096	1.20591901506389
-0.93899763580613	0.690416977027376
0.899759179001215	0.77566451466542
0.598120454873536	0.307888515438953
0.831213599384721	0.734288785092652
-0.937878506744168	0.685968487456181
-1.23549568269523	0.92704552032357
-2.65321873522131	1.63012770063868
0.897762958057485	0.472088290432734
-0.3542293727317	0.255051993994872
-0.287863828153912	0.179381340187535
1.31356147238556	1.53470764163915
-0.916387449274835	0.7776284388244
-0.452818094577342	0.357730242487683
-0.412705361073467	0.233327700899854
-0.61355794377272	0.503323081770893
0.139964424144334	0.0676637522938998
-0.559211873197937	0.471816423416005
0.741120629828795	0.72992102221353
0.35324594609204	0.178158653157937
-1.61258762368367	1.23011186938625
-0.65690043165971	0.389484068036863
0.307586817264369	0.197396186472692
-1.49117206898206	1.0195096993638
-0.122964768224556	0.0728431422052866
0.0440723139092308	0.0267854201394128
0.694445734213187	0.449703018918159
0.896807199166399	0.475898568563079
-0.801065346185858	0.44289725789242
0.674498721073841	0.313543778887717
0.546660557757979	0.305375452758469
1.10347006004956	0.990900123384077
0.135959557476312	0.0591233564490453
0.529497316262253	0.303892781839153
-1.16836995893425	1.02239814085593
-1.66626605965238	1.73170657559769
-0.615459105858285	0.298391792013086
-0.252973391003972	0.12819952172774
-0.609248236325583	0.28936152724727
0.431613510460781	0.175668079261446
-0.0681549971377887	0.0301311833607795
-0.656430765070812	0.384886587059715
-0.781575757374397	0.348492799953545
-1.33402692186232	0.830559328116043
-1.18092925200274	0.674823559358097
-0.500454394459263	0.267050239825906
0.141109942912127	0.0612078552861342
0.136462089423724	0.0521659852124386
-0.618803014519538	0.300045459723861
0.891786233446578	0.479376604609741
-0.417383049690746	0.286839441707913
-1.50970933530107	0.790834296107116
-0.744055499890896	0.258369185064904
-0.649319222104321	0.16021039083734
-2.58513149511835	0.689509113042442
-1.54462112347851	0.558792637671358
0.135687810090981	0.0405518208503784
-0.791401001108939	0.350879919431616
-1.84561761110929	0.76467611260434
0.504580075605894	0.183905699075097
-0.966116622326036	0.591479648717113
-0.749707900448518	0.266629197702648
-0.508853767123251	0.462756534338825
0.398940449879441	0.315985122689807
-0.881661962020683	0.96604095356248
0.578626612016619	0.552759358641666
-0.242769141873502	0.255189811709885
-0.345780261204328	0.277517750896118
-0.00373620665179414	0.00207308397813223
-0.24139540904579	0.187180360898445
-0.116588506870213	0.0956212921918195
0.466984486463445	0.433899263360253
0.43984229362868	0.319416871208016
0.834645807690311	0.765192390186445
0.482918207667308	0.428607264059437
-0.0349861349821609	0.0235009159245428
-0.212784476664364	0.144427167054315
2.05724448008131	2.55426954774229
-0.640043511102909	0.588336690983962
0.269656403503341	0.235365861695757
-0.256674077809096	0.218340025874968
-0.529701320401513	0.498137765527876
-0.634976583009735	0.563494317851034
-0.623794946228569	0.519328139568969
0.375012576440081	0.168539047067921
-0.325439199775483	0.150481529168764
-0.622439101247419	0.294346558309578
-0.923897623432334	0.774541821849997
-0.478536823531869	0.32181468679335
-0.559531065541971	0.35557772344575
-0.232946940869871	0.151031823350621
-0.287871716169561	0.184709957741821
-0.702953276437376	0.568848811477682
-0.354895218858122	0.258944117105234
-0.206107002478383	0.179698770629494
-0.0599917092770486	0.0552590887909113
0.14609463053109	0.141207551493123
0.419501699615605	0.423537784759296
0.697494102430035	0.458812160846057
-0.0367892938825417	0.0176198078756994
0.385761395099119	0.173168165687444
0.316673749097296	0.190485490681652
-1.29608205927381	0.596939206244447
0.84931778523878	0.622799009435132
-0.162526080251416	0.0595363498862368
-0.406052909659443	0.16914881527373
0.133502874099665	0.0402503094723903
-0.113240152774761	0.0452155314259787
0.894564543536702	0.482887348561858
-0.41481437437586	0.173064627857992
0.130755305563244	0.0449465396920763
-0.501358897920174	0.26711981886241
-1.24416019632172	0.931496371570242
-1.05841362315854	0.846744075254343
-0.0390362564180863	0.018226543410857
-0.666366130698674	0.397561324527142
-0.418477401199993	0.238045550357432
-0.617726724474063	0.300368406367299
0.300784478464663	0.195919906397695
-0.314677101137495	0.145986544074097
-0.81236902824105	0.52955713216062
-0.802062414539688	0.435570594540332
-1.84784364391765	0.772704223124906
-0.622808789161327	0.298275537743048
-1.17965602709042	0.6623701216901
0.136650751159166	0.0527716036977143
-0.994380561850817	0.502156564887953
-1.51123244530698	0.780339920084256
0.142608565609377	0.0607971938714575
-0.156690911794975	0.0565903867930676
0.678115190757382	0.321110111421806
-2.09051641699184	0.975356223053455
-0.782496399399875	0.346012441587796
-0.40514467262551	0.169813366988267
0.4313034338578	0.175795446056529
-0.420832137747029	0.173648899035638
-1.3463370143826	0.834423504437623
-0.066762808098966	0.0295232250825857
-0.107030676983149	0.0432926976170955
-0.243484148452124	0.0808609088407405
-2.48391320119307	1.40518876367319
-1.30380004068601	0.591811851677917
-0.784653935996524	0.346067642973006
0.592664555730376	0.308811114106468
1.08713076317019	0.803692672524545
-0.800133349206143	0.439447391459831
0.926974875419701	0.246284209674963
-1.68775223803841	0.954783475215587
1.01155779435024	0.385777953603479
0.506468506416984	0.184272460164198
0.67878211696011	0.317411088800607
2.08429028619333	0.934651562790532
0.675070079402767	0.317521362750003
0.137896063531202	0.0531619810144832
0.434409618871874	0.172823568219207
-0.243241014092852	0.0808370662671502
-0.415596176579345	0.173345858471467
-0.41056321677083	0.175044128218528
0.133606661613399	0.0514748615616714
-1.35106412009504	1.10893866492649
0.324716057641229	0.17796387629084
-0.128349008309705	0.0772141859576341
-0.811352670244677	0.534342385478443
-0.469717658144586	0.313703035873381
-2.00041973225604	1.38173536933575
-1.54538955663062	0.564367029919961
0.160598318410949	0.109649522102321
0.921428415068213	1.02238288435576
0.181578317965832	0.128665052844839
-0.563737853748506	0.357505811055487
0.193414283790537	0.152870207426964
0.18002932684112	0.148879672216393
0.37465784543617	0.316167706037827
0.165904741934033	0.118915479964221
0.328533010819388	0.33052970150133
0.104051299933214	0.0820716077877722
-0.578804241491407	0.530984268686492
0.172084889128024	0.151472760489294
0.902675536253271	0.772007183979126
0.190928046449171	0.152659008994299
-0.0254964183937913	0.0169362197807714
0.327978861715967	0.345729844207005
0.153209991811203	0.0933212792797156
-0.61980558883944	0.509390483051044
-0.186053468824037	0.128692071774741
0.0201458162422217	0.0144007697097697
0.164962536365884	0.118031322023949
0.00448904539055361	0.00331046991692853
-0.72521085662495	0.640249535162689
0.1499284193998	0.0843560371511297
-0.904990183212188	0.84422081540079
-0.103978794727106	0.0769533211551478
-0.605854320828066	0.633348311829118
0.164361813959308	0.13244338497318
-0.173025027088994	0.120879553239461
0.255767745748832	0.211207675913119
-0.0719639444630462	0.0537899447441492
0.169298310470257	0.109260981044796
0.144164268993008	0.0767049768470646
0.77208681862157	0.609446854385979
-0.491686386532573	0.426156368768962
1.6444784922364	1.53025927965878
1.35156484992777	1.2321083841012
-0.349276366419644	0.208661493133942
-0.440916200842531	0.384859458398396
0.69930723454212	0.450009294442903
-0.345143899939018	0.209133702683553
-1.62115160686047	1.25007802188201
0.163788646523118	0.110552272685743
-0.126123362615849	0.0739015808484109
-0.80103721868013	0.439196388262969
-1.10459322075842	0.749772271923653
-0.110905120216736	0.0445697256579797
-0.516698984230487	0.398750460375853
-0.500883690466975	0.261110047777789
0.0141962550183189	0.00755258387246342
-0.302317767435702	0.225373780169874
-0.20246128776188	0.109074473975822
-0.409141468225571	0.173303271776386
-0.40818056411111	0.172229993358021
0.161137116908488	0.0985990871188529
-0.159736229709355	0.0915013481312511
-0.536598984622011	0.209038089032502
1.4434040664568	0.897819638951261
0.127894779700985	0.0492384929400269
0.138266111603692	0.0660349492455093
-0.0363382511807143	0.0173045782938576
0.704967072859768	0.460266865979201
0.699659372116484	0.458571187270797
0.132755613913402	0.0400087413766842
-0.409587007422736	0.231419931592788
0.130755305563244	0.0449465396920763
-0.344942125699101	0.211156893997562
-0.322611923661454	0.150307945378287
-0.540188763035123	0.210389950149253
-0.658280670790582	0.390973212327744
0.850244485083819	0.620729962735469
-0.0745504974734832	0.0328228230738621
0.293918181515347	0.200606745519864
0.130105167826918	0.0446113493171228
1.05191529311535	0.519138413454858
0.588925059225891	0.30692713767465
-0.0700115349206239	0.0309504651638907
-4.02555985958488	1.76075419634681
-0.786814659612519	0.347891567657544
0.345868944846538	0.172818282349057
0.679586781493095	0.322193279624011
1.23278504523667	0.838785761378949
-0.172347154385416	0.0619777504572516
-0.245356289844186	0.162161270145435
-0.614191048635006	0.509768470044676
-0.498153111199821	0.259978184153829
0.135991655403704	0.0651150948553535
-0.659661042247456	0.389529464810814
-0.161323141410888	0.0593428238464744
-1.10597468619659	0.742255057471195
1.79670337293508	0.712109669548487
0.160380077744356	0.104513682397522
-0.539648861162834	0.20784789146555
-0.286338111280122	0.182885964696909
-1.69385133624596	0.952969144794185
-1.80211551800213	0.40518546889285
-3.46924124245495	1.26110671680306
0.128532989649213	0.0387330108702786
0.78110906642919	0.465171462097306
-0.111878347544408	0.0443557772415874
0.508100333579249	0.182297106572409
0.133516783675935	0.0336393793939088
-0.195863649699202	0.105798453801938
-0.90961782727999	0.850397350080498
0.13100768314613	0.0557353569348893
1.2282602263454	1.46842288985138
2.38995813425024	1.97217322909953
-0.702828417043785	0.555139173021232
-0.0689753525939441	0.0442096582131811
-1.17284535458825	0.663514299727993
0.133269655210264	0.0514052505492531
-0.594385217263741	0.434403467922128
0.144164268993008	0.0767049768470646
0.95633895173882	0.627676336784194
0.804297843520141	0.33637515313941
0.132008056168482	0.0393965941991127
-1.05465023459508	0.839065598661635
-0.0726926463216214	0.0317743871047985
-1.66068479813281	1.70287777354765
-0.595134678935565	0.437380611932886
-0.414097974981822	0.232673652421421
0.146022427811205	0.0774473055639761
0.16144027360183	0.110482260108575
-1.14714490787546	1.28599117174616
-0.629300327055103	0.564635092064152
-0.266953419748911	0.203023542274212
-0.17376900456426	0.061666599050855
-0.103336809741886	0.041277567230493
-0.156370753796268	0.0890403739963494
-0.796996036216685	0.759048670322103
0.778907053165537	0.613962059038556
0.0800563844677828	0.0565775438339879
0.0195619161254215	0.0102666721350017
-0.0118048165962418	0.0060700272762169
0.784588024858724	0.615556613095337
0.842927379554715	0.612324084909526
1.46334051607552	1.45564430853685
1.45848349907406	1.3994350848884
-0.902073558549958	0.900797019642606
-0.353213846145426	0.287609530172438
0.0315504307143219	0.018264007432819
0.437848733887926	0.317358412749938
-0.257388335003426	0.129238280423737
-1.5238722584295	1.64851640261487
-2.13295649691257	2.37895040857769
-0.498192903551233	0.262959223340839
0.285732332987021	0.194214051312382
0.134135366397331	0.0638995603707231
-0.801460291529661	0.439687522496419
-0.32492615022811	0.150888440320335
-0.594782234861544	0.430652479200454
0.567481511236492	0.452710722087839
-0.197889357169595	0.106720104920324
0.668558380597133	0.580852089210079
-0.342114031582101	0.206800931053682
0.718358166249209	0.594968902981696
-1.85869626764253	1.164792361582
-0.961560734657416	0.590169611884437
-0.412471956411617	0.175341818450118
0.470246807907811	0.311906079994534
-1.23329857253236	0.922497056421643
-0.169310736207172	0.0622086261971111
-0.201699437986873	0.110070898716132
-0.120014739328648	0.071367320553829
-0.200738407098906	0.108841296587669
1.0857213508837	0.798748547641531
-1.29312325590293	0.594173782042438
1.60718940088474	1.12500364394142
-0.157217217160404	0.0903779679324306
1.23954802738006	0.841486454601788
0.149601805041838	0.0631544982677129
-0.0732403297342795	0.0320694025739623
-0.250730876516311	0.125826051729839
0.349617759426797	0.17474394905506
-0.262663220167914	0.196974209096381
0.128409687155751	0.0434818348029356
0.891246116538183	0.484838989975286
0.428220694818722	0.173585777710766
-0.633268802428468	0.568703926704426
1.79870938672057	0.706124174779807
-3.09280325935961	0.972693856185307
2.7489176254429	0.781882431670721
0.139847419253076	0.0352678773972538
0.926329332609966	0.245803896301602
0.132517398019614	0.0400248322660559
-0.646622749070198	0.158987296788642
0.137716344096337	0.0264356853006178
-1.16577583586829	0.360083099240396
0.138169594891086	0.0265198668009027
0.138169594891086	0.0265198668009027
0.130105167826918	0.0446113493171228
0.929670085417592	0.244778423912617
-0.742349181059267	0.256074125339766
-0.748021070817505	0.259437181730533
0.59512959289608	0.447188334148038
0.598031971014468	0.454251947917257
-1.6843516295777	0.954427170903616
0.532694256749446	0.304851599784403
0.680488477207871	0.322481729208535
-0.662268200426704	0.391996234401251
-1.35603952981343	1.10828742789315
0.804306426214091	0.344854975606889
0.599238505244802	0.31326798900738
0.145070471664304	0.0770823206870093
-0.540567326781551	0.21079663144273
-0.368970569520409	0.108704530129129
0.800731449974192	0.3425296464443
0.13806085974017	0.0349020150681185
-0.16839608254843	0.0616855989568125
-0.242788883618067	0.0808805347641532
0.156095781006616	0.0812885726911318
-0.612950362124269	0.297127994489133
-0.152670897932138	0.0868595761847496
-0.499793247664606	0.430981134805078
-0.478200410132919	0.323624937829387
-0.799881521534152	0.760031231990738
-0.465075044145848	0.305479319283518
-1.80211551800213	0.40518546889285
-0.242788883618067	0.0808805347641532
0.88560608247656	0.4772698841079
0.485749063264247	0.298475001301934
0.952345933129427	0.632236014843623
0.15607767742687	0.0955089206812381
0.00418162731253221	0.0022713914526158
-0.117472545151206	0.0699752231242969
-0.240507304228791	0.158898901473537
1.21431258178833	1.14054223250022
0.638806033141994	0.573718227395328
0.76985469535654	0.601145862892126
-1.01793502166143	0.93071553029828
0.327837307501295	0.181875222704265
0.30997400691655	0.182631219330918
1.89836268190132	1.61783913308219
-0.410513936627583	0.233140348121817
-0.560880442946822	0.360114910432844
0.310447862712579	0.188035251873523
-0.800555803404835	0.44379923760272
-0.109964577068332	0.0644084755937767
-0.315512909576834	0.145627159672174
-0.405186522637126	0.172289835749246
-0.0676622360884758	0.02992921492593
-0.254604493808615	0.164716209438913
1.35660359772848	1.2417178393772
-0.663603993587967	0.39517475528019
0.41640415168629	0.316303726307518
0.139073148904902	0.0266055202308437
-0.0676622360884758	0.02992921492593
-0.956360593950258	0.574245002659455
-1.36637949554311	1.11609709339584
-0.610148058994223	0.292004055769228
-1.17615071741896	0.668885387988931
-1.49739199389473	0.752334150892687
0.13063789206	0.0608828017274466
-0.802018865231988	0.530588441863776
-1.00755760766534	0.485717486102514
-0.23997851337229	0.0797141941925215
-0.110516538265453	0.0446169747691459
0.354233222286677	0.177798446108043
-0.417475132782494	0.23770007332946
-0.618592757501377	0.297996773943247
0.323849484057832	0.179922635132115
0.802549426834567	0.341570842109923
0.798257089708126	0.336539056056745
-0.409998477425756	0.174852973148685
0.881757808415821	0.473376481004409
1.77367604123043	0.985876175700532
-0.11228741965294	0.0663040456815351
0.377150107007042	0.169547415920011
-0.242788883618067	0.0808805347641532
-0.372732473872603	0.110746709749891
-0.654514463701247	0.160265207029626
-0.649677393302236	0.159121336474823
-1.16605123679474	0.358241254731586
1.43211444118756	0.474033268230349
0.925819939961969	0.242168104656227
0.143458160699927	0.0358142984417619
-3.468495517409	1.24545977066643
-0.749707900448518	0.266629197702648
1.43499437670553	0.469713899049653
1.0157137322373	0.387976380499905
-0.911823127433314	0.756405071632258
-0.154684283382336	0.0885698726747664
1.10871252108597	0.997154792947572
1.60578739057924	1.11259501523348
1.04580566003061	0.510596983508345
0.0431314094851179	0.026370173609148
-1.61708208274664	1.24554054961204
0.142782810358113	0.0756255981827042
1.44691986021885	0.899784327074712
0.324816560112136	0.178399295230806
0.437130186387338	0.175918633068739
0.381013403734791	0.173132440946282
-0.244190797351914	0.0812410173227275
-1.33413828177319	0.840346139134908
1.23972920833387	0.858919474528654
-0.204294334608112	0.108894260936695
-0.622463529417997	0.303470935584768
-0.356986295742274	0.288857003866048
-0.246865201069542	0.164282782429331
0.968737673243022	1.06011227148374
-0.171453107463258	0.120277486011271
-0.202846097401735	0.138428037122601
-0.90602281226366	0.846532001962169
-0.520596348224021	0.39428900430569
-0.460372352666216	0.359400910230421
-0.53835394686111	0.206819231754377
0.31200077224223	0.186047169551759
-0.907305372372691	1.14539075616877
-0.263001655638783	0.223670884741203
-0.346976396464539	0.247881350073134
0.624262674089821	0.655260219691451
0.266766363338505	0.215706545714729
-0.151648261702687	0.107808945505796
-0.0963160605018877	0.0595973834147858
-0.35477172803028	0.257654705875148
0.0588847000186294	0.0394006425342685
0.941384363606168	0.920984060688469
0.724286442029551	0.703807790496311
0.715012014335732	0.597862877258779
0.0212018136584893	0.0122849530265932
-0.51969549268226	0.401082651537614
0.323810166988372	0.176983288366587
-0.784371186155024	0.348854323449673
-0.280577142586126	0.176529751997887
-2.4978700643537	1.37034824887222
-1.1161763621376	1.08873313676583
0.137330275162768	0.0656518857571363
-0.557595964520709	0.357589675212175
0.829923278825245	0.746513678625101
-0.200065421606392	0.107167776520317
-0.416033372206262	0.172832276211886
0.308801114076877	0.185268870313245
-0.719118561540515	0.647233402270886
1.1047539509042	0.974587323714939
-1.0567103536123	0.846477600874817
-1.18200022878108	0.673361826305568
-0.501435028733428	0.263956495477953
-0.323636206545466	0.149916033354197
-0.239593491242563	0.157566635356539
-0.809844724399383	0.525658081704097
-0.202848577284863	0.108160420745389
-1.54134641011664	0.564552208534783
-0.801638805518496	0.531776220082984
-1.17565561595604	0.665266476678695
-1.16817229691237	1.01029458673539
-1.05277277969458	0.830508292622689
-0.0769446466093482	0.0333392976397071
-0.968433709685427	0.596827996981073
-0.319267620729559	0.148097361925747
0.59698332640387	0.313347175901406
-0.530412643709192	0.39449224598459
0.495754668698367	0.311274296843318
0.465241557321064	0.316579664887696
0.42781391808796	0.303726911425491
-0.47802358376814	0.320103582831697
0.0259734221259038	0.0149387579604546
-0.425884122239107	0.237560954534679
1.0473185286848	0.50559986677109
-0.0413134174662187	0.0195326836698251
-0.24933364489508	0.0820914459040719
0.139073148904902	0.0266055202308437
0.141628868364635	0.0268733845859336
0.801640822834797	0.342681912930608
0.138818714405564	0.0354421828043769
-0.650959635012338	0.159168476600347
0.138618353811657	0.0265211219118666
1.75799559735266	0.978163333334627
-3.76852422420012	1.52461461294132
0.506468506416984	0.184272460164198
-0.112699762810481	0.0451902475195628
-0.157288375752953	0.0566058398464989
1.04913646577078	0.507645145343534
-0.374056649896452	0.10984667872003
-0.161642918674331	0.0925192554675571
0.848287794992621	0.611120260168785
-0.0594213326149693	0.038751742316628
0.285712471688475	0.205329118876288
0.493809126198724	0.312222659049902
0.370446587874638	0.315776085333604
-0.0162234001154723	0.00814744329772639
-0.807757016390747	0.532240688521049
-0.159490540697212	0.0581388923908031
0.709962630880193	0.577534410721846
0.488250394885337	0.302358043071142
-0.320687693113924	0.147999641906831
-0.650959635012338	0.159168476600347
-1.50572759857967	0.784993477689599
0.313236566213976	0.188616733745955
-0.249087779716609	0.0821262723446787
0.140079741061962	0.0666710462112941
-0.0421658206462371	0.0201778481789524
-0.0888500970539558	0.0536954107303869
-0.211943264242778	0.166540816526895
-0.883079712495812	0.891741803324738
-0.516822455787061	0.395794857183829
-0.808604124285478	0.632027204331773
-0.199384254794569	0.10850922128319
0.064923627208465	0.0417450613339606
0.282499592940067	0.20135852347743
-0.912195697946284	0.767507375163148
0.60408547750167	0.568620976832784
0.438893618500355	0.318487796509202
-0.0104324367291582	0.00538509285158504
0.170157449114746	0.116083018981351
1.12427780600127	1.14243476905744
0.0341030090826304	0.0208559913676365
-0.806736082071422	0.616711761559655
0.367135098030396	0.159093199189471
-0.0306947803466001	0.0206675129439891
-0.0118048165962418	0.0060700272762169
-0.67354947488281	0.394550388424524
-0.807766538611282	0.534824896123003
-0.293725868907744	0.18778010917852
0.607863467098873	0.453328230885981
-0.61862729111801	0.300331195278872
0.144740220457693	0.0751860646174371
-0.160050064673162	0.0923000065324634
-0.233136757096117	0.152149891243088
-1.66586678519101	1.73320266714468
-0.950063602641085	0.680302314132802
-1.22650530212043	0.895219076785184
-0.891079674913059	0.901802038431872
-0.660088842323363	0.3871923017448
-0.455787503165472	0.359314643792216
-0.402662337142481	0.28278257300719
1.75825864145971	1.7750545944052
0.496095670186052	0.311733448545113
-0.0452604458777549	0.0214651803128482
0.136486244921075	0.0638621456879925
-0.265111528646187	0.199157860243053
0.280955710433089	0.20327797432758
-1.26789656894484	1.18267496961499
-0.54121570977476	0.210238530837184
-1.18183311150445	0.666354253136408
-0.160947632915051	0.058357065356587
-0.292685155661654	0.186253316453234
-0.710195103118453	0.571437633984447
-0.919739961294124	0.768412155520073
0.135209818222428	0.0699092630715269
-0.111262641289649	0.044811437245554
-0.19698544075993	0.106463602627733
-0.413546460700209	0.238077546638669
-0.589305189052315	0.431272021866998
0.330112524728909	0.181886408048057
0.164300996049001	0.106389563384711
-1.95060447616068	1.91449495001579
0.148878441835777	0.0786343665565486
-0.342630412082635	0.208897954905937
0.279694693823438	0.210547399494185
0.385405797251272	0.171871480344545
-0.348909891553808	0.250961648969403
1.3475829214828	1.21329397270755
-1.62115160686047	1.25007802188201
0.644157745211961	0.451802555491854
0.328767486180932	0.182586777369728
0.887737869713113	0.481246055555837
1.09456429288565	0.821392811806465
-0.326852484383346	0.150629021353164
-0.293356853327038	0.185097173456792
-0.810680240910004	0.769960926265647
0.133037105859592	0.0510757561308982
1.07851322254398	0.661572733479376
-0.372967191440885	0.109879462987979
-0.541486546335587	0.211448846736342
0.138169594891086	0.0265198668009027
-1.16076621190063	0.359385238156804
-0.376050641505638	0.110143849291774
0.139073148904902	0.0266055202308437
0.138618353811657	0.0265211219118666
-1.43791090089217	1.75011325548634
-1.80190156331263	0.405310176911618
-0.649677393302236	0.159121336474823
-0.649677393302236	0.159121336474823
-1.15865836302273	0.356559362366982
-1.16180306616162	0.360626829502971
-0.242788883618067	0.0808805347641532
-3.09739452059542	0.972553736075869
-0.371963944093828	0.110621992809151
0.136676224470739	0.0411018975580698
-0.0732082920161014	0.0323430675314121
-0.413546460700209	0.238077546638669
0.263462630745955	0.212296348211554
1.31982705526897	1.37286121409059
-1.04825804245851	0.430881776490226
-0.638397214562171	0.575149393031181
-0.293823048438319	0.187411129575962
1.61509914772809	1.12848373185033
0.380659208100774	0.172749149895122
0.0274537916069684	0.015835184733115
-0.998492470126997	0.506921603159325
-0.246744187489769	0.0819875861942725
0.125033303465894	0.0428637016829975
0.499903169580731	0.311378033136094
-1.54134641011664	0.564552208534783
-0.807572988986153	0.623021419305646
-0.914583795857558	0.778098352518675
-1.05946176289887	0.858331086294889
-1.36183556614957	1.35916722192758
-0.423579324242715	0.23682372181398
-0.912381145758914	0.746930683503758
-0.144867113358208	0.103092067960034
1.21006039197825	1.11931966289654
0.296869312449077	0.190126222734918
0.0738773134739517	0.0523338954095627
-0.707737010816335	0.566779958976391
0.527760869532628	0.435661601568329
-0.555545198510734	0.470225789940284
0.673778487583916	0.592246565379796
-0.245965748822388	0.160689417717009
0.29626365735613	0.20248859827114
0.269826630265593	0.211347284295795
0.605166118599116	0.563675608242244
-0.694585933220414	0.489966650828204
-0.346318211417933	0.211129675496844
-0.0597031480040578	0.038888783003671
-0.0113184035048634	0.00582419083914474
-0.196736607092876	0.132793314803914
0.280406865823553	0.198083697216164
-0.246569485604032	0.162363754461473
-0.918042282193798	0.77330934172291
-0.519987994192636	0.400442351469467
-1.05879228472574	0.854384201384797
0.691289313962034	0.443469491903798
-0.292685155661654	0.186253316453234
-0.321588029620699	0.149106465782365
0.666819716638383	0.573476640925484
-0.97235394914084	1.05062823527698
-0.552366710311041	0.349011318580975
-0.161831289388075	0.0931503938847974
-0.671005776629773	0.706013090875254
-0.59766113919532	0.436805973150935
-1.34248434643227	0.843558808173215
0.148234078797683	0.0845650420469993
-0.810431393254381	0.540091664739785
-0.342603779578255	0.20652057983122
-0.0380881009575787	0.0253667517531697
-0.348056295857262	0.250818855455538
0.529796012814074	0.440297496105584
0.157951315439159	0.0900136983138736
-1.16321523352827	1.01124144809139
-1.50420155227119	0.771926412902557
-1.84786522184049	0.755426151532587
-0.164403605220993	0.0602516836701797
0.144530799875238	0.0696222584588446
-0.465888846024676	0.362667017004604
0.292814078101101	0.20010452322568
-1.11700612989224	1.08335276069402
-0.400621641718615	0.322982692052375
-0.164403605220993	0.0602516836701797
-0.107389210124692	0.043337395747728
0.321513272375767	0.192077960456968
-0.116179027186003	0.0466633349984021
-1.36587079377843	1.36044171616685
-0.411378608269998	0.233081963643364
0.533102457082857	0.309626722974993
-0.0732403297342795	0.0320694025739623
-0.158755834889548	0.0891862359777531
-0.0394720501762254	0.0186838937986668
-0.478200410132919	0.323624937829387
-0.477018997391089	0.318861734089976
0.493809126198724	0.312222659049902
0.529556845790757	0.302411371267835
1.07527058489643	0.659827608810812
0.14378691100016	0.0810550502989156
-0.282962481023783	0.17844689369229
1.95207024097569	1.23328852734098
-0.66006882044998	0.390237445627969
0.59684705060167	0.313578932016721
0.699711127174222	0.448716030639608
-0.720438220866112	0.643493834942429
-0.162281969069015	0.0587563942077429
-0.587730225287378	0.428786017339374
0.129278986113907	0.0386815864932076
0.138618353811657	0.0265211219118666
1.95338582999428	0.463576578510391
-1.16756877193145	0.358467365380653
0.138169594891086	0.0265198668009027
-0.750699276625547	0.264252450117151
-1.16501672782279	0.357025208830094
3.62254507579789	1.42030496214698
-0.635537279818372	0.575201120893353
-1.16577583586829	0.360083099240396
-0.37373542401889	0.110004299970677
0.13096448496266	0.0390859273598624
-1.53962161237779	0.55169274352384
-0.23997851337229	0.0797141941925215
0.705463214022088	0.459161907969766
1.07106380991206	0.652816459874781
-0.165318734214513	0.0606610603776833
0.14375536275825	0.0537307826405831
-2.08981984785612	0.976979991676915
-0.199384254794569	0.10850922128319
0.681057029915343	0.319246270682732
-3.468495517409	1.24545977066643
0.138279997294242	0.0524407378826334
-0.166551048008481	0.0605901327587292
-2.08912348607224	0.975673467838876
-0.801177071449719	0.531135621832802
-1.30780404544557	0.581627338223205
-1.16560465403886	1.01140273308618
-2.64932005787562	1.64873663137308
-0.544827346691485	0.333877903868796
-0.108465157993992	0.043729522101738
0.146475083163251	0.077722705900042
0.152518992018403	0.0768989703415665
-1.62270727945958	1.19209500102127
-0.0446015445990047	0.029204487643719
0.145297292350196	0.0623836442062413
-1.17615071741896	0.668885387988931
0.595945168035432	0.44797609222065
-0.956010137716891	0.587969492747401
-0.266898786305293	0.203659483569674
0.530457639608259	0.30362010470355
-0.107568195067127	0.0434381175009775
-0.936665507398657	0.694414086250857
-0.0708959284935654	0.0311295953444093
-1.23503158978775	0.920727012048104
-2.24303944270086	1.86022898952447
-0.299823218616379	0.184320411503507
0.949210034824216	0.636454590781517
-0.32775440699784	0.151191385882461
-0.245701937903686	0.121839679858241
0.461725634048147	0.309316030512473
-0.286338111280122	0.182885964696909
1.94297927238776	1.19993322639922
-1.10416913324101	0.76306046766961
0.939804087279757	0.627166506713312
0.382441524201531	0.172846715056874
-0.504672626649129	0.267065456522574
-0.41526729545931	0.236424222052531
-1.05438914337727	0.857982925605953
-0.204776310497203	0.110895669695531
-0.203534598220214	0.110179015202326
-0.277242847016077	0.172006871854027
-1.04988368167398	0.426197861954869
-0.351611073539671	0.254638935742172
-0.367195240283961	0.107121976389446
-0.332425351991219	0.196667731144279
-1.33373917576847	0.828241541910477
-0.0398751284704776	0.0191285021368635
0.836143168478906	0.757080855085124
2.10984818248507	1.44674049031482
-1.36128824645067	1.12923160762948
-1.04893390575969	0.425501531364033
-0.504102204108252	0.267253466571545
-0.113310755014642	0.0454808648595026
-1.17194094365085	0.655610935735847
-1.54109898628274	0.564008735008191
-0.654514463701247	0.160265207029626
-0.372199398666119	0.10861997456099
0.696601152428138	0.446106721318742
-0.0208294203683891	0.0104766374782366
-0.786176974594147	0.350839154379538
-1.24150666052862	0.93586905861907
-0.965772975485394	0.59327451361917
0.632794151594364	0.441334786669361
-0.410395358220692	0.174479031259067
-0.261039308315145	0.130800725006954
-0.546255987791274	0.324004389068199
-1.50572759857967	0.784993477689599
1.60865785750227	1.11306274883859
-0.111802426887164	0.0449555909623443
1.54294627758216	0.752682581505889
0.131951896347009	0.0505060364649837
0.292069407293132	0.199789189993603
0.597273965112472	0.311104486857583
-0.965614960830437	0.573177675512127
0.136021558207427	0.0586413438510883
-0.913984545420379	0.756798893163605
0.135899774697344	0.0461942034826839
1.38968707477919	1.06793803826448
1.23385720261104	0.839499107055448
-0.199804843943609	0.107741505859694
0.505524711177284	0.184537045848412
-0.164717030217209	0.0605798459598444
0.45158410010196	0.299666075405437
-0.378051187678928	0.111023447161183
-0.654514463701247	0.160265207029626
-0.654165411001464	0.159831562379876
1.95584693887656	0.462330835133922
-0.493402416466777	0.492841619939145
-2.58513149511835	0.689509113042442
-0.372967191440885	0.109879462987979
1.04580566003061	0.510596983508345
-0.382390918968991	0.110368087014075
-1.80190156331263	0.405310176911618
0.132055155653072	0.0449007949188124
-0.960988697201818	0.588993893045247
0.917445001888485	1.03609915291227
-0.661828008748294	0.388474541762902
0.345959553659844	0.172900183425928
0.701018834486638	0.45882024685933
0.534480645275435	0.305631607843094
0.637444278449228	0.442855691330263
-0.512018393439624	0.261674412075876
-0.539919082620629	0.210635134915098
-0.810786212784775	0.625818138434996
-0.610148058994223	0.292004055769228
-0.994599436231693	0.502339226369883
-1.10055154119719	0.746076699091295
-0.802602644488099	0.603284112215898
-1.18146469295444	0.674929912549786
0.0220448036722512	0.0127694933510933
-0.686690374881356	0.479404474681208
-0.16556887183306	0.11547927454838
0.433750048888466	0.424280778780438
0.0431314094851179	0.026370173609148
0.150791597160941	0.0898866499327347
0.64588074973826	0.455907133819968
0.379206341293721	0.170397641869067
-0.0997235009225762	0.0611710175283616
0.343635125198136	0.171406181035459
0.170203079736387	0.120988682796469
-0.252021318914833	0.128059804024832
-0.358203621651604	0.258546492213017
-1.98904124963697	1.36927779027007
-0.317854786264034	0.147018882167355
0.672409814316637	0.590624753927333
0.150680763038528	0.0863618909324084
0.154695977903736	0.095543905311817
-0.498684514017248	0.262352886755373
0.286306638529736	0.206873998379704
-0.1638005064279	0.0600618571222791
0.384863489590947	0.174885684504261
0.00491449849222072	0.00271476585378925
-1.24150666052862	0.93586905861907
0.147555980119784	0.0843694895947562
-0.1684282695833	0.094974316554807
-0.0473530288070399	0.0223097129103275
-0.0402680012808781	0.019095088297374
-0.659577907552879	0.387959547803863
-0.44568444017394	0.346541380471796
-1.47310626112906	1.31568969376273
0.705871952093671	0.459484902962597
-0.123895711094338	0.074000448215498
0.300776559221802	0.205795254355974
-0.324461245766878	0.150010955106858
-3.09280325935961	0.972693856185307
0.136628230278163	0.0342854039182628
3.91649626313352	1.73172133841656
-2.92667857520993	2.16909273290189
0.45987098509793	0.423220114782363
-1.04473605205256	0.423572303964998
-0.595729554865877	0.442966619203327
-0.661862725750789	0.391910749747239
-0.799229099100982	0.437058118340742
0.138224162183135	0.0655903428286312
-0.413381207516543	0.17636300038956
-0.164988899854355	0.0605952762512714
0.310891810582693	0.188409850015462
0.700551001627007	0.458973635216588
-0.416557589666579	0.237869725450522
-0.679486522115816	0.471022102863615
1.04551699634049	0.512090042496049
0.342681000662165	0.170749356019436
0.139964424144334	0.0676637522938998
0.314859664987827	0.188785229235491
-0.55378270433698	0.352609365398496
-0.959182523403371	0.586747291707879
-0.409307997970314	0.172071232566052
-0.0180803504360622	0.00914712193134934
0.143953964467381	0.0752662582372131
-1.18056034976999	0.673277993957225
-0.112414917578797	0.0446795199144489
-0.9885013533411	0.97951393708012
0.137716344096337	0.0264356853006178
-1.16331040146866	0.356501861337983
0.137716344096337	0.0264356853006178
-0.367195240283961	0.107121976389446
0.926329332609966	0.245803896301602
1.95256933090985	0.464168557061862
0.139073148904902	0.0266055202308437
-0.272601312080341	0.206671077933558
-0.0844362535959234	0.0613993877572128
-0.986900488138509	0.981617274048022
0.130541931224531	0.0439529059590934
-1.16795525204921	0.35228719896774
-1.1600126841405	0.35529503686347
-1.16180306616162	0.360626829502971
-1.54639876708013	0.566309129661381
-0.619704582868248	0.300010545149298
-0.318754118103612	0.147581027801005
-0.121283594562403	0.0723879599360038
-0.0472669796813768	0.022103269521932
-0.356487502531799	0.212275640470457
1.3318076453896	1.39892883227171
-0.933583257504386	0.675665591811223
-1.48874117590611	1.01925881229338
-0.317727409807844	0.144969128197696
-0.0644357305033115	0.0282701094820043
-0.401577993890993	0.221598307122971
-0.00782923794416533	0.00408786701822326
-0.811689372870722	0.537943299835403
0.333638729473376	0.183068021165823
-0.316601469317738	0.146247002477692
-0.997927577505705	0.506088294798231
-1.6876832791038	0.967365139130739
-0.340247770939656	0.205196912169441
-0.618763311534973	0.302466954406303
-0.556869060556687	0.351648876536548
0.944706972254468	0.639483798169121
-1.17619204489667	0.666062644274033
-0.200065421606392	0.107167776520317
-1.18056034976999	0.673277993957225
-0.0132122779444125	0.00678136440282581
0.130755305563244	0.0449465396920763
-0.801632151195417	0.529211210203055
-1.05289679402267	0.425457742295197
-0.351207479953889	0.212395248436444
-0.414290591555743	0.1764908411527
-0.252021318914833	0.128059804024832
-1.61803846168785	1.24812942554391
-0.165320765543476	0.0607703071733124
-0.253304292180857	0.126025115706573
-0.5413960558512	0.210897885586138
0.887383441664308	0.478972445956347
0.168357044418112	0.120695103509228
0.455173181134484	0.306350488168177
-0.937563677368082	0.691980937905661
-0.612585918983524	0.294364087416283
-0.413381207516543	0.17636300038956
-0.160406674189867	0.0589738488213368
-1.84784364391765	0.772704223124906
0.350159539766767	0.174076532790649
0.499677806509618	0.181395612831858
-0.621926613724675	0.301982192537307
-0.369504231805591	0.107567671934274
-0.55564586251669	0.348720790754766
-0.958312618917208	0.583412706447686
-0.318803796448453	0.149077156959207
-0.112699762810481	0.0451902475195628
-0.042504409030576	0.0201674849339689
0.531801957015293	0.303475401766924
0.801807406267958	0.338805355853086
-0.560880442946822	0.360114910432844
-0.805575432589619	0.539080633032899
-0.409653650783678	0.174503983044039
-1.83723681340657	0.760405161947283
-1.17692676702713	0.656418318623996
-0.34468553354097	0.206889615192878
1.75980578263061	0.996347529573378
-0.40766305353623	0.170977622483772
0.581990912035485	0.296273230153179
1.37582562522044	1.02463401586416
-0.603644770807038	0.443711456848184
-0.955520728278011	0.586697928839501
0.134176100343271	0.0517130992440637
0.134010367464229	0.0690396674593558
-1.61349840374057	1.23333175424534
0.542985208015475	0.307003767060613
0.885062961172869	0.475250685703186
0.896807199166399	0.475898568563079
0.00670298881696038	0.00366008440546808
0.138818714405564	0.0354421828043769
-0.648677249821696	0.158587087101144
-1.80211551800213	0.40518546889285
0.137716344096337	0.0264356853006178
1.7999374187146	0.711558267279855
-0.548443206836725	0.553803096171526
0.286038036780218	0.216718684057
-0.586238870689228	0.576408261160033
-0.797595759347255	0.883199736961346
-0.876191986504404	0.945103031497012
-0.367195240283961	0.107121976389446
1.01595055020248	0.392095167936931
-0.378051187678928	0.111023447161183
-0.238331644347611	0.0787660677791559
0.138169594891086	0.0265198668009027
-1.04851378907912	0.424859501269914
-0.411472922169948	0.173914079347882
0.134986889048387	0.0462856031126629
0.131531340806028	0.0393848494794365
0.47862378609144	0.427698761893179
0.26753793319089	0.209636894657628
0.913421791089429	1.03205804818344
0.944059505695756	0.923746121590549
0.856345482758175	0.623812957468084
-0.913796995297037	0.767750249748803
-0.644903317353115	0.590372956710256
-0.343315025850378	0.206127582076083
-0.159106662011948	0.0918805838613567
-0.201070708036341	0.13758597657294
-0.256443646903589	0.219187515977646
0.836297673947813	0.757257949701823
-0.790442762979223	0.344478759712481
0.300355472951311	0.195314755217501
0.519923384125224	0.428288012459649
1.64828780028589	1.53773856142395
0.00949040112835629	0.00508110776165462
-0.614386323917022	0.298711515778912
-1.17736015340819	1.01452724632422
-0.497209987605113	0.26256691269862
0.315049202435943	0.189241490742095
-1.10821829917485	0.761670430863988
-0.107187390571747	0.0429022375193765
-0.514293828504726	0.395173295733523
0.0214394965310297	0.0125424746699897
0.384509989658748	0.174899135225633
-0.318754118103612	0.147581027801005
-1.24196683311447	0.935939651632978
-0.160788348279726	0.0907940851809699
-0.0714004938487793	0.0446707612541496
-0.115102540246308	0.0464062353304709
-0.155398323992729	0.0883843653300151
-0.296735317992605	0.188187333485978
-0.194814735479877	0.104421097660069
-0.621200208375836	0.302453230845517
-0.159414720394308	0.0902936317786095
0.136917599440364	0.0590641259625537
-0.811690314156819	0.534400532998883
0.556269247270882	0.4456128707256
1.79670337293508	0.712109669548487
-0.34932874636683	0.211730931920329
-0.174958661554594	0.0620668211537689
0.346340457219387	0.171808117625053
-0.665898692323972	0.397312644187052
-0.567203279544684	0.346953520707712
0.00243457874035503	0.0013967835322266
0.312533704091644	0.184655048514301
0.126565388852724	0.0378858273324485
-0.410907644838062	0.173723592383277
0.778841898522349	0.459856748386054
0.367497975774479	0.313066497933027
-0.477249406659061	0.322038968066473
-0.786496231567495	0.35210829920392
-0.0333014776684508	0.0158845297659376
-0.0712389471804322	0.0311183643263652
-0.924790950450456	0.776606355852312
0.311580393967924	0.188494156086309
-0.785574924986156	0.351164797524706
1.07017502345313	0.651861147086314
-0.403710853129101	0.169837949507226
0.683295886413862	0.321423944540654
-1.10783461052722	0.743693093195769
0.775714031089667	0.465070326950201
-0.118538678950435	0.0705322176994368
-0.96570018322773	0.598243527580802
0.153845804977022	0.0947455877844766
-0.161323141410888	0.0593428238464744
-0.248892050855984	0.125306899342208
0.135514492544212	0.0521282796685156
-0.0292929288998623	0.0139237573015839
0.143574111596191	0.0689524196441958
-0.406318393411611	0.171743621303023
-0.248142417567758	0.0817264643962973
-0.649319222104321	0.16021039083734
-0.247933599496154	0.081059996368568
-0.649319222104321	0.16021039083734
0.138169594891086	0.0265198668009027
0.128356786971529	0.0436526425575876
-0.62941569091691	0.297768849783051
-0.999406115771593	0.508196794759441
-0.59446792343691	0.594278536782739
0.16185770168121	0.111001415251503
-0.59195512744549	0.433730349192644
-0.318940118035095	0.265530581538962
-0.409826637020451	0.174074560774058
0.42391891802808	0.1718634323489
-1.84041886221884	0.766882661788326
-0.165586432304184	0.0606717374796943
-2.58513149511835	0.689509113042442
1.05191529311535	0.519138413454858
-0.785255351932478	0.345760696280657
-0.161223316592983	0.0908090747249549
0.0152964361348194	0.00808663896945417
0.71604827979338	0.585051827763935
0.14500900203205	0.0697312098145235
0.593335974905869	0.448646274279088
-0.0178448121130453	0.0090521342282716
-0.24832892349548	0.122070023344385
-0.791595565400859	0.427873543936485
-0.200286929073898	0.108950941859229
-0.26524156280961	0.200972018553319
-0.499976778994672	0.260429923518479
-0.364824968878995	0.297111824411565
-0.668975158916128	0.394645254527344
-0.474426657103064	0.314336817189346
-0.411533147490248	0.173922902729803
-0.355313250742861	0.259195152388673
-0.0722887093195155	0.0316993226511971
0.304199863233045	0.178878176703163
-0.249261466700823	0.124996056351368
0.347827931837689	0.173595277747051
0.142135716499994	0.0613770333174805
0.93800751799784	0.620013836224068
0.656030543026581	0.453058957189204
0.132755613913402	0.0400087413766842
-1.05570531030454	0.853407992947593
-0.61348610565051	0.297980365867815
-0.243489732986148	0.0812398100864258
-0.560646007425524	0.358161308710575
-0.251971273688144	0.127295555004567
-0.413591109031365	0.287366417249898
0.156410124637087	0.081411832896329
-1.00685347159082	0.495385756287692
-0.169021373875344	0.0614292502965276
-0.118050809859546	0.0469293624388148
-0.785569512138	0.350167212429349
-0.0773562064145667	0.0337206629579153
-0.409600573522616	0.233293358847524
-0.410395358220692	0.174479031259067
0.699688226084506	0.454714467087657
1.05040313922884	0.518133696966867
-2.35385043771661	2.11439437917605
0.293918181515347	0.200606745519864
-0.0681830741890907	0.0300068333202504
0.42391891802808	0.1718634323489
0.776164760546153	0.460367175863375
-1.85353462021345	1.1596777279069
-0.655563542522105	0.38110828184991
-0.409089449914564	0.174313041287906
1.25861395177752	0.69554127145935
-0.165924623645863	0.0607705580031965
0.137896063531202	0.0531619810144832
-0.995103728729991	0.504553850302314
1.00847046041149	0.945910424756316
-0.497249826719251	0.256307754068989
-0.508239858041075	0.264771331395836
-0.782175372677927	0.349105651546352
-0.339364743836897	0.204750361364392
-0.658233383397622	0.391233486842724
0.125681624662789	0.0430946049318035
-0.263631471172549	0.128751543360616
-0.16959834053432	0.0614602133522807
0.505524711177284	0.184537045848412
1.77215964724835	0.972752306063696
-0.812612828164083	0.538289589877092
0.137075487422978	0.0713165893107931
-0.0482677539635084	0.0227494020109417
-1.17800151891802	0.659423174361625
0.453569544820116	0.305574885328305
-2.09565077547338	0.983693098482494
-3.77259880828192	1.5127153101387
0.130105167826918	0.0446113493171228
0.132996319470018	0.0392540301152134
0.32871402464502	0.182230231586416
-0.410621189458202	0.173788439973993
-0.649677393302236	0.159121336474823
0.136989442351956	0.0529527438983794
-0.372967191440885	0.109879462987979
-1.84190336279857	0.769704627409186
-0.99475297354519	0.498268403021293
-1.28575581385954	1.41504363429501
-1.45499517415085	1.57587722503107
-0.409049704571352	0.281986923904765
-0.394196163246253	0.349195204075704
-1.18089619141444	0.655917535778261
-1.11364114558559	0.751888830057587
0.561599088662048	0.444073949706622
-0.193912222340379	0.104161064206586
0.135568968576203	0.0339891491304889
0.885952171204415	0.476679952045824
0.718061231969264	0.596242447482106
0.91249995096775	1.01835650952833
-0.587305412057016	0.428248270536579
0.346843087959278	0.171706121688196
0.154118677596509	0.0871522638135164
-0.492449687822834	0.428314497002607
-0.622100361432571	0.304102017504355
-0.117354390138182	0.0698951381976705
0.536718451136399	0.310808999322767
0.296003340672709	0.1916884140354
-0.250637815548469	0.124816770508106
-1.04304786639246	1.20019759412246
-0.455371878095175	0.359942841292424
0.455093137742595	0.30705912882805
-1.23620114233224	0.916576098669648
0.138639852833198	0.0659045617706531
-0.801559104406015	0.529615506607659
-0.662357679466588	0.396669934824836
-0.590674006954712	0.437320983972998
-0.29019687123424	0.185979928349333
0.140213600976277	0.0608520726966992
-0.55213424249608	0.462921129481445
-0.163853108432068	0.0932700251242294
-0.155275374231858	0.0891486201257565
-0.00994520308119814	0.00513755955534786
0.719022904045664	0.595071467513757
0.458748330738246	0.298160998246177
-1.16795525204921	0.35228719896774
-0.808096125106809	0.442746883425911
-1.5054507841569	0.773756546128703
-0.707205269421442	0.574509217278858
-0.467609847414067	0.311673730194883
-0.286679569789293	0.18235165253185
-4.42175926595219	2.26740184012067
-0.76063150419968	0.262033397966174
0.147660957031871	0.070750526610108
0.140619941242245	0.0740549179488948
-0.206636331891481	0.111264753278764
0.312952680627018	0.189834479851641
0.139725609551931	0.0783204122550761
-1.49022967955106	1.04443879140822
-0.411472922169948	0.173914079347882
-0.473581030683305	0.315880380606874
-0.0382335907227822	0.0181044168482496
-0.294834518998245	0.187366326956651
-1.34117873685411	0.854058678160167
0.53087269542663	0.304424834592309
0.385940605101627	0.174945338169834
-0.0156997766838893	0.00790111137578433
-0.799621320331054	0.439730487498041
-0.0274983469472018	0.0134602245928996
-0.196674971820645	0.133177487001525
-0.542320410382213	0.209636374638603
-0.16377402691823	0.0927965345811427
1.08356352190047	0.654256727965819
-0.0403242260029834	0.0193820428990159
-0.0428958221701775	0.020262500904218
-0.0090142994197978	0.00465693417660348
-0.0726926463216214	0.0317743871047985
-0.406966308810848	0.229140524786475
-0.472368982266041	0.319043720598896
-0.112699762810481	0.0451902475195628
-0.247938632709693	0.124887350428106
0.00700616507948866	0.003743904898811
-0.994032892537003	0.502214227197261
0.680821892067524	0.321997991694214
-0.793484899917246	0.429438094831381
-0.594878036872638	0.432982711772207
0.677545326141095	0.319753943438779
-0.200065421606392	0.107167776520317
1.04762263326671	0.514085617901239
-0.377823620534237	0.111128034755999
-0.693704834855782	0.48644285136786
0.946078064071509	0.639863645465915
-0.687377631161949	0.490784883293283
-1.29580538399491	0.604526107834548
-0.318803796448453	0.149077156959207
-1.30023156904106	0.598440833167432
-0.409089449914564	0.174313041287906
-0.943027063625347	0.69039088289964
-1.04763545058484	1.19192895503416
0.00704553612571132	0.00513112177759723
-0.395194468828923	0.380921470167795
-0.0367758398367575	0.017599452492608
-0.142935221769511	0.102009096062071
-0.698885060246812	0.56092701093542
-0.559193942532868	0.350868068260944
3.91543307449018	1.71602442481913
1.06702370070799	1.22405978813926
-0.803549896522277	0.706695784109356
-0.354119076964273	0.251549424962042
0.681221295579783	0.575612016482879
-0.637381201410067	0.584671977378362
-0.0393234233296183	0.0256157032582301
1.12197124430976	1.14050126079604
0.588547086700765	0.306293822488574
0.141240231051368	0.0610230001447611
0.796822032336151	0.339034428445647
0.699180165832556	0.45560532468384
-0.493976964259039	0.255504083829322
-0.408686539412514	0.232520677170617
0.396625878308021	0.315890325858656
0.696588478843919	0.457886188478335
-0.242486590949723	0.161404878176838
-0.25783505573371	0.128115717643708
-0.121452438587332	0.0477725385529761
-0.0122480856432857	0.00628561747044726
0.145967887779773	0.0829457119387053
-0.242248408829169	0.160883394836919
-0.596790820892483	0.445194225789298
-0.233063874625732	0.177574495299421
0.00617961889040706	0.00339046842207815
1.75792564906591	1.75736113587614
0.381550391626406	0.173085403603978
0.636935124710784	0.444813381427482
-1.04974718266881	0.837766322081204
-0.955103027713517	0.58004099473933
-0.80475069681769	0.529860072639904
-1.84815191356791	1.15787991465988
0.697026779888114	0.45628334309006
-0.110365838315129	0.0444253483088259
0.361472423735848	0.17760723914342
0.145998686476681	0.0775408605238176
-1.34066952903375	0.853042651665017
-0.791082425452461	0.354688548548345
-0.59350417491392	0.433079778045894
-1.33592302736971	0.837578682671657
-0.665898692323972	0.397312644187052
-0.500883690466975	0.261110047777789
-0.250256422804428	0.125890269667324
1.60188235151175	2.02226062058146
0.784823502657897	0.843074591557686
-0.414312984090118	0.290071529288441
-0.785574924986156	0.351164797524706
-1.84264604569047	0.766512726713672
0.471794962042576	0.316390210145772
-1.61258762368367	1.23011186938625
0.136471825034789	0.0593672744044938
-0.797546598709702	0.511630829823162
-0.106851384601286	0.0429754283978586
-1.20357384517148	1.21873618148551
-0.649319222104321	0.16021039083734
0.137754695672476	0.059648704954717
-2.00092631543943	1.38005699079583
-0.659577907552879	0.387959547803863
-0.244180925356045	0.081049134991476
0.897695028648959	0.477266843847675
1.04792463449461	0.512690738025412
0.130273630097158	0.0501529017881732
-0.414009454560481	0.238047074673027
0.50509936805064	0.310703134177428
-0.316089493367423	0.14674500190029
-1.1896683654468	0.66011219748114
-0.413381207516543	0.17636300038956
-1.51063293539624	0.781399863088017
-0.807586385324969	0.443175861412512
-0.256491224661844	0.129311703991356
-0.77936948791322	0.339595026954732
-0.345383749819618	0.21138184980874
-0.241386143415283	0.158351953494218
-0.782175372677927	0.349105651546352
-0.792603495120915	0.350025979640015
1.45300078991639	0.896324802968931
-0.538163648191357	0.207948957950952
1.95256933090985	0.464168557061862
0.132517398019614	0.0400248322660559
-1.36504994642312	1.37147552889349
0.291174219739063	0.208857877834288
0.435610189267415	0.175668833000029
-0.802445170999293	0.442775548097137
0.133083947721306	0.0514872556193567
-0.344998201090902	0.248712689340287
0.167925962230839	0.114345851623301
0.0966279668007599	0.07256574206624
-0.0421692898814938	0.0276898456913676
-0.921984179593391	0.777166007865145
-0.554233359416781	0.352512153787127
-0.645782981858047	0.581696503865818
-0.596411535166052	0.433299045017214
-1.27332964931978	1.19804708032746
0.267655470859755	0.197995263811575
0.17990287564208	0.138089837259547
0.167193553419178	0.123791412464611
-0.807586385324969	0.443175861412512
-0.201738644919367	0.137567267236786
0.58610712164212	0.300861755008629
-1.4844128095618	1.01676029775158
-0.255161064171949	0.128589826931615
-0.0337312035178564	0.0160235183149924
-0.800690125838789	0.608892970267791
-0.803998580705695	0.700020594417638
-0.0164510262358862	0.00840946093600393
0.487698621297107	0.302822384631073
0.288540787680776	0.215728722253782
1.66553893265607	1.92090447448287
0.85420897368394	0.625513348746982
-1.46803533628685	1.32242218887635
-0.711037725777923	0.570790758165441
0.00980178286662788	0.00529108748293348
-0.708485169487438	0.625751739800028
-0.0754700987570954	0.0331134529167681
-0.0754700987570954	0.0331134529167681
-1.50572759857967	0.784993477689599
-0.0384834224688209	0.0183737551027558
-0.25974709983832	0.128751360632816
-0.105060526857945	0.0422227174534812
-0.591152025237185	0.428097348642102
-1.35801953566073	1.12127484149487
-0.537244494096108	0.209199262988428
-0.782389999151523	0.341983242361759
-0.501926078269698	0.265655340472567
-0.750453159564684	0.266070645067511
1.12133334598498	1.15308045188732
0.135931183146639	0.0408601823442341
0.13454972856586	0.0581529074439924
-0.475345425768248	0.31728560362553
-0.159414720394308	0.0902936317786095
-0.197437351636756	0.106683043412655
-0.253825359941496	0.128742598552451
1.25926481101365	0.693582551567859
0.35324594609204	0.178158653157937
-0.0732772426636854	0.0318972590344039
0.773393943783407	0.459398826388658
-0.615459105858285	0.298391792013086
-0.170828077605287	0.0625236604443727
1.23418929359318	0.826838342316683
-0.34432041058385	0.206298644294675
-0.503275709255439	0.26560946335715
-1.19902515901897	1.2566465145772
0.351453999635813	0.177386144408616
-0.802375412110593	0.619414457468013
0.537165983046884	0.311041271705653
-0.80419767348399	0.537796176689436
-0.320808722832441	0.147677695136336
-0.622463529417997	0.303470935584768
-0.68663668424922	0.476853254563972
-1.30060141663037	0.607500402054919
-1.84215992422119	0.772497364016813
0.26322487929681	0.20455315385441
-0.0414590791103103	0.0270589009817779
-0.961852601780169	1.02855799777875
-1.16680976292454	0.361321943590249
1.76071036503273	0.998877381269508
1.43287798690679	0.475136223572177
0.132755613913402	0.0400087413766842
-1.16680976292454	0.361321943590249
-2.58468514934926	0.681926813759725
0.495458469913434	0.176521721030671
-0.0391244477225119	0.0185972196698324
-1.48154427044987	1.03107918437865
0.593615195387113	0.311396953803509
-1.47269588378946	1.30675660564896
0.169931221524328	0.115424880054926
-0.415158421087404	0.290541165167821
0.488618744831293	0.439297097743873
-1.1527171411952	1.31076686503664
-0.803742546827481	0.443705159186511
-0.410052768598911	0.174313469131536
-0.066762808098966	0.0295232250825857
-1.23825912105772	0.908502944532966
2.39495504595182	2.02440462347535
-0.511115268406621	0.389027021483037
-0.243024184836429	0.161829103523743
-0.415047748163167	0.288083197192336
0.888326045471989	0.75065844616471
-0.159540674850527	0.0919467646895234
-0.202856598872798	0.108928854662866
-1.1077575624657	0.763527308311214
-2.55833577853282	2.62040775609637
-0.303917590138496	0.224228884983736
-0.162265096849716	0.0934723650922751
-0.414462157306584	0.237903135307632
1.04703881822428	0.509972446965714
-0.0354637731449557	0.0169558616363296
0.76985469535654	0.601145862892126
0.692135731307384	0.446705188522313
-0.346707596732561	0.208846261574199
-0.342998371391359	0.205807923399879
-1.61526608140234	1.22586700646472
0.786262399601765	0.46785168811412
-0.0722887093195155	0.0316993226511971
-0.195168700692478	0.131956120897343
-0.071731129522959	0.0316121721686274
-0.415215846128979	0.290396033051371
-0.156973238710221	0.0897768540045002
0.943833854708838	0.635856716821357
-0.509145885817594	0.267050252611147
-0.111231923705868	0.0651040621388723
-0.914936581252729	0.760241222955134
-1.17511928334287	0.662983172543037
-0.041701189483626	0.0200088546579432
-0.41262076034666	0.236642630250595
-0.626838523946777	0.302387554560819
-0.0473665459729734	0.022130567884454
0.00318387464815285	0.00180889434162139
-4.41768293288032	2.29416019589312
1.30906895135202	0.585546772041702
-0.239029385343018	0.0787747954854874
-0.156666232432411	0.0883180988301616
-0.410597158617841	0.283241949412512
-0.0394917425523976	0.018628268164181
0.14885673289453	0.0843892876801667
0.151301665390237	0.0859240050719763
0.00941046603834149	0.004927500152911
0.382908443771893	0.171810977921741
0.143574111596191	0.0689524196441958
0.324315672221405	0.180531823458249
-0.657349426057297	0.389509015000409
-0.375278197967961	0.109168764094764
1.30745495657921	0.576594767890921
0.891246116538183	0.484838989975286
0.12685424655362	0.0433860144624846
-0.372732473872603	0.110746709749891
0.32871402464502	0.182230231586416
-0.791401001108939	0.350879919431616
1.22814176286347	1.02546753485748
0.133083947721306	0.0514872556193567
0.345445462032793	0.170572727997842
-0.109469066439987	0.0438963496395714
-0.047730284648785	0.022376128582783
0.131432177053536	0.0623018181956548
-1.23641583631828	0.925846598767552
0.347236246547744	0.170505263022241
3.03651629055164	2.20575581437863
-1.33351768458145	0.827098818171915
-1.04543229277773	0.422106982156882
-0.645977108318167	0.157387277340251
-0.881913494118916	0.889256367157874
-0.197378529733594	0.134166937590868
-1.28590263281423	1.41152805063227
-1.73576781145661	1.46459947731448
-0.370192063582796	0.107755133242033
-1.54538955663062	0.564367029919961
0.126237056219096	0.0427775969393179
0.138169594891086	0.0265198668009027
-0.409653650783678	0.174503983044039
0.640432049403559	0.206671110179374
0.291730360215393	0.186020557821167
0.128231952882552	0.049380865923928
0.641203436908402	0.204828865510354
0.146258342580426	0.076364135117094
0.772525269270578	0.611274965163062
-0.159886877092527	0.10954040888297
-0.347346692780215	0.251533114926126
-0.103336809741886	0.041277567230493
-0.69965060677248	0.486858818940414
-0.318754118103612	0.147581027801005
0.132008056168482	0.0393965941991127
-0.413381207516543	0.17636300038956
0.144528274480245	0.0618330615353217
1.38615971558075	1.07084756345947
-0.307730295637893	0.22931953861595
0.42082305126293	0.31670901719581
0.317561100946015	0.189439772024382
0.595954154733155	0.313662255262955
-0.173316114407894	0.120704274381039
-1.14450337738726	1.27268531585295
0.136536751098384	0.0588145613661722
-0.241638087598051	0.156393570024902
0.151315756847612	0.0871541369271512
0.375718010034334	0.167578372924789
0.153110723575872	0.0875612633579326
0.166654160644957	0.108130618511758
-0.598385704258045	0.443018015746813
0.845518931357878	0.623774960953166
-0.317341806965766	0.146122279665729
-0.249718719189391	0.12295521834072
-0.800046354899374	0.443631616689735
0.790697460899934	0.6107618942512
-0.477327801969024	0.311462926089595
-0.158518416983305	0.0900021377947386
-0.2579205559472	0.129893512853151
-0.4085736940504	0.173333927319526
-0.0796775637098002	0.034588258075646
0.427605900232615	0.173170350163645
0.131792570699465	0.0506912441120161
-1.50452594391491	0.783000045076724
-0.322148171450548	0.148726922251501
-1.61444671105407	1.22662148395279
0.139065488656278	0.0671763622834523
-0.208517722254052	0.111347344430393
-1.23631160173365	0.932515528590656
-1.8471013721322	0.774661148617268
0.136536751098384	0.0588145613661722
-1.50665369617009	0.775702475290457
0.138818714405564	0.0354421828043769
-0.622636965232551	0.303887002294065
0.381013403734791	0.173132440946282
0.347827931837689	0.173595277747051
1.08841849237366	0.806739395907272
1.89296081675328	1.58974368439144
-0.20387142558753	0.110017385877094
-0.405706843681072	0.170536952411091
1.04643772215065	0.514195401679448
2.3325100448268	1.17874795812717
0.595859344125601	0.30455001572898
1.89481903881316	1.6250949820502
-0.117614889196461	0.0466956325975436
0.348192550419542	0.176204276959526
0.133676190897627	0.0451799827147991
-0.412175506163879	0.235545839971727
-2.58513149511835	0.689509113042442
-3.09343711568729	0.972052225554497
-1.80211551800213	0.40518546889285
-1.16255649541829	0.360535388481223
-0.485488915803397	0.417230776687385
-0.200439211849192	0.170934233092037
0.5291857502614	0.440042190524316
-0.295563606955176	0.247229189150026
-0.22370963958466	0.16847149675944
0.16808430981393	0.119941928529193
-0.373283661399062	0.108870255273452
-1.84264604569047	0.766512726713672
0.12918993805387	0.0442507386000375
0.141666634051722	0.0357514933011427
-1.80190156331263	0.405310176911618
1.4308149383669	0.474993175817053
0.674873814933585	0.315821181688069
1.6147297645774	1.13300570987089
-0.665849518355557	0.386908675097753
0.800731449974192	0.3425296464443
0.596301361959428	0.447180458651907
0.0685669339817425	0.0460618871237996
0.509626608940631	0.439988184998549
-0.623400940356502	0.508557756840951
-0.922027849884584	0.777449896979882
-0.400572488588025	0.357190176726154
-0.461054067753104	0.365290256783957
-1.05791322947451	0.852622829825494
-0.202338151307316	0.137067748405854
0.16119140568478	0.110422396388723
-0.4076770878917	0.281664348205989
-0.741608659597015	0.255372129801573
0.672360196343649	0.31139239473715
0.329155228274874	0.18186627452205
-0.0382144881896291	0.0182393962687423
-0.303802266546098	0.223467796819811
-0.49044299719364	0.414879054767095
-0.351783924048178	0.25481064927135
-0.593347230810731	0.440291243297779
-0.409349575316363	0.287803723315266
-0.0725026282883085	0.0546001324136514
0.157880241747146	0.0901477395424356
0.459979906829917	0.313065882405182
0.554912668321292	0.436058246392587
0.145808391991498	0.062552566426677
-1.61254707953108	1.24727482283296
-0.344890017102601	0.210710529122005
0.351381621434615	0.174896026607102
-0.7073229962539	0.573302806376356
-0.324413198642292	0.150873461232606
0.698867330079714	0.459298352894978
1.39244445062505	1.06548355206232
0.59231748202227	0.450153341677204
0.708966485866647	0.460596006302498
-0.999406115771593	0.508196794759441
-1.35129900311334	1.10546866924173
-0.79891302560564	0.75677843199317
-0.290115943466	0.184898254518016
-0.0447759107508238	0.0212293438384268
-0.506400741702555	0.26523650209457
-0.0714053929429766	0.0316260463508322
-2.49028571832629	1.4182222808037
-0.0438003151936352	0.0208292668074374
0.159055791078062	0.10281539736779
-0.198818751033931	0.107179314880464
-0.935237125821399	0.690653667394017
-0.660909240744174	0.390809277999861
-0.802914494758093	0.517831754444388
-2.58557826662177	0.681302812577655
-0.243037200359954	0.0794695125621782
0.143155562240393	0.0688757413903805
0.135662763331521	0.0701699632403674
0.462448545664489	0.312860762622262
-0.0203428452056717	0.0102258898036486
-0.555054025571892	0.209081540189542
-1.1027863852709	0.750370118687353
-0.348837058710427	0.21129619552464
-1.04895682546004	0.430951643107204
-0.619165887525896	0.30050872790294
-0.118945833856785	0.0473131902858002
0.503876995607107	0.183480745946702
0.842593174473368	0.594872517795201
-0.694086278041413	0.489690129952061
1.00982540305298	0.385206220726638
1.44217883797865	0.89884378472194
-0.614922666475239	0.298888890539692
0.134078792067657	0.0578649460468062
-0.162265096849716	0.0934723650922751
-0.409826637020451	0.174074560774058
-0.345331574653081	0.210096742248588
-0.687377631161949	0.490784883293283
-2.58557826662177	0.681302812577655
-1.80211551800213	0.40518546889285
-3.09407144090335	0.959647090123049
-0.30589613052916	0.223944230180372
-0.45190704763858	0.352455182806776
0.165113695878514	0.118433098660596
-0.24096658986372	0.158215812386793
-1.35770031137065	1.12982032158714
-0.372967191440885	0.109879462987979
2.08429028619333	0.934651562790532
2.7462498006239	0.778261278020301
0.925335174824177	0.243267565805426
-1.80190156331263	0.405310176911618
0.139576085242422	0.0352987079074651
-1.29608205927381	0.596939206244447
1.10297962074509	0.989818758211452
0.509725648789814	0.185898565895246
0.143422472166873	0.0751276843909464
-0.165029630388723	0.0604405571991372
-0.204875836102169	0.138132367592748
-0.559744131587835	0.357054324344818
-0.138392925304727	0.0979562627580124
-0.403431796084286	0.281438091638198
-0.23470852709435	0.181696422153984
0.593256969845231	0.451092357686506
-0.043012608244312	0.020150370940276
0.131242806144598	0.0556558833325553
1.10554393232689	0.975600364344201
-0.0777895311604076	0.0338340745776816
-0.537616084779412	0.20464220443941
-0.237634114381875	0.0784173059311123
-1.34310631180381	0.852383009147828
-0.935685769213107	0.68876517580925
-0.41454741712032	0.233763897283856
-0.587305412057016	0.428248270536579
-1.1618534521288	1.00280800913704
0.144441416607857	0.0612375296514909
-0.159490540697212	0.0581388923908031
-0.931503396333596	0.681542588563679
-0.411306378369193	0.173103709879466
-0.324537889578314	0.150482113773763
-0.337240126601595	0.202396476353535
0.133269655210264	0.0514052505492531
-0.811305259817803	0.705267874049044
-0.415719703442613	0.236621938413511
-0.170104260637261	0.0612011474939946
1.61524536509154	1.11663139462082
0.011069484811261	0.0064758302597231
-0.165320765543476	0.0607703071733124
0.153110723575872	0.0875612633579326
-0.315453443998414	0.146358149772524
0.142480240670431	0.060863922743049
-0.593347230810731	0.440291243297779
-1.33745389592616	0.842914220777118
-0.542036345709306	0.210633259955254
-0.785574924986156	0.351164797524706
-1.33837681931066	0.850676516243257
-0.750699276625547	0.264252450117151
-0.542406515669322	0.20957393057014
-0.535953611007358	0.20815255049836
-0.409826637020451	0.174074560774058
-1.09647216151888	0.733479792258396
-0.500529607214017	0.265407803517613
-4.41169442000025	2.28397109187567
-0.250033987482239	0.0816511260066262
-1.68097433585921	0.936682062147891
-0.539001335022026	0.207686338514741
-0.246744187489769	0.0819875861942725
-1.16331040146866	0.356501861337983
-0.339806213284042	0.205140951255383
-0.414514623299934	0.176183685547673
-0.245277290970523	0.122593241607598
-1.54639876708013	0.566309129661381
-0.166528604550709	0.0604207052273172
-0.541486546335587	0.211448846736342
-0.323900344993019	0.150484815481055
-1.1636728295934	0.354558135670583
-0.495895076991173	0.261543952549636
-0.401799143887346	0.168545264560763
-0.203338953164732	0.159937525077617
0.555782886275914	0.437223327488698
-0.040574394511996	0.026398866944366
0.480319916618972	0.518488398646618
0.850616722173267	1.32365730652353
1.23285220129576	1.02643190837022
-0.0736495272610681	0.0323708575292395
-2.21086340123775	2.58674578886489
-0.371963944093828	0.110621992809151
1.4308149383669	0.474993175817053
0.687467351203716	0.42941562179792
0.146775694809714	0.0776340872203731
1.21440213716435	1.59324036191137
1.23834392674836	0.859561588372111
0.0531807843010856	0.0341820163768969
-0.171128773000194	0.117428049367861
0.432893679604714	0.4209440959468
0.389450258685219	0.323097093842191
0.163358125076342	0.0997318180106102
-0.106674789584812	0.0785033447622429
0.0614245377596997	0.0416735439012321
0.0848600144603594	0.0622486551817718
0.69964836683165	0.456964056085049
-0.203606728191347	0.139636281309953
0.422937280163876	0.406934343573972
0.0906298358167172	0.0689647544564092
0.151644385701638	0.0932135213252919
-0.103521465673839	0.0409729035502076
-0.197462290179935	0.106521550943884
-0.415581296436624	0.289976987128291
0.831608099757493	0.754558203956743
-1.36545254110622	1.36527311652474
-0.993466461526202	0.5008963607004
0.133181749058595	0.05758539353645
-0.120555835311311	0.0475460241498113
-0.748218261379527	0.262913312316052
-0.244352091002188	0.159767292399156
0.133269655210264	0.0514052505492531
-0.966056103780857	0.58827532778972
0.986097727729266	0.795670680635236
-0.316089493367423	0.14674500190029
-0.0599069145764367	0.0259920179939093
0.137814005400464	0.0593406366863852
1.08810383078722	0.804769354742966
-0.623900748905367	0.301107638653362
1.0871333732287	0.81676109496257
0.351453999635813	0.177386144408616
0.135367591545968	0.0459572612231435
-0.0438824471030482	0.0208593278452249
-0.23997851337229	0.0797141941925215
-0.322148171450548	0.148726922251501
-0.618397831815229	0.301518973288696
-0.156690911794975	0.0565903867930676
-2.48968787455413	1.42213767590081
-1.36128824645067	1.12923160762948
-0.246499246608917	0.0809674801171634
-0.805388904625621	0.775908759015266
-1.54287595262912	0.564324390459102
-0.0205989191897482	0.0103838927598743
0.0128243068751928	0.00683638665465737
-0.342820480945551	0.204756034352499
-1.04988368167398	0.426197861954869
-1.16255649541829	0.360535388481223
-1.16105011316119	0.35650557951397
-3.770040500817	1.52983951262272
-0.248387997661862	0.0825807028479737
0.641657829571976	0.201878292806112
0.143122289350572	0.0688246368462072
-0.370960450535942	0.108999469994633
-1.54211096447874	0.565956548030536
-1.16756877193145	0.358467365380653
-3.47073410037615	1.25961524031716
-0.328655957782435	0.151189792663394
-0.80951200944347	0.440698574366829
0.428241289583821	0.174216330191094
-0.0363745317892813	0.0174096450138375
-0.239897091644204	0.157310374899017
-0.675040366648013	1.20229946333933
0.253428988869822	0.240991496575382
0.125654484286337	0.111245520581456
0.259970968614657	0.274269790487516
-0.470591419791387	0.446771902250834
0.786642977897585	0.72646491642075
0.0564745339647391	0.0472446322661853
0.516045061733513	0.700889962646154
-0.347402942220902	0.278551406858492
0.499388902424146	0.533430519025448
0.657731844375865	1.00004275164907
0.576220275300602	0.811113218326976
0.611154735948413	0.745993263699977
0.435101957659818	0.316110907557533
1.51390759485545	1.78034402976463
-0.0598405140198552	0.038739084689377
-0.29916477347653	0.275521238233105
0.131910720187813	0.062550243665741
-0.241672914144132	0.118819215561335
0.166365141513207	0.113114440419144
0.44005554128995	0.315233540537397
0.71748557801943	0.667439920329138
0.582988111959751	0.642230284446307
-0.272819424337336	0.204705761254464
1.01703788399351	1.61158454641896
-1.20989750755269	2.16098368510976
0.0705494537577475	0.0609137955403071
-0.435676072639101	0.377535486269857
-0.622499777886127	0.517879238299
-0.745791187837514	0.261749146161392
-0.373283661399062	0.108870255273452
-0.804658785527105	0.537965317499666
-0.245249966550252	0.272278928006304
-0.666356844631768	1.03987454867096
-0.540567326781551	0.21079663144273
-1.83797713176254	0.763323297952075
-0.79320824130067	0.34610618699247
-1.54314728332444	0.55980358392447
-1.16180306616162	0.360626829502971
-1.16255649541829	0.360535388481223
-0.786176974594147	0.350839154379538
-0.376278890867832	0.110765860075796
0.136087829091375	0.0588774350992748
-0.415377950890867	0.17358668647691
-3.09216987140428	0.960869115746174
-0.370960450535942	0.108999469994633
0.88407378221537	0.470645931755702
0.927971507294548	0.243537608899139
-1.04730399701661	0.424280980589094
1.55233491709606	0.780491055902145
-0.751198712039969	0.263460624922869
0.138169594891086	0.0265198668009027
0.13377964661681	0.0339655613686654
-1.54186427014847	0.562391050588268
-0.162239939886213	0.0592022994236757
-1.84610423045024	0.772015626597942
-0.242788883618067	0.0808805347641532
-0.646622749070198	0.158987296788642
-0.37705103334154	0.111772840936855
-0.745791187837514	0.261749146161392
-1.54538955663062	0.564367029919961
0.138818714405564	0.0354421828043769
-0.542406515669322	0.20957393057014
0.377515690450661	0.16827628890462
0.506468506416984	0.184272460164198
-0.242540504674911	0.0808346916156265
-1.84635936125413	0.772831105281446
-0.650959635012338	0.159168476600347
-0.239280214302503	0.0797093161228399
-0.5413960558512	0.210897885586138
-2.08981984785612	0.976979991676915
-1.00013106666635	0.498758499931781
-0.241140128574617	0.0795260112898711
-1.84610423045024	0.772015626597942
-3.46998743660351	1.26411646563651
0.139847419253076	0.0352678773972538
0.639660215207864	0.203910262751024
0.595859344125601	0.30455001572898
-1.29228764186815	0.58275960722793
-3.46924124245495	1.26110671680306
-0.165006826123839	0.0602540952978305
-0.786764539010616	0.351688453432406
-1.73622051308646	1.46020790715495
0.306381469869977	0.345486307653914
-0.181246766031799	0.143049352293472
-0.385019768151937	0.395960275093459
-0.872419079800569	0.941179170796145
1.11133450428581	1.12040075859374
0.159975816647075	0.0983560838215302
0.603890342436539	0.743767319152028
0.680667687653798	0.939511685277702
-0.434992042951892	0.416140577569956
-0.000780853234630133	0.000527017294879502
-0.487419354987671	0.599101320677896
0.84708256202999	1.34528312056889
0.427940416373515	0.305291889805563
-0.415730698664533	0.23687514736142
0.776266756037341	0.607914751861536
0.162077272053912	0.111212200410766
-0.168874877905832	0.117151580739366
0.0418281333921525	0.0256983783678698
1.07602474702337	0.647653985119456
0.15983936703068	0.117057178630812
-0.226335317363704	0.17197221077567
0.493617016537463	0.310902092202477
0.537405854412233	0.446264421529774
-0.00375764051290304	0.00256979942354462
-0.209417449830682	0.193670480844116
-0.078200593489438	0.0654141158556377
-0.00903624630447429	0.00763745566319722
0.406199686552456	0.414793224304462
-0.293456052445589	0.185742651620086
-0.79733357739683	0.436587297245253
-0.963811800803885	0.598510282864319
0.499680297118684	0.178245253772516
-0.164113417640613	0.0601976090971911
-0.247681228900795	0.229276754728619
-1.17985865466708	0.669212334712806
-0.66905350966668	0.397682311557487
-0.794140371248021	0.351109639822903
-1.05270440983302	0.423182877493502
-0.955520728278011	0.586697928839501
-0.323124016485839	0.150322897462286
-0.327632555853039	0.150316091254878
0.132755613913402	0.0400087413766842
0.641431038909059	0.206705899790905
-0.37705103334154	0.111772840936855
1.30557418676413	0.574374892461532
0.139073148904902	0.0266055202308437
0.642430262122492	0.204551977387731
-0.745791187837514	0.261749146161392
0.432818540013999	0.176395167801005
0.130882611694412	0.0448066859255122
-2.58557826662177	0.681302812577655
-0.748717096925392	0.26268742708996
0.805863302134345	0.344881526276407
1.01097898122568	0.384935969679341
-0.162526080251416	0.0595363498862368
-1.16680976292454	0.361321943590249
-0.162526080251416	0.0595363498862368
-0.780976259828283	0.346811021218251
0.428825611450252	0.174366674929911
0.507836883903904	0.183767118983846
0.133502874099665	0.0402503094723903
-0.750699276625547	0.264252450117151
-0.171141038737208	0.0622009878427026
-0.964860850420667	1.03347986878337
-3.77412214772395	1.53344506919461
-1.34159826022782	0.846147556950911
-1.16227469880569	0.355295007054579
-1.04870067059752	0.422891892377635
-0.542135647454679	0.210886784915037
-0.418414847666777	0.176032548928892
0.138169594891086	0.0265198668009027
-0.649319222104321	0.16021039083734
-2.58468514934926	0.681926813759725
-0.257018166259462	0.129492778217128
-0.166842744164789	0.0610133970783203
-0.384326104653655	0.367038387890007
-0.213725234275317	0.113301254492283
-0.545937969175351	0.450585910843999
0.155651429471993	0.0930240256353898
0.645436821576323	0.457793849585411
-0.531710602424568	0.202349744247643
-1.21031450013705	1.24226081164672
0.25838559955827	0.228613620670319
0.160365489061862	0.104577096270454
0.0232508920350542	0.0166379459132573
0.171402297056799	0.140613337951555
0.103526509863608	0.0855671943765676
-0.409090969003504	0.327711343789092
0.602902520784883	0.565508580975746
0.467915127810088	0.315918352445122
0.646799423205555	0.653709333223824
-0.292445739816609	0.187073802183658
-0.49679855039686	0.262940161450173
-0.600032052731846	0.441077179508092
0.457464180435002	0.312302582700785
-0.573068919611589	0.528889635579559
0.163378395767808	0.111152984534333
0.167373563985883	0.119723530011677
-0.454609242723374	0.358336385156669
-0.187330640456825	0.15973618038134
0.596517945894626	0.55275805985544
-0.54932618796892	0.549232282180836
-1.11009047566766	0.762972356381513
-0.160803467503938	0.0921025150965623
-1.16933165947415	1.02220701701088
-0.0717945995309036	0.0314979739199441
-1.84561761110929	0.76467611260434
-0.498684514017248	0.262352886755373
-0.280745664551334	0.23622010206588
-0.565727010845767	0.608157196003298
-0.121163405295732	0.0968013025741737
-0.0990380178409392	0.0735802204088803
-0.243241014092852	0.0808370662671502
-1.17578030890973	0.662598494113297
-0.240229628086566	0.0794522230625189
-0.242088249126681	0.0799235848381177
-0.371195854454092	0.109335251451445
-0.16776118524494	0.0607821297221987
1.26196027719965	0.706774319681036
-0.32021514796119	0.149671428070455
-1.16105011316119	0.35650557951397
-0.239280214302503	0.0797093161228399
-0.0403392248300856	0.0192988516791789
-0.40948446286418	0.174346422488273
-0.748962934462903	0.265874158565463
-1.29699501295004	0.594963360789531
0.926329332609966	0.245803896301602
1.25905025769009	0.679962350419531
-0.649677393302236	0.159121336474823
-3.46998743660351	1.26411646563651
-1.16255649541829	0.360535388481223
-0.382169831345354	0.111319862388302
0.506468506416984	0.184272460164198
-1.84364570734871	0.769128563045154
-1.29247879869502	0.594955895800984
-1.11430611285056	1.10061463625493
-0.813654972651207	0.630589572978196
-0.240229628086566	0.0794522230625189
-1.29763645394176	0.589031852370765
0.586623052711202	0.30434629980835
-1.54615842792672	0.564342761115075
-0.172950849542483	0.0625087544084123
-0.252363223126064	0.0823340801432193
0.135651198274853	0.0519258653806455
-1.84190336279857	0.769704627409186
-0.534421624002203	0.640089591636446
-0.170195338019401	0.096134092696041
-0.12947735442679	0.0775554446981176
-0.0191367160159053	0.00935701225818772
-0.196028332819284	0.104899029974824
-0.105288203198104	0.0411575543546103
-0.552451547449458	0.470363880530121
-0.307024015927049	0.227658195010183
-0.997004166584039	0.988703158834424
-0.807228152310041	0.897783535345776
0.27573321966994	0.237843505560538
-0.45700599317085	0.466410687452146
0.372124657401408	0.328327552859112
-0.907914268771804	0.733482455073202
0.540986338253977	0.438645888223481
-0.532200953617877	0.492856232675872
-0.736629010263871	0.826533946888312
-0.000780853234630133	0.000527017294879502
0.0238908282777111	0.013835738849976
-0.231497406064784	0.177356047294854
0.0716802988154633	0.0502645701005133
-0.0561588024317421	0.0369084692654946
-0.0163622363126828	0.0111547085703183
0.790974227312857	0.955126304160482
-0.317220173486392	0.258407675472693
-0.560430143516895	0.497866540208467
0.100455208632133	0.0787273602423836
0.180980071040618	0.144682947737773
-0.520677411079416	0.48948478333908
-1.7378460955612	1.44884760829405
-0.545798928985122	0.337060391849651
-0.348687238501585	0.280805974104232
-0.229475555451769	0.175309095272955
-0.01529639423581	0.0104417294331047
-0.286921251756878	0.183392290703478
0.253161833132943	0.199694237356428
-0.258822331738838	0.129871909446355
-1.10285908620825	0.744091143155938
-1.84708223086113	1.15571503662147
0.135899774697344	0.0461942034826839
-0.1638005064279	0.0600618571222791
-0.476034067957493	0.316717260662716
0.67901757313456	0.322548276957465
-0.54045007876494	0.208645621535233
0.135959557476312	0.0591233564490453
0.155418533969243	0.0938254310456808
0.12865687577515	0.0437318071150248
-1.99286712871487	1.39680920034347
-0.246744187489769	0.0819875861942725
-0.996017179672349	0.500469594534743
-1.29968140995093	0.597805757135869
0.508781691198075	0.185680235788344
0.590333110076841	0.306251610857702
0.125033303465894	0.0428637016829975
-0.783697018173104	0.346305180277034
-0.20246128776188	0.109074473975822
-0.207359880248946	0.111007479084126
-0.623173665574973	0.302772707572114
0.594073159569233	0.308887527868253
-0.20522889525641	0.111009843380495
-0.803976728394429	0.439890779585302
-1.54716733927322	0.566283034461824
1.76499591455827	1.01020915988236
-1.29645256159416	0.603706616563397
0.509725648789814	0.185898565895246
-0.48552417838545	0.521022491058541
-0.548997270494362	0.548313015879527
-0.750453159564684	0.266070645067511
-1.80211551800213	0.40518546889285
3.622744731928	1.40801772966037
0.139073148904902	0.0266055202308437
0.135235985047267	0.0399377111449028
-0.614386323917022	0.298711515778912
0.783450280844438	0.466255636153318
0.135931183146639	0.0408601823442341
0.882991754239865	0.468086836110373
0.50291500200734	0.30655669371434
-0.259319020103428	0.235976456239366
0.177048730240162	0.149703033212833
0.300377243931691	0.204865407544927
0.165785061081096	0.112724448121499
0.164287531400301	0.117141121181085
-0.965308500793986	1.02068277239954
-0.240507304228791	0.158898901473537
-1.10709047326351	1.32320760468874
-0.515490225783911	0.394697573191251
0.14815731828198	0.0786485428020735
-0.463046491763514	0.300832640012675
0.379942993822229	0.16862823596508
-0.540567326781551	0.21079663144273
-0.616720466490095	0.505310050872686
-1.76251666894708	1.92524439093107
-0.457692814903056	0.363543269785025
-0.409240331426079	0.168910566223588
0.134176100343271	0.0517130992440637
0.348685968829682	0.176546970120616
-0.154330702289953	0.0886390410362512
-0.0953595786725619	0.0595257165004452
-0.93895095136656	0.680622206756397
-1.46847356861285	1.31879356324724
0.0132517922159776	0.00705869365324413
-0.0397947952030003	0.0186361962747454
-0.242668927821627	0.161268876213422
-0.940204229351279	0.692456403712689
0.133695334854809	0.0576472840948346
-0.46084738634145	0.361982023581234
-1.33926826706916	0.833711407388533
-1.50480180909924	0.771951788837724
0.853453003283183	0.612855231841677
-0.935278716773787	0.694210817723961
-0.564446667079696	0.35886826873073
-0.404221098798849	0.224744017125331
-0.157217217160404	0.0903779679324306
-0.161007444408489	0.0591633782808746
-0.157607605313424	0.0572612044682484
-0.114744315344893	0.0462153660676551
-0.165006826123839	0.0602540952978305
-0.997708411387368	0.492793699243633
-0.261088930333468	0.130134368409633
-0.804890156933646	0.687245805185212
-0.749016960603366	0.260324229050126
-0.53927097726266	0.20974189922174
-0.251984020460064	0.126205440626096
-1.0517447083371	0.836294320477961
-1.06292138763478	0.852923951367918
-0.687331730348354	0.472697244514723
-0.499547743653516	0.262787096277281
-0.244439790893105	0.0807612783384271
0.639514633043006	0.453360620284812
-0.312157822653621	0.142079346179673
0.936596553153815	0.624835215928534
-1.48607365444444	1.03981050514422
0.129278986113907	0.0386815864932076
0.143458160699927	0.0358142984417619
3.25139583150282	1.09209130025117
3.25036486382959	1.10725094810752
0.136989442351956	0.0529527438983794
-0.110905120216736	0.0445697256579797
0.643652025841357	0.204814057575745
0.386944323684972	0.172702283570848
0.141109942912127	0.0612078552861342
0.158994956028258	0.103845864048142
-0.506252296132457	0.378700791935596
-0.554684107644152	0.351787569447169
-0.922298788724105	0.764896739737626
0.640018258336454	0.450074942227035
0.463774835680632	0.428589834054344
-0.334680242417876	0.198036380024352
-1.20970110458591	1.2557551467377
0.457901008088797	0.312791220938195
-0.619298142910042	0.302253675940891
-0.477852980022042	0.323491202343481
-0.622100361432571	0.304102017504355
-0.170225722424615	0.062449292067667
-1.04759017076486	1.1898959819214
-0.291494359581861	0.18672364282695
-0.0616542298489188	0.0269052662870303
-0.123497757028318	0.0743333826111282
-0.115039049462312	0.0676992424961087
-0.564446667079696	0.35886826873073
-1.5103082096306	0.789732548681657
-1.10961553221964	0.76443742337633
-1.16629300092849	1.02547719111282
-0.162077334989821	0.0927476520367795
0.289992378729468	0.184794942375852
-0.242540504674911	0.0808346916156265
-0.0461726342595624	0.0218578484293554
-0.618983763147539	0.511560282484708
-0.347263097350837	0.211835622580494
-0.655563542522105	0.38110828184991
-0.121485060007783	0.0730798751499184
0.153459559678256	0.0979352872094108
-0.475262785700995	0.315863698425828
-0.0626360678435726	0.0274763429127806
-0.0795949465050105	0.0346537861303653
-0.813400475091832	0.627381395298558
0.708516242659738	0.456220602318487
-1.34259649109034	0.855298146079964
-0.0645191258656032	0.0282697386543945
-0.805549778306584	0.696572605072764
-0.340948956493361	0.206734368957752
-0.25521907407908	0.126860482844276
-0.0796775637098002	0.034588258075646
-0.966116622326036	0.591479648717113
-0.249368899211127	0.125151786418908
-0.0452413867616355	0.0214828835716055
-0.254318981664916	0.126867253997661
-0.340067998221487	0.206672428941574
-0.80103721868013	0.439196388262969
-0.248838967447544	0.125455474027234
-4.01668012166502	1.78404944980048
-1.34963810535908	0.836640684818704
-0.409137323097424	0.232661203098794
-0.555420451039425	0.350067425854133
-0.324413198642292	0.150873461232606
-0.340563433224725	0.206858115173495
-0.480099740756814	0.323454679036015
-1.46433691684291	1.30090522633227
-0.253362058804482	0.126930659692631
-0.752231854441181	0.261366492211487
-1.34016041477183	0.850000014530029
-0.253449564886563	0.127783873879371
-2.30565037497982	1.19679199943087
0.138141738615298	0.0590479880153252
-0.993684399409481	0.494694219497518
-1.80190156331263	0.405310176911618
-1.80583314024352	0.404036831265938
0.138044419338776	0.0464152079108774
-0.0745504974734832	0.0328228230738621
-0.370960450535942	0.108999469994633
1.01155779435024	0.385777953603479
-0.0491818059585894	0.0231400866581073
-1.05533056738998	0.857071917834709
-0.339806213284042	0.205140951255383
-0.159414720394308	0.0902936317786095
0.156921430818403	0.0961299230142091
-0.404055102718481	0.170994422576
0.828866663410469	0.750507548344945
-1.05791322947451	0.852622829825494
-0.699305043748539	0.561121911051896
0.279582819490421	0.209478673244577
-0.116626997771365	0.0694055502985273
0.139257325877343	0.0727236955738607
0.137393054243537	0.0344634753891055
-0.240229628086566	0.0794522230625189
-0.66498499674391	0.397723928012848
-1.48980447617758	1.04062873592977
-0.619867668859454	0.510641072746381
-0.407147180546361	0.279930268050906
-1.61129321605673	1.94794775764937
-0.809896536931182	0.433821289947464
0.0477689195786704	0.0291499230186745
-0.0956636961624494	0.059449294071653
-0.306825971323951	0.252039958068572
0.0723954464530866	0.051028059793095
0.0117179155846294	0.00623428544569659
-0.191383175430919	0.10125736291081
0.917032292922784	1.03490082730167
-0.351194020580953	0.252868997410139
-0.465589031035022	0.302993299416954
-0.285616037435894	0.180090014911512
0.0374361544038379	0.0229118076128568
-2.65024055440704	1.65411266082247
-0.638201463238107	0.58511623771871
-0.61786350837451	0.301730813295305
0.156358869791948	0.0896320220844206
-0.162834309751692	0.11254601945443
0.385217860512976	0.173673615671445
-0.0384269604940703	0.0180987508860776
-1.00537468242622	0.487036032834051
-0.479956810938208	0.322459260451727
0.671986227329952	0.589089282461173
0.43552836548711	0.31624743786784
-0.257018166259462	0.129492778217128
-0.0727479299249995	0.0318316076807301
-0.152826970339642	0.0861123908376241
-0.351387876178879	0.212592489156517
-0.420115492243742	0.238594656950499
-0.19631413536722	0.106338086775576
-0.0494420371726842	0.0227805771867989
0.70540549493565	0.456436423002932
-0.154052814064092	0.0875615802147246
-0.0168569942526423	0.00846723407221887
-0.810524817105267	0.538839211472437
0.0202488461404187	0.0117460593694437
-0.475749935721912	0.319671991796729
-0.662313730044873	0.397923038056254
-0.210886523545854	0.142869482388827
0.00128046077321794	0.000820422408819977
0.047231338276531	0.0289188254035622
-0.659529585635687	0.388067687945874
-0.348393941408679	0.208215753385243
-0.414935729814725	0.236297335506356
0.154159003171435	0.0936325312232379
-0.000151224093546935	0.0000656190934991782
-1.10368687230503	0.750604256409344
-0.622490353172407	0.512134996420691
-0.956499646592972	0.588110761466998
-0.886163060318849	0.895768340609013
-0.598066600580625	0.444512756450289
-1.84116096838096	0.76985134303748
-1.16680976292454	0.361321943590249
-1.54970392395302	0.554224922030208
-0.54121570977476	0.210238530837184
-1.16152021660948	0.35929571617842
-0.109085693156098	0.0436687740131001
-0.655163635992096	0.160369482742199
-0.658740180317967	0.390197445383219
-0.660909240744174	0.390809277999861
1.23745629475342	0.856212211002861
-0.414082950266505	0.233967749269856
-0.0417572458603021	0.0197325868973506
-0.350270381761593	0.211574787602578
0.144912225802762	0.0623130032040731
-0.748962934462903	0.265874158565463
-1.04965581966949	0.429420534826054
-0.24489207683642	0.0806780762958081
-0.28253776253427	0.211283661365244
-0.318146344919636	0.26597447457583
0.130882611694412	0.0448066859255122
0.308629959911507	0.18550135617726
0.423315510192861	0.171523923653337
0.464301387894047	0.316057721534258
-0.356641528821081	0.286273890440444
-1.10518553910263	1.30421073193785
-0.236238288273782	0.155055074002243
-0.937249870368143	0.674932258289259
-1.74914453489862	1.93661920895239
-2.24212617263037	1.82130803464445
-0.489912722121502	0.425663513841973
-0.522999883758795	0.396402273341602
-0.591786797642828	0.440589044397711
-0.808474894733553	0.708199743211675
-0.478465670731878	0.319158279269968
0.135062527036147	0.0585764555817885
0.148635117976706	0.0785556657223029
-0.813992642331617	0.628234333305178
-0.792629260373871	0.570697486463252
-0.661862725750789	0.391910749747239
0.356377665310268	0.177072132543713
-0.254258111113512	0.12742971980733
0.140726965702393	0.0610240997598051
-0.408916272225057	0.173941516536407
-0.0887673508236703	0.0550111549956426
0.0385632709251028	0.0238138421461877
1.34393786056769	1.21520393568635
-0.421042197155496	0.238463581556452
0.832982996832183	0.752902297544371
2.23648302777936	2.45467926284188
-0.399110511705681	0.316938093409361
-0.289343258918338	0.185508768618697
-0.319006284050827	0.1460326365389
-0.554485407030412	0.353089399114297
-1.23942907121605	0.941726038374368
0.066026029561962	0.044866440662958
-0.916716926864629	0.775179167877107
-0.17717864977112	0.122681843916057
-1.4285996832323	1.68305918568726
-0.275095707555037	0.169948099576682
0.141093382601774	0.0743072399362887
0.77756958468747	0.609046038679734
0.599685670101311	0.444622676149552
1.76161460404586	0.998795483303276
0.777948909448961	0.46104149746558
-0.916387449274835	0.7776284388244
-0.4116930287784	0.17328347384459
-1.68697570702681	0.974856718049013
-0.417098577731607	0.238017609723977
0.143484440385923	0.0747973515624742
-0.814220706300215	0.529667700714901
-1.655381767275	1.67144810591147
-1.04895682546004	0.430951643107204
-1.84635936125413	0.772831105281446
-0.650318276706871	0.160755761640221
-1.85338114536407	1.16421977995626
-0.694698368235282	0.551914330739607
-0.23719395557437	0.155484137374257
-0.51554117209127	0.478189349257286
-1.46722633775883	1.31084048576558
-1.05057896075762	0.425359017450372
-1.73519196935246	1.45661522864139
-0.247462062862444	0.124313206002872
-0.601088879978713	0.443675660979649
-0.550703033294302	0.346594969758122
-0.192982156419048	0.103567582739564
-0.803116234956629	0.769311799769586
-0.257959040371295	0.220013936628864
-0.396379287733894	0.314261386171605
-0.501351813961356	0.263250966236684
-0.359749040319958	0.286428766968465
-0.471526178005287	0.316217411269569
-1.15716563267537	1.29655577331936
-0.713535759022712	0.570173354545879
0.0259734221259038	0.0149387579604546
-0.514165213546236	0.384505985774033
-0.45895929727253	0.425389938391829
0.896408736609956	0.772303852827147
1.61008129993293	1.11287037302031
-0.717831716003694	0.643360612086594
-0.0654674183090079	0.0408901828069488
-0.247046381211003	0.161675291949007
-0.284436272075556	0.181239002495655
-0.201070708036341	0.13758597657294
0.532140788571725	0.429063345052983
0.0417064383343408	0.0256620465040274
-0.130258217433427	0.0778494684670039
-0.107208380097956	0.0430039069821193
-0.116235172517774	0.0846491672710867
0.0811652012928967	0.0594379976488084
0.00594945670293332	0.00326251661534454
0.160076275582944	0.0976887911327446
0.0605790461523267	0.039338770591287
0.565549676020195	0.450652728362823
0.844141750882647	0.621301047736864
-0.259480781799565	0.193776892831217
-0.110905120216736	0.0445697256579797
-1.17033867293663	0.648594794965224
0.13732894948122	0.0527562325967943
-0.417110708623045	0.238013197776514
-0.891298872002787	0.909328513162552
-0.904645060608569	0.845605326176231
-0.56786654783015	0.348557032614781
0.325622607679933	0.17856861970187
0.138224162183135	0.0655903428286312
-1.84822209614196	1.68380421637812
-1.48056596819795	1.02719779812583
0.015141580901724	0.00802939759660417
-0.125295658073395	0.0754667274458117
-0.488955130614428	0.424172195002385
-0.59350417491392	0.433079778045894
-0.895475212747225	0.832403248020363
0.305813213587346	0.183545695256027
-0.988096724320165	0.996963237832065
-0.593021460152987	0.589451621624797
-0.505164312227797	0.265906867146932
-0.350281045257953	0.251613118711315
-0.475879309427635	0.315808876028754
0.317751723462359	0.173092899277176
-1.1693213676984	1.01904416693908
-0.162470822816286	0.108836755549376
-0.15210277806225	0.0864929383437651
-0.809452963350206	0.777523967133994
-2.24666144997585	1.85535160821984
-0.744797769739109	0.261223376171582
-0.159806023666921	0.0585982110618119
-0.921559945632219	0.777032343470369
-1.4536124365973	1.56123031870571
0.0784784029210143	0.0522887691346067
1.4162199182249	1.55429665044935
-0.4685908970437	0.309414524341083
-0.176133066038821	0.122049987747884
-0.572691810713975	0.529587302024125
-0.3553528041071	0.287625495702225
-0.351115104001508	0.250312834888885
-0.512780648914402	0.383697288668101
-0.96379780681665	0.594284219587595
-0.295785357716794	0.187998898398579
-0.12561892546253	0.0741036988357095
-0.803018137782485	0.531164673840427
-0.0090142994197978	0.00465693417660348
0.337163065438931	0.183616111196908
1.09012603971394	0.805347054136252
0.536233787346508	0.446067357698961
-1.9647307562372	1.84498572353897
-0.408823735391089	0.284096706637153
-0.347934038532716	0.209263406379089
-0.163444156183812	0.0593970316978044
0.303021629444516	0.180183904465585
-0.800304426050471	0.698436809463754
0.172840881136877	0.121712661794961
0.69581856383158	0.445241771218971
-0.289662063083721	0.1814980818825
0.366295122075699	0.310102918008249
0.162337843177445	0.114940824669506
-1.56560373912322	1.5212404633822
-1.37288679111026	1.37046727035514
-0.317377539971942	0.146147074654535
0.537165983046884	0.311041271705653
1.09333415936524	0.826741100605692
-0.614867149814951	0.509802632381755
-0.97757091963036	0.942691765481677
-0.289838578878683	0.183126594909023
0.0377252386442576	0.0232097354698265
-0.01551963425877	0.00795767131879095
0.313482736152472	0.187739144641998
0.459275234219089	0.31293874336932
0.455591027576242	0.309317103320142
-0.200012063692289	0.107093301652633
-0.337681077244498	0.202115132880291
-1.36267891188903	1.1287189494066
-0.692643379826402	0.482557374180306
0.138803726046495	0.0599820124283639
-0.961069558909276	0.590028671353659
-0.160774371353928	0.0915626347254215
0.291978848048566	0.211310378694823
0.0210920072030557	0.012229757950557
0.590422718505613	0.309222451025888
-1.24381888338619	0.925130162538655
0.00491449849222072	0.00271476585378925
-1.0615380723319	0.853309484199653
-0.170648750338217	0.118195654965288
0.141814663752807	0.0802307218535903
-0.249368899211127	0.125151786418908
-0.807076739626119	0.442395933222952
0.148142986320997	0.0705636259711684
-1.30023156904106	0.598440833167432
-0.162672092996819	0.110953449382664
-0.324461245766878	0.150010955106858
-0.4085736940504	0.173333927319526
-0.792283877974918	0.350369068516302
-0.561128935845817	0.35841533564908
-1.69624439531692	0.961970545921345
-0.650318276706871	0.160755761640221
-1.80211551800213	0.40518546889285
-0.534392143049664	0.203745310864302
-1.04825804245851	0.430881776490226
-0.173077995117535	0.120989814072822
-0.0189520292179947	0.0094595791548289
0.699334181258665	0.457930280588385
-0.515673243126232	0.39417908142816
-0.0403392248300856	0.0192988516791789
-0.351783924048178	0.25481064927135
0.29624645317352	0.190987674297947
-1.02839963535971	0.927641259105201
-0.474900468208853	0.453749934988457
-0.262441911443534	0.198559020295677
-0.288200409289223	0.181179355179448
-0.322263293612905	0.14676491900944
0.27579246098295	0.20849496014751
-0.202848577284863	0.108160420745389
0.459488118907259	0.306717479267552
0.533187511525419	0.300452200549418
-0.12358097673188	0.0743528619115617
-0.418038528070825	0.236293682379385
0.172405697525266	0.117466546345674
-0.939754488931762	0.692975305117052
0.0165146136396891	0.00868948617518326
1.5802281067458	1.69459001551682
1.10939022490799	0.985890351827314
-0.878016256723619	0.968874118509776
-0.415767829896628	0.175278798421119
0.982645526091076	0.796853709690685
-0.603320234421136	0.438776036707438
-0.209201316892901	0.141761523282149
0.145428009393515	0.069932444925333
0.163220738293368	0.112128600693482
0.316864368180244	0.191222909102583
0.560233477382544	0.443662318076521
-0.198629419367091	0.107487194841915
1.13176066460704	1.38111630051431
-0.128784398663248	0.0758761916731241
-0.240149264535493	0.158745602964594
-0.194363431896602	0.104379319069532
-0.911187313563154	0.740292153699556
-0.238708278930923	0.158326228955792
1.12960703830818	1.26927613216494
0.288747442445421	0.208711920272189
0.592208684335966	0.311784807350277
0.7167169811878	0.587757173021285
-0.315121047190256	0.145489132679023
0.0263516647018113	0.0153208874620778
-0.214872217305624	0.145481982370589
-0.462750019649948	0.303362554729859
0.939431437241176	0.933275879368929
-1.17061337522174	1.00502309704467
0.871978238718818	0.877695574273958
-0.959182523403371	0.586747291707879
0.719450571250248	0.596584844594143
-0.605224267217717	0.438121109010659
0.853289001041927	0.625858900681586
-0.0717945995309036	0.0314979739199441
0.147410238348339	0.084057102971132
0.157204448265571	0.102342941826705
-0.346963550485914	0.207639384247959
0.711959675075791	0.574343214117793
-0.568874024234254	0.355740327183617
0.644818899417397	0.45601652161448
-0.687077802440531	0.475435466618012
0.0533875229172024	0.0338079393581336
0.136402732611651	0.0587480145985185
-0.408686539412514	0.232520677170617
-1.15902728942265	1.00314169192066
-0.164287232959921	0.0935881933081154
-0.712402901268182	0.641315762018037
-0.309968506071849	0.141109496661563
-0.0389610968757059	0.0186133047973051
-3.09407144090335	0.959647090123049
-1.17082035546721	0.354929912711589
-0.40383280008864	0.324242154340002
-0.267719024700302	0.203925536341784
-0.267126452089581	0.202416796460908
-0.251160800674875	0.125325420140511
-0.157009238924117	0.0897283170826677
0.785148821821878	0.741771400914637
1.22158302839617	1.32073063926647
-0.311347610648196	0.232305720945739
-0.55260514622798	0.470961277563004
-0.808351501278375	0.830074386339026
-0.501435028733428	0.263956495477953
-1.46463835235151	1.30459537602476
-0.561610713767734	0.356584241055538
-0.245064330403179	0.163114445978402
-0.601152993079677	0.445112528002252
-0.116298074627516	0.0695367551493517
0.3994365545641	0.308186263916874
0.417634471999926	0.314630018109853
1.12390290357629	1.13394137850982
-0.686422726422087	0.475207800139313
0.0817887576413638	0.0598526238226206
0.144878841292722	0.0757861267438666
-0.820287541640203	0.61957490171643
0.135575227202627	0.0588194788716142
0.561918390300869	0.449235448802992
0.459765988114082	0.307281535112051
-0.202571158648384	0.138479254187141
0.896962430466536	0.765374085467275
-0.0938658437677436	0.0572060290231559
-0.24886804239255	0.125392435615665
0.718282477969226	0.601661660339215
0.679108750297544	0.589759907401608
-0.073615978814065	0.0322792195945672
-0.124882650966046	0.0743854189708234
-0.101001824356589	0.0624610965233893
-0.54976524556453	0.469511067343959
-0.306073007044298	0.227611001489051
-0.243804223794892	0.186298074104788
0.539615741800111	0.443350826499609
0.48318489592063	0.29683752038486
0.457901008088797	0.312791220938195
-0.203606728191347	0.139636281309953
0.273496917967065	0.223594081106466
0.298098404278712	0.189913230283183
-0.193403794662125	0.102738131309076
-0.419706892164669	0.231364734949632
0.130105167826918	0.0446113493171228
-0.511766542440223	0.386354695648046
-0.20738895462192	0.141717157380304
0.696998738262711	0.450245584889773
0.134591946509405	0.0579261095380684
0.410366472125296	0.318375426728458
1.34693434249766	1.23327527652928
1.10229388065036	0.967611791046198
-0.160699609196631	0.0917881273419421
-0.255638066826491	0.128800976092292
-0.20246128776188	0.109074473975822
0.145998686476681	0.0775408605238176
-0.318803796448453	0.149077156959207
-1.26575245596026	1.17078417957285
-0.114206629713226	0.0460179645801643
0.146573336836361	0.0772009140785472
4.16952211096235	1.95293466142323
-0.254318981664916	0.126867253997661
0.144832565250635	0.0762938684494244
-0.166613645047666	0.095005562863357
0.158385764842322	0.090306120366411
-0.415719703442613	0.236621938413511
-0.595168176958679	0.43615059014369
-0.959657929596433	0.57688612139355
-0.291467623880783	0.183767239811893
0.491188689599254	0.30991466950574
0.396771926021709	0.315473647969643
0.265525967988597	0.204118956001899
0.0132517922159776	0.00705869365324413
0.162668779636877	0.116077145627736
0.938465340260101	0.623170439051461
-0.243675766303324	0.15842590134152
-0.59369204606909	0.443234850116899
-1.27322963284942	1.17524370903359
0.156718427068683	0.0896050214730408
-0.043417405210968	0.0206496342798364
-0.010023925848809	0.00511321101620454
1.10846127934476	0.987505950507247
-0.247412005604695	0.162547773497345
0.634776719251475	0.580325803509764
0.0138599538895759	0.0073326596459171
0.443331576350697	0.318803844268878
0.534864933554761	0.306715450332818
0.947039477767374	0.629657729453924
1.4523404174944	0.904010444712752
0.779880578185145	0.467468472830206
0.311580393967924	0.188494156086309
0.468429376108444	0.31369939542382
-0.500039826825257	0.263237991413251
-0.343800342635872	0.205765009943745
-0.0063470294506129	0.00438798845382553
0.28682437357263	0.193500599174963
-0.0882291637497221	0.0544457810693402
-0.295261543551706	0.187600954082304
1.76291052979128	2.17390581964662
-0.0065002829714789	0.00339263451063077
-0.0232711337733494	0.0155351250530703
-0.156443049640982	0.0892818777347301
0.140499092771114	0.0676707298922663
-3.09216987140428	0.960869115746174
-0.244851477576468	0.121883871900781
0.286294084753568	0.19507611117715
-0.192010335993743	0.148360202685167
1.09333415936524	0.826741100605692
0.5912553473876	0.306801371420087
0.526260448572603	0.439301237080348
-1.37294308993343	1.09741435688849
-0.163794242813771	0.0595974017446855
-1.35887242360629	1.12728464783134
-0.342114031582101	0.206800931053682
-0.0394720501762254	0.0186838937986668
-0.0741392645103266	0.0318813208226123
0.305592308016223	0.183162965670769
0.493149689622075	0.310582933164142
-0.104769197399319	0.0416833175893286
0.148281397564625	0.0838960422103575
0.785293031335072	0.464183670948806
-0.667238017068795	0.393874807761668
-0.501844561677326	0.263701432475559
-0.336055203958321	0.197702216138828
-0.401799143887346	0.168545264560763
0.490539166270532	0.304780488694151
-0.964774206094343	0.593086537938631
-0.998096401668246	0.494567299790278
0.98034060812099	0.78481512313951
-0.810429698870954	0.533993249287858
-0.664506500638266	0.396245226397778
0.667823520706238	0.307143161403031
-0.404674779592677	0.227471937613548
-1.50232239857667	0.772335426041249
-0.799679546982245	0.744617006050464
-0.248486043587533	0.16478319558155
-1.20098206067659	1.23934883019415
-0.297684401030963	0.187808447711778
-0.248062746137684	0.1627355246727
-0.348443701602879	0.210891231901202
-0.0398600568847925	0.0191310443466897
-0.798374761237269	0.882540892717178
-0.203321324020178	0.107125562805609
-0.692763579450633	0.480916483388316
-0.805667773684461	0.531201126072742
-0.803934962595986	0.525590781083831
0.60162514835215	0.307349828602747
0.0117000983247663	0.00624455594010365
0.458978417524079	0.31067186223379
0.382381008707839	0.315855427084032
-0.407255378432259	0.281633435951061
0.303177165686167	0.205810286219732
0.789345926725066	0.746315877656231
-0.0145875082628638	0.0074880602085585
0.158683764338271	0.103252073443621
0.0168779649881464	0.00894255206595319
-1.56304461196638	1.484798000428
-0.398050289690282	0.214848309021037
-0.153183861425543	0.0871012668139029
0.436082049502606	0.309019416839392
0.535781704305004	0.309718321333861
0.634713023659717	0.57256904993529
-0.620260315029505	0.517059278718284
1.02089194577528	0.961061689643999
1.57686447864095	1.69879834804718
-0.596790820892483	0.445194225789298
-1.99608542810417	1.40772094220507
1.10072937753968	0.963502033471483
-0.162185483014267	0.0929071956350037
0.154708145371	0.0922773380318302
-1.50839533092396	1.91973467706829
-0.547176265451635	0.464974640570414
0.00903519705757849	0.00485427835260653
-0.250182748711778	0.124330439522339
0.459705910089767	0.310253074918958
1.38479104144271	1.06325941482153
0.0721767481994931	0.0486034702231769
-0.809048434097793	0.540870802947748
-0.253304292180857	0.126025115706573
-1.05093603608429	0.840752974094205
0.0347714884289906	0.0212902520325801
-0.399188386986419	0.276650862330286
0.155450952668695	0.0956661122245736
0.0121793943468567	0.00652856748825456
0.313881965714915	0.190330825968767
0.152391455599195	0.087690336953099
-0.311378831230324	0.142934950950842
-0.69013421794192	0.483011089037727
0.288330098206509	0.197086593580428
-0.241528199135537	0.160380923985299
-0.152752165670469	0.0866766915030365
-0.341201573210387	0.204174427774774
-0.370509740783027	0.107903753835967
-0.203365382362905	0.109513279771457
-1.05713418291948	0.855142159331282
-1.18476501215196	0.668882730697562
-0.165633878223146	0.0608230448483071
-0.115405664783275	0.0448478163795669
-0.787098914242298	0.351780119515946
-0.160050064673162	0.0923000065324634
-0.660482232181111	0.390690100651124
-0.561097085116613	0.357669961713136
-0.888282725344771	0.900316798856361
0.157998837252497	0.100866742089164
0.4313034338578	0.175795446056529
-0.173282511180585	0.121537524526411
0.0358359877009248	0.0221421901564502
-0.153897658749491	0.0880811378750251
-0.810941176855004	0.631714550447073
-0.54075591557501	0.210281213474268
-0.109826656577751	0.044177657424481
-0.0134742130390354	0.00684759974124708
0.35559611411903	0.176210703373305
-0.157595782583521	0.0893959239807252
0.164026385301445	0.117170448707726
-1.10193298853343	0.74191018914384
-0.783374956639305	0.347414269641431
-0.407312931534376	0.326407076249332
-0.415866146642925	0.291044205067453
0.429492148333371	0.172560650886209
0.77799670057191	0.461263490178034
-0.0843947307372327	0.0517640308257262
-0.450079051765662	0.355229268985213
-0.804253729386705	0.444943656287596
0.163889371459751	0.0998780050409651
-1.35613941122822	1.11572363554256
0.152398469834905	0.0981312795903402
0.311580393967924	0.188494156086309
0.348685968829682	0.176546970120616
0.153441441940164	0.0866690944731839
-0.624140722564468	0.296682746797856
-0.525870108726954	0.397057289076771
-0.29935322743074	0.21985271498134
0.301299563789534	0.196069243699443
-0.814784405391118	0.624717324307932
-0.564897512278486	0.359462890243681
-0.453909866197721	0.359277697012655
0.344970755858572	0.172830649815742
-0.116204382179187	0.0689676650217722
-0.964719126522819	0.59795724590223
-1.61582154150404	1.21295913803494
-0.285724273372076	0.180653870639791
-0.940691332409766	0.691073573620457
-0.694086278041413	0.489690129952061
-0.0433366154698189	0.0205395838816439
-1.51370223743142	0.781966032238712
-1.57050709820307	1.51692623789434
-1.18200022878108	0.673361826305568
-0.319267620729559	0.148097361925747
0.309090654693768	0.18130048405194
-0.404674779592677	0.227471937613548
-1.17800151891802	0.659423174361625
-0.0143678810606552	0.00725931058684206
-0.201378316473339	0.13432228893147
-0.205473080362486	0.111515783568887
0.162164535491233	0.110576256103699
0.771284258665657	0.586706150006252
0.309962810647918	0.188116955312448
0.147479552304839	0.0838327959887946
-0.699368591802235	0.562634339502948
-0.986718428299552	0.996297416421849
-0.472590251422384	0.317760620910607
1.35799142506438	1.23076358431564
1.10073789177745	0.970380705359919
0.170040638524835	0.116948988778217
1.46215471595304	1.46017317755937
0.771537031422555	0.602217190656025
0.386479012614747	0.173445029381613
0.00295018261048346	0.00166981988507234
1.43428671366637	1.61226954975054
0.735672471453663	0.71441280425592
1.09776953602409	0.824839042431821
0.00921739069124118	0.0054851493399027
0.77418149396155	0.716719747768002
1.44141708137216	0.875915465670488
0.272003542981107	0.204267801794477
-0.170257818762005	0.134683780880182
0.396307126945263	0.314930051867842
-0.718782364321218	0.636346844105994
-1.69291312735536	0.97231035620735
0.30825308959891	0.197763426813382
-0.248838967447544	0.125455474027234
-0.162239939886213	0.0592022994236757
0.440484506147161	0.317290327412955
-0.591202370845402	0.43719136375068
-0.253362058804482	0.126930659692631
-0.660482232181111	0.390690100651124
-0.803742546827481	0.443705159186511
0.461575182805716	0.311888825075679
-0.498111870375271	0.260422175873205
-1.01937187283154	0.895334807394076
-0.506400741702555	0.26523650209457
-0.344448547396396	0.210884042349458
-0.539001335022026	0.207686338514741
-1.10737244793114	0.733079086793048
-0.800046354899374	0.443631616689735
-1.29709987590598	0.600946539898942
-0.617726724474063	0.300368406367299
-0.346575720948682	0.209802984571803
-0.994947520595846	0.503479993249042
-0.91416017777072	0.777297314590576
-0.791082425452461	0.354688548548345
-0.654514463701247	0.160265207029626
-0.648677249821696	0.158587087101144
-1.80211551800213	0.40518546889285
-0.355538361147975	0.212506599020655
-4.8519202889179	3.09649784195586
0.599757099169893	0.448721795877125
0.40089735792965	0.316488587728981
-1.69306119029259	0.958494986770545
-0.595494437647369	0.441640963140741
-1.01380249942136	0.921348615081002
-0.409653650783678	0.174503983044039
-0.0206465466699804	0.0102824497979074
-0.0740760103541752	0.0324068436350294
-0.0394917425523976	0.018628268164181
0.843221383942041	0.618095419464952
-0.0667901747892926	0.0293811587774257
0.537165983046884	0.311041271705653
0.315254876452486	0.190256420894223
-1.68754104327948	0.97589369463233
0.827302178820598	0.8772613854789
1.38575736895464	1.06581524493349
0.377875369694064	0.168833623513881
-0.419660150651031	0.237653860789257
-0.316089493367423	0.14674500190029
0.697902214682769	0.450642620304958
-0.581579523709074	0.417503735825662
0.529079101322968	0.302684678566532
-0.717486006696155	0.63872983075165
0.633269893693649	0.444126854058306
-0.924428220642538	0.764020165708094
-1.94511154394236	1.85294551819172
-0.494913697605093	0.260099983549032
1.21733491657045	1.1622434928832
0.636894194655475	0.446612433997658
0.0197185008115886	0.0114402965720777
-0.160406674189867	0.0589738488213368
-0.53927097726266	0.20974189922174
-0.540567326781551	0.21079663144273
-1.01116625056762	0.904790475234093
-0.0386795662956464	0.0183983157791277
-0.349388966833634	0.207019651079784
-0.800046354899374	0.443631616689735
-0.501358897920174	0.26711981886241
-0.69177322638778	0.488546910366754
-0.996081777695867	0.502538138809046
-0.618264820258131	0.30054583612192
-0.682550811693236	0.480762688809687
-1.05576944478871	0.857169801000284
-0.515320001964808	0.396236626660869
-0.156208535543112	0.0875258470028587
-0.252872324468904	0.127405607221184
-0.664124455168566	0.394248157514987
0.589935586460219	0.440666142859996
-0.613996511109693	0.295111904924313
0.14251781091189	0.074591253488189
0.0105096550322805	0.00557908774377858
0.489825378995787	0.310077169962335
-0.345825461920563	0.211207824796516
1.76589968755205	1.00864199257673
-0.285709499985717	0.181282724079267
-0.157606368240258	0.089027806182332
0.0380479176376257	0.023316622389552
-0.204269855243419	0.109021709953676
-0.517381798999261	0.392421405806145
0.596090138954528	0.558548441971204
-0.34405914128198	0.209470904779795
0.483532920721713	0.299103662999472
-1.68697570702681	0.974856718049013
-1.1892971077672	0.656428043484042
0.302292823473532	0.194087404661694
0.15282626871888	0.0877103390935372
-0.32492615022811	0.150888440320335
-0.799518954992726	0.688353409551633
-1.94322348202788	1.8803511041839
-0.243933246419458	0.079675502768189
-1.53808894962198	0.559470356704578
-1.00330441353724	0.503699534355902
-0.42196043053585	0.238889682007533
0.154205137043845	0.100184591262235
-0.416646943731306	0.238040746846936
-0.80287421319561	0.439918439521316
-1.69199523536141	0.984856688168279
-0.999057473326929	0.506363151904403
-1.10944350119056	1.04695841616976
-0.474530254444428	0.318588396698059
-0.932850647266746	0.68197027706893
0.131256737765601	0.0565061525290237
-0.794140371248021	0.351109639822903
0.430390444334658	0.17386344113927
0.287999649716113	0.203608686296065
-0.409998477425756	0.174852973148685
0.153771049401967	0.0990293690073457
-0.497781002255244	0.262270337885509
-0.795994401222413	0.348503247005266
-0.105418713596291	0.0420930050823237
1.86146413285373	1.98116992086998
0.911275480233545	0.770023707508132
-1.10100321936403	0.752119200085923
0.949260765684296	0.62888810559216
0.463158133386147	0.311855609508249
-0.688756014085817	0.489536537984592
-0.800950414684059	0.439518935650571
-0.329167803435113	0.150927803609828
-0.40948446286418	0.174346422488273
0.372411733240217	0.165579301111008
-0.201921604266637	0.108126469419215
0.594508620899875	0.3103565380446
-0.617188727149071	0.299509832761619
-1.16896765995771	0.644071205204307
0.127549585831426	0.0385072991721353
0.126591754435651	0.0434512482036923
-1.80190156331263	0.405310176911618
0.127325808160313	0.0489124719091999
-0.346082156764149	0.209119557296634
0.435622285346328	0.316449190370373
-0.475641160584837	0.321560320706728
-0.966595261466107	0.588323771557359
-1.85634846678802	1.16225982720357
-0.480742936562608	0.322613249740875
0.164731186308916	0.111702609943106
-0.131816104577141	0.078861109404367
-0.802168841676039	0.702113459975596
-0.0934528125546072	0.0583124618877352
0.983280031529938	1.06055914721775
0.783897885586441	0.614520396210555
-0.558046395472173	0.358499826866795
-0.0169094548820794	0.00856341079693816
0.0269587144870947	0.0153433750246301
0.728168464332462	0.701869076908991
-0.209828889473635	0.14334770071193
-0.662816580579924	0.39003196319817
0.614736851559343	0.572815243650648
0.483326623155395	0.4276170614965
0.98073080522313	0.802473481836204
0.281162096912724	0.21323250107748
0.491307607170913	0.306652742248642
-0.196533624504767	0.106062445697821
0.168729421426943	0.100260193811479
0.437848733887926	0.317358412749938
-0.862737166009421	1.0056607556234
-0.288027610716401	0.18137435532119
-0.592129887557883	0.431244785898718
-0.777254530636986	0.338908632273366
0.494526534933114	0.311029568610986
0.891786233446578	0.479376604609741
1.38787959544331	1.04414824969124
0.131769780715528	0.0397831026994758
-0.371963944093828	0.110621992809151
-0.464209295842538	0.363376055490108
-0.423794855917003	0.236329146657224
-0.295711168945131	0.216213944378483
-0.169326284013047	0.0958955444198314
0.540272868080827	0.308396411823627
0.311360382523414	0.184747410304684
-0.696306976662309	0.555160386076792
-0.40477725239387	0.323900664624767
-0.478717914496696	0.32458801673637
0.289105995313582	0.194515914055614
-0.658280670790582	0.390973212327744
-0.65780511277738	0.391518680567319
-0.235473834201193	0.155219638541941
-0.16839608254843	0.0616855989568125
-0.206678915001888	0.110826649526009
-0.0403242260029834	0.0193820428990159
0.77684270418846	0.615397836242918
-0.594059966997035	0.426928580855128
-1.11710204658762	0.737706606056277
0.0345796478043309	0.0211354524319637
0.632522829675143	0.569129337046595
-0.473537223814625	0.314922167280654
0.160091721196116	0.0977262294559512
-0.163486770949588	0.0593150008002055
0.464966678563963	0.31515488860835
0.0386777079394957	0.0238755870605317
-0.303685865160271	0.226412632981441
-0.193666654310533	0.103085150419989
0.536718451136399	0.310808999322767
0.774394293748285	0.612146155363648
0.781763280042877	0.46221718911543
0.722613753675712	0.591140234139455
-0.785246190857392	0.347699697462423
0.695215644990152	0.453358234902523
-0.560646007425524	0.358161308710575
-2.79530340698948	1.90378691253245
-0.415730698664533	0.23687514736142
-2.12088081349168	1.59271234863015
-0.659213064801925	0.389117560460089
0.137790482671227	0.0349173015404508
-0.964373559229203	0.593544286574103
0.15414414581185	0.0877834075776003
-0.964707976578031	0.595532859143279
-0.169326858684233	0.0940688920247304
-0.161323141410888	0.0593428238464744
0.309244243230014	0.185896886550545
-0.488955130614428	0.424172195002385
-0.803466114035188	0.442052806268878
0.296675625319422	0.191371659627164
0.13543925593578	0.0701584133161159
-1.23099602922642	0.92526840701374
0.310052809974789	0.198961062434918
-1.52768151024046	1.72781263933059
-1.5633962520774	1.49655908498843
-2.46524610655003	2.32803997924391
-0.693645842151734	0.489499362720604
1.55845228462058	0.785152960886062
0.0105555079431892	0.00565561146238301
0.697033759660621	0.450156369632086
0.139003729078131	0.0727914483782058
-0.23997851337229	0.0797141941925215
0.279427433780104	0.220011070988808
0.282869637445029	0.20297080434998
2.33647975774558	1.1902357498922
0.300063860238425	0.204533719717641
0.351948363377535	0.177489465865794
-0.591098824678382	0.435971211654247
1.21765069489828	1.18332825736259
0.318772509174811	0.190345835699818
-0.0447148605165156	0.0212428067616241
-0.251069614212392	0.126724316049159
-0.201899687232421	0.108030186306502
1.23468630942041	1.02690651712551
-0.041701189483626	0.0200088546579432
0.132517398019614	0.0400248322660559
-0.319825063346144	0.149481274178671
-1.34479421558501	0.843390866668062
-3.09675293313402	0.963861246988004
-0.030364264472722	0.0203251661620175
-0.417885556017037	0.289004085642429
-0.510396839567808	0.38319430209335
-0.371195854454092	0.109335251451445
-0.351387876178879	0.212592489156517
-0.247949443682493	0.164005600576111
-1.1763129779058	0.662709400768897
-0.557388733447003	0.347807838005971
-0.242540504674911	0.0808346916156265
-0.938052112591783	0.685805798435158
-0.654614035659702	0.380044845628648
-0.240432327262198	0.158058103657881
0.142497248067437	0.0744858989582891
0.698450328635039	0.450929378009241
-0.254740236828666	0.127014417537088
-2.55022258982317	2.562039943276
-1.99771352460284	1.38009997385117
-1.66586678519101	1.73320266714468
0.588925059225891	0.30692713767465
-0.413017491473045	0.23268789223535
-0.796219365369183	0.753356499899805
0.382074230658703	0.17233763635873
-0.297684401030963	0.187808447711778
1.60956637967944	1.12457939314553
2.01458977055245	1.85732551366712
-1.29580538399491	0.604526107834548
0.667889629102186	0.305994781509
-0.0451789269554973	0.021477874880949
-1.46295654996802	1.29241900959063
0.849502785837116	0.622281198094495
-0.558775419171933	0.353531055324284
-0.249793045031008	0.125875536389701
-1.48291636653509	1.04159342322892
0.732184601223514	0.722180665315978
1.3542492152302	1.24472330045049
0.677893778332145	0.593544145039997
-0.6014128332629	0.440356780913061
-0.810993868069182	0.53344031295841
-1.86252827652476	1.14925657819207
-0.544726922023982	0.212503767866522
-2.58513149511835	0.689509113042442
-0.617490717382713	0.510844917251984
-0.250693431367768	0.125990390052136
-0.371963944093828	0.110621992809151
-0.800133349206143	0.439447391459831
-0.560646007425524	0.358161308710575
0.147480770688956	0.0777506868538583
0.151019154520233	0.0795433596678913
-0.452818094577342	0.357730242487683
-1.23099602922642	0.92526840701374
-0.41497820376372	0.230671173473944
-0.809179451220939	0.70626418751405
0.979637462821691	0.78406641001476
-0.123921149985567	0.0747544436858593
1.32430860080738	1.37598174388323
-0.410910541493627	0.290820717894951
-0.601167971172613	0.430693389318804
-0.0676622360884758	0.02992921492593
-0.413092817826208	0.237260237162448
-0.032478650780685	0.0217668803567239
0.327372070434501	0.180695655755084
-0.0305505507837481	0.0144442890443516
0.31255198819791	0.187701452894174
-1.26812104529592	1.19159581449459
-0.414720472487636	0.23539907854128
-1.10195170047946	0.752342393016639
-1.19825648035324	1.24355398445578
0.168206196865819	0.120013174374486
0.154867646234726	0.0999498182405545
-0.800645475116936	0.438218369952711
-0.404041512863036	0.284516184589128
-1.65119759850852	1.6132293791337
-0.410733451674696	0.287578096199015
-0.125191963642283	0.0752849260989466
0.427513530030871	0.30514885723574
-0.250256422804428	0.125890269667324
-1.10149583350092	0.747819352754089
-0.920125683645135	0.769582729622007
-1.10866951643556	0.762276769118091
-0.0695032952423575	0.0304228724879784
3.1859064847605	2.48478049914938
0.421616275753743	0.321033180318981
0.166114311671093	0.114113484619605
-0.112308593694159	0.0453798461062963
-0.163834806599575	0.0928744624524724
-0.65780511277738	0.391518680567319
-0.523779348837085	0.399587514740245
-0.0164056157059456	0.00836146239473983
0.772525269270578	0.611274965163062
-0.46084738634145	0.361982023581234
-1.00153125425443	0.994354959945003
-0.994947520595846	0.503479993249042
0.0287854255164717	0.0164752289334471
-0.0377027226473137	0.0180546670487
-0.627614152586705	0.519884105424275
-1.23758602509837	0.933705316799553
1.05440155751561	0.514006068716458
-0.544457974945871	0.209282706221017
-1.2576649496301	1.16061156407432
-0.306901451501396	0.229110410662347
-0.796223452580007	0.869625672610581
-0.346929690057185	0.250284054796092
-0.807618102336467	0.942284607832728
-0.349566072982396	0.210506229971543
-0.454194188609462	0.359173581718544
-0.552756753963937	0.454615766149018
-0.790481876212766	0.354530755409143
-1.36501057618946	1.3499216213805
-0.650781532320758	0.639926360455287
-0.0683198382941077	0.0437511460070232
-0.290015021603172	0.185154013878786
-0.688756014085817	0.489536537984592
0.130953539754687	0.0618642424593282
0.0121793943468567	0.00652856748825456
-0.873148022708668	0.930628808648868
-0.723585610173698	0.692868466956278
-0.0407308356656069	0.0192805122031836
0.777948909448961	0.46104149746558
1.4574619999595	1.42527259919717
-0.404914626449041	0.282298765901593
-1.20733555295363	1.26399411717419
-1.17812099601201	0.664770219512755
-0.47302247472999	0.317116356820102
0.603429655297822	0.568455708674199
0.435519561152019	0.314641045106296
-0.0963117420503918	0.0710597262341642
0.678418531979894	0.595094174726057
0.0117735510271266	0.00691189276922557
-1.84364816888832	1.66394166131358
-0.315818882512221	0.231629395900083
-0.288490007551702	0.18369958028674
-0.407863533228908	0.288525700924716
-0.251635329569842	0.124937946593983
-0.116821697749771	0.0694253434752709
-0.31051733877748	0.230597262611363
0.0529635926449759	0.0343964025279568
0.175988932771833	0.119428913941647
-0.801558349660879	0.529359583580914
-0.241691353947515	0.157015847947804
-0.0332494606586675	0.0158312150989029
-0.163526899524433	0.0934052135128102
-0.498079490189091	0.260121620046448
0.408618473731648	0.306736439309343
-0.473560693285123	0.314390921136294
-0.0368571270091365	0.0175339445741875
-0.0732772426636854	0.0318972590344039
0.0366016375999544	0.0224074800658136
-0.0759717981364833	0.0481381099445613
-0.887178802422438	0.88814336157375
-0.409458015166954	0.283084560887872
-0.418013203201972	0.237594272941103
-0.355510589102617	0.255429206150271
-0.417020018136753	0.238653506450976
-0.406908042299342	0.287458191941642
-0.289674729126554	0.185377479600453
-0.400030783668425	0.277121520465242
-0.806593562757645	0.529648418377198
-0.554341712177825	0.352854429294003
-0.125375928908071	0.0749307121647562
-0.0708310066154293	0.031305775448192
-0.00787545607995168	0.004128390081291
-0.150858862002647	0.0859357555751468
0.279183068392261	0.209020685861382
-0.204750965584156	0.138262804748349
-0.806171605131503	0.440012855925528
-0.886097577122216	0.890625249560043
-0.614922666475239	0.298888890539692
-1.85684496136279	1.14602206405309
-0.665937168985309	0.398102144929065
-0.801123491140873	0.927985390506806
-1.35752906721237	1.73439428865779
-0.193517551583197	0.16666212367182
0.77757268653679	0.741721035697984
-0.794898265567473	0.43651590931654
-0.043417405210968	0.0206496342798364
0.0304292632664739	0.0175772313078799
-0.59195512744549	0.433730349192644
-0.34405914128198	0.209470904779795
-0.0951204338541181	0.058276299368389
-1.12077105229198	0.742683434768758
-0.897361390192196	0.828715442166903
-0.685699795720914	0.472870249421428
-0.0386154882158251	0.0184311434197233
-0.196081902836959	0.105461205954288
0.350482454861715	0.176324469613531
-0.544726922023982	0.212503767866522
-0.671818652761954	0.392163811368837
-0.258344239274607	0.129943272341123
-2.1245659788564	1.62603803188669
-0.91984526340367	0.774063771238819
-0.704019823373598	0.570708823362615
-0.45367663999768	0.355725753278486
-0.716258373124006	0.568611697824579
-1.1064610563558	0.756206702835869
-0.163486770949588	0.0593150008002055
