x	y
3.62062366405083	1.43326252584705
0.926974875419701	0.246284209674963
2.33415358443588	1.17925118132188
0.134249836964903	0.0400890519468039
-1.54211096447874	0.565956548030536
1.94300081329777	1.20850190291419
0.669670242762903	0.563085286692531
0.511421116085479	0.534702127703871
0.439917252515172	0.411031587364609
0.286105666723948	0.196138792480729
0.268114137325446	0.225889673416095
0.600787946651357	0.449567550556543
1.01834891184508	0.373463434390013
0.812033367307458	0.33715738281269
0.640204384260695	0.202440736609696
0.801640822834797	0.342681912930608
0.509725648789814	0.185898565895246
0.926329332609966	0.245803896301602
0.376211665222938	0.427513209000714
-0.881512698284569	1.0205989067582
0.431087451933286	0.426369536294141
0.279875405742089	0.198784773275112
1.26813568739529	0.68255421925438
0.426999830129114	0.173224779129442
0.509725648789814	0.185898565895246
-0.370960450535942	0.108999469994633
0.673099147339077	0.587591906506624
2.63943550313951	2.62868279853516
0.645296675255024	0.45639180365756
0.78000408581846	0.848192959296423
-0.512438392327901	0.387155408094166
0.266891695110463	0.222937059086766
0.684197693155187	0.321067010084729
1.00757101741344	0.384130201865198
2.09242869183638	0.949346787975783
0.648438632712042	0.204895256444076
1.07205620733889	1.35796388219069
0.141622879212106	0.0613794438926938
0.462011913252697	0.312729512718517
0.15522028089683	0.0957778146581131
1.09843247824921	0.966157982058334
-0.151255116750183	0.107129216257575
0.416249461651411	0.426616313372352
0.264092748293137	0.221635400601394
0.195138150444916	0.180582029742527
1.61045172247443	1.1246950593717
1.01398176237284	0.388014010752976
1.05040313922884	0.518133696966867
0.134986889048387	0.0462856031126629
0.130882611694412	0.0448066859255122
0.131405301493996	0.0450882414222608
0.134249836964903	0.0400890519468039
0.947226412517728	0.937414210857684
0.689584577473844	0.695288780884795
0.425663039097874	0.427139681150716
-0.565263861558765	0.473005045125853
-0.287633931240224	0.183448699015755
0.279073974570275	0.211359970129333
0.595486899576056	0.311436091745628
-0.0120775740916228	0.00831342695971973
-0.126726848175718	0.101581871269828
0.272338673688347	0.24724732302901
1.76932750081039	1.00212910906119
0.349179283191181	0.176261129745716
-0.782496399399875	0.346012441587796
1.30392693638538	0.574036761821476
1.01398176237284	0.388014010752976
0.499677806509618	0.181395612831858
0.641431038909059	0.206705899790905
0.483193647069759	0.435017925451001
1.01396469255267	0.958019633296568
0.548986129510744	0.545378481680986
0.536200915043992	0.449442790525645
1.32126507558306	1.54403578156748
0.16144027360183	0.110482260108575
1.11544904183354	1.11374772222883
-0.120153814819286	0.0875398302253714
-0.7328669342137	0.82090775908435
0.488126235191128	0.304091296854348
0.728771654827804	0.813553982528394
0.66734310823616	0.557587506732445
-0.888626571806052	0.888485148641087
-0.484774627582474	0.416714424462248
-0.348598337810152	0.252864696142241
1.10596942712074	0.98940363548587
1.00909935199158	0.944476530934809
1.30510580941007	0.574633213521749
1.54902029058638	0.781201794884634
2.7489176254429	0.781882431670721
3.61850462978752	1.41205255014363
2.7285151056673	1.69349023224091
0.321743724285242	0.177293150448102
-0.51945500354336	0.398032403080052
0.667182903745162	0.580394582810426
-0.00256117462462057	0.00117260226653447
0.0418281333921525	0.0256983783678698
-0.186976615501352	0.148959532032423
0.460918696203651	0.313935212806551
0.307015416998477	0.181528466206289
2.88889253244799	1.93677829438923
0.512296682193737	0.184360640072117
0.132691654059749	0.0395472168451783
0.141628868364635	0.0268733845859336
0.482915527719346	0.425179132203569
0.403864145444008	0.43054433490371
0.428831441051367	0.42670124578777
0.565717712293106	0.542443320977343
0.448910080328499	0.429158233859321
0.112592263232056	0.0878308608553244
0.186860097774261	0.154414430596177
-0.619075586337573	0.662596266747133
1.13164357054758	1.29348733552935
0.550394282045337	0.543026084402278
0.286661662293231	0.205933826452354
1.60907501607325	1.11064910280925
1.01179148986041	0.390812379931115
-0.61786350837451	0.301730813295305
0.12918993805387	0.0442507386000375
1.24474400364086	0.849812120162646
0.369937119972233	0.316838425852524
0.436475035900188	0.317463590530206
0.072391178356744	0.0490190352202741
-0.730575901714489	0.753227240056425
-0.153846551973462	0.109308099993674
0.631695917381097	0.57489442526098
0.784460560578636	0.83383361608963
-0.060950083085541	0.0387767115002733
0.362527745706244	0.303713307605666
-0.601259250824413	0.444403026409185
1.13805112988954	1.21938540131408
-0.0731568923923162	0.0320463090845534
-0.319704131986579	0.14928222462411
-0.550411694793751	0.212093304237507
0.641431038909059	0.206705899790905
0.104465639338074	0.0843672025965299
-0.00336196993124023	0.00271903338384706
0.35825505764205	0.324780603205004
0.110674003688457	0.0923053830687351
-0.123006568141931	0.0898567542547887
0.0401387858349292	0.0318045162451903
0.518481196722979	0.621765435367135
0.174676059702336	0.139158607774931
1.03985327530075	1.10903156536616
0.493699410524626	0.417859416557491
0.0767924414431929	0.0544294216575113
-0.203287430169235	0.136398219948319
0.82584004389316	0.859427812070114
0.380640862153908	0.171894154360853
-0.111235862084243	0.0448500579875298
0.895801610751292	0.482529728447923
0.134805386154992	0.0338121207710829
2.5412628161373	1.42347054539208
1.45713618052477	2.04840754556241
0.0614245377596997	0.0416735439012321
0.786664876174598	0.747317387745305
-0.563738934741302	0.598008398735344
0.77785849900476	0.841386771261181
-0.229436096549629	0.177354716860388
0.372534385439342	0.315156214493371
-0.279280704651923	0.209714607588274
-0.0708808390553893	0.0528061968569106
0.258542860508343	0.216114174124601
-0.0437330857717831	0.033686185769423
0.767450359480876	0.445924671720583
0.317640936062573	0.190255580713956
0.375904753812778	0.169595391952458
0.135931183146639	0.0408601823442341
0.134073230654708	0.0460155036809627
1.79971117079625	0.713547256095307
0.925979622549504	0.243736825113843
0.0659014044121145	0.0462241462765718
0.78179825533117	1.02474105234898
-0.544318226175559	0.453148839566073
0.164929105982684	0.122208591553835
-0.80895378096421	0.627149312209819
0.158697320931796	0.101669493974396
-0.45925710612926	0.363302809988887
0.59258909416213	0.310502396053611
0.427912885754657	0.174104059517884
0.678448247211873	0.321181182956278
1.2634283920089	0.706946124414368
0.123311117318626	0.0367093572540832
0.642202725024316	0.20486814652215
2.08942933324319	0.937032032738502
0.639433294916704	0.204223062388441
1.11076871124792	0.991445334129137
0.339188047778503	0.332895953284176
0.671732607908519	0.580463631158086
2.3273730740367	2.70965384113961
-0.0681412393653044	0.0518578521116267
-0.0485585277938372	0.0313722553183835
-0.149998694081966	0.12051072800264
-0.267363269034423	0.202904621473023
0.409933264487345	0.431914095708004
0.984484648406821	0.79750706934708
-0.489568674443756	0.423429047125622
-0.430512889698313	0.371883362278948
-0.312590972504338	0.257981534087375
-0.519404035188935	0.395267284017981
0.295728487733247	0.191196972270347
-0.515908589314879	0.396360066807814
-0.650318276706871	0.160755761640221
-1.84116096838096	0.76985134303748
3.61956389250147	1.43028882967321
1.3144601397265	0.567262231006821
1.79492986711335	0.708745443595502
0.0548543029986665	0.0351601249139696
-0.0779666850754489	0.0584905621423401
0.388654740671764	0.418680267650828
0.479410986983902	0.424653178863695
-0.679137945715012	0.755061422844942
0.172700457337954	0.141722423276204
0.531858660430943	0.439060404531391
-0.255575293751642	0.128733357395257
-0.719290337461375	0.700142750195941
0.287067590836935	0.206220301595204
-0.165633878223146	0.0608230448483071
-0.341181270168229	0.206307759485056
0.137896063531202	0.0531619810144832
1.00682260093215	0.383667953301438
0.137420997667979	0.0409326259269069
0.423315510192861	0.171523923653337
0.50034373237576	0.434223782034266
0.0588749896398458	0.0397682877888691
0.265602030008531	0.223510897936033
-1.00853379863858	1.20460616986538
1.28904440382494	1.7621171950942
0.789753235415964	0.743021560802002
0.422823802044549	0.319470847978831
-0.0345976053633167	0.0269435596516735
1.06734169064862	1.23407644331083
0.176601050862166	0.136814906153046
0.309962810647918	0.188116955312448
1.29350448332127	1.64295064341325
0.677349031921437	0.313574397228806
0.642430262122492	0.204551977387731
0.134208821438559	0.0573667983271094
-1.29972730756308	0.589574358808021
1.4308149383669	0.474993175817053
0.268793109224876	0.226874598203579
0.0832199899812117	0.0585543513387726
0.486839944418609	0.433423607199972
0.271089391677316	0.25942509258682
0.507196501824786	0.435053501593964
1.15468862076062	1.66281828116326
0.487217180138387	0.434485091389295
0.857459788472774	0.963085647496337
0.155746899466793	0.0940511900296211
-0.322657191671823	0.148929905613059
0.133502874099665	0.0402503094723903
-0.620664206933368	0.301874622328127
0.783488801252617	0.46792550722739
0.432008318792815	0.17346976405662
-0.173879170145071	0.0630313403801181
-0.173879170145071	0.0630313403801181
-3.09675293313402	0.963861246988004
0.798910414182005	0.337139290695607
2.11625523964255	1.45926921478845
1.5514862837783	0.776653741316405
-1.16076621190063	0.359385238156804
-3.09343711568729	0.972052225554497
0.669933543252313	0.313410463284172
0.0675900503304957	0.0450915169373804
0.0695434673659274	0.0470106400865411
0.468658065547287	0.432203406173289
0.0072332799116695	0.00394268673190511
0.0357176104492289	0.0220483294613925
0.83994081332712	0.760661053097525
-0.150218153041996	0.0852546645352013
-1.27591536476617	1.35976725682097
0.29946796969712	0.19066630452668
-0.168505802327384	0.11786073163914
-0.728576792052585	0.701628392821154
0.390549125436848	0.320813403952237
0.0156067434771675	0.0112207544059251
0.0401498776441074	0.0246154520803061
-0.0402399509970493	0.026419516462688
1.42719460355007	0.477448564652232
0.640327927997844	0.202105416098505
1.4300120770332	0.472328161227103
0.409913992296596	0.420336931168506
-0.17295020877682	0.121531895662022
-0.102530165152349	0.0842161013453135
-0.0417009414819241	0.0324383954435939
-0.00239587013026857	0.00174601523392407
-0.180832438038073	0.183142864750908
-0.422706775149306	0.396768574381149
0.459037451212769	0.429601393360784
-0.423479066984941	0.459597957559893
1.20641131346996	1.67866012544871
0.0905238615821382	0.0686333216943211
-0.175871203146346	0.139229526257775
-0.407655723137721	0.363901891058943
0.0734438853807897	0.0492506453913199
0.480064265013231	0.430403482151196
0.278121533878196	0.198798309547852
-0.0367892938825417	0.0176198078756994
-0.066762808098966	0.0295232250825857
-0.248466966430277	0.124151078036774
0.800731449974192	0.3425296464443
-0.540115924833076	0.208200252419204
-1.16180306616162	0.360626829502971
1.05191529311535	0.519138413454858
0.79747062420093	0.336571067175277
1.31257995876876	0.571687396911784
1.30581051293515	0.583204526982758
-1.04569085125238	0.424269012979002
0.988150636444575	0.791350799721181
1.76240943503143	1.37031640138018
-1.80190156331263	0.405310176911618
0.50131905120822	0.180918046026188
0.809536064589503	0.339518702699105
0.28959059600846	0.197590231474075
-0.0901530131930949	0.0561106338910991
-0.119384348769066	0.0711033950730762
0.549918609890215	0.54811503148837
0.0820716655797119	0.0544163998393923
-0.906944779739994	0.747668639303628
0.534008942262287	0.543778846810775
0.0175107961952638	0.0131192695971217
-0.289934568001108	0.263258658333392
0.415496220358709	0.419941551001178
0.778417481366643	0.739413348320925
0.352133538489647	0.320902541455626
0.474229340332277	0.526982519414596
0.782275882724237	0.850488206826405
-0.0228858172264724	0.0153780535648437
1.77084537861159	0.985670169317
0.0543348632406136	0.0449876016066616
-0.549243764043396	0.456019392773471
-0.0580776744313559	0.0439989935104932
-0.0604515917860978	0.0554685355911572
0.111038572650358	0.0936744035047585
-0.9009306889121	1.23738188984465
-0.475757852207656	0.506217500295054
-0.140821736933746	0.114774986141277
-0.593383007556543	0.738244717869197
0.486835190611808	0.433134848052607
0.374724901733939	0.316785756433853
-0.354683759703614	0.290360482201582
0.530379986918489	0.528531054927794
0.168697006633544	0.125600888095366
0.0410028525484775	0.0253205788964294
-0.586289364893332	0.429020634266368
1.26196027719965	0.706774319681036
-0.552399677649606	0.351083336661501
1.55131036080572	0.775222255169698
-0.372732473872603	0.110746709749891
0.140849939775754	0.0415398473569265
1.8007131844382	0.713314573443425
1.79971117079625	0.713547256095307
1.8007131844382	0.713314573443425
-0.367195240283961	0.107121976389446
-0.371963944093828	0.110621992809151
0.133181749058595	0.05758539353645
1.04452760474985	0.504648438997339
0.346397844294687	0.174416203311335
0.373303457581012	0.16569118133102
0.641104859986785	0.202425076080571
0.142425808142815	0.0356096114179749
-1.0534020476836	0.427456809042585
0.129180834540573	0.049372626195376
0.127894779700985	0.0492384929400269
1.79793422282707	0.704405735156038
2.08924618973395	0.946370198374706
0.134073230654708	0.0460155036809627
0.334521403059607	0.183800236901413
0.873457353476421	0.893207963456997
0.257927130412921	0.245957993836141
-0.304873132985516	0.227194406400419
-0.122456677366724	0.0894343435510888
-0.68492680467219	0.763138628946403
-0.714614690268624	0.569524126126903
-0.180001710354442	0.141720102335047
0.639222612289582	0.767452103382469
-0.402589147994423	0.280129350118467
0.779300172924081	0.730378249918845
-0.398859519353774	0.271529854297559
-0.717959147547236	0.692021431640033
0.3862118084905	0.316933735145416
0.155815957517249	0.100671140108376
0.633269893693649	0.444126854058306
-0.0100522408392608	0.00794611919089987
-0.0373078610996047	0.0249682989637563
0.452004594791807	0.520208456077978
0.685384922883054	0.593499365177856
0.689647822649997	0.848588917864188
-0.0488772120872208	0.0414515711725956
0.457388199808587	0.500669233349796
0.339864931705724	0.342162663230437
-0.0690309485590045	0.0512372652833184
0.349893556675187	0.328083454101302
0.423773178836093	0.319393811487925
2.42102869807372	2.9683479847326
0.0517912059746189	0.0334887501644837
-0.670867189970815	0.692710274287762
0.380121707371162	0.172795499204357
1.24282909738142	0.856866964624937
-0.248362068260268	0.124878834940163
1.30581051293515	0.583204526982758
-0.241840209542203	0.080476940077082
-1.85105987422546	0.761779430008581
0.811734324263721	0.335419576873398
0.495693974473611	0.176880485638909
-2.48789502439235	1.41081157831402
0.503173696642426	0.181140364188836
3.62767584574932	1.41430462866463
0.135931183146639	0.0408601823442341
1.00952721840855	0.379086552072067
1.5526434754852	0.781039269293486
0.507170252862813	0.182647571247782
1.01080793058073	0.389781480211188
0.139576085242422	0.0352987079074651
-0.751444890588777	0.263713332527736
-0.372732473872603	0.110746709749891
0.118157506158458	0.0393145358002683
-1.80583314024352	0.404036831265938
-3.468495517409	1.24545977066643
0.641203436908402	0.204828865510354
0.645775560777526	0.454424642981823
0.280548976800533	0.210077201231571
-0.811030174107212	0.623915346071156
-0.0618142316334922	0.0470092390721912
-0.954647079081608	1.09721054028085
0.699159256441842	0.699566466611521
0.283308353752492	0.212860489227282
0.0457524018488178	0.0278249702763742
0.160404215730863	0.0986851848397514
-0.100567645816992	0.06238371557756
-0.403646683167019	0.324136590544895
-0.117895477034451	0.0701114736980941
1.03189360893309	1.09037792578628
0.603297364812022	0.559873670773496
1.05111476631205	0.504786148342987
0.925979622549504	0.243736825113843
0.46189903326503	0.428481201926129
0.503899292912217	0.605964865596047
0.779482636480383	0.845317851552169
0.394156336049777	0.420777352614079
-0.598926326556878	0.819910625090251
-0.151390241117537	0.132933223968339
0.432994080587145	0.422344634004328
0.572163603818292	0.553213000398694
-0.623738126856317	0.705801665294675
0.181893742845086	0.154662896220352
0.268785600693043	0.208631933176886
-0.163211346126354	0.093890358072502
0.441430215227973	0.317192554638894
-0.544726922023982	0.212503767866522
0.148609505253721	0.0789246752195684
0.636334245031832	0.202658963099978
0.639660215207864	0.203910262751024
0.127894779700985	0.0492384929400269
0.891786233446578	0.479376604609741
-1.50512671215335	0.78497703069569
-1.84215992422119	0.772497364016813
0.929020853400311	0.244303524147299
0.512296682193737	0.184360640072117
-3.46998743660351	1.26411646563651
0.135138019902736	0.0395569950673185
1.02406325610563	0.376431384238589
0.68312155425915	0.31458131948321
4.55055324660742	2.54713081163168
-0.792603495120915	0.350025979640015
0.649644224685716	0.457531070012254
0.382441524201531	0.172846715056874
-0.365723734816446	0.10590898963095
-2.58899611685113	0.683672524401667
-0.159806023666921	0.0585982110618119
0.132517398019614	0.0400248322660559
1.30977120345695	0.57893048591637
-1.16076621190063	0.359385238156804
0.138818714405564	0.0354421828043769
-2.58468514934926	0.681926813759725
1.55414783644723	0.79255832938947
0.63533835195479	0.202617768704467
-0.155936644995533	0.0890241523967049
0.160591480740925	0.108291818781569
0.0679666124622537	0.0465510257138598
0.270270490903943	0.22999258632209
0.252158508237758	0.241847220339023
-0.122310222247506	0.0727640059517016
0.850043731769738	1.07560456298815
0.181019348243873	0.138063985149173
-0.0674797705111474	0.0429273274334386
0.393432666312215	0.312530444350301
0.728165697735301	0.605636604165919
0.132731185008627	0.0569814418207354
0.5052829367669	0.182279638609026
0.310938558396499	0.357107668965414
0.954150104453684	1.36808358330558
0.563378969106966	0.631058839770109
0.266637006576423	0.224805403984695
0.424492800147636	0.421881632208254
0.168783440876584	0.115512618664648
0.994169776477964	1.17513644703416
0.526329663727743	0.438282795503604
1.08984364056014	0.807649041133765
1.07564710724461	0.658408859247353
-0.61862729111801	0.300331195278872
0.503876995823466	0.183153812193994
0.508781691198075	0.185680235788344
1.01450619014864	0.381688299080763
1.55058082848015	0.77555938050866
0.128296084606295	0.0384571369192157
0.683862636066963	0.321077477845465
0.885765943249295	0.469474256358475
1.42898338960615	0.478193832396807
0.672400579683082	0.31071329161053
1.79563632322604	0.704599241543694
1.10030949088699	0.801610440147255
-0.785574924986156	0.351164797524706
0.381724430005519	0.169050975649683
1.05282282691147	0.517428130004872
0.127325808160313	0.0489124719091999
1.44726179534944	0.912281557043227
1.04853061351236	0.513497604131398
0.886149098729338	0.47655884135074
-0.240928484682292	0.0794592918982822
-0.645977108318167	0.157387277340251
-0.753925861436807	0.267481396825324
0.133264717489137	0.0398651258030508
-0.649961670532414	0.158635340685799
0.67245174757482	0.311973613464902
0.640432049403559	0.206671110179374
-1.15865836302273	0.356559362366982
1.4300120770332	0.472328161227103
0.929020853400311	0.244303524147299
1.05040313922884	0.518133696966867
0.63611382542294	0.202940731306447
0.383970873834602	0.174549965674074
0.272940403899559	0.214720275858086
-0.113476110188365	0.0816879564255553
-0.257219832966055	0.192881472343651
0.436284518951211	0.310315194651855
0.378161034448343	0.305519000411598
1.37321853182512	1.84725157708038
1.21808038555538	1.00195253286433
0.3545690385977	0.323198550072468
0.153771049401967	0.0990293690073457
0.148127604699866	0.0850010025877065
-0.205253961478139	0.110920101451424
0.284730241481771	0.220273356120552
-1.11677179179586	0.755728846649923
-0.655134042563047	0.383537603600269
-0.753925861436807	0.267481396825324
0.804694516036484	0.340900603373708
1.55108656873486	0.772983662632903
0.944144892836007	1.34326533013537
0.264737888724531	0.234309422472311
0.439266637907846	0.429058744311827
1.33781471758638	2.18380915795442
-0.275351425665956	0.228321689965369
-0.151519733089184	0.1068901113956
0.775470259546501	0.613932222760674
-0.782496399399875	0.346012441587796
0.331353193765478	0.181615516345934
0.777501653437854	0.466968843269737
1.60324954183922	1.10055484039557
0.679351020763047	0.321470737969825
0.596741580740841	0.448249053300802
1.31258896173398	0.573358545984578
-0.797130551086601	0.341279196672893
-4.41233734001285	2.28583827575019
2.74438259751335	0.780038400688451
-1.16255649541829	0.360535388481223
0.532694256749446	0.304851599784403
-1.04612874160832	0.41783780557605
-0.415425080083732	0.176312678104253
-0.959821540719705	0.575204503109192
1.6118514342688	1.11015008885053
-0.808017725909829	0.43632222156835
0.307800086195555	0.197519429784084
0.128800385405616	0.0497090773739998
-0.322099928047886	0.149919382475623
0.133502874099665	0.0402503094723903
-0.104593684315839	0.0415576816713597
1.43108326772595	0.478167346987275
0.140501587369546	0.053083802082576
0.133264717489137	0.0398651258030508
0.675641318219284	0.318864643581878
-0.535036661325338	0.205947372347684
-0.54045007876494	0.208645621535233
2.08526761690588	0.934231422296853
1.00976637943184	0.381454911222285
0.647434198867694	0.204530170773019
-0.165633878223146	0.0608230448483071
2.54889737970719	1.42420103735778
0.533528941376039	0.309579589117101
1.3792708702625	1.87694126018201
-0.114721081087216	0.0675622436085432
-0.487339726032316	0.461394929427915
0.582565650740383	0.648324863479821
0.382795396853945	0.315280454565712
1.22821517795228	1.58915614873578
0.610540272595304	0.558607635256715
-0.685559317914335	0.487219563102348
0.975952098223767	1.33116454797124
0.316229936962609	0.190310175206904
0.377150107007042	0.169547415920011
0.148091448856117	0.0764902593584436
0.129576970372072	0.0440312204196401
1.30675103647863	0.583158549436276
3.62062366405083	1.43326252584705
1.76402843971267	0.977842822503622
0.893469861956536	1.0978225197881
0.27750690044641	0.21495117783542
0.940893848743821	0.926402126155141
-0.801185179091295	0.617981124162468
0.301434031632936	0.194470092778618
0.801164793553301	0.341294454493149
0.680488477207871	0.322481729208535
0.13729638423359	0.0584152923960486
0.926974875419701	0.246284209674963
1.08933187157795	0.634683207907734
1.04458971502417	0.50276942626483
-1.16605123679474	0.358241254731586
-0.622074199341753	0.299662175300751
0.510425175538684	0.184248558920947
-1.84684600536814	0.770075855753647
-0.78497299551403	0.350548280281777
0.902966600416694	0.471790889969878
0.324292452338677	0.17961322700072
1.44306309372853	0.899952167138894
0.141428973205475	0.0601282870504894
-0.164113417640613	0.0601976090971911
0.380476608585642	0.168937224270515
0.140726965702393	0.0610240997598051
1.55199193555679	0.76925475596425
0.380121707371162	0.172795499204357
-0.240892370455321	0.0792841914193826
-0.370960450535942	0.108999469994633
2.08849476509833	0.9440485467898
-0.164719608084805	0.0599665084250442
0.137080532436617	0.0260826732150604
0.640204384260695	0.202440736609696
1.42898338960615	0.478193832396807
1.79971117079625	0.713547256095307
1.30839406869701	0.574336449943532
0.638106441805795	0.200917531067273
1.08131915583172	0.659683649750025
0.639433294916704	0.204223062388441
0.285209822663471	0.190954490977545
0.16213780288693	0.115729742510702
-0.729704309269191	0.76286497499773
-0.510449317030088	0.386531160023942
-0.254726466895314	0.127942267761041
-0.111828824607005	0.0799087020032253
0.140054990346714	0.0667516644952274
0.736127754820502	0.707345345531373
0.486203335682689	0.297799787354428
0.262749694693335	0.241527814284661
-0.410527363753093	0.233296302715744
-0.104233352305599	0.0416452400814223
-0.488529608600522	0.248199474200581
0.683340409588349	0.312152472087354
0.627900173288544	0.664922335309281
0.540545750115259	0.528321802700695
0.450204741414628	0.299253249391451
2.10666270075007	1.45890598040445
-1.17800151891802	0.659423174361625
0.37609309655299	0.167261061206798
-0.165318734214513	0.0606610603776833
-0.10893038837639	0.0436505557969368
1.31327961953272	0.580049429236313
0.528602410195699	0.303181999079913
-0.544081214106925	0.211880882351101
0.135687810090981	0.0405518208503784
0.806771010510594	0.341817317762371
-0.0662704852710001	0.0292621314354455
1.01254068844739	0.386785712184281
-0.555241016050424	0.355422550301378
0.699773988591821	0.458095339688743
1.42719460355007	0.477448564652232
2.25694703023515	1.72804034427561
-0.622636965232551	0.303887002294065
1.05472277889527	0.514601317533127
-1.05409989481754	0.428530499260954
0.375012576440081	0.168539047067921
0.348722537389473	0.174368151075072
1.30557418676413	0.574374892461532
0.432216086405575	0.176459106478166
1.60642109993948	1.11757205951485
2.33647975774558	1.1902357498922
1.31421957857318	0.580185170467997
1.00757101741344	0.384130201865198
-0.245102561255551	0.0799501210255381
-1.16180306616162	0.360626829502971
0.426086447005187	0.171169008760811
1.76100678189526	0.982990137618838
0.891403138850952	0.478113786028942
0.378806720901392	0.322165460815094
0.947303712033568	0.90589899101438
-0.624628440311013	0.51801490574689
0.0631936454975288	0.0428359705150621
0.188446580332447	0.149250992667524
-0.543601758196528	0.547757714299682
1.13370113463807	1.28202125055673
0.153124104803649	0.0939226389842185
0.749961160661611	0.828714971929422
1.22582755318363	1.59112519383383
0.718480816398092	0.585223855030235
0.459799536087106	0.423524494398237
1.60266863876954	1.09782845818883
0.344970755858572	0.172830649815742
0.537165983046884	0.311041271705653
0.133158803705053	0.0453642825734633
0.299847851982065	0.203523601583166
0.158602574990898	0.0976473325309801
0.353739636558949	0.17826105886595
-0.790481876212766	0.354530755409143
-0.749462000858586	0.2621567593617
0.131669054203935	0.0451092981844482
0.378312774386408	0.169345118132009
-1.2990374775149	0.597727194622694
-0.246744187489769	0.0819875861942725
2.33321600588961	1.1815266348514
0.122512270551971	0.041395639730421
0.950524636216586	0.63582805186896
0.136989442351956	0.0529527438983794
0.133606661613399	0.0514748615616714
0.120930099481501	0.0410532619666099
0.42513690580992	0.171460939143299
1.45145722101094	0.908259665628721
0.638106441805795	0.200917531067273
0.459979906829917	0.313065882405182
1.3906481690581	1.07048994939256
0.351053645582145	0.176327588602737
-0.408348196652589	0.173037028474031
0.137790482671227	0.0349173015404508
-0.369739934267753	0.108830229788068
2.32831596007181	1.16684659830358
2.3374174774623	1.18988321932547
0.49991679292187	0.180263240660553
0.502495901270246	0.180156648554363
-0.788021168436511	0.348184686446369
1.30580229922326	0.576935208796654
1.04735831288932	0.514396011297143
-0.409826637020451	0.174074560774058
-0.785569512138	0.350167212429349
0.938417588311237	0.617876324837077
0.874821502866214	0.889436383979556
0.162577286562487	0.105948237808473
0.31957392056478	0.173961779379839
-0.357817795732689	0.293367400248104
-0.623251043952777	0.521117411991521
0.305147069614213	0.182348602441079
0.457984988490539	0.418152053452606
0.787858169215307	0.742096671092232
-0.0130121179383587	0.00665978758866755
-0.245008749084179	0.161720333182329
0.00897537833297401	0.00481363083284363
0.900599175843934	0.772999354713315
0.783586917761137	0.464534465549836
-0.107548870752977	0.0430773561470709
0.795266844056424	0.335552258908945
1.90610259553715	2.95040925445957
1.298771655374	1.66899202466127
0.49664898866772	0.531247946840193
-0.07911992740367	0.0341013561532864
1.86759920463963	2.03127650071801
2.14512249606512	2.83630129615239
-0.0706443478746555	0.0449094084322313
-0.796379373354189	0.683237013662282
1.22240319700632	1.18833776065652
0.290829790310857	0.185419598825655
0.918859455399739	1.0210235701361
0.632895930856217	0.575116924764679
0.592826161946393	0.450477029288252
-0.245701931466157	0.122556335347257
0.0604965734632017	0.038713879313096
0.382591570124186	0.322028503978789
1.3561348454282	1.24006288300457
-0.203152761420307	0.110062989052437
0.491763051272137	0.306320472697073
1.35767793964518	1.23798159149221
0.160186506071185	0.102544803982106
0.00137992189550995	0.000866849322148377
-0.684807538707787	0.482584499129766
-0.394055170749374	0.186297108316039
0.413513541068248	0.308385718374308
1.86988932451636	2.02530097212042
0.830479286057325	0.758538038879542
0.299038124530938	0.190284991083904
-0.171220344801748	0.0963041888402325
0.156506507462208	0.0895101403260056
-0.0731956459277993	0.0469403837349226
0.168502803467028	0.121093254997326
0.151236061571656	0.0862070673995735
-0.0678951426455231	0.0431288265969222
0.161145613531504	0.098215843894998
-0.200837087032958	0.156885795930596
0.313165065464633	0.184086624428251
-0.0882267465060776	0.054442233125814
0.145905880364878	0.0700407869872228
-0.0574691167429566	0.0429983514818271
-0.364986866793835	0.330403526488141
-0.480478331439569	0.32345096980124
-0.515453084298816	0.388314426168232
0.458838692825767	0.313302154341263
0.715541875190533	0.582874184533872
1.15630790969689	1.54663222112467
0.558863623595423	0.441543643168857
0.165764408259178	0.121351476761605
0.460386708137267	0.425134996021292
0.331829829688786	0.333626499893556
0.266455649713731	0.207640990213577
0.0919752718664899	0.066759782533056
-1.35864444369308	1.13228369599905
0.136082679681813	0.0525324784428168
0.498807653855456	0.310326175565979
0.131823666266718	0.0447389631924422
0.13732894948122	0.0527562325967943
0.150408819633199	0.071350461369716
-0.319704131986579	0.14928222462411
-0.492171072231169	0.256492264981958
1.38398884989004	1.05241226921474
0.322190040356844	0.177388906025319
0.295413289885945	0.18989040298817
0.434582596326448	0.31430467054913
-1.00274066611857	0.501818245130612
1.09513559708037	0.821271216044674
0.349090826298804	0.176359202179315
0.383979951955764	0.172465999477642
0.486291616145281	0.304681829404804
0.131770953769287	0.0569213800918292
-0.507408590729791	0.26516691196934
0.388190950288828	0.174937886372795
0.13398902342509	0.0516991626437089
-0.498111870375271	0.260422175873205
3.5243935783285	3.54699452600202
-0.540567326781551	0.21079663144273
0.149805218419562	0.0789117278379141
1.05191529311535	0.519138413454858
1.08267416549816	0.656321360529756
0.132691654059749	0.0395472168451783
-0.537244494096108	0.209199262988428
2.09022812164202	0.945927753511983
1.25804516449605	0.701846958196435
0.421800127193901	0.168880055064325
0.291282148133609	0.200043443006824
0.839145586608574	0.598359048739737
0.143257683061801	0.0756043741720023
0.595287251975498	0.451665063198277
0.290755833759361	0.20911973698355
-0.127467444023743	0.0761768758753789
-0.24980416016732	0.164704722498698
-0.149785190173047	0.0848288782801622
1.22585281062524	1.0238622555414
1.26253075405875	0.70781550959232
0.127549585831426	0.0385072991721353
0.487656351848371	0.43725808795636
0.965940066222056	1.28022090792871
1.7729871448158	2.77940136561017
0.166359181405883	0.113212568346407
0.167386830559358	0.128308342965187
-0.350422052295721	0.310826831893989
0.172321501357729	0.128823408875281
-0.409732999611466	0.442184299766137
0.376262195836134	0.321599537249305
0.437557817014094	0.42538629561601
0.514687199709888	0.630822481497516
0.360929222094897	0.310789266991021
0.258491010057741	0.23141612331579
0.098666543227867	0.0752943636925778
0.455601277655148	0.427495841973131
-0.0271587316065082	0.018120951250689
-0.274205123543634	0.247692814821678
0.166709226386764	0.108190747106257
-0.546126923116054	0.465275411211346
0.0693070823981027	0.0482888287331623
-1.11430611285056	1.10061463625493
1.64691639633969	1.531505221543
0.594931785887932	0.447303029434398
-0.71198962084764	0.640642560707027
-1.10637456410184	0.755636684392712
0.291043098343305	0.207742767985871
0.528740522460535	0.529526086314813
0.741862059798729	0.721901800764049
0.726139718232508	0.686606426781315
-0.726371572162519	0.7110050971263
0.522592056712305	0.430439775156127
0.508143556126408	0.441215493915833
0.379543937305531	0.311755627609634
-0.486360216284813	0.474845853546402
0.283392858718295	0.215240370519037
-0.465021271777362	0.437651421661738
0.781492625777236	0.737892682712444
-1.04819064329357	1.19066328065092
-0.143300374037896	0.10150240724571
0.465402812986275	0.315284635666813
0.491205450949031	0.311155137474942
-0.69177322638778	0.488546910366754
-1.05801034956498	0.851837904956029
-0.724627044520394	0.640648905731492
-0.564598317331796	0.606404883417344
0.297462139059565	0.204996929364333
-0.40595373157971	0.284642370389991
-0.797500871145864	0.606910760961044
0.985491180948337	0.778489851517619
0.253041511493106	0.25961252841898
0.353271232978423	0.398600796220809
0.176055899342659	0.163643684740012
-0.0205612969181874	0.0138944969438845
0.989278091204328	0.802247825035612
0.481882811731484	0.526023008989204
0.426583600577692	0.409400152544557
0.117353950899529	0.100112320130327
-0.00840220409842431	0.00571970843578422
0.886291849381875	0.907887654972325
0.582672772267395	0.644749312421541
-0.0726005289392481	0.0461806718913641
0.561180207734726	0.443429314721712
-0.168249042029833	0.135029862975973
0.39514161535619	0.323564349812785
0.274695043875439	0.20108373994121
0.535460875830555	0.440900100809988
0.0381431443012038	0.0234401617803131
0.381858552789937	0.314191725785862
0.781700262921964	0.726367474776694
-0.599606391244384	0.442140292919078
0.674043208755819	0.580790271738437
0.173422471683353	0.111035746922041
-0.509614322070564	0.383173957858867
-0.121666636833661	0.072872060167803
0.429535699014661	0.302961730995184
0.664614585173136	0.570296992927065
0.944909663630928	0.935670629928105
-0.166821367017845	0.115017309510043
1.49262484460418	1.96843801525584
0.886841337974724	0.476944119834122
-0.493531671408394	0.423932562661167
-0.195323470911165	0.128884805254201
-0.344890017102601	0.210710529122005
-0.252021318914833	0.128059804024832
0.144617418218243	0.0769810703320119
0.69609591432843	0.448968347641015
0.151817091769128	0.0862802123233301
-0.996773187219645	1.00268986110866
0.314325111341758	0.190229557798897
-0.247852992224073	0.188431073916413
0.153110723575872	0.0875612633579326
-1.37288679111026	1.37046727035514
-0.809039168532173	0.623885021470639
-0.992043885690731	0.99982462726237
-0.803549896522277	0.706695784109356
-0.169755004277598	0.118685630737777
0.505189342270181	0.433835824284855
-0.394345321688403	0.315467977272191
0.719225591642519	0.604022116618753
0.460416326540944	0.314403139355627
0.349133763801376	0.173036459859388
0.888616412919883	0.74457150806086
-0.0684402660754129	0.0439243975598786
0.574438788305906	0.558569121743
-0.724767668872337	0.750455990411338
0.174086782709227	0.122972383826402
0.506149598967326	0.440468820991601
1.31233969215326	1.54857163263475
0.00577084598538469	0.00315092559162957
-0.356131072304241	0.317985267008091
0.548507636206965	0.635535781432943
-1.03868323059096	1.18770405192274
-1.17342959153729	1.00791410569373
0.722722477157686	0.600314707854846
0.305082045731837	0.179966699841004
-1.35465299539774	1.11076972828759
-1.45020839776977	1.55227380778144
-0.319267620729559	0.148097361925747
-0.622002748484346	0.49443706346296
0.284516631673218	0.206407341538451
1.11681291307573	1.11401855789396
0.972186818567457	0.77072157402157
-1.16715175241793	1.03171879340557
0.0338067576756043	0.0194584855545755
0.0481124986488569	0.0311510381984503
-1.10789307917596	1.07573963444634
-1.60361893140655	1.88443481395857
-0.503275709255439	0.26560946335715
-0.411713044591761	0.235571956836109
-0.416155515633143	0.285957956496035
0.140559511659224	0.0666113032875585
0.629094535529213	0.755136837399628
-0.0427057300376706	0.0280751263819904
0.32655657862791	0.178852361099969
-0.459123541190848	0.362699927540619
-0.517959732318644	0.394609893327349
0.130611177528467	0.0501635252345924
-1.34208676432872	0.856187588163202
0.0557573268019288	0.0371977301914595
0.347681953865035	0.312726460860758
-0.243561580180213	0.156679562577085
0.463820448479289	0.312119351373689
-0.343310976020789	0.20569489164366
0.00628756593674924	0.00344167638455677
-0.932887816722628	0.682296850428998
0.385402097434157	0.175234603342564
0.319175929572867	0.189481717069998
0.264766691207019	0.213920272876438
0.0588749896398458	0.0397682877888691
0.299345416483913	0.194032940525493
0.146789964053259	0.0618410206097023
0.430342156614367	0.173971171547513
-0.0704900742805476	0.0308853318681583
0.428825611450252	0.174366674929911
-1.51370223743142	0.781966032238712
-0.683175041008958	0.480573967980424
0.140267341029465	0.060251585649953
0.646255557875016	0.449852687665506
0.857266989451981	0.622513136609001
2.01244021148357	1.84680612855093
-0.964373559229203	0.593544286574103
0.301386974643091	0.193729233675166
0.382426799068198	0.17158926431484
0.150311286459402	0.0785617524120215
1.05380079122443	0.513210927003378
1.26005949265284	0.697482198003559
0.131388755570793	0.0565782980611537
0.132691654059749	0.0395472168451783
1.0166972253032	0.3880595427182
1.54420955275129	0.767002796647347
0.382966672981888	0.171931698596969
-0.252497309022547	0.128271921232759
-1.48518894305131	1.04592506301976
0.795009809051372	0.337449798272737
-0.406097094408452	0.172828244638938
0.137420997667979	0.0409326259269069
-1.15714724515563	0.352620115329855
-0.0429691842515922	0.0203764417135665
-0.206145704463356	0.159470782534669
-0.205481963666138	0.108176162383718
-0.361251738665897	0.258031821843337
0.0635417682083802	0.0442268015706591
-0.71851147018404	0.6929171969262
0.832592286872149	0.881688396725109
0.26765892625144	0.217676513546134
-0.443423006994275	0.341879085177633
0.169268636112788	0.115483632511881
0.269774573736667	0.26033312846787
-0.593164995985447	0.442895586752057
0.165586423394686	0.113344996773913
0.148791568279282	0.0851468765908454
-0.072128873978643	0.0462258476590676
0.170040638524835	0.116948988778217
0.570332651274311	0.443054874019724
0.533581548689236	0.308868058929406
-0.189389374596035	0.150450740183644
0.416734100498937	0.413753812315272
0.377875369694064	0.168833623513881
-2.49727793472217	1.37543617578591
-0.174477704188244	0.0628025919535972
0.13842244264629	0.0346674790325417
-0.0125520256907765	0.00631189375418236
1.22784656873882	1.02347778687148
2.3952912805572	2.02692953390769
0.301236563430521	0.192994503643032
0.890165575625618	0.483506941346857
0.152766223135022	0.0871757652163574
0.136021558207427	0.0586413438510883
-0.493640556482531	0.256311474762261
0.134986889048387	0.0462856031126629
0.137051842930544	0.0588232683260853
0.13251797852494	0.0511537531312601
-0.115998485190889	0.0466372210510191
2.3325100448268	1.17874795812717
2.09022812164202	0.945927753511983
0.673595027629619	0.312855065718297
-0.25166553559159	0.0825924025613147
-0.244190797351914	0.0812410173227275
-1.29866785652382	0.598599124455838
0.428518317050907	0.174046878111496
0.509745998189105	0.180414904745058
1.01080793058073	0.389781480211188
0.138313487263181	0.0468323766623707
-0.25240551296615	0.126030260377261
0.257996052807965	0.220095412226791
-0.316992533432149	0.256004850089382
-0.273833238118372	0.20895404059617
0.968740560720961	1.06279837333835
0.0859424144343569	0.0602579368638256
0.262020010153945	0.220329446843575
-1.57970003965709	2.11593278023975
-1.36170791739667	1.36948728556377
0.0658951751643837	0.0420323932170745
0.298196979477036	0.193009159716612
-1.1687512280315	1.01309238620484
-0.0718937866777656	0.0457809147146691
-0.122624268555708	0.0736985398549162
-0.986924804280754	0.967967128720963
0.854959654860768	0.623123598843372
1.22477635205735	1.20010028799853
0.634629420232747	0.676024996199626
0.772500503573024	0.45856596740791
0.274315246617353	0.206538646195925
0.599543331251573	0.299596450206836
0.299038124530938	0.190284991083904
-0.0713229534329393	0.0316305852915741
0.153322518184973	0.0945108571905871
0.428529328826352	0.17118032110884
0.136536751098384	0.0588145613661722
0.142768632435251	0.0678454911606132
-0.109469066439987	0.0438963496395714
0.0193844581524176	0.0112999835558258
2.72453001621877	1.6701358851186
0.00346693074317516	0.0019384816722985
1.22951852521611	1.01596278701304
0.948719326719986	0.64058418568144
1.75324329516985	1.32502374101757
0.355622586113956	0.175833873644891
1.07022268401979	0.658429248649489
0.594966073674999	0.307623024291253
0.680856501843882	0.315453504402999
0.151665979741696	0.0799435883840844
0.885424021942075	0.480065836387362
0.58992801745082	0.44210537918921
0.139576085242422	0.0352987079074651
0.148138152466654	0.0708572572957063
0.138860110796933	0.0593379158670439
0.795009809051372	0.337449798272737
-0.243241014092852	0.0808370662671502
0.675775438587557	0.31503465599181
-0.701056906658599	0.483859907672351
-1.43542704057917	1.69855585959056
-1.15001862543798	1.5191561430011
-0.15569641913302	0.137537640993052
-0.583358412053202	0.538805555997693
0.436475035900188	0.317463590530206
-0.310582409135421	0.231173777721849
0.611578240409482	0.670374428796811
0.993773469185297	1.1669495602275
0.401098612071149	0.423489094333921
-0.95636664325675	1.09189483960859
-0.318237772307184	0.232935532843411
0.871476848831114	0.864993886039474
0.938827212679679	0.914684141235855
0.438250148667884	0.313685472679557
-1.10416913324101	0.76306046766961
-0.0675751623148778	0.0296410095443525
0.634031733611241	0.576576490315538
0.372411733240217	0.165579301111008
-0.203152761420307	0.110062989052437
0.150078566190425	0.0848324382146518
-0.701820426049886	0.56873806356174
0.284648825106778	0.205964737250325
-0.401601306112472	0.279541806456978
-0.622100361432571	0.304102017504355
-0.476817176679771	0.32246729523995
-0.994380561850817	0.502156564887953
-0.409935442816322	0.228516304137269
0.159708723471573	0.104166973984866
-0.112845104981345	0.0454421062164851
0.0237317042275098	0.0122458402478196
2.12821127820402	2.16168063808637
1.0685496620471	0.638115597772154
0.986991352380384	0.803967732199318
0.152763228987336	0.0869025479653156
-0.0814315153289902	0.0348024880587183
-0.0447148605165156	0.0212428067616241
0.637003531410794	0.440055661751115
0.327372070434501	0.180695655755084
0.427641985679229	0.173876127392907
-0.162265096849716	0.0934723650922751
0.936601135128229	0.615965103960386
0.131612213462718	0.0507383401421189
0.849780576698173	0.623529260130136
-1.54211096447874	0.565956548030536
-0.649677393302236	0.159121336474823
1.45442137474025	0.888095981569818
0.429165884553764	0.174138212211893
0.777553308579163	0.461805751268052
-0.155502631217453	0.0888649146439719
-1.36199702477123	1.3608578882094
-0.301777052319438	0.224350837390182
-1.22122040010572	1.43188404462574
0.421348745773547	0.318453900725682
-0.079610580555725	0.0343608606621345
0.467676394329526	0.316021392528007
1.06866898725042	1.34641159162388
-0.572602324997791	0.517796865205173
-0.0246211927988841	0.0163348703706825
0.154314282137323	0.0997834939476007
0.943541232985783	0.937507155329674
-0.718149361998168	0.64331789209601
0.165645290965128	0.11306396016533
0.312952680627018	0.189834479851641
0.350959530575851	0.176792753554896
0.0513102764605911	0.0311330068383756
0.966781752489838	1.0591526743569
0.876540877326883	0.896729403357151
1.0957622545718	0.94111993680424
0.943636585646017	0.930746164147529
1.66579069959325	1.8871450404055
0.82259276816648	0.720472920128958
0.487244608712114	0.301234816370057
-0.805021988231088	0.940325879134073
-0.701636814089016	0.549855128999525
0.391649227540985	0.309950851038763
0.480087028669861	0.43160532656553
0.150680763038528	0.0863618909324084
0.454670423097151	0.302002297982409
0.536238501807905	0.309864693111396
0.0237771564607816	0.013815693636434
0.148494617975806	0.0853704177247589
0.591886487131135	0.449538655487547
0.701890816512825	0.458406285632168
-0.809506362158793	0.700280397107064
0.467915127810088	0.315918352445122
-0.114206629713226	0.0460179645801643
0.150693249022238	0.0924974705147837
-1.46825818959987	1.32933986175255
-0.319267620729559	0.148097361925747
0.848102384473537	0.620916141834385
1.89344347350617	1.61928520590259
-0.476073879498148	0.322067589282035
0.154982841226248	0.0806208499729936
0.936187638337739	0.625735587957596
-0.319314381948276	0.149466669246134
-0.266358933881203	0.202915745641723
-0.197278405650496	0.133495240275331
0.893112289310704	1.11451077973426
-0.553300411299407	0.35149357624924
-0.574167077823777	0.529352963275979
-0.040144768790596	0.0261299585063851
0.529622772468758	0.539902697801215
-0.728354031087877	0.76387631747456
-0.122546004353771	0.0737549402996463
0.594888915963349	0.547658330067884
-0.451441368661804	0.354842345784179
-0.234513760529662	0.154170761306606
0.299259685147938	0.194651927259437
-0.808690580962409	0.531863153725758
0.464806023862317	0.315245337386767
0.317009089952282	0.167550697384626
0.823775425891054	0.734668329256066
1.05016049236346	1.10085129867501
0.298958367909211	0.190319461598539
0.421441045023282	0.317908469176716
0.00646865578397798	0.00351808800875414
-0.134539447747939	0.094878564503393
-0.652020938754366	0.629049869303511
0.296616684377892	0.188374338578937
-0.103682885831054	0.0636184989485566
0.172160162227432	0.133159182463536
-0.497151879456962	0.257634880419698
-0.513750005295437	0.394465442821886
0.346927349041996	0.323238765589449
0.485242793230559	0.435609597719014
0.412419120433972	0.314587359104054
-0.438313786834554	0.382298853959154
0.16747187026962	0.12442784274681
1.31100542730037	1.54901590129876
0.56251449933013	0.44704027809081
0.457562122890076	0.435202432146767
-0.24639016740962	0.209141049386514
0.437986240398052	0.43011087583119
-0.47190739846136	0.447673577244608
0.297809191350517	0.210691008843544
0.103090516456945	0.0800444824675573
0.0652299458583194	0.0418555592156324
-0.725725716204598	0.710602179074316
-0.410618491932424	0.328501734322102
-1.35349322596213	1.12650266805899
1.15455670949097	1.55427697647253
-0.790099058214395	0.348191271729368
0.167605033721271	0.108506937548065
0.430700215324852	0.175008159531737
1.33242552413733	1.38438125005843
0.522898556885893	0.427715171284476
0.0150297957971	0.00799078597671649
0.44069661998692	0.31467335445308
1.44583605711663	0.910864209091877
-1.94692016866891	1.91203958430998
0.143423541473531	0.0609473327489239
0.138704454630972	0.0658452171483433
-0.410413411418179	0.229666371659672
-0.0700115349206239	0.0309504651638907
1.39015966354165	1.06198096921949
0.50738087048618	0.182889267122129
0.145070471664304	0.0770823206870093
0.527046533679738	0.541927266272269
0.0926968481737751	0.0705548340759862
0.520049063097706	0.545272332318249
0.159988516552843	0.112760613705484
0.492971909419372	0.537387802175245
0.577934393189082	0.563027170222177
-0.489221576975301	0.420844200322539
-0.702476064196493	0.569944026626078
0.277667327190006	0.218133892089371
-0.251561353376618	0.125782349035544
0.285760110677916	0.207169722832437
0.282757398480234	0.212709473947946
0.505766542576991	0.183848744269859
-0.669707858548465	0.710900855271306
-0.738646098093907	0.764813356075031
-0.411083438098034	0.288169302808848
-0.170666075828068	0.118265370805757
-0.0742669804573645	0.0476860327032507
-0.288290928689247	0.180504461880767
0.73628558985854	0.725301354373714
0.293236098122982	0.212033731428726
-1.12844936017725	1.07646983086943
0.170650169356598	0.116317183256475
0.481984659733107	0.427086319899896
-0.260403675326396	0.126329198357352
-0.138117738417768	0.0970356945375651
-0.0769167352454104	0.0484425942497897
0.285049049865203	0.207339921177958
0.55037110987555	0.537288814974186
0.277569199902595	0.209832068320435
0.869531666666249	0.873759098762134
0.177245213252113	0.112333662025945
0.148059019906158	0.085162704493345
-0.0796997019325816	0.0660764477132657
0.503379776922262	0.42616011707515
0.783020793706413	0.745801051367097
0.528602410195699	0.303181999079913
0.398869582028639	0.312869622890299
-0.206159525434225	0.111360556009931
0.143499495955147	0.0749251832674855
-0.25240551296615	0.126030260377261
-0.478536823531869	0.32181468679335
1.61459366068847	1.11532877460534
0.845062844112323	0.62303145351499
1.34691305874811	1.23572996321712
2.2603120934698	1.70331059811362
1.0166972253032	0.3880595427182
-0.165318734214513	0.0606610603776833
-0.24489207683642	0.0806780762958081
-0.753925861436807	0.267481396825324
1.07762434764127	0.660302031657146
0.134745422080958	0.0517852696558337
1.01491214380314	0.381542346540397
0.679351020763047	0.321470737969825
-0.316359736322557	0.262155833342986
0.686115985046254	0.589742455677855
0.366309979727416	0.310436376629137
0.431025661358433	0.417675480175594
0.785570497699908	0.742680663067648
0.43429389406742	0.423650923714613
0.060643541904962	0.041094413036259
-0.68086517642061	0.471912892902282
-0.650363143035583	0.589121857433794
0.939431437241176	0.933275879368929
0.143404084096634	0.0751904186765633
1.60969397091784	1.13333925128269
0.151081527809761	0.0852456780019762
0.68700975302733	0.31663346288542
0.385402097434157	0.175234603342564
-0.0914067392084008	0.0564940630967633
0.821607661685296	1.05324338644499
-0.527113613776619	0.495032066842972
-0.498301161474859	0.428291685245972
0.0210920072030557	0.012229757950557
0.17905271988227	0.138439914416452
0.269467117820169	0.201865587354725
0.5613952351901	0.450124634872999
-0.249864415705702	0.165699061510651
-0.814028616361571	0.701237786331396
-0.0972818862535994	0.0606441706546732
-0.434956823565049	0.444136979065295
0.869602407967533	0.85646774747736
0.0248404329737508	0.0139973722865662
0.0653635031720277	0.0454363879924309
-0.654428378012847	0.640714569922143
-0.407197510155085	0.327593990552136
0.405243804125323	0.32187655617536
-0.124423074504566	0.0903537803119456
-0.478717914496696	0.32458801673637
0.557494378064332	0.437624173030572
-0.409471706934063	0.281144727046044
1.61607762905871	1.1033491369249
-0.416563784052134	0.23808799073685
0.538985128444834	0.310836163570355
-0.55564586251669	0.348720790754766
0.726593076203181	0.601781190481544
0.725032813312304	0.599606078109446
0.534480645275435	0.305631607843094
1.5501804258727	0.774176324231999
-0.408686539412514	0.232520677170617
0.128999547000152	0.0438806201745586
1.95138690684286	1.23022389563408
0.138169594891086	0.0265198668009027
0.53348108188132	0.303758037222805
0.852833605035387	0.626210088173609
1.25769058712102	0.697929531497635
0.296511842555277	0.204647083527219
0.176561826404706	0.141287654866772
1.12103259389002	1.13479836775117
0.013224891141861	0.00703373608539845
0.524670325773877	0.436926483735253
-0.0655838387805885	0.0416372180768615
0.418580570178129	0.314687434447987
-0.475859370881639	0.317473915555708
0.410792933164933	0.311765821819798
-0.0778321206580808	0.0339439558222136
0.351453999635813	0.177386144408616
1.12527032738397	1.14402527874703
0.356958345200614	0.179087699804937
0.153120269602044	0.0939537208733461
-0.208279870841281	0.139410410114559
0.455442927826229	0.306593504542381
-0.802977361623714	0.835071884540226
1.13447772970607	1.28465270474958
0.605182623207038	0.454651933579672
-0.559260352136759	0.356297793672642
0.634671327640532	0.445381835580776
0.69964836683165	0.456964056085049
-0.72968944678859	0.761716923587973
-0.589824636197562	0.437657953180739
-0.514067223269315	0.389921423583976
-1.19494037998103	0.639532506678029
0.411950449021942	0.323642322235794
0.569721684801912	0.546598321090154
-0.0231574638375565	0.0115933912459184
-0.302191156478651	0.224303388333166
0.143236302158225	0.0760708521382788
0.687545042756695	0.692639401542417
0.329657345207908	0.182769915098737
0.153047046141649	0.0805021012067133
0.460351515317381	0.312896353021063
0.672305361446979	0.313186343836707
-0.690632196918857	0.491991810479267
-0.621200208375836	0.302453230845517
0.590232458478883	0.443014813197955
-0.639903663780378	0.586191268251974
-0.0718835844272527	0.0314692827500076
1.0910610184112	0.822685863909049
1.38656321147327	1.0658536949288
-0.37373542401889	0.110004299970677
-0.408230295670536	0.17095331573596
0.506227015255489	0.182899351925803
0.778396375883847	0.466141725233941
1.21834819736741	1.32689121136433
0.298872667734663	0.205170077148949
1.30881593966105	1.53977627991134
0.348132299005682	0.172947268203381
0.985379016562351	0.799370804415781
2.13077865017556	2.16747597930774
0.727738408553681	0.606719582771872
0.436859893131785	0.174226671561783
0.136536751098384	0.0588145613661722
1.89619458456226	1.59838927105537
-0.309019823190127	0.223474150926282
-0.191747060110354	0.101447743504349
0.00598686634749056	0.00325756428989
0.0461585937904041	0.0281977564498298
1.03910929617198	1.08982550291529
-0.962903832347709	0.595124759121564
-1.11090994500721	0.758265077457225
0.536307806173259	0.30456925209364
0.540842943931293	0.303414043894936
0.137218707006764	0.052840364561039
-1.12241123036299	1.07019502943664
-0.695759795364137	0.483786730395955
-0.409998615729859	0.284384309869855
1.23369429430728	0.83338375123647
0.147952403313957	0.0781796349951541
0.133158803705053	0.0453642825734633
-0.0416837169905772	0.0199027005408717
-0.199835544983694	0.108835508322702
-1.28177258354077	1.42084806363158
-0.811690314156819	0.534400532998883
-1.01671982941172	0.926149453219341
0.504119448545076	0.18175729938249
0.459275234219089	0.31293874336932
0.141547245140789	0.0745791297464463
0.164423971637309	0.111378672590348
1.0919648667059	0.824984361619794
-1.10606243926574	0.75303300672968
-0.415011981386018	0.233101613441133
0.344073186416035	0.172450368042137
0.38640647592542	0.172363181537574
1.2517770317857	0.678208385445934
0.140433824248888	0.0668307847796127
1.43778125105174	0.891755340993512
0.67440813175541	0.316114749456319
0.783011910423445	0.462329190489832
-0.196699678239062	0.130934431766538
0.492228284050675	0.309067965592911
2.11315441474146	1.46758606180362
0.896339018505427	0.481803174956457
0.029641113410513	0.0171520913438295
-0.513691470263713	0.391356805248039
0.166931555516927	0.128283619307832
0.851623285877106	0.621762127761679
-0.404998084328425	0.285105255384931
-0.618763311534973	0.302466954406303
-0.514194697987194	0.386516975364714
-0.602261789221191	0.442181327831156
0.897931786976571	0.76587188135456
0.140165832766063	0.0737833922649689
-0.696821235698316	0.485755408252449
0.293837060214268	0.189747453771728
-0.23991373166925	0.158138550844955
-0.281632850004555	0.1783271724575
1.96973318717848	2.30225048874447
1.01310574767372	0.963905357515591
-0.126547447272901	0.0758988444015303
0.293772254358497	0.186940044223598
0.411894341386482	0.313988618650121
0.285162795521219	0.206518975299135
-0.701990347011963	0.567287525534879
-1.35882368629735	1.38302284368367
-0.688566809744904	0.479506473946655
-0.804765007852736	0.445111238695312
-0.586714057161298	0.429561510825736
1.94927875867265	1.22385648827129
-0.618763311534973	0.302466954406303
-0.0127210510627146	0.00650555930276208
-0.690337503786117	0.484678075870608
1.51992676994139	1.2539664201355
0.121227361271414	0.0409700101720185
0.92732486785368	0.24306890205782
1.64190243364313	1.52380242256825
1.44726179534944	0.912281557043227
-0.165320765543476	0.0607703071733124
0.50131905120822	0.180918046026188
2.11261131698013	1.4894747852763
1.76342204216697	0.990401940806287
0.844426356263643	0.609949893611424
1.07148602161048	0.6599189039757
1.30769071044512	0.580821984597342
1.10666139670771	0.974957722168461
1.55440363611776	0.780361677510396
-1.54134641011664	0.564552208534783
-1.54211096447874	0.565956548030536
-1.80211551800213	0.40518546889285
-0.654165411001464	0.159831562379876
-1.8555421458185	0.745834294441887
-1.80211551800213	0.40518546889285
2.74531503858304	0.788587032684406
1.95256933090985	0.464168557061862
-1.80211551800213	0.40518546889285
1.79893570621489	0.71178866805356
-0.753181884414792	0.264903486950086
-0.649961670532414	0.158635340685799
0.500379391071303	0.180303967231713
-1.80211551800213	0.40518546889285
0.130724970298542	0.0390457878767985
0.138169594891086	0.0265198668009027
-1.84784364391765	0.772704223124906
0.137790482671227	0.0349173015404508
-0.781575757374397	0.348492799953545
0.138169594891086	0.0265198668009027
-1.55148252777341	0.560146364284981
-1.84215992422119	0.772497364016813
0.137716344096337	0.0264356853006178
1.95338582999428	0.463576578510391
1.95338582999428	0.463576578510391
-2.59334626975444	0.673058213099307
-2.58468514934926	0.681926813759725
-0.649961670532414	0.158635340685799
-0.648677249821696	0.158587087101144
1.95256933090985	0.464168557061862
1.95584693887656	0.462330835133922
1.95256933090985	0.464168557061862
2.74531503858304	0.788587032684406
1.95338582999428	0.463576578510391
0.930671315320304	0.244899140334393
1.00907487707479	0.37988153605154
0.926329332609966	0.245803896301602
0.0156333301824732	0.00822333241857883
0.0848311637375571	0.0597191837087529
0.166948883526702	0.114426880974763
-0.499547743653516	0.262787096277281
1.12483161359341	1.27636792480435
0.00480187370737383	0.00265812128896442
0.145284348235501	0.0764667746530775
-1.36353547032122	1.39083875455727
0.30155727354904	0.191699784086873
0.330586446776391	0.183481255060317
-0.0272662097549914	0.0179272163872092
-0.473504044442654	0.317334373787144
0.740920601805976	0.722044709413272
0.311335667738341	0.188312845847387
0.500991924188988	0.426740641227317
-0.955453004244405	0.578249324455602
-0.304458787020336	0.226023596308266
-0.489840127588379	0.425351987712329
1.08983720260015	0.823165365828675
-0.957320442400058	1.00963212172713
0.154851411146065	0.0876977772942732
-0.454052052499272	0.348531254082539
-0.402776691896395	0.317694655959732
-0.352091372568395	0.212844299857847
0.143953964467381	0.0752662582372131
0.345062662655804	0.172520989742511
0.795916309961363	0.338880381128544
0.392014554619519	0.322326219713545
-0.5593612821319	0.470535592557027
0.301085929317858	0.192691932396698
-0.340788186038236	0.205609942538412
0.885952171204415	0.476679952045824
-0.602843450948252	0.443845172205155
0.326133769412994	0.181848147179863
0.303749346272127	0.179714579730031
0.495463969171742	0.310435505237625
0.980283738728777	0.801564707361415
1.0553229946409	0.515398954440857
-0.162526080251416	0.0595363498862368
1.95338582999428	0.463576578510391
-0.182035718006664	0.144716202945457
-0.241227503316096	0.159892459528091
0.172076348429924	0.128744872120123
-0.812704356508902	0.819992661639624
-0.152871480822835	0.087245405068834
-0.140535875437327	0.100126231230752
-0.706833903992008	0.547209663590046
0.5360921274029	0.446086370765113
0.799764279732604	0.845982010206394
-0.199887615470875	0.134686760584095
0.836636548642035	0.751086841917596
0.458747427438677	0.303252141394508
0.437215914774287	0.314786720166027
0.0862492842910133	0.0605983498976134
0.0626499319973201	0.0423017787868352
-1.15604378350789	0.989040152923496
-0.302835797274906	0.243338329726035
-1.16094714985669	1.30809671946883
-0.811305259817803	0.705267874049044
0.170571505955138	0.121869597379619
-0.813230979519844	0.692808727525878
0.0259900758191736	0.0150323296950094
0.279600159259831	0.200343979659813
-0.039411129313783	0.0189180949844998
0.315049202435943	0.189241490742095
-0.0893155948264101	0.055536664457596
-0.163567085692424	0.09323979079101
-0.307676618082088	0.227034202455074
-0.358713519482344	0.260654037466951
-0.268374355193533	0.203619754743817
-0.472463706743308	0.31640824305721
-0.702779457011647	0.571401365994016
-0.0404029138886753	0.0190997436475036
-0.00601375825788023	0.0031985810982488
0.377336180340363	0.170103151768751
0.421665116353351	0.315283179945931
0.374252413975591	0.318365058950578
0.48563063971517	0.438091186190196
0.640018258336454	0.450074942227035
0.283277305909736	0.205439912051842
0.697466172760673	0.45014263283417
0.130874208255148	0.0563379918698503
1.38882638724197	1.05391299910114
0.467124495038976	0.314948617359861
-0.158875215284728	0.126631452389318
0.00630683426995285	0.00485265685015284
-0.0458027612767811	0.0299471012916054
-0.724225752607129	0.710653386682434
-0.236312760823991	0.155472140125185
-0.0715233086561861	0.0456720050942648
0.559614321827837	0.440692179231723
0.0357161010770729	0.020527347195465
0.153800658497619	0.0805753748726584
0.182009531466696	0.145535475198315
0.056318978967119	0.0362192843752804
0.273694234855922	0.223068310013616
-0.29329906924967	0.187904183407228
-0.517112708905607	0.47764934604694
-0.460712004926279	0.466695160591254
0.721114504449854	0.604980368191209
0.963455159873119	1.26294449858993
-0.123471791190527	0.0740421392657017
-0.233903001071361	0.180918801135183
1.98900612021001	3.17672301952266
-0.169755004277598	0.118685630737777
-0.336783767702231	0.303474389066119
-0.0982353581806702	0.0605029778673455
0.166056658376141	0.119249511959015
0.785293031335072	0.464183670948806
1.08983720260015	0.823165365828675
-0.344007165505145	0.210659123760628
-0.41099737420774	0.172224848299387
-0.937329767775068	0.677927736168956
0.326971082038927	0.177927718784925
0.164167194309612	0.112734539355604
-0.511220578807957	0.382980704088787
0.600644064219128	0.314108576444545
-0.0150767776835107	0.00773306757158922
-0.798237112414608	0.436939618772914
-0.545372765240245	0.212236444130178
0.384863489590947	0.174885684504261
0.384863489590947	0.174885684504261
1.05161155852892	0.512954053774621
0.591536977965345	0.656498099675003
0.967876256969459	1.27643387403843
0.722487904939126	0.602496015615598
0.591829396559823	0.310688057891531
-1.10409370151525	1.06132619988286
0.594564519862058	0.551626170995474
1.61384544599427	1.13290308531944
-0.332881578261965	0.30190838069371
0.170184599927173	0.125929552838158
-0.314612307911753	0.145111292308691
-0.805651234894328	0.762673704846894
0.130344739458077	0.0555264552482962
-0.805722982914281	0.621074874012162
0.146319394306654	0.0625473966403083
0.151340625191846	0.0970141865836666
0.0711593370341287	0.0499920306233795
0.268859221600243	0.208580045095794
0.290377717169295	0.2000620859523
0.490460383913589	0.305980236685966
0.695273986625411	0.686679643482227
-1.23493479982292	0.939148561961749
-0.159484017378706	0.0899063625957468
-0.0200341527569073	0.0133886501874862
-1.12406706763316	1.08556918613454
0.771592043274544	0.608987782813061
-0.688812270704294	0.487095134442263
-0.550294971436373	0.33420508740667
0.715220797949681	0.592934287112271
-0.0633825126631564	0.0402561736518719
0.664624183564302	0.689039570344796
-0.712302432674956	0.560824274069317
-0.410005827021346	0.230468824803775
0.309962810647918	0.188116955312448
-0.155197071617551	0.0892535117822032
-0.0350164392732501	0.0166800599808551
0.717307689311095	0.583265564666536
-0.0765833980560181	0.0487928246162237
-0.626565311297905	0.518093819681587
-0.0682628314340303	0.0436391255310082
-1.99144826567027	1.36641872804399
-0.165924623645863	0.0607705580031965
-0.655995134373599	0.384156588024194
0.34317692965031	0.165653412872926
-0.317502469368031	0.146457600208235
-0.0727994079467592	0.032116691480018
-0.0717945995309036	0.0314979739199441
0.457464180435002	0.312302582700785
0.947761289809062	0.627650920316144
0.485823592001265	0.303636725526308
0.477032203979577	0.512213123169927
0.306559844914121	0.181640396187473
-0.0208443497676261	0.0142187079469158
0.278121533878196	0.198798309547852
-0.357626406364078	0.255844059477168
0.52509182533102	0.437025632692904
0.775316854529176	0.461441269803232
-0.311443964990319	0.277448738845462
-0.606292902612336	0.441560994521989
-0.514230788906706	0.3907138874616
0.145400625900812	0.0833112489072962
1.08846647283021	0.824514414047792
0.674738698940861	0.318159306432389
0.00755800438718457	0.00411177461260323
-0.935979445127209	0.681032183601311
-0.0115903778594511	0.00598614098216311
0.315303810457117	0.18935563360763
0.00993252956833612	0.00532311540391791
1.38570393332155	1.06576613605417
0.984864775731479	1.06405458937471
-0.703432977529729	0.568092996191501
-0.193284024994326	0.102594912157953
-0.345201110205907	0.208670803239731
0.842462741007783	0.613219047078168
-1.01917575504866	0.937471268790651
-1.84956119440432	1.68319618264063
0.172047792792632	0.128430626368987
-0.0436522083310366	0.0286706399141512
-0.525992824017553	0.401678538680889
-1.10653598730385	0.742630085421907
0.124304018058485	0.0521890926880471
-0.05332035137127	0.0349301585122134
-1.74000645645791	1.42092867640408
0.587187220682203	0.435170460315285
0.560199764715856	0.441702912748818
-0.616720466490095	0.505310050872686
1.09286658182105	0.823305022832348
-0.40818056411111	0.172229993358021
0.301944913615351	0.194614209105463
0.133118174577742	0.0572056752888464
1.32618612332479	1.37707957647196
0.636738283380545	0.442184850071117
0.422321842973039	0.31847937948188
0.278348456671098	0.223718638666442
0.8970674560242	0.780274749898326
0.307449436259637	0.183796172355803
1.3928907739226	1.06271741759088
1.22997555815809	1.01712847588075
1.23641173145787	0.841947136631321
0.849780576698173	0.623529260130136
0.0594163025222628	0.0400609843877059
-0.172682511060434	0.062208045464075
0.512584383620245	0.440498287336466
-0.354393426825714	0.212324960721317
0.162454284956302	0.112933917308131
0.692168935215	0.447432374177953
0.137368142136189	0.065641003255544
-0.0495635709261674	0.0231304263135708
0.301380971568291	0.192831840416311
1.39686095358558	1.7350839005915
-0.229157185144087	0.17613528180805
0.93707844155692	0.627325173894209
-0.493809449840146	0.430029460958818
0.153754916317943	0.0795479168257025
-0.19064454981244	0.100601788290496
-1.12123132450011	1.07706907519461
0.689603649643452	0.431922201964191
-0.93572742205113	0.695015837553524
0.160365489061862	0.104577096270454
0.78471018761751	0.843002779742073
-1.01679792911706	0.909619011146878
0.0863763563312669	0.0633749450768568
0.355570546439266	0.323363260686212
-1.19978108005094	1.22502957427332
0.584432264735677	0.432099777725392
0.353307867180757	0.316723235776186
-0.204546155943912	0.139281813698462
-1.06894557515736	0.846575982425923
-0.033748896092231	0.0161188404172724
-1.83391541129716	2.15237939167269
0.604748965322536	0.561084800102226
0.159350158492712	0.0980730223157866
-0.201954979534225	0.108731888383594
-0.116098661098119	0.0691022635589708
-0.8951443922935	0.839872064599058
0.462011913252697	0.312729512718517
0.903356479530247	0.765576775469181
0.696588478843919	0.457886188478335
0.832557457638339	0.750999367446745
0.382087281339475	0.171772514687815
0.90110569058484	0.765152837070939
0.37912974598422	0.311872193855927
0.85420897368394	0.625513348746982
2.11315441474146	1.46758606180362
0.485836116520813	0.303758626680414
-2.79928988185256	1.881414701072
0.671031040534801	0.587648579469043
-0.550116781323258	0.342948898054987
-0.245277290970523	0.122593241607598
1.04367802679951	1.10509022461403
0.698338066183032	0.447210041676489
-0.208095190365307	0.11210132280556
1.22234168313366	1.00122819427965
-0.539001335022026	0.207686338514741
0.804567850383468	0.33971449213736
0.381181749185143	0.172240019475104
-0.542135647454679	0.210886784915037
-0.567264583867235	0.357524345392866
-0.0178251174846465	0.00904463637056195
0.309642544863805	0.182859184344927
-0.110340832989386	0.0445605801049694
-1.33833859555068	0.784598739287155
1.05409008830054	0.503163581300512
0.795284689827126	0.332185247077478
-0.164717030217209	0.0605798459598444
2.3949098938296	2.00043405259991
-0.618397831815229	0.301518973288696
0.538948790755069	0.309434962500871
0.327416903027529	0.177961134997313
-0.20004104229283	0.106569952539409
0.695704475617584	0.690064129567298
0.161861821126853	0.105867859446736
0.283190347349656	0.211934011799651
0.637603389830628	0.580410772213095
0.349583904128036	0.176701106175272
-0.410733451674696	0.287578096199015
1.03764903197702	1.08531082987892
0.159850686046924	0.103487352335009
0.950046216045929	0.63214155768967
-0.072307154063633	0.0320370501195015
0.706901701572139	0.800678021183851
0.307144495072861	0.183781713428233
-0.092615392365898	0.0575602062617876
-0.319314381948276	0.149466669246134
-0.416634741088855	0.237051646764641
0.147288715898197	0.0843215054710837
-0.100685489815981	0.0624273650008379
-0.113847931702938	0.0456773643110257
0.877718227252198	0.888797736253351
1.4425168877376	0.89614252874237
0.143639528802287	0.0686806755580347
0.441534194903239	0.316239425945978
-0.0640276156718121	0.0281260857165018
0.935231675535258	0.924992794492036
0.338573837561927	0.163578867126545
1.03392077246595	1.10139043126908
0.777948909448961	0.46104149746558
-0.0108753752113127	0.00560893004881772
0.150793335070005	0.0925953810185196
0.140726965702393	0.0610240997598051
0.304629271968841	0.181428965719278
0.311377835671052	0.187907163953296
0.154370066167301	0.094614641859295
-0.0690541393478211	0.030439598599659
0.78215952615424	0.467909010669066
0.991803773068833	0.803674533542999
-0.0242906240679947	0.0120481837511953
-0.802763112532733	0.433822244202933
-0.466346635976365	0.309588013740954
-0.519527003911255	0.396605128404129
-0.537517418286813	0.207787642934785
1.47369536907241	1.45837191426331
0.142251224492851	0.0747367127392696
0.133628779626514	0.0573348516354761
0.778396375883847	0.466141725233941
-0.111262641289649	0.044811437245554
0.893837749451377	0.475500804429749
1.54927351109122	0.773083861620571
-0.495816504042853	0.26148372732092
-0.243489732986148	0.0812398100864258
-0.790481876212766	0.354530755409143
-0.545700874243755	0.206679593057808
-0.542406515669322	0.20957393057014
-0.653515136282054	0.159727161117317
-0.802955594910826	0.442943189169071
-0.248387997661862	0.0825807028479737
0.981573757353385	0.778448120939624
1.07486309386323	0.665184826170886
-0.208116991551035	0.140790294855929
0.043851933282902	0.0271053219412963
-0.615786081060996	0.508263068513294
-0.416106428648352	0.236042473278676
0.376501275809312	0.305786847480023
-0.64468402507271	0.582078192748204
-0.117587856600039	0.0696764264498611
0.5430386778292	0.549935314584491
-0.633011462482795	0.514860946153467
0.831425237256365	0.758297705529756
0.825372906716778	0.733749580957863
1.04718848519779	1.19268222890535
0.969173253856086	1.06191914218512
-1.15971061510227	0.975709388595065
-0.80696054317366	0.710964343166993
0.598254072323625	0.312994871375013
-0.621341721370039	0.296714395000173
0.0432061887458421	0.0266232171092928
0.159138209649194	0.11649987104928
0.729221469112818	0.716420317298177
1.1261689594336	1.13491030538923
0.128934561205538	0.0551132900204522
0.491485526896248	0.300815720953527
1.12197124430976	1.14050126079604
0.0289718806891476	0.0177617855446915
0.399496968600229	0.319459684183219
0.152872754209331	0.0804576583512173
0.440910184603124	0.31713958562656
0.0106563878759832	0.00575576405603392
-0.123497757028318	0.0743333826111282
0.557642097682643	0.44623409027609
-1.75424073448466	1.93812734583366
-1.11009047566766	0.762972356381513
-0.805954007558724	0.53093438982574
1.12788655228191	1.2496129568866
0.947827823356661	0.63451489769827
-0.119768416602363	0.0715697863854098
0.715355286666034	0.591538588113046
-0.690394524502013	0.488334240438597
0.329646457848539	0.182509017059594
-0.0704022569552877	0.0308662437822223
0.637498916857411	0.440294254523403
0.539841047021649	0.309577238372325
1.44428873040932	0.89485838223341
0.56209074628185	0.446413918758638
-0.690995001235448	0.538941759225477
0.49268348376469	0.308725736031354
0.154553815441157	0.0877610074380329
-0.414290591555743	0.1764908411527
0.471164315133878	0.314962490250664
0.137907675452503	0.0590706171982393
1.55008955259745	0.778774959831316
1.04610704894877	0.51238392387227
0.325690211841483	0.181509801595978
0.135314626858193	0.0515393934275906
2.08849476509833	0.9440485467898
1.05009918415931	0.516830094992167
1.06554095955467	0.646795237984342
-0.554717187600616	0.206916303506921
0.507836883903904	0.183767118983846
-1.29737770341506	0.597045648006494
-0.904148926025928	0.727053133073057
-1.95068122243904	1.92082860056977
-0.784043617427304	0.997482278406805
-0.0120775740916228	0.00831342695971973
-0.165845302046354	0.0947448575234213
-0.0137541871879194	0.00943601124909307
0.0840507912760931	0.0587838813087693
0.278945855024131	0.201626627745346
0.638734302375002	0.677630768970176
1.31430450868664	1.53962800600178
-0.614943799867233	0.65427944547321
-0.733308377417686	0.706402605445485
0.545778746369592	0.537015336002698
0.262673339280642	0.196648671511023
0.0914615687910375	0.0693224534966455
0.0266592462331195	0.0154378899438826
0.140442051310278	0.0680077678137664
0.070167854778356	0.046800784288859
0.962454059508273	1.03933373544938
0.134454611514126	0.0453168977508577
0.890165575625618	0.483506941346857
0.139065488656278	0.0671763622834523
0.323810166988372	0.176983288366587
-1.36700539310524	1.58197907868839
-0.620567367676807	0.514787507496643
-0.581514000713096	0.538957512541956
0.302374265661349	0.195003325844287
1.10871561633831	0.965966001870605
-1.17413409934626	1.01998505468879
0.891573521372893	0.754666729114094
0.991451501254454	1.16413852916309
-0.636548657053207	0.576758327932424
0.883116428752157	0.906964406743647
0.562865597736825	0.447391528069697
-0.946086126394312	0.685626576692312
-0.620386595112277	0.515440099520911
0.0366018353966771	0.0220413124934493
-0.123494223702532	0.0887862574229934
0.343176236088716	0.17167534829835
0.458838692825767	0.313302154341263
-0.496718682057427	0.261566240761022
0.133806777422593	0.0455041881577386
0.135082410408703	0.0518540068368415
-0.0791957919137215	0.0340964023292615
-0.932601217322752	0.678444661740223
1.35018380388786	1.21097833301577
0.315574522099599	0.187566428122896
0.592288401482045	0.308946122033183
0.559969711682055	0.443416716180784
0.595954154733155	0.313662255262955
0.151956546641716	0.0874836900056132
-0.0749787855341606	0.0328142948488539
1.60678640239191	1.11610590333976
0.127239208880002	0.0433350040918735
1.37902086262277	1.03446690705352
1.95017182415154	1.22378601066869
1.76821873903889	0.970505553870894
0.133502874099665	0.0402503094723903
0.136421791514599	0.0525462082369464
0.637110020884382	0.202981575807905
-0.0690541393478211	0.030439598599659
-1.16076621190063	0.359385238156804
1.31071131737431	0.580370529078579
1.3906481690581	1.07048994939256
1.54108455227754	0.752700360309456
-0.513205190274462	0.39179888158944
-0.350845839289887	0.249479562845674
0.270722149150716	0.220021152109565
-1.35647938798399	1.34858452536234
0.156161189583519	0.0892547567089156
0.651456474183659	0.453832984028138
0.294160452824138	0.216559380091732
-0.0425490574804304	0.0199210845081822
-1.18122572653381	1.47896450946599
1.22325692326293	1.00146144804746
0.158153994810789	0.103182339658651
0.458261510523001	0.307620039175956
0.724901814640558	0.606146438622608
0.536926942153585	0.544460158528543
0.52059874150265	0.426915533086664
0.151451201742277	0.0867285687439605
0.166845354303788	0.119628719100604
-0.0463657191039177	0.0301461266830887
0.0553093303201845	0.0358868202873372
1.08803441175724	0.806994645042123
1.25961827234734	0.687174796202925
0.639433294916704	0.204223062388441
-1.11134731449366	0.75985781831817
0.302157108684827	0.196854860407456
-0.321115547129653	0.148709774811784
0.28316448962689	0.204946935182494
0.28190639009363	0.204217632794487
0.425431779789384	0.170935389204419
0.436780794399976	0.312654651983723
-0.043417405210968	0.0206496342798364
0.0385632709251028	0.0238138421461877
0.000188202927751036	0.000255573603511914
-0.066762808098966	0.0295232250825857
0.0107852388648159	0.00781518704635763
0.434469376854402	0.313002781524526
0.937560231581241	0.626268476556057
-0.808004277113264	0.624291632183381
0.890311344379845	0.906487333353398
0.399181875870302	0.317625542038275
-0.40109659309924	0.278685093904587
0.632906202303708	0.562876126172609
0.546504421483346	0.30284684905926
-0.110876640622088	0.0448924725384674
1.26220385852182	0.697736162447627
-0.0713005942820075	0.0312338756870738
1.75783127781064	1.36892338730749
-0.107030676983149	0.0432926976170955
-0.0421658206462371	0.0201778481789524
-1.04264857740716	0.417224300242557
1.43920726728355	0.884320469745859
-0.549770482014615	0.211902200055541
0.891594109996341	0.485178251415359
-0.247688428186081	0.0823916105388393
-0.406097094408452	0.172828244638938
1.94623675630138	1.22396460915568
0.682162041733894	0.31610633967146
1.31071131737431	0.580370529078579
0.325690211841483	0.181509801595978
-3.47805109780672	1.23545015867685
-0.795918602192577	0.436842076319439
-0.371729277964481	0.109124865696984
1.05191529311535	0.519138413454858
-0.493486668330464	0.254553664287588
-4.01815633861707	1.78248781708792
1.54757688619462	0.766421304884915
3.25215396833713	1.09944519815717
0.134554338304469	0.0518320974953485
-0.667290832392716	0.393713869929343
-2.21279772876246	2.54539510183999
0.454884325278082	0.433075171105977
0.145704810606388	0.0821143765395484
0.48673459365505	0.299437059832573
1.42066015809825	1.59444124063919
0.784424867007063	0.855243793512518
0.565312548537724	0.448146316247443
0.866062176830115	0.984597757822407
0.94268870687346	0.927463315363167
0.0447893544557652	0.0273219751041639
-0.956062194194314	1.01618486092251
-0.200843909422916	0.135761946834639
0.564079746313406	0.447941179567542
0.0790788428484648	0.0559362812738972
0.950966938619911	0.636796096143463
-0.122624268555708	0.0736985398549162
0.368433724848811	0.304704508859851
0.145836026347562	0.0836001830210763
0.131531340806028	0.0393848494794365
1.05816231745781	0.506856639780465
1.01421910313051	0.386497027111194
-0.752937485397278	0.263546788628664
-1.54109898628274	0.564008735008191
0.141392524683214	0.0674864128554943
0.148337264315695	0.0775056298087205
-1.33776055295016	0.839304182274765
-0.126465776123352	0.0744680403379558
-0.703135769863685	0.55837848101296
0.162085643396378	0.0990421685099852
1.56857027265178	1.69597251230668
-0.542964217103711	0.209381461466314
0.90205993576693	0.775901681831566
-0.554201516863037	0.349346054207798
1.39414666572665	1.04407721105852
0.630481346341806	0.437306874438461
0.304680193366776	0.193921631765305
0.288461083890162	0.21612375211472
0.16124160349053	0.109722660112319
-0.170000097791816	0.119176078558015
-0.617002089136302	0.500694281243889
0.16736516377912	0.109254242447761
0.128296084606295	0.0384571369192157
-0.173280772451713	0.0628364542021193
1.54876761412822	0.762654331068483
-0.0782816436016438	0.0340349424524686
-0.473830556478714	0.319362509640342
0.12918993805387	0.0442507386000375
0.165676216145734	0.106858589198183
-0.536374646618548	0.204365177715825
0.138208347824469	0.0661270647194953
1.44360673086068	0.887955911631287
0.351001893568226	0.176156774576494
1.42795516831077	0.478570790474717
-0.371729277964481	0.109124865696984
1.01595055020248	0.392095167936931
-0.367964462335371	0.108363329225903
0.939371693237978	0.621360881309024
0.354673592555897	0.177594287897402
0.691983742026596	0.421662814071434
-0.753925861436807	0.267481396825324
1.55324176552158	0.789473162707191
0.424226378335166	0.171786795043042
-0.755722432297585	0.261705242558902
0.131256737765601	0.0565061525290237
0.671166329086663	0.315342091616726
-0.99148430395153	0.990769413580528
0.784351350116749	0.989723556281838
-0.286685501599685	0.243005054578076
0.159766692580846	0.102221444718976
-0.806076917972652	0.776974218195036
-0.585907296099415	0.560439940950182
-0.428761233822172	0.369102546438956
-0.152519531999802	0.0865620308881679
-0.476741988867549	0.511820533440812
-0.34449860942008	0.373213645329959
-0.519489447545712	0.488192933170365
-0.101774367677755	0.0825506645114053
-0.352215523556188	0.251084711590337
0.662765581305178	0.689595445027286
0.0084475979635405	0.0060789599124229
0.280746808421165	0.213132381310677
0.78644948149863	0.846740595048351
0.157768172515805	0.100568617900325
0.74728242770053	0.906080099122903
-0.325439199775483	0.150481529168764
1.55037749003109	0.778108225282062
3.61956389250147	1.43028882967321
1.79770278509994	0.709688375349796
1.55414783644723	0.79255832938947
0.84717739972048	0.612215685360476
-0.201020539452573	0.10851262020621
-0.0358629468373929	0.0171661255268059
-0.488811154438927	0.413842657028904
0.0753786473796523	0.0521497890149242
0.864757993919845	0.973147692232034
0.0649921037907453	0.0439954725720019
-0.199185096949918	0.106697962443934
0.5891689939232	0.429664130442081
-0.350948391183414	0.284400350575628
1.60258242681834	2.00789752833697
-0.0998821647662144	0.0740534977897331
-0.39999051362063	0.317470647560613
-1.1113143252608	1.3385216058592
0.172472388156982	0.137244693417526
-0.480511086968798	0.455106352031137
1.11076871124792	0.991445334129137
0.489002538752434	0.517596993020471
-0.321588029620699	0.149106465782365
0.595200311768645	0.310798207902781
0.504580075605894	0.183905699075097
-0.407574744941092	0.17169571986161
0.136021558207427	0.0586413438510883
0.139601761852887	0.0669900090895476
-0.787098914242298	0.351780119515946
-0.316990066395425	0.146954732431262
0.803015945955996	0.335532886613274
0.139088984871223	0.0347391602259325
0.509725648789814	0.185898565895246
0.141163741259031	0.0607266181229325
1.7959287507101	0.710356981550796
-0.201921604266637	0.108126469419215
0.376269093145559	0.168466848955099
-0.781575757374397	0.348492799953545
1.00757101741344	0.384130201865198
4.15772432340643	2.00809868588151
-0.401235277977123	0.168155174101626
1.26489514588721	0.695009754129006
-0.251644765492571	0.125198992076477
-0.495393981903857	0.429067389348608
0.167732194738525	0.121839224726977
-0.00882398643531293	0.00601081160059534
-0.206248299590293	0.139844331796917
-0.501011812655948	0.508577480793462
0.829287568458839	0.973683570979991
0.75344101111006	0.828692466988027
0.663642123500485	0.678789762367249
-0.0610983894187936	0.0462409268784771
0.125982508341265	0.107131760015779
-1.88940504291836	2.98726531264219
0.391853108230763	0.414430049454028
-0.47372946692154	0.449534011158762
-0.0761078006915558	0.0485417498000569
0.376924317928837	0.323620649272065
0.171942289478095	0.128273233122058
0.0498363364182081	0.0322536869566653
0.313890624054217	0.199506580701273
1.60203296698767	1.09272331472455
0.138818714405564	0.0354421828043769
-0.544726922023982	0.212503767866522
2.73908802064329	1.62363278776721
-0.649677393302236	0.159121336474823
1.43184622835253	0.479292741706694
0.63533835195479	0.202617768704467
0.434568214676709	0.308555535021594
0.124121675888142	0.0421889628594712
0.480581290323946	0.291114188826693
-0.153403343989132	0.0869682658461393
-0.0390912379400775	0.0252649868811305
-0.00964782520126377	0.00651184168826117
-0.521677247575745	0.492276628782334
-0.803825811577542	0.527632859941071
0.730787951344701	0.711529979304993
-0.0610222553239567	0.0396922242465382
0.260979040964695	0.235655068882542
-0.647808012447839	0.629604298350581
0.609473408989863	0.661787972178451
-0.53425836754906	0.526138335279671
-0.807377878133839	0.710505780151898
-0.54316992911575	0.545128778656489
0.466774946324185	0.314806196560135
-0.994947520595846	0.503479993249042
-0.350214146154132	0.210961310003003
0.130261088867323	0.0385441346135394
1.01496655409926	0.392016410565643
0.887037292069543	0.477992287688392
1.08619456950692	0.814975664991776
1.95207024097569	1.23328852734098
0.828578046153408	0.737035607263132
0.80404554339976	0.344481245407227
-1.53956972045097	0.556149616231128
0.641203436908402	0.204828865510354
2.74531503858304	0.788587032684406
1.043425570183	0.501092341574248
0.537611900017201	0.311206758366506
0.328689027799348	0.18054587752802
0.0199338509778445	0.014744438597168
-0.435384786627703	0.500700623629143
-0.90556391783608	1.21417382419359
0.099247130637038	0.0797647140844438
-0.0914593659565601	0.0565618957825168
-0.0117926609928852	0.00808322599653297
1.09820995435712	1.59115374627295
0.385180367649867	0.307486918277583
0.774144768876182	0.824978573568794
0.76286383429853	1.02029594421046
0.175514882193355	0.144778897021452
0.555244714094358	0.64646658806182
-0.145484263382371	0.103922742369585
0.713719045293754	0.804377000406467
0.709282673604444	0.800354465524142
0.196131314488494	0.170081902671598
0.0444300492716361	0.035359824204659
0.568533530047622	0.647292964877317
0.52492334031173	0.433258330167238
-0.10608266068177	0.0787445119669206
0.781664218715309	0.469353953045455
0.129840797352239	0.0445844341304171
1.26476272355201	0.692180742627742
0.431353869750893	0.170677986367364
1.4308149383669	0.474993175817053
0.132691654059749	0.0395472168451783
0.42391891802808	0.1718634323489
0.627228039202474	0.426747158029304
1.55351304541734	0.769930773141108
2.7266963654619	1.65696200264515
-0.520092091072828	0.48517508765039
0.874727530678758	0.896966071404689
0.736326331379439	0.710532312711674
1.01993145062008	1.29985536652932
-0.443044941536465	0.391374253865611
0.457027254891608	0.310971067254721
-0.597137642926217	0.440169004870321
-0.0452120781381529	0.0347261434464973
0.0840862254929024	0.0614379743789809
-0.572143563716259	0.526525852913926
0.53373866435056	0.44375358298513
-0.552399677649606	0.351083336661501
0.3143689861949	0.189982719801624
0.67621243755849	0.318523629907513
0.314163119853779	0.188906455584661
0.67477466395096	0.315389608419303
0.295843109855283	0.189638870461846
-0.744055499890896	0.258369185064904
0.53409622657899	0.301287488603579
-0.319825063346144	0.149481274178671
0.498976005536493	0.179650456596235
-0.540188763035123	0.210389950149253
-1.3368533828668	0.847506007470926
0.141843835358275	0.054171356954973
2.09266208534358	0.949177804895113
-2.64932005787562	1.64873663137308
-0.999406115771593	0.508196794759441
0.330463259420868	0.180034529465304
0.493790509003105	0.312690304490621
-0.594455155037379	0.441046253466538
-1.11456596288468	1.08417308496689
0.455602098871966	0.432917872398047
0.172609444084048	0.143982559448571
0.456658601664725	0.419806444790754
-0.129692156382504	0.105622283548219
0.260945519760338	0.261973283814354
-0.280297131850019	0.235700158518279
0.185565606119589	0.170060768626643
0.273629404318577	0.209829920919397
-0.0502563658612898	0.038270296800184
0.261868238616461	0.219511726767284
0.828068268979317	0.970204506991245
1.0791891848833	1.44221495210671
-0.188513108174659	0.161044408319161
0.508358206867225	0.436931282961597
-0.517098189143183	0.484417176214072
1.06143246694315	1.64920702131343
0.763240549846222	1.02318200809353
-0.0583972250592366	0.0439878837768916
0.733962014160866	0.723955836057571
0.0810021666310548	0.0571394038584675
0.538505243868514	0.309568301549242
0.297374453523776	0.193198086149602
-0.247772530195526	0.159269032189502
1.01179148986041	0.390812379931115
-1.51370223743142	0.781966032238712
0.134542642796399	0.0341445690681232
0.138618353811657	0.0265211219118666
0.13331140482618	0.0510057787849307
0.305770060931683	0.1835907755391
1.23777020613281	0.830379969169323
-1.29641202348888	1.42768332607095
-0.453162001337055	0.358079488396561
0.169568948030895	0.115922294085309
0.775915216547067	0.595200663764904
-0.406846999378303	0.327850578794677
0.141335594071948	0.0840375515690949
-0.0471602031618435	0.0305654921072697
0.621513162951173	0.67513842117689
-0.71978998634267	0.684791151805191
0.149664712035266	0.098849341299885
0.162794197419837	0.110605826142113
-0.466947113773532	0.440259337560685
1.22139753517999	1.19911828640243
0.94110620881686	0.638148984875642
-0.264139774298045	0.130545441462434
0.283043734314548	0.205353928926517
-0.0584370644427853	0.0252446640160817
0.141843835358275	0.054171356954973
-0.500868200697924	0.266298415767563
0.885952171204415	0.476679952045824
1.31094944803572	0.585633714178286
0.302456926961335	0.194020093068348
0.140713547851748	0.0535320947014008
-0.25430201619799	0.128954701421019
0.805863302134345	0.344881526276407
-2.0907818935671	0.980234505113829
1.04610704894877	0.51238392387227
0.642430262122492	0.204551977387731
1.43184622835253	0.479292741706694
1.61230955166996	1.10176938723234
2.72054469501686	1.65288703282296
-0.935457679124751	0.671226340104722
-0.878898244808813	0.878106856144512
-0.31687420872113	0.302239199975105
-1.0511419070833	1.40631557639297
0.430890505370174	0.420141457840292
0.0667179286619405	0.0560259608239551
0.991923446584211	1.18712782009899
-0.468112228021821	0.364763245941471
-0.0942036406283372	0.0692249430801211
0.813364273810207	1.04881164878792
0.405435436226081	0.411853154357658
0.880375096861588	0.895719853150613
-0.284263599053317	0.177005727500217
0.156149063131526	0.100668723304063
-0.0808693742965976	0.0673621319908616
-0.0794387012829746	0.0590380408843049
-0.277398194840737	0.232740138897686
-0.576408384236537	0.651835377285153
-0.211854729108976	0.112938908293158
0.187614625363822	0.15564821199187
1.39544080627883	1.71294891696002
0.432377214406575	0.306185600638422
0.12713937419409	0.0541320933247394
-1.3575278654352	1.12726566362642
-0.80323146015234	0.441171249605832
1.30580229922326	0.576935208796654
-3.47400814940775	1.26328835340161
-1.0475594705505	0.429178184450482
-1.17421556633202	0.652390923698236
0.144088261581916	0.075360487535022
-0.497299584204023	0.260755593462508
0.140975434529119	0.0672074332845694
-0.521699050837605	0.488005656482492
-0.205527951847077	0.140691258611612
0.303822205188524	0.195256312572271
0.401068588073221	0.313695554070019
0.166735547833942	0.119002586141766
0.302456926961335	0.194020093068348
-0.457496650218874	0.355529002545781
0.259581664524981	0.224437881487407
0.629108321052064	0.433323807354143
-0.80091625651332	0.77109015532467
0.460852648820951	0.314892349293515
0.057931480360404	0.0391282929601327
0.777996352757889	0.466305186735139
0.1803447564031	0.127079490708846
0.400552246579666	0.30664281787082
0.427103310292404	0.303862929386101
0.349496877462281	0.175035927493816
-0.111262641289649	0.044811437245554
0.28938619783191	0.208601401021888
0.00555110884407712	0.00298571291235252
1.89072962463297	1.59026651340235
0.379206341293721	0.170397641869067
0.144569397815052	0.0745667069999947
1.75508358007175	1.73248596105818
0.53719830395031	0.31080395184756
0.145370457691642	0.0693770616152268
0.594169419400484	0.311099987304194
1.30769071044512	0.580821984597342
-0.400888937927212	0.167004429544576
0.892133818601366	0.484433399452001
-0.618228575020505	0.301885294099273
-0.322099928047886	0.149919382475623
-0.37839740150517	0.109211993901879
0.283883335651311	0.204931699007712
0.0504324653113022	0.0322731038353881
-0.0948524312577019	0.0787550575443319
0.452789203017082	0.488491664295718
-0.140573080432692	0.114813552547406
-0.360275066937651	0.291752306818297
0.45472525314628	0.435149507945018
0.443800127863824	0.510841054184945
0.660202414901214	0.687706695436306
0.530726583212352	0.533671609450993
0.0312650209288487	0.0266044408049768
-0.335672245379031	0.30491524901624
0.0578358292157799	0.0486225944506744
0.824315197877343	0.949611956076022
0.000231969121686552	0.000144901437535853
0.110574727231463	0.0898883076153985
-0.596187272333611	0.440164591330203
-0.530354601903061	0.600431538359815
0.261334649307413	0.238327730742271
0.62138324847708	0.65366314719138
1.04103737416733	1.09412136759321
0.75119253266913	0.921056418017522
1.52247193473344	1.28393188635392
0.426716710995548	0.173213467399165
0.347429888800464	0.171916923403475
-0.61784835244475	0.29307869578762
1.07537934974307	0.663936036393242
0.12245762940799	0.0357330801165199
0.800227672723986	0.341851244617158
-1.1031710777081	0.735137436180539
-0.406064318971759	0.286510373265804
-1.34530255536777	0.848321209747589
-0.169923721147614	0.118852710901773
0.395438282693879	0.324117471928279
-0.683670834887639	0.481673684650725
-0.401576929225032	0.324239904124259
-0.199384254794569	0.10850922128319
-0.539970925975614	0.540137859309109
-0.121485060007783	0.0730798751499184
0.262820747116865	0.226987324980466
0.0146234653317402	0.00776289638787651
-0.0864381464623554	0.053077469977506
0.785766639256196	0.855144315685958
-0.285059864747819	0.181706342546796
-0.4038967755774	0.324181196419525
-1.8394273285356	1.6378272495793
-0.31303978047763	0.256013122334063
-0.309750556919108	0.231687202009044
0.171871828261096	0.130534332285305
0.49451426078004	0.305422669208077
-0.130465208113185	0.0765061774890983
-0.0368261196001243	0.0246221329093785
0.381013403734791	0.173132440946282
0.565125477070222	0.451763285279727
1.0987287718869	0.953721649125461
0.783488801252617	0.46792550722739
-0.540188763035123	0.210389950149253
-0.546288323472199	0.212886690694489
-0.657321505103218	0.388357946214928
-0.0399374326514219	0.0189080700604235
0.675674964824304	0.316783380028713
1.01097898122568	0.384935969679341
-0.179223347012552	0.0619642490355419
0.140604712858202	0.0410994572340033
0.706834977643081	0.442853431569065
0.782990804653616	0.464504996723609
0.775470259546501	0.613932222760674
-0.350423662504575	0.311495948876447
0.104181582372186	0.0835986922083458
-0.612144642188896	0.653437635840837
0.106358806580334	0.0801787026392111
0.711435696969444	0.587177088944781
-0.391172533220232	0.405170255862992
0.905090159181295	1.00887845459863
0.0104786343092307	0.0075422031199007
0.316130853750694	0.337986908530684
-0.50526255785053	0.514761428573565
1.23200838442603	2.08768682083937
-0.0993729651747714	0.081558453898893
0.703357810211033	0.777528598207847
0.100009303583815	0.0778422810675177
0.372685155335603	0.317602022981273
-0.588499663633472	0.583900050811029
-0.0930986274383681	0.0684637527045767
1.67201189755846	1.87997252532618
0.522689123944695	0.522591006439236
-0.161642918674331	0.0925192554675571
-1.03359906874907	1.16286513553737
1.75376433527359	1.34592346174293
-0.999008171225277	0.500155178408408
0.142874220429967	0.0810586351767675
-0.615428382597389	0.294099302015013
0.127549585831426	0.0385072991721353
-0.653515136282054	0.159727161117317
0.500856724023143	0.180020395614116
-0.345081114738369	0.205174433703973
0.488810397952288	0.304606862255642
-0.0104324367291582	0.00538509285158504
0.491994785061394	0.437378638520157
1.51987758450808	1.29452339506382
1.04813117486922	1.0989960263392
-0.332924568438221	0.274029793880754
0.159651967299576	0.0974563164076432
-0.145159067689555	0.103667694218881
-0.923989611960818	0.76312270637923
-0.495494828451693	0.427947050311684
0.835361102789053	0.583726193696801
-0.540982297812534	0.452345140890205
-0.338430985868403	0.202962331798968
1.00728773703166	0.938127229298567
1.21587875976745	1.45452282427671
-0.726587691146364	0.702662059509028
0.743032074236439	0.718383986268075
0.781458242523047	0.84840840286048
0.430344884409499	0.308349513697254
0.05908908021276	0.0382848556422715
-0.660883758328235	0.389026202392115
-0.205706695929357	0.111246551397542
-0.299225495356082	0.221552791944306
0.700116465932584	0.456814481907493
-0.811030174107212	0.623915346071156
1.23463410905712	0.843218051395456
-0.727873131873197	0.708134675525836
0.0401672279898783	0.0248242265306203
-0.164393645036336	0.113162056300464
1.75264141316131	1.72295532809867
0.161510857332507	0.104004703484817
0.0612177276245261	0.0393622071793508
0.169340709882596	0.130238088050811
-0.0634799325650991	0.0482959109213003
-0.56147182285696	0.602994356145988
0.452165227374943	0.432698453017905
0.168537554834547	0.120674026122083
-0.0747083782552939	0.0551912441726101
0.63912386204814	0.577742029138436
0.163457088836065	0.116977476962517
0.662647274233951	0.777857697464716
0.0927481400900528	0.0718618253510236
0.880951753505306	1.18342829247338
0.276738051716092	0.20928182472785
0.572979300232611	0.553728155952066
-0.0258467587567614	0.0172876174171933
-1.17317495066946	1.01177206460516
0.94150210139638	0.923084563714283
0.0765955225412999	0.0543115307736644
0.177977679074384	0.138120568289209
0.552756075007743	0.54831654303896
-1.01325876637903	0.922262956771599
1.0211176893025	1.38242200098743
0.640199952407322	0.581876826938593
-0.254160329889469	0.163292495029861
-0.241093439710288	0.157480173097891
1.2150540802357	1.30964321327604
1.05514749443356	0.503497652741783
0.858611935201387	0.614955275162585
0.836014517420367	0.762598308487751
0.268955378454753	0.198645166028465
0.0103232265779909	0.00553084212381913
0.456698657827164	0.420248628317903
-0.254297273186966	0.165658064104329
-0.0552822041891723	0.0418035345194064
0.635992986685422	0.680103304101748
-0.709107481128886	0.633737200258562
-0.809141734178376	0.701085273241821
0.303951427133475	0.181775280868351
1.10112168429532	0.979096264246871
0.161007550093119	0.10465276841861
0.640882728447018	0.447243196613613
0.155322380683068	0.0939729600304918
0.847640070980212	0.611195379725904
0.455475390351201	0.302626144631852
0.144549282889605	0.0693106706509846
1.12461791506686	1.15111452447848
-0.505989803376668	0.267935293753142
0.596606507359123	0.309385958652609
0.598248835672747	0.307587080795581
0.14632581910179	0.0700425370279905
-0.00533626117824556	0.00278568619790679
0.345995851477005	0.172505974330628
-0.110777047938489	0.0670819067153742
-0.241237076674792	0.118605977793603
0.274012812743973	0.206009661406595
1.15013332416025	1.64400432724372
-0.259845265889414	0.222302585308422
-0.472902110980424	0.509026938279882
0.326279532028203	0.335967293483709
-0.310581859944748	0.226546948669742
0.162173697987966	0.114534727951811
-0.0135120312268743	0.0105983179234658
0.874821502866214	0.889436383979556
0.173391658876473	0.134089017502937
0.26551489228442	0.206985381106267
0.883911216431298	1.08033987737509
1.30785043740999	1.66502411877666
0.532763654797053	0.542592650136971
0.276579536250964	0.224729126688037
0.152069749729158	0.0932251378681855
0.876086698199409	0.896469082523299
1.14037605392858	1.40313648603823
0.827515079633989	0.873159312053802
0.466984486463445	0.433899263360253
0.421194653601762	0.321182004027552
0.512150131986495	0.442004469872063
0.375760036961713	0.307575106253826
-0.205754919390745	0.108108634369146
1.53428491129132	1.27233531649166
0.938342938831561	0.623614405132414
0.436901247930093	0.316803268395218
-0.340039421976876	0.201709303673774
-1.45174310649119	1.5755542615846
0.145328980405055	0.0829330360488875
0.591245092167628	0.433466505057327
0.931246441728714	1.23951259923779
0.00531181582893173	0.00355324275220494
0.488581193551208	0.300914636062707
0.136830459600047	0.0655384176084928
-0.129107690271774	0.0769894520975483
-0.983415235437544	0.985009412642714
0.63604288494431	0.446753247563175
-0.598969289893202	0.437775465926248
0.676875968038954	0.316222786270016
0.48917188459322	0.303385827260078
0.533175451366638	0.304855814525321
0.132996319470018	0.0392540301152134
-0.1638005064279	0.0600618571222791
-0.164988899854355	0.0605952762512714
0.802485658744588	0.340222262255854
1.05161674482536	0.509444222249524
0.318662489023416	0.173697360814224
1.3785269240291	1.03982329214537
-1.50855781318892	1.90299366957443
-0.671070058454716	0.74486986709425
-0.926194525240311	1.38046511563625
0.185276567269311	0.162110286328912
-0.57599418571878	0.530498783404356
0.472249216908443	0.526956531587788
0.192226929703313	0.173656895562735
-0.317195847865118	0.265020273676724
0.984390655844839	1.3920903134223
0.0567546877369485	0.0476610329369503
0.132922979756849	0.125386410277192
-0.0944554124995206	0.0696578259171583
0.274532931169553	0.207124581078793
1.20963909515866	1.40683495951019
0.529293048353137	0.443791099067055
-0.917140295720938	0.775312279466259
0.0379805572705489	0.0291748922466967
0.695700836561433	0.87790211517372
-0.0925770969474034	0.0674766567024043
0.983093245998012	0.79929679739095
0.373272660068079	0.315975511436843
1.38654359098413	1.05040036017731
0.936684853604407	0.606022985141078
0.141134763739534	0.0728157683174755
-0.0171027617224152	0.00861220076058175
2.05372052040159	2.5599868588397
-0.0873914329711254	0.0541945776074834
0.541668763641613	0.532137365823063
-1.34990979320225	1.09260714010169
0.023176631688676	0.0134372547864908
0.165889574826149	0.100885995836221
0.699274520025072	0.45148600576706
1.3127326077534	1.52175975197171
0.159975816647075	0.0983560838215302
0.9074660208984	1.01532686364238
-1.04851378907912	0.424859501269914
4.37873147682871	2.22985724110801
0.889091519382391	0.473713380559112
-0.546288323472199	0.212886690694489
0.779042110945328	0.743396805498945
0.419651193302246	0.408718169481308
0.125346703614881	0.109821277998144
0.489940094756389	0.537893051737867
1.15094844664558	2.14495908590974
0.0627885111269318	0.0438842761874193
0.535002948424182	0.622855439390219
0.0133242149077877	0.0119464887555047
0.328675419205846	0.307778002216349
-0.0519091393694178	0.0399962357293537
0.37144854999469	0.429750585993476
0.0792101226096589	0.0697946518136561
0.592103410533362	0.73323779219957
0.0722719152100109	0.0522308430567418
0.242987080786051	0.235063640586844
0.634236759099398	0.676946770874691
0.112328259967146	0.0913273755208698
-0.239641912001119	0.186168477228324
0.100286541828096	0.0805010331738044
-0.00331857402991591	0.00267310767597094
0.536829436035752	0.445378846941989
0.746802344647442	0.898151054160605
0.135125881955029	0.0580528793614783
0.496826628705645	0.309224356225618
1.45983473342917	2.05309360333274
-0.039674818943277	0.0301836222296456
0.574330727723691	0.550727302261073
-0.0766591517234762	0.0575895014195258
0.563122070844159	0.529904062100829
0.924465207440374	1.03394781837596
-0.53927097726266	0.20974189922174
1.45037886411555	0.892997324990223
1.30906895135202	0.585546772041702
0.149142809135645	0.0841928743963047
-0.115102540246308	0.0464062353304709
-0.118925594945506	0.0865869002979276
0.728844736847076	0.696398855895563
0.206702752327069	0.209381261673915
0.400629525846114	0.49094482813326
1.67116980302285	2.93662625965603
0.523476303548569	0.421138473989124
0.397250078364937	0.411292369122574
0.607734669392095	0.657281040555159
0.122089553086986	0.102284118013403
0.0340481470868274	0.0250325826673698
-0.501309306936508	0.574953940342861
0.0179492106459675	0.0147586133802962
1.09030327868516	1.49442650768214
0.824171848838469	1.12991894530695
0.251718288720978	0.24599348417898
-0.245417454209768	0.228678024440924
1.27081368012371	2.04422665079445
-0.464885195286457	0.362762228140907
0.254855986469278	0.211319518461406
0.983788316392494	0.788633560979335
2.10644371465309	1.45419614669728
1.64160410994382	1.52402446533369
-0.172537156333294	0.121177718823025
0.296298833303956	0.187375311085967
0.307911758406967	0.181714623926812
0.504664731503996	0.433879460462991
0.495702672553864	0.42468483225147
0.753240662948762	0.909309721800825
1.34481441310345	2.03273265833016
0.499029311914742	0.534173704448064
0.129705851940839	0.0500169138857751
0.13342584199096	0.0456780844290643
-0.156410859268319	0.05671112596927
-0.568654273985776	0.358182038312199
1.60453378394352	1.12065890271037
0.0404665007091881	0.0249247055059904
0.578574549870382	0.745834795151066
0.111602520092189	0.0877739144868916
0.101815184158715	0.0803134836786181
0.869244037414754	1.35395528354925
-0.324716337798434	0.313044723210823
0.27077831034689	0.240840827447465
0.526767755457545	0.624774905408577
0.172315546814564	0.133119855846537
1.49195596662512	2.37344299170206
0.644335136105409	0.766359773030505
0.159011744340275	0.116288356932829
-0.352187174400769	0.287386943056092
-0.251461198290264	0.213487611486604
0.651800007785453	0.849883883667344
0.73396488447489	0.713177494667214
-0.319482994008076	0.265202556778126
0.395679150170416	0.315276334580184
0.456411950987521	0.418352622691315
0.494981147295102	0.30967271384767
1.08509983610425	0.648036717550922
1.46519045046659	1.45556168245779
-0.0669546702404905	0.0429201398465701
0.50484519665388	0.42512165338977
0.455745719015942	0.306907425463198
-0.183781155386305	0.145648428474565
0.668201297175309	0.581498322451804
-0.785574924986156	0.351164797524706
-0.192767138967683	0.103049612550763
0.396083980043041	0.323266909736771
0.0661265739700167	0.0527360596851195
0.461779212560223	0.52662925820985
0.74911685080539	1.09817347069008
1.00658090582064	1.48219530719729
0.847289279468795	1.17328550005136
0.0675065734324503	0.0550054526358251
-0.283178292170235	0.277299077832803
0.929517087645889	1.42688785623554
0.82514498878832	1.05809647592045
-0.134599795242244	0.108523906961003
0.261841931354457	0.24016528151922
0.327166674257807	0.313575076879093
-0.235607176849273	0.2355280768769
-0.284394463380759	0.239959684569296
0.0908563118288423	0.0691442744123367
-0.516978761104743	0.48512401380232
0.778253346575312	0.831389368480601
-0.126971273567282	0.0764256871088718
0.933925365460629	0.612791905516528
0.598838995314374	0.45102700614912
0.879458167758087	0.895787580838402
0.492912325965624	0.438230419404238
0.911250483926435	1.02812954631821
0.850236686238835	0.62318255491699
0.603094850682481	0.453951096957164
-0.0929472953558888	0.0568082306965562
0.383804516694772	0.414695946094346
0.394679119919702	0.518182296825017
0.262158720869987	0.23929424117426
-0.687145080180175	0.980613442872479
-0.310003786954865	0.348995789520325
-0.24846792252003	0.274334796926027
0.198886809400337	0.188642582116935
1.61982417707786	3.36486698421595
0.457017236957668	0.50767014451169
0.795969431462544	1.03530613558004
-0.0944774323060063	0.0841589333988941
-0.615503453156756	0.497093126054083
-0.0951430715067037	0.0699605903530427
0.64183552400572	0.679981593056085
0.396206748377414	0.314684241559632
-0.121972879151321	0.0869057362371316
-0.0943825004990812	0.0677194732219785
-0.196824088001511	0.168500424818132
1.52205841666262	2.58762865318369
-0.0270231311144496	0.0211120314960318
0.341933576609934	0.325481179881344
1.12461791506686	1.15111452447848
0.517408936565122	0.412325812814405
0.822128166958062	0.867005024768637
0.670778464745269	0.584707294984799
1.11482846430735	0.994500514568618
0.515421014254515	0.443612083924787
0.0815732763896909	0.0749660848259718
0.317754569720383	0.334396892480103
-0.0880852440436318	0.0635297493448342
-0.386952649068386	0.371887184954002
0.254896663326357	0.244695964323854
0.253548619816432	0.257796226632425
0.621506157616318	0.846506577648987
0.459730691653359	0.49234547541923
0.362203282181606	0.329046085872235
-0.531050345027098	0.496664747660035
1.14430880015236	1.62602768989108
0.0381681858765229	0.0235622835411389
0.416296088869055	0.316752204361889
-0.918211450712602	0.781484316913327
-0.403084015782811	0.28301811266509
0.649644224685716	0.457531070012254
0.282028830452707	0.213962227250083
-0.0133038381917252	0.00910432773231984
-0.098238019768029	0.0613088510096371
-0.356971295896092	0.321000623004479
0.754713010037863	1.34824798895098
-0.362713112097392	0.376512229313496
-0.0667011604689739	0.0595909442338133
-0.210691096966248	0.237957362855252
0.256257870895555	0.273525215278155
0.859566694784612	1.27488639415776
0.369705660536576	0.427212538714577
1.14414863134423	2.13151725448373
0.383970873834602	0.174549965674074
-0.216170582910286	0.267043694928678
-0.0530639791296086	0.0556534687280067
0.452299863199161	0.595956154842075
0.0645142546844218	0.06067143594205
0.154616612394109	0.156613824912808
-0.0452206116025054	0.0451840007515335
0.363617219618474	0.431784108652388
-0.432033143320807	0.549329940322163
-0.0161349547444871	0.0126373554318158
0.0831954921538569	0.0791161105120418
0.208172302055889	0.208857467148342
0.543735571278992	0.531026184341705
-0.0212381950388634	0.0144649993805473
-0.393264313235123	0.346496458654694
0.662968437136944	0.682508269629862
-0.579077573602544	0.683486607282872
-0.321317763376598	0.337634036136473
-1.11564376071336	1.55841879059594
-0.196723146737008	0.170286530699603
-0.0076168565484553	0.00594457493296145
0.469044481526216	0.517427204010027
-0.996389533194261	0.976476434259359
-1.07211017229686	1.14090018822022
0.0339183044877047	0.0194626293507414
0.290456631889438	0.197202499044256
0.144257537844813	0.0812402896710601
0.159524845771739	0.104264853861445
0.259850751491902	0.216841261429247
0.207474391728723	0.235170195909891
0.414024306774304	0.511648936121949
0.317558708301031	0.34960562225511
-0.504098423758474	0.625282555392425
0.300741819227059	0.331099296037704
-0.000751929275734326	0.000553604247581155
0.0836251173677931	0.0752244780051881
0.83606923736321	1.48779876368328
0.87595049496257	1.2831628666759
0.0590658999857098	0.0545591611621854
0.178735737438534	0.151915052822015
0.536265843391605	0.624829716669734
0.327001849285463	0.331390429282109
-0.194656053410869	0.166696824579375
0.321218663905782	0.305933112462819
0.375430589490944	0.319061409953494
0.0717822562211027	0.0606247357387671
-0.845407054545798	1.16258097479216
-0.334817291972215	0.328525355770206
0.491503398909687	0.308458413901497
-1.73519196935246	1.45661522864139
-1.30380004068601	0.591811851677917
0.513068186324434	0.1786983902239
1.0157137322373	0.387976380499905
0.432216086405575	0.176459106478166
0.166096442976778	0.107274730782002
0.170288869339632	0.126892031477383
-0.0859717104343863	0.0950194762419799
-0.00538361292857208	0.00511006978552759
-0.0375979635438209	0.0352161219816299
0.137849622792243	0.14907918828503
0.115196511522658	0.129852911097498
0.257710834965985	0.322654326518683
0.148618630381746	0.149938203673914
-0.297541844495988	0.355615168254776
0.910458322620798	1.5796766152611
0.413904064072249	0.517810884108132
0.0716391973754301	0.063320594615542
0.193391988028212	0.192422440149503
1.35714811139361	2.4694029514091
-0.409352433963128	0.415888582914499
0.354173968094919	0.420160232352391
0.166959052032471	0.187175660598001
1.13440083714487	1.92113419305209
-0.0947933191719295	0.0787740584413091
-0.277708111202658	0.294056919884986
0.826277968377533	0.742328475312491
-0.245125886823189	0.0807837724647685
-0.191179230430044	0.100378365259087
-0.158314214189163	0.0903052204600794
0.349989717931548	0.175984837253963
0.0962873061317068	0.0986339588281399
-0.17214966777939	0.190781041369323
0.795872638859506	1.52957654759569
0.310779643475416	0.336485345427541
0.803727270742572	1.38573118931251
-0.135587429922134	0.143800156096454
0.602837041106935	0.972937894038258
0.417738034841601	0.517128705510672
0.0518624276092869	0.0425100802308099
-0.122249581403181	0.108646971463426
0.387222259332939	0.432479478490272
1.2241364211141	2.14888774482632
0.149853508785981	0.160827746019677
-0.441420205816109	0.477260769064409
-0.733367436830229	0.888667870238846
0.0474959534949301	0.0385034657126089
-0.541691734871764	0.548360574896885
1.38076413111036	1.05729433456047
1.07564710724461	0.658408859247353
-0.167048336342922	0.0949445416153083
0.894564543536702	0.482887348561858
-0.0407411841072126	0.0366294874220656
0.256599660858849	0.280134005227168
0.248772684565101	0.270165905286185
0.186951919924134	0.19600232601739
0.33168473577352	0.35414400814945
0.488469408032639	0.672356138646257
0.304737350882003	0.344540057212812
0.386479527967139	0.425206871388112
0.561043314419227	0.807926705933838
0.260942326621487	0.255918552192478
-0.301878776546338	0.297101356439278
0.711736477255769	0.978004625435272
0.510768467311243	0.442518456647853
0.601086991156897	0.745845627133244
1.06190030462614	1.65993073826243
0.710981808741484	0.975542924397554
0.187336742100453	0.172296763693981
-0.101903518889203	0.075204351836977
0.134592794005471	0.0641700415292845
-0.372967191440885	0.109879462987979
-2.0921083409018	0.968109997437296
1.30416387964273	0.572388740586321
3.25422405878576	1.0988640104023
-0.165318734214513	0.0606610603776833
0.929020853400311	0.244303524147299
1.79570418994076	0.710490111832351
0.255460687966089	0.371838030170583
0.377526663545402	0.542833036726508
0.618896416467018	0.987038505031037
0.92225070524716	1.99774711473556
0.722361571509288	1.37191262603794
0.935442178337535	1.86983895280014
0.107062611534172	0.123155263872331
0.542618459437377	0.878717996933726
0.994783363611227	1.93923711801536
-0.00361062476517489	0.00307141981647907
0.981908238615339	2.02545811559982
0.201139533604546	0.213290399415133
-0.0356602442150018	0.0278046535740198
0.253610392813573	0.263885420218684
0.842097080543032	1.33353516271485
0.939947453316656	1.76792252693419
-0.158467239967396	0.149650244293666
0.627362930942967	0.763986362395284
0.340398276860602	0.437938833349092
-0.470014269672806	0.446264732205349
0.131770953769287	0.0569213800918292
0.311335667738341	0.188312845847387
-0.407617012235563	0.171496770737405
1.26253075405875	0.70781550959232
3.2493353238897	1.10864834370629
0.586762489486714	0.303279273170295
1.0112082976487	0.959972098321859
0.152017711925621	0.184575593631018
-0.00625906314633358	0.00667408812573215
0.704134944452879	1.08247879720386
0.179741941184709	0.210619440514892
1.23503401438069	2.84373938989003
0.587233729448797	0.895320008706699
-0.0120600491876718	0.01119389299924
0.396031974559143	0.538202720832002
0.511219491446252	0.715399627603122
-0.601904383338851	0.90617859228667
0.808111125561578	1.62636988132349
0.584307889229374	0.791495538127927
0.384026868109829	0.516153159340178
0.19020726446223	0.198004127828786
0.323200566624186	0.339967623732796
0.669246189654897	0.924869519732183
0.177560062227077	0.144843484445861
-0.333636279572169	0.424659210600576
0.0564070994347996	0.0463775214181271
0.195246617419296	0.191063559204601
-0.171582542843008	0.120575393631815
0.638835897356053	0.575941227987072
-0.710695232257745	0.631831393068274
-0.610682138061695	0.292181109001871
0.594593885421522	0.309971917398282
0.121573137052779	0.0410393732434389
0.346801026855411	0.174622193872568
0.524127245269361	0.425490438045782
0.453359974392404	0.306298882592366
-0.175110780785566	0.204222116583754
0.580104560616882	1.10554301117322
0.0403827790711824	0.0363640228496305
0.553011016676607	0.863633035197424
0.493314953715225	0.808156656804535
0.60000147659301	1.08116211325409
0.338064899460882	0.428458854637904
0.158367258693725	0.172297668154326
-0.264630569848884	0.325535852378904
0.541633749253372	0.856312458803176
-0.562019704399536	0.858749554254806
0.346907965948285	0.442323604357829
0.824890106424078	1.24906895668868
1.34011974118708	2.91583308841087
0.730405494461962	0.9914091279642
1.01048410311287	1.70964741728064
0.0738386792289948	0.0661301599055015
0.101327965155079	0.0764602113349663
0.853505203699723	1.07720764942675
-0.104561928590609	0.0849558705073902
0.463999942233326	0.427040704409795
-0.170292016940537	0.11611489579155
0.557325479711002	0.547467014893847
-0.19998329017484	0.135036727871959
0.139119911680243	0.066300203204063
-1.34016041477183	0.850000014530029
2.51611062170818	2.28973923851384
-0.0960857295835845	0.112088628236253
0.668254251287189	1.32613702761137
0.396695069756886	0.52090103760073
0.279652162044017	0.373528476410966
0.731220351231718	1.39240920787583
0.726555468416974	1.31938693199049
-0.0813317428951401	0.085303509102754
0.727626478465192	1.40397381921651
-0.341376064899007	0.429705381623693
0.0168351671590799	0.0134651111257054
0.349997477961208	0.454159212804146
0.36259527994791	0.441153630547416
-0.386094470150885	0.423326511320337
0.192724354682591	0.180977995590179
0.54319069627575	0.618388496859804
1.329441270827	3.18591510452087
0.718044973025821	1.04773984906992
-0.0988470969017872	0.0817475766997611
0.188051857666936	0.183030226520929
0.632655542554115	1.00100140110407
-0.121986554068608	0.0890253238003826
1.09730170334467	0.82805258328262
0.450243570137817	0.42986050617492
-0.616342153211743	0.511293649191475
-2.46003724487235	2.37025664015796
0.644066950024116	0.456225195398045
-0.0528981221337987	0.034601268462443
0.110884975183775	0.135315937084022
0.765400171450899	1.44043611713061
0.175971434083584	0.205898570349428
0.29405285705518	0.414114904221638
-0.394533339407245	0.523255554748553
0.00314789166966305	0.00284837679288009
-0.171168430685135	0.171860414570476
0.638752934546481	1.09285848266189
1.01180838140686	1.77878603811981
0.351480891671921	0.429049344343719
0.421633736123773	0.531255226719693
0.250408733078274	0.256899260392868
-0.615314100076071	0.651979210081185
0.267284987133024	0.245764079893988
0.467224606378408	0.670973551621782
-0.161927144804341	0.141396620114028
-0.103714794521294	0.0862952751468103
0.267033133892972	0.20649892413203
0.262169677825931	0.23967355725089
0.596218791298957	0.556499670844351
0.847486303487907	0.619572226467607
0.777778163152859	0.615837417248584
0.439647391466928	0.173022265695761
0.137682653055742	0.058665891132435
0.640432049403559	0.206671110179374
1.76499591455827	1.01020915988236
-0.172489011962925	0.249824955957159
0.711440858945562	1.75759305379315
0.463525652028261	0.711068035076579
0.447253796314707	0.665308953515751
0.653822983010758	1.39309918061747
0.577845548517405	1.00166751240761
0.458319876952724	0.693359791832084
0.122243553857839	0.129196995145741
0.707300361112347	1.2591125582913
0.624169760595219	0.995747013436956
-0.109157784969706	0.119604021428717
0.301819253351042	0.358240352291591
-0.0828057014016275	0.075804506962997
0.395353959433711	0.422372983001393
-0.44761029482078	0.511340365175523
-0.117318810311851	0.119544858210061
0.721289350010607	1.15099023058835
0.0758213092907608	0.0655907392893581
0.695507158165657	0.883787092015035
0.13195319078155	0.119771399714431
1.2177641940673	1.60880921449191
-0.236157520087029	0.153945312388914
0.728687091925007	0.604812876161227
-2.09984244616012	0.971605373793925
-0.168709143575624	0.0618957168726134
0.798646139226464	0.337504409484904
0.880028321295009	0.464009928430879
-0.0168528025439933	0.018929601612561
0.308062853488888	0.50779043515066
0.202210098156992	0.203340177350685
0.804998123992658	1.78202064850476
-0.220217401226933	0.315919526304507
0.501673973490957	0.787838086388034
-0.189379070386971	0.200163920267863
0.848567808370355	1.50176209044953
0.64797768893773	1.09713197165638
-0.125612059954231	0.128163915348557
-0.361038724075243	0.460506667278739
0.136699075012884	0.123928359951004
-0.563153524495509	0.605367474928293
0.342103836563631	0.327835811552106
0.506716841443243	0.540688637203149
0.72619918334626	1.05941444584055
0.380428144238451	0.412014693485418
0.122089553086986	0.102284118013403
0.167720772883285	0.123444899815316
0.151687768514858	0.156132357372226
-0.0239560056742381	0.0160233491869363
-0.301909367122456	0.219477728822119
-0.0101648203066963	0.0052393581098614
0.381550391626406	0.173085403603978
2.259331035416	1.75593002238152
0.52908295537898	0.303632442768657
-0.367586174212451	0.681459854861934
0.241647187807566	0.363799507708677
0.648341786239728	1.09233876736674
0.303521960451947	0.47193842581809
-0.110037369273355	0.119981137635599
0.30315364877772	0.429641942722943
0.267080493157459	0.359224596508973
0.466024399551475	0.719337318290984
0.0409694655743722	0.0373339132208448
0.0778659883362863	0.068929299674004
-0.10656891279398	0.0785367106734602
0.475181547490448	0.530889506038798
-0.287430839588568	0.24072770698624
-0.510743243901074	0.386605692261529
0.633197057802763	0.835612993639225
0.560026982687087	0.552291276357162
0.318802823842362	0.326171065423778
-0.00769158604959963	0.00525330789011611
0.638846047030264	0.852763020804357
0.571823160731339	0.72748823030926
0.86835149212881	1.0036151295974
-0.28857245299845	0.244100406078968
-0.477806958003078	0.45108801481737
0.267529068486002	0.379705596005903
0.323216147141502	0.462650102311264
0.305656349184763	0.357816339659076
0.650474492681616	1.13653702636635
0.427441825654762	0.585014240753408
-0.139906381475061	0.123361664139744
0.198296268360958	0.183257665666555
1.52762387373194	1.81658114353186
0.515536992716741	0.534411106875405
-0.177718156723539	0.123689167110999
0.265918769892648	0.230592646152226
1.13442033294209	1.40598431636087
0.0162429405506396	0.0116103732965174
-0.199300230174406	0.172212970186493
0.18468862913618	0.169172686461753
-0.422399315924109	0.461471269587113
0.316886287006682	0.322139399887074
0.134256851018629	0.168275843377217
0.642421688795376	1.26296943430168
0.701817980564321	1.13258867477628
0.759662603965048	1.68082262131187
0.892632593687087	1.89506008536116
0.00354808901560692	0.0032184463666686
-0.134037843197059	0.135330116120516
0.0927173335230431	0.0872625241349795
-0.254772219103027	0.217667781983427
-0.128407951414214	0.0763984349639834
0.826064486567587	0.876159899336822
0.86363498745282	1.0831048315658
-0.187902822595473	0.149799716924183
0.580265486992939	0.656398146629209
-1.24935500842302	1.62296980331836
0.846230180060394	1.31861551913079
0.0369215301160172	0.0276069764892839
0.714056032762822	0.808078301077875
0.487210649623134	0.528646950985365
0.10214864884275	0.0794279499622414
0.439629183771572	0.315587390723301
0.304104823297564	0.197020750760891
0.606957637665846	0.572318355937824
0.0277066848352904	0.0206769205884372
0.468000529701601	0.619597916854834
0.576591068367951	0.864576220053541
0.656030920655708	0.84488049474869
0.871977493781456	1.26457989796627
-0.410627742239987	0.469424076362946
0.585903938450339	0.823730934103224
0.0963291922049917	0.101382600538247
0.636395230408319	0.76771226231296
-0.107506060172177	0.0790987487932576
0.160972623796599	0.103978908853516
0.0833793767873388	0.0627873482153288
-0.0680244321424147	0.0435376420759969
-0.895061638337391	0.829879669977193
0.788500880922158	0.748613702837097
-1.20753387755492	1.68865586773754
0.498185308076564	0.709827589417431
-0.391533375561152	0.347314647980524
0.314955362067639	0.318527402535016
0.152833064706733	0.159854428954737
0.618158312015121	0.761621224857963
-0.205678412403924	0.176279004431913
-0.246969466467116	0.186643777101168
-0.516156338123881	0.397975274333978
-0.147082175836401	0.104635945009517
0.285447117698077	0.20520026659732
0.693608461244972	0.703710873302829
0.307858357112977	0.341295327042291
0.866154679991053	1.79552196940975
2.01705333918138	3.74573615699791
0.0366592955019515	0.0286364799434152
0.112834960128193	0.0907535672394899
0.716273084856996	1.12913536515055
-0.0689623378271657	0.0576415241460404
0.745786358035651	0.825941834479952
0.142295557775527	0.0684702437295511
0.533514352651998	0.443030076890764
0.0641305608443113	0.0448654307131944
0.629552738731573	0.568374918248075
-0.300066771609016	0.247567428220496
-0.78380374081688	0.951487515107386
-0.392091521933347	0.346834802401568
0.198339934567031	0.211255224617051
1.40250565243862	1.72801452466078
0.678920664519333	0.655659720251135
0.822661994756995	0.86856152954575
0.974105960936519	1.07097312342668
0.570097285077899	0.448587094213829
-0.80852230829739	0.625869172074269
0.527630266063161	0.441143593903764
0.147228224417434	0.0780838097131066
0.466272060529764	0.618427832000472
0.885019050878202	1.28840876594858
1.59750610922011	2.44220910906611
1.17165697778645	1.9769891185479
1.79028021058564	3.41717269191827
0.773530833439404	1.03764132672251
0.320301826553577	0.350432976966953
0.575373347416193	0.559585727483662
-0.355671572409342	0.284482589799013
0.027107692139926	0.0157017310498771
0.293607964437611	0.202002127846335
-0.163019950851563	0.0932928569286825
0.332281463401842	0.183389681673013
-0.680860453016958	0.469668714570579
-0.129532242399822	0.0767349118825069
0.26251720095639	0.240427494829999
0.685156256106366	0.797757860456373
0.52331648638879	0.629960380629938
0.978624373714893	1.84036501579487
0.0960910842530922	0.0738530632882005
0.528715983979861	0.531159946734502
-0.254496608574625	0.188796788328497
-0.300082377600157	0.18653133982759
0.157391288274012	0.110647037973354
1.30890288007965	1.50773977926285
-0.043417405210968	0.0206496342798364
0.130755305563244	0.0449465396920763
0.421782143152617	0.428967288342113
1.38624584286225	2.48082969831097
1.23046374811965	1.83654518954405
0.185224416611492	0.143295737130526
0.292208864777458	0.186601622054587
0.492974616005742	0.514310006881294
-0.801177071449719	0.531135621832802
-0.609767601966254	0.285206828579319
0.496209013068375	0.311749566476841
-0.164403605220993	0.0602516836701797
-0.0454315482101516	0.0211250894035703
-0.662276166121314	0.390111585173766
2.18966782915123	4.87621612061388
0.0730424675995951	0.063267573952468
0.647681147758566	0.944846614692069
0.383321399522874	0.629552878758744
0.885315812278769	1.38442997741112
-0.609458973297455	0.762118451159056
-1.08712261716733	1.74604125725969
2.42323782459548	2.88997172211399
0.0062026855891752	0.0041813675297619
-0.445465997941522	0.34515908220549
0.681398937150406	0.784004444557813
0.182661104272069	0.141595971024463
0.827122018964986	0.871982138832571
0.920711013236711	1.02936349096674
-0.588155127219984	0.428671342944827
0.596171966784841	0.742092555663856
0.424366550761019	0.322387228413502
-0.244801630471916	0.122272513998857
-0.0603970663423114	0.0261380848984635
-0.661385937033194	0.391723535147166
0.140938002405334	0.0538530325457891
-1.50630751495311	0.778041179308669
0.503062621454785	0.435650418188958
0.64079226545119	0.774730768770028
0.979587948262517	1.28680261449699
0.502451082317575	0.621662608489934
0.790272643173306	1.36548333770995
1.02299382103766	1.59325866537515
0.0283730217063021	0.021246938798629
0.504163409400581	0.618217041593355
-0.498192903551233	0.262959223340839
0.0150505843591052	0.00795873224868437
0.882441062719413	0.903353257480681
-1.06109908478848	0.854059579198493
0.126565388852724	0.0378858273324485
0.313569480486529	0.386165982326638
0.972392285685985	1.52526448563337
0.437635473302273	0.513036017793268
0.53466624684483	0.540444171774427
1.28506352983051	2.08871284866943
0.720183144255595	0.808583721642168
0.792222778186029	1.03690924422278
1.00261824122721	1.49775997344866
0.547216755380434	0.541025923953517
0.0742729012064173	0.050090671624554
0.457249683545113	0.3095438872739
-0.808695661844495	0.630791468775629
0.383431657343368	0.173577912421418
-0.920602067454282	0.773464988095992
0.421487097637313	0.501134441549587
0.472347496458055	0.538274954811167
0.653244498649838	0.933855325898905
0.274366392117529	0.387189753081451
0.760183754814803	1.08430547335091
-0.481998761948332	0.517232351564219
0.645248497324129	1.01519198403326
-0.200535613571264	0.108129550024255
0.0314623855702105	0.0247989324326513
0.938648057024208	0.922517936952916
0.0388078329354133	0.0237036522452425
-0.110183371955416	0.0441964288526037
-0.0349995175421039	0.0167015115379789
1.02209239818547	1.38090561723249
0.47172332381948	0.538153163624041
1.72628139531924	2.91822218917466
1.06239539944165	1.23987404027827
1.71345116436813	2.61150484785149
0.111205306053463	0.0904589590712332
0.91163259768531	1.28248081956529
0.289081204366608	0.206732453310093
-0.238987632351505	0.155487874493521
0.463158133386147	0.311855609508249
0.946549705218831	0.929705906363243
-0.114744315344893	0.0462153660676551
0.140619941242245	0.0740549179488948
0.132517398019614	0.0400248322660559
0.111246244683045	0.0922968534951833
-0.297531643738251	0.270621215219723
0.486977695496008	0.689862973257803
0.37250220199754	0.541479923972828
-0.0320247195538536	0.0248680317020951
0.311914737280797	0.338540151380625
0.126081322550759	0.108750023002371
1.89258031488807	1.62029190031381
0.170159049711532	0.121587603183364
-0.403838627500513	0.167393975851736
-0.251459706580692	0.123940508804021
-0.0718150025706929	0.0318713616421324
0.379767975082268	0.171829370723845
0.433609762572611	0.506290739875597
0.258178446197458	0.24734126169624
-0.00240499597715531	0.00145869131525339
0.893319555841493	1.09855644331935
1.63480073886133	2.35955922132097
0.794752616300027	1.03442755465615
0.757038738272974	1.08127744943639
0.582380382842619	0.647654784874212
0.769027467754677	0.716100113996692
0.713639666925971	0.584164969598773
1.96929741820161	2.30977763720208
1.24234200557065	0.849961305849609
-0.194674058608272	0.104245898214569
0.457965316822249	0.311481818928947
0.841513134242745	1.32133519177176
0.284919563427522	0.348133177397112
0.642172261683904	0.933229579658992
0.559718036018511	0.81857353551952
0.500576251502626	0.536022553373166
0.4025420268888	0.41628403479642
-0.0482705716027012	0.0358561516787526
0.146585717738664	0.0830275898938184
0.317306800849021	0.191121620534921
0.148196189675574	0.0627989899036091
-0.409826637020451	0.174074560774058
0.886494783924782	0.478709653891414
-0.47544600812195	0.315588458726019
1.63006729932159	3.89401393086721
2.83101541300552	7.0493501030439
0.965213863565359	1.27566624980583
0.257503728766418	0.215063617580345
0.599207390392511	0.659013698025377
0.272217366188537	0.218372692892359
0.292633231586603	0.200709359801566
1.68183338409215	1.87105658751109
0.53087269542663	0.304424834592309
0.138226354469659	0.0721787016407015
0.412067092446689	0.311956586710841
0.357885708924698	0.175946855930296
-0.244428546932055	0.0805963435476292
-0.253348796040993	0.128245736364389
-0.110365838315129	0.0444253483088259
-0.240892370455321	0.0792841914193826
0.336915315887571	0.344743726155444
-0.317477824989883	0.311711802930211
0.502532431164989	0.763305883724044
0.263149638127361	0.358172076816511
0.413425262713849	0.510803362529215
0.327724316311161	0.340210425572281
0.248389715912841	0.236377330959362
0.609109858642785	0.569308247555026
0.281134918629226	0.203384002194902
1.07449153600826	0.661953506025303
0.592288401482045	0.308946122033183
1.10931394516022	1.66886232262968
2.2769290651025	4.30917483522742
1.11967234195371	1.90722665650328
1.01891426447867	0.957767300855755
0.270393215425321	0.228322330716547
0.529241863179922	0.430373463946872
0.38737005880787	0.173212739367208
0.428518317050907	0.174046878111496
0.510425175538684	0.184248558920947
0.314342702611288	0.18511024660756
0.624878187526898	1.07684987801949
0.495013624569131	0.523960109988812
0.391320071331271	0.434261269911401
-0.112841193036958	0.156260407397852
-0.0518114623319765	0.0514912433556119
0.145273942865583	0.168167311869975
0.0884824884450203	0.0925574596254563
1.32882427131121	1.39795662609724
1.234763047985	1.7234562704601
1.61006056146374	1.13316508829393
0.786262399601765	0.46785168811412
0.486968539392699	0.832708584316122
1.01892902677455	1.98829513984721
1.12018316417455	2.41730807888146
0.275901137215255	0.217357120995426
-0.4039629825461	0.282035561543616
-0.593590217753766	0.44233221212407
-0.443804283851408	0.39184708004395
0.261439959566241	0.27529965230489
-0.235477402914296	0.182565964462963
0.463709468641187	0.497916848680295
0.349673084993589	0.454076471801174
0.436045974487374	0.501788030430847
0.0252654318971063	0.02168172786209
0.357368397010287	0.325327271244888
0.780413116809932	0.848311800511441
0.159667304530211	0.0974936835352284
-0.0152926302840567	0.00776717337184328
-0.111020521463219	0.0650222730176871
0.145726918010067	0.0614972111287347
-0.0686478615360603	0.0302719718428438
0.559216177610296	0.649488662256703
0.463947432491809	0.862171010013571
0.601024389113381	0.312923704598907
0.266577235459513	0.207113752808285
0.260240312247042	0.268035524389632
0.953475821730068	1.34939012944957
0.687542200711949	0.9522936482187
0.57272442487294	0.871267370880853
0.346987301157483	0.318055902823343
0.00448904539055361	0.00331046991692853
-0.182392906581676	0.145246321053242
0.501428832690671	0.427435984969148
-0.0692363812123604	0.052540488623783
-0.602793650180204	0.442362307847247
0.566734269406123	0.443222834123285
0.693977560976999	0.451014062549991
0.327929829516171	0.178513426739245
0.369533040128122	0.638581688237158
0.913609244705348	2.05028404327866
0.83071267046821	1.77184132833184
0.571873256566651	0.547079441133319
0.146824067662838	0.0691152567813018
0.775551271223773	0.602921360868652
0.287724901608962	0.224218646479759
0.019494044632633	0.0113282400566531
-0.247168553001253	0.206801527634557
0.18005200167497	0.138285772543721
-0.17549963228164	0.152885238739452
0.563562221333983	0.767992100842641
0.00238530034564574	0.00163608011638045
1.47777320383359	1.88762859686313
0.0618330881419111	0.0419425708852559
-2.35429914066964	2.0570682670503
-0.156350223016823	0.0897617221957262
-0.110509428974953	0.0436609487607031
-0.105597343137412	0.0425807284097046
0.64499280232417	0.457952335753488
1.21572203241959	1.18155921090876
-0.155785750232485	0.0888158757273777
1.00788587106552	0.94326470285761
0.384870702615937	0.173164586766607
0.641784894595426	0.580365872983087
0.977502307474083	2.67328860447097
0.987292335218482	2.69903318007039
0.152398062179095	0.0803041736151674
0.640321724999685	0.66773491322935
1.09843247824921	0.966157982058334
0.158042194723688	0.107721228353874
-0.288200414291729	0.182622810113546
1.30556053323165	1.63196734861939
0.392122447840323	0.41294326601546
0.705972821853871	0.901603449626572
0.713983335494217	0.798119748490295
0.413441935972361	0.514683349020367
0.484424233501306	0.43290619840124
-0.303396807353745	0.224882300812063
0.600056177000761	0.554506040275182
-0.253362058804482	0.126930659692631
0.611825241195763	0.661175980568041
0.298401137150398	0.193869263207216
0.140596907573201	0.0608860240648
-0.247990448466577	0.124301104528267
0.324758471389734	0.180795123240498
0.131769780715528	0.0397831026994758
-0.248892050855984	0.125306899342208
-1.30060141663037	0.607500402054919
0.904373002098824	0.763569254690914
0.823782739901097	0.871503863095519
0.174716718630988	0.147222330087404
1.24559934607102	0.852045515279632
0.646736668438425	0.440917025342393
1.08843128076155	0.809903378198782
0.292254758319508	0.20860283938189
0.162289119382646	0.123138434086507
0.183533376136612	0.297994764145801
-0.0642196773319882	0.0406452521555175
0.0287456041833755	0.0166995414548435
0.366716395442849	0.319339187526132
0.415561928105748	0.41241620521059
1.13420329101523	1.901095991417
1.1300986360776	1.3795861334114
0.429114333796104	0.430282493596088
0.726356031203061	0.88980370064616
0.75180890336448	0.820344978513245
-0.032179540567578	0.0215618414420984
-0.182289179643602	0.139426755549279
0.148207917681312	0.0833941975651104
-0.280359470918249	0.235236828709941
0.456448323943449	0.43515113802367
0.463884257855662	0.311808027156481
1.43569032439856	0.867383973607211
-0.688065029812086	0.484328230649616
0.777056530262339	0.461192879553094
-0.54121570977476	0.210238530837184
-0.805213282530688	0.529567696078735
1.7633301328651	1.35859466890935
0.643832453518255	0.455735961493834
-0.0657782654535317	0.0289302162377653
2.33039817381303	1.1600493555733
0.49528723190033	0.309527376206717
0.132811837596966	0.0630790298402102
0.673355063338325	0.59224437429925
0.902675536253271	0.772007183979126
0.431522023536275	0.310205131948436
0.441866526808797	0.316056258112702
0.787586189865273	0.46604092851878
0.839250625103815	0.7651059384095
0.383979951955764	0.172465999477642
0.633088027740433	0.573795139064278
0.160558407889684	0.111693724502352
0.332468656536678	0.561931355541459
-0.348641736070953	0.212779085241756
0.191426011607702	0.1673694887418
-0.170952393227782	0.119520235087669
0.370749782996102	0.317318243152763
0.118567592483961	0.10529391486639
1.02682706658781	1.32301718337392
0.0520026981400507	0.0333709631443898
-0.20873883348549	0.142397491208306
0.661346188257436	0.56457863057827
0.286476949285333	0.190144324058202
-0.341494260827375	0.202537036633704
-0.014851080531381	0.00755194898167182
-0.409826637020451	0.174074560774058
-0.781254420402615	0.34530592404433
-0.117155826450315	0.0463972172167984
-0.653515136282054	0.159727161117317
-0.291032783757374	0.181662784022977
-0.560917353668345	0.35754959208566
-0.0408476727230379	0.019341110342724
0.325728085098878	0.179088304085528
-0.509145885817594	0.267050252611147
-0.69279762476934	0.542408927105107
0.485571962871353	0.303759821342327
0.46517104036468	0.309871355844355
0.405350614322189	0.300705702401184
1.27050778144071	0.692959967883886
1.79792720273559	0.699424862602515
1.07247029128735	0.655216842910196
1.30510580941007	0.574633213521749
0.381013403734791	0.173132440946282
1.38352802985058	1.05158957125806
0.582210260055434	1.46171071334429
0.73132535980398	0.717895017078784
0.523297665108173	0.435517483241673
0.181142023151442	0.137771914300026
0.117089150161043	0.0944231953657177
0.529898381871908	0.634852626782307
1.34526590588166	2.0726995989776
-0.443605406360599	0.481414584075796
1.13658853517692	2.4851343053313
0.389197102189707	0.318750134677376
0.971304658736501	1.26320478381292
0.395157973246976	0.409809751714565
-0.539648861162834	0.20784789146555
-0.347813462150516	0.206885818502471
-0.408927508904891	0.287095783297188
1.43184622835253	0.479292741706694
-0.714450215312775	0.561373609991449
-0.23952205834634	0.154491692295195
0.601098536363509	0.557629075924049
-0.0451321387609796	0.02937220299173
-0.119134069127096	0.0857797188128535
-0.324460191819395	0.266054907765062
0.0196389033117057	0.0114781663253245
-0.073663238768142	0.0321947418037415
2.73193072065462	1.68050765427005
1.95296353659961	1.23515556772621
1.04913646577078	0.507645145343534
0.141818452528163	0.0684951199970843
2.11261131698013	1.4894747852763
0.35333761581784	0.177648195170176
0.377774259572111	0.31044600041702
0.281554874276128	0.203405487365618
0.11524303788959	0.156964473882556
0.531352473549894	0.303703095596599
-0.00854965233307907	0.00442752182701372
0.163664130812884	0.106490573596077
1.89344347350617	1.61928520590259
0.141810784125479	0.0674769218157348
1.09221122695353	1.47671417120899
-0.323923055027913	0.294287563929533
0.0569771554903045	0.0370625957401197
1.0887685104703	1.5597501888897
1.32981638979657	2.08564913977172
0.166524740608874	0.108584453067077
0.146905876412258	0.0827618627099235
1.32867385104653	1.36636179877661
-0.551016474749149	0.347485334261608
0.284819555452914	0.193750506317415
0.289980608547924	0.209473862673354
-0.512788919669451	0.264353917328419
0.155652730559423	0.0953715705071009
0.594073159569233	0.308887527868253
-0.998446883336653	0.498291721323971
0.924819524550708	0.242047041172073
0.631792512824605	0.574532617581443
-1.3443942861733	0.84625164938214
-0.0386592039924327	0.0184044938208858
0.500355290395861	0.312305265256538
0.595717649640713	0.453593284776907
-0.196221823459696	0.10413538930892
-0.992275985259192	0.490299812364588
1.26500243131196	0.700613656027153
0.504816499640612	0.183371631391463
1.25769058712102	0.697929531497635
0.697076242649954	0.451086854009748
-0.618264820258131	0.30054583612192
0.505057274384793	0.180318538416802
1.32756047819701	1.3673367282493
0.311377835671052	0.187907163953296
0.469751282540104	1.04381236704063
0.740176280768568	0.729442254895152
0.913421791089429	1.03205804818344
0.77594446170981	0.835436047943447
-0.0511703431626644	0.0335948566294108
1.24204414877351	0.856140034742468
1.77177412000733	2.80075665726363
0.774614551324871	0.597859652200672
0.0329256748311229	0.0190201932710725
0.823223645004181	1.32347391552119
0.912011210363851	1.3216029384477
0.185483544364396	0.181188710571895
0.308395858055028	0.380647679664862
0.476094238974337	0.528139752845422
0.309923139243857	0.186664732004961
-0.729855909953516	0.707448571909115
0.468429376108444	0.31369939542382
-0.170915049461553	0.119198710130908
0.06646671139998	0.0450213960248863
0.157563850276611	0.100725445000854
0.634778032369481	0.673961456090138
0.141168720466643	0.026788068800843
0.167258428070633	0.119912100918573
0.634031733611241	0.576576490315538
0.36365255996661	0.306746892316836
0.0969425804002714	0.0744964191679039
-0.321120012566666	0.290811096029124
-0.548269214261547	0.46821374282756
0.122893704726368	0.0514208890876651
0.431613510460781	0.175668079261446
0.427968241407764	0.171984093924236
0.594073159569233	0.308887527868253
0.140032020441038	0.0531445169702407
0.846157256672745	0.613156434287601
0.680253645004803	0.320643257971436
0.3545690385977	0.323198550072468
0.581766881027245	1.40222477616514
1.0950328679601	0.826490749768653
-0.161500660544828	0.0919229303130243
0.396690057876909	0.311984542004421
0.407262891940244	0.301898277162682
0.893898530128521	0.767668958820044
-0.796939320397746	0.433224943782156
0.169478325754241	0.125970796219525
0.953609122940204	1.5370248875188
0.123285111731503	0.111981300213899
0.976131003006541	1.73099763367413
0.117276464892371	0.133854719186269
0.476130001093453	0.6055248485063
-0.541892702283152	0.547315153470151
-0.0171702654728045	0.0135393067495649
1.22338428618447	1.3340908333758
-0.128379927027898	0.104229952244471
-0.0213412421230566	0.0142102765424759
0.134990555618092	0.0573627781226343
-0.754670103122347	0.267616103379387
-1.29645256159416	0.603706616563397
-0.328655957782435	0.151189792663394
0.0851445523360921	0.0634771895174615
-0.293396242472262	0.18682069190517
-0.0958928119259072	0.0596228229967838
0.812555647230004	0.947892463018437
-0.37373542401889	0.110004299970677
-0.203734164937274	0.139136877732521
0.285361903017838	0.212421484375376
0.837421588007464	0.767596222743759
-0.229226110271228	0.146375212904343
-0.205134494878422	0.161150069954785
1.61547241956529	2.05812078597197
0.845528727356151	0.619861005049902
1.94781279643874	1.23779994653681
1.35317157422902	1.24235047035657
0.882727834977283	1.0008615970881
0.552531274189574	0.538487718127635
0.644162337096265	0.686867226084902
0.591162929805489	1.49562635811356
0.900693109076343	0.776047709542824
0.143711023952806	0.076256849257087
0.903119405154121	1.11513926177974
-0.159380399718482	0.140126437076942
0.505733473420478	0.612324073033741
0.928795324308969	1.57603251927276
0.658461827531609	1.10643162764332
0.677102962405653	0.854489492464401
-1.14726085783788	1.81398666693431
0.44546723045603	0.525785409480911
-0.253825359941496	0.128742598552451
0.663803736676539	0.689847736475899
0.298157658358962	0.189264789001174
-0.804160457823252	0.62579382302567
-1.04895682546004	0.430951643107204
0.136279801563126	0.0462244546206811
0.144164268993008	0.0767049768470646
0.329719186581707	0.177639354651375
0.270514035544983	0.211006239555707
1.56148429212004	2.15170097806718
0.133269655210264	0.0514052505492531
0.0674115121485204	0.0457512543280345
0.607652739617508	0.567001763322872
-0.0610519325163124	0.038483818182767
0.0357176104492289	0.0220483294613925
0.172777133433565	0.148572373302081
0.886692009957726	0.471294358351937
1.30930772219347	0.578363663392743
0.630922387753158	0.669971025246783
0.652592391183148	0.687795861191288
0.376773624215101	0.320275348600966
0.962357688322032	2.75646080397
0.365905026114869	0.320642605011945
0.599978310946378	0.456004592897964
0.782777380318342	0.613625868477384
-0.121808708728484	0.0725663070523701
1.17999732690761	2.2374922962363
0.651479397294165	0.846005836659688
1.00472818260427	1.76424718151985
0.332980790910404	0.516268757111641
0.607869124243266	0.760747578205229
0.248963226530725	0.280703445361063
-0.0506235820510476	0.0384166010820896
-0.156861469634754	0.0900493908411425
0.945067214061431	1.15013020670413
0.136536751098384	0.0588145613661722
-0.17522360789975	0.122162609808963
-0.413890422349436	0.289039228830879
0.510255002682089	0.545379211985862
0.487002632013069	0.43468313987965
-0.0883029894991561	0.065520345320634
0.170059961639604	0.119822921692494
-0.0942839327859577	0.0576412463143102
0.423031038368969	0.424244658143194
0.504822188982883	0.184110918199219
1.30651499432768	0.576631348210832
0.590422718505613	0.309222451025888
0.950752692865515	0.912778932383502
1.15986455504232	1.64408429360768
0.941063543571005	0.918486301875816
0.158830780327248	0.0974619271323369
0.16110674891284	0.0900881569587806
0.277465109605357	0.205398002857931
0.706482635356402	0.974372777356365
0.639023893483249	0.772436017017085
-0.000177334101098565	0.00027205421433666
0.660879852326605	1.34235894401486
-0.223208643781064	0.222865759556947
-0.301087893173313	0.307943670436176
0.327273998962104	0.319020721112408
0.601714419582962	0.550857884248541
0.152850442357781	0.0803410010937357
-0.00674244720091887	0.00351028922075527
0.127549585831426	0.0385072991721353
-0.808923533787691	0.432464400483598
0.480475465537109	0.431062394238434
0.329646457848539	0.182509017059594
0.553439082072195	0.433234298520065
0.60554184578816	0.659777007215718
0.372630505237567	0.319677403357753
0.601462564738852	0.562257109867036
0.610479418978679	0.665715943418309
-0.254194709720218	0.21196037464269
0.399002903858698	0.308448246043368
0.329278601080116	0.178388104182003
0.637110020884382	0.202981575807905
0.354089691543865	0.174657786580205
0.380640862153908	0.171894154360853
-0.157295011868478	0.0906171743934846
-0.19631413536722	0.106338086775576
0.635486881020555	0.435505757250166
1.23482861180375	1.33399488589052
0.779300172924081	0.730378249918845
0.55816734355949	0.445906059009135
0.259862797346494	0.216161567887523
0.86576098540684	1.45078093271464
0.31358710227251	0.347947993292383
0.610025645793124	0.828778430535723
0.437928925769714	0.735787944839396
0.427641352061866	0.509758360792944
0.103862769059652	0.101262816620904
1.43948488548999	2.18026950966133
-0.352143831249254	0.21265925292191
0.42943762353344	0.322837649897984
0.77751384945099	0.60886108567264
-0.416646943731306	0.238040746846936
0.596468791110989	0.314139878149124
0.593041824129712	0.306755362254923
0.799821312383683	0.341077504348771
0.579086456574483	0.555737774831321
0.903340372034214	0.787383291804919
0.270978379000874	0.221410420891984
0.0266779637335608	0.0198109906802164
0.513642688424917	0.441374673785224
-1.19198326152518	1.47568705541083
0.154072540186945	0.0948051640950823
-0.164543793055548	0.0586329512715392
0.929670085417592	0.244778423912617
-0.328655957782435	0.151189792663394
2.01465823997855	1.83206819748817
0.466160474540104	0.432433713003311
0.91494880205051	1.01968931890111
0.285468402989534	0.194834966609971
0.31320015522126	0.187866154000202
0.150445589786511	0.0865676012748487
2.01505389369035	1.88563121881491
0.297457719032051	0.193330328852088
0.669518107816538	1.11991966393716
0.465918349578135	0.603604660420353
0.885370565867065	1.63212041641219
0.176236632268796	0.217354817829015
1.01472245970224	1.58478349491991
-0.153371188132369	0.133711717463435
0.620483349493102	0.764343215000578
0.00638165712825081	0.00344558380350269
-0.125728903436156	0.0912461965188951
-0.355975885781705	0.257988606943527
0.427641985679229	0.173876127392907
0.435780260910776	0.169669474385145
0.695321070931897	0.45035825414466
1.38481707214003	1.05028451586704
0.785899265670193	0.610767401320705
0.161985716002232	0.0992223327541595
1.52668815893173	1.82810928047347
-0.116905365539003	0.0847027606844134
0.745892427521368	0.823923524039864
0.774175889325576	0.595368399922247
0.12936870254168	0.0498457012976766
-0.371195854454092	0.109335251451445
0.130755305563244	0.0449465396920763
-0.294581592897708	0.187151499230166
0.685665008288481	0.318225235311588
0.139119911680243	0.066300203204063
0.0204827967108419	0.011984824831476
0.0101362833589075	0.00547538149282538
0.633936431792819	0.577421980105001
0.326133769412994	0.181848147179863
1.26106194161776	0.705565073472897
-0.126932052638595	0.0755262346750835
0.713303948152014	0.80646689053483
0.825465344563084	1.33574012577304
0.116393597366694	0.0998512707092538
-0.0847211919650575	0.0712471076092044
0.804958507142143	1.61568934644265
0.195702712732048	0.191976339364355
-0.356321851119993	0.390950642515494
1.06536123007	1.55250164749698
1.56927021224517	1.68358333851238
0.360428820154972	0.315430747071185
0.772469023898025	0.60586814364929
0.131862437265532	0.0444017246598751
0.375904753812778	0.169595391952458
0.500618029906439	0.182017934068643
0.516901379144747	0.540353807838599
0.0758843045651053	0.0550533887320107
-0.809148284964322	0.682989009509379
0.45811686085833	0.306341549708949
0.641431038909059	0.206705899790905
1.55505312572491	0.792542427995745
0.133502874099665	0.0402503094723903
2.74438259751335	0.780038400688451
0.388190950288828	0.174937886372795
0.131531340806028	0.0393848494794365
0.133269655210264	0.0514052505492531
0.543460719663066	0.307442717984786
0.142698404858563	0.0359575700897484
0.328419520333379	0.181440187034217
0.473620687405959	0.415609151117846
1.95353324261769	1.21822507501606
-0.413546460700209	0.238077546638669
0.411743583403708	0.311828754402562
0.876181679412881	0.892625222641307
0.529651596103732	0.438232606403797
0.532212964418239	0.30393432003792
0.289221733532922	0.180516681326648
0.911368393202226	1.02216753639593
-0.405792345974263	0.516983295410173
0.457372771355059	0.629211268601961
0.970138770068642	1.92456891019099
0.203508120234578	0.259641251329863
0.583519896771917	0.824849277748692
0.453538739828257	0.624282334351788
0.251341185623567	0.268800384543904
0.542133423097338	0.519802079625202
0.0682016642896494	0.0475495327457632
0.769794171336761	0.598868499717307
-0.690883755726261	0.47972257565036
1.22830284806689	1.02790298376684
1.22682170632422	1.18960807078974
0.346767753808622	0.172335200078281
0.254788917760094	0.23908428884466
1.06599539178087	1.21491515805153
1.48286328621387	2.31917353245491
0.811393850009719	0.940762312985868
0.634031733611241	0.576576490315538
-0.028122736629909	0.0189125104964632
-0.255489835108363	0.235968005860673
-0.367627559642387	0.300304573541414
0.14489639698021	0.0753317637806761
0.680488477207871	0.322481729208535
0.643136206123884	0.4491315047338
0.774069109968053	0.594481962018387
1.79262476035013	0.701086338174517
-1.05641759938025	0.421965324363665
1.01254068844739	0.386785712184281
0.890165402719589	0.47976520457601
0.775470259546501	0.613932222760674
0.64946034021741	0.444830057737712
0.343368055618194	0.320034290175191
0.166580367591911	0.122399890715901
0.493076914582747	0.305452435578137
1.26386413265195	0.689451303063835
0.58751639631425	0.305409320818934
0.792797594403344	0.330411292189234
0.886494783924782	0.478709653891414
-0.0394720501762254	0.0186838937986668
0.485367943683346	0.303633595535867
-0.0717945995309036	0.0314979739199441
0.314125502239152	0.188545188893664
0.202401071896342	0.1959754649228
0.81579838227003	1.22246859327614
0.960265192479121	1.73757485992269
0.182546911165096	0.241302394866488
0.611018348396748	0.839098895866944
-0.130801314955241	0.132625149122459
-0.170151810857153	0.147810932351366
-0.40948446286418	0.174346422488273
0.829810183718409	0.752365284076462
0.674997407380015	0.58427278776925
0.559247702745091	0.444042528397555
2.08924618973395	0.946370198374706
1.43954895388341	0.892005125985514
0.130241163091154	0.0445767266602944
0.279427433780104	0.220011070988808
0.518861234842068	0.427111005066882
-0.288776806615788	0.264623348427925
0.647709842558671	0.687814714317026
0.833432893102912	0.869780613915094
0.407945876678059	0.308391354959436
0.172452971007457	0.126571652895469
0.835597117587147	0.878157066457574
0.450909575351097	0.319687116067931
1.07799861776766	0.652159506172913
-0.40327400408062	0.167869715287407
0.926974875419701	0.246284209674963
1.05131166712168	0.51832133916075
0.792153107529095	0.44963921398418
0.139847419253076	0.0352678773972538
0.804306426214091	0.344854975606889
0.383970873834602	0.174549965674074
1.5140774178377	1.7345970986361
-0.564147213790741	0.510241837201043
0.725935540177788	0.603660662186321
0.134986889048387	0.0462856031126629
0.137369051590903	0.0524848369383123
2.08751153945252	0.940460252577583
1.79362133056664	0.692742298099508
3.25318829374075	1.10976895754928
0.930671315320304	0.244899140334393
1.43073453209697	0.465378566229971
1.43184622835253	0.479292741706694
0.141278747962765	0.0539349256568032
0.146475083163251	0.077722705900042
0.347385936936218	0.174479758000343
-0.328655957782435	0.151189792663394
1.38575736895464	1.06581524493349
0.135959557476312	0.0591233564490453
1.11996636008011	1.15039222047795
0.175041991183435	0.161507344896962
0.545924746801499	0.707549168014289
0.94763135794738	1.97745693077054
0.239204881266736	0.381478109033642
0.71665679544074	1.38569972245922
0.449934255961079	0.58135502218399
0.981822283082989	0.779938596413
0.52819807346163	0.440668106443131
0.426490835136737	0.299326328083214
0.888929316902316	0.482039032636972
1.54967460389708	0.771811008207858
0.772376642714229	0.599022040881382
-0.369504231805591	0.107567671934274
1.12053993583318	1.72404622412246
1.12157247338094	1.13411857915626
0.994139949960896	1.17165904411757
0.940690491839736	1.34475357062357
0.45063267616227	0.429437041783819
0.322209078044593	0.177014665387425
-0.521852708587189	0.394972231021011
-0.0785077542225259	0.0584438626166367
0.250648794283391	0.219063320446323
0.798423593699664	0.844926020642605
-0.781853517352016	0.344997662820348
0.426393633919265	0.172449504151539
2.54392701202772	1.43286733070967
-0.656806548286233	0.385818172180513
-0.396940290208239	0.162304664820958
0.926329332609966	0.245803896301602
0.139847419253076	0.0352678773972538
0.512563159935744	0.531999652505516
0.936371824790363	0.908840973429647
0.587952030276387	0.304198905455753
1.43184622835253	0.479292741706694
0.138547275345784	0.0347818496624983
0.929670085417592	0.244778423912617
0.141666634051722	0.0357514933011427
1.31431069152515	0.557909347875134
-0.618264820258131	0.30054583612192
1.55083342835739	0.786182588324621
0.595017269512553	0.444634910891678
-0.240229628086566	0.0794522230625189
0.461858351235175	0.314097252304022
1.76013150647469	0.990916540029876
0.978441143829042	0.797615416890448
0.00624366580457882	0.00472638163734884
0.392712620306053	0.501609805297493
0.567689195529048	0.826319596512053
0.505040589023146	1.1743322146256
0.338666572303692	0.479651662830099
-0.146150813461731	0.155289773547462
0.421244139125501	0.316337053347723
0.0367735836189612	0.0224941136336973
1.43986490232972	0.888449033583722
1.26589993465351	0.703437772864315
1.04583648452838	0.508894212269112
1.01352383527603	0.385779054090432
0.121573137052779	0.0410393732434389
-1.17108714600837	0.35581246469474
-0.372967191440885	0.109879462987979
-0.109269027855684	0.0797175152672179
0.715513076156302	0.454598447817359
0.429724071355976	0.430118308137624
0.657153004968259	0.776225479656813
-0.27577950867936	0.230109682557622
0.629908440127527	0.569379614489843
-0.119751847994376	0.0860437398896931
-0.449417247262562	0.490574297937015
0.730906848904795	0.718701473871693
2.55418186188466	1.39805780882684
-1.8471013721322	0.774661148617268
1.42719460355007	0.477448564652232
-1.1600126841405	0.35529503686347
1.07200074219388	0.66067778972448
-0.648677249821696	0.158587087101144
-0.749758417812177	0.262810020338643
0.355166934835866	0.177696998499278
0.379938469527123	0.170361547493074
0.788089446830605	1.03695650640151
-0.0110823631963692	0.00763455479129294
-0.0341626483879217	0.0162273163925512
-0.31936962865774	0.145901390745064
0.141938162059784	0.0354191252721787
1.01179148986041	0.390812379931115
0.50506436121652	0.18151153914028
1.95256933090985	0.464168557061862
2.7489176254429	0.781882431670721
1.76409178863283	1.00871452403416
0.132517398019614	0.0400248322660559
2.89471293306798	1.95054408251006
2.62543298548253	2.5447273633871
0.943335698087294	0.634661967069497
-0.166688941071522	0.0948886892354469
-0.308986196759547	0.138553840042259
-0.939754488931762	0.692975305117052
0.987153045940859	1.92430240763508
0.824166958977216	1.41491870962878
0.724969353719532	1.99292618191766
0.134026146998825	0.169313583289793
0.471668458082292	0.526860391554209
0.390774298609819	0.318401043830479
-0.371963944093828	0.110621992809151
0.138547275345784	0.0347818496624983
1.01080793058073	0.389781480211188
0.927971507294548	0.243537608899139
2.72333948075199	1.66680155113763
0.503876995607107	0.183480745946702
-3.09343711568729	0.972052225554497
-0.0497288111487024	0.0373775457521552
0.820893859402859	0.86047786731249
1.05627328241129	0.601128719438681
0.00336497316163182	0.00229850551904177
0.0991133544953662	0.0794807067997716
0.906961560911584	1.11070155787779
0.0670387650180258	0.0450983623292839
-0.361604888386951	0.325915395146372
-0.0218022985612073	0.0145879504236506
1.047016010608	0.51327505140288
0.138169594891086	0.0265198668009027
0.504338022226436	0.180177455072905
0.886149098729338	0.47655884135074
-0.419660150651031	0.237653860789257
0.641203436908402	0.204828865510354
1.43472489627474	0.470301214618162
0.424522203287792	0.170673896887327
0.907236745506264	1.01959656170641
-0.73828788908424	0.864329933007155
0.390679501673406	0.305082045808595
1.44306309372853	0.899952167138894
0.80404554339976	0.344481245407227
1.79393121355608	0.700241743161792
-0.373283661399062	0.108870255273452
4.16624218889061	1.99033259633092
-0.326460733393287	0.149269896947964
0.463022116865296	0.311494551767299
1.10626646334058	0.985884567745953
0.362872266601018	0.31645230953218
0.152359903075909	0.0928746339575428
0.469354985083604	0.315291205427292
1.11595855529287	1.11531856898141
0.170799610223746	0.122829421864528
0.434211321201918	0.579588785533487
0.976203884423429	2.0568765477803
0.768838650465829	1.42120435531899
0.823239777195669	1.07164592623522
0.864261780271507	0.614919154610054
1.04271631472557	0.504331748851887
0.121585896090245	0.0359237947111579
-0.649677393302236	0.159121336474823
-0.536598984622011	0.209038089032502
-0.375278197967961	0.109168764094764
0.140605369101782	0.0351308802058006
-0.37705103334154	0.111772840936855
-0.249087779716609	0.0821262723446787
0.172076348429924	0.128744872120123
0.77298182490743	0.719744427976943
0.349558141699236	0.320131659897083
0.773504854791006	0.91504923916337
0.461318176378142	0.523837561596726
0.0964910009583442	0.0732736112005159
0.346760681857133	0.324594458469441
0.0363228056288156	0.028037283231891
0.326078294158152	0.318106799896718
0.37007662096436	0.315208604231727
-0.799109388468008	0.439121893922092
0.132731185008627	0.0569814418207354
-2.30850769043617	1.17884985271983
0.430700215324852	0.175008159531737
0.347788648560509	0.175920613301097
-0.409826637020451	0.174074560774058
-0.164988899854355	0.0605952762512714
0.137947030958258	0.0592439737071219
0.135113114098101	0.0637943999941216
0.540734935771451	0.312138642406066
0.395172317925142	0.476848783890499
0.0087503432136435	0.00588666795105697
-0.209960154355925	0.112465531620635
0.878792962431187	0.461579165970566
1.30329792200309	0.552015150473226
1.55570247218897	0.782855365464993
1.95576780312925	1.20023898652328
0.727630206894249	0.706350992842132
-0.114138019828888	0.0451564301757125
-0.413877663394331	0.23090317146288
0.347827931837689	0.173595277747051
1.22526854075236	1.34026935825094
0.886850581301755	0.481641910239333
0.606679952790896	0.570734184325371
0.608770118721227	0.923421629916989
0.408824065681081	0.500148250012951
0.640327927997844	0.202105416098505
0.131531340806028	0.0393848494794365
1.30745495657921	0.576594767890921
3.25139583150282	1.09209130025117
3.62062366405083	1.43326252584705
1.7999374187146	0.711558267279855
0.641203436908402	0.204828865510354
0.021820468747881	0.0155941231493727
-0.0177352147206779	0.0119012914296242
0.712164995544464	0.587846209809554
-0.293204827712334	0.18605496187446
1.01754702907708	0.959581534227148
0.0591260694668648	0.0485679470691855
-0.0124712555561815	0.00856746742381888
-1.0004820153724	0.496349778320337
-3.09280325935961	0.972693856185307
-0.322487995084837	0.149671453875806
2.89313536864668	1.96082093674868
-1.16976084527829	1.02333544517087
1.014729443048	0.384082142894649
-0.252497309022547	0.128271921232759
1.098992515876	0.825315564677512
0.886311882815399	0.481039165319114
0.898077455229408	0.777791862587513
1.35284162756389	1.23850560114779
0.732605751808923	0.910310865103488
0.15737258498219	0.101577557093757
1.31257995876876	0.571687396911784
-1.04921291121102	0.426520143491694
0.926329332609966	0.245803896301602
1.95338582999428	0.463576578510391
0.292969975624467	0.579689474545061
0.0344591850640015	0.049660625424848
0.118027866035641	0.148876014871442
0.122091660409677	0.159822632665442
0.15711156160431	0.190712476772591
0.121548339341511	0.122438448509401
-0.0215799476103454	0.0187862418958907
0.149143390694601	0.166567546802006
-0.120230606511212	0.115812545159298
0.265008833270162	0.246373301169826
0.19082943670753	0.179206750463939
0.408602990201116	0.416537067229258
0.374895931568701	0.326530143495145
0.981401874524088	1.84735166082573
0.84597491947217	0.621650223736444
-0.246744187489769	0.0819875861942725
0.556289246824304	0.433638584666594
0.141666634051722	0.0357514933011427
-0.116537187371047	0.0468346895783988
-0.342556157188822	0.206503747966475
0.51950152217607	0.427146840430826
1.37902086262277	1.03446690705352
2.26398731129222	1.72803217506527
1.24066013245203	0.852561263655785
0.271467371203264	0.213511627322552
-0.233867768347349	0.180491630885502
0.354583008775555	0.176865912483532
-1.34259649109034	0.855298146079964
-0.109826656577751	0.044177657424481
0.159027389781537	0.0981397004997152
0.0322886239837685	0.0184102790959818
0.137432365546475	0.0592370194345653
0.272003542981107	0.204267801794477
0.493149689622075	0.310582933164142
0.712890737055826	0.447133072132431
0.650568826527306	0.456770460914103
0.00012982068520985	0.000105077006291811
-0.0935761822678126	0.0683663194467366
1.30675103647863	0.583158549436276
1.2571483667668	0.700646344545551
0.313573374059908	2.55741562291006
0.618418879117531	6.09506677276424
0.515243980656898	3.13964830090892
0.0824993859620115	0.167979589169865
0.373212879965443	1.12093923076874
0.00955561719659173	0.0159657475184377
0.143498199620031	0.25334960063006
-0.175956555658972	0.208992997570255
-0.116731294720109	0.119091922678046
0.31000382409542	0.187194380479613
-0.248415295364859	0.125213674061896
-1.36726455214173	1.58069896276754
-1.19964038396983	1.24967772953836
-1.04159810414275	1.17208920002827
-0.898665785264053	0.8272204913504
0.18345825964322	0.147401879653983
1.05724050906746	0.50252966087584
2.74438259751335	0.780038400688451
0.508781691198075	0.185680235788344
0.138618353811657	0.0265211219118666
0.428825611450252	0.174366674929911
-0.247130180769837	0.122829451334377
-0.751489371171384	0.263470647301652
-0.804288206510806	0.529227027260296
-0.813072611552202	0.540073840649028
-0.0363925778427884	0.0173730972620029
-1.91645468723236	2.30605506852359
0.133639114891547	0.062913422297805
-0.199079406360981	0.135037048815218
0.637376941569628	0.448129699073856
-1.84719441224145	1.68403869384945
-0.0670132372206018	0.0428502692078387
0.884536106095431	0.47752815522574
0.320832889750077	0.176435395580783
0.133246928349518	0.0632300593142507
0.351948363377535	0.177489465865794
1.26476272355201	0.692180742627742
0.241253191793593	1.87251516391837
0.368127841256661	3.06225759770431
0.334446841354648	1.62486521271085
0.243688705944917	0.927019876228533
0.314935401762043	1.14448759386764
0.0108123010811676	0.0209025328579625
-0.080678504990889	0.156905991934252
0.104939182561958	0.238801567115024
0.277513062599815	0.701368017811181
0.129389532182223	0.233954871448354
0.242044286632848	0.387313398579625
-0.160232465558256	0.141282525611179
0.0802630285755267	0.0723962823463084
-0.332093881331507	0.302700177051461
0.177664856968605	0.141584538817225
0.177121641470185	0.141362178407302
0.414335758410292	0.411491213244842
-0.645233907413759	0.583093608619499
-0.728802197964341	0.744844202236126
-1.08175732306314	1.13897107253561
-0.30694873754251	0.227346357472387
1.26106194161776	0.705565073472897
2.39340396583037	1.99681515568751
0.643116964490613	0.200929236084753
2.33554117606807	1.18577064905826
0.641431038909059	0.206705899790905
1.76841039542078	1.00207926786404
-0.121555251344282	0.0721900481295883
2.11591695942925	1.48514015579634
-0.256965128406459	0.12975479626718
0.34729488988748	0.175578462655389
0.520703565758884	0.444514598167209
-0.47302247472999	0.317116356820102
-0.620802586401635	0.515656482301599
0.0260935313055978	0.0199447593468349
-0.471526178005287	0.316217411269569
-0.0704022569552877	0.0308662437822223
0.233058527539924	1.8423569053009
0.155946670850639	0.779952440946424
0.307411604614285	1.66769310495927
0.195190325805389	0.697223372071666
-0.0631928272533957	0.164030911145262
-0.342818158296362	1.23425161673095
-0.1138969902447	0.293218535626704
-0.0128802270184021	0.0252432413656826
-0.249558119308142	0.683873450478311
0.300316691961563	0.335324095523209
-0.09259169219235	0.0679030182980126
-0.0452120781381529	0.0347261434464973
-0.361362350978249	0.350100382803126
-0.0486312364983496	0.0371446076731159
-0.833709882178649	1.27506258142667
0.556568386227321	0.647377232354682
-0.0760558006680158	0.0567302698333497
-0.39011767301882	0.375468895000981
1.01142758273919	1.28129987682739
0.132755613913402	0.0400087413766842
-0.166516172230199	0.0610465571450152
1.4300525619712	0.473890200865325
0.380993367374908	0.171043311814385
1.3084778580631	1.51152644033536
-0.162884309300249	0.0591268591050108
-0.161323141410888	0.0593428238464744
-0.701399996895047	0.569019395187878
0.14783622422831	0.0898156685763775
0.278862223373754	0.217575071150185
-0.265276764200153	0.199345838118867
0.299665482734129	0.192376307940265
1.22663373683449	1.34053088692157
0.781138095742551	0.93951853266274
0.350558945674384	0.176223031181432
-0.160699609196631	0.0917881273419421
0.305358360835187	0.196351891443382
0.265251128730265	0.2063712392414
0.26722369909747	2.05798469493536
0.220341502616829	1.22703881385305
0.117987069763032	0.375209491120706
0.15907472708738	0.490459699840922
-0.245034175992061	0.758823642261095
-0.0240308657546632	0.0478247693074278
-0.0765624397472025	0.160522364304245
-0.122735142020253	0.259961568918818
-0.232992384824771	0.535093579029098
0.523294632632824	1.48636804714078
0.24470014038702	0.46810166061875
0.0104864092956426	0.0138183289161491
-0.112309131100146	0.164051555972279
-0.0285928261550653	0.018974991648787
0.0704626186342038	0.0473578724038455
0.0966224125195372	0.0754531840344185
0.336883006151971	0.339141291231765
0.68875749040173	0.955312050288927
-1.25462245516188	1.80375973740643
0.188897926379238	0.155973460280652
0.263701445677352	0.221308693812628
-0.43896526024892	0.387311362597514
0.0576983950754454	0.0470024341403207
0.0232916607452787	0.0178732320159866
0.481963769771731	0.432206820318751
0.162350005364392	0.104361943130451
1.8007131844382	0.713314573443425
0.503876995607107	0.183480745946702
-0.626474205238422	0.302621101688347
-0.118050809859546	0.0469293624388148
-1.05549621738149	0.423799010194163
0.133158803705053	0.0453642825734633
0.389264509698667	0.174997942335599
-1.03003854294961	0.927283459021576
-0.201921660559726	0.108709508242403
0.303904083917502	0.196043187670835
-0.296389285197612	0.188794396332251
-1.60891329955518	1.20868182463446
0.494526534933114	0.311029568610986
-0.0229112208292061	0.0114357621179769
0.28647039447001	0.190807078843794
0.887383441664308	0.478972445956347
0.951390537230287	0.634431290892268
0.100391278826854	0.523491137434572
0.117484543998492	0.49905964332726
0.0634219793461345	0.194847435633697
0.02444400095995	0.0579638981375395
0.0247184463837176	0.0558685618127484
0.00378424725581836	0.00754269507043681
-0.035532537811953	0.0701507691292621
-0.055632430529933	0.103729679514105
-0.203972096286928	0.406586375376266
0.263883881305259	0.601734022506343
0.0685491614859155	0.101320539052373
0.0123232741730702	0.0151188115502395
0.136639382869622	0.218795248596066
-0.454107266682819	0.461467808508377
-0.123738206902271	0.100046785718907
-0.0928541843227581	0.0830082790463607
0.40885540112836	0.323543016173694
-0.148866679056186	0.129741943993266
-0.186144698047707	0.15847818661877
0.011770833879864	0.00851615924704556
0.652977844429819	0.764895121620669
-0.428114994503078	0.437250787149867
0.0232004856339461	0.0173513743008628
0.0132517922159776	0.00705869365324413
0.927971507294548	0.243537608899139
1.95338582999428	0.463576578510391
0.129576970372072	0.0440312204196401
1.0157137322373	0.387976380499905
0.634640158611538	0.445695993034535
1.43499437670553	0.469713899049653
-0.991555896170336	0.495824086494421
0.145704810606388	0.0821143765395484
0.165762885963341	0.113446620436396
-0.91373664676128	0.775125418316662
-1.00956928893529	1.18780575438908
0.503400237931686	0.437986883798667
0.287482941637705	0.197167663500149
1.11125066023752	0.976431210677585
0.150075218489633	0.0912430191161489
0.139486703267534	0.0671298388618181
0.25065199904476	0.205242163572439
-0.72463364639814	0.709833437463146
0.151956546641716	0.0874836900056132
0.153405415333991	0.0883240494552773
0.323513724185051	0.178077247217113
-0.004702126419102	0.00224803108808396
0.775804927293113	0.738716527988954
0.0969822164923342	0.50261107453475
0.185294815510498	1.04254970178468
0.0689565000112475	0.210298351214337
-0.0132003300234606	0.0330129510350128
0.0436736814844832	0.106600231315331
0.179216279503647	0.488386801030215
-0.0381912149074033	0.0714682243578934
0.437068409224825	1.299206825107
0.0721964185119064	0.119608369089906
-0.146406124122428	0.235926116391881
-0.314520162290393	0.616038586072513
-0.0456084656517287	0.0631182215866795
0.603440707906552	1.6077528393355
0.323264943066049	0.310508980263511
-0.399686060930385	0.349797836368691
0.830366873119194	0.968033983505574
-0.017836142898218	0.014076427128227
0.0514534333045698	0.040711166907847
-0.169351071788708	0.16164913106598
0.0989473422930577	0.0772444847530637
0.33527621743262	0.343358410426801
-0.113414136238156	0.0929350153944506
-1.4327298600649	1.93124914072587
-0.517060030609217	0.556077849456728
0.360353128707021	0.315209314195895
-0.734308286805794	0.861851815964968
0.636138126100046	0.580789897197576
0.109213598313838	0.086095855235252
1.95338582999428	0.463576578510391
-0.244439790893105	0.0807612783384271
-0.649677393302236	0.159121336474823
-0.0896189562942191	0.0552130065855702
0.352349666304454	0.178009324678032
0.140596907573201	0.0608860240648
0.800989673487252	0.342067986972423
-0.610675761034723	0.644322812521312
0.300485781615894	0.205117173090416
0.776112391313509	0.464788700451395
-0.874527076826814	0.853808572030102
-0.939715967731006	0.688838916576972
0.291495229679928	0.198604459409406
-0.486219705471065	0.323668748062641
-0.662339606923988	0.391371871977808
0.693946742857247	0.448396242516569
-1.50800107104638	1.92834910044233
1.31191403007267	1.54365869886428
0.470225603032731	0.316256704041347
-0.0390265250659594	0.0184368162236364
0.979912538207481	0.771649994126471
0.500201338945726	0.311926132752313
0.304437766158155	0.181656955174336
0.168126348087144	0.123657892202139
0.14535047569401	0.075821575079955
1.00995938157061	0.928754824442749
0.0404170356850828	0.0255676483334941
0.128056404333886	0.757961104922936
-0.0128262847606711	0.0425604126310222
0.242373547263661	1.22314163183588
0.19325233209708	0.722489543477497
0.199446146226755	0.628385834087182
0.118676566736308	0.271038356835078
0.0817027824137528	0.148787761914834
-0.04032102257047	0.0682863075187412
0.210890257513179	0.422916472441966
0.552667893239382	1.35390116312804
0.16501435999906	0.299548876348089
-0.358357830732846	0.681524542968262
0.277248811432543	0.271509522653454
-0.120056765602162	0.0866935989158116
-1.15279665101082	2.03607265400937
0.463828103120097	0.523795176845601
0.0375010418445035	0.033431329267401
0.0905385192588048	0.0853367248233039
0.261556344173493	0.231066771118339
-0.220486210352344	0.188722126032406
0.424075291880898	0.407815663686613
0.0844014053775806	0.0606515960840157
0.346966999848811	0.320315348363208
0.397482208294664	0.413321739891853
-0.301265058902829	0.274750115537804
0.177207988782765	0.139311604639715
0.463335522001384	0.527370772410284
-0.004481756218048	0.00358490025649601
0.718654243483873	0.670758374361548
-0.271988900892785	0.251423407907656
-0.123404169900318	0.0902497187549753
-0.539141792201319	0.61553095461565
3.91752706378917	1.7353819299003
0.799427554875135	0.337387398836876
2.74531503858304	0.788587032684406
-0.650959635012338	0.159168476600347
1.44583605711663	0.910864209091877
-0.616462755634002	0.294756124782698
1.0553229946409	0.515398954440857
-0.670479858130529	0.395148903674275
0.153405415333991	0.0883240494552773
-0.0486805310896806	0.031596179922767
0.728992025106399	0.709070403106004
0.288548785801538	0.207414160339828
-0.357519172328224	0.293573950704424
-0.444932320331735	0.344280215865796
-0.710211726021497	0.636974575260451
0.474971977923148	0.419163461856397
-0.308027487718253	0.229503263135781
0.39206866720766	0.31113974513565
-0.349238293651444	0.251728888008695
0.593846922900973	0.44442019931053
0.883215233790346	0.907015069544854
0.560020755290606	0.449944983450346
-0.241828393585265	0.158165338424615
-0.983478859865894	0.95538231902842
-0.397084052563803	0.315828947849749
0.291752271036611	0.200036983549224
-0.572116721786222	0.529311876711116
0.530242039959071	0.445174500039181
0.305568399615575	0.198435547802835
0.409849778362865	0.309389933540314
-0.141461436297895	0.100770510249886
0.180912586183953	1.20447655342306
0.238390978816718	1.47419899645206
-0.0807120192082267	0.234484463724701
0.019759368823222	0.0411037793883087
0.110146770325136	0.238950899980396
0.0571821407447065	0.096739225537757
0.357419716580751	0.790341093288744
0.0053070511414821	0.00695565805605893
-0.289752770986274	0.465041764392415
0.229938961402318	0.409824797931274
-0.339014928304566	0.575921578240967
0.13688697487138	0.192649340433894
0.346238780021941	0.501743332605994
0.42678512046122	0.521133517721447
-0.379872488060526	0.438310577311363
-1.64435710370252	2.32086791280735
0.302602860821202	0.374415765318631
0.34095131203795	0.333780280225326
-0.580326211476019	0.678957614170351
-0.0279228407694556	0.0186792693037878
-0.657010233411488	0.650006954068825
-0.150858862002647	0.0859357555751468
-0.0662654069876956	0.0501107718707428
-1.18215058799987	1.47879459555733
-0.403014676600599	0.382652407582156
-0.801604997503627	0.772111152224297
0.191833585463483	0.163765313357144
-0.351316479998186	0.314037625105891
-0.042756312343195	0.0363934666643926
-0.555905650865692	0.346390726995844
-0.690130469057588	0.490863309485925
-0.798717493560807	0.437335350990776
0.844305868667074	0.611700218820421
2.7462498006239	0.778261278020301
-0.417482541708362	0.238868714669652
0.942434967533836	0.633281111646797
-0.255016408229096	0.189199419470223
0.149941854003202	0.0911473660741078
0.533958913969369	0.30758159350057
-1.35991020950241	1.34795250101625
-0.613435600030723	0.497017741598996
-0.967523348779938	0.593498408676453
-0.192982156419048	0.103567582739564
-0.655552391815352	0.650049206657522
-0.475127876838826	0.322772395581886
-0.124344648708395	0.0750525792537637
0.598248835672747	0.307587080795581
0.287489972661015	0.20798606106943
-0.15097873466736	0.0844955881741475
-0.20522889525641	0.111009843380495
-0.809902390467942	0.627628406759498
0.833496793124436	0.962781810690083
-0.052659779018626	0.0339894615669489
0.27170045209684	0.217064432245022
-0.23855067939639	0.184168508547277
0.460918696203651	0.313935212806551
-0.344448547396396	0.210884042349458
0.597901476120916	0.449564643894414
-0.903247581431088	0.850730630023949
-1.12563171839474	1.33484371973332
-0.657757680202514	0.390314772988173
0.00232799262905385	0.00136630248243418
0.139579653882622	0.0665007318140886
-0.155708699027695	0.0895350781456796
-0.0441870683107518	0.0289135755310185
0.159674884016919	0.990678519179915
0.226751746484139	1.35328343125624
0.129115492156313	0.427689821483903
0.118619072359003	0.325221487953705
-0.0196582884121426	0.0358550457001436
0.452869991538299	1.42957690780916
0.250953633549088	0.519383915183072
0.371379006047233	0.747955349700349
-0.00358313506933141	0.00545778882726868
-0.240293139014248	0.458466522834132
-0.114676370965194	0.170435911999848
0.0170715018777847	0.0219239623438812
0.308792777435126	0.353888141367322
0.0656110125663013	0.0550982362323312
-0.17350344675436	0.163902226151102
0.113398463020758	0.0943072931791477
0.324906041034446	0.325738264670473
0.265207684883087	0.236612436760558
0.078077577549783	0.0706865631928911
-0.410428030539657	0.442341439268451
-0.440415859331941	0.556265368104773
0.0154638608507081	0.0111934780228722
0.396706566320128	0.410779677404434
0.0259505986295229	0.0192076406208455
-0.15487753864442	0.124546346498493
0.461476550599473	0.521561863422263
0.726987068966415	0.897955201329791
-1.08405882020554	1.54435298694781
0.33531914504478	0.318285553171602
0.0631936454975288	0.0428359705150621
-0.623198165748353	0.660383553508866
-0.790799932086508	0.349536211940502
0.132755613913402	0.0400087413766842
-3.09280325935961	0.972693856185307
0.50902590722156	0.185473067884794
-0.752937485397278	0.263546788628664
0.437130186387338	0.175918633068739
0.882645621319162	0.474804462161909
0.893487577169041	0.481577105290998
0.136082679681813	0.0525324784428168
0.308590100752609	0.187052295161613
-0.293204827712334	0.18605496187446
-0.291310101618371	0.185231262554287
1.70966856328484	2.60844414392695
0.0452265871600843	0.0278965753502714
-0.916387449274835	0.7776284388244
0.0571003469513613	0.0370589159629838
-0.165682644107664	0.114892526888407
-0.473233212215477	0.320651543199665
-1.23733530057147	0.913064683743463
0.645296675255024	0.45639180365756
1.10533347635434	0.989529681176955
-0.0755367521105624	0.0332279205744113
1.01427894247466	0.95249702115305
1.04392451247498	0.508766194763748
0.0110835538214887	0.00597411643555615
-0.16460159539501	0.113323381193147
0.885848458581126	0.897394337759669
-0.640766261193207	0.5708943418686
0.174617739150291	0.13045063667405
-0.168749172137776	0.116965845323616
-1.10914126989492	0.763269131261548
-0.258603538315751	0.194815614089601
-0.199353612178233	0.107845505134677
-0.120638468243497	0.0723699513879526
0.156109519762684	0.10168217947308
0.132493974137304	0.748868904332231
0.0193881405998491	0.0629412546300148
0.236384030628135	0.957642028063421
0.264909694965134	0.862521390065713
0.0798262707416324	0.173109942252879
0.18911934111972	0.427034030164887
0.258993544241677	0.564459734339554
-0.194835173261639	0.425774414995762
-0.249380724306297	0.509409738002579
-0.0877159042482683	0.139689459162416
-0.145085900464742	0.134004821036108
0.128256257472298	0.113308725644067
0.248970206490028	0.274625376698006
0.537518825073402	0.610203448211508
-0.0453500580039063	0.0348465464486822
-0.00423421290175063	0.00331405404253859
0.140592410336616	0.133412201361273
-0.280630237925964	0.230346410803678
-0.469422389209843	0.554675599955487
-0.179439863230183	0.154688966376866
0.275340562648205	0.251475295367884
0.200706577095703	0.189200854645046
0.011856100829283	0.00979681110591316
-0.116287249279849	0.0841111573095158
0.346511366847795	0.3389063618715
-0.720567162935367	0.697531305161167
-0.287052193557386	0.257307227778193
-0.066699744519142	0.0568815145540471
1.21792486811367	1.48196056421117
-0.243484148452124	0.0808609088407405
0.134196458780367	0.0397046446216347
-0.753925861436807	0.267481396825324
-1.80190156331263	0.405310176911618
-1.80190156331263	0.405310176911618
0.136174499395106	0.0402058114068659
0.641203436908402	0.204828865510354
0.35333761581784	0.177648195170176
-0.546288323472199	0.212886690694489
1.55324176552158	0.789473162707191
0.555420253526643	0.442093381130638
0.274548009849651	0.205459008282019
-0.00673331543976105	0.00354663061334515
1.30207392439414	1.6480802887644
0.593044777857807	0.43978000184474
1.88538421643891	1.58236047367157
-0.0511703431626644	0.0335948566294108
0.330586446776391	0.183481255060317
1.15169081768052	1.41356591556072
-0.00738706028870375	0.00388064951229795
1.44792376597554	0.892298157711733
-1.05785101748553	0.85222937061297
-0.0718973076227636	0.0317071557320904
-0.166842744164789	0.0610133970783203
0.134176100343271	0.0517130992440637
-0.238568122049646	0.155568172258228
-0.994599436231693	0.502339226369883
0.635298188116673	0.580576735361091
0.71456294786451	0.585376816330457
0.275680090193165	0.207332189711248
-0.412639476983944	0.288297602309247
-0.687131556147138	0.479596374449542
0.980283738728777	0.801564707361415
0.125853785404304	0.685458413217681
0.0772630689943941	0.295219192594088
0.0260376228770221	0.0614368940420086
-0.0684242142008646	0.153094643518079
0.0239717117883895	0.0404080814149238
-0.034367754285844	0.0564419755277913
0.0542222539729059	0.0988888342558102
-0.197283968881339	0.389992964289734
0.339052637827665	0.728020564996833
0.785768459333294	0.469282505456099
0.406638728300967	0.412283854727538
0.0703359486686706	0.0474475850504404
0.503503092818074	0.430055571883263
-0.243357195973168	0.227450402854596
-0.00134624779907131	0.00103404183431615
0.457068919033339	0.524346394377553
-0.136996713707834	0.120221869684287
-0.785597259356534	1.01171332516648
-1.18046292860333	2.15067846900466
-0.207363670170238	0.207000384382519
-0.275444346666101	0.303950732268651
-0.140337586843547	0.142006561575758
0.205661850307176	0.216461543295301
-0.295730656269988	0.307965985428226
-0.58285999772393	0.657459212049125
0.12308633062284	0.110687469782083
0.564370414894757	0.62521028845751
-0.497900984459833	0.599837152957615
0.108981510779807	0.0884004838041679
0.824570766356417	1.05113067980319
-0.217094273863852	0.185088447799573
0.258854720312555	0.20569831991461
-0.936429460426329	0.681175504897518
0.126802817719759	0.038018792856063
0.376444554248377	0.169557748542405
0.139847419253076	0.0352678773972538
0.648438632712042	0.204895256444076
-3.09739452059542	0.972553736075869
3.25036486382959	1.10725094810752
0.131769780715528	0.0397831026994758
0.138803726046495	0.0599820124283639
0.136676224470739	0.0411018975580698
-0.993415083949257	0.495732070667128
-0.318803796448453	0.149077156959207
-0.552849998001511	0.351589463494589
-1.36420572984313	1.3597226364009
0.144578826746239	0.0818005978702557
-1.35438763085422	1.12862995994377
0.937560231581241	0.626268476556057
-1.52510551615632	1.66614782886959
-0.521028923525202	0.485266318858435
-0.802890695222425	0.616318141969785
2.89591828800746	1.95097440270369
0.291917526956766	0.201200416186345
0.984628781141178	0.806480182798694
0.338080074067839	0.18426505882591
-0.164391503372933	0.0602873263827687
0.14578768194668	0.0546274397023448
0.14463997922284	0.0767152518515984
-2.05540613082128	2.11958358751935
0.00123822833197944	0.000796702948782224
0.502051662137314	0.310974941238672
-0.356071920888892	0.257932209003363
0.298196979477036	0.193009159716612
-1.16793965488055	1.02323299158842
0.378522597463333	0.320187263545893
-0.281519422427454	0.177061361016479
0.457249683545113	0.3095438872739
0.0193627251092585	0.0735246967350113
0.0864298173182756	0.327198329473716
0.104488778801724	0.30749979773339
0.166321747134792	0.431865360753333
0.0931542205977573	0.180811391058591
0.333792223980009	0.787513516246376
2.25985028562818	1.72858502237915
0.148696922912256	0.147315635913436
0.437249664973637	0.513939033446295
-0.106270344475161	0.0957008064523909
-0.176120861861855	0.166818059636653
-0.00615230389572417	0.00485282692446629
0.150404422816816	0.15145089309768
-0.473067193397959	0.595377484006959
0.11760731417898	0.121670441208755
-0.732633149794425	1.02010313545416
1.27863864653291	2.1765153709151
0.407385401586602	0.429304814221111
-0.0959397824429421	0.0924221267961673
-0.674876300030487	0.792139119201446
-0.558921356572665	0.765581913276337
0.43569398454581	0.501515559135113
0.377404603202839	0.43773756448447
0.326779197836429	0.326779896863491
0.0516030059907681	0.0409981014047452
-1.66471659130058	1.71378592905672
-1.54058228908419	0.558038570704529
-0.782389999151523	0.341983242361759
0.138169594891086	0.0265198668009027
0.141168720466643	0.026788068800843
1.95338582999428	0.463576578510391
-1.80190156331263	0.405310176911618
0.121227361271414	0.0409700101720185
0.131770953769287	0.0569213800918292
0.428518317050907	0.174046878111496
0.431924412347707	0.173464161315763
0.639660215207864	0.203910262751024
0.159934586495231	0.103407173040446
0.984706367466787	0.795280782790032
0.26295361073421	0.22147047424217
0.693725809996605	0.699577935460945
0.333612733613531	0.184170242602965
-0.0709914530668054	0.0455601630914595
-0.48475725356315	0.414586610419639
-0.0872740125428115	0.0538525877469336
0.352349666304454	0.178009324678032
0.903427137293194	0.771773694718781
0.141163741259031	0.0607266181229325
0.781566689332745	0.465257998097298
0.422404303848247	0.170657988200285
-0.646622749070198	0.158987296788642
-0.591965750455602	0.438387314064614
0.649118565546845	0.445778112405481
-0.922141732145246	0.782436427531784
0.166011761955812	0.121572026742382
0.507707193261865	0.438847732682538
0.524869182772736	0.532263489827857
-0.808827006018464	0.700213616864901
0.150793335070005	0.0925953810185196
-0.473316386312984	0.320624777453056
0.0506663143028674	0.0328164480078622
0.0587276056902036	0.249716106215113
0.0122890969416854	0.0372365840152312
-0.0280214202304948	0.0645835060617211
0.192841644675215	0.514676967818308
0.158203749479838	0.295153278292816
0.0422010750833503	0.0388772045338495
0.77104542814958	0.72539064755262
0.533581548689236	0.308868058929406
0.0235554711754736	0.0175959425998012
-0.0400372848508739	0.0260022578921217
0.593878198729953	0.657059983563073
0.137241321689093	0.124137796811071
-0.0766969044385208	0.0633096563420502
0.690386556262934	1.01312357515326
-0.267319253449227	0.258091305838948
-0.444102692807198	0.513165848740211
-0.311358588987569	0.362456894027513
-0.50713054544802	0.697469651577864
-0.043353794953231	0.036907086888093
-0.535406131568421	0.684420181363926
0.0456588428114727	0.0363892972625148
-0.158050283361876	0.127161064268833
-0.50495083926764	0.6388992868162
-0.275432846252417	0.272092177728859
0.467732489890508	0.588233961835571
0.34119620873127	0.33299536820083
-0.322730775406803	0.290744937167865
-1.36007612891961	1.3862356543666
0.644424999818512	0.207579266186308
0.134542642796399	0.0341445690681232
0.640658905761581	0.203950748563405
1.95338582999428	0.463576578510391
-0.364953231343634	0.105781956689199
0.131769780715528	0.0397831026994758
2.11139597934409	1.46085039258582
0.141168720466643	0.026788068800843
-0.248387997661862	0.0825807028479737
1.76104738113058	0.992382441662297
1.26589993465351	0.703437772864315
0.159548634700883	0.0907315436454473
-0.0946375349138877	0.0590133013093923
-0.0097233149526534	0.00502958959375556
1.23972920833387	0.858919474528654
0.717854418908281	0.600904125351058
0.892591296390523	0.469449791903276
1.52255375555274	1.28302143231691
-1.56363163526427	1.47479479354862
0.718797619904602	0.603260956488607
0.139245745474404	0.0599559360941925
0.391338450093206	0.17113666538877
-0.544726922023982	0.212503767866522
-0.241592110808894	0.0796343626485334
0.326133769412994	0.181848147179863
-0.107030676983149	0.0432926976170955
0.493149689622075	0.310582933164142
0.943393010322919	0.634729199011902
0.27526848523609	0.196447349234003
-0.458393035735992	0.35868776215679
0.438595784293927	0.31554149257622
0.0102291309025995	0.00552770033213669
-0.0334319129075659	0.0222346348568863
0.0813049050571854	0.0596378060052982
-0.0191718796209773	0.00963544089870556
0.106602467866923	0.53750994625148
-0.0173307426371321	0.053591874877057
0.0430931116453916	0.0994719674318051
0.0810516743003167	0.202095276659888
0.220417019499975	0.252225095698641
0.00992855725168432	0.00820214712881796
-0.183815055288749	0.16143324121659
-0.171655205144186	0.0965305356382433
-0.351178572228854	0.251084328033183
1.30254395558294	0.573188775529332
0.0638584418448403	0.0428932146444746
0.183213321275982	0.159712995867843
0.121399986071023	0.108291547265576
-0.0187700934712367	0.016205827026538
-0.0214324861481173	0.016829585260521
-0.17628623250546	0.178008935648652
-0.0349638577297313	0.0271845262823903
-0.0300995304778237	0.0259900339813495
0.394591233857441	0.391553089681429
-0.0331902621438612	0.0299521377128548
0.344610052949743	0.438899576415424
0.251382081907105	0.26284502391904
0.353498926946255	0.407964754576608
-0.741603752538031	0.957461619127773
-0.0156334240639816	0.0123615533614589
0.571415535693347	0.718002865313152
0.368128010555453	0.433445248905297
0.508935923347224	0.543691001602635
0.395193751123926	0.391223734559111
0.348627558527459	0.174056715969623
0.138618353811657	0.0265211219118666
1.00659170771323	0.383129425199669
0.925979622549504	0.243736825113843
2.74531503858304	0.788587032684406
1.80195797435116	0.697288209820227
-1.16605123679474	0.358241254731586
-0.171755293483905	0.0616931012130405
0.133502874099665	0.0402503094723903
1.55173884031121	0.784928292248589
0.49991679292187	0.180263240660553
-2.12869868560737	1.64928506536212
0.286192014142503	0.195028708591627
0.296511842555277	0.204647083527219
0.312509199513911	0.189459183947777
-0.0759442541136042	0.0334346828316316
0.512995856215553	0.444559180015513
0.0422752065104172	0.0260577431555863
0.309687282706029	0.185998619912307
-0.520533002971289	0.402246676371958
0.155636768049952	0.0887689491933528
-0.205706695929357	0.111246551397542
-0.0231504157648192	0.0114016152345504
1.01179148986041	0.390812379931115
-1.16255649541829	0.360535388481223
-0.072307154063633	0.0320370501195015
-0.995666827742336	0.503999851262843
-1.16793965488055	1.02323299158842
0.143155562240393	0.0688757413903805
-0.883222789849219	0.892024833310701
0.139239025763934	0.0731104169320781
-0.312551481579914	0.231676963033439
-0.085439988804091	0.0642320811635311
-0.214452967159275	0.145813090995862
-0.701569650254372	0.567096255993301
0.175988932771833	0.119428913941647
0.850692696284935	0.620295972771394
-0.018482118780451	0.0661385179276299
-0.00203520517417799	0.00559531609139502
0.0124024318133404	0.0283001534479198
-0.0123382594566258	0.0216766041934911
-0.0412024159498579	0.0631115739124557
0.211477623678967	0.24215738982022
0.0192308173800338	0.013748384287882
-0.613452528020955	0.824201321528616
-0.123034347923626	0.0889870584614643
0.0217341197114626	0.0125354241309595
0.807657047620498	0.341688010260639
-0.155914163701675	0.0883876406016466
-0.228320899782697	0.173500688595422
-0.559086274904639	0.672517000070484
-0.0887084476263003	0.0730532792719254
0.190007728637027	0.175548622293752
0.509765301201653	0.779134686397442
-0.123645427664471	0.110030662085782
-0.560348943134464	0.770507557929942
0.0399030903717385	0.0354024847372223
-0.390521705250393	0.467672543179653
0.0791160683384858	0.0712130078925542
-0.114876864328234	0.103960026573838
-0.235211970909238	0.234403457765115
-0.038892642847888	0.0326248280203408
-0.13562005758192	0.127796968056528
-0.478232995804017	0.455579927433748
0.0619903796717528	0.0530350724824181
-0.0590642589484089	0.053422021341154
0.129783836715136	0.114404303020202
0.302846533856296	0.315473158824573
0.411857294498319	0.415231671022796
1.01889870976503	0.3812744849764
1.01595055020248	0.392095167936931
0.640204384260695	0.202440736609696
0.639660215207864	0.203910262751024
1.55479791616394	0.782861546376213
1.55239096568043	0.775447909362186
1.79770278509994	0.709688375349796
0.125033303465894	0.0428637016829975
0.0222084831252025	0.0126739626693032
-0.0417572458603021	0.0197325868973506
-0.70841003625421	0.564821461488191
-1.05835271433006	0.854284652875164
0.150143665847204	0.0848980115876603
-0.623900748905367	0.301107638653362
1.35570863942901	1.21275600315077
0.988531653198373	0.805944460469629
0.140363036137061	0.0739028207125284
-0.473844345268432	0.312719300555853
1.60947653953121	1.10210483121126
-0.064927474639409	0.0284698162285851
-0.373283661399062	0.108870255273452
3.04190504767917	2.24599574059689
0.506468506416984	0.184272460164198
-0.344204899883941	0.208338645977816
-0.013882658421811	0.00701933804220943
0.495026899656404	0.305421305711117
-0.100803344155009	0.0627101615774147
-1.36492058939213	1.38378627529621
-0.0903803054237599	0.056062372681845
-0.574112299984636	0.533682734567028
-0.398232901470438	0.274239970308958
0.400689949552483	0.31721980290736
-0.316099370931877	0.234869941194317
0.776599144178884	0.733396066978873
-0.180870996639856	0.126449440032655
0.440268374202857	0.319551592225574
0.0418876017960979	0.161771810281718
-0.0636996417286457	0.229282617190828
0.197058796135581	0.646537035786766
-0.106839903367655	0.223772979762822
0.0960069554110907	0.157294457154705
0.132605669404792	0.23601692548105
-0.173605623298359	0.215988166661259
-0.0897460343818577	0.0656758423258903
-0.150743741100944	0.145106676654204
-0.729534481482508	0.707314879600786
0.307188807024814	0.184474067656809
1.45057395614109	0.90944503896517
0.415275771327743	0.315252497487323
0.589502151343726	0.65706869089646
0.0763366055287996	0.0533821188215143
-0.438003543878813	0.41863246470201
0.26778807816565	0.258656939521522
-0.798027484931322	1.0891290910826
-0.0972255545131616	0.0934237928631446
-0.82906293033444	1.21053065036762
-0.366998736168553	0.417014170706222
0.319866488843623	0.311532323433947
-0.342340114383176	0.396920683409003
-0.183350131582907	0.188203998375223
0.201241472965973	0.184501434715031
-0.0638779362060159	0.0538948754935931
-0.696516986034369	0.971750830987873
0.253103361854904	0.236031436120347
0.548943135286769	0.636635268367149
0.13182861814004	0.116455463607963
0.347323732175801	0.321543631799735
0.0933598848460741	0.0685760859712924
-0.0219831889713924	0.0190594945974556
0.352680474239642	0.334706665057065
0.487627293530664	0.436752341578263
0.92732486785368	0.24306890205782
1.3048691446356	0.580886125685909
-0.553472986396962	0.209325904343487
0.640204384260695	0.202440736609696
0.128569951023661	0.0490571984516298
0.594197310940868	0.451169781612168
0.00961732562055082	0.00517511585399289
-0.24886804239255	0.125392435615665
0.690936416910671	0.441920206520962
1.38297929431158	1.06388322664582
-0.3386151513883	0.202892862637567
0.142685316371366	0.0807949621187582
-0.410461614625923	0.232894916174627
1.94502347156954	1.20749431328111
1.08983720260015	0.823165365828675
0.347788648560509	0.175920613301097
0.130241163091154	0.0445767266602944
-1.17763379829055	0.667096746662102
-1.54058228908419	0.558038570704529
-1.05829043397106	0.850775994602727
0.888190279517777	0.459719004225022
-0.665031123163458	0.397050321386326
-0.799650940503415	0.442815904972488
-0.202805870429055	0.107440348605741
0.0080824097844159	0.00437913633859528
-0.0984277455148185	0.0606144622914163
-0.944980843023423	0.684628960258463
0.0127016480784522	0.00679641751159891
-0.262118342029463	0.195502767388276
0.779261959892371	0.818026971757767
0.143236302158225	0.0760708521382788
0.15922755184175	0.0970698641748265
0.158173927965074	0.0865395045550355
0.146321983393229	0.0690266732425605
0.132476656617522	0.762207896461423
-0.0674635298217539	0.246892633714435
0.12754535791118	0.412839231634735
-0.0177180225268895	0.033002237632115
0.0508654421044672	0.103229536641919
-0.150722611866387	0.221648571058972
-0.480070832792924	0.576012740148645
0.254341588062994	0.333024444641452
0.315539588125908	0.336596463392271
-0.360527582519625	0.325032474659884
-0.167795132472293	0.0613751270235051
0.171731237529745	0.142911204375209
0.773435929522617	1.19877191853748
0.177664856968605	0.141584538817225
-0.649088728433118	0.763816611145777
-0.0637553449599121	0.0657288506629483
-0.163050326903219	0.166174283716621
0.452377773630901	0.714727607925467
0.710678347702327	1.44317343180962
-0.123797353451323	0.140690003643871
-0.225905096252624	0.26572743057153
-0.287098254036611	0.375570361979635
-0.307635073286438	0.427021022664978
0.80658772537379	1.29562919309796
-0.084085769184589	0.0841143362902793
-0.246682123596489	0.269087370904103
-0.161316216142574	0.163530384917106
0.164323142028047	0.176232931036535
-0.0738558630683468	0.076155742960463
0.103424880513073	0.0852897288203989
2.33577604148799	1.18742693832559
2.7462498006239	0.778261278020301
2.74531503858304	0.788587032684406
0.38028922997406	0.171691890692594
0.129840797352239	0.0445844341304171
-0.791683092699708	0.353639079026684
-0.927568808855099	1.10787499978784
0.600526849322833	0.562925036956924
0.398301037323987	0.316141069724465
-0.0457212394313789	0.0301063634852263
0.528579837193836	0.440629819053616
0.301433045470055	0.188475704773954
-0.931748808414177	0.679303214398301
0.115107507494419	0.0930425083418284
-0.505989803376668	0.267935293753142
0.13431524967785	0.045406872446052
-0.414389930378257	0.167133589780245
-1.30538773109704	0.600022011439438
0.135033124779627	0.0646061720063912
-0.614922666475239	0.298888890539692
-0.623812843963132	0.515558246993634
-0.00928189789536255	0.00481090047601601
-0.17269999168044	0.120620206774972
-0.0189226194584445	0.00945868373988229
0.0282954290358357	0.0163032788694263
0.356325846895225	0.31368383487414
-0.683429001491187	0.482956193573225
-0.479793241136924	0.451108174941644
-0.393545165634079	0.345697654029965
0.381134091875707	0.309570684319839
0.538735149798226	0.519868754148986
0.173520499745456	0.124546281924008
0.0812279872699047	0.391575321129165
0.0319661324928428	0.103562328341836
0.158941243459075	0.46976161774939
0.385135237103206	1.47880410574149
-0.0746916871810326	0.103945859801067
-0.525501226767897	0.734024993043819
-0.100866385055178	0.10296280228531
0.0223624670835764	0.0190010863387879
0.179559083703116	0.152092336003922
-0.0695032952423575	0.0304228724879784
1.11993843300821	1.21949261761541
-0.0722457807823854	0.0608896931556335
0.607994205496826	0.664862066762518
0.635810047242973	0.675620584606186
-0.14240622914801	0.167262088616871
-0.106020984681817	0.0997205409456416
0.140788478811121	0.155299500477594
0.247883171183127	0.32089823414816
0.258632569473927	0.287769240274868
-0.35849259461329	0.455347768943654
0.217704875258933	0.247663431466033
0.13245361102438	0.146044241649574
-0.0439834265612653	0.0424270673550916
0.0417379634528237	0.0335848792996039
-0.399793557423613	0.458507100048357
-0.471878295053992	0.604557125901673
0.637917860676729	0.993464438516323
-0.14632149383374	0.13899063291644
0.480965526193024	0.602527102664781
0.924819524550708	0.242047041172073
0.929670085417592	0.244778423912617
0.644424999818512	0.207579266186308
2.74531503858304	0.788587032684406
2.74531503858304	0.788587032684406
0.141622879212106	0.0613794438926938
0.428241289583821	0.174216330191094
0.132755613913402	0.0400087413766842
-0.410395358220692	0.174479031259067
0.163141709388607	0.111371671944095
-0.804992266945366	0.829585161989107
0.167509551128095	0.124530928134874
1.31582286801954	1.34508158600741
0.259684857014705	0.228516944000577
0.897799150519886	0.762196947499478
0.593996055470354	0.31066172326561
0.325647363681722	0.177766316916982
-0.397892012104726	0.316125624201684
-0.809508956494244	0.539745688778279
0.781201401889848	0.466618674671619
0.532625134297712	0.302697357826642
3.91752706378917	1.7353819299003
0.436048715056159	0.317327794949306
0.137947030958258	0.0592439737071219
-1.26800944639537	1.194628479572
0.703262799515461	0.458572898892216
0.827931618255532	0.874213749767887
0.700498491740849	0.704656969939479
0.271584298432887	0.20861118001359
-0.407550275866005	0.325598929128336
-0.804132626012122	0.704015407199219
1.06134966054748	1.24817603931461
0.174509807253009	0.12963005861032
0.0656511909844479	0.0445451830584052
0.815174646382911	0.955805942639688
1.86838508548612	2.02685326898675
0.131414233139771	0.707410617178914
0.0230937202123174	0.0683746921174279
0.187961074728638	0.618667829755073
0.444971454449901	1.19860717889609
-0.486568057240871	0.687455947275907
-0.204193658292726	0.294938908471561
-0.182953856331532	0.185030666009075
-0.484115558988609	0.638016713803616
0.383970873834602	0.174549965674074
0.166882209786285	0.119798867180412
0.514384059490359	0.629218422710835
0.26722439353547	0.244205295288003
-0.197146831198368	0.184945634155255
0.225441841595534	0.273073781191066
0.10829823687198	0.137050167597199
0.339445848276794	0.501142182867911
0.164699300235787	0.173343377822075
0.140224812617152	0.153839742101576
0.0957477418263822	0.0992707358043559
0.647931861947888	1.09763468889438
0.0386458169152764	0.0434947831072624
0.150486940950065	0.152757734685039
0.319827240954234	0.363778045133097
0.25687548482126	0.299778602433896
0.144078818068285	0.1447091087781
-0.00778237374551946	0.00681066193890485
0.460568140874243	0.523702109923845
0.321136537922011	0.353527866749153
0.203166104573855	0.205020042988244
0.83571430066304	1.34838521560856
0.133502874099665	0.0402503094723903
3.62062366405083	1.43326252584705
-1.80190156331263	0.405310176911618
0.648207567850117	0.202781585382309
-1.16180306616162	0.360626829502971
0.141168720466643	0.026788068800843
0.390511021735818	0.174154042824871
-0.247688428186081	0.0823916105388393
-1.54314728332444	0.55980358392447
2.25654039982486	1.70102544372396
0.139536536332895	0.0664389690392924
-0.550673166432714	0.556687231769355
0.83620506975792	0.757220383264228
0.291597875048508	0.198889542167892
-0.618899905246764	0.507970304074904
0.162282246885871	0.106290139343442
-0.349083015268011	0.212781387367715
0.154078908148041	0.08038517697846
1.347921827049	1.22870094054111
0.705324125496287	0.449868444029663
-0.339414610453087	0.203978919212655
-0.559260352136759	0.356297793672642
0.137814005400464	0.0593406366863852
0.14935634694861	0.0777338828388788
-1.29839367745259	0.595503862745165
0.327807376556681	0.181363174559576
0.028373007464406	0.0162560923989508
-0.349236888126302	0.283771869145683
-0.0395897899310678	0.018754967569161
0.156171310904392	0.0939538728953782
-0.409318584898325	0.281628678141168
-0.707147229903279	0.568560254231592
0.282213957762992	0.204007447414323
-0.450671199525726	0.39712153700268
-0.556626933725027	0.358194568374582
0.441534194903239	0.316239425945978
0.465644773586767	0.430828237044831
0.142749359141173	0.70502787500715
0.137295235990739	0.54683244781278
-0.126786179324975	0.258761994081634
0.0303886737641825	0.0357550603091149
-0.0807105454695623	0.0963436132124577
0.251157229025283	0.256254868026891
-0.0484272099158118	0.0372542617412728
-0.344500589529697	0.210533491179467
0.359167552884221	0.313859256644835
0.342208255468236	0.415449084447641
-0.45973522062029	0.606250712430112
-0.210371581230355	0.221735812644964
0.210672225614635	0.257276442146853
-0.1618771397184	0.173205144892596
0.357085085904099	0.529025025421138
-0.349348584659264	0.466365318979383
0.0410867787582249	0.0377599228396095
-0.483931979701794	0.736674559553603
0.32219457707411	0.419152241777583
0.362215727181249	0.410051361139537
0.436952846213742	0.42750018424013
-0.490248787117089	0.426529299304369
-0.419751152555991	0.424063423624147
0.445219938250758	0.422750043194049
0.0697089060750853	0.0490035252944418
0.330299048389247	0.322039376166812
0.785764409213511	1.03303005926894
0.507071986059276	0.528612658150074
0.57101571149142	0.651700907802773
0.570915055491565	0.547138010985357
3.62573565960846	1.41848408933262
-0.649319222104321	0.16021039083734
0.137716344096337	0.0264356853006178
3.2493353238897	1.10864834370629
3.25036486382959	1.10725094810752
0.127501109997399	0.043616448886316
0.983988401301128	0.794693629960724
0.136676224470739	0.0411018975580698
0.348227154364359	0.174261473945432
0.37768898545785	0.170244248173548
-0.114616373307534	0.0675599808894714
-0.407610714659175	0.284580380024478
0.362973503995778	0.316583974921383
0.147751746870573	0.0899828578528837
0.408757965403492	0.305927949109286
0.312952680627018	0.189834479851641
-0.10810581166044	0.043468331542758
0.163917974973789	0.114555329862684
-1.04895682546004	0.430951643107204
0.687746834392066	0.436422054434374
1.03999634243273	0.495712394150144
-1.51429894367649	0.782030400332231
0.488141169843769	0.305020217140733
-0.111948545433597	0.0451527705317401
-0.117155826450315	0.0463972172167984
-0.700145318262966	0.558940084243664
-0.196533624504767	0.106062445697821
0.0690797402703334	0.0484994845992235
-0.153385150667448	0.0878860180810282
1.09247363776616	0.809663344631972
-2.25255192970518	1.86269241922255
1.0870957430838	0.819003985167017
0.15522028089683	0.0957778146581131
-0.627009281064113	0.301825947831434
0.826518005594426	0.748273573345692
0.113218796880876	0.563413751095923
0.239321818536923	1.11697060785604
0.331072052248172	0.820852164781524
0.0284855585956017	0.0438102571194694
-0.279354438723795	0.519665398758726
0.107151155588756	0.122684548950153
-0.18394399859202	0.146767752460463
-0.412636918021777	0.569381848437852
-0.429728241014905	0.744210508549066
-0.115391001637188	0.148016444180308
0.0149612085315187	0.0163835475536665
-0.1509082474369	0.225930424917231
0.594151841860966	1.28746435108674
-0.099803795686584	0.124803577185515
-0.0622526284141184	0.0722368782813497
-0.149945716472486	0.162226894839939
-0.518348779352393	0.836818450138399
-0.809507012015235	1.39324225190774
0.336847373629497	0.432464227363743
0.268010330816641	0.296294567246809
0.41326805946202	0.505644056457959
0.819379524718121	1.22817956539263
0.401363831157683	0.40530286442802
0.0735308491948841	0.0518456544303686
0.395652738971964	0.42445917089958
0.592777004036014	0.654584919987456
0.34456797718861	0.172788047174501
-0.545700874243755	0.206679593057808
1.43184622835253	0.479292741706694
1.95338582999428	0.463576578510391
-1.16105011316119	0.35650557951397
1.04271631472557	0.504331748851887
-0.0358042893801774	0.0239072038053381
0.34729488988748	0.175578462655389
1.07284243333979	0.650419195164444
-0.402887654540085	0.324606013403988
0.13979985886434	0.0782615340215929
0.274053882612844	0.227016146147835
0.793479578356566	0.858712081494126
0.669082064625391	0.691991508266511
0.690515885455577	0.697820338003331
-0.350329998264666	0.285975208818744
-0.354880242442717	0.344485064716173
-0.911662476847375	0.768857027636389
-0.592314818320706	0.441706318378781
-2.3551171219351	2.10889666346227
0.185338611865852	0.158122099676119
-0.0805806396192907	0.0349553285548373
0.0268328762961277	0.0156231184435721
0.939474741367478	1.13872022708624
0.178374101058692	0.15546154784179
-0.56645481558557	0.516800760654675
0.143155562240393	0.0688757413903805
-0.306657796436168	0.229200048247967
-0.592380845013702	0.432928183384769
0.493438924930456	0.41288304400938
-1.21985249756222	1.43137875305632
-0.146311867007803	0.104642039350093
1.13516470867112	1.29233377890346
0.0815177362482994	0.3912554867342
0.0351296275422516	0.119083095680014
-0.106229419993374	0.377410941066276
-0.495539506661057	3.96803594987411
-0.484699662900768	3.69457834348937
-0.415931791329457	1.80948423268375
0.0376996761413286	0.08624409646974
-0.241126727030812	0.490452602319618
0.256129964827571	0.530102807467037
0.152883696352245	0.229654635376406
0.847057770047886	2.45611323483747
-0.0577748314826747	0.0599164370725943
-0.129338382620584	0.166195319282359
0.166435397429478	0.22560410368162
1.10242421750233	1.55999573468183
-0.422804261334144	0.462236968193609
-0.857508217737193	1.04598781326084
-0.294500870700643	0.214261829924592
-1.07837619524183	1.15430694470269
0.182030117883565	0.140496721630943
0.00223617825554142	0.00130971361961808
0.399316484784738	0.292282705817984
0.932913738760377	0.907799307175225
0.696256443101045	0.449632908977475
0.778396375883847	0.466141725233941
0.204019433455657	0.21477083461146
-0.0923864132082631	0.0882315282359483
-0.54204366246775	0.541146724328264
-0.0194113063460045	0.00976787672511422
0.120198310415523	0.107116922256036
0.149597300274892	0.150934413307646
-0.0442539448894489	0.0334856294015215
-0.193833090302488	0.181949729930462
-0.0961024389073078	0.079566161325498
0.764922784971876	1.28253601795314
0.251773468509468	0.220464833726306
0.465030961302564	0.312874032108286
0.74953039378069	0.837308831471787
-0.378786575380543	0.387329155739242
-0.679537445087946	0.838511231430942
-0.966689129404347	1.77483316886731
0.446553288757821	0.511284020849001
-0.813648708383285	0.693552136663411
0.170268862127866	0.123437166534598
-0.305030704514808	0.225898179045589
0.425825812387088	0.302220675023466
-0.6908353864375	0.488074624135562
0.3555693308396	0.178590724263741
2.10005054410206	0.918257970339236
0.138818714405564	0.0354421828043769
0.137880518700344	0.0597795180115816
-0.801549767902365	0.437972719676123
0.428518317050907	0.174046878111496
0.127239208880002	0.0433350040918735
0.9424462953373	0.632086965827704
0.00390187232373525	0.0142221917183614
-0.14704239194124	0.82513948475647
-0.314660524491476	2.28630903285216
-0.460630901426606	3.60470631537483
0.106415086073982	0.257751867620492
0.153754515409846	0.410063613121915
0.328636628366292	0.674625492858502
0.207347175449643	0.367345642767877
0.0627580977202959	0.0715427622155355
0.325174083201598	0.460053362804936
0.377301634985461	0.415462416220117
0.347426405658418	0.457756535130711
-0.533498996356506	0.750678773980827
1.02527659945803	1.04972063020011
-0.0919568393300823	0.0728211146766734
0.155979825170866	0.0959044341535896
0.138208347824469	0.0661270647194953
0.152785001204552	0.0931814916492855
-0.319193212249789	0.148467846339384
-0.34952438187514	0.212308667517602
1.07121133431914	0.653523679132545
-0.924103810773139	0.772836815286908
0.88650234922062	0.476119299993675
0.453569544820116	0.305574885328305
0.600131274010441	0.313637265444187
0.135033124779627	0.0646061720063912
0.268767994204613	0.210311297648782
0.328132571788919	0.44464073957053
0.119868118844294	0.0972175544680188
0.251623027478827	0.279460123417438
-0.137433552776906	0.131956716674202
0.348845332264765	0.322598280258905
2.33488941956988	1.16006973915055
0.134631806282363	0.122149382945435
1.29297959584985	2.11439822015799
0.191983726905274	0.173017971224673
0.571014632730789	0.731312881548635
-0.273291451226614	0.26914290934514
0.509719968419107	0.706349104988154
0.175803475971599	0.130420583001893
-0.0227743577769844	0.0154022944659252
-1.52475080729621	1.69265777604665
0.553782888709744	0.440168097316746
-0.721586913455536	0.641576532226545
0.462788131012269	0.510348794583612
-0.270593339599391	0.280180302992321
-0.0884117177637974	0.0662409651592853
-0.119578166819963	0.0719524593977349
0.770507359108959	0.601365051676504
-0.149202521170168	0.0835393357945444
1.51898227150083	1.29042653042406
-0.318881040789841	0.147731583473814
-3.46924124245495	1.26110671680306
-3.46998743660351	1.26411646563651
-0.546033995934731	0.209819816252334
1.30416567431915	0.574921760660865
0.425479611927254	0.170411351476596
0.0541953185889766	0.254634724645896
0.260694112536767	1.96224982343355
0.154894606229856	0.682970429067865
0.481716749140448	2.15742679915328
0.445773214290968	1.84551294848553
0.542796938718946	1.59855507288843
0.188629282333179	0.359762517792187
0.296277596106528	0.547388345655622
0.241694192365393	0.364545674947976
0.27245178076635	0.332407693998188
0.305315562075551	0.395880477857307
-0.300132443745108	0.406227420458419
0.352533669608223	0.31868690147501
-0.276216647827615	0.25397808777684
-0.250427984666937	0.211414043564737
0.625468734896446	0.561212652973015
0.321532167739528	0.172314948944418
-0.618341058849458	0.515498450170849
0.16483785269174	0.100658420169153
-0.604070463907958	0.442991189655407
1.31975624398116	1.36497894584081
0.24551344818503	0.260301522680872
0.461667667799028	0.620889626155472
0.379413575218984	0.41934930633936
0.119658124874912	0.0989500922665599
-0.616795144677503	0.299669501636651
0.0639160347769579	0.0567578545525739
0.491633265646244	0.602183188114003
0.313903298114811	0.335030507368506
0.251908469021843	0.263216599223468
0.591251398861093	0.660302102229089
0.132598089126292	0.0499864733247175
0.180660279479895	0.144413874055215
0.164962536365884	0.118031322023949
0.355391713998228	0.312594735097617
-0.0125698132445302	0.0064262184473497
0.542438912175161	0.553100700500073
0.195504569685879	0.170298529341349
0.612021523966949	0.74743272863376
-0.198371597719522	0.154001866610208
-0.0685596289830029	0.0439835324568997
0.539196011827872	0.445040639969106
1.01505974891917	0.930423062417373
0.136082679681813	0.0525324784428168
0.884421100630243	0.474188547953547
-0.16396168798578	0.093633402328158
0.809536064589503	0.339518702699105
0.530465699982239	0.302826955441815
-0.24933364489508	0.0820914459040719
1.269269021783	0.693363032623072
0.223564437235012	1.86613571334869
-0.138949245830922	0.798786537730115
0.237596300543131	1.25140352353858
-0.0956064379648524	0.311893047894524
0.265521319686788	0.630995411303236
0.169356421800128	0.338193099668798
0.657851174722093	1.97197300001705
0.290822993477061	0.384281746546156
-0.118156963960726	0.0968292455519505
-0.354537447054785	0.451609784568246
-0.443275906792589	0.647053870631911
-1.1148097720836	1.32343907732701
-0.888556948363253	0.91544149795227
-1.10321186922385	0.746811979910346
1.10079463252587	0.823638305450617
-0.499549260075635	0.265624759306447
-1.17374978854649	0.657659932262566
-0.173879170145071	0.0630313403801181
0.72314977337115	0.598652959887791
1.94723993892349	1.21716177748167
-0.0759860900974306	0.105062159730208
-0.126558834288859	0.158140534491729
-0.206015119681108	0.140587814273928
0.545814811367053	1.12824551514508
-0.103005859749676	0.137852747948356
0.489428249460134	0.708125982794133
0.0895137640285687	0.0906663581146808
0.172086527307122	0.242784642925201
0.581419976541554	1.05486933083373
0.59519817591277	0.738491636788167
0.212636619465031	0.247990004934784
-0.177259138742214	0.2227254605803
0.298885326557088	0.357824998161385
-0.401865589104964	0.325033188687879
-1.30786055016866	1.75800917233133
1.01839299453204	0.382723721639591
-0.789167588436833	0.34447803829945
-0.787098914242298	0.351780119515946
0.137716344096337	0.0264356853006178
1.37845829440449	1.03281928074032
-0.650959635012338	0.159168476600347
0.141628868364635	0.0268733845859336
3.25215396833713	1.09944519815717
0.114401814238126	0.686935943304599
0.0734939427955145	0.346539274382986
-0.0995581582546692	0.438023762789813
0.100784622255556	0.204769794757365
0.0252745781097899	0.0394767014376885
0.606957566179941	1.51461341836927
0.763543783078844	1.68483586580997
0.25222317802822	0.249911003018433
-0.0176616657808325	0.0162311132805486
-0.31123171328519	0.437192685441129
0.16047598094316	0.104757961377087
-1.2483291750997	2.39833926944188
-0.12358097673188	0.0743528619115617
0.297668281565564	0.189177645758193
-0.043417405210968	0.0206496342798364
1.23605491860187	0.845594384922082
1.30322855368266	0.568847326115475
1.44528555677389	0.900864796591822
0.680695130505961	0.304908308135215
1.05171292309813	0.509928274318562
0.428825611450252	0.174366674929911
0.319308192552114	0.737329698176029
0.0683817305769653	0.0771124872723609
-0.535436585548406	0.605406559060968
0.161966613229109	0.206191732824982
0.057927050165829	0.0640975168049124
0.251573085284552	0.268109961016043
0.645398191648955	1.00865715492863
-0.470398071840195	0.775920477596418
0.814369243405019	1.62091099668341
0.604944457135374	0.887890590024427
-0.352750125708367	0.444276502743753
-0.454803305776108	0.460041128488701
0.143940637188877	0.0856974137811307
-0.348394644775006	0.211464841687485
0.137790482671227	0.0349173015404508
-1.85235672744169	1.19229071989772
-0.237634114381875	0.0784173059311123
0.925335174824177	0.243267565805426
1.7947052374355	0.701940247969362
0.138547275345784	0.0347818496624983
-1.05175508032405	0.42742275035592
1.31820533037477	0.564131575563065
1.95338582999428	0.463576578510391
0.0365491283927045	0.165601187165931
-0.0347775832293825	0.140726325721654
-0.045143578298294	0.0990527039518421
0.30857892063234	0.935393007750821
0.455641457996204	1.17942628710888
0.119011128156801	0.153987819632435
-0.0196852006445908	0.0155490335049296
0.204298612985824	0.273028386454836
-0.12797677207662	0.170900707147828
-0.59584788738368	0.579343613790277
-1.6024821798223	3.32820859096018
-0.518038608833888	0.388183958274146
0.132668064023021	0.0573436811619953
0.316191828370918	0.189282827397241
0.348282302911898	0.17563749575115
0.505514712818863	0.182262620756373
0.783886815511368	0.466339031594342
1.54927351109122	0.773083861620571
0.137775641553227	0.0586952777949521
0.382966672981888	0.171931698596969
0.889470556141641	0.481307251753981
0.296327984115467	0.638852359107526
0.0780391929130541	0.122469276623061
0.341051307471496	0.338121550377724
0.331742843294002	0.60761303817072
-0.114081659981812	0.147636265261016
0.0181787389373929	0.0156030351460101
-0.455483521436728	0.642652809119248
0.0468371656416883	0.0481782088331266
-0.12818814550374	0.139642886817292
0.158280072538977	0.0967041405643902
0.378326669019839	0.430820440021606
0.257886707604536	0.360805614075842
0.0962001916299493	0.075438770188533
1.53308426369584	1.28191118976854
-0.559531065541971	0.35557772344575
-1.16180306616162	0.360626829502971
-1.51310564378737	0.779088654223371
0.123544150054292	0.0367330624529605
1.79492986711335	0.708745443595502
-0.372199398666119	0.10861997456099
-0.371963944093828	0.110621992809151
0.133621657798323	0.0257280473816019
-0.240928484682292	0.0794592918982822
0.800989673487252	0.342067986972423
0.000549614514657627	0.00209247223666741
0.165122618902732	0.810017108767087
0.262281402764006	1.20525552892216
0.175940515979676	0.544813013889798
0.464531202404585	1.8976589770536
0.302129796428162	0.70559518321404
0.0100755972636973	0.0172776044598768
-0.234607588624408	0.54557716775145
-0.62883792876247	1.08597289582469
-1.51294006202127	5.32297973931789
-0.048707060973463	0.0375668971484542
0.18198361294741	0.154947206586743
0.249299630994086	0.243169072506203
0.0191050245891419	0.0111650516203878
0.898004014264303	0.780663740798888
0.502228667838591	0.436089478788146
0.264075968062142	0.39666197442238
0.236041111613406	0.418116252142382
-0.0136044649099785	0.017743237929902
-0.111534687970365	0.126680972328961
0.0660983312825412	0.0537582760144435
-0.359588261424853	0.547725101161601
0.0664318030703793	0.0792522462924088
0.0164648044137001	0.0142619350399351
0.186657921840447	0.219687311661371
-0.166055999984669	0.21773923800053
-0.208814416816402	0.278197333854114
0.334439588207633	0.332431636496994
0.288707327363375	0.357524099912003
0.118944519250259	0.13761674957649
-0.00563067848142763	0.00488968219626262
-0.356014855763632	0.291300430452684
0.512053128971427	0.525932499665239
-0.406052909659443	0.16914881527373
0.0423753246139739	0.0260596804442764
0.804306426214091	0.344854975606889
0.430342156614367	0.173971171547513
-0.0768155413762015	0.0325838040007627
0.138818714405564	0.0354421828043769
0.508781691198075	0.185680235788344
1.04853061351236	0.513497604131398
0.385217860512976	0.173673615671445
0.182735120576132	1.17289937691234
0.0550180411750514	0.19968313290925
0.148445110734274	0.57491164777211
-0.182494704877283	0.750876922979673
-0.256238850962703	0.922614344809937
-0.21027123201329	0.734624288385672
-0.450407160148153	1.93745994570082
-0.981435340010269	3.73567145343634
-1.38614362873267	9.34740581850768
-0.509116718972299	1.07070384666123
-0.168284434070559	0.2153226475905
0.126778415999477	0.139225002420917
0.323192368221073	0.313227942270024
-0.037653963789817	0.0291842986618743
0.329952285305934	0.321318492466587
-0.120301628703688	0.0876373743365562
0.491840407678869	0.538965875232353
0.462792994495327	0.426133328194062
1.13565708825127	1.29393438096279
2.08429028619333	0.934651562790532
0.634363930542755	0.669735386410474
0.600729489920067	0.651787446667181
0.017122314967634	0.0138955210819708
1.13226924815689	1.38260111694008
0.731779303081605	0.989069503719786
0.021413736938446	0.0181648285792804
0.796891487988864	1.02243273009254
0.196713821764104	0.180861796782951
-0.0226314599912368	0.0178015467802291
0.527102439694207	0.441566502541531
0.0410747243611498	0.031821051818754
0.658446986682149	0.68560660443588
-0.519649120404218	0.394387030211871
0.595998906834658	0.311128765187251
0.603304180271847	0.305485775661352
-0.95967316707647	0.589276440551315
0.887037292069543	0.477992287688392
1.22981378817005	1.02876830545659
0.147952403313957	0.0781796349951541
0.131114111844694	0.0610125341848746
0.596080557507687	0.448529190240424
0.0538376621253848	0.238995759488025
-0.0281415218372758	0.0990125887653793
-0.199175587500155	0.895214793710452
-0.510849797481446	2.45529436570519
0.0740656577136693	0.178946862152772
-0.218014678946965	0.568155029719759
-0.504498731201992	1.19300021965201
-0.725103629907475	1.8847034007843
-0.367656562744712	0.565376383982319
-0.421998307780712	0.596508834663805
0.203050472860737	0.214854874335255
0.606457785064393	0.821365103720025
0.261872725502387	0.245907077917637
0.359919308377768	0.418800729694996
0.272014213133447	0.222008798383607
-0.714761528408864	0.685459778624684
0.652974852833053	0.748639882984581
-0.138102456925095	0.0980346814306923
0.114212669564892	0.0925113674604603
0.402338593880935	0.418065251929113
-0.030151178540681	0.0234920801814558
1.21404883174665	2.01375309293784
-0.156812263991432	0.125068784581636
0.306452553451545	0.18080849378546
-0.395915252005332	0.38317539442407
-0.0739485698116645	0.0674982423491713
-0.00221733969436047	0.00191630223010005
0.430511008768434	0.499563781749688
0.0370918495550482	0.032990849048203
0.682368697954693	0.590219722062188
0.466984486463445	0.433899263360253
0.688601849726746	0.794765915558943
0.785268852322782	0.613109557195541
0.639761987550706	0.446084899473621
0.131197768825946	0.0558331871150039
0.138279997294242	0.0524407378826334
0.534068015722224	0.305559216021576
1.1021673182529	0.971124500368744
0.142617044495561	0.0674139548362072
-0.0714053929429766	0.0316260463508322
1.38612321538994	1.06612598938892
0.0434878854729499	0.179366703282969
0.114198680887908	0.487033458113281
0.0577615451707138	0.138101554282938
-0.307708392307591	1.12241277619537
-0.218599544328845	0.584690168554954
-0.352973622114102	0.722073588017646
-0.555069349558675	1.49516010832181
-0.169185974018418	0.231988621687491
0.127279954244466	0.136840194105312
0.081538457189728	0.0841810851044456
-0.0347777919368965	0.0296799557664117
0.206260928196508	0.221407313854418
-0.25760622607655	0.271579973477689
0.0433331585509351	0.0395821262082898
0.267792286489071	0.231735677725045
0.140305988072521	0.133106321376032
0.520460790124084	0.54619507157536
0.100517433887673	0.0790713562494156
0.187490977222439	0.168069480178787
-0.315226816666912	0.298533000964164
0.175567835190066	0.144517628070756
-0.880350959468279	0.951193591693261
0.249395400481368	0.260217934714423
1.41664964077071	1.55065465334716
0.139123653747129	0.0670084264154567
0.127786724548058	0.038243739095717
-0.351649382262045	0.212839321616812
0.171530549724137	0.136047592503953
0.123657738940388	0.108642366702257
-0.315456754191925	0.25940524282595
-0.284083276181866	0.239999502392612
0.659744744081554	0.770106856498887
0.485404891711825	0.52914147342046
0.87644620193883	0.902145484361822
0.785817373473961	0.951418540852829
0.477854119259477	0.540691605459131
-0.0120775740916228	0.00831342695971973
0.168673878100741	0.115808043251792
1.11189286392025	0.993108447877536
0.779780483675919	0.465729776704502
1.76077163419912	1.78854028068994
0.825403046448609	0.732281783135856
-0.0934503603860665	0.0567669099284458
0.629970121867176	0.558410908224183
0.0290573940098115	0.114364790084214
-0.0166837757153879	0.0531076596381123
-0.178825785427419	0.701693007278372
-0.0516481494103319	0.131581711865565
-0.383670957941506	1.25663390374277
-0.325348123746709	0.925626843506533
-0.557702595540624	1.59181408150765
0.0771740762645781	0.122643180162802
0.0163602454047095	0.0186641824679393
-0.273382535474179	0.447175402273428
0.0713500546364164	0.0878700161997574
-0.0912772007320702	0.110337309217716
-0.459999917240857	0.78511057944663
-0.0792914159222453	0.0881943999330689
-0.358662568274693	0.487035042708729
0.483919399522122	0.714036428664517
0.0263913458226029	0.0251495522784764
0.0159953135153866	0.0157601656241351
0.295661803980888	0.367166101493782
0.0352615853338979	0.0362645078295791
-0.0719349000978528	0.0748204026707468
1.01636720949885	0.963084840641341
0.293879922531946	0.200194753636609
-0.111772179401005	0.0451824261502468
-0.650959635012338	0.159168476600347
0.593999996565637	0.443695232623838
0.5613952351901	0.450124634872999
0.794282633657998	1.0412229356954
-0.103661211299347	0.0639118216307381
0.283082182865389	0.190075528956468
-0.66292479914762	0.657103127070538
0.35667962752025	0.415779520148588
-0.51258935373654	0.550881309657393
-1.45705460984122	2.55231760745862
0.820802082940641	1.15602859299628
0.525312435834407	0.438363172941187
0.27137035970152	0.210413965916328
1.28319823801647	2.02297210010032
0.432307209939339	0.416926095156617
0.27418297485534	0.222985663591401
0.621451554276331	0.759071353086888
0.947701331837225	1.15274237151314
0.46460069672971	0.430194231008852
0.0559686164383825	0.227264261180563
-0.0938997785971212	0.373053025484757
-0.360300335201673	1.81729411230517
-0.20741233458313	0.558716865086106
-0.399882587862982	1.40344197326483
-0.225459664895773	0.517003865219123
0.3610367016008	0.869841540194452
-0.079805642870479	0.113901014944546
-0.100856234055481	0.134814455283697
0.454258100609509	0.800541158198056
-0.123606551469579	0.155792007583185
-0.224816206825415	0.319744682020191
-0.17960823347296	0.230929097351091
-0.146006292238108	0.17314225890544
-0.051698708135016	0.0506691749856208
0.216113219077934	0.257841270630873
-0.087948240475641	0.0902134231133948
0.435575463539453	0.618544696839579
0.0926965626913193	0.0981619351629047
2.08924618973395	0.946370198374706
0.133502874099665	0.0402503094723903
-1.16180306616162	0.360626829502971
-0.344731282817651	0.206037157991102
1.61207780403113	1.12273085327157
1.83559134696813	2.72406158917526
1.2571483667668	0.700646344545551
-0.692710316359533	0.486988393443145
-1.35577317799715	1.36099101657085
1.08942542409375	1.56734728731375
-0.076622464315268	0.0574173672951685
0.442662477711585	0.519258534563208
0.763831513218077	0.937505696926869
0.486018881107652	0.433528442746419
1.22269713267905	1.82996375926481
0.259201148382762	0.223691874943234
0.967125219491521	1.04194254773177
0.300924279016068	0.193584236094085
-0.314431654661849	0.255427641378203
0.667675342108656	0.692237099171786
0.107696414836874	0.556199549704893
0.0522727133877105	0.184653285648395
0.0455421140438167	0.109092556003668
-0.34971656288204	1.44334257648134
0.0350737827108204	0.059482792062771
0.0750930101265051	0.130278958992531
-0.152757298223993	0.261799077989247
0.209008181348985	0.34044654613472
0.319968831740379	0.595944217933526
0.146281662552026	0.196125948687638
-0.187808580670612	0.270097475926282
0.510012184331442	0.817207084283773
-0.207052772909921	0.263999973050812
-0.0361914007101734	0.038355038572055
0.262332057158672	0.312721697428358
-0.0285513968341708	0.0282333300338555
-0.0668470426269436	0.0293688793860425
-0.201189979092452	0.108448888066692
-0.654165411001464	0.159831562379876
0.593615195387113	0.311396953803509
0.00781661813603876	0.00422831954211972
0.263160554004991	0.220665673899478
1.10670569431131	0.986956748064509
-0.307966587956001	0.230112810968353
0.631505403177951	0.658438527280285
0.33243817509967	0.323137036554295
1.03295897342692	1.43494246575197
0.38094425847921	0.412164563378
1.58269474658756	2.85458473466651
0.785148821821878	0.741771400914637
0.590043019130809	0.561723243329422
-0.0748005505024377	0.055857748851016
-0.449249680575475	0.354209903231048
0.0116013006543299	0.00836339976984298
-0.00233047405533705	0.00823213215767115
-0.183321218715832	0.847542549537313
-0.22219332247831	0.847339142969092
0.312744647903966	1.00077271657379
0.207080026349174	0.510577746995676
0.325959352892645	0.875022398837527
0.878399096824263	3.35574192528963
0.293709341414453	0.591371471984468
0.0477312788374106	0.0664072603412544
0.273621158507712	0.494350431859749
-0.0260802999779977	0.0303043410332511
0.0515697796761723	0.0711858466510113
0.0867354645630274	0.110787991149978
0.517707940727367	0.947016502031524
0.221045955808435	0.313727917301844
1.22196265054546	1.58239343600939
0.557318696478281	0.442401782369553
-0.283388730945141	0.178950325112777
-0.116298074627516	0.0695367551493517
-0.639213061922311	0.582344441871605
0.0224661415042384	0.0129823674635056
-0.239667698870141	0.159166423658697
0.529186261494065	0.437310288013588
0.969887382296361	1.27720833881975
-0.144511187550546	0.133900120940256
-0.437381827180839	0.38471293333848
0.426351458556119	0.409492359122931
0.488315976024278	0.598124997471106
0.507062071311548	0.527097963574107
0.917553536899234	1.02715313969388
0.532041395099012	0.544340027678284
0.25961290400841	0.238466180515643
-0.202007206448822	0.158429465999836
0.168424848521153	0.136645350024688
0.790445860460571	0.947566520081745
0.270104668004654	0.210366432081345
0.993776502446136	1.19555453194687
0.675949900904479	0.587314119034416
0.0115978904425935	0.0393840073601574
-0.0786910346301444	0.291133515703058
0.239165732468199	0.820595711014752
0.0552146841811859	0.106712219087918
0.317338272462988	0.842308632357289
0.186154592352297	0.328574704260028
0.456059519332151	1.05944209697796
0.148842285024514	0.235834549073668
0.208051108114727	0.364045320222459
0.00833974616831508	0.00982119468902275
0.356474084127131	0.629921573023633
0.134528592058441	0.159249009997285
0.212443464169364	0.294444974531419
1.01172484601803	0.38539678793708
-0.373501444264572	0.109780204795531
-3.09343711568729	0.972052225554497
-1.16180306616162	0.360626829502971
-2.09565077547338	0.983693098482494
0.28942657938757	0.199312178742737
-0.243236824490474	0.0801000682318555
0.128273953571336	0.0435604712556113
-0.0741422651514142	0.0326106923562931
-0.233867768347349	0.180491630885502
0.285342055196481	0.194121951348673
0.562222571988858	0.55902591817805
0.884536106095431	0.47752815522574
0.602251129073519	0.652781402165626
0.457560779475371	0.307076909536238
0.462074468675071	0.310195319420365
0.153700930871636	0.102829337585944
0.940706190340235	0.926548790467312
0.726585786626995	0.711014026547419
0.0302001040988728	0.0173368771875888
0.0196572074818698	0.0102757033551708
0.562382321596786	0.450410963872991
-0.498613484479994	0.428200401245584
0.389637365452429	0.319413579970171
0.667224947528328	0.564747466399724
0.071608494248969	0.312047468230812
0.201987183878323	0.988067032121429
0.300460683663272	1.13540754808359
0.0244693094710873	0.0452519228163636
0.265600594670724	0.633926506992924
0.162977388593632	0.308815912147955
0.0168930614668363	0.0236503340069648
0.226046670935954	0.401767146207735
0.00690512757607774	0.00948893110866792
0.330647092918394	0.460129668679401
-0.103565684955175	0.127776542242769
0.0724277836940698	0.0851601339171507
0.428220694818722	0.173585777710766
0.641431038909059	0.206705899790905
1.7946373791831	0.704819446257817
0.138169594891086	0.0265198668009027
-4.2329363476773	2.04349479134908
0.67453979435116	0.3189996086324
0.282088919270048	0.204557150626733
-1.99286712871487	1.39680920034347
-1.48242868482751	1.0437687014819
-0.511044861758747	0.263386603286921
-0.0481433541914142	0.0371435537246509
-0.405729672810819	0.32420917895665
0.55167881581974	0.549045485953463
0.866033848228214	1.00633153083133
1.21866589973083	1.33409745802701
0.432554927281323	0.304533086049867
0.484222706021661	0.428512499433766
0.63435662853269	0.579543907688331
0.0351465612316557	0.0271133752123107
0.915703711293986	1.21752900573203
1.93567617743214	2.6387997261642
0.162065085972097	0.951287467029715
0.145010174499627	0.666773448290576
0.062903580088721	0.164064472457458
-0.116670897716584	0.228482480124869
0.257141880826233	0.429474659109619
0.082028076418478	0.116980918310514
1.05592306926228	0.509552535621127
1.2571483667668	0.700646344545551
2.7489176254429	0.781882431670721
-0.615093914398634	0.29636195853059
-0.119482404314862	0.0475944941325368
-0.201163363138699	0.136322781619469
-0.242788883618067	0.0808805347641532
-0.19834145739281	0.106554992945211
1.10959468035066	0.989513038063451
-0.0343723279958869	0.0228529849905838
0.624591795896781	0.557008590914028
0.297457719032051	0.193330328852088
0.384176677090453	0.317950075251499
-0.248187856149764	0.16249422903137
0.534894438964947	0.304130737384774
0.406191172303496	0.323169877186026
0.694417905158123	0.694003476661859
0.291257623042039	0.198822641051109
0.421196762559534	0.319644256307021
0.404367756405075	0.319412606934794
0.357950963675398	0.32448487574906
-0.0400572900510212	0.0259860192593128
-0.0197133111719919	0.00997287870104449
0.560287286899145	0.62981450728939
0.574770576785724	0.648639544155762
0.42391891802808	0.1718634323489
0.992157728002937	1.18659000058507
0.123094069094191	0.682602293703309
0.0487258160203873	0.170736020287673
-0.0352390004171574	0.0762991634388454
-0.0493896863200809	0.0785293081814987
0.925979622549504	0.243736825113843
0.783450280844438	0.466255636153318
1.44934779653544	0.891212773637663
-0.972913404462393	0.579400000485808
-0.415177304936847	0.235629424146253
-0.0708310066154293	0.031305775448192
0.278945855024131	0.201626627745346
0.603282853972326	0.662854395390332
0.26759590062792	0.231376788449559
-0.719106240435537	0.69958115053748
0.667530350416967	0.566277290864294
0.457183592789844	0.305571375026812
1.67091355198063	1.90816755070895
0.631333674481963	0.564818463070189
0.696578852225738	0.697701027067884
0.526431043422706	0.537669391142345
0.26229054039345	0.25188045334251
0.872257387911145	0.886737626563581
0.286118823418994	0.204633551610749
0.170547077177447	0.122339645662771
0.0661979585430631	0.05446825720737
0.263701901950879	0.241189192435372
0.251918527346345	0.23157079996791
0.262661538709934	0.211038816579638
0.411627627160803	0.306304073819751
0.125929398927573	0.69701111267873
-0.0170638669335139	0.0504721714047751
-0.0135210160436089	0.0307780829942187
0.0745789811223056	0.158540592686455
0.444533370346257	1.29846571742729
0.0875665919729364	0.147502968535444
1.3067371029194	0.575609476779766
-0.620643327141189	0.295925269017121
0.69726958294999	0.698738005300815
0.134745422080958	0.0517852696558337
-0.993466461526202	0.5008963607004
0.598762614958164	0.450788831206093
0.990419861353195	1.16105614269749
0.290331601564353	0.207446504792506
0.628663782289563	0.664862326359992
0.362411489941884	0.317391943478515
0.171101469513508	0.122785051745113
-0.305414253994707	0.226795954754465
0.843486114133683	0.765275972534661
0.164504852324029	0.107156254344259
0.391907089758987	0.415312707238205
0.341693410575232	0.299649449926303
0.634135160455083	0.573596955575743
-1.08584247494638	1.36627586006286
0.457866558107816	0.421764172041564
0.105807452444672	0.0868717855492831
3.62254507579789	1.42030496214698
-0.0187294350828308	0.00946465838580439
0.16580617791877	0.11623535097385
0.266739455767327	0.238361563054368
0.709189724844037	0.806472202796661
0.175406305631391	0.143717294088478
0.259259634967286	0.247108002606533
0.949320328571433	1.15685752180814
0.0493858681981728	0.20596605900639
-0.0404116569229709	0.132849850123631
0.110902936498924	0.32959791655244
-0.144330881376982	0.388525568877992
0.280044125961715	0.826173739131913
0.214835365280857	0.573897184199454
-0.0395120215757762	0.0703168122339618
-0.0336757895500321	0.055409182635434
0.679351020763047	0.321470737969825
0.30927680096894	0.18321776269682
-0.535036661325338	0.205947372347684
-0.373053653203401	0.10950615431338
1.04459613730149	0.506366777282318
0.351009901998863	0.317235182490902
1.08353524817232	1.476801703074
0.70344507666682	0.69598216619564
0.0821971534071402	0.058176806532173
0.391761295736571	0.306388733590138
1.03351663111327	1.08283551854331
0.709432133197485	0.458717060692198
-0.592814650769504	0.438806066103833
0.591964262007903	0.445102349599679
0.931654529463828	1.01067870698974
0.0442696892466441	0.0273733716876949
-0.649635617016692	0.641698119067798
0.261518639987282	0.2436609636398
1.44814551999689	0.910021425154128
1.42692741367696	0.472854481440801
0.891403138850952	0.478113786028942
1.08572501294326	0.80368213865204
0.780698274682658	0.938805089166883
0.269245704471246	0.200572744115172
-0.111943455578002	0.0800441239738165
0.836995563163106	0.76667991653552
0.0782730852139129	0.0548702485438331
0.533101675856119	0.625860253259143
0.245425738590463	0.251929675578037
-0.175112390476346	0.120912338348027
0.486714554890225	0.43742740954322
-0.006457906097406	0.0229353858184913
0.0421689176286213	0.142645774541963
0.0541216955340482	0.149566489503739
-0.178827857928506	0.514878140373261
-0.270653395726851	0.837794420318044
-0.136544334864026	0.310641865558971
-0.0517560339237308	0.0966253095164937
-0.0414557157318109	0.0660227653678752
0.158861484470313	0.27631925987262
0.144713388755602	0.238750913013091
1.76161460404586	0.998795483303276
3.17795353927788	2.53538303607195
0.389264509698667	0.174997942335599
0.131405301493996	0.0450882414222608
-0.558529336315898	0.354073207160157
-0.624101446521643	0.515265463551478
0.172205722957697	0.132684064012067
0.40863664728022	0.306249961619958
1.42476329952514	1.60294896789352
1.45966602440472	1.45247393889486
1.42632351223716	1.57009287637844
0.671545359847249	0.312738037464226
0.889470556141641	0.481307251753981
1.07195294663426	0.65236245433214
0.435610189267415	0.175668833000029
0.152377028199954	0.079614844747681
1.46400991446774	1.46926146809071
0.370721900612395	0.312298639315468
0.26929685563212	0.210429657541397
0.013852645986105	0.0099505599474936
0.658158279284845	0.77981876343942
0.0900834205326999	0.0662569303132126
-0.546897242225021	0.464974544171674
0.860961074257764	0.993154978880593
2.33321600588961	1.1815266348514
-0.545641755228151	0.213156326519175
-0.344890017102601	0.210710529122005
0.317117470414199	0.190232880631151
-0.171827760708643	0.120509579397749
-0.361230649565729	0.322328456428336
-0.0917328218838021	0.0757307557612443
0.132515298884535	0.116376689990853
0.790718333660553	0.946507493916861
0.894242743744924	0.899872561654816
0.533975099059361	0.627969451619435
0.115202259762912	0.605028834745828
0.0283893683579917	0.0990304085059975
0.120047573039659	0.359783914724248
-0.109238345426638	0.2906726732056
0.0828586532091061	0.179349406485132
-0.012572516004574	0.0209250817661128
-0.07215751011447	0.138947849700507
0.0320412064825365	0.0541426327586559
2.74438259751335	0.780038400688451
1.42719460355007	0.477448564652232
2.54483027783621	1.43468379342015
0.136676224470739	0.0411018975580698
-0.343620674522897	0.246497774134267
-1.29543444342512	0.594115706507602
0.169395502927585	0.108829143238573
-0.199384254794569	0.10850922128319
-0.011161212077364	0.00762513757601369
1.1572315451874	1.65433287744249
0.726172175082284	0.907474072580343
0.37545098130369	0.322597972175801
0.384704161170607	0.31889049448396
0.296622119518624	0.202664707284005
0.802719546606525	0.335723422532659
0.498370008905129	0.304514823283044
0.0319502307022654	0.0182615961458769
0.00983160414134004	0.00525087249208387
1.47149338090935	1.46743489105573
0.367109341756137	0.312179323800747
1.8470314451057	2.66777183523204
0.900910997204555	1.40553609983727
0.389720991881572	0.42506037470686
0.973065106411805	1.07477461299803
0.536710465630972	0.63579108892992
0.26681417105034	0.215519802965173
1.3108583186509	1.52417662395506
0.691170400797424	0.690939807936915
0.988861098033642	0.791231633364313
0.799821312383683	0.341077504348771
-0.165320765543476	0.0607703071733124
0.493305830209543	0.304355347738197
-0.183995972471614	0.145878441339303
-0.879553434557916	0.962668640424634
-0.512255611013086	0.476247989695149
-0.57239746584698	0.614928915918224
0.0788778094728202	0.0577758078640305
0.100075152075986	0.0784740929583241
0.00485501008953986	0.00331476742378678
0.405458272808954	0.419978360924496
0.262086984992747	0.211849587059024
1.05349501202159	1.22576423886615
0.882862313722541	0.905669664760552
0.0548696576164322	0.246060402444521
0.0791393385140747	0.307158303009381
0.00103939374091224	0.00252812180400673
-0.0480494363151684	0.118300090821631
0.0123814925932154	0.0250270536166048
-0.0209362799784043	0.0401548270015047
1.01179148986041	0.390812379931115
0.137657029645535	0.0344892399783439
0.432509501915433	0.174245095594874
-0.309849256681613	0.141379600724615
1.70355468014822	2.54570370873389
-0.970252495848044	0.589139928565819
-0.416646943731306	0.238040746846936
0.501579127520375	0.313237612662848
1.34710079551664	2.0548948080015
1.06198037057496	1.72147658483592
-0.156979267607394	0.111719896861767
1.03434489275147	1.102631781258
0.94533457113907	0.936746168380023
0.15147187475542	0.0797436610699984
0.430881785203113	0.31142726848021
0.151851834536449	0.0791544411005829
0.978663786641622	1.06661093616143
0.260611917487208	0.244116519323123
0.382665865907909	0.426477045536483
0.351425409297914	0.170483620230527
0.5029366256476	0.181276920282539
1.30675103647863	0.583158549436276
0.84672057812435	0.612538159663612
0.371825288471797	0.316396129145631
-0.450493893542511	0.354954790269917
-0.676677692155781	0.715199314533091
0.740555949704611	0.819460733093281
-0.337138283751951	0.32842813577001
-0.0263910657587687	0.0223502187152322
0.184098995022025	0.152722637838761
-0.183144066671415	0.1438634668089
0.39902624552244	0.428365985298887
0.265222630732818	0.229926341299337
0.261492772101707	0.233203561958513
0.185000255056629	0.152904145053926
0.654713286876729	0.676520796028695
1.59544598834943	2.46721121312884
0.436842365192344	0.424701184118747
0.0360476776652423	0.143691656415863
0.0452236082192154	0.158104544803779
-0.0156757006957968	0.0366685579419883
0.432509501915433	0.174245095594874
1.02332116822219	0.380084031139872
-1.80211551800213	0.40518546889285
-1.53732327136021	0.558096879249065
1.76780822572215	0.986271362495
0.505287488395991	0.440657368170078
1.30745495657921	0.576594767890921
-0.256487554569365	0.129258625019038
0.0102595791031524	0.00545531367255433
-0.122534118224912	0.0889505380703758
0.947129461995768	0.930322893628129
0.86608130174512	0.993890048286979
-0.207270169471438	0.140221477945774
1.00299468610841	0.92499241147199
1.7611376530105	1.34918362890146
-0.399224239855458	0.386774478618453
0.143155562240393	0.0688757413903805
0.462448545664489	0.312860762622262
1.22139753517999	1.19911828640243
0.879100906048097	0.904219720065871
0.407400252792425	0.415382232449206
0.136650751159166	0.0527716036977143
-1.30099989731222	0.589804251734399
0.135641501247224	0.0582261555014735
-1.01667762971841	0.935164836377724
0.291597875048508	0.198889542167892
0.413958413245878	0.311427372329408
-0.302713442024838	0.277014366269288
0.867863840194559	0.989536813609443
0.123297232389082	0.108497167170241
-0.742359060545209	0.820412636263751
0.272820806848954	0.214135165445387
-0.388661838680329	0.374632700993612
0.192044597896795	0.172432934247335
0.784707153539359	0.8503513531782
0.607444329357664	0.665208892220288
0.365499843515474	0.310995347718004
0.263592832725796	0.235237492299144
0.357801546272244	0.313321174992554
1.08586944174249	1.48784201562194
0.616542356868178	0.670904267867065
0.011399831393551	0.0428762135737884
0.109626851554771	0.470993233027092
0.0645510062760171	0.185940927065625
0.0640539137267372	0.114546033767345
-0.0285086163410081	0.0437543690615887
0.150217699257601	0.216424256135358
1.04792463449461	0.512690738025412
0.596091643308744	0.312565873458659
-0.548826775034017	0.211250996003237
3.91546572819885	1.71168750050801
-2.58513149511835	0.689509113042442
0.889817632427664	0.484607505046141
0.427912885754657	0.174104059517884
0.860399022655065	0.988851934369389
-0.61862729111801	0.300331195278872
0.150258155356012	0.0791124177227824
-1.83803973235649	1.65544593270631
1.16949514386714	1.75409515044235
0.104425089267743	0.0810707111853928
1.27625672485524	2.19789952157618
0.590712511167582	0.659882704952913
-0.495024834471141	0.56286371184827
0.275340274822184	0.214120426104157
-0.241174986122968	0.159292707457306
0.643388055259257	0.457632047972718
0.639479313616616	0.455050950789568
0.845518931357878	0.623774960953166
1.64783329304001	1.53513219247643
0.661003445114484	0.676044251185653
0.499112444927825	0.527154241301822
0.105316140110106	0.0826475016338323
1.01959314853469	1.32723206143032
0.516041665672724	0.534959087995007
0.510018371949864	0.527507848748378
0.0604956087202189	0.0390131786307106
0.801383180273715	0.338980745417885
1.80171542630451	0.706040065289216
0.166096442976778	0.107274730782002
0.0629033231381984	0.0424699591255048
-0.701990347011963	0.567287525534879
0.0808144370360659	0.0604402410429345
-0.686608234455252	0.852835272747562
-1.1479410489233	2.04977440436868
0.553201255544282	0.622656002093099
-0.251784423750026	0.215272264912108
0.950806546449082	1.36202269175183
-0.27743990724356	0.288272860348947
0.423863271819038	0.433239901509215
0.314203060440587	0.328084444761853
0.784987149976577	0.852375934589028
0.0704000009765951	0.328616698117737
0.0638242515075277	0.243346641474539
0.0116729922488082	0.0291694668245941
0.0048120764994145	0.0105708134235189
-0.107017904122775	0.274820413666393
0.0402089170643192	0.0833445956531394
-0.124542005092656	0.272995022743959
-0.776863851710702	3.13900046154703
0.0618310300089434	0.0848972971618227
-0.200767865973312	0.109606520759329
0.59845495001576	0.555536650317434
1.54511289303059	0.770721136679104
0.924819524550708	0.242047041172073
-2.58468514934926	0.681926813759725
-0.372732473872603	0.110746709749891
0.786262399601765	0.46785168811412
0.279785903499174	0.202077382084684
-0.241840209542203	0.080476940077082
1.23701686956495	0.834388445449757
-0.109469066439987	0.0438963496395714
-0.324110371458508	0.292517221044553
-0.346807063177462	0.307075000530784
0.0875912138536283	0.0644037864252969
0.320833705027606	0.344591823280975
0.563037567010679	0.447381235904939
-0.17975986524092	0.14250087712841
0.387268948663188	0.320798169601756
1.21758306160245	1.5904592570656
-0.895558661552366	0.840651283170007
0.523052291689795	0.541796152800564
0.828590036470748	0.755026263271461
1.57443074631665	1.68820269616332
0.15635973505044	0.105033435196511
0.264843967642693	0.284520192293702
-0.177228523374516	0.140580575641274
0.697737412261775	0.800305006155912
0.284629635911048	0.206722479091129
0.427612620213552	0.427049270492894
0.484012625937142	0.432323529961585
0.775632832619499	0.453482726653922
0.599618384397962	0.311938461645306
-0.54045007876494	0.208645621535233
0.291795898682127	0.185079457537441
-0.0295581351576679	0.0195523090560962
-0.0716066944840246	0.0530239330714435
0.73604538855838	0.804172946600069
-0.0600075700475548	0.0500804008287114
0.108375589887257	0.0903608547508095
0.0718472372986272	0.0584617843034207
-0.235538969496467	0.218386626036075
-0.392121660210161	0.37558930166596
-0.215327789073423	0.168970953072438
0.180545466641473	0.149456869076358
0.195263064209045	0.188799410613488
0.618158312015121	0.761621224857963
0.121121274209209	0.673235655579249
-0.0204589130700951	0.0676598241097599
0.193094638931613	0.736747095807039
-0.127016914852368	0.351472716706295
0.0862062949987392	0.196587472019594
0.0133659572571898	0.024686368062218
-0.186363568658285	0.415205142268089
-0.26122948288936	0.518611594456055
4.37108361468056	2.2978284312916
0.891786233446578	0.479376604609741
-1.54563063269447	0.560692390639586
0.388727779232261	0.175282179157905
-2.58468514934926	0.681926813759725
-0.617188727149071	0.299509832761619
1.06783604786297	0.650964574183412
-0.249864415705702	0.165699061510651
0.801383180273715	0.338980745417885
-1.1756193160368	1.0202313151691
-0.305411126426616	0.227767082345048
0.255587140678404	0.225963397276025
0.589429014871524	0.654651694860311
-1.07697980931869	1.36727185644812
-0.42994107722788	0.411279962389925
0.264604368610042	0.214009029935051
1.21515947249053	1.91432421247402
-0.166308838608342	0.130337262003669
0.341740451074484	0.317426484012221
-0.288916588133176	0.184788547758417
-0.0975894600945109	0.0603896277548236
0.939321116112458	0.623522622047829
0.75420376633596	0.905124069092204
0.279271285732691	0.218030460918065
0.177081398699664	0.145771290301366
0.318205123787121	0.339955072466329
0.117874275092111	0.0987850507539212
0.533895262524724	0.534092966079075
0.736575516148891	0.783875807156977
-0.204265875105476	0.157552068147279
-0.0372392329198524	0.0178452615371284
1.26410476667633	0.692865950584887
-0.164113417640613	0.0601976090971911
-0.162884712586823	0.0926579894537663
0.372885867742432	0.303356157589799
0.042296556768514	0.0257071728847732
-0.672644213120991	0.780380279619867
0.0819026726745501	0.0587540457904663
0.00467673518511836	0.00375934618537266
-0.729028037546756	0.929947563900619
0.6226779321656	0.648116528119833
-0.235312893748604	0.181962825583223
0.8617380870955	0.997395970736126
0.651604184973706	0.660001196744717
-0.0162086722742113	0.0110711468115543
0.831231657967777	0.862820746252881
0.367987966012854	0.325510372029453
0.138169594891086	0.0265198668009027
0.138015857312573	0.81295689735498
0.001253243219568	0.00381033382792631
-0.0517191357921693	0.148664229556984
-0.245666324493707	0.900298089988617
-0.0983908361410238	0.238505433011081
-0.2853526763467	0.843577417190639
-0.00139742522836595	0.00219272100592388
-0.100803344155009	0.0627101615774147
0.835293580435574	0.753638138288647
-0.749707900448518	0.266629197702648
-0.53235250748417	0.203189204919792
0.800473766880362	0.337564218889536
0.14091322226781	0.0672293894312522
1.55964143103246	2.53260694217868
-0.556897647121844	0.350485901162971
-0.320294923067913	0.148177619840786
-0.0783066660553616	0.049676157260566
-0.738413829733941	0.917271883920422
0.484423738518632	0.528488029071485
-0.852291986879912	1.10431818590723
-0.086405740097074	0.0791529927051685
-0.360792480420411	0.351022351453129
-0.742214804838891	1.01190500674633
-0.229334789775228	0.174246846074713
-0.622001424317061	0.51914357435991
0.00337871360578008	0.00189061399843333
0.368051611609864	0.331307816281649
0.0717086524506814	0.0505366403588805
-0.0327349248491049	0.0216958153884298
-0.0124744553687999	0.00639474335018876
0.293391103524939	0.200443599880542
0.964416395280729	1.05162053844424
0.510370875877559	0.623065748168688
-0.421684429144366	0.396627414268564
-0.010553044478257	0.00720280676974611
1.02785873957956	1.61116839683895
0.435356245290977	0.520457213024692
-0.00712777780336533	0.00566365230136162
-0.11353513248894	0.0811724044874722
0.00340666051349802	0.00230413417569615
0.431950982282601	0.306313653681361
-1.8471013721322	0.774661148617268
-0.749707900448518	0.266629197702648
-0.538842050721274	0.449472779954293
0.485865865461632	0.435285794521283
1.29857506896778	1.78357538173664
0.181712240202499	0.172576709651528
-0.0452120781381529	0.0347261434464973
0.474061937218957	0.52770884131938
-0.209361135706437	0.192775990444487
0.515038461836075	0.614973120316523
0.0293335062845266	0.0225284756347883
0.579450170702189	0.638464206609516
0.446771176003258	0.433129175346224
0.786984990650711	0.857671801474452
0.714623036078479	0.971677436035983
0.137716344096337	0.0264356853006178
0.0127848487682129	0.0484505787959794
0.0315492361802174	0.109304650224314
-0.296836441193689	1.4525804414817
-0.221133424265608	0.736387192668197
0.0326219404842716	0.0659967661869981
-0.1084324641927	0.199929323484041
-0.409349575316363	0.287803723315266
0.943901035143569	0.91660853810823
-0.0673035725656674	0.0287724866830417
-0.961636748083607	0.587462253683065
-0.750453159564684	0.266070645067511
-0.0746351060988842	0.0327748839147642
1.43866513018733	0.892858676693574
0.412169412491544	0.422207111778952
0.130532703120568	0.0616137616686502
1.09380284995953	0.823027334408658
0.154497855914897	0.0950192899360932
-0.213151079642403	0.184561607080714
0.264338455930332	0.246452192274383
-0.312960250150224	0.27915434680263
1.48930036274333	2.80830881048377
0.732987590038955	0.801363092624374
-0.233587669683929	0.215977871581142
-0.0863165541407254	0.0638468315499999
-0.888016603908482	0.895499045171556
-0.388442597518343	0.374967455457714
0.238478932551551	0.227127899804924
-0.315122002146437	0.261190291399211
0.309642544863805	0.182859184344927
-0.283909765836557	0.179719152546593
0.847943005108014	0.621438107701349
0.163989548701838	0.100035706235181
-0.067557130132556	0.0616366857318915
0.0888833274478488	0.0650318902663449
0.572866045466498	0.649997989772541
-0.0122704993328357	0.00972687658057419
0.780028725261858	1.01838460992853
0.490484053544584	0.538255839827268
0.61702600528683	0.753675154962266
-0.300586317586582	0.276654860046444
0.25733253214117	0.240761387092039
-0.201070708036341	0.13758597657294
0.0358359877009248	0.0221421901564502
0.380099872758889	0.1709421314455
-1.85379837077741	1.17735138328201
-0.711038370140719	0.637370380264314
-0.122814880661478	0.0893849084567899
0.688956705507845	0.673038696578652
-0.0560102610247227	0.0476468702132971
0.982189354851032	1.38434032753071
0.0166305507128341	0.0140745926134213
-0.194478252885464	0.216673940002274
0.122084770533927	0.109155866981697
0.553708872430024	0.643369242214739
0.137716344096337	0.0264356853006178
0.0674587660993301	0.311384163463232
-0.0772435453654761	0.311885843767047
-0.125618058340562	0.438802834404942
-0.117121217168444	0.320298924323182
0.0557830688826535	0.111142731021225
0.56026445801382	0.431516160177781
-0.451441368661804	0.354842345784179
-0.200767865973312	0.109606520759329
0.138235964653354	0.0526354683444334
-0.74554030308287	0.261955894337664
-0.750453159564684	0.266070645067511
0.486760772274179	0.304220511677795
0.18474339145717	0.156055735896964
0.00998199437149977	0.00532355087174111
0.56938144892454	0.448872534894064
-0.243931137024501	0.160697942006054
-0.147630377265216	0.129836334080118
0.391581882460057	0.415685938143246
0.132818661921008	0.113859859255432
0.791927771000836	1.12663038134922
0.6885326833658	0.783355163602591
-1.14220090046674	1.73098355778644
-0.936519905345303	1.42134216678634
-0.0383774208443507	0.0249829760189206
-0.301651594132098	0.223696519399263
0.174277626946965	0.13933393900243
-0.307385169793576	0.225530163154734
-0.0155612252542835	0.0105210297140076
0.135887765032073	0.0582733816768072
1.06731945753741	0.650218795255209
0.465607244899604	0.311429402720317
0.567344781806314	0.647566433715893
0.665765688213726	0.783325689104955
0.0821790033966871	0.0600386220816362
0.542584183253137	0.718308554800943
0.192395759597365	0.168614521318921
-0.0689969980914393	0.0578233395696082
0.116095102958751	0.0971729045501512
0.192275091689144	0.181103817938111
0.711800973974286	1.06619648554982
0.137123026552633	0.123224542884504
0.362107983972595	0.447841250727358
-0.735474668906917	0.823737646741114
-0.284245932851023	0.239569955087365
0.439734941994099	0.427883013667164
-0.523903089232754	0.400646844449607
-0.401235277977123	0.168155174101626
-0.371963944093828	0.110621992809151
-0.806834522183001	0.63042987441443
1.01099887184763	1.30186504103752
-0.0747972114400879	0.0470966545610263
-0.326892660143176	0.298982121924757
0.578283156545847	0.687255809652695
-0.0216786371877304	0.0169955796922697
0.0545087349639179	0.0447562641909149
1.40363779063729	2.25263916804385
0.359352493839115	0.311915255432957
0.823515018172962	1.04391584824124
0.555782958729349	0.553060036119361
0.139073148904902	0.0266055202308437
1.42795516831077	0.478570790474717
0.137080532436617	0.0260826732150604
-0.649319222104321	0.16021039083734
3.25036486382959	1.10725094810752
0.055265603998207	0.247862278904
-0.0973971537289459	0.402416025848041
-0.0727732686224656	0.206978107972385
-0.073605011541785	0.178405358009823
0.472375638972846	0.50921615646198
0.407615017578729	0.305322148073881
-0.350712039775995	0.21201738979774
-0.617726724474063	0.300368406367299
0.63533835195479	0.202617768704467
-0.110340832989386	0.0445605801049694
0.136082679681813	0.0525324784428168
1.16945882120652	1.76494617678863
0.559711538409752	0.443747000997943
-0.590674006954712	0.437320983972998
0.0552298985556019	0.035390644326372
0.358138566413216	0.435798164843307
-0.688898982393154	0.92645788245516
0.424056756232265	0.502563972706335
0.182831460745596	0.170850520361525
0.632916348600677	0.676498304140223
0.147596092835919	0.146132081156339
0.262862729963878	0.265943880711175
0.846602633454033	1.05081999468695
-0.390089575692899	0.403109271467763
-0.114360789064083	0.10289104291471
1.21844746972683	1.69739794167816
-0.207174391184943	0.141882290234961
-0.514109365582238	0.391587068596644
0.414892210737303	0.422938742024209
-0.288517108384799	0.240931291493177
-0.524601318268461	0.567162854728634
0.0517230842779265	0.0431894741274318
0.267495650998892	0.216142115853963
0.182227957429047	0.166724694741148
0.781215796043306	0.935249687932804
0.0477192642534863	0.0388556046193462
0.384447030172669	0.42615505791217
0.265841664680046	0.244230519714555
0.608611831157579	0.834267974831547
0.311684613493791	0.339686813176476
-0.344175391388371	0.324342734344147
-0.604609813824356	0.598361363097123
0.904267660989232	1.00264889562068
0.428893810186789	0.17078516431308
-0.112308593694159	0.0453798461062963
-0.0974356128533317	0.0593777523224942
0.27006682225214	0.21759942102966
0.780036069238631	1.09653989093728
0.535572895483005	0.72240099299081
-0.0769852694125701	0.0632909852865305
-0.540114930588152	0.615987539290046
0.603063673013239	0.753951590648758
0.488495838049126	0.617463727701809
-0.539342996747717	0.615233096077736
-0.0576684694414626	0.0436040621296152
0.269869464250412	0.246485447340799
0.138169594891086	0.0265198668009027
-0.368734126017043	0.108489275130813
1.95338582999428	0.463576578510391
0.0772867628977319	0.368928764932439
-0.0285324725538583	0.0959370567321167
-0.0190129979585011	0.0481141713922885
0.755877133153119	0.920474274733269
0.177112464566246	0.143734014165222
0.137369263801989	0.0656251070111346
0.714608601608878	0.453121218307535
0.926974875419701	0.246284209674963
-1.84225789113783	1.68651333649846
0.908165322615918	1.02209610943236
0.312584395344612	0.331640657369211
0.83275580439147	0.762888837739024
1.52813395645301	1.82090382210095
-0.396718487874427	0.31433996258604
0.0846589842391469	0.0876581885007035
0.294396458160607	0.365335508833108
-0.426750107805467	0.611719962512735
-0.216798256309587	0.257257601250537
-0.381517735889776	0.414099613828314
-0.11079604823347	0.105965441792395
-0.101221172340707	0.0924715931845614
0.742766811064185	1.08589849208849
-0.250467025758613	0.213224333104198
0.297404488571043	0.35455074173239
1.06292231877156	1.66041523495004
0.175811683848854	0.136374665445817
-0.310412403565931	0.230966347581448
0.55981890864972	0.437667984498538
0.457812999664818	0.418757932122869
0.183125137853905	0.159299527952368
1.04518868975618	1.52401287720878
0.675798350463708	0.921597884121599
-0.323715623558292	0.313890186216748
0.201025659489664	0.188961726418315
-0.149077317913559	0.130330446816133
-0.237792542060585	0.218855377898898
0.195970838004087	0.160751702083962
-0.09686460349571	0.09340762108976
0.175425759598999	0.150534340488574
-0.10223984523108	0.101201451516904
0.251265089203425	0.233927294504495
-0.537498237477362	0.603549025698262
0.908961744976302	1.31634182196569
0.528383529884609	0.537685702513375
-0.240269367855357	0.158877685056766
0.132178724057892	0.0510702765080139
-0.596440362751204	0.595371754305967
-0.398189190135456	0.481362637873159
0.0557871645984182	0.0457093624304088
0.11194554952843	0.0919062716404946
0.257871118248697	0.239558247125094
0.628071217010621	0.743565140724014
-0.903259488605133	1.27800243957857
-0.661569925746846	0.654915434557769
-0.635672582650359	0.568225377845358
-0.54308928663835	0.530149236801208
0.77743173224165	1.11771943440421
-0.785291228573989	0.349787734626296
0.929020853400311	0.244303524147299
0.432277887889071	0.172305665163291
-1.16076621190063	0.359385238156804
-0.649319222104321	0.16021039083734
0.138169594891086	0.0265198668009027
-1.80190156331263	0.405310176911618
0.926329332609966	0.245803896301602
0.0970980144718495	0.496477118648632
0.0694491452860177	0.266910222719349
-0.22732133007573	0.277779162052088
0.905648945891533	1.64935901175276
0.361648992327195	0.318742821561209
0.988531653198373	0.805944460469629
0.801383180273715	0.338980745417885
0.00223617825554142	0.00130971361961808
0.888648724561647	1.21881908049111
0.70954763401133	1.38657054031191
2.00708866099213	2.7513046878522
0.127146452617599	0.110541236477352
-0.0159895679622931	0.0149308438440343
0.331243098563459	0.526741202228062
0.174296635998733	0.206477826962152
0.251469266037721	0.305203905891552
0.7750343142599	1.58456484433338
0.286259925461382	0.383901742613362
-0.135005270134859	0.16058684388797
-0.41823488419213	0.528600687818151
-0.0176462497206673	0.0159991106597584
-0.440560233000114	0.471801765360947
-0.225623748459617	0.219633006652452
0.394391274435337	0.432228626555633
0.119183319730761	0.0988833922164348
0.400908930107652	0.429441642532876
0.21118129176853	0.243081056132436
0.402019113292346	0.518708775555695
-0.112771379021591	0.120080225110477
-0.0102308161900249	0.00896274010439586
0.00220958963853072	0.00157276775910097
0.00852728970334144	0.00675502321081085
0.552666009197943	0.544265648118366
0.485946279034967	0.52771315329885
-0.43306917013286	0.495262872163502
0.352298527092548	0.318658343429913
-0.26777532077778	0.265416560183491
-0.0667085856697708	0.0563194473944503
-0.698519870775502	0.948236499647135
-0.114885675250303	0.110764741115657
0.251783591595301	0.268211650123202
0.404932905804656	0.299532600038252
-0.265005849951811	0.200518901669667
0.114627131989217	0.0931461416077802
0.738061803889018	0.807471728496487
0.518598428980042	0.622292806463651
0.647521574504777	0.943470876620593
-0.317352843955716	0.265074536591267
-0.956072421059079	1.39022553277369
0.825525265075784	0.860837114438826
0.366310743264187	0.31139928334761
0.290378620775641	0.216209665207342
1.10040363084679	0.941172228894068
1.04913646577078	0.507645145343534
1.01179148986041	0.390812379931115
0.693541362523347	0.448414044037245
-0.527729501401349	0.40168836586253
-0.797546598709702	0.511630829823162
-2.93041807201896	2.10510973769717
-0.692158494350173	0.481018094822807
-0.803836081564032	0.609203486421153
-0.371963944093828	0.110621992809151
0.926329332609966	0.245803896301602
0.640105850465034	0.203838328173808
-1.54287595262912	0.564324390459102
0.142698404858563	0.0359575700897484
-1.04921291121102	0.426520143491694
0.923120742885382	0.240835684941142
0.138818714405564	0.0354421828043769
0.0706771194546392	0.355890653852035
0.0162575181310775	0.0427123691539687
-0.0841583369502416	0.201582055384837
-0.0532245468180974	0.102558936443824
-0.0921788773368611	0.161467664542734
-0.181948854963149	0.195674263476614
-0.0102619182007014	0.015306001386355
0.261260345105124	0.636031826920562
0.416213534963898	1.01573976051087
0.596552765006813	1.50073350582423
0.246101754011889	0.489748939513348
-0.0411068829890812	0.068239134748862
0.276361731472968	0.495717342087134
-0.184542255232012	0.218724993307022
0.6465759113907	1.18373973775453
0.399957378054079	0.653800467645535
0.245953011318723	0.383820336437642
0.0732466073304783	0.0741487714192294
-0.0493686407927765	0.0456758199736535
-0.102042489011317	0.113803931564781
0.0366648111690968	0.0391825013199054
0.21979901591824	0.267457651326995
-0.440035583237042	0.647488373349962
0.0831787827542021	0.086915741089087
-0.0785055115073081	0.100818504806225
0.110365117150905	0.112595652437198
-0.0184841529017868	0.0215987101694253
-0.40881084193215	0.495600693021824
-0.411568361795388	0.433164936175253
0.567340727815438	0.540986993070832
0.484282551874514	0.435693794587903
0.903340372034214	0.787383291804919
-0.481340955956239	0.32118112905991
0.366024318286635	0.307714887943348
0.403636685826963	0.322376476067057
0.154078908148041	0.08038517697846
0.466891350574236	0.43075880761043
0.195122920269996	0.187856502377134
-0.309569144284323	0.255908006082152
0.822231284954547	1.13737425456449
-0.0566920820829993	0.0706558503601768
-0.201581391932318	0.464103174697728
-0.25835943455034	0.484532146751859
0.00947845042979782	0.0109950864853373
-0.106367335809908	0.0790710161902172
-0.215912417522677	0.161203419337358
-0.529299597132028	0.401189473563964
0.846157256672745	0.613156434287601
-0.416536811506131	0.289973011870269
1.02781459421435	1.06757781593324
1.12265206270838	1.15310154305947
-0.590249277471659	0.437867509118725
0.676100070149117	0.594073332533872
1.08846647283021	0.824514414047792
0.274039258012366	0.223329719612544
0.0703702840221052	0.0478230853984807
-0.0773381626557534	0.033870011436474
0.369014034383953	0.323153038164626
0.804306426214091	0.344854975606889
1.09640120283032	0.828760806296515
-0.407230032524044	0.172278140079668
-0.749707900448518	0.266629197702648
-1.49582869892214	2.1320852933854
-0.557595964520709	0.357589675212175
1.21712922430969	1.34001215253081
-0.614213174528868	0.293850138109035
-0.0154877389427845	0.0104881815558402
0.292391390003062	0.1978920210263
1.94995482755425	1.21142377036579
0.135878239379397	0.069676602518449
0.0357836776471846	0.0217122885850732
0.508081388675797	0.18525425523165
1.09910706701279	0.971207995715183
0.819246104235583	0.959170118311247
0.00745454842769115	0.0272922442405482
0.116926065827979	0.612252179255137
0.293942017764548	1.7023108615558
0.0767395749499072	0.19212459586002
-0.63180216621061	1.44703242311789
0.129201478427437	0.286079460870587
0.0925530442874316	0.191215663408584
-0.113422102993342	0.199125354146808
-0.13560755651309	0.214658099267169
0.0569265875000193	0.0854053750817837
0.109979971005808	0.174270882215357
0.305100751538547	0.34412116236442
-0.395062001075898	0.268608940861823
1.51510681923054	1.26614307949458
1.05815322855655	1.22294003818834
-0.155795021988181	0.147306233460539
-0.0709135803836853	0.0314601090791741
-0.251545420653852	0.127563395483443
-0.973179691308469	1.02825567954742
0.28814385414447	0.205713109607803
-0.453433165536682	0.462352183117551
-0.370629108968721	0.357453026509201
-0.243481003888354	0.258080537818271
-0.367572187818301	0.564484020751078
-0.0165083903241584	0.017540247959291
-0.171168385474854	0.134315045451378
0.534914257334203	0.309684694787111
-0.112468565213558	0.0444141994767774
0.488885972753049	0.308682076912265
0.50319579437189	0.179100171844126
1.42719460355007	0.477448564652232
2.74531503858304	0.788587032684406
0.120930099481501	0.0410532619666099
-0.240192843554859	0.0783619257533514
0.513068186324434	0.1786983902239
0.131769780715528	0.0397831026994758
-2.0907818935671	0.980234505113829
0.132755613913402	0.0400087413766842
-0.115459882139839	0.0463015550636823
-0.849756682415043	1.03183357494513
-0.203992311915429	0.389029986219485
-0.443582489723839	0.744100277297935
0.253459896782685	0.251731333304446
-1.31033375013361	0.584559487681778
-0.540115924833076	0.208200252419204
0.138547275345784	0.0347818496624983
1.79770278509994	0.709688375349796
0.140605369101782	0.0351308802058006
1.00584278548199	0.382668190967484
0.639660215207864	0.203910262751024
2.7479767545239	0.782066977880158
0.538135822850879	0.440881474721512
-1.91754767310326	2.3530361176013
0.639660215207864	0.203910262751024
0.302157108684827	0.196854860407456
3.24830720791551	1.09477551568481
-1.15865836302273	0.356559362366982
-3.4747598518894	1.2627547738838
0.132754372873048	0.0334623448971025
-0.316477761192917	0.147071831210077
-0.0889224623678945	0.0640859287357552
0.276220974169145	0.216746752687342
-0.541486546335587	0.211448846736342
-1.16105011316119	0.35650557951397
-0.243489732986148	0.0812398100864258
-0.746534217740653	0.262483449927324
0.147623325386787	0.0847867516600305
0.175267752131144	0.135997914379552
0.0267959061678886	0.0152999637461372
0.314415428466466	0.187799648108989
-1.26769824568777	1.18521610008659
-0.796200332529962	0.92544599346561
-1.04921291121102	0.426520143491694
0.152647558721937	0.0719562523883302
0.387687494917328	0.29779811182641
1.22699149035758	1.46936306796989
-0.0388224744382589	0.180004214489977
-0.174191839463653	1.13026855253451
-0.398475711273459	2.98092827408591
-0.425456323292696	1.45551374065355
-0.216421806701435	0.826079366160792
-0.0165213155698095	0.0394168258700867
-0.0260309613657716	0.0545259020951206
-0.00287262556258624	0.00499721540223745
-0.103704755317694	0.240550412307845
-0.0845961896906332	0.15242050675777
0.21252885360321	0.241480326919934
-0.188445636242559	0.175999596366541
0.161078488073435	0.109726637694997
0.800691487324486	1.05316090379385
-0.178612300966405	0.20208222491572
-0.492669037258983	0.42845969166877
0.774209192876417	0.730195808320112
-0.102227943111421	0.0914275144723785
-0.920673593515476	1.17099741842574
-0.122325769925713	0.0883329694098409
0.669918209626937	0.859923589206309
0.313764056042066	0.410509067157428
0.317688697694152	0.525117025266365
-0.195627216116889	0.291072326500755
0.581967958777448	0.565268781062886
0.485836116520813	0.303758626680414
0.937559653530186	0.623511659591011
0.785208465763698	0.601949350923803
-0.406954442264833	0.226710010463472
0.130491514010977	0.0447267681525709
0.138818714405564	0.0354421828043769
-2.09399808074663	0.980549459513818
1.25826352655386	0.698954794444829
-0.166516172230199	0.0610465571450152
-0.54475781047568	0.20785883685848
2.09758759763192	0.938434430282536
0.805603056238882	0.34186941638754
1.09640120283032	0.828760806296515
0.701352550862302	0.78756789033957
-0.0611860163767278	0.0976163005652089
0.670964189301058	1.82767031139313
0.265312246130486	0.278728874426593
-0.0699966327578904	0.0306845628091328
-1.04754508412445	0.420204545894216
0.807657047620498	0.341688010260639
0.428840454776996	0.172997092811838
0.132517398019614	0.0400248322660559
-0.648677249821696	0.158587087101144
-0.371963944093828	0.110621992809151
0.596048893740887	0.666234464891127
0.707952918640092	0.971816615113805
0.444028106372791	0.622922650122384
0.468296913832479	0.427582282243013
0.673638406368234	0.317580013534459
0.59698332640387	0.313347175901406
1.16059354167528	1.66816277290664
0.061087712003912	0.0410434958539638
0.136174499395106	0.0402058114068659
0.498034366747092	0.177582512084549
1.76104738113058	0.992382441662297
0.929670085417592	0.244778423912617
0.573648921667125	0.641699114057314
0.197264273287545	0.199026966908424
-0.410196141807846	0.472077890926221
-0.0284280371437667	0.018946179581976
1.79063227897974	0.701853790205257
1.43184622835253	0.479292741706694
-1.68584536694453	0.965430450370337
-0.102626397939785	0.040910047685406
3.25318829374075	1.10976895754928
0.116652981017687	0.097645555557489
0.0604039042616004	0.0508814447961917
-1.10460204163286	1.89112435782123
0.092442829396741	0.0838225155225633
0.27019864406791	0.222252993326815
0.340392904924628	0.326785251307577
0.27147383128126	0.220598011197201
-0.0018118679294147	0.00140880904635682
0.267791277972597	0.279177131967463
0.307761409251045	0.346180147276444
0.0670896039010709	0.354113901288128
-0.0761814120077456	0.385058757152748
-0.368404136222774	1.54238460470329
0.138830007242469	0.484124781057651
0.375112062497499	2.00145234086026
0.159755556638399	0.447956762144119
0.348065377921291	1.06491885404268
0.0977687912781515	0.230356207529667
0.00839990019949528	0.0137680480039709
-0.207959083872637	0.207175049993139
1.54400004632691	2.50543667901856
0.654800934525575	0.668975568729816
0.654196804132893	0.76435667397618
0.700433325107317	1.13083642465272
0.415593027192811	0.318019398138036
0.0781597205806138	0.0561167845687258
0.904886223828282	1.29371081277784
-0.364788851267752	0.327487003924071
0.182184384693785	0.153676327501289
0.461479005453658	0.42099532478444
0.21750696797146	0.261613985868637
0.405854717413164	0.692185579912583
-0.226970002825185	0.359516634909551
0.00957743118290913	0.00892001383481239
0.499580651859554	0.536209563800879
-0.305222164192706	0.278977730272892
0.142425808142815	0.0356096114179749
-0.0491818059585894	0.0231400866581073
-0.260135532576436	0.13040278496835
1.05139123092654	0.506672941017209
0.640204384260695	0.202440736609696
0.925979622549504	0.243736825113843
2.5403593823994	1.4201329345157
-1.16076621190063	0.359385238156804
0.433128399509895	0.1763668859627
-0.753925861436807	0.267481396825324
-0.660005862831875	0.389779145792201
0.4313034338578	0.175795446056529
0.776637451995134	0.609206655146307
0.0304105754198007	0.0225377796676355
-0.116028089054603	0.184388832769492
-0.198951275709011	0.332497078647246
0.0933665854106969	0.0849379321454981
-0.240229628086566	0.0794522230625189
0.804297843520141	0.33637515313941
1.43184622835253	0.479292741706694
3.24830720791551	1.09477551568481
-0.377823620534237	0.111128034755999
0.427605900232615	0.173170350163645
1.95256933090985	0.464168557061862
-0.648677249821696	0.158587087101144
1.42898338960615	0.478193832396807
3.2493353238897	1.10864834370629
1.95256933090985	0.464168557061862
1.05898039236829	1.63318623765431
0.365324241544653	0.426658013433863
-0.23841770949921	0.184922390437422
-1.17458304704148	0.658828238594296
-1.51310564378737	0.779088654223371
0.831151863986691	0.963071911209111
0.380485507658443	0.312152179654252
0.136983994683607	0.0594233713524571
-0.167795132472293	0.0613751270235051
0.647434198867694	0.204530170773019
-1.84141746589933	0.769507517210725
-1.54615842792672	0.564342761115075
-0.162698998696522	0.0936095129733987
-0.000814134994854608	0.000726944753280579
-0.206509671159174	0.194725294958411
-0.0653801645842612	0.0282535997008594
2.34234863116686	1.14187929480462
3.62360809261866	1.43608472685745
0.647145173579341	0.455138097669734
0.890702196428059	0.475277995993655
-0.967944191275437	0.596677701401342
1.94813425489952	1.22029968229272
0.302322399849207	0.339920379805139
-0.0988753538866958	0.0815812378802639
-0.457961437028045	0.547161256303659
0.678593807869597	1.02198884119669
0.0768602847626526	0.0517198354013749
-0.17483957027812	0.173082815486615
-0.0645749988921029	0.0397870865996387
-0.112029041069302	0.0801966153263571
0.0615599534750295	0.315368115346623
-0.382457863802448	1.18302890413714
0.360222469417717	1.85197126813178
-0.0197337838289099	0.0471181932543716
0.0945226547649397	0.208429052985047
0.475851992868548	1.38361935454722
0.00669001248391418	0.0113254367473038
-0.10149206937535	0.190450401448312
-0.477516815704456	0.450172217144839
-0.29277748059297	0.185344365834228
-0.594542768263687	0.442880109838514
-1.22676421480281	1.44476123930571
-0.114144573903523	0.0941567611484129
0.629045407664702	0.424267386038037
-0.0672552339731231	0.0297249119201208
0.393810984522927	0.304248420438849
0.581558342501132	0.560446851353853
-0.683429001491187	0.482956193573225
0.573623425443065	0.555970497927663
-0.589133814969258	0.704748479234298
0.788680421889987	1.69012590695406
-0.0877351327708737	0.123920184089658
0.94877745413591	1.61752423623702
0.562655311560185	0.555287135470526
-0.190742740515225	0.167581733104964
1.05040313922884	0.518133696966867
1.07942386440667	0.654678103591139
0.136082679681813	0.0525324784428168
-1.16076621190063	0.359385238156804
3.91963173409562	1.69209819293094
-0.653515136282054	0.159727161117317
-0.171141038737208	0.0622009878427026
-1.17185131443688	0.356117859587755
2.7479767545239	0.782066977880158
1.0157137322373	0.387976380499905
0.505524711177284	0.184537045848412
-1.04404001932271	0.423497660928267
0.804954811703476	0.345472225969279
-0.30825348343116	0.229539164984233
-0.329757183232116	0.674038422148716
-0.135431499407912	0.173826652467736
-0.238007542226986	0.220765585208749
3.25139583150282	1.09209130025117
1.42719460355007	0.477448564652232
-1.16605123679474	0.358241254731586
0.138169594891086	0.0265198668009027
0.138169594891086	0.0265198668009027
-0.37705103334154	0.111772840936855
0.638330742604929	0.20169714697394
0.929020853400311	0.244303524147299
0.922124936246008	0.243516971274684
-1.04991224513861	0.426593579308661
0.640432049403559	0.206671110179374
3.25139583150282	1.09209130025117
2.74531503858304	0.788587032684406
0.134542642796399	0.0341445690681232
3.2493353238897	1.10864834370629
0.138695606515461	0.128723403188432
1.27029030166216	2.19912983569103
0.403944152068758	0.320809224071188
0.347335065735579	0.171672657074869
1.95584693887656	0.462330835133922
-0.136681493376895	0.0968972480923177
0.177203284175839	0.150589235410545
-0.995666827742336	0.503999851262843
0.925979622549504	0.243736825113843
-0.179326380707132	0.0635206524822653
0.927971507294548	0.243537608899139
1.42692741367696	0.472854481440801
-0.571096204907839	0.522744016208621
0.302592508618261	0.359694263191464
0.264502614618049	0.214860021487779
0.889817632427664	0.484607505046141
0.138618353811657	0.0265211219118666
0.809601000251917	0.330548358099254
0.134249836964903	0.0400890519468039
-0.203844405030249	0.108812598120706
0.880680748035491	0.467788059526937
0.644424999818512	0.207579266186308
0.392325267774976	0.417372575018675
0.0391170796000378	0.0291282455637473
0.535891161564794	0.703688973793593
-0.0407155354471974	0.0300675571211505
0.378984542671993	0.309805257866003
0.517845995257791	0.619091787601607
-0.116570475172583	0.0849432378143707
0.0777190616537738	0.0568467905777729
-1.80190156331263	0.405310176911618
-1.80190156331263	0.405310176911618
-1.80190156331263	0.405310176911618
0.0411066371303742	0.14598700719702
0.403537896789851	3.15741920707407
0.25812778972699	1.25259850956437
-0.171559336369029	0.500053011528904
-0.204096841092021	0.454603021572515
-0.176208184839329	0.407914403368657
-0.357805665309349	0.83536839865419
0.511245392547946	0.53416953383292
1.12499066602346	1.15117462268781
1.75744531852997	1.37082962593385
0.464106137096912	0.314957008925457
-0.556868673064216	0.353991853867023
0.359244078965138	0.177150734753784
-0.166993085804297	0.059496315492297
-0.939754488931762	0.692975305117052
0.141818452528163	0.0684951199970843
0.131256737765601	0.0565061525290237
0.420560872943301	0.316696024228183
-0.541113800467076	0.456161777274973
0.100688606733663	0.0793692271109135
-0.0053154280179213	0.0046475469920522
0.583421356505503	0.649944127535141
-0.546554219019232	0.336836996512099
0.132654721583242	0.055593497694963
-1.84041886221884	0.766882661788326
-0.649961670532414	0.158635340685799
-0.372967191440885	0.109879462987979
2.7479767545239	0.782066977880158
-0.650318276706871	0.160755761640221
0.139576085242422	0.0352987079074651
0.142425808142815	0.0356096114179749
0.137716344096337	0.0264356853006178
1.42822224336494	0.477074019570971
-3.46924124245495	1.26110671680306
-1.16105011316119	0.35650557951397
1.42822224336494	0.477074019570971
-0.549770482014615	0.211902200055541
0.140032020441038	0.0531445169702407
0.66800106148784	0.851247284735235
0.073067100313786	0.0638901382203136
0.485823592001265	0.303636725526308
0.138169594891086	0.0265198668009027
-1.80211551800213	0.40518546889285
0.137716344096337	0.0264356853006178
-2.58557826662177	0.681302812577655
-1.80190156331263	0.405310176911618
1.95256933090985	0.464168557061862
-3.09343711568729	0.972052225554497
-1.80583314024352	0.404036831265938
0.926974875419701	0.246284209674963
1.95256933090985	0.464168557061862
0.139073148904902	0.0266055202308437
1.43472489627474	0.470301214618162
2.7489176254429	0.781882431670721
0.149805218419562	0.0789117278379141
1.06694705955856	0.650004273970151
1.31071131737431	0.580370529078579
-1.05245216258944	0.431815108906743
-1.80211551800213	0.40518546889285
-0.650318276706871	0.160755761640221
-0.545910197315445	0.210647933455594
-0.109469066439987	0.0438963496395714
3.62254507579789	1.42030496214698
0.926329332609966	0.245803896301602
-2.58899611685113	0.683672524401667
-1.80583314024352	0.404036831265938
0.140605369101782	0.0351308802058006
0.130491514010977	0.0447267681525709
-0.999057473326929	0.506363151904403
0.127312389438946	0.037842433686996
-0.648677249821696	0.158587087101144
1.95338582999428	0.463576578510391
-1.80190156331263	0.405310176911618
-0.659391095185893	0.158977027492346
-1.54314728332444	0.55980358392447
-3.47400814940775	1.26328835340161
-0.110905120216736	0.0445697256579797
0.379230457608014	0.165511815334456
0.151644385701638	0.0932135213252919
-0.0311300729318148	0.0147267880684938
-0.292872359563719	0.187668445018788
0.432216086405575	0.176459106478166
1.47857932700126	1.93885966996597
0.0362212636140409	0.168555440220529
-0.521980246455186	7.33740008642382
-0.783165732083387	10.9770610523093
-0.222036764276676	1.03792923704045
-0.699217944815524	6.82994231671079
-0.58638736278066	4.05073135614952
0.172994603386133	0.288770984859334
-0.238026372137206	0.333041049916186
0.564950651141421	0.80219648208874
0.351690920540754	0.534372928463561
0.322165611096212	0.474423104837755
-0.43801481539518	0.51597376099458
-0.568037086156846	0.71733676115521
-0.400029677402014	0.589184178391105
-0.424993792205111	0.620798630815215
-0.330826972708956	0.363599547916408
-0.667913337188359	1.01495436134519
-0.374903447208064	0.546969198763284
0.0701696073682551	0.101481797049252
-0.0695090377015305	0.117807702483662
-0.071601023770501	0.0815343815351261
-0.109213026238555	0.104436768754578
0.194420198279609	0.19509168033882
0.128231952882552	0.049380865923928
-0.551621263776837	0.46638484284962
-0.03728462678901	0.0178209782766589
1.25589295386366	0.691971396080756
2.33577604148799	1.18742693832559
-0.645977108318167	0.157387277340251
-0.54434902709971	0.210417930011334
2.72333948075199	1.66680155113763
0.683528387566745	0.316934941606137
-0.103697604042874	0.0414992041073059
-0.164113417640613	0.0601976090971911
1.22021301081936	1.01106474392185
-0.678531902003143	0.459689387617764
-0.348619015170552	0.377778542846309
0.023159584595844	0.0301691475897195
0.0697458379682405	0.086911440668009
0.573628099353267	0.716844205746506
0.42391891802808	0.1718634323489
1.04610704894877	0.51238392387227
-3.47148123429515	1.24344411644129
0.130783366724484	0.0391461997340817
4.37682117177711	2.23143970561977
2.89502963208228	1.95140705480246
0.136312874682243	0.0520703340699958
-2.09008498415123	0.978920478853419
1.43287798690679	0.475136223572177
1.30580229922326	0.576935208796654
1.01595055020248	0.392095167936931
1.02086557302962	0.381874562594937
2.08826346784154	0.942765758491391
0.0854836763701587	0.0739258385516271
0.615226492818769	0.756113426116862
0.805253814537045	1.31428148986042
-0.203569799792376	0.160382674592093
0.139142607926838	0.0661329148947742
0.684763901775081	0.320722889295863
-0.663100777128905	0.654225891357766
-0.736415587675361	0.865656401158835
0.322604693488113	0.17782163612302
1.42898338960615	0.478193832396807
0.00628756593674924	0.00344167638455677
-1.69553610223056	0.957491038488645
0.13806085974017	0.0349020150681185
1.10616448123283	0.976321244147203
0.602050410102679	0.886429213070723
0.173477297614319	0.157998896786958
-0.0994249070095143	0.0616862467074657
0.926974875419701	0.246284209674963
0.668155627743705	0.308739058364857
-1.04991224513861	0.426593579308661
0.435009964037666	0.174896538077082
0.644424999818512	0.207579266186308
-0.320762540157697	0.291435854626285
0.352442621839347	0.177029299330103
0.128532989649213	0.0387330108702786
-0.992189518026709	1.26213405973695
0.119094723220973	0.0997135520497328
0.594140281225349	0.754305098313706
0.247889134934985	0.257918228487768
0.263306955757712	0.238500679977408
0.337265569339156	0.321552860154055
0.390490600395248	0.426790342821213
0.473499612079733	0.51980786238051
-0.0976415488920635	0.591057240320337
0.338499732949888	3.07407915435902
0.503342113590477	4.34697279437347
-0.0777479800730995	0.275252104014842
-0.0185192431486994	0.0479849732070102
1.02599009177897	4.84905454414183
0.78533038880411	1.74172705013402
1.30685877420487	3.77095056756038
0.561480675637039	1.17823900186558
0.277067015783494	0.476961752472587
0.132268715030436	0.146324647921592
0.255021014966745	0.251977473520955
-0.377038835456424	0.667530536390008
0.260665766627868	0.335516437330907
0.307126616737568	0.353954527571702
-0.0914128291549762	0.103006757466656
0.115330661601613	0.164814117113947
-0.471063561001091	1.15132536197338
0.458428700894676	1.27770545638772
0.691077773588703	1.93297998000311
0.32308769118194	0.43342228304017
0.568720081879972	0.951954283442326
-0.353734465292175	0.28975773166855
0.290484400925074	0.200036632218241
0.783159006559808	0.731431640725114
0.531375227499137	0.30251548135589
1.08281119544461	0.657623478573368
0.685329995844403	0.317573720545215
0.422445303700335	0.296413246940569
-0.0621450979558537	0.0272230375375085
1.63765135587495	1.49596695525955
1.31182574196155	1.53797161468848
1.12039412680002	1.1539797532164
0.940203285681724	0.637077588557656
0.420283130523368	0.313861412546837
0.673847235325292	1.18492811289156
-0.0365361015115742	0.0501343015274603
-0.0700198662246564	0.0875607015745134
0.57307538994683	0.984771368500053
-0.313595111923063	0.142732969105774
0.800338380126396	0.337545208735542
0.327393679905629	0.181216563893343
0.640432049403559	0.206671110179374
-1.30474833042547	0.601216161223509
0.63611382542294	0.202940731306447
-1.84141746589933	0.769507517210725
0.436210294585871	0.175609006683536
1.79162840936759	0.703437230890096
1.94902841006364	1.22023555319025
0.459039582594618	0.704156627082802
-0.345897396159965	0.376260517241034
0.485203460650892	0.662730178497513
-0.0430366742389721	0.0331622882118675
1.97308513483174	2.3055246883193
0.596806930107802	0.449199641573937
0.112661281644381	0.0940725931756719
-0.0207931132444767	0.016321970750308
0.00284904406377623	0.00163898101028031
1.60303576006358	1.109302876637
0.694918973651084	0.449560550717981
0.853744298209353	0.622956613186466
-0.650318276706871	0.160755761640221
0.358053582729176	0.332081761323768
0.150911289589939	0.145627491670484
0.0716357916996612	0.0637907085844626
0.604253959246782	0.570020108594264
0.594081343464104	0.308787906513444
1.20430504846279	1.09592283392177
-0.0648788865685498	0.0284394471223583
1.6050510262174	1.10899072153534
-0.104233352305599	0.0416452400814223
-0.116731762298656	0.068881978393725
-0.701860228178677	0.552753242626698
1.44582407234489	0.892195392884521
0.847665277927416	1.1469884112336
-0.0430215883602744	0.0331955649101806
0.150198876908361	0.142126254209754
0.405597570083888	0.513985237482298
-0.0476988610318192	0.0312254038908769
0.269972932499326	0.234736262960491
-0.0818418688062153	0.451880268093894
-0.222045654333679	1.57825058192032
-0.710407487021847	9.27539086329593
-0.553010896938662	4.5459377128062
0.53662206086486	3.16977674639162
0.424733895148925	1.57966252707178
0.549140489214212	1.75017745073315
0.373876821728275	1.14901347159359
-0.022183339675116	0.0369947123739865
0.24657716426221	0.486873625329332
0.221353688516467	0.423250744300464
-0.286203572724779	0.630708054590476
-0.365751009864393	0.72942354293492
-0.38630968835766	0.758668521376167
0.0817106361760616	0.10794217245389
-0.255292433721698	0.488734989144085
-0.583715055681871	1.82424265181244
-0.00315578490812721	0.00433603490932322
0.219495946116474	0.391444054585784
-0.126545454224759	0.155579360398962
0.123444912711644	0.164694276055106
0.946512600950882	2.05931216686055
1.2176253486234	2.37757040369351
0.873432077237069	1.2783637261962
-0.135502683793369	0.105570876124108
1.23092460641759	1.81786209585831
0.291349095962641	0.184726386811485
0.544955289733359	0.540351358435722
-0.150270870388241	0.121719912366432
0.350579538932376	0.316182931766688
0.526376558012802	0.530907954628686
0.179604405396086	0.146192930902511
-0.217691801595229	0.185485428352131
0.65276779619933	0.953216310488576
0.249385913253529	0.327260189281877
-0.0718688705480313	0.0838886919411591
-0.128004625309728	0.121860868641504
0.188145822349679	0.177248319095501
0.641498570901968	0.660139891777926
0.636214757881793	0.445746128537541
0.386761301236399	0.173281851118828
1.45530362981095	0.88833462853228
-0.425619496367519	0.171805142499956
1.22638883022885	1.19075074378147
0.144073722968888	0.0693384517825376
0.326117656293957	0.177661408328668
0.953726624271021	0.636119002254323
0.391439521472145	0.307485584578512
0.0536127726254328	0.0348724576011698
-0.372327326344511	0.424002299809897
0.176873666839776	0.141215323253927
0.0231641965338566	0.0133719092069865
-0.0695095974129482	0.04467582865331
-0.260199903038699	0.237378213621452
-0.241227503316096	0.159892459528091
0.689704146002757	0.69711084873099
-0.158354940138305	0.0908521921927363
0.879587050391	0.8951036153074
0.0415225358617225	0.0256135357747128
-0.632112512902809	0.29654707107441
-0.571308415952035	0.530180405209435
-0.596562574125283	0.589955441967631
-0.12493305505134	0.0906052256595704
0.157045191965999	0.106142904122962
0.369171547567311	0.327196782590338
1.11786436381966	1.13408620672359
0.828103701154104	0.745874469717097
0.275240980475632	0.214914739310008
0.479560482620113	0.429665167313709
0.771098402200302	0.604962684972916
-0.417098577731607	0.238017609723977
1.04949426648492	0.516016321322475
0.280536076588468	0.202297414591999
0.306284851142858	0.195719324951815
0.300956501383445	0.178251345534023
0.4922906098628	0.524450633533133
0.939338958818732	0.931145660780595
0.036136227531221	0.155103219105916
-0.0700720134160292	0.315306418208233
0.16749628500145	0.733263198322041
0.733178250117287	4.10843571373384
0.811023984764814	3.2195173756959
0.774390400826314	2.13178052392674
0.531923481578812	1.31330652481586
0.55452267109006	1.44969607522633
-0.200986619449048	0.264087566112587
-0.0420367935704031	0.044336330721474
0.180160258083385	0.270547154714819
0.0819141074775358	0.0928130332662428
0.287665969298248	0.411938023596838
-0.142109034550939	0.191452225499322
-0.395997831014327	0.869237960088663
-0.109436306797912	0.200214001122392
-0.189742595166012	0.358187160054941
0.436529678284921	0.927779854772304
0.229586998034827	0.298358161598772
0.262854663248434	0.383353271340663
0.864261139345408	0.982067776475265
-0.156928414440332	0.137921030807421
0.25698128638643	0.226712647364571
-0.29183073784579	0.185150646366596
0.0469715861333809	0.0299537455896342
1.08935865615065	0.812632401558042
0.428973377158109	0.306952517335941
1.00385557957449	0.922556595881357
-0.110516538265453	0.0446169747691459
0.983093245998012	0.79929679739095
0.298764990338026	0.190740729232711
0.33045061368247	0.179985442409557
0.369916276529645	0.316122783127333
0.0949290195509653	0.100707966862976
-0.368677003944127	0.515057698012438
-0.28257575515542	0.38813325056346
-0.120409944056458	0.116401695117427
0.318975191827771	0.172264964301892
0.15036439694778	0.0851651545891991
-0.0314473253337759	0.014938732317375
0.799821312383683	0.341077504348771
0.601669346536769	0.310173710567107
1.23740732970469	0.84399105326303
-0.406097094408452	0.172828244638938
-1.0496286246901	0.424665511117971
1.30392693638538	0.574036761821476
1.31327961953272	0.580049429236313
2.1206376781095	1.45100832282818
1.8007131844382	0.713314573443425
1.08846647283021	0.824514414047792
-0.050042484715146	0.0323012420707644
0.0683202752223955	0.0464710409283267
0.0581855765912193	0.0372455015816629
0.698084165483184	0.689626117247479
1.38469627620349	2.45944351969203
0.49676328818214	0.425018569072826
0.64499280232417	0.457952335753488
0.139317618583824	0.0603015153626659
-0.726929021454586	0.76027320755772
0.285665730901112	0.194178340210882
-0.918360020921165	0.768186547397774
-0.249315959695042	0.125782769531469
0.146258342580426	0.076364135117094
0.638804670338533	0.446674688028254
-0.377823620534237	0.111128034755999
-0.353687106188726	0.289727009211712
0.429062119966559	0.41806675591798
0.703206558277473	0.711843703672519
1.34509786220348	1.23066264332945
0.132755613913402	0.0400087413766842
0.141735574967358	0.0676644097994634
-0.790481876212766	0.354530755409143
0.426086447005187	0.171169008760811
-0.506908596190737	0.257613321854839
0.0521371990082539	0.0330809215461789
-0.408141804075626	0.171191816648045
0.130783366724484	0.0391461997340817
1.13781502676411	1.28924587359347
0.873981763858953	0.875910713499134
0.730804555985377	0.714155813461874
0.445245605064616	0.423521174141857
0.0615937254990554	0.306559049232529
0.0308537107331344	0.119134521497792
0.567091180887844	3.46959313440359
0.53838884119204	2.04134309185906
0.719880037206182	2.47449419345492
0.234028529125933	0.551275457770371
0.0204931711673614	0.0317316281234868
0.2918350660405	0.517432530967783
0.00422917419066843	0.00553795895473613
0.145580380803698	0.282483627748684
-0.0780819768058954	0.149841350382208
-0.0309846181988376	0.054645847073114
0.240801700157612	0.508265761983062
0.476547384821862	0.859872060009401
0.756582442782031	1.81540741622743
-0.0828140057497332	0.0692110805035152
0.914340314909381	1.31238387961461
-0.0222878127544638	0.0151418680307575
-0.212758609160032	0.112771471705696
0.834645807690311	0.765192390186445
0.334031136732583	0.157276372528086
0.0123987640826066	0.0065698299329737
0.63366657491201	0.434749336641233
0.389264509698667	0.174997942335599
0.394952796279745	0.305598711790787
0.484948999835782	0.782374912460603
0.190874560477396	0.328961228516968
0.442612154475499	0.970519679494485
0.188237409644637	0.225622723184008
0.0430477692943182	0.0275966561933336
2.11955965248405	1.44699865168788
2.11525002499015	1.4716998483866
1.44394729819809	0.899076046888398
0.138704454630972	0.0658452171483433
0.13377964661681	0.0339655613686654
0.804594062501754	0.339064803644296
-0.118945833856785	0.0473131902858002
0.929020853400311	0.244303524147299
-0.747972485615798	0.261954605937602
1.07069323134769	0.654719750515352
0.777102579878068	0.465950893000813
-0.0394510320927654	0.0185552957290594
1.01254068844739	0.386785712184281
0.169545072880325	0.130460297657591
0.538950408008371	0.551289761556124
0.169420626909867	0.13479323711245
1.1649959104388	1.87182205076958
0.275916905648025	0.206253135398289
0.444147893227067	0.434721674861413
0.325026978592172	0.323328589095144
0.181476141090132	0.150090597380646
-0.738859183096619	0.830803285303725
0.20102705458837	0.199205326081682
-0.501992018082945	0.568438903188901
-0.621736305883958	0.30224289230663
0.598725183051261	0.311569423495746
-0.338051410444862	0.33142463684674
-0.394911723621589	0.407886049049299
-0.0398888510876958	0.0189068460756097
0.595486899576056	0.311436091745628
2.26083089065062	1.73457439751807
-0.173280772451713	0.0628364542021193
0.132754372873048	0.0334623448971025
-0.309874437732549	0.231727620553604
-0.934946942311395	1.14981985494949
-0.652741032635707	0.816978241267376
-0.626233902879968	0.522619186914356
-0.795336326750796	0.432654211503409
0.596578162259796	0.453505300420211
0.139118941073785	0.0410251643756321
1.08892969103161	0.808503097654315
0.134607054354649	0.0513655099155347
0.439711636517796	0.414513504172327
0.632508709328509	0.437838364825771
0.426393633919265	0.172449504151539
0.100997691523799	0.569424758648527
0.176218670545356	0.967742103092396
-0.247879665777305	1.01499447317279
-0.0330511997178648	0.067003080440628
0.24267022097683	0.411985200965997
0.242701660354477	0.509048889076162
-0.239110627479751	0.309684167574296
-0.0452205227483367	0.044846193204621
-0.238239035224057	0.252098039878757
-0.397768989339986	0.352512187007436
0.456737022396486	0.415876249957495
0.165879802594133	0.112836346409598
-0.31908786107572	0.264540268954334
0.465258691784222	0.399832218953753
0.43028983734716	0.301508067570713
0.268646198401526	0.585254696738446
-0.390591652248536	0.771415230562666
0.578590492289042	1.19626189899865
0.474061617250338	0.43152054746433
0.16503721095119	0.10784422903546
0.696610184764514	0.449404437655834
-0.287346298632814	0.179885368160321
-0.402311847999412	0.164961512003819
0.381181749185143	0.172240019475104
0.122512270551971	0.041395639730421
-0.614386323917022	0.298711515778912
0.380121707371162	0.172795499204357
0.140021318652871	0.0676926869719086
1.24061769540098	0.858143262251967
1.44637801096684	0.912150936562615
2.33227757474271	1.18011145248786
0.445143693630592	0.421256993978374
0.0327656428384041	0.0201447937505439
-0.0988825978298791	0.0612993348789235
0.677208873966187	0.588130631994344
0.265134726779776	0.204984961883633
0.39823477905519	0.316093421798345
0.184746590011172	0.148147841664861
-0.590083153073469	0.588603628485772
0.379896845316239	0.32604412696806
-2.21183104420724	2.59519878327891
-0.733976785586721	0.861839540926493
0.179480650403193	0.133994779991327
0.526859510397806	0.440725674316185
-1.00421667456778	0.498054306588392
0.330860343062775	0.333377226540256
0.264184078647277	0.229140196058443
0.52456231504737	0.435739037919679
-0.128056354091814	0.0763458444897816
0.294782288216079	0.190655116733748
-0.0782002016693983	0.0339850529978509
-0.99120609818628	0.499955514847542
-0.399125558898519	0.321517443009908
0.616092284156203	0.829146923364858
-0.246792650525247	0.208119595939817
-0.305574942365167	0.226957478837881
0.494994690072397	0.311502378570437
0.493149689622075	0.310582933164142
1.21739437517292	1.16176914227728
0.0523611310864648	0.0338282746580317
0.456028231738969	0.309801214121918
0.51020586941831	0.533527499109115
-0.32724309120862	0.150987849086584
-0.653515136282054	0.159727161117317
0.173943651819595	0.137368868645042
0.469339243047886	0.520825175181539
1.40145372149884	1.7198606969173
0.0942418945170058	0.505437309452733
0.0598036406698652	0.230960442834784
0.0522425027031296	0.155088216145254
0.15011352768251	0.227290523211772
0.315517354001755	0.692231068753923
0.0470424724795892	0.0652208096975309
0.0865395428447483	0.1304316026757
0.466833464484048	0.916491936025431
0.711775400087642	1.48199860369811
0.761994494473924	1.35948943198247
0.199769066698332	0.20039491917441
0.195284205803392	0.238006030774656
0.575076130256854	1.06954389982972
0.0891463480632061	0.0912819143423576
0.359445104772664	0.42980052074747
0.0766827117233862	0.0790341346710095
-0.353479604997007	0.365416745885438
0.124440427296681	0.109480362116398
0.249088118925219	0.226970427244502
-0.455098504167509	0.453350697088292
0.415942826500066	0.424687429767236
0.177374240447317	0.134075994052244
0.0802152980925981	0.0588379613811983
-0.0894342787543572	0.0553186840482063
-0.717793634592749	0.561762374288324
0.74953039378069	0.837308831471787
0.681156118140848	0.317778531990136
0.123451085091324	0.0415758486329041
1.014729443048	0.384082142894649
1.42616742954426	0.471762089576048
3.25139583150282	1.09209130025117
0.512050074494105	0.183311074585388
0.173795744286297	0.128068330966657
0.486291616145281	0.304681829404804
1.07475730208428	0.659076569265385
0.392051133148837	0.174048997062589
1.30604689497771	0.574600894690801
-0.689896795674563	0.485855808402525
0.773021091080099	0.610481311967926
0.687145977488662	0.688365641940206
-0.52029245894054	0.395881303106081
0.311143055305317	0.198484294196871
0.129137958926038	0.0496883434958747
-0.932734305525917	1.13719263241786
-0.174967452902742	0.122091978321818
-0.118327201085502	0.0693774913971069
0.690980955278989	0.436201672307788
-0.0769614546428074	0.0462419300344287
0.128800385405616	0.0497090773739998
-0.0161843257309054	0.00815223455076201
-0.066532332928335	0.0423754443168696
0.914243674100262	1.03030212941458
-0.802520489489979	0.994772903487317
-0.123930056413548	0.0734615130487314
0.380830520088272	0.171419819096383
0.640105850465034	0.203838328173808
0.141040635755856	0.0606764719550975
-1.84561761110929	0.76467611260434
0.67878211696011	0.317411088800607
0.124114890192283	0.681733739696566
0.0148828200444157	0.0472841401174039
0.171080528103946	0.277025942339477
0.0348099188754053	0.0507292567853274
0.0518720229156754	0.0742391250884385
0.119681859470603	0.200919055815441
0.567024001417882	1.43610853812805
0.587756597234937	1.05866363684497
0.176869065894109	0.232709638368712
-0.464337887413933	0.659993736588586
0.185604535181466	0.231074367590805
0.229401828366236	0.313402662722821
0.193409763977758	0.182884390385728
0.940001491150021	1.15363976084812
0.48458422583724	0.623163917807199
0.65374791704341	0.952320281813203
0.0982889136829096	0.0748085228255007
-0.31603394260659	0.304700168414218
-0.154437745880937	0.135399740814753
0.335376881367808	0.338160579283135
-0.942952492999796	1.14487305868624
0.340983266547468	0.315077973794047
-0.413990554437367	0.287710081697123
-0.0882270337264666	0.0640714082586648
0.720305573939172	0.594929607747805
0.422404303848247	0.170657988200285
0.133516783675935	0.0336393793939088
0.92113051285893	0.24102514029113
-1.04590816499981	0.418010826370639
0.638330742604929	0.20169714697394
0.508781691198075	0.185680235788344
0.45674599322202	0.304756189955156
0.134745422080958	0.0517852696558337
1.7947052374355	0.701940247969362
3.62360809261866	1.43608472685745
-3.09739452059542	0.972553736075869
-0.367964462335371	0.108363329225903
1.01520360297676	0.386582739475358
1.759196666504	0.980603554542411
-0.115640734375144	0.0466039644284396
-0.322611923661454	0.150307945378287
-1.22193646902733	1.44437838278327
-0.320167004928905	0.148103332495981
0.144786095357293	0.0620643657249459
1.80171542630451	0.706040065289216
-0.104366754018106	0.0773673221097408
0.789753235415964	0.743021560802002
0.49731270282665	0.313406957125558
-0.285059864747819	0.181706342546796
0.305274035710335	0.197179913865607
-0.201699348687884	0.175654013810855
0.290936050117167	0.185807350356992
-0.412814669063794	0.175603974598424
0.671404795313745	0.312496690392296
-1.80190156331263	0.405310176911618
0.131669054203935	0.0451092981844482
0.137790482671227	0.0349173015404508
1.95256933090985	0.464168557061862
0.0578742839211464	0.258564607942163
-0.0101871567695956	0.0331971437142132
0.0593966618030652	0.0834360161836746
-0.177104316016435	0.27440096586136
0.321507413796169	0.660667386162386
0.624530669914245	1.88481597029882
-0.074167758264504	0.117542610199254
0.0907435980391144	0.129893103656282
0.585399974107667	1.22563568124813
0.0417912429333432	0.0483593626355973
0.532081499113008	0.787757544948182
0.256074922800439	0.314567842691664
0.464212359153742	0.772262104881195
0.179542696619953	0.155379460388486
0.179744867283397	0.155803335421582
0.299732808645994	0.333562471894831
0.261777310944203	0.24087176732118
0.249291418377682	0.268984338834509
0.144135661901009	0.142643208744482
0.188919477527812	0.180017796059728
-1.25969731570688	1.94315283452211
-0.471096986060977	0.507165379022811
0.177145453418693	0.137180799404391
0.523297665108173	0.435517483241673
0.885829334472047	1.18878095651306
2.54796694186638	1.41891505184144
0.138169594891086	0.0265198668009027
-0.252605308369778	0.082989951556058
0.138818714405564	0.0354421828043769
0.133516783675935	0.0336393793939088
-0.240229628086566	0.0794522230625189
-0.252021318914833	0.128059804024832
0.889276800093443	0.482533263294224
0.139847419253076	0.0352678773972538
0.134249836964903	0.0400890519468039
-0.744797769739109	0.261223376171582
0.433128399509895	0.1763668859627
0.140387613384752	0.0739876670334821
-0.558316267273961	0.469432190728722
0.524261104238352	0.436475744352962
-0.637372086736706	0.579627783547777
2.13077865017556	2.16747597930774
0.37958628429096	0.168258067144331
0.671215312529844	0.578160824608522
0.305568399615575	0.198435547802835
1.66769131429289	1.91427568118782
0.501557396458874	0.181763123331669
0.379747837050436	0.171346432234843
0.403423703558234	0.319348081017077
0.0260372729554895	0.0149666843696703
-0.89825205360213	0.825930236295509
0.0226030329531062	0.0129083854578732
-0.932644723971451	0.682199761444542
0.131769780715528	0.0397831026994758
0.926329332609966	0.245803896301602
0.640432049403559	0.206671110179374
0.930671315320304	0.244899140334393
2.74438259751335	0.780038400688451
0.0870544187303633	0.453075982944129
0.0586437885105713	0.095741425024486
0.185018599992909	0.341079454234454
0.407753785156942	1.15225179653933
0.602303259759505	1.86263779669322
0.373670999758849	0.971645468194503
0.725219039128709	2.19167259278845
0.138502848454064	0.183951957143314
0.588779253096085	1.13708603101374
-0.081710422404038	0.083789448225606
0.0670991980810833	0.0777076597311309
0.0653177756428018	0.0794534367660275
1.29535307188792	3.65428665953704
0.432142655993927	0.599879715789197
0.672295580993999	1.03072151128976
0.601029022995834	0.838921878163837
0.348519907411105	0.334729321930984
0.685088013626307	0.79855338572321
0.947226412517728	0.937414210857684
0.0271064866869268	0.0203297033878882
1.79893570621489	0.71178866805356
0.13377964661681	0.0339655613686654
-1.80190156331263	0.405310176911618
0.345944312968562	0.169665717884333
-0.09321847653271	0.057136920581425
0.979658424239314	0.783971162992457
0.983564732460897	0.797968581252964
0.379229961965568	0.171873047561836
-0.262244952427478	0.126027626935851
0.282764004160094	0.191801721489749
-0.409537610027001	0.23344112010067
-0.0315019703021949	0.0212208965947625
0.167254716046825	0.115118904045546
0.00389536904872003	0.00216230584257418
0.881757808415821	0.473376481004409
0.301299563789534	0.196069243699443
0.491630702942378	0.522863293898265
0.608721534978233	0.574756634838351
-0.889383414230833	0.897237696802787
-0.209535633263398	0.182462717060681
0.169248896483381	0.125500982972327
0.87947949013521	0.881268588862806
0.320457369837791	0.847293995672658
0.702835271818771	2.3122200567329
0.748292900289294	3.28735990744763
0.139516954583823	0.232613472944778
0.676254137619684	2.2263346307055
0.254166552432403	0.431482831677516
0.924753674723537	2.37548569312639
0.736857892138317	1.65242901720694
0.800022594067877	1.29210043907461
0.568136634002329	1.05726251670329
-0.1574510976665	0.186061272394503
0.0102036811273881	0.00813509767210838
0.258661636598256	0.348195010325238
0.326058926828129	0.445688361809449
0.518686966147568	1.00274873227484
0.378980227360485	0.621900580417424
0.932999586997273	1.29960725251943
0.324189281000587	0.340551568346872
0.831532988845841	0.97337883782192
0.63630665889687	0.571620776622435
0.592215337829575	0.564265378667547
1.04546351648192	1.18297842841094
1.28625243683776	1.76766213235707
0.29277610914641	0.186230360564902
0.45417396398954	0.432267033130879
0.57270123644775	0.554562234251465
1.01179148986041	0.390812379931115
0.131769780715528	0.0397831026994758
-1.69122045770265	0.964447739514919
0.129576970372072	0.0440312204196401
0.681826516956302	0.319090733056294
1.04610704894877	0.51238392387227
1.93996087159456	1.20143198267324
0.383444246342965	0.17250982704801
0.355972906961892	0.178395860059463
0.848285828521961	0.620824806554551
0.310169170644394	0.184620578503234
1.08396306981434	1.3648565911529
0.309478884112708	0.187331691331693
0.323567380497913	0.177760239203845
0.425465918285976	0.320605003922147
-0.451364058927495	0.353015894563918
1.4302988996769	1.61954000421747
-0.119578166819963	0.0719524593977349
0.273700478746274	0.205488946616914
-0.162884712586823	0.0926579894537663
0.770483275291793	2.78169163444735
0.781876544425567	2.73990531799348
0.664256779873088	2.61010989299267
0.915630471751115	4.40917647782443
0.50140210776562	1.6046872053988
1.24256823987159	5.73983292211113
0.427481974754426	0.939360400032826
0.638537599941154	1.47022633172747
0.241593479853273	0.348583558311388
0.448231268134673	0.854224551914716
0.728299151706104	1.79103953808492
0.618496268002664	1.29532691796276
0.228279199299831	0.345990971813818
-0.582931453106231	1.25924740308511
0.285372362346749	0.541262474289676
0.413551619819849	0.510120034289825
0.419772516008561	0.43952501801642
0.704113195019268	0.892811315712028
1.31696507409962	2.4412809960062
-0.366528357654332	0.330443017558133
0.786782809052254	1.12851106876582
1.42692741367696	0.472854481440801
1.42190933723257	0.467369829987504
-0.241840209542203	0.080476940077082
-1.04334419447761	0.421851851435904
1.01988254667506	0.384160657007023
0.143458160699927	0.0358142984417619
0.345027159511148	0.171984326047021
1.3006719877267	0.570982695859716
0.640432049403559	0.206671110179374
0.67901757313456	0.322548276957465
0.00970893160595912	0.00525637557695322
-0.124956481424468	0.0913354512864204
0.321070649742007	0.191904725056679
0.625870615819998	0.655864057469382
0.302453869520254	0.193492157948502
1.60678640239191	1.11610590333976
0.648997323948685	2.35537933080475
0.711212607828718	2.65115927331959
0.655522086621937	2.650853382749
0.8273694872837	3.7936983338414
0.563607052641698	2.03502134225417
0.779025813795268	2.64479086907914
0.228114519308584	0.390171888453093
0.281005012302036	0.470759953907043
0.480314829213355	0.768961968494247
0.0124025118069493	0.0144931316165766
0.19191875535117	0.256060753809699
-0.0243005412963945	0.0239880061934714
0.437097034787796	0.716554008055112
0.234365713458594	0.358441643085441
0.498121061317789	0.676925606463103
0.0785020288415679	0.0680019302708646
0.0904865073115015	0.0687435708282775
0.67846651172209	0.787274866651752
0.423209873914312	0.423030828916426
0.6078227722049	0.665485605111729
0.267418060128842	0.224550570157262
0.138169594891086	0.0265198668009027
-0.650318276706871	0.160755761640221
0.137716344096337	0.0264356853006178
-3.09280325935961	0.972693856185307
0.922124936246008	0.243516971274684
1.01398176237284	0.388014010752976
1.95338582999428	0.463576578510391
0.276528739254855	0.197970176329072
0.380121707371162	0.172795499204357
0.410242239929344	0.307781198842238
-0.570551032166568	0.523106606893431
0.147410238348339	0.084057102971132
-0.970096187024233	1.05805915737185
0.380720080087644	0.310112237823256
0.147435057648498	0.0769690606301798
0.399125550192726	1.56047364902613
0.531501741723566	2.02567643286115
0.50142007124084	1.79428901951682
0.422663306669078	1.22483385726943
0.591444359128315	1.82875428266546
0.586458980699427	1.35856152441084
1.27072102926205	4.51926590687911
0.480026489401014	0.713399272680244
0.744623073907543	1.55736569061485
0.246190344172368	0.317789681561242
0.0521675134543666	0.0554069917944692
0.133579050266314	0.167817822898255
0.00392687754311584	0.00405528462119218
0.570258653458291	0.795777810153268
0.650287170122319	0.667154641599824
0.497956836832389	0.528657845334086
0.413893207189357	0.314044091734901
0.0278746625654724	0.016080206210512
0.974329031941938	1.04721254573893
0.779186960021535	0.740450881930839
1.29857506896778	1.78357538173664
-0.164113417640613	0.0601976090971911
-0.412471956411617	0.175341818450118
-0.244439790893105	0.0807612783384271
-1.04569085125238	0.424269012979002
-0.786814659612519	0.347891567657544
0.639433294916704	0.204223062388441
1.22146955018801	1.176964597876
0.512906792891857	0.44256655059122
-0.0190775673370767	0.0093722054573528
0.798910414182005	0.337139290695607
1.53119754707215	1.25223437490328
0.265924919270522	0.206865458457266
0.354920209268057	0.308899947945235
-0.195584648798972	0.132494471751665
-0.601790087800053	0.438420665889189
-0.0571421777330025	0.0372665653695707
0.297374453523776	0.193198086149602
-0.0727158019055341	0.032177876081156
0.377515690450661	0.16827628890462
0.144466932213545	0.395210480649572
0.746888021536734	4.22314682492358
0.812152622891736	4.03805379056356
0.79075988981258	2.97360832275798
0.742644330796643	2.12606956895167
1.1567570341436	3.62717518172207
0.0473958192193104	0.0487285823263631
0.388740553405381	0.536787779454928
0.0193000645742936	0.0194960493064966
-0.0624563822653012	0.0647754904049105
0.748988758607375	1.32369696066583
0.205055905628856	0.238206905586133
0.339638264200097	0.456032447096013
0.124651839342168	0.13602599046898
0.212174040385345	0.252220018296964
0.195003177496552	0.175943963220349
0.336005949857489	0.329270170270509
0.6417077856614	0.674329601182398
0.175289291710992	0.12559004906392
-0.350531784406104	0.254644638524778
-0.522103959732288	0.398099287552706
1.05533703594407	1.19810311941152
1.01398176237284	0.388014010752976
0.509481778177034	0.184030577940883
0.138547275345784	0.0347818496624983
0.134542642796399	0.0341445690681232
-1.05245216258944	0.431815108906743
1.42795516831077	0.478570790474717
1.60630385831916	1.12623748630873
0.355076221861696	0.17800033795357
0.701921851356781	0.459732610970839
0.419955906478292	0.166916101798645
0.499432232572855	0.312804353027495
-0.208034597683598	0.109535912836953
0.295640747402936	0.189870879673855
-0.0680680511034725	0.0299756545667732
0.428220694818722	0.173585777710766
1.95256933090985	0.464168557061862
1.09062759158278	0.822681410257021
0.784381306706457	0.468974236391088
0.643880649612111	3.63353816513089
0.78896190894568	3.73875723437492
1.07345669606402	4.95893313866145
0.745975029249712	2.2305729487368
0.310032461888508	0.518424614106162
0.450717630425807	0.783089655751145
0.0726111309487731	0.090501119920161
0.675738546288544	1.44353446547502
0.754271582477018	1.17824744333026
-0.0363808433340563	0.0311280696627331
0.605180232007435	0.84267653681475
0.248559453330188	0.260940180144149
0.350080046652353	0.327746486243698
0.0574593400031735	0.0473379041283056
0.107401309060177	0.0892655941987163
0.0629033231381984	0.0424699591255048
0.321685237869285	0.336996489876449
-0.54110730002075	0.208535025061615
-3.77564721306582	1.51112963199459
0.926974875419701	0.246284209674963
-0.376278890867832	0.110765860075796
0.138169594891086	0.0265198668009027
0.882645621319162	0.474804462161909
0.578766924028222	0.286820153680405
0.0376294479681057	0.0232570278958735
-0.0968622970461282	0.0604446614979935
3.25706867603825	1.08683794724682
0.40114045904066	2.11920092697857
0.666263740528761	2.52623847452424
0.649984966225625	2.46129236367831
0.986727149262088	3.54274863938535
1.13269978601959	3.47767330032794
0.358516566775949	0.643222937699056
0.211489654077272	0.245543625845901
0.0340006984292741	0.0358816117268582
0.146882598998268	0.176163148440483
0.12223664047544	0.1525172229649
0.264913705946805	0.243954062318883
-0.859489916246694	1.10557660000261
-0.117111944782073	0.105604504777373
0.498633507582514	0.423971675543061
0.63355247994882	0.66663702737701
0.49182035836279	0.437245971326766
0.635336781434802	0.447049945774749
0.848568059045978	0.625778089917316
1.53726186695406	2.25791191874418
-0.248633515605828	0.0819034838488796
0.320788619561344	0.176222418391953
0.38028922997406	0.171691890692594
0.131456366765827	0.0501335785897107
0.799168712221924	0.340465651218408
0.137033206871248	0.0343903632230145
1.55909644829167	0.775729844473512
0.460640116393266	0.311380635490655
0.776209413932534	0.464413251415935
0.39452748027485	0.31370166411784
0.695627308539286	7.13128434180292
0.760615137558925	3.14034112114503
0.54800312966362	1.71725864973842
0.673249168424272	1.94660741156589
0.395167886813631	0.690425930148878
0.461780055259096	0.778896337415198
0.74088114411374	1.06643191913928
0.704048427828398	1.19120469928841
0.275984527108862	0.345684417922141
0.132413257566279	0.153147055092443
0.321548795877683	0.331306917753108
0.527684495029512	0.548863328249162
0.378947689042273	0.309117002767745
0.738482572968959	0.815946768912055
0.824575389523583	0.731715681386158
0.938511131598766	0.62017274544107
-0.0672552339731231	0.0297249119201208
-0.120005472861648	0.0470781623506098
0.683295886413862	0.321423944540654
0.351948363377535	0.177489465865794
0.141496347635513	0.0801355070350482
-0.0332494606586675	0.0158312150989029
0.612362325113604	7.8729108024475
0.75714333220051	3.00495052304486
0.0267605682662769	0.0392331793482902
0.433483305578849	0.902258305665159
0.631779342064982	0.834728812902411
0.709904280828218	1.13135809367112
-0.468687583210051	0.588764849717043
0.4479804209638	0.528172135141561
1.15179632816879	1.4117072179837
1.10635655859225	0.989126296520443
0.146370812148377	0.0699061104631213
0.440070900448778	0.313063979076004
0.323407611898466	0.179130707171667
0.370981589336216	0.163493080501714
0.853744298209353	0.622956613186466
0.348234108487091	0.17263842196061
0.132517398019614	0.0400248322660559
1.12814119726507	1.27093709479792
0.644818899417397	0.45601652161448
1.223353633379	1.32770709465197
0.281181013445455	0.187384906002498
0.0757949689561721	0.0530433395964113
1.7569464923622	1.36895531890407
-0.587655965064298	0.540176157502519
1.04519775194941	0.509793399052128
0.505524711177284	0.184537045848412
0.110438286254414	0.0897730989694598
0.166484442926233	0.12609967516923
0.591358861436533	0.650225468327909
0.977014531299084	0.786284716199115
0.679367458575601	0.594101264765229
-0.343565871399648	0.210036308399265
-0.716458907283558	0.731392135629639
0.140442051310278	0.0680077678137664
0.131019638754062	0.0447751745372152
-0.616015945290479	0.507341846767043
-0.260429104029099	0.218816926653991
0.29323778101916	0.200279201867572
0.344661308824935	0.170351427854245
0.288875527679522	0.216089529088508
0.943301098031666	0.92075206879585
0.588777045835731	0.443300393600942
0.906388562492352	0.779183979799942
1.24105132190567	0.854059372078642
0.896564144525068	0.774554983203491
0.150237696648496	0.0787121034578933
0.140165832766063	0.0737833922649689
-0.750699276625547	0.264252450117151
3.25318829374075	1.10976895754928
-0.699000407589283	0.558527013404571
-0.655163635992096	0.160369482742199
-0.244801630471916	0.122272513998857
1.43287798690679	0.475136223572177
0.503876995607107	0.183480745946702
0.776112391313509	0.464788700451395
1.80171542630451	0.706040065289216
0.457560779475371	0.307076909536238
0.143816871883538	0.0815579823486352
0.162692248785518	0.111531785309585
0.508325950710815	0.183108533971571
1.42795516831077	0.478570790474717
0.135125881955029	0.0580528793614783
0.44057269946272	0.174317970082175
-0.370960450535942	0.108999469994633
0.801640822834797	0.342681912930608
0.495693974473611	0.176880485638909
0.141494037948258	0.0610489676051575
3.24830720791551	1.09477551568481
0.925335174824177	0.243267565805426
-1.84798995307189	1.17705315211458
0.131947928994692	0.0390584570073534
-0.370192063582796	0.107755133242033
-0.368970569520409	0.108704530129129
1.00160728954786	0.37399144253537
-0.374830084286624	0.109230425070539
1.01398176237284	0.388014010752976
1.95256933090985	0.464168557061862
1.95256933090985	0.464168557061862
2.74438259751335	0.780038400688451
0.929670085417592	0.244778423912617
0.93002098112329	0.244423585041229
0.141168720466643	0.026788068800843
1.95256933090985	0.464168557061862
0.138169594891086	0.0265198668009027
0.137080532436617	0.0260826732150604
1.95256933090985	0.464168557061862
0.138169594891086	0.0265198668009027
1.42692741367696	0.472854481440801
-0.649677393302236	0.159121336474823
-0.650318276706871	0.160755761640221
0.925979622549504	0.243736825113843
0.141628868364635	0.0268733845859336
0.925979622549504	0.243736825113843
0.141168720466643	0.026788068800843
0.137790482671227	0.0349173015404508
1.42395946891673	0.472583961120929
