x	y
0.641431038909059	0.206705899790905
1.55624914134666	0.769246919573989
1.01172484601803	0.38539678793708
1.79670337293508	0.712109669548487
2.08947720126277	0.943612171539552
1.55173884031121	0.784928292248589
0.649212303350985	0.203142381617355
0.130755305563244	0.0449465396920763
4.54873547055567	2.56220336964595
1.8007131844382	0.713314573443425
0.886841337974724	0.476944119834122
0.128231952882552	0.049380865923928
0.942009794480388	0.637758615699723
2.1089685576382	1.44687723567974
0.135185873505605	0.0402401710200621
0.380830520088272	0.171419819096383
0.889817632427664	0.484607505046141
0.803657899736326	0.340271694875419
1.04792463449461	0.512690738025412
3.2493353238897	1.10864834370629
0.800338380126396	0.337545208735542
0.506008429814191	0.179936064673506
1.047016010608	0.51327505140288
0.37768898545785	0.170244248173548
1.44549416829447	0.909610308903803
1.10484095433648	0.992249655381438
0.131669054203935	0.0451092981844482
1.38433384296479	1.04537082380325
0.77844535028333	0.461652724891557
1.05100741137477	0.518952111891946
0.800522026534657	0.337948009918291
0.383785973291712	0.171806914108393
1.01202616470632	0.384309287615817
0.135175777305826	0.0517622043745
0.358260200384844	0.177490224005442
3.62062366405083	1.43326252584705
0.926974875419701	0.246284209674963
1.01491214380314	0.381542346540397
0.678115190757382	0.321110111421806
0.506227015255489	0.182899351925803
0.508781691198075	0.185680235788344
2.53740628408556	1.40527029738268
1.79492986711335	0.708745443595502
-1.16076621190063	0.359385238156804
1.31098843655378	0.565878558253034
3.91752706378917	1.7353819299003
0.926974875419701	0.246284209674963
3.2493353238897	1.10864834370629
1.01595055020248	0.392095167936931
-0.372732473872603	0.110746709749891
-1.16152021660948	0.35929571617842
0.138169594891086	0.0265198668009027
0.642650740895789	0.20298545340287
1.95338582999428	0.463576578510391
1.95338582999428	0.463576578510391
0.134526944690639	0.0258144647389653
-0.248142417567758	0.0817264643962973
1.95338582999428	0.463576578510391
0.926329332609966	0.245803896301602
0.640432049403559	0.206671110179374
1.43108326772595	0.478167346987275
1.79692786302671	0.707950117880233
0.139073148904902	0.0266055202308437
0.134489699809032	0.0400924429288267
1.42719460355007	0.477448564652232
0.800989673487252	0.342067986972423
-1.54109898628274	0.564008735008191
0.67901757313456	0.322548276957465
-0.538810014806556	0.207411895169901
-1.16255649541829	0.360535388481223
0.137033206871248	0.0343903632230145
0.504822188982883	0.184110918199219
0.799427554875135	0.337387398836876
0.134805386154992	0.0338121207710829
2.7479767545239	0.782066977880158
-0.412128417738076	0.173146067147415
0.137790482671227	0.0349173015404508
0.641431038909059	0.206705899790905
1.01202616470632	0.384309287615817
3.62467162070288	1.43500145314363
0.92732486785368	0.24306890205782
0.132517398019614	0.0400248322660559
2.74438259751335	0.780038400688451
1.31000962917872	0.587023547729711
0.137716344096337	0.0264356853006178
2.7462498006239	0.778261278020301
0.137663849025598	0.0410571652515246
-0.613121255739723	0.29454127292639
0.134986889048387	0.0462856031126629
1.25916158413349	0.699092982118865
1.42498522338498	0.466870648976945
1.25679184301848	0.696025644879197
0.504580075605894	0.183905699075097
3.25318829374075	1.10976895754928
0.926974875419701	0.246284209674963
0.139073148904902	0.0266055202308437
1.55570247218897	0.782855365464993
2.74531503858304	0.788587032684406
0.129705851940839	0.0500169138857751
1.5501804258727	0.774176324231999
0.138618353811657	0.0265211219118666
2.74438259751335	0.780038400688451
1.54666990657741	0.772502733813019
1.55505312572491	0.792542427995745
0.138169594891086	0.0265198668009027
1.76650436742015	0.995519639791045
3.62168394400497	1.42736372029797
3.2493353238897	1.10864834370629
0.930671315320304	0.244899140334393
0.930671315320304	0.244899140334393
-0.755659764208684	0.265241875072543
0.134340225825743	0.0459478776911086
0.643652025841357	0.204814057575745
0.642430262122492	0.204551977387731
2.74531503858304	0.788587032684406
2.093644067217	0.946467308542565
0.796173300058586	0.335709547702372
-2.58513149511835	0.689509113042442
0.50506436121652	0.18151153914028
1.42822224336494	0.477074019570971
1.7959287507101	0.710356981550796
0.923120742885382	0.240835684941142
1.4300120770332	0.472328161227103
0.135687810090981	0.0405518208503784
0.138618353811657	0.0265211219118666
-0.415425080083732	0.176312678104253
1.05040313922884	0.518133696966867
0.64542681911787	0.206101967608227
1.95584693887656	0.462330835133922
1.95256933090985	0.464168557061862
1.4308149383669	0.474993175817053
1.42898338960615	0.478193832396807
1.95256933090985	0.464168557061862
1.01815356301985	0.385097139541497
1.23552261912648	0.843434473113992
0.639660215207864	0.203910262751024
0.137790482671227	0.0349173015404508
0.639433294916704	0.204223062388441
1.42822224336494	0.477074019570971
0.504118074110472	0.181609364148163
0.417830851971962	0.165521262842354
0.804954811703476	0.345472225969279
0.142698404858563	0.0359575700897484
0.505766542576991	0.183848744269859
2.09341097070047	0.951512192253766
-1.80190156331263	0.405310176911618
3.62467162070288	1.43500145314363
0.125818118229927	0.0374087094341112
0.64519752559114	0.205734411961475
1.30745495657921	0.576594767890921
3.61956389250147	1.43028882967321
1.55239096568043	0.775447909362186
0.513240497576747	0.183512318804119
0.641431038909059	0.206705899790905
1.76161460404586	0.998795483303276
0.640432049403559	0.206671110179374
0.927971507294548	0.243537608899139
1.05131166712168	0.51832133916075
0.674166923307429	0.316819629814144
1.30651499432768	0.576631348210832
-0.241840209542203	0.080476940077082
0.677545326141095	0.319753943438779
0.141938162059784	0.0354191252721787
1.30581051293515	0.583204526982758
1.79262476035013	0.701086338174517
0.774687155979369	0.456326862468748
-0.371195854454092	0.109335251451445
1.7959287507101	0.710356981550796
2.75160033023002	0.768358222418302
0.64542681911787	0.206101967608227
1.4300120770332	0.472328161227103
0.139073148904902	0.0266055202308437
1.79971117079625	0.713547256095307
-2.58899611685113	0.683672524401667
1.42925034845688	0.471239687923602
1.07059638320481	0.65964965106335
2.09120925855951	0.941576846521806
0.137716344096337	0.0264356853006178
1.01595055020248	0.392095167936931
0.641657829571976	0.201878292806112
-0.243241014092852	0.0808370662671502
1.30745495657921	0.576594767890921
-1.50632860321369	0.78306390660716
1.01496655409926	0.392016410565643
-0.754915023302398	0.265106216530069
0.138618353811657	0.0265211219118666
-3.09739452059542	0.972553736075869
0.93002098112329	0.244423585041229
1.05040313922884	0.518133696966867
0.804954811703476	0.345472225969279
0.134513506074792	0.0516168326605336
0.927971507294548	0.243537608899139
0.926329332609966	0.245803896301602
0.506468506416984	0.184272460164198
-0.377823620534237	0.111128034755999
0.138618353811657	0.0265211219118666
1.01618730262127	0.38316937883976
0.92732486785368	0.24306890205782
1.43184622835253	0.479292741706694
3.91543307449018	1.71602442481913
2.74531503858304	0.788587032684406
-0.240892370455321	0.0792841914193826
2.74531503858304	0.788587032684406
0.798646139226464	0.337504409484904
-0.237634114381875	0.0784173059311123
-0.370192063582796	0.107755133242033
3.62360809261866	1.43608472685745
0.143458160699927	0.0358142984417619
1.01300952249959	0.38025263704018
3.62168394400497	1.42736372029797
4.55117868772748	2.58499721225742
0.513937441101234	0.183924106895497
-0.649319222104321	0.16021039083734
-3.47400814940775	1.26328835340161
0.926329332609966	0.245803896301602
1.42898338960615	0.478193832396807
-0.369504231805591	0.107567671934274
2.74531503858304	0.788587032684406
1.76100678189526	0.982990137618838
0.781602486291656	0.466978317108443
1.79692786302671	0.707950117880233
0.348722537389473	0.174368151075072
-0.995166092636062	0.501278859422338
0.388727779232261	0.175282179157905
-0.749707900448518	0.266629197702648
3.62467162070288	1.43500145314363
0.64342341463051	0.205691875654135
1.25801666323319	0.687887246783247
1.01080793058073	0.389781480211188
1.04640926047309	0.506151918367621
-1.04076459192801	0.413825974035105
0.500356681036024	0.311533000070287
1.0461186457864	0.507908115213028
0.134073230654708	0.0460155036809627
1.01202616470632	0.384309287615817
0.381368477272038	0.172185305673824
0.505766542576991	0.183848744269859
-0.654514463701247	0.160265207029626
1.4308149383669	0.474993175817053
0.379938469527123	0.170361547493074
3.25036486382959	1.10725094810752
4.16197710521191	2.02110070343959
1.25891565270892	0.686355111011691
0.136433082417729	0.040391101370101
0.13251797852494	0.0511537531312601
1.95338582999428	0.463576578510391
0.643202247298856	0.202776762796674
2.33999188749448	1.17437068540732
1.4425168877376	0.89614252874237
-1.50420155227119	0.771926412902557
2.09022812164202	0.945927753511983
0.13342584199096	0.0456780844290643
0.687353872343749	0.310930319130048
0.804567850383468	0.33971449213736
0.132996319470018	0.0392540301152134
1.44428873040932	0.89485838223341
0.125681624662789	0.0430946049318035
-0.371963944093828	0.110621992809151
-0.1638005064279	0.0600618571222791
0.887925441253663	0.478254789914584
0.133083947721306	0.0514872556193567
0.508325950710815	0.183108533971571
0.890165575625618	0.483506941346857
1.00486217117273	0.378265244161087
1.44583605711663	0.910864209091877
0.130755305563244	0.0449465396920763
1.01179148986041	0.390812379931115
-0.752194007398662	0.261059846312193
-2.08912348607224	0.975673467838876
1.55753977551937	0.771653479704986
-0.165320765543476	0.0607703071733124
0.135235985047267	0.0399377111449028
0.433420871313236	0.174895185886725
-0.234364447612845	0.076611766491715
-0.0709836198468253	0.0310243484021931
1.2606312312711	0.688892379548025
1.01179148986041	0.390812379931115
1.31024810625553	0.577037468119118
-1.16577583586829	0.360083099240396
1.01202616470632	0.384309287615817
0.38432478155061	0.173913179363804
0.133502874099665	0.0402503094723903
-0.541756837620845	0.209412208548733
4.15971937696594	1.99118534871794
-0.750453159564684	0.266070645067511
1.7959287507101	0.710356981550796
0.796822032336151	0.339034428445647
0.804306426214091	0.344854975606889
1.30581051293515	0.583204526982758
1.02012143775892	0.385701440457898
4.36776433018589	2.27204638526549
0.892292698538653	0.469968318705166
0.12918993805387	0.0442507386000375
-0.37373542401889	0.110004299970677
1.01104201595136	0.385305051110661
-0.371729277964481	0.109124865696984
-1.16653542749665	0.357252169580594
0.136989442351956	0.0529527438983794
0.50902590722156	0.185473067884794
-0.748717096925392	0.26268742708996
0.138169594891086	0.0265198668009027
-2.09051641699184	0.975356223053455
0.640432049403559	0.206671110179374
0.137663849025598	0.0410571652515246
-1.29515834308224	0.603610157609632
1.95256933090985	0.464168557061862
0.132996319470018	0.0392540301152134
2.72423969753908	1.67228682679642
0.504816499640612	0.183371631391463
-0.414514623299934	0.176183685547673
0.508081388675797	0.18525425523165
-1.69143143337513	0.984864497678572
1.30254395558294	0.573188775529332
0.500618029906439	0.182017934068643
0.6997425938866	0.451347857634729
-0.74308996376314	0.255581005416548
0.131452753256769	0.0493049157805366
1.7959287507101	0.710356981550796
1.42822224336494	0.477074019570971
-1.04686110962204	0.424375524671107
-0.750500136544216	0.262945921354945
-0.370960450535942	0.108999469994633
-0.646622749070198	0.158987296788642
-1.84190336279857	0.769704627409186
1.79692786302671	0.707950117880233
0.140596907573201	0.0608860240648
-0.238331644347611	0.0787660677791559
0.134283127332206	0.0503886919912585
0.510668751789218	0.184537578196263
1.0127751373005	0.389769011989825
1.79692786302671	0.707950117880233
-0.749462000858586	0.2621567593617
-1.16227469880569	0.355295007054579
0.642650740895789	0.20298545340287
-1.5103082096306	0.789732548681657
-0.649319222104321	0.16021039083734
1.79670337293508	0.712109669548487
0.137299566105226	0.0590248651426026
0.925979622549504	0.243736825113843
-0.37705103334154	0.111772840936855
0.332368748563505	0.182432614696817
2.3325100448268	1.17874795812717
0.354142839408764	0.177775419997458
0.681156118140848	0.317778531990136
1.26285845725239	0.705909555090977
0.134196458780367	0.0397046446216347
-1.16653542749665	0.357252169580594
3.622744731928	1.40801772966037
-1.5054507841569	0.773756546128703
0.504822188982883	0.184110918199219
-0.163509927787284	0.0594540489341255
0.130035094056272	0.0385507204395608
-0.505085740366241	0.268272328991912
0.427912885754657	0.174104059517884
0.135988583642891	0.0516897399712583
-0.747972485615798	0.261954605937602
-0.0755367521105624	0.0332279205744113
0.128532989649213	0.0387330108702786
-0.246177922386862	0.1228769479804
-4.23432057522663	2.02835271734643
0.641203436908402	0.204828865510354
0.139847419253076	0.0352678773972538
-0.247688428186081	0.0823916105388393
1.00757101741344	0.384130201865198
0.433439081784405	0.174315859343786
0.139847419253076	0.0352678773972538
0.136174499395106	0.0402058114068659
1.30930772219347	0.578363663392743
-0.112308593694159	0.0453798461062963
1.01074601962064	0.385312386444489
0.422711979755247	0.169729639448661
-1.16152021660948	0.35929571617842
1.01202616470632	0.384309287615817
0.130105167826918	0.0446113493171228
0.641657829571976	0.201878292806112
0.434331900029893	0.174811971556402
0.805215646329513	0.344267959117367
0.136421791514599	0.0525462082369464
0.885952171204415	0.476679952045824
0.137309104876819	0.0658747567075952
0.5912553473876	0.306801371420087
0.680253645004803	0.320643257971436
-0.372967191440885	0.109879462987979
0.684763901775081	0.320722889295863
0.138618353811657	0.0265211219118666
0.800079574854174	0.341914550374125
0.339488227867071	0.165789488228925
1.01421910313051	0.386497027111194
-1.29635370143877	0.597003971549011
0.126876371713412	0.0427534563331399
-0.165006826123839	0.0602540952978305
1.94534285904652	1.22544495661562
2.54548136986112	1.437906267709
0.428220694818722	0.173585777710766
-0.999406115771593	0.508196794759441
0.129840797352239	0.0445844341304171
2.33344818907	1.17648881814106
0.129840797352239	0.0445844341304171
1.60642109993948	1.11757205951485
0.130105167826918	0.0446113493171228
0.381013403734791	0.173132440946282
1.31165057176086	0.579030865160352
2.2619726416361	1.74313773264228
1.25804516449605	0.701846958196435
3.91337671586789	1.72666008519133
0.889160620358708	0.475777885369713
2.09439244536298	0.948783083649303
1.25826352655386	0.698954794444829
1.95256933090985	0.464168557061862
1.79563632322604	0.704599241543694
3.036187130748	2.21721797681884
2.7489176254429	0.781882431670721
2.08845250211581	0.939678333949901
2.09341097070047	0.951512192253766
1.31071131737431	0.580370529078579
0.132582039124434	0.0449600957344367
1.07017502345313	0.651861147086314
0.641203436908402	0.204828865510354
2.74438259751335	0.780038400688451
1.30557418676413	0.574374892461532
-0.409141468225571	0.173303271776386
4.55644055475879	2.56982581900594
0.679919807501376	0.32283727045987
0.139088984871223	0.0347391602259325
0.128925533708437	0.0438883757730603
1.25590278363097	0.680718153124595
0.131669054203935	0.0451092981844482
0.130241163091154	0.0445767266602944
0.427968241407764	0.171984093924236
0.140938002405334	0.0538530325457891
0.639329222636839	0.203514926064791
3.92066530797147	1.7087082705816
-0.162884309300249	0.0591268591050108
-1.050323549172	0.420820392398359
-0.240677024303625	0.0791681775998101
0.135005321203398	0.0699179875213942
-0.791401001108939	0.350879919431616
0.139088984871223	0.0347391602259325
1.26285845725239	0.705909555090977
0.132755613913402	0.0400087413766842
0.381550391626406	0.173085403603978
0.385756059656369	0.174638974009755
0.430342156614367	0.173971171547513
0.426701646836818	0.171232343476935
1.01104201595136	0.385305051110661
0.809536064589503	0.339518702699105
0.424522203287792	0.170673896887327
1.00757101741344	0.384130201865198
0.354583008775555	0.176865912483532
-0.240677024303625	0.0791681775998101
0.802549426834567	0.341570842109923
3.24830720791551	1.09477551568481
-0.0713229534329393	0.0316305852915741
0.132755613913402	0.0400087413766842
1.0085495226757	0.383135807980842
0.128463635326266	0.0493757620403598
0.796822032336151	0.339034428445647
0.140605369101782	0.0351308802058006
0.592664555730376	0.308811114106468
-0.116179027186003	0.0466633349984021
0.133743144680782	0.0398540974543432
1.25467883440668	0.6931996752636
0.424829140010351	0.172125883775507
-1.8394585479726	0.760055045271395
0.598725183051261	0.311569423495746
0.637330363110719	0.200600181375881
0.133606661613399	0.0514748615616714
-1.16255649541829	0.360535388481223
0.13096448496266	0.0390859273598624
0.598767746089221	0.312216368026039
-1.29488169961464	0.594880590529618
-1.99801224080499	1.39638627274981
0.630992486423031	0.197870230330752
2.73566338919304	1.65601924396184
-0.157885182941494	0.0563068574055569
1.61170970316751	1.10194872815474
1.0035557616584	0.374025247900491
0.152239800840503	0.086505869912112
2.33671432954426	1.18708079387144
1.0473185286848	0.50559986677109
1.23957951981035	0.82534356075905
0.50902590722156	0.185473067884794
1.05500218210656	0.508193502868623
0.504822188982883	0.184110918199219
1.31165057176086	0.579030865160352
2.7285151056673	1.69349023224091
1.01080793058073	0.389781480211188
0.640204384260695	0.202440736609696
0.922124936246008	0.243516971274684
0.508325950710815	0.183108533971571
2.54575867812259	1.4321066058611
0.503178003100022	0.18139115003774
2.39709624757905	1.99876342478452
0.845801811163975	0.61271417965722
0.595439417241003	0.311940942098591
-0.560677801060473	0.357513281037853
0.506468506416984	0.184272460164198
1.5514862837783	0.776653741316405
0.381550391626406	0.173085403603978
0.699711127174222	0.448716030639608
-1.10511242529567	0.753022744172815
1.7959287507101	0.710356981550796
-0.0399374326514219	0.0189080700604235
0.140433824248888	0.0668307847796127
1.31188840304125	0.579777916235736
0.885062961172869	0.475250685703186
0.132154279721194	0.0569265971381677
1.08888862632486	0.811672720582832
0.802291828206662	0.339135616468798
1.01104201595136	0.385305051110661
1.3149184560518	0.573772915914149
0.673505770879433	0.312369111916876
1.00659170771323	0.383129425199669
1.30416567431915	0.574921760660865
0.886196375055072	0.466831032789744
2.11261131698013	1.4894747852763
0.131823666266718	0.0447389631924422
0.347429888800464	0.171916923403475
0.781452093534718	0.612077771688686
-0.545641755228151	0.213156326519175
0.132769892999255	0.0627890244881369
0.129840797352239	0.0445844341304171
0.799290226460679	0.340854272095793
-0.622100361432571	0.304102017504355
1.94870656779779	1.24104878149689
0.796219573498043	0.333138261327775
0.141592190786087	0.0413747380235866
1.6147297645774	1.13300570987089
1.2634283920089	0.706946124414368
1.9575652752202	1.19598598874766
0.528123292440792	0.298187907827637
0.347332213540102	0.173487779826099
-0.0796775637098002	0.034588258075646
-0.987812463719612	0.48640028950347
-1.04965581966949	0.429420534826054
1.44691986021885	0.899784327074712
-0.413947858919656	0.176554546535984
2.11755480927326	2.04053620534843
-0.344638446534737	0.205852641233094
0.67083479639791	0.315102602022647
0.428518317050907	0.174046878111496
-0.414935729814725	0.236297335506356
-0.540567326781551	0.21079663144273
1.55259080843722	0.777380091161839
0.676008126999332	0.319754593790644
0.389083108986569	0.174936726261594
0.891246116538183	0.484838989975286
0.801640822834797	0.342681912930608
0.802291828206662	0.339135616468798
1.30769071044512	0.580821984597342
0.508781691198075	0.185680235788344
1.42795516831077	0.478570790474717
0.675070079402767	0.317521362750003
-0.376050641505638	0.110143849291774
0.137369051590903	0.0524848369383123
0.688701877158748	0.314560262690506
0.135633414284217	0.0464242544434658
0.92732486785368	0.24306890205782
0.59698332640387	0.313347175901406
0.126591754435651	0.0434512482036923
0.355104870465431	0.17648391023793
1.05514749443356	0.503497652741783
0.811734324263721	0.335419576873398
1.04241308028933	0.504129640351315
0.769240729457626	0.448539461151371
1.4308149383669	0.474993175817053
1.45476640773848	0.900174346618307
-2.10474700322519	0.952320351010381
2.25430693439746	1.72370832279762
0.387298738778903	0.174235207048793
-0.25294009759349	0.126624056286686
-0.00701992545542326	0.00361348067750029
-1.53732327136021	0.558096879249065
0.780276343353852	0.468382954742763
0.14632581910179	0.0700425370279905
0.641386887681881	0.453350226440936
0.595798657416724	0.448688693318062
1.07298753176663	0.654020970089766
0.591632155643614	0.303274448707148
0.138124398652496	0.0532597376879852
1.06820923118355	0.649774259742493
1.38696785861502	1.04664074323563
0.543877078755041	0.311071374448865
0.138547275345784	0.0347818496624983
-2.58513149511835	0.689509113042442
1.01005776396623	0.384301698232896
0.129032375066658	0.0491949992686883
0.37768898545785	0.170244248173548
2.88742759763003	1.93327341151271
1.60730539636011	1.11763338649697
0.382614509481889	0.172063843860674
0.923120742885382	0.240835684941142
1.0127751373005	0.389769011989825
-0.238582126977172	0.0793549061566532
-2.30722030674925	1.19874771229064
0.136989442351956	0.0529527438983794
1.43108326772595	0.478167346987275
2.89111913130016	1.93118853628814
0.147280803978849	0.0700738188546752
1.44197550041858	0.884851105562845
0.946078064071509	0.639863645465915
0.801164793553301	0.341294454493149
1.90104848336182	1.59719259163945
0.534914257334203	0.309684694787111
-0.407095925461949	0.170584155445761
0.534480645275435	0.305631607843094
1.06928658753446	0.64939630046149
0.943364140922052	0.625794464079903
0.130491514010977	0.0447267681525709
0.929670085417592	0.244778423912617
1.79870938672057	0.706124174779807
0.128296084606295	0.0384571369192157
1.79893570621489	0.71178866805356
0.135514492544212	0.0521282796685156
0.344041695733659	0.17133427547707
-4.02295805659071	1.7826220822466
1.23524248315474	0.832284444277308
0.15525517943893	0.0994061132447525
1.79793422282707	0.704405735156038
1.95256933090985	0.464168557061862
-0.406663506836411	0.17279698026155
2.09242869183638	0.949346787975783
1.04301766912254	0.509338270960851
1.54967460389708	0.771811008207858
0.588410097239711	0.305749163096034
1.44251935025737	0.898690992261966
0.807013898880125	0.337248993313896
0.697502528423954	0.448343653752635
0.493336791083683	0.312700435087797
0.128999547000152	0.0438806201745586
0.0162901793649361	0.00950289496561932
-0.943027063625347	0.69039088289964
0.169163195861934	0.102576192608083
0.85253217647578	0.617034408315194
0.139088984871223	0.0347391602259325
-1.54211096447874	0.565956548030536
-1.30036353063113	0.590945467016891
-0.542320410382213	0.209636374638603
0.130755305563244	0.0449465396920763
0.131523908395192	0.044678679796562
2.09341097070047	0.951512192253766
0.152090524210143	0.0790526474157877
0.137754695672476	0.059648704954717
0.137309104876819	0.0658747567075952
-0.649319222104321	0.16021039083734
2.09022812164202	0.945927753511983
0.884421100630243	0.474188547953547
1.07397484779995	0.663192390518348
1.07200074219388	0.66067778972448
1.57686447864095	1.69879834804718
-0.161323141410888	0.0593428238464744
-1.04473605205256	0.423572303964998
0.898655839920348	0.777087287964609
-0.803742546827481	0.443705159186511
0.493617016537463	0.310902092202477
1.21471695697475	1.31878397975487
2.3306312050231	1.17167998107687
0.135991655403704	0.0651150948553535
1.54511289303059	0.770721136679104
-0.614386323917022	0.298711515778912
0.946078064071509	0.639863645465915
1.05409008830054	0.503163581300512
1.4308149383669	0.474993175817053
0.888929316902316	0.482039032636972
-0.661911893416176	0.38900848654592
-0.799229099100982	0.437058118340742
-0.0690541393478211	0.030439598599659
0.500856724023143	0.180020395614116
0.159966502194358	0.0910116496278588
-0.245141409663293	0.0807658318475998
-1.16255649541829	0.360535388481223
3.17110075161888	2.50645251535132
-0.320167004928905	0.148103332495981
1.52731134287907	1.29035803211693
-0.24886804239255	0.125392435615665
0.435610189267415	0.175668833000029
0.512584383620245	0.440498287336466
1.09726740899245	0.819214930460006
0.142575114741452	0.0742570387300009
0.669933543252313	0.313410463284172
0.538091420077946	0.311201242339097
0.845062844112323	0.62303145351499
1.55259080843722	0.777380091161839
0.465016296181475	0.311823031427405
0.505524711177284	0.184537045848412
0.780780960009012	0.614860513345221
1.0473185286848	0.50559986677109
0.700646844069832	0.449892671835799
2.3325100448268	1.17874795812717
1.88938750540493	1.58938817070126
0.141666634051722	0.0357514933011427
1.95338582999428	0.463576578510391
-0.373053653203401	0.10950615431338
-0.371195854454092	0.109335251451445
0.131708715990167	0.0395807956970691
-0.781575757374397	0.348492799953545
1.04610704894877	0.51238392387227
-0.169912448780061	0.0622831802819851
-0.658625915222266	0.385373224280141
-0.110365838315129	0.0444253483088259
0.139576085242422	0.0352987079074651
1.01496655409926	0.392016410565643
0.428529328826352	0.17118032110884
0.503634604531393	0.181750809305392
-0.537890139455942	0.208648019897415
0.375904753812778	0.169595391952458
0.136410468281151	0.0654789499443106
-0.784653935996524	0.346067642973006
0.588547086700765	0.306293822488574
0.134073230654708	0.0460155036809627
0.29567282683874	0.201700802432534
0.328247658246033	0.181431753776167
0.31988157520335	0.17475944521424
1.60718940088474	1.12500364394142
0.802549426834567	0.341570842109923
1.60694042083548	1.10160831055761
1.26622927213172	0.702635956115402
1.44826655443326	0.901985120064495
1.08216142523124	0.64716040948329
0.944706972254468	0.639483798169121
1.94242909463503	1.20758288443579
1.24066013245203	0.852561263655785
1.31071131737431	0.580370529078579
0.533958913969369	0.30758159350057
3.91855812891033	1.72940162808931
0.644424999818512	0.207579266186308
0.505524711177284	0.184537045848412
0.426999830129114	0.173224779129442
1.43108326772595	0.478167346987275
0.141628868364635	0.0268733845859336
-0.787683926065199	0.349169875920851
0.130105167826918	0.0446113493171228
-0.242292064734812	0.07964190102884
2.00800080579887	1.8068664334239
-0.0690541393478211	0.030439598599659
1.0828153691284	0.792064463821325
0.343182263251522	0.166465560156221
-1.16680976292454	0.361321943590249
0.669032146250281	0.309701003586388
-0.0429845599277586	0.0201302177629998
-0.115459882139839	0.0463015550636823
2.33835433036273	1.18482839037575
-1.54538955663062	0.564367029919961
0.128532989649213	0.0387330108702786
-0.408916272225057	0.173941516536407
-1.53808894962198	0.559470356704578
2.39441004691514	2.03372300385832
-0.0905704481102272	0.0558575734173415
-1.18039390591179	0.67303569900004
0.435610189267415	0.175668833000029
0.350018886845198	0.174618674899344
1.37853747465728	1.04695047065446
0.137754695672476	0.059648704954717
0.779485985855204	0.46307389003247
0.38028922997406	0.171691890692594
0.779485985855204	0.46307389003247
0.777996352757889	0.466305186735139
0.135575227202627	0.0588194788716142
0.67083479639791	0.315102602022647
0.803396428962993	0.343865653568856
0.782556946883476	0.468514399004779
0.295925913498591	0.190083427871875
1.75656146466318	1.36785086834149
0.675641318219284	0.318864643581878
-0.804253729386705	0.444943656287596
1.383044230639	1.05405703483176
1.61197965668668	1.11701884163659
1.7959287507101	0.710356981550796
0.376444554248377	0.169557748542405
-0.371729277964481	0.109124865696984
0.925819939961969	0.242168104656227
-1.5479363497401	0.560916837957921
2.08624413522078	0.930006094624124
0.671404795313745	0.312496690392296
-0.497289725621209	0.262878783264408
-0.0755367521105624	0.0332279205744113
-0.111262641289649	0.044811437245554
-0.801858966451598	0.618486385808236
1.55058082848015	0.77555938050866
-1.80211551800213	0.40518546889285
0.128925533708437	0.0438883757730603
1.76041476786005	0.983553365171002
0.885952171204415	0.476679952045824
1.31421957857318	0.580185170467997
0.132129592379522	0.0507684643984597
0.804306426214091	0.344854975606889
0.502930967277417	0.181333117013942
0.153981260240451	0.0879917253447733
1.37942469390408	1.04810700263471
0.149805218419562	0.0789117278379141
-0.0764377708134315	0.0335983929809046
1.44672035489898	0.91099682350394
-0.0713897043053106	0.0313308856162664
0.131769780715528	0.0397831026994758
0.606179770619632	0.300484786094692
0.325155471326514	0.177793189192629
0.351008204207862	0.174287806741244
0.348685968829682	0.176546970120616
1.06680276413506	0.642347752642191
-0.347759439791541	0.211408517312323
0.310406912414098	0.188019958792532
-0.499964034004833	0.26622714835866
0.886311882815399	0.481039165319114
-0.319653077990966	0.147588845989263
0.427316565804675	0.173552865810992
-0.417849772393253	0.176170613518616
0.67263686402768	0.315639842179209
0.593321044415257	0.305102195205381
0.772169314022128	0.600402634420102
0.296085374698314	0.191377449806209
-0.791082425452461	0.354688548548345
0.530392821097383	0.303974956574394
0.520567086186742	0.287043975077596
0.430756107237886	0.171831902869872
0.841731514056539	0.610943518350177
0.801383180273715	0.338980745417885
1.94848949169587	1.21230693866309
0.930671315320304	0.244899140334393
-0.749707900448518	0.266629197702648
-0.247443196598974	0.0821764216093194
0.136082679681813	0.0525324784428168
-0.406663506836411	0.17279698026155
0.643652025841357	0.204814057575745
-1.29423537182087	0.593992451117377
-0.40874422601464	0.1724198886117
0.889817632427664	0.484607505046141
0.63611382542294	0.202940731306447
0.38028922997406	0.171691890692594
-0.749208929381019	0.26062610901766
-1.05384695295636	0.432037760899314
0.346836388680473	0.172909792582344
0.130491514010977	0.0447267681525709
0.679919807501376	0.32283727045987
1.54788837270478	0.766951201950055
0.387654022848454	0.173979329426566
-1.50512671215335	0.78497703069569
-0.615388666731744	0.293752393922527
0.767946509720064	0.446441512127286
1.21909605550584	1.19013403335671
1.07200074219388	0.66067778972448
-0.557800549230222	0.35210649285833
0.696998738262711	0.450245584889773
0.319699863561516	0.191105501363609
0.533175451366638	0.304855814525321
1.07335401360288	0.649791223573909
1.09149551149864	0.819881333546566
1.01104201595136	0.385305051110661
0.883533385867291	0.475071223953886
0.139104213462187	0.0660453921433151
0.695683507008994	0.455859528328521
0.849788423237277	0.616411538838602
0.534480645275435	0.305631607843094
0.671626790177004	0.580486407444745
0.347699027923578	0.175244250043786
-0.261993377822907	0.130530994973294
0.698895465130576	0.452968143798439
0.137880518700344	0.0597795180115816
0.586623052711202	0.30434629980835
0.773792150782948	0.457487544002899
3.25036486382959	1.10725094810752
1.4300525619712	0.473890200865325
1.95338582999428	0.463576578510391
-0.648677249821696	0.158587087101144
-0.241592110808894	0.0796343626485334
-1.16501672782279	0.357025208830094
1.09716185428285	0.811082001630572
1.79893570621489	0.71178866805356
0.532694256749446	0.304851599784403
1.55058082848015	0.77555938050866
-0.968012627325141	0.592165696213242
-2.08793297662308	0.96207076912166
-1.16577583586829	0.360083099240396
0.684197693155187	0.321067010084729
0.388190950288828	0.174937886372795
0.640432049403559	0.206671110179374
-0.796593539389583	0.347983388972179
-1.336943511402	0.842850854177151
-1.6251941207614	1.23782924698484
-0.202630261868066	0.110176939901889
0.128356786971529	0.0436526425575876
-0.660054041601753	0.388146814913143
-0.0306816737789413	0.0145001699209763
-0.806543308257625	0.710181808317869
-0.804287518421476	0.441659358100973
0.342375698795928	0.168243588040488
-0.0487327027785657	0.0229315087181471
-1.1086898817059	0.760911482742914
-1.04800222855483	0.424355857201703
1.76559624119396	1.3643957492015
0.322604693488113	0.17782163612302
0.312467756124026	0.188770574390754
-0.522941328682426	0.399822838254108
0.942547245780118	0.627670872803383
0.529079101322968	0.302684678566532
-0.500450094948577	0.263564685733195
0.955487438694952	0.633590632527658
1.04643772215065	0.514195401679448
1.23374620084839	0.841289808156332
0.842005932195959	0.612492643292126
0.144617418218243	0.0769810703320119
0.351948363377535	0.177489465865794
-0.750699276625547	0.264252450117151
-0.964301944910316	0.599305415688894
0.348722537389473	0.174368151075072
-0.0713229534329393	0.0316305852915741
1.61156079179612	1.12120369267417
0.92732486785368	0.24306890205782
3.62168394400497	1.42736372029797
-0.242088249126681	0.0799235848381177
-0.164692058603136	0.0589963378636655
-0.322611923661454	0.150307945378287
1.79971117079625	0.713547256095307
0.795009809051372	0.337449798272737
-0.240229628086566	0.0794522230625189
0.800227672723986	0.341851244617158
0.138818714405564	0.0354421828043769
0.137672310748076	0.0464999890529274
0.432605112236327	0.173803370611223
-0.371963944093828	0.110621992809151
-3.09803658564349	0.963618638434641
-0.110546721690707	0.0440703631562388
0.142519151599986	0.0615403569455424
1.55173884031121	0.784928292248589
0.424226378335166	0.171786795043042
-2.09072240474932	0.9719651342898
0.13096448496266	0.0390859273598624
0.129137958926038	0.0496883434958747
-0.784052639539007	0.345467191297511
-0.107746870426981	0.0429707033532213
0.708939764041678	0.459147896964039
0.141494037948258	0.0610489676051575
0.893021466647384	0.48248254927892
1.23836177193817	0.843038593534495
0.675070079402767	0.317521362750003
0.135887765032073	0.0582733816768072
0.38432478155061	0.173913179363804
-0.411713044591761	0.235571956836109
-0.243489732986148	0.0812398100864258
-0.405921801539491	0.168837192394235
-0.201189979092452	0.108448888066692
0.536718451136399	0.310808999322767
-0.667238017068795	0.393874807761668
-0.495816504042853	0.26148372732092
-0.787362224888961	0.35065429277151
0.946933179693282	0.638191488754403
1.23164370751678	1.02582390660853
-1.48194109998454	1.04375276485911
0.130882611694412	0.0448066859255122
-0.409999564863662	0.233418512117818
0.844424009287005	0.609321282514854
0.137716344096337	0.0264356853006178
1.30769071044512	0.580821984597342
-0.782175372677927	0.349105651546352
-0.323512747184136	0.150877869497942
0.0196389033117057	0.0114781663253245
0.34689194291272	0.174756289870083
0.152608461208848	0.0872668154685242
2.33157104854634	1.17733567459377
-0.376278890867832	0.110765860075796
1.23374620084839	0.841289808156332
1.94355460325946	1.21995272314545
0.607575820715033	0.308311430202284
-0.807586385324969	0.443175861412512
0.13398902342509	0.0516991626437089
-2.09260854259694	0.966110589692723
1.54602223746616	0.771815254797831
-0.110007844204714	0.0440408779485704
0.485356697816247	0.300912903441203
0.288359707244553	0.18201934632115
-0.404276086056029	0.17023209239725
0.594277545235095	0.447847161310592
1.07121133431914	0.653523679132545
0.9412524031238	0.618130339781411
0.601112811984206	0.305740430124065
-1.20222086415815	1.23937870712482
1.38346029020629	1.0650124064402
0.298830457683666	0.194471769651742
-0.0873914329711254	0.0541945776074834
0.325650557475983	0.178248586435256
0.290258258058878	0.194625368086344
-0.798632994836154	0.441411482741035
0.542972081910038	0.309536969024071
0.136650751159166	0.0527716036977143
0.144878841292722	0.0757861267438666
-0.621926613724675	0.301982192537307
0.302374265661349	0.195003325844287
1.07851322254398	0.661572733479376
-0.35050680533285	0.211626754432546
-0.164717030217209	0.0605798459598444
0.142570279649294	0.0606622194239562
-0.0813978474952375	0.0349799410172398
0.939338958818732	0.931145660780595
1.79393121355608	0.700241743161792
0.131669054203935	0.0451092981844482
0.131405301493996	0.0450882414222608
0.130043824513067	0.0498363911511276
-0.158206154311533	0.0572738065231853
1.07664061951548	0.663985362425297
1.8822298379512	1.56189481021906
-0.16950824203859	0.0614190007857037
-0.517775041688705	0.388369945399187
0.511352003258395	0.182899074623415
0.431906529378716	0.175733526773866
0.131531340806028	0.0393848494794365
1.01202616470632	0.384309287615817
-2.08981984785612	0.976979991676915
0.680488477207871	0.322481729208535
0.590879653502308	0.30740705226431
-0.61749755631226	0.297847397284108
0.794666435856676	0.326320387582783
0.804306426214091	0.344854975606889
-1.04854532234725	0.82754900296706
-0.796822841073129	0.437813183591536
-0.807056600770379	0.527300417217793
0.324758471389734	0.180795123240498
0.594169419400484	0.311099987304194
0.93939875113955	0.624960834033463
1.38166219653786	1.06235584180823
-0.411306378369193	0.173103709879466
0.951002948046077	0.636602764211169
1.2133484439175	1.31669866771407
-0.963883550821298	0.595411956435296
0.77182291169318	0.596532100010096
0.501496195910189	0.435796787751393
0.332834019572578	0.181822136105588
0.387836077353972	0.174578646853337
0.136536751098384	0.0588145613661722
-1.16382674822306	1.00289919101602
0.136402732611651	0.0587480145985185
0.298157658358962	0.189264789001174
0.289003783746152	0.199295977148743
0.906314745215169	0.777872539514729
0.163495298956837	0.105312531176765
-0.251069614212392	0.126724316049159
-0.0368391494110239	0.0176342075999996
1.07575168453648	0.665444902236586
0.781602486291656	0.466978317108443
0.639433294916704	0.204223062388441
1.4300525619712	0.473890200865325
1.42795516831077	0.478570790474717
0.131708715990167	0.0395807956970691
-0.410395358220692	0.174479031259067
0.137420997667979	0.0409326259269069
0.507411456480791	0.182627863027312
0.134720480496125	0.046154809884801
0.453729453275104	0.299754112362921
-0.543056334197231	0.209032054599437
-1.18673675377866	0.660902400085706
1.42898338960615	0.478193832396807
-0.790691854932188	0.423854339577187
0.427912885754657	0.174104059517884
0.431083330835771	0.173156805932815
0.132517398019614	0.0400248322660559
0.507170252862813	0.182647571247782
0.982622861252878	0.795959850783079
0.54169185439713	0.311038680656341
0.430700215324852	0.175008159531737
-0.413723517512865	0.175732979945065
0.942955114184228	0.628889284835414
0.452196344269913	0.302960764913125
0.150800277658662	0.0857673302203426
2.73375426389734	1.67984622304781
0.888813544868003	0.477358317554393
0.439647391466928	0.173022265695761
0.890358361904575	0.483863449958916
1.44474694036503	0.890653007745976
0.849034858834249	0.626190971411839
0.945183183212192	0.927012349135177
0.67621243755849	0.318523629907513
0.671166329086663	0.315342091616726
-0.342114031582101	0.206800931053682
-0.995514592535457	0.503604665926418
0.00354183447451489	0.00198223685855161
0.566887953343747	0.444913570652446
0.297572306883822	0.203236304608695
-0.243489732986148	0.0812398100864258
0.798646139226464	0.337504409484904
0.461207308928307	0.308816641619972
0.843393146065792	0.607567209226356
0.642202725024316	0.20486814652215
0.139073148904902	0.0266055202308437
1.42795516831077	0.478570790474717
-0.789281131674278	0.349469577084022
0.886661404891656	0.475115800760934
-0.0415751522159469	0.0196200312560792
-0.811819276202144	0.437949938228932
1.01421910313051	0.386497027111194
-2.08981984785612	0.976979991676915
0.780772095947285	0.469007875946361
1.30745495657921	0.576594767890921
-3.77488446443192	1.52874110171612
0.925335174824177	0.243267565805426
-0.161924550637959	0.0595326272869975
0.519658005671947	0.284997984384762
1.0556446292072	0.513724636568623
4.16197710521191	2.02110070343959
0.887383441664308	0.478972445956347
-0.655608693293696	0.382248858058325
-0.31978122237563	0.148295979589916
0.428220694818722	0.173585777710766
0.48917188459322	0.303385827260078
0.941162752739364	0.628800812339744
2.11621931465153	1.44578863997856
0.379938469527123	0.170361547493074
2.10930328571654	1.46792258925087
2.52590797192645	2.27096763850389
0.352797249109913	0.177555138523587
-0.00904220809416937	0.00468537527143885
1.08940597474194	0.800170461292609
1.07148602161048	0.6599189039757
-1.49078069862556	1.02992365573371
1.08539541064776	0.811099155895001
1.88535746967884	1.58352369259544
1.95338582999428	0.463576578510391
2.74531503858304	0.788587032684406
-1.84215992422119	0.772497364016813
0.641431038909059	0.206705899790905
2.74531503858304	0.788587032684406
-2.09634661107878	0.979836563621813
0.641431038909059	0.206705899790905
1.31327961953272	0.580049429236313
1.75862029817499	1.3385838689287
-0.244877911552236	0.0806088752113352
0.803396428962993	0.343865653568856
-0.311768887296733	0.143250765916302
-1.54134641011664	0.564552208534783
0.131405301493996	0.0450882414222608
0.505524711177284	0.184537045848412
1.04301766912254	0.509338270960851
0.134463377697658	0.0577425907495796
0.993371520778542	0.797956136943677
2.12639707561263	2.15468133924511
0.977014531299084	0.786284716199115
0.134678988470476	0.0579137163983647
1.25894180030955	0.700998345442074
0.531320333114076	0.302564442221862
-0.0153442886106951	0.00777759920928419
0.902846181131873	0.777429185326044
-1.01943514883844	0.921484935367863
1.22595585668048	1.18698863986519
0.275263365831856	0.207837196851757
0.778825285806148	0.458711382879833
0.887199687258106	0.480645526352824
0.596091643308744	0.312565873458659
0.651465825882363	0.201291062434655
3.25602807611411	1.08608283170182
-1.80190156331263	0.405310176911618
0.498736731149331	0.179281907261331
0.777501653437854	0.466968843269737
-1.04921291121102	0.426520143491694
0.130755305563244	0.0449465396920763
0.148544186664367	0.0696520340124624
-1.67464513050876	1.71381062249127
-0.960151225996099	0.596790300166249
0.136989442351956	0.0529527438983794
0.809239056393596	0.34255292022026
-0.320681031246747	0.1483017530793
1.76841039542078	1.00207926786404
0.675775438587557	0.31503465599181
0.383785973291712	0.171806914108393
0.487671178883685	0.305144983028228
0.491659639783761	0.311147172248629
1.23371280668703	1.15605634357885
0.138645451473333	0.0668348077285699
-1.46869529376161	1.32666528218497
-0.801638805518496	0.531776220082984
0.556879580439739	0.43723217964497
-0.404964609222531	0.171528159493222
0.291259709260375	0.186059113785477
0.782061871375915	0.467893254699789
1.60782428403022	1.10168266144996
1.94870656779779	1.24104878149689
1.4308149383669	0.474993175817053
1.01595055020248	0.392095167936931
0.512747932767563	0.181743914372711
-1.80211551800213	0.40518546889285
1.4300120770332	0.472328161227103
0.140442051310278	0.0680077678137664
2.54548136986112	1.437906267709
0.14494125243497	0.075122860460369
0.142519151599986	0.0615403569455424
0.135887765032073	0.0582733816768072
0.135082410408703	0.0518540068368415
-0.253840473092358	0.127023310985746
-3.09343711568729	0.972052225554497
4.99547456292888	3.53329866183126
0.512296682193737	0.184360640072117
2.09341097070047	0.951512192253766
0.127501109997399	0.043616448886316
1.11145386073227	0.990021951862145
0.130043824513067	0.0498363911511276
0.538091420077946	0.311201242339097
1.22631083433166	1.02505206881952
0.890705897272587	0.48558707094198
-0.915539585867902	0.780084929003269
-0.311378831230324	0.142934950950842
-0.558913698144267	0.355153053129743
0.71711298667557	0.584707275287857
0.0068054304368917	0.00372192181464666
1.04519775194941	0.509793399052128
0.321229458215232	0.177104181870508
0.594073159569233	0.308887527868253
1.55239096568043	0.775447909362186
3.62062366405083	1.43326252584705
1.01254068844739	0.386785712184281
2.74438259751335	0.780038400688451
0.138169594891086	0.0265198668009027
0.925979622549504	0.243736825113843
0.137299566105226	0.0590248651426026
0.133944485241856	0.0512194969632781
0.136856947118518	0.0594806176786901
2.72054469501686	1.65288703282296
-0.617726724474063	0.300368406367299
0.137399928986305	0.0462783386797431
1.05440155751561	0.514006068716458
-0.497701394758449	0.263019914063892
-4.22747935038727	2.0278639818236
0.795916309961363	0.338880381128544
0.504816499640612	0.183371631391463
0.92113051285893	0.24102514029113
2.11767520387311	1.48086930263977
1.25826352655386	0.698954794444829
0.314607391659921	0.189082777850691
0.380099872758889	0.1709421314455
0.850244485083819	0.620729962735469
1.0928990769724	0.825787968311575
0.777553308579163	0.461805751268052
-0.808686650286696	0.538759737254515
0.67901757313456	0.322548276957465
-0.56396088092513	0.359008049257692
1.09243132904167	0.827435644971434
-0.169310736207172	0.0622086261971111
0.607702880372828	0.307621829500313
1.46743898900383	1.42361707637623
1.07664061951548	0.663985362425297
1.79570418994076	0.710490111832351
2.54483027783621	1.43468379342015
1.42898338960615	0.478193832396807
2.33554117606807	1.18577064905826
0.131708715990167	0.0395807956970691
0.801640822834797	0.342681912930608
-0.962454140218394	0.577472449549364
-0.0709836198468253	0.0310243484021931
1.31233879202761	0.574741911330394
-0.662766138139763	0.391179953731736
-0.404620756334216	0.171888458678406
0.638661759222662	0.201540571310924
1.04452760474985	0.504648438997339
0.130783366724484	0.0391461997340817
0.926329332609966	0.245803896301602
-3.09675293313402	0.963861246988004
0.638106441805795	0.200917531067273
1.0553229946409	0.515398954440857
0.803396428962993	0.343865653568856
0.889817632427664	0.484607505046141
0.591913359414384	0.307123607734842
0.844598087056296	0.622042391663945
0.536718451136399	0.310808999322767
0.689121680761589	0.440239336785142
0.650568826527306	0.456770460914103
0.590937023849856	0.308919776260212
0.703729832162788	0.458421964739233
0.807657047620498	0.341688010260639
4.72293209103115	2.83555281441257
1.07575168453648	0.665444902236586
1.3910657663467	1.07192675451941
0.345959553659844	0.172900183425928
0.137730036797154	0.0657915205100695
0.459063076398464	0.309314883333292
0.562613791897215	0.445784809890546
-0.109003280378845	0.0437589916598376
0.459478590599679	0.312770899031788
0.461791060024133	0.315766287746213
-0.155502631217453	0.0888649146439719
-0.348001312279878	0.209843819822153
-0.0658627590392791	0.0290260593138808
0.897226162738511	0.477258160156232
0.957719582217216	0.624852687733946
1.25801666323319	0.687887246783247
1.24105132190567	0.854059372078642
0.678115190757382	0.321110111421806
0.886841337974724	0.476944119834122
0.59787536076233	0.313265353712179
1.08215847172584	0.619979707661504
0.883878124047466	0.467738089792477
1.31024810625553	0.577037468119118
1.79692786302671	0.707950117880233
0.431906529378716	0.175733526773866
1.24293205813011	0.858709333881235
0.13806085974017	0.0349020150681185
1.01375799328144	0.385551763829273
1.25883634401987	0.69029567304117
-0.324537889578314	0.150482113773763
0.341318844635061	0.168741967961198
0.52416698322795	0.290675904874585
1.39154598547207	1.06936308032174
1.22207871365361	1.18489782161741
0.13251797852494	0.0511537531312601
0.987155649991001	0.805692902760784
0.67510743727222	0.319464404088542
-1.28821979033684	0.580051324323523
1.30416567431915	0.574921760660865
0.383078213827389	0.173623050496421
0.597226423729865	0.310825886866834
0.786295798273072	0.459285349277453
1.07022268401979	0.658429248649489
0.886149098729338	0.47655884135074
0.130755305563244	0.0449465396920763
0.88650234922062	0.476119299993675
-0.994380561850817	0.502156564887953
1.8934678490434	1.61505746279418
-0.317942244754209	0.144947916287241
0.598330380516658	0.443253975786607
0.139543450624509	0.0675192261100814
1.89124695738097	1.59538108995934
-0.744797769739109	0.261223376171582
0.637629826437812	0.453182213852113
0.507170252862813	0.182647571247782
-0.753925861436807	0.267481396825324
-1.84954302093362	1.17357235405468
0.43003507047201	0.172842082112323
0.374824850358179	0.167041237407562
0.598767746089221	0.312216368026039
0.125944161747299	0.0432199706166619
0.591913359414384	0.307123607734842
0.134990869134884	0.0578538321463001
2.11437052311831	1.48194532888182
-0.370960450535942	0.108999469994633
1.25984065942727	0.697861646182428
0.891246116538183	0.484838989975286
0.674166923307429	0.316819629814144
0.636968660718492	0.445966401958071
0.701890816512825	0.458406285632168
-0.61808879362596	0.299474621204173
0.503876995607107	0.183480745946702
-0.172347154385416	0.0619777504572516
-0.164403605220993	0.0602516836701797
-0.241592110808894	0.0796343626485334
-0.243489732986148	0.0812398100864258
0.63611382542294	0.202940731306447
0.503635971186214	0.180200736116117
0.665455214972331	0.306574104196152
2.39352939659007	2.03623185176993
-0.0368198434224387	0.0175635187994821
0.50370095140654	0.312102801267938
-0.0373038650832989	0.017827969937852
-0.066299833806704	0.0291469230225898
1.31327961953272	0.580049429236313
1.01491214380314	0.381542346540397
0.430485847264179	0.17137717319431
1.07584761694173	0.648840949617306
1.6118514342688	1.11015008885053
-0.198818751033931	0.107179314880464
0.411033259555669	0.309321855800077
0.540672258763117	0.309183842560102
-0.315965553735581	0.146873211041939
0.0257046906019263	0.0149035228869494
0.833181516379398	0.761357685347757
0.887037292069543	0.477992287688392
-0.417284807918665	0.175637073526662
0.137051842930544	0.0588232683260853
0.94110620881686	0.638148984875642
1.07434673478916	0.662239205948611
0.135959557476312	0.0591233564490453
0.765968002703184	0.590050349667271
0.150014683879188	0.083944012662489
-0.661862725750789	0.391910749747239
-0.128316405547022	0.0759752785003078
-0.501435028733428	0.263956495477953
0.533142998032281	0.304154897497456
2.2564463749499	1.72228396730147
-0.621708406469385	0.300118527626138
1.2631869693766	0.692454297086979
0.377150107007042	0.169547415920011
1.09239589842624	0.820160150018798
0.540256333506185	0.311198145745925
0.12959956253341	0.0440103151615897
0.436531891438947	0.175979805241969
0.381905049599173	0.172892482576281
-0.414290591555743	0.1764908411527
0.133743144680782	0.0398540974543432
0.59651081586398	0.308327344431185
0.135633414284217	0.0464242544434658
0.644424999818512	0.207579266186308
2.33647975774558	1.1902357498922
-0.161323141410888	0.0593428238464744
-0.123862307209726	0.0484586361484635
1.94723993892349	1.21716177748167
0.504822188982883	0.184110918199219
-0.617726724474063	0.300368406367299
1.01080793058073	0.389781480211188
4.70916345046153	2.83445711596187
1.23602081242935	0.847269356482426
-2.31072845757555	1.18521193629947
0.125681624662789	0.0430946049318035
-0.5413960558512	0.210897885586138
-0.748962934462903	0.265874158565463
-0.108823628788962	0.0435736981784003
-0.420586510082682	0.23630358386123
-0.413038071216339	0.175532905450482
3.17120559037472	2.55360217835909
0.130043824513067	0.0498363911511276
1.30906895135202	0.585546772041702
1.35113539339474	1.22576275747155
-2.64599179079277	1.63266672480862
1.31352048566041	0.571829807529249
1.25894180030955	0.700998345442074
1.01179148986041	0.390812379931115
0.671166329086663	0.315342091616726
-1.05509012554167	0.839857195018701
0.135633414284217	0.0464242544434658
0.138375656503241	0.0404207688069331
1.05070791679031	0.511075219619218
0.679919807501376	0.32283727045987
0.379046409878279	0.170172852337966
-4.22817245099253	2.03267637872746
0.131531340806028	0.0393848494794365
-0.110007844204714	0.0440408779485704
2.54859390264498	1.38463670484194
0.642202725024316	0.20486814652215
0.800079574854174	0.341914550374125
0.984152669032662	0.803107401790414
1.76100678189526	0.982990137618838
0.377336180340363	0.170103151768751
0.127325808160313	0.0489124719091999
0.426999830129114	0.173224779129442
0.804954811703476	0.345472225969279
1.54902029058638	0.781201794884634
1.54511289303059	0.770721136679104
1.75871665386934	1.36589852035345
0.137790482671227	0.0349173015404508
-0.793517308934846	0.425573511263498
-0.618763311534973	0.302466954406303
0.139674640842495	0.0597639850332119
1.26163296008449	0.706604794605791
-0.116537187371047	0.0468346895783988
-0.120019071460651	0.0477071054031488
1.61369825400612	1.11286716389667
-0.512372080262053	0.265726623754339
1.23555857868816	0.855298502882804
1.05100741137477	0.518952111891946
0.776955704342591	0.452356897272647
0.59231748202227	0.450153341677204
1.94444880744691	1.22417439870263
1.05592306926228	0.509552535621127
-0.806040515214851	0.539925245423872
0.143634190188002	0.0691358678413954
1.014729443048	0.384082142894649
0.138818714405564	0.0354421828043769
1.05100741137477	0.518952111891946
-0.0699966327578904	0.0306845628091328
1.7959287507101	0.710356981550796
1.38615971558075	1.07084756345947
0.779780483675919	0.465729776704502
0.593277580515683	0.307316865148824
1.26443334104347	0.699599551629
0.131405301493996	0.0450882414222608
-1.29968140995093	0.597805757135869
-1.29488169961464	0.594880590529618
0.134986889048387	0.0462856031126629
1.04580566003061	0.510596983508345
0.505524711177284	0.184537045848412
0.132517398019614	0.0400248322660559
0.433128399509895	0.1763668859627
1.95338582999428	0.463576578510391
-0.168912357185564	0.0612251383817018
0.640432049403559	0.206671110179374
0.525008511345234	0.296833129326573
0.592664555730376	0.308811114106468
-0.370960450535942	0.108999469994633
-0.241592110808894	0.0796343626485334
-0.248387997661862	0.0825807028479737
-0.162884309300249	0.0591268591050108
0.12579814223175	0.0479313041151888
0.943891865255867	0.63439429975275
-1.16152021660948	0.35929571617842
1.30745495657921	0.576594767890921
1.38925919511363	1.06175617003479
0.847362801295804	0.623231339904282
0.782004756685744	0.463365793965086
0.135879697342193	0.040042092096282
0.93002098112329	0.244423585041229
0.596091643308744	0.312565873458659
0.144016413139906	0.0618355862975993
-0.264481639693837	0.196111727353054
-0.202098987746056	0.137597587594275
-0.921559945632219	0.777032343470369
-1.16975194608562	1.01641986759645
0.458402053706987	0.312813665563988
0.804306426214091	0.344854975606889
0.378581036876604	0.169849173806516
0.324277731581199	0.177336250944748
0.803135501392666	0.340827226534189
0.417598141351946	0.160926905906783
1.7999374187146	0.711558267279855
1.07195294663426	0.65236245433214
0.131933346686506	0.0446309733593881
-1.84364570734871	0.769128563045154
0.37762649510634	0.164641999254828
-0.106671269738713	0.042971684899464
2.08947720126277	0.943612171539552
1.04735831288932	0.514396011297143
-0.955103027713517	0.58004099473933
0.125681624662789	0.0430946049318035
0.644653544443343	0.203394918883316
0.679351020763047	0.321470737969825
1.79692786302671	0.707950117880233
1.4300120770332	0.472328161227103
1.80373891850601	0.704362478450975
0.129137958926038	0.0496883434958747
1.0127751373005	0.389769011989825
0.503173696642426	0.181140364188836
0.642430262122492	0.204551977387731
1.01595055020248	0.392095167936931
1.79492986711335	0.708745443595502
0.926329332609966	0.245803896301602
1.7999374187146	0.711558267279855
2.51467911317935	2.28590835502637
1.42692741367696	0.472854481440801
1.39596194507279	1.05405919807108
0.138710775831454	0.0594516816778369
-0.043417405210968	0.0206496342798364
0.498493234043276	0.307811739130022
0.144528274480245	0.0618330615353217
0.428241289583821	0.174216330191094
-0.16623824947282	0.0610134655693771
0.125944161747299	0.0432199706166619
-0.111262641289649	0.044811437245554
1.0488329181685	0.510466369895979
0.801807406267958	0.338805355853086
-0.781575757374397	0.348492799953545
-0.110007844204714	0.0440408779485704
0.133502874099665	0.0402503094723903
1.05131166712168	0.51832133916075
1.54992724374578	0.785062078842457
0.591771925845379	0.308475665355391
2.3374174774623	1.18988321932547
-0.23997851337229	0.0797141941925215
-1.0475594705505	0.429178184450482
-0.106134257424768	0.0428260913916659
0.598254072323625	0.312994871375013
0.509969571730134	0.184118798060044
1.30090520337058	0.572638933080247
1.01595055020248	0.392095167936931
-0.244428546932055	0.0805963435476292
0.603921388414299	0.312017272029304
1.42719460355007	0.477448564652232
1.55414783644723	0.79255832938947
0.130273630097158	0.0501529017881732
3.62168394400497	1.42736372029797
-0.254778764837849	0.128881825586478
-0.0402680012808781	0.019095088297374
-0.520533002971289	0.402246676371958
0.143721349521021	0.0815341859859739
-0.404935300146282	0.327519466021052
0.00431067726663612	0.00294364541805487
0.39723580450348	0.41265106216964
0.156737458579946	0.106055572939039
1.08978869653136	0.811196802816246
0.379938469527123	0.170361547493074
0.679919807501376	0.32283727045987
1.54666990657741	0.772502733813019
1.94938766081572	1.21051331345499
1.62124688083716	1.11151579448954
-0.418758181706445	0.176299240179779
-0.111802426887164	0.0449555909623443
-0.243241014092852	0.0808370662671502
3.9123489333965	1.72015641649178
3.61956389250147	1.43028882967321
1.26163296008449	0.706604794605791
0.140906973713143	0.0352149950547458
-0.749707900448518	0.266629197702648
0.133502874099665	0.0402503094723903
0.512377114410761	0.179709826943131
1.01179148986041	0.390812379931115
2.09022812164202	0.945927753511983
-0.7499539562993	0.263513086552406
-0.748962934462903	0.265874158565463
-0.371963944093828	0.110621992809151
1.42925034845688	0.471239687923602
-0.243738387832607	0.0804072076503759
1.42795516831077	0.478570790474717
1.79692786302671	0.707950117880233
-0.372967191440885	0.109879462987979
1.79570418994076	0.710490111832351
0.321229458215232	0.177104181870508
1.08450857415227	0.804498181791136
-0.554341712177825	0.352854429294003
0.146984686759769	0.0892094128049932
-0.251506122869663	0.125632017534614
-1.29148600562875	1.41440502139571
-0.551582142146955	0.464825462958053
0.683295886413862	0.321423944540654
0.488698382441679	0.302079670396065
1.01179148986041	0.390812379931115
-0.318293306823328	0.148261875474253
0.129278986113907	0.0386815864932076
-0.111772179401005	0.0451824261502468
0.429165884553764	0.174138212211893
-0.242540611132044	0.0799129882351132
0.795916309961363	0.338880381128544
0.312310735954455	0.187934979195149
0.644424999818512	0.207579266186308
-1.80211551800213	0.40518546889285
-0.105597343137412	0.0425807284097046
1.01595055020248	0.392095167936931
1.30184132398035	0.572606547674884
0.434040370694926	0.175087333567687
-0.406663506836411	0.17279698026155
1.44915046626631	0.906635016822695
0.779880578185145	0.467468472830206
0.139576085242422	0.0352987079074651
1.07286073778763	0.632128117947909
0.787041696271744	0.741275020080703
0.150017726580376	0.0791313297734497
-0.522700031281949	0.396932718715045
-0.289865667495039	0.184704931143913
1.10172789807975	0.967219485812526
-0.112699762810481	0.0451902475195628
0.88560608247656	0.4772698841079
0.495693974473611	0.176880485638909
1.26253075405875	0.70781550959232
0.432216086405575	0.176459106478166
0.433730210586914	0.176303641449018
3.61956389250147	1.43028882967321
1.29996822162344	0.570401987916053
0.128538936081151	0.0436207905372176
0.800731449974192	0.3425296464443
1.42822224336494	0.477074019570971
0.639660215207864	0.203910262751024
-1.55124935520499	0.554633420638825
0.13806085974017	0.0349020150681185
0.141168720466643	0.026788068800843
0.379939133337919	0.170507972710809
0.641431038909059	0.206705899790905
0.136919308020491	0.0408177028889142
0.13377964661681	0.0339655613686654
1.42898338960615	0.478193832396807
0.432216086405575	0.176459106478166
-0.751198712039969	0.263460624922869
0.129278986113907	0.0386815864932076
1.8007131844382	0.713314573443425
2.09022812164202	0.945927753511983
0.139847419253076	0.0352678773972538
-0.161036207703521	0.0581086038893606
0.135062527036147	0.0585764555817885
0.67621243755849	0.318523629907513
0.0302679634074056	0.0174349061469429
0.589987738965379	0.305447004686378
1.42795516831077	0.478570790474717
0.126112387630444	0.0531574780956378
0.506227015255489	0.182899351925803
0.505524711177284	0.184537045848412
0.13269968256925	0.0511668869959815
0.133037105859592	0.0510757561308982
0.586623052711202	0.30434629980835
-0.313654489189248	0.145277048318243
0.131182874356552	0.0445112825779089
2.33157104854634	1.17733567459377
-0.314165746663694	0.145788386320921
1.76251849723732	0.996134583107068
-0.161924550637959	0.0595326272869975
1.34827941880348	1.21887692302718
2.54889737970719	1.42420103735778
0.142676839361568	0.0684681209138068
0.94110620881686	0.638148984875642
0.421203354226399	0.167646287463578
-0.111262641289649	0.044811437245554
0.137790482671227	0.0349173015404508
1.0085495226757	0.383135807980842
0.432818540013999	0.176395167801005
0.13269968256925	0.0511668869959815
1.26220385852182	0.697736162447627
-0.376278890867832	0.110765860075796
-0.252447412843261	0.1281387249355
0.335315207736946	0.183373592130935
1.60630385831916	1.12623748630873
0.128036785628973	0.0546982916702465
1.7947052374355	0.701940247969362
0.368562709116677	0.160744701895018
1.25891565270892	0.686355111011691
1.44129453236151	0.895608179697363
0.88650234922062	0.476119299993675
0.945188160507322	0.640277699261558
0.427615653400743	0.171494994691856
0.53665257109805	0.308260819419223
0.679919807501376	0.32283727045987
1.23602081242935	0.847269356482426
0.951868713255401	0.638139860459189
-1.0496286246901	0.424665511117971
-0.239727337484325	0.0782473587577051
0.387836077353972	0.174578646853337
0.426999830129114	0.173224779129442
1.04762263326671	0.514085617901239
0.31671312408339	0.190227104209182
0.893677215754573	0.480836433204756
1.30930772219347	0.578363663392743
0.428825611450252	0.174366674929911
-0.110546721690707	0.0440703631562388
0.890705897272587	0.48558707094198
1.01179148986041	0.390812379931115
-0.240928484682292	0.0794592918982822
-0.0690541393478211	0.030439598599659
0.139450336755459	0.0595634032063643
0.337616079679083	0.184884273091772
0.136174499395106	0.0402058114068659
1.60501728540832	1.11367971228502
1.30184132398035	0.572606547674884
1.8007131844382	0.713314573443425
0.42791628133047	0.172343356334904
1.01839299453204	0.382723721639591
1.31098843655378	0.565878558253034
1.55780796315721	0.773305480893515
0.129299133104508	0.0442965545546769
1.04767863856629	0.507484074865776
0.595486899576056	0.311436091745628
0.678448247211873	0.321181182956278
0.385587919392971	0.173112781481067
0.134617892488859	0.0452176406564328
0.67901757313456	0.322548276957465
1.07673581233202	0.656809634217666
0.131933346686506	0.0446309733593881
0.891054299485973	0.483106398566011
-0.749462000858586	0.2621567593617
0.800731449974192	0.3425296464443
-0.109981144721638	0.0444201689309644
-4.41640172424925	2.30195950558259
1.26196027719965	0.706774319681036
0.511598962177573	0.182059003495971
0.500355290395861	0.312305265256538
0.343083288801788	0.16950029788557
0.141938162059784	0.0354191252721787
0.636334245031832	0.202658963099978
2.51513890032539	2.28325542352831
1.7947052374355	0.701940247969362
3.9123489333965	1.72015641649178
1.95338582999428	0.463576578510391
1.31421957857318	0.580185170467997
1.02086557302962	0.381874562594937
1.04029723578458	0.499919314564031
0.674592945531394	0.308834907845164
1.04452760474985	0.504648438997339
0.799427554875135	0.337387398836876
0.50902590722156	0.185473067884794
0.14270895086791	0.0675489087270504
0.129840797352239	0.0445844341304171
-3.77822597979267	1.50880015362419
-0.961129107579308	0.59439429122511
0.137790482671227	0.0349173015404508
0.925979622549504	0.243736825113843
-0.245141409663293	0.0807658318475998
0.384509989658748	0.174899135225633
1.43108326772595	0.478167346987275
1.45145722101094	0.908259665628721
0.646199645243868	0.204301808848624
1.4434040664568	0.897819638951261
0.601024389113381	0.312923704598907
0.637216838730331	0.450337062068766
0.353204143402468	0.177023051688755
0.885062961172869	0.475250685703186
0.7019122622484	0.457334591214141
-0.112845104981345	0.0454421062164851
0.670596636927654	0.311942946419428
0.148558106004311	0.0711516113317923
-1.04968399960599	0.824724803404406
-1.17895581976707	0.667585040112498
-1.69532854525063	0.974136322781026
0.378050603176695	0.168587479875433
1.01421910313051	0.386497027111194
-0.166842744164789	0.0610133970783203
0.129840797352239	0.0445844341304171
1.0174081459446	0.379856022772381
0.421492761758836	0.168641445036248
0.143458160699927	0.0358142984417619
0.504580075605894	0.183905699075097
0.431010812152499	0.173541718161138
0.676543796411754	0.318693570596001
1.30604689497771	0.574600894690801
-0.956989254937575	0.587124103216236
-0.373827390310146	0.108893395320217
0.503173696642426	0.181140364188836
1.04732145218183	0.507332776343911
1.30416567431915	0.574921760660865
2.72272863065584	1.66324975197188
0.50902590722156	0.185473067884794
-0.806208458719935	0.760416905660783
3.91440476331281	1.72518419510354
0.505524711177284	0.184537045848412
0.140849939775754	0.0415398473569265
0.133806777422593	0.0455041881577386
-0.209452079118544	0.111959454211818
0.528694172488531	0.294621271849559
-1.50878605235012	0.777622837240962
0.385802686178598	0.318924698149357
2.11085185064066	1.48252179433793
-0.9625433889556	0.586955887776618
-1.05388536100526	0.85319621711118
0.846956112694376	0.760642207673239
0.426393633919265	0.172449504151539
-0.156690911794975	0.0565903867930676
0.925335174824177	0.243267565805426
0.127663404942906	0.0487516809849717
0.783504869593483	0.461695684959211
1.25983691121266	0.694591426429394
0.135887765032073	0.0582733816768072
-0.400888937927212	0.167004429544576
0.889817632427664	0.484607505046141
0.800473766880362	0.337564218889536
0.134720480496125	0.046154809884801
0.138618353811657	0.0265211219118666
0.509969571730134	0.184118798060044
1.43211444118756	0.474033268230349
-0.371963944093828	0.110621992809151
1.79971117079625	0.713547256095307
0.643202247298856	0.202776762796674
0.642202725024316	0.20486814652215
2.08947720126277	0.943612171539552
0.136462089423724	0.0521659852124386
0.1262072456769	0.0428297554510009
1.01595055020248	0.392095167936931
-1.50753096718388	0.769686690413984
2.7489176254429	0.781882431670721
0.132452680865618	0.0395235140572552
0.800079574854174	0.341914550374125
0.640432049403559	0.206671110179374
0.644195640504139	0.203891935709909
3.25318829374075	1.10976895754928
-0.108082987312271	0.0432721314557777
0.50645224219597	0.179164758070291
0.14500900203205	0.0697312098145235
0.400177829916712	0.315343117661646
0.128800385405616	0.0497090773739998
0.324716057641229	0.17796387629084
-0.244108394916072	0.187858499969467
1.56970568445576	1.67526070802209
0.698373642372787	0.449019326442553
0.675641318219284	0.318864643581878
-0.745791187837514	0.261749146161392
1.42719460355007	0.477448564652232
0.500618029906439	0.182017934068643
-0.241840209542203	0.080476940077082
1.55479791616394	0.782861546376213
0.136312874682243	0.0520703340699958
-1.5036014129825	0.77002047566964
0.356377665310268	0.177072132543713
-0.532627461550583	0.202684867925432
0.134542642796399	0.0341445690681232
2.09684126801949	0.936186440936493
1.55108656873486	0.772983662632903
0.140605369101782	0.0351308802058006
1.30557418676413	0.574374892461532
1.01352383527603	0.385779054090432
0.800989673487252	0.342067986972423
4.1675246165891	1.93624758435156
1.2631011114276	0.698918090987143
0.129278986113907	0.0386815864932076
0.138818714405564	0.0354421828043769
0.807657047620498	0.341688010260639
0.639433294916704	0.204223062388441
1.01179148986041	0.390812379931115
0.640432049403559	0.206671110179374
1.26661282464657	0.6883959197389
0.122167496031036	0.041151675684893
0.139073148904902	0.0266055202308437
0.13377964661681	0.0339655613686654
0.139073148904902	0.0266055202308437
2.54483027783621	1.43468379342015
-0.169310736207172	0.0622086261971111
0.139073148904902	0.0266055202308437
0.127501109997399	0.043616448886316
1.8007131844382	0.713314573443425
0.427912885754657	0.174104059517884
0.94422568584755	0.635700992059241
-0.161323141410888	0.0593428238464744
0.640201373864692	0.45243654986434
0.98788460088814	0.799321209600448
-0.115640734375144	0.0466039644284396
0.453359974392404	0.306298882592366
-0.0527258821855258	0.0342200384109385
1.42293417334597	0.472946291653134
0.131769780715528	0.0397831026994758
-0.37705103334154	0.111772840936855
0.125033303465894	0.0428637016829975
-0.369739934267753	0.108830229788068
-0.242788883618067	0.0808805347641532
1.05319988317831	0.506177585211624
0.671735903915543	0.315802699654608
1.07513416389914	0.650404259434
0.642430262122492	0.204551977387731
1.26285845725239	0.705909555090977
0.139073148904902	0.0266055202308437
-0.247443196598974	0.0821764216093194
1.55199193555679	0.76925475596425
0.501795793944459	0.178458438621573
-2.49028571832629	1.4182222808037
1.8007131844382	0.713314573443425
-0.238582126977172	0.0793549061566532
0.133502874099665	0.0402503094723903
2.08924618973395	0.946370198374706
1.04853061351236	0.513497604131398
1.05019394222672	0.505616700435567
2.54609822188142	1.40092875419342
1.79362133056664	0.692742298099508
0.801899003991324	0.340962341726034
-0.373053653203401	0.10950615431338
3.25318829374075	1.10976895754928
0.138169594891086	0.0265198668009027
3.2493353238897	1.10864834370629
-0.997927577505705	0.506088294798231
-1.16076621190063	0.359385238156804
-0.406097094408452	0.172828244638938
0.137716344096337	0.0264356853006178
-1.16180306616162	0.360626829502971
-3.09407144090335	0.959647090123049
1.31165057176086	0.579030865160352
1.0166972253032	0.3880595427182
0.130755305563244	0.0449465396920763
-1.69143143337513	0.984864497678572
0.331437908890023	0.182154806519759
0.145095787805829	0.082704335083704
0.307493832425956	0.181760603463223
0.436210294585871	0.175609006683536
1.21899775440867	1.00406738507423
0.137033206871248	0.0343903632230145
-0.249338917755059	0.0812135713204943
1.01080793058073	0.389781480211188
0.131019638754062	0.0447751745372152
-0.786764539010616	0.351688453432406
-1.16653542749665	0.357252169580594
1.01496655409926	0.392016410565643
1.94960017784595	1.24096219156804
0.508781691198075	0.185680235788344
-0.165320765543476	0.0607703071733124
1.0157137322373	0.387976380499905
1.0166972253032	0.3880595427182
1.01913790541463	0.388060093985107
0.138169594891086	0.0265198668009027
0.806771010510594	0.341817317762371
-0.749707900448518	0.266629197702648
0.92732486785368	0.24306890205782
-0.373053653203401	0.10950615431338
1.79692786302671	0.707950117880233
0.138818714405564	0.0354421828043769
1.76499591455827	1.01020915988236
0.646199645243868	0.204301808848624
0.506468506416984	0.184272460164198
2.74531503858304	0.788587032684406
3.25036486382959	1.10725094810752
0.13806085974017	0.0349020150681185
-0.753925861436807	0.267481396825324
0.641431038909059	0.206705899790905
1.42822224336494	0.477074019570971
0.888272054281772	0.478070301571506
1.01352383527603	0.385779054090432
1.26232528093409	0.697852762443799
0.808596719059427	0.341954693942453
-0.999622587129163	0.504239774227442
0.423008357220325	0.170996116997491
0.499677806509618	0.181395612831858
1.23328228819242	0.849821171680252
0.379396674433148	0.170627484804735
0.890705897272587	0.48558707094198
2.09782276954353	0.927814204833671
-1.16152021660948	0.35929571617842
1.04544707571898	0.502521379001679
1.94085396283795	1.2026709319373
0.13342584199096	0.0456780844290643
1.01080793058073	0.389781480211188
1.05348765191887	0.508825959834105
0.926329332609966	0.245803896301602
-1.04404001932271	0.423497660928267
1.01352383527603	0.385779054090432
1.43108326772595	0.478167346987275
-0.240192843554859	0.0783619257533514
-0.618397831815229	0.301518973288696
0.13377964661681	0.0339655613686654
1.00659170771323	0.383129425199669
-0.649319222104321	0.16021039083734
0.504822188982883	0.184110918199219
0.500379391071303	0.180303967231713
0.508081388675797	0.18525425523165
1.43184622835253	0.479292741706694
-0.655163635992096	0.160369482742199
0.131708715990167	0.0395807956970691
0.138618353811657	0.0265211219118666
0.139073148904902	0.0266055202308437
1.556606241661	0.779912172364091
3.25602807611411	1.08608283170182
-0.171425356223829	0.0613691594775061
2.09439244536298	0.948783083649303
0.500618029906439	0.182017934068643
1.61976043303136	1.11782058860545
2.5415115877125	1.41983529334011
0.424522203287792	0.170673896887327
0.138818714405564	0.0354421828043769
0.88245471177301	0.47116818225548
0.136676224470739	0.0411018975580698
1.31233879202761	0.574741911330394
0.14129172143153	0.0347637670468945
1.54927351109122	0.773083861620571
1.43211444118756	0.474033268230349
3.25036486382959	1.10725094810752
0.638661759222662	0.201540571310924
2.74438259751335	0.780038400688451
0.642430262122492	0.204551977387731
1.95256933090985	0.464168557061862
3.24830720791551	1.09477551568481
1.95338582999428	0.463576578510391
2.7462498006239	0.778261278020301
-0.378051187678928	0.111023447161183
0.506227015255489	0.182899351925803
0.137033206871248	0.0343903632230145
0.12918993805387	0.0442507386000375
0.678348322481794	0.314478404853551
1.79792720273559	0.699424862602515
-0.749462000858586	0.2621567593617
-1.1636728295934	0.354558135670583
-0.371729277964481	0.109124865696984
-0.747972485615798	0.261954605937602
1.04822745730481	0.503464982127543
0.927971507294548	0.243537608899139
0.503634604531393	0.181750809305392
0.130241163091154	0.0445767266602944
3.25318829374075	1.10976895754928
1.55570247218897	0.782855365464993
-0.374504096873756	0.109063507862746
-0.243241014092852	0.0808370662671502
0.141628868364635	0.0268733845859336
1.42925034845688	0.471239687923602
2.74531503858304	0.788587032684406
3.25422405878576	1.0988640104023
3.2493353238897	1.10864834370629
1.95584693887656	0.462330835133922
1.95256933090985	0.464168557061862
1.95256933090985	0.464168557061862
1.95256933090985	0.464168557061862
1.95256933090985	0.464168557061862
1.95338582999428	0.463576578510391
2.7462498006239	0.778261278020301
1.95338582999428	0.463576578510391
0.134526944690639	0.0258144647389653
1.95338582999428	0.463576578510391
-1.80211551800213	0.40518546889285
1.95338582999428	0.463576578510391
1.95256933090985	0.464168557061862
0.643652025841357	0.204814057575745
-0.410964195034156	0.174446518608924
0.143574111596191	0.0689524196441958
-1.17204586869211	1.02261160618986
-1.16105011316119	0.35650557951397
0.672067831613255	0.315180827639842
2.24033710870193	2.45659686691703
-0.0870925528048248	0.053867156768451
2.08947720126277	0.943612171539552
-3.47400814940775	1.26328835340161
-1.16680976292454	0.361321943590249
-0.375278197967961	0.109168764094764
-0.789881444960189	0.353151521764817
1.79971117079625	0.713547256095307
1.29996822162344	0.570401987916053
0.137790482671227	0.0349173015404508
1.31000962917872	0.587023547729711
-0.1638005064279	0.0600618571222791
1.07940243671154	0.660895130801972
0.641431038909059	0.206705899790905
0.925819939961969	0.242168104656227
1.00907487707479	0.37988153605154
-0.314165746663694	0.145788386320921
1.42719460355007	0.477448564652232
1.95338582999428	0.463576578510391
0.887925441253663	0.478254789914584
0.135931183146639	0.0408601823442341
0.134942268942205	0.0403123831956986
-3.47073410037615	1.25961524031716
-1.04870067059752	0.422891892377635
1.01421910313051	0.386497027111194
-3.09675293313402	0.963861246988004
-1.54186427014847	0.562391050588268
1.79670337293508	0.712109669548487
-0.37373542401889	0.110004299970677
2.10079481401136	0.920399327554877
0.64519752559114	0.205734411961475
-0.376278890867832	0.110765860075796
-0.371729277964481	0.109124865696984
1.94927875867265	1.22385648827129
1.02012143775892	0.385701440457898
0.926329332609966	0.245803896301602
-0.371729277964481	0.109124865696984
1.4300120770332	0.472328161227103
-0.650815605433229	0.158518447092606
-3.09407144090335	0.959647090123049
3.91752706378917	1.7353819299003
1.07575168453648	0.665444902236586
2.09562316418738	0.929819753473407
0.938380607717344	0.624243640129335
0.352442621839347	0.177029299330103
-0.791480881956801	0.421189587910625
1.08175170090698	0.788817742732989
-0.126814273949063	0.048604860952761
-0.0354806259084051	0.0168732099919473
0.128270469690416	0.0489637302433796
-0.283837106439946	0.176513818218236
0.0265026450044528	0.015271009432997
0.85053933981589	0.620495723595001
1.04835186530656	0.499273429563587
1.01179148986041	0.390812379931115
1.25916158413349	0.699092982118865
1.80474378076778	0.699429162315007
1.31000962917872	0.587023547729711
-4.58344046834583	2.53446466259678
1.01421910313051	0.386497027111194
1.55505312572491	0.792542427995745
0.798257089708126	0.336539056056745
1.01618730262127	0.38316937883976
0.12579814223175	0.0479313041151888
1.44183919063751	0.883734076078182
-0.649319222104321	0.16021039083734
1.0127751373005	0.389769011989825
-1.29488169961464	0.594880590529618
0.780231262817919	0.457984803550162
0.384863489590947	0.174885684504261
1.04301766912254	0.509338270960851
-1.29488169961464	0.594880590529618
-0.242540504674911	0.0808346916156265
1.07121133431914	0.653523679132545
2.09045884294033	0.939288640196722
0.593041824129712	0.306755362254923
1.42898338960615	0.478193832396807
0.134542642796399	0.0341445690681232
-0.0727479299249995	0.0318316076807301
0.37768898545785	0.170244248173548
1.2656611523364	0.692404907334967
0.925979622549504	0.243736825113843
1.95256933090985	0.464168557061862
0.421203354226399	0.167646287463578
0.640658905761581	0.203950748563405
1.07069323134769	0.654719750515352
0.140849939775754	0.0415398473569265
0.643652025841357	0.204814057575745
0.926974875419701	0.246284209674963
0.506468506416984	0.184272460164198
4.15772432340643	2.00809868588151
1.04640926047309	0.506151918367621
0.643202247298856	0.202776762796674
3.25602807611411	1.08608283170182
1.79770278509994	0.709688375349796
0.499677806509618	0.181395612831858
1.05040313922884	0.518133696966867
0.506434941668161	0.181037767076259
0.804954811703476	0.345472225969279
2.7489176254429	0.781882431670721
1.01254068844739	0.386785712184281
0.939727841774111	0.616196304918708
-0.805205022558727	0.530566150556146
0.144893486451766	0.0828363783542008
1.05282282691147	0.517428130004872
1.79570418994076	0.710490111832351
1.38888385397079	1.04950349129446
0.146573336836361	0.0772009140785472
0.429430403324828	0.174308914564631
0.126565388852724	0.0378858273324485
0.137663849025598	0.0410571652515246
0.505766542576991	0.183848744269859
-0.646622749070198	0.158987296788642
-0.165924623645863	0.0607705580031965
0.800338380126396	0.337545208735542
0.508781691198075	0.185680235788344
1.24293205813011	0.858709333881235
0.777602590243469	0.457845611400861
0.775218541888266	0.463255120635734
-0.15920549281617	0.0578719883486832
-0.371963944093828	0.110621992809151
0.428825611450252	0.174366674929911
0.141628868364635	0.0268733845859336
0.504580075605894	0.183905699075097
1.7999374187146	0.711558267279855
1.79971117079625	0.713547256095307
1.30510580941007	0.574633213521749
1.95338582999428	0.463576578510391
-0.649319222104321	0.16021039083734
1.30675103647863	0.583158549436276
2.34069277617099	1.17709168823907
0.140605369101782	0.0351308802058006
1.95256933090985	0.464168557061862
1.95584693887656	0.462330835133922
0.505524711177284	0.184537045848412
-0.654165411001464	0.159831562379876
0.927971507294548	0.243537608899139
-1.80211551800213	0.40518546889285
0.130611177528467	0.0501635252345924
-1.80190156331263	0.405310176911618
-0.649319222104321	0.16021039083734
2.7462498006239	0.778261278020301
0.640432049403559	0.206671110179374
0.922124936246008	0.243516971274684
0.138618353811657	0.0265211219118666
2.3325100448268	1.17874795812717
1.95256933090985	0.464168557061862
0.64542681911787	0.206101967608227
0.130755305563244	0.0449465396920763
1.0127751373005	0.389769011989825
0.430994181149932	0.173808003780719
-0.117433672915173	0.0467570656272777
0.380830520088272	0.171419819096383
0.124121675888142	0.0421889628594712
1.26185485543667	0.68576379111061
0.134513506074792	0.0516168326605336
-0.755659764208684	0.265241875072543
-0.650959635012338	0.159168476600347
-0.795801655656546	0.437487074933276
-1.16605123679474	0.358241254731586
-0.249338917755059	0.0812135713204943
1.43866513018733	0.892858676693574
0.131769780715528	0.0397831026994758
1.31000962917872	0.587023547729711
0.642650740895789	0.20298545340287
-0.405752401653994	0.17225939459919
0.507836883903904	0.183767118983846
1.7999374187146	0.711558267279855
0.800989673487252	0.342067986972423
0.926329332609966	0.245803896301602
0.639660215207864	0.203910262751024
0.508081388675797	0.18525425523165
0.134249836964903	0.0400890519468039
1.43287798690679	0.475136223572177
-0.750453159564684	0.266070645067511
0.135899774697344	0.0461942034826839
0.93002098112329	0.244423585041229
-0.37373542401889	0.110004299970677
-1.54364137502714	0.557967048552268
3.25036486382959	1.10725094810752
1.00682260093215	0.383667953301438
0.126802817719759	0.038018792856063
0.138618353811657	0.0265211219118666
0.642202725024316	0.20486814652215
-1.54134641011664	0.564552208534783
1.42795516831077	0.478570790474717
-0.371963944093828	0.110621992809151
-0.753681227368969	0.263682884208275
0.671166329086663	0.315342091616726
1.01005776396623	0.384301698232896
2.08526761690588	0.934231422296853
0.777006848312967	0.46514393182494
0.506710051546047	0.182211992427253
-0.10893038837639	0.0436505557969368
1.42795516831077	0.478570790474717
0.133264717489137	0.0398651258030508
2.11018336656955	1.4647325707067
0.708500738751075	0.460749678839769
-0.0768443085534253	0.0337068427304235
1.05040313922884	0.518133696966867
0.427307329026678	0.173322868473184
0.67269119583245	0.31120100265385
-0.243489732986148	0.0812398100864258
-0.247688428186081	0.0823916105388393
3.62168394400497	1.42736372029797
1.25883634401987	0.69029567304117
0.132008056168482	0.0393965941991127
-0.804253729386705	0.444943656287596
0.640432049403559	0.206671110179374
0.130491514010977	0.0447267681525709
-0.792220990027901	0.346122802678922
0.136312874682243	0.0520703340699958
-0.411713044591761	0.235571956836109
-0.804253729386705	0.444943656287596
-1.11233046448174	0.75592246498412
4.37441453232912	2.2763346760759
1.01300952249959	0.38025263704018
0.646199645243868	0.204301808848624
0.378504083964949	0.168514836554533
-0.544726922023982	0.212503767866522
2.08849476509833	0.9440485467898
-1.04895682546004	0.430951643107204
0.892482269152528	0.483216131189084
1.94657623982608	1.21537681227771
2.09022812164202	0.945927753511983
0.79993415790714	0.338364150330313
-0.615286572351698	0.296329203093132
1.42822224336494	0.477074019570971
1.55596010072993	0.789495909237653
1.79770278509994	0.709688375349796
0.88145342954265	0.45895522795697
-0.962903832347709	0.595124759121564
0.644424999818512	0.207579266186308
0.50738087048618	0.182889267122129
-0.989727107019184	0.49416154643739
-1.04638764670572	0.422799101987375
2.11382835271481	1.45624311452621
1.0127751373005	0.389769011989825
-0.501802573453084	0.263063746987335
0.32655657862791	0.178852361099969
0.139317618583824	0.0603015153626659
1.44360673086068	0.887955911631287
-0.406663506836411	0.17279698026155
-0.781796289538632	0.341825060610872
0.703626411523665	0.459601625529781
1.25769058712102	0.697929531497635
0.50506436121652	0.18151153914028
-0.169912448780061	0.0622831802819851
0.130755305563244	0.0449465396920763
0.507836883903904	0.183767118983846
0.590333110076841	0.306251610857702
0.426393633919265	0.172449504151539
-0.795395378883152	0.347630609369842
-0.410052768598911	0.174313469131536
0.436044834232754	0.172248499506177
0.326599321652469	0.181949869961616
0.926329332609966	0.245803896301602
1.04979874206017	0.510882375249265
-0.758903093547503	0.265752003191917
1.26196027719965	0.706774319681036
-3.47148123429515	1.24344411644129
0.649212303350985	0.203142381617355
0.797094237145415	0.334665123062584
-1.16076621190063	0.359385238156804
1.0491990817483	0.507664988552138
0.678016177058057	0.317212663858027
0.505766542576991	0.183848744269859
1.55874335958313	0.771678233328882
-0.752231854441181	0.261366492211487
0.128617129240996	0.0491473375658159
1.25679184301848	0.696025644879197
0.423008357220325	0.170996116997491
0.429738004776667	0.174027388577235
1.38167444757653	1.04794864249874
-3.09407144090335	0.959647090123049
2.25881167810292	1.72371824007914
0.13342584199096	0.0456780844290643
1.94859657319952	1.19537642722903
1.51727063816386	1.28966551684397
0.640658905761581	0.203950748563405
-1.04145841435741	0.41390695791054
0.670264679649351	0.314642480739066
-0.374056649896452	0.10984667872003
2.08924618973395	0.946370198374706
2.74531503858304	0.788587032684406
-0.614922666475239	0.298888890539692
-0.748962934462903	0.265874158565463
0.130882611694412	0.0448066859255122
-0.504105296336096	0.266390731647042
1.04822745730481	0.503464982127543
-1.84141746589933	0.769507517210725
-0.244877911552236	0.0806088752113352
0.384863489590947	0.174885684504261
-0.757176758777045	0.260082066782105
0.425739020701106	0.171797865158022
0.130755305563244	0.0449465396920763
0.42513690580992	0.171460939143299
2.08652881445073	0.929140985441339
0.379747837050436	0.171346432234843
-0.371195854454092	0.109335251451445
0.129643468541556	0.0437633765290747
1.0035557616584	0.374025247900491
-0.614922666475239	0.298888890539692
0.13431524967785	0.045406872446052
2.32831596007181	1.16684659830358
0.640432049403559	0.206671110179374
-0.16623824947282	0.0610134655693771
0.126802817719759	0.038018792856063
0.675310354565511	0.317820710948733
-3.09407144090335	0.959647090123049
2.09120925855951	0.941576846521806
0.890165575625618	0.483506941346857
0.153324985125872	0.0806573236372931
1.22188624888843	1.00556954756807
2.11326178165351	1.45290592770321
0.30621397823987	0.183100792492067
-0.5554858017369	0.349536964939779
0.131769780715528	0.0397831026994758
0.505766542576991	0.183848744269859
0.926329332609966	0.245803896301602
0.701890816512825	0.458406285632168
0.131182874356552	0.0445112825779089
0.384691946812065	0.172513945231079
1.79870242510895	0.701115077526403
0.806771010510594	0.341817317762371
0.383617837186828	0.173970673436915
0.374377843349986	0.165018894469912
0.50902590722156	0.185473067884794
-1.33785047036409	0.844940937132569
1.54836582849928	0.769354800829021
0.805863302134345	0.344881526276407
0.796173300058586	0.335709547702372
0.134542642796399	0.0341445690681232
-0.173879170145071	0.0630313403801181
-0.317854786264034	0.147018882167355
0.926974875419701	0.246284209674963
1.01080793058073	0.389781480211188
-0.245125886823189	0.0807837724647685
3.25215396833713	1.09944519815717
1.42795516831077	0.478570790474717
0.385761395099119	0.173168165687444
-0.779044834790104	0.337931175013906
4.54964474635902	2.55784364397357
-0.160090671293148	0.058326957925778
-0.372732473872603	0.110746709749891
1.60730539636011	1.11763338649697
0.641203436908402	0.204828865510354
1.43211444118756	0.474033268230349
1.75980578263061	0.996347529573378
0.635117856765734	0.200579918716643
1.04671431462836	0.513193629181291
0.507170252862813	0.182647571247782
0.926329332609966	0.245803896301602
1.8007131844382	0.713314573443425
3.91440476331281	1.72518419510354
-0.617188727149071	0.299509832761619
1.79162840936759	0.703437230890096
0.88245471177301	0.47116818225548
0.885952171204415	0.476679952045824
0.429430403324828	0.174308914564631
0.810452957657331	0.330668794015504
1.31327961953272	0.580049429236313
0.680292496340284	0.318064401978239
0.133502874099665	0.0402503094723903
0.596091643308744	0.312565873458659
0.419186381341031	0.164357856346131
0.138957249831158	0.0469686287821224
1.55751721634342	0.783229267431462
0.351948363377535	0.177489465865794
-0.747972485615798	0.261954605937602
-0.241592110808894	0.0796343626485334
0.131405301493996	0.0450882414222608
0.891594109996341	0.485178251415359
1.63993124543809	1.50259091956172
-0.242788883618067	0.0808805347641532
-0.343705071702905	0.204532997241163
-0.499110778712978	0.259718514880388
0.34630705942689	0.172542637180844
-0.236008497146937	0.0772385840822939
1.30839406869701	0.574336449943532
1.23463410905712	0.843218051395456
0.640432049403559	0.206671110179374
0.125681624662789	0.0430946049318035
-1.04851378907912	0.424859501269914
-0.367195240283961	0.107121976389446
-0.544995323112593	0.212530818243473
-3.47148123429515	1.24344411644129
-0.372967191440885	0.109879462987979
0.504822188982883	0.184110918199219
1.07575168453648	0.665444902236586
-0.231776354655107	0.0743537888579224
-1.51063293539624	0.781399863088017
-0.170828197812393	0.0607641128683055
-0.168580179298505	0.0605732338475454
0.13842244264629	0.0346674790325417
1.04452760474985	0.504648438997339
3.61956389250147	1.43028882967321
0.641431038909059	0.206705899790905
0.506468506416984	0.184272460164198
1.79770278509994	0.709688375349796
1.07902772582812	0.664487858106167
0.430485847264179	0.17137717319431
1.5514862837783	0.776653741316405
0.589304155211854	0.30537197214916
0.141392524683214	0.0674864128554943
-0.117433672915173	0.0467570656272777
0.776661876029309	0.460979416536666
0.675310354565511	0.317820710948733
-0.0487473589274823	0.0226141703307154
1.01179148986041	0.390812379931115
0.885952171204415	0.476679952045824
1.10073789177745	0.970380705359919
1.55689453791152	0.780961513779423
1.24282909738142	0.856866964624937
1.30675103647863	0.583158549436276
1.44109311682681	0.902431779745543
-0.540837584872468	0.211287314007882
0.427641985679229	0.173876127392907
0.684197693155187	0.321067010084729
1.25951004031537	0.694720736322289
0.890358361904575	0.483863449958916
1.44529399864118	0.89662201260864
1.55722729940353	0.76610736129693
-0.161007444408489	0.0591633782808746
1.23695845402382	0.852289875528921
-2.65136596704853	1.65356671636328
0.641657829571976	0.201878292806112
-0.239280214302503	0.0797093161228399
1.45111349679092	0.897232126223851
1.05251879480158	0.513143597548845
1.42925034845688	0.471239687923602
1.00907487707479	0.37988153605154
3.25139583150282	1.09209130025117
0.670504083058384	0.310838774716991
-0.618264820258131	0.30054583612192
-1.54186427014847	0.562391050588268
0.309962810647918	0.188116955312448
1.7959287507101	0.710356981550796
-0.40514467262551	0.169813366988267
0.64519752559114	0.205734411961475
-1.04800222855483	0.424355857201703
0.670596636927654	0.311942946419428
0.13806085974017	0.0349020150681185
1.79063227897974	0.701853790205257
1.01104201595136	0.385305051110661
1.07106380991206	0.652816459874781
0.133083947721306	0.0514872556193567
1.07148602161048	0.6599189039757
1.44563036197273	0.892156618389316
-0.109981144721638	0.0444201689309644
0.589818682935865	0.306543314203429
1.30906895135202	0.585546772041702
0.67968528141041	0.316620424870663
4.86542964482512	3.19090942891877
0.508781691198075	0.185680235788344
1.42293417334597	0.472946291653134
1.2585891844166	0.698069358495208
-1.0566663906773	0.424678224920916
2.25918252925834	1.72093732534564
0.591695148558896	0.310575583125333
0.594169419400484	0.311099987304194
0.942955114184228	0.628889284835414
1.01496655409926	0.392016410565643
0.140713547851748	0.0535320947014008
0.508781691198075	0.185680235788344
0.535374734801372	0.305041268588004
1.4308149383669	0.474993175817053
0.806510817831472	0.341303301129528
-0.7499539562993	0.263513086552406
0.141168720466643	0.026788068800843
-1.84190336279857	0.769704627409186
0.641203436908402	0.204828865510354
0.511598962177573	0.182059003495971
0.138169594891086	0.0265198668009027
-1.84067529611299	0.760552235843089
1.00982540305298	0.385206220726638
-0.782175372677927	0.349105651546352
-1.04895682546004	0.430951643107204
1.01104201595136	0.385305051110661
-1.61803846168785	1.24812942554391
-1.17985865466708	0.669212334712806
0.13377964661681	0.0339655613686654
-0.410052768598911	0.174313469131536
-0.376050641505638	0.110143849291774
3.91337671586789	1.72666008519133
0.803015945955996	0.335532886613274
0.800731449974192	0.3425296464443
0.535894267462604	0.306484729933774
0.140865673211771	0.0679797365137437
0.348627558527459	0.174056715969623
0.129299133104508	0.0442965545546769
1.44129453236151	0.895608179697363
0.432216086405575	0.176459106478166
1.75701656463182	0.980484966640561
-2.64635002476827	1.63824260013297
1.76355853609198	0.980968268283869
0.359273460979322	0.177987579289037
1.09027150130468	0.823310571685455
1.0157137322373	0.387976380499905
0.133181749058595	0.05758539353645
1.04703881822428	0.509972446965714
0.14091322226781	0.0672293894312522
0.427641985679229	0.173876127392907
2.74531503858304	0.788587032684406
0.508781691198075	0.185680235788344
1.79692786302671	0.707950117880233
-1.2999567634103	0.607427613348062
0.13806085974017	0.0349020150681185
-0.782175372677927	0.349105651546352
0.676008126999332	0.319754593790644
0.384863489590947	0.174885684504261
0.384863489590947	0.174885684504261
-2.30637399649022	1.17093402643961
1.01496655409926	0.392016410565643
0.133950457964379	0.0573280301067652
0.134542642796399	0.0341445690681232
-0.0705030082301136	0.0311163910794617
0.13806085974017	0.0349020150681185
0.93002098112329	0.244423585041229
0.490264381799235	0.309112685176165
0.139119911680243	0.066300203204063
0.323905693411626	0.17716444624486
0.851458364627759	0.623199265043571
0.63928635035583	0.44537819468218
0.936596553153815	0.624835215928534
0.534447261100276	0.304412335506717
0.774337023181215	0.603363808161438
0.534961176378181	0.30563491444583
0.38737005880787	0.173212739367208
0.376444554248377	0.169557748542405
0.529497316262253	0.303892781839153
0.42791628133047	0.172343356334904
0.493554479443811	0.3017864355124
1.01693374560247	0.388544360896459
0.126537391450355	0.0422871721562698
-1.80211551800213	0.40518546889285
-1.84141746589933	0.769507517210725
0.590362645775519	0.305742252558333
0.673595027629619	0.312855065718297
0.512296682193737	0.184360640072117
0.386117867192343	0.172106828895732
-0.540837584872468	0.211287314007882
0.892474754075024	0.47425815589981
3.25139583150282	1.09209130025117
0.131559384608866	0.0500800324204802
0.126591754435651	0.0434512482036923
1.30581051293515	0.583204526982758
0.804954811703476	0.345472225969279
1.04549965510898	0.505280523801214
1.23873499504143	0.856815162660153
0.889276800093443	0.482533263294224
0.892584941543417	0.766202110983927
0.35333761581784	0.177648195170176
1.09329692779679	0.818688697242116
1.76409178863283	1.00871452403416
0.139119911680243	0.066300203204063
-0.161007444408489	0.0591633782808746
0.652578175701418	0.452301912785029
0.328222727569554	0.17814263104518
0.76828433398868	0.432900734156856
-0.0635764780987149	0.0276679656551221
0.382074230658703	0.17233763635873
-1.11397921798968	0.745685922916024
0.375364852523312	0.168898750090414
-1.11090994500721	0.758265077457225
0.510668751789218	0.184537578196263
0.439416104422029	0.318538366029933
0.5071360209819	0.183347399230339
0.644424999818512	0.207579266186308
1.42898338960615	0.478193832396807
3.92273325004628	1.69079465376702
0.13364980396347	0.0516208038140005
-0.781575757374397	0.348492799953545
0.144016413139906	0.0618355862975993
-0.804253729386705	0.444943656287596
0.434331900029893	0.174811971556402
0.796822032336151	0.339034428445647
-0.544726922023982	0.212503767866522
0.883881116532405	0.47359815345613
-0.15412760415393	0.0879404903701544
0.513240497576747	0.183512318804119
-0.240192843554859	0.0783619257533514
-0.238331644347611	0.0787660677791559
1.94355460325946	1.21995272314545
0.935705413057536	0.623255975540503
0.158574530199921	0.103599465345504
0.153348577388184	0.0802263060532491
0.598254072323625	0.312994871375013
0.941100631134812	0.625400722355084
0.140726965702393	0.0610240997598051
0.123990097896541	0.0471711921048189
0.698428445011978	0.458033094675341
-0.153109583613361	0.0864881549418082
1.07261682570474	0.646521439384995
0.851914106552325	0.625073299696433
0.542133385587725	0.309812896574683
-0.174208660804453	0.0630795777353304
0.13377964661681	0.0339655613686654
0.138618353811657	0.0265211219118666
0.429133728856947	0.173252815999672
-0.795918602192577	0.436842076319439
-0.166516172230199	0.0610465571450152
-0.164717030217209	0.0605798459598444
0.805863302134345	0.344881526276407
-0.809606076247527	0.5401320843643
0.683683844239063	0.315023677172944
-0.546288323472199	0.212886690694489
0.34091363114373	0.168335469406872
1.30651499432768	0.576631348210832
0.384863489590947	0.174885684504261
-0.169310736207172	0.0622086261971111
0.385049004837606	0.17461081850334
1.05935869973431	0.502046217665541
1.09286498543545	0.825259387271533
1.38745016336208	1.06368276598224
0.135959557476312	0.0591233564490453
0.588031792171757	0.30658752724309
-0.0676622360884758	0.02992921492593
0.351053645582145	0.176327588602737
1.42795516831077	0.478570790474717
0.77389751422549	0.611973158641668
0.59698332640387	0.313347175901406
-0.0681027702571607	0.0299490125272113
0.365166719626059	0.177124343489712
-0.0208705769136369	0.0104554341873128
2.72603908439442	1.67134266679853
-0.115282099191945	0.0462757845682528
0.545259085808368	0.311500415232669
-1.1766837989379	0.670659276413231
0.341812570039466	0.16871462270466
1.95256933090985	0.464168557061862
-0.749707900448518	0.266629197702648
0.504816499640612	0.183371631391463
-0.79016298564893	0.353742857390894
-0.170225722424615	0.062449292067667
-0.617188727149071	0.299509832761619
0.431613510460781	0.175668079261446
-0.503687846607559	0.265542387654509
1.01398176237284	0.388014010752976
0.925979622549504	0.243736825113843
-0.162526080251416	0.0595363498862368
0.676543796411754	0.318693570596001
-1.48236458589488	1.03065875464954
-0.161007444408489	0.0591633782808746
-2.48935699802865	1.41365118641701
1.01005776396623	0.384301698232896
0.67711437897708	0.318354079635132
2.09045884294033	0.939288640196722
1.38352802985058	1.05158957125806
0.135073570546777	0.0635963455602593
-0.412705361073467	0.233327700899854
-0.111079199501302	0.0444318085674208
-0.0672552339731231	0.0297249119201208
0.147723736507646	0.0846106233951015
-0.110876640622088	0.0448924725384674
1.44915046626631	0.906635016822695
-0.796822841073129	0.437813183591536
1.07626750769814	0.664196174085665
0.67711437897708	0.318354079635132
-0.243489732986148	0.0812398100864258
0.700551001627007	0.458973635216588
0.926329332609966	0.245803896301602
-0.961069558909276	0.590028671353659
0.674738698940861	0.318159306432389
1.09153490922263	0.823907543728334
1.94623675630138	1.22396460915568
0.641203436908402	0.204828865510354
1.75921549038012	0.986076406583803
0.140726965702393	0.0610240997598051
-0.993466461526202	0.5008963607004
0.33179735490704	0.183285797504435
-0.369504231805591	0.107567671934274
0.88560608247656	0.4772698841079
-0.80479583924381	0.441231420570087
0.131769780715528	0.0397831026994758
1.01595055020248	0.392095167936931
1.3149184560518	0.573772915914149
1.05288509231584	0.508043603644826
0.132799086901487	0.05722600683637
3.61956389250147	1.43028882967321
0.891710815820629	0.474229795979639
-0.999406115771593	0.508196794759441
1.31165057176086	0.579030865160352
1.96144656369243	2.29854948057543
0.506227015255489	0.182899351925803
0.889091519382391	0.473713380559112
0.800989673487252	0.342067986972423
0.675641318219284	0.318864643581878
0.727874327925198	0.60162541075185
0.382016607830459	0.169965696103507
-1.68712190268209	0.967362375800374
-1.18423127877303	0.66567740399032
0.151236061571656	0.0862070673995735
-0.243738387832607	0.0804072076503759
0.670596636927654	0.311942946419428
0.292280602529757	0.197132166194328
-0.256010073983446	0.128419460961249
0.435009964037666	0.174896538077082
-0.318881040789841	0.147731583473814
1.75645544109916	1.36078607347167
0.50131905120822	0.180918046026188
1.7959287507101	0.710356981550796
0.348132299005682	0.172947268203381
0.388190950288828	0.174937886372795
0.503876995823466	0.183153812193994
0.133274872705914	0.0496025198721601
0.381181749185143	0.172240019475104
1.05100741137477	0.518952111891946
-0.74308996376314	0.255581005416548
1.38664249350647	1.06827876202682
0.13431524967785	0.045406872446052
0.138547275345784	0.0347818496624983
0.140021318652871	0.0676926869719086
0.13398902342509	0.0516991626437089
-0.368970569520409	0.108704530129129
0.427307329026678	0.173322868473184
-0.243241014092852	0.0808370662671502
0.321229458215232	0.177104181870508
0.418431724282212	0.166826772693674
2.09341097070047	0.951512192253766
0.318196246811753	0.173357246567513
0.32655657862791	0.178852361099969
0.678256602621181	0.314549706286922
1.00982540305298	0.385206220726638
0.848868058972652	0.617313700629029
1.05139123092654	0.506672941017209
0.381886823729592	0.170648906850854
-0.52419851166068	0.398389986408369
0.526021951481314	0.29191219548963
1.52030283959016	1.28942113768371
0.642650740895789	0.20298545340287
0.486045249097445	0.302942412937944
1.04641343930251	0.504807529713157
0.385049004837606	0.17461081850334
1.60730539636011	1.11763338649697
1.07017502345313	0.651861147086314
-0.991362357733663	0.489867658975251
0.144400696090545	0.0621434930904857
-0.112699762810481	0.0451902475195628
0.674738698940861	0.318159306432389
-0.345331574653081	0.210096742248588
0.67690866048199	0.318933640303647
1.0415059627169	0.503260178174752
1.76570570222709	0.980433830533474
2.3325100448268	1.17874795812717
0.890705897272587	0.48558707094198
0.13732894948122	0.0527562325967943
-0.996580814307894	0.499933094755242
-0.1638005064279	0.0600618571222791
1.3177661922809	0.559267439782704
1.76964339966513	0.98277277076985
-0.171430553421439	0.0622154282430181
-0.79953700064824	0.442390796118815
0.139088984871223	0.0347391602259325
0.63611382542294	0.202940731306447
-0.541756837620845	0.209412208548733
0.436531891438947	0.175979805241969
2.3325100448268	1.17874795812717
0.131405301493996	0.0450882414222608
1.7959287507101	0.710356981550796
1.6041332418053	1.10876546649546
0.435933458130611	0.175207919216368
0.142575114741452	0.0742570387300009
-0.410395358220692	0.174479031259067
0.499677806509618	0.181395612831858
0.94559721045534	0.639072172580308
0.587057793844368	0.303434051175082
0.800227672723986	0.341851244617158
0.428220694818722	0.173585777710766
0.9424462953373	0.632086965827704
0.603540922859384	0.310226830938418
0.506434941668161	0.181037767076259
1.5593870206301	0.78344810605566
0.427912885754657	0.174104059517884
0.139073148904902	0.0266055202308437
-0.534555745943029	0.203178656647612
0.640658905761581	0.203950748563405
-0.370960450535942	0.108999469994633
1.047016010608	0.51327505140288
0.138818714405564	0.0354421828043769
1.30675103647863	0.583158549436276
0.646199645243868	0.204301808848624
0.50902590722156	0.185473067884794
1.30581051293515	0.583204526982758
0.512050074494105	0.183311074585388
1.2571483667668	0.700646344545551
1.55414783644723	0.79255832938947
-1.84684600536814	0.770075855753647
-0.0318735348274072	0.0151394276848948
0.64342341463051	0.205691875654135
-0.370960450535942	0.108999469994633
-3.77079928020134	1.52240203576144
-0.753997809996082	0.25934590290437
1.42692741367696	0.472854481440801
-0.54121570977476	0.210238530837184
0.506227015255489	0.182899351925803
1.01496655409926	0.392016410565643
1.55058082848015	0.77555938050866
-0.999057473326929	0.506363151904403
0.93939875113955	0.624960834033463
1.94266024823526	1.2120040962377
0.13842199601234	0.05938497798997
0.503876995607107	0.183480745946702
1.31071131737431	0.580370529078579
0.586623052711202	0.30434629980835
0.423315510192861	0.171523923653337
0.131933346686506	0.0446309733593881
0.349524069555261	0.174040168260881
0.777039090655203	0.456760680344303
-0.16623824947282	0.0610134655693771
-0.786496231567495	0.35210829920392
-0.198842513269598	0.107041543740429
1.23834392674836	0.859561588372111
0.886494783924782	0.478709653891414
0.351813062907462	0.176261752568883
0.802747172690907	0.339306669845037
0.138580644667621	0.0584609306724651
1.00976637943184	0.381454911222285
0.384335511514087	0.173210318245947
0.643202247298856	0.202776762796674
0.138375656503241	0.0404207688069331
0.139847419253076	0.0352678773972538
3.03564091275838	2.21272208036887
1.01080793058073	0.389781480211188
0.779880578185145	0.467468472830206
-0.749462000858586	0.2621567593617
0.426716710995548	0.173213467399165
0.385756059656369	0.174638974009755
-0.318413249366042	0.148576123433419
-0.788045447426295	0.347116983871425
1.45023067960731	0.895727207553442
-1.84290267129783	0.7723474188048
-0.745791187837514	0.261749146161392
-1.68938797153617	0.959843445395742
0.138704454630972	0.0658452171483433
2.5415115877125	1.41983529334011
-0.410395358220692	0.174479031259067
1.04762263326671	0.514085617901239
-1.05409989481754	0.428530499260954
-0.162239939886213	0.0592022994236757
-0.24394930769311	0.120265608017651
-1.18200022878108	0.673361826305568
-0.413169468513737	0.233538748473546
1.6118514342688	1.11015008885053
1.55596010072993	0.789495909237653
0.502227110335497	0.179055914951164
-0.412248243534609	0.173776537660828
0.384679561621458	0.171583558444737
0.380476317645129	0.172420275283168
0.64342341463051	0.205691875654135
-0.994947520595846	0.503479993249042
-0.804287518421476	0.441659358100973
0.385226718960957	0.173213467428947
-0.0575949475326912	0.0244990621609483
1.38487282118865	1.06077364595871
-0.123862307209726	0.0484586361484635
0.847486303487907	0.619572226467607
0.502930967277417	0.181333117013942
-0.992552481637576	0.493291081559799
0.129576970372072	0.0440312204196401
1.01815356301985	0.385097139541497
-2.29688997624065	1.17597293026046
-0.240652129355554	0.0778733232419657
0.138463062972107	0.0534009200476952
-0.405752401653994	0.17225939459919
1.01398176237284	0.388014010752976
0.67083479639791	0.315102602022647
-0.663586919316165	0.39418688641464
0.356062335746565	0.178692364262233
0.880674653748908	0.467413905930449
0.953248936276252	0.638321783397759
-0.112159473957684	0.0450463769175976
0.633967535663092	0.438957179001029
-0.247466533793469	0.162664085965354
-0.614021945527329	0.298157648386911
0.429430403324828	0.174308914564631
1.25747625990448	0.694227420969202
1.04241308028933	0.504129640351315
0.488810397952288	0.304606862255642
-0.0759615133212299	0.0333155076383531
0.393833476381296	0.173555926967755
0.138784574776811	0.0726801598230434
0.680488477207871	0.322481729208535
0.146277075894643	0.0760470112483209
0.133288935209216	0.0631321743158408
0.639761987550706	0.446084899473621
0.667823520706238	0.307143161403031
0.144400696090545	0.0621434930904857
0.800731449974192	0.3425296464443
0.383970873834602	0.174549965674074
1.60682022262712	1.11444507093232
-0.0164510262358862	0.00840946093600393
0.133037105859592	0.0510757561308982
-0.244428546932055	0.0805963435476292
1.2585891844166	0.698069358495208
-1.85205233883341	0.764323714431684
0.132008056168482	0.0393965941991127
0.644195640504139	0.203891935709909
0.134176100343271	0.0517130992440637
0.776607538636664	0.466614224872673
-0.539919082620629	0.210635134915098
0.346836388680473	0.172909792582344
0.50131905120822	0.180918046026188
-0.808113030454612	0.614222047931803
0.3555693308396	0.178590724263741
-0.3419362454378	0.203645441976986
-1.84116096838096	0.76985134303748
0.143236302158225	0.0760708521382788
-0.557771856242816	0.350848772745658
0.145545879674374	0.0774404602238362
0.528602410195699	0.303181999079913
0.678684937277313	0.320760896548997
0.676575110767742	0.317073045454102
-0.314677101137495	0.145986544074097
0.492707106325129	0.307337216949049
0.719741715725066	0.604351173015648
1.2631011114276	0.698918090987143
1.52562665034051	1.29648855708725
0.12918993805387	0.0442507386000375
-0.0168942155967886	0.00861910795222448
-0.0758569119038517	0.0331373249751612
0.684197693155187	0.321067010084729
-0.241840209542203	0.080476940077082
0.133502874099665	0.0402503094723903
0.132755613913402	0.0400087413766842
1.04792463449461	0.512690738025412
3.25318829374075	1.10976895754928
0.133806777422593	0.0455041881577386
0.540734935771451	0.312138642406066
0.430650063286997	0.172599137392809
0.890514387046487	0.476627882601661
-1.50292109855994	0.770484799159986
-0.322734150927158	0.148806215205559
0.585054254457863	0.296283803093255
0.948302898136461	0.641030590343643
1.01080793058073	0.389781480211188
-0.106493257389416	0.043045876551947
0.779880578185145	0.467468472830206
0.136536751098384	0.0588145613661722
0.37715987582432	0.168800853884865
1.44075097899118	0.888404462375143
0.349617759426797	0.17474394905506
0.429165884553764	0.174138212211893
0.383970873834602	0.174549965674074
0.131669054203935	0.0451092981844482
0.384509989658748	0.174899135225633
0.347699027923578	0.175244250043786
1.55414783644723	0.79255832938947
-1.17800151891802	0.659423174361625
-0.411905954035855	0.174590198515495
-1.69532854525063	0.974136322781026
3.2493353238897	1.10864834370629
1.01520360297676	0.386582739475358
0.937969835814336	0.62765127921876
-0.111772179401005	0.0451824261502468
-0.961145701820068	0.589700338786352
1.09243411853006	0.825967893170014
3.04103100054389	2.23805468557998
0.786661828037195	0.467441675139553
0.134176100343271	0.0517130992440637
1.89303363571981	1.61374971351012
0.540295803248292	0.306373296358657
0.597740298213414	0.312522672680781
0.806075559060984	0.334230692685271
1.55440363611776	0.780361677510396
0.348192550419542	0.176204276959526
2.10930328571654	1.46792258925087
0.380640862153908	0.171894154360853
0.135633414284217	0.0464242544434658
0.591396558038217	0.30787605265913
1.76013150647469	0.990916540029876
-0.504593921432897	0.268073104634883
0.30066962685479	0.206168741601995
0.131769780715528	0.0397831026994758
0.429165884553764	0.174138212211893
1.94960017784595	1.24096219156804
2.118215460295	1.45937031372808
1.76013150647469	0.990916540029876
1.05472277889527	0.514601317533127
0.13251797852494	0.0511537531312601
0.133502874099665	0.0402503094723903
0.135125881955029	0.0580528793614783
0.675973094900708	0.317355384536699
0.418755409587225	0.166353821031377
0.783091960458322	0.465943380947908
0.344073186416035	0.172450368042137
2.89433985666888	1.93543145629247
-1.34490228922774	0.848517087584835
1.07486309386323	0.665184826170886
1.30906895135202	0.585546772041702
0.155481615315455	0.0812158790916767
0.330424783444222	0.18124057587872
0.143217043612394	0.0685617850782196
0.139861959796527	0.0412618846585003
1.42795516831077	0.478570790474717
0.314163119853779	0.188906455584661
0.351494514578381	0.175878175456915
0.530457639608259	0.30362010470355
1.04392451247498	0.508766194763748
0.137672310748076	0.0464999890529274
0.158704573331421	0.097091189116909
0.630992486423031	0.197870230330752
0.505524711177284	0.184537045848412
0.59258909416213	0.310502396053611
0.137790482671227	0.0349173015404508
-0.204776310497203	0.110895669695531
-1.47871150789166	1.01728427494716
-1.29543444342512	0.594115706507602
-0.496307476548597	0.262486495010103
1.10431360509807	0.975397901547545
0.1262072456769	0.0428297554510009
1.00877981494609	0.378635690415525
0.136312874682243	0.0520703340699958
0.13096448496266	0.0390859273598624
0.381886823729592	0.170648906850854
0.128800385405616	0.0497090773739998
0.884536106095431	0.47752815522574
1.31000962917872	0.587023547729711
1.31094944803572	0.585633714178286
0.59698332640387	0.313347175901406
0.132755613913402	0.0400087413766842
1.0681148693517	0.639005284516125
0.131182874356552	0.0445112825779089
0.387836077353972	0.174578646853337
-0.540188763035123	0.210389950149253
0.592288401482045	0.308946122033183
0.139700136845847	0.0605305670575496
-0.999057473326929	0.506363151904403
1.42719460355007	0.477448564652232
1.43108326772595	0.478167346987275
0.504580075605894	0.183905699075097
1.01179148986041	0.390812379931115
0.138313487263181	0.0468323766623707
0.142006644110872	0.0613694693171533
-0.501771737225175	0.26408702936516
0.380121707371162	0.172795499204357
0.124121675888142	0.0421889628594712
0.512050074494105	0.183311074585388
-2.09147901102814	0.978596282881341
0.805215646329513	0.344267959117367
3.91337671586789	1.72666008519133
0.136433082417729	0.040391101370101
0.800079574854174	0.341914550374125
0.595061610902337	0.312877249550697
1.43755928906173	1.61107761275039
0.137432365546475	0.0592370194345653
0.778797586595829	0.462110746689107
1.07664061951548	0.663985362425297
0.427912885754657	0.174104059517884
1.21825242467752	0.987341666912455
0.145895795648065	0.069935157207857
0.140596907573201	0.0608860240648
0.142676839361568	0.0684681209138068
0.137730036797154	0.0657915205100695
0.13342584199096	0.0456780844290643
0.534961176378181	0.30563491444583
2.12638152545336	2.1142956915891
1.11003406081428	0.992605632379109
0.529977526168851	0.304343681800145
0.126701944259732	0.0480848228825737
-0.168709143575624	0.0618957168726134
0.600131274010441	0.313637265444187
0.776112391313509	0.464788700451395
-0.367964462335371	0.108363329225903
0.682393922796605	0.32042387014629
1.7947052374355	0.701940247969362
1.55596010072993	0.789495909237653
0.129299133104508	0.0442965545546769
0.131769780715528	0.0397831026994758
0.428241289583821	0.174216330191094
0.133502874099665	0.0402503094723903
1.94623675630138	1.22396460915568
0.63910706673426	0.202016723610545
0.67711437897708	0.318354079635132
1.25647253989561	0.687986878869657
1.38526100468726	1.05817118708537
-0.252516960267474	0.12572384566679
0.381533849964003	0.171992731032845
1.88942309548765	1.60441927554236
0.132318328682527	0.0452503254788254
-0.033748896092231	0.0161188404172724
-0.795408386193676	0.43712225197589
-0.994947520595846	0.503479993249042
-0.106671269738713	0.042971684899464
-0.115640734375144	0.0466039644284396
0.67510743727222	0.319464404088542
0.88560608247656	0.4772698841079
1.43989151394789	0.879132137590456
0.596888552569381	0.300907745927304
1.60580449458491	1.09171139973958
0.429430403324828	0.174308914564631
-0.0741422651514142	0.0326106923562931
-0.660432636856613	0.38909092238788
-0.500454394459263	0.267050239825906
0.134073230654708	0.0460155036809627
0.425431779789384	0.170935389204419
0.535758455932505	0.307863275100041
0.132129592379522	0.0507684643984597
1.05070791679031	0.511075219619218
1.44549416829447	0.909610308903803
2.08849476509833	0.9440485467898
1.31352048566041	0.571829807529249
-0.243236824490474	0.0801000682318555
-2.09819629590359	0.966297009576623
0.537097297364185	0.302752689400508
0.139847419253076	0.0352678773972538
0.79345160283281	0.330367413520648
0.385940605101627	0.174945338169834
-0.166912432135629	0.0939224710978287
0.895001869302764	0.759088690974911
-0.254658674309035	0.127705322522759
0.775667536716626	0.457798618222318
0.684763901775081	0.320722889295863
1.09456429288565	0.821392811806465
0.309559694698584	0.185798039837159
0.14632581910179	0.0700425370279905
0.143634190188002	0.0691358678413954
0.497131521417194	0.313012570368194
2.13225702369822	2.15440156946639
2.51389248114192	2.25214851847035
2.10720913820549	1.43799549664254
0.151115177661545	0.086451939500803
0.488250394885337	0.302358043071142
0.312024120258669	0.188868154050482
-0.000579714904502816	0.000156017464144203
0.847486303487907	0.619572226467607
-0.786764539010616	0.351688453432406
1.05191529311535	0.519138413454858
-0.109541501756504	0.0435571071461038
0.643426284104829	0.455232902506989
0.134513506074792	0.0516168326605336
-0.0705340489243109	0.0305516173041638
0.890358361904575	0.483863449958916
-2.30722030674925	1.19874771229064
-1.05479035652565	0.421996633455493
1.05251879480158	0.513143597548845
1.60868136815001	1.12139965942512
0.780722662154397	0.45044815180767
-0.115102540246308	0.0464062353304709
-1.80190156331263	0.405310176911618
-2.30179683838977	1.19334254313319
0.131021865338521	0.0391721334922174
1.76312554264291	0.983379816331489
0.527295607745869	0.300016972247262
0.710189858829049	0.454391914329022
1.76010189558161	0.983052410173314
-0.0952480189372111	0.0367235399188885
0.673835940333249	0.316446429142655
0.312310735954455	0.187934979195149
-0.531710602424568	0.202349744247643
0.350482454861715	0.176324469613531
0.784381306706457	0.468974236391088
0.508081388675797	0.18525425523165
-1.17471524783089	0.65718360418886
0.122565428532359	0.0365098729576567
-0.998707998393229	0.496594033800551
0.135033124779627	0.0646061720063912
0.426393633919265	0.172449504151539
0.537165983046884	0.311041271705653
-0.309968506071849	0.141109496661563
0.430700215324852	0.175008159531737
0.882645621319162	0.474804462161909
0.424966180371341	0.167455227179069
1.05221984769468	0.516618220042698
2.74531503858304	0.788587032684406
0.930671315320304	0.244899140334393
0.926974875419701	0.246284209674963
1.44197655829195	0.904947505639359
1.05131166712168	0.51832133916075
-0.5413960558512	0.210897885586138
0.426701646836818	0.171232343476935
1.30933232584394	0.568084760664319
0.780376561528975	0.466035053006428
0.428825611450252	0.174366674929911
0.325650557475983	0.178248586435256
-0.372967191440885	0.109879462987979
-0.168033022340943	0.0606038966175957
0.318084353414912	0.190826841667621
1.31820533037477	0.564131575563065
-0.23788425127927	0.0784171557797199
-2.3059334476236	1.19906166503349
0.135633414284217	0.0464242544434658
0.384696780583626	0.172207522453703
-1.11324249444525	0.760325095744131
1.05100741137477	0.518952111891946
0.594462590263791	0.306674171195731
0.130241163091154	0.0445767266602944
0.664274020757501	0.299269267581417
0.670073409545592	0.309948784996172
0.386294159072654	0.174985884071174
0.129840797352239	0.0445844341304171
0.705463214022088	0.459161907969766
-0.245102561255551	0.0799501210255381
0.385405797251272	0.171871480344545
-0.467444731934446	0.30622783162007
0.502237066295499	0.179554331795146
0.13342584199096	0.0456780844290643
1.23795402609091	0.854379747400185
0.326599321652469	0.181949869961616
0.645012758791371	0.446297642120502
0.532764910932736	0.302450007463388
0.349583904128036	0.176701106175272
0.345445462032793	0.170572727997842
0.847948418802923	0.616926766447512
0.847029501935752	0.615247523055652
0.460416326540944	0.314403139355627
0.425562856973203	0.168759714534113
-1.54211096447874	0.565956548030536
0.679728373581713	0.317610408111165
-0.0385614061459692	0.0182138573203295
0.136486244921075	0.0638621456879925
-1.18200022878108	0.673361826305568
-0.807665418662188	0.537227198676805
0.50902590722156	0.185473067884794
0.138842582945624	0.0595191637606531
0.134610161210788	0.0577400499392075
-0.809606076247527	0.5401320843643
-0.316990066395425	0.146954732431262
0.780023300531658	0.613310527916227
0.946078064071509	0.639863645465915
0.876837788920356	0.872365000795403
0.134196458780367	0.0397046446216347
0.322604693488113	0.17782163612302
0.132755613913402	0.0400087413766842
0.642650740895789	0.20298545340287
1.31000962917872	0.587023547729711
0.801383180273715	0.338980745417885
0.89734393843033	0.477870550754775
-0.165924623645863	0.0607705580031965
-2.3024427121866	1.19314902759081
-2.00133207293886	1.40872071905937
0.54250959154602	0.305431157497571
0.509969571730134	0.184118798060044
0.589304155211854	0.30537197214916
0.431613510460781	0.175668079261446
0.142060494175408	0.0609699395696718
0.505514712818863	0.182262620756373
1.01104201595136	0.385305051110661
-0.0718150025706929	0.0318713616421324
-0.503610588358826	0.265684144600823
0.310271795047075	0.183198032676283
0.150809632162334	0.0867582139718662
-0.0452604458777549	0.0214651803128482
1.25826352655386	0.698954794444829
1.05100741137477	0.518952111891946
-0.328587832891832	0.14797308929183
-0.991984286980475	0.485621501092034
0.941100631134812	0.625400722355084
1.556606241661	0.779912172364091
0.508081388675797	0.18525425523165
1.10777988965827	0.997944712401558
0.34636305659028	0.173154574676515
1.25410798584651	0.685773259418972
1.014729443048	0.384082142894649
0.148196703057246	0.0696872214282406
-0.747277512006623	0.261950498179665
-1.84141746589933	0.769507517210725
0.77941441081243	0.46297516556035
-0.409258031404003	0.173171489548782
-0.20592465732472	0.111485004808069
0.352743190268618	0.17293193474861
0.128617129240996	0.0491473375658159
0.589358483100502	0.304557497374942
1.07902772582812	0.664487858106167
0.633362665284462	0.570081087044639
0.990146077203563	0.802636743321786
0.944683072553827	0.636828756468652
-0.682928164009486	0.480139978818675
1.23164730022175	1.02686555083922
1.23559789306486	1.02377915971856
-0.414857779070285	0.176682385019192
1.43575974850663	0.470793566917827
-0.501435028733428	0.263956495477953
-1.1199852968588	1.08469043126468
-1.5118320713113	0.776799541435234
-0.367964462335371	0.108363329225903
-1.61895094630287	1.22894684085687
0.535345312404737	0.308704384272518
-0.0164510262358862	0.00840946093600393
2.08624413522078	0.930006094624124
-1.50172381447308	0.772310922363776
0.676575110767742	0.317073045454102
1.04643772215065	0.514195401679448
1.22250466645615	1.02471918060881
0.378227764000028	0.170205318481916
0.537132283701268	0.31026256028213
0.43003507047201	0.172842082112323
2.10930328571654	1.46792258925087
-0.196447479370311	0.132462083188558
-1.48245370007967	1.03369291119973
1.23730144645116	0.838587003305302
-0.165320765543476	0.0607703071733124
-1.35294185743725	1.09745901355525
2.32924914936815	1.16464332738191
0.853744298209353	0.622956613186466
1.23819176450472	0.832827517730308
0.425739020701106	0.171797865158022
1.76409178863283	1.00871452403416
-0.166233003442102	0.060510405282814
-1.17705373097505	0.662923601008253
-0.109469066439987	0.0438963496395714
-2.79109407065326	1.87219195571603
0.425787311572241	0.170378311753942
0.137896063531202	0.0531619810144832
0.322190040356844	0.177388906025319
-0.343071463903236	0.209516423179799
0.379747837050436	0.171346432234843
0.137309104876819	0.0658747567075952
-0.409433849153033	0.174099423107401
0.350018886845198	0.174618674899344
-1.2999567634103	0.607427613348062
-0.795408386193676	0.43712225197589
-0.505989803376668	0.267935293753142
0.131792570699465	0.0506912441120161
1.2606312312711	0.688892379548025
0.708966485866647	0.460596006302498
0.67453979435116	0.3189996086324
1.39016767728191	1.07306394539463
0.688683664091755	0.437488192992916
2.10787762742589	1.44280107598697
0.135959557476312	0.0591233564490453
-0.995294780861803	0.496473178656247
-0.542135647454679	0.210886784915037
0.505524711177284	0.184537045848412
0.138957249831158	0.0469686287821224
0.142992396261014	0.061347265030091
0.133083947721306	0.0514872556193567
0.149774070174254	0.0834353352931817
0.134513506074792	0.0516168326605336
0.529079101322968	0.302684678566532
0.381368477272038	0.172185305673824
0.589304155211854	0.30537197214916
0.680155872320767	0.318958296217508
0.138169594891086	0.0265198668009027
-0.496876860827847	0.260885465886422
0.596468791110989	0.314139878149124
-0.161924550637959	0.0595326272869975
0.382074230658703	0.17233763635873
0.132755613913402	0.0400087413766842
1.94902841006364	1.22023555319025
0.673835940333249	0.316446429142655
0.680488477207871	0.322481729208535
0.352797249109913	0.177555138523587
-1.54033413653663	0.562613885619299
0.142068913857898	0.05365775036775
0.137947030958258	0.0592439737071219
-0.164113417640613	0.0601976090971911
0.35324594609204	0.178158653157937
-0.31698963285925	0.141514484468261
1.30906895135202	0.585546772041702
2.72920455810306	1.65923506687606
-0.800133349206143	0.439447391459831
1.79670337293508	0.712109669548487
-0.37705103334154	0.111772840936855
-0.238582126977172	0.0793549061566532
0.88873586487731	0.476050380677217
0.380993367374908	0.171043311814385
0.50738087048618	0.182889267122129
0.130273630097158	0.0501529017881732
-0.811689372870722	0.537943299835403
0.426999830129114	0.173224779129442
0.889354931854755	0.472098045743125
0.34645379504914	0.171487821033568
0.84856029053672	0.608535525257879
0.381181749185143	0.172240019475104
0.128147836037147	0.0435000014167392
0.129705851940839	0.0500169138857751
-1.54211096447874	0.565956548030536
0.639660215207864	0.203910262751024
0.506468506416984	0.184272460164198
-1.83871770989349	0.763183728810254
-0.248142417567758	0.0817264643962973
1.52731134287907	1.29035803211693
0.135888882102107	0.0578269098169003
1.07059638320481	0.65964965106335
0.13732894948122	0.0527562325967943
0.131516360384197	0.0500152683013393
3.91132141713199	1.69829752028184
1.05191529311535	0.519138413454858
-1.0506117909771	0.425111529407623
-0.246985585795053	0.123428364970547
-0.613850078166779	0.297856367499501
-1.10682341140292	0.749774611819922
0.342681000662165	0.170749356019436
1.05100741137477	0.518952111891946
-0.1638005064279	0.0600618571222791
0.382538489331006	0.172659190283577
3.25318829374075	1.10976895754928
0.138618353811657	0.0265211219118666
3.92169914704775	1.70790447007316
0.141278747962765	0.0539349256568032
0.642650740895789	0.20298545340287
0.67690866048199	0.318933640303647
0.597226423729865	0.310825886866834
1.01057562566571	0.381326699926964
0.779780483675919	0.465729776704502
0.509969571730134	0.184118798060044
0.50457577546401	0.182045166120913
0.137790482671227	0.0349173015404508
0.640658905761581	0.203950748563405
-0.968853568795674	0.596130418733619
-1.04825804245851	0.430881776490226
0.594546442486964	0.311161713457235
0.140865673211771	0.0679797365137437
1.42970262451774	0.46489469838612
-1.33453625321977	0.832237545532725
-0.748962934462903	0.265874158565463
0.319699863561516	0.191105501363609
0.384863489590947	0.174885684504261
1.60340399528377	1.09398670098327
1.42822224336494	0.477074019570971
-1.31002446246767	0.586407354957551
-0.417945160413531	0.238515409842722
0.127549585831426	0.0385072991721353
3.92589315699719	1.65958518616051
0.423390298678652	0.168581836925438
2.08652881445073	0.929140985441339
0.504580075605894	0.183905699075097
0.135931183146639	0.0408601823442341
-0.540837584872468	0.211287314007882
-1.48154427044987	1.03107918437865
0.138803726046495	0.0599820124283639
1.7999374187146	0.711558267279855
0.127894779700985	0.0492384929400269
0.509725648789814	0.185898565895246
0.139576085242422	0.0352987079074651
0.59458867419715	0.308133203077577
0.532212964418239	0.30393432003792
0.431924412347707	0.173464161315763
1.64190243364313	1.52380242256825
1.60340399528377	1.09398670098327
0.59684705060167	0.313578932016721
1.25826352655386	0.698954794444829
0.63611382542294	0.202940731306447
0.380659208100774	0.172749149895122
1.76409178863283	1.00871452403416
0.13342584199096	0.0456780844290643
1.08118188151042	0.650824141935023
-1.16076621190063	0.359385238156804
0.593102194391599	0.311707614715634
-0.54720464544438	0.211003281959072
0.384509989658748	0.174899135225633
-0.79447556135435	0.35114753561787
1.01496655409926	0.392016410565643
1.60803865933595	1.09131080952893
-0.650959635012338	0.159168476600347
0.139356721251461	0.0591865823846407
-0.164717030217209	0.0605798459598444
1.2442143198715	0.858718695050154
0.697961324124884	0.459405657370485
0.423315510192861	0.171523923653337
0.13398902342509	0.0516991626437089
-0.40479821563515	0.16897862911829
-1.33776055295016	0.839304182274765
0.143504453742169	0.0616658170189631
0.382725641453822	0.171919541217555
1.01179148986041	0.390812379931115
0.890705897272587	0.48558707094198
0.432216086405575	0.176459106478166
0.425793814320526	0.171311625398014
0.127549585831426	0.0385072991721353
0.808596719059427	0.341954693942453
3.25318829374075	1.10976895754928
0.922124936246008	0.243516971274684
-0.649319222104321	0.16021039083734
-0.781853517352016	0.344997662820348
-0.749462000858586	0.2621567593617
0.503876995823466	0.183153812193994
1.0127751373005	0.389769011989825
0.677446131755504	0.317546285928266
1.01520360297676	0.386582739475358
0.132755613913402	0.0400087413766842
-1.09776779144043	0.728372738134711
-0.078692553349353	0.0342858814560717
0.140849939775754	0.0415398473569265
-1.29580538399491	0.604526107834548
-0.169912448780061	0.0622831802819851
-0.244428546932055	0.0805963435476292
-1.54211096447874	0.565956548030536
-1.50632860321369	0.78306390660716
0.145297292350196	0.0623836442062413
1.7656012441912	0.997024105307212
0.133037105859592	0.0510757561308982
0.129840797352239	0.0445844341304171
2.33647975774558	1.1902357498922
1.3069871315256	0.572362464671872
1.7999374187146	0.711558267279855
0.927971507294548	0.243537608899139
0.505766542576991	0.183848744269859
0.925819939961969	0.242168104656227
-0.407961379802384	0.171757617600234
0.647664512342753	0.202249453631059
0.80319970654717	0.33806416268755
0.13868877388587	0.0462244586825263
-1.84462146111998	0.762103522861904
1.01520360297676	0.386582739475358
-0.543167874497985	0.208928295881278
0.426716710995548	0.173213467399165
1.30769071044512	0.580821984597342
-0.113240152774761	0.0452155314259787
1.76228248782431	0.991586637665677
3.25318829374075	1.10976895754928
0.929670085417592	0.244778423912617
0.351406882821837	0.176815446402141
1.79770278509994	0.709688375349796
0.506468506416984	0.184272460164198
-1.16680976292454	0.361321943590249
3.62573565960846	1.41848408933262
0.137663849025598	0.0410571652515246
0.142698404858563	0.0359575700897484
1.05161155852892	0.512954053774621
0.131708715990167	0.0395807956970691
0.641431038909059	0.206705899790905
0.670504083058384	0.310838774716991
0.132755613913402	0.0400087413766842
0.138618353811657	0.0265211219118666
-0.372967191440885	0.109879462987979
-1.80190156331263	0.405310176911618
-0.750453159564684	0.266070645067511
3.25036486382959	1.10725094810752
3.2493353238897	1.10864834370629
-0.541089715550067	0.208392244597003
3.25036486382959	1.10725094810752
-0.161323141410888	0.0593428238464744
1.76409178863283	1.00871452403416
-0.370192063582796	0.107755133242033
2.08924618973395	0.946370198374706
1.80195797435116	0.697288209820227
2.09143968510792	0.92800299671563
-1.16331040146866	0.356501861337983
0.508781691198075	0.185680235788344
-0.649319222104321	0.16021039083734
3.2493353238897	1.10864834370629
-0.37705103334154	0.111772840936855
0.779338001558025	0.460463943621542
4.36871243784569	2.2568770943048
0.137716344096337	0.0264356853006178
3.62168394400497	1.42736372029797
3.25215396833713	1.09944519815717
1.01618730262127	0.38316937883976
2.33483689203872	1.18298064190505
1.04853061351236	0.513497604131398
-0.373053653203401	0.10950615431338
0.125297592141152	0.0425008393245429
-1.84708223086113	1.15571503662147
0.139073148904902	0.0266055202308437
1.42898338960615	0.478193832396807
0.641203436908402	0.204828865510354
1.95338582999428	0.463576578510391
1.42190933723257	0.467369829987504
1.04211120136068	0.508454623635959
1.01913790541463	0.388060093985107
1.30604689497771	0.574600894690801
0.128532989649213	0.0387330108702786
0.139073148904902	0.0266055202308437
0.140906973713143	0.0352149950547458
0.925335174824177	0.243267565805426
0.134526944690639	0.0258144647389653
-1.54186427014847	0.562391050588268
-1.16255649541829	0.360535388481223
0.932732691442677	0.241118375689451
3.2493353238897	1.10864834370629
3.62062366405083	1.43326252584705
-0.649961670532414	0.158635340685799
0.137657029645535	0.0344892399783439
0.925979622549504	0.243736825113843
0.922124936246008	0.243516971274684
1.00982540305298	0.385206220726638
3.2493353238897	1.10864834370629
1.79766170939174	0.690624624183741
1.95338582999428	0.463576578510391
2.7489176254429	0.781882431670721
-0.653515136282054	0.159727161117317
0.135568968576203	0.0339891491304889
-0.371963944093828	0.110621992809151
1.8007131844382	0.713314573443425
1.0127751373005	0.389769011989825
0.13806085974017	0.0349020150681185
-1.54134641011664	0.564552208534783
0.139073148904902	0.0266055202308437
0.926329332609966	0.245803896301602
3.2493353238897	1.10864834370629
0.927971507294548	0.243537608899139
0.138818714405564	0.0354421828043769
-2.58468514934926	0.681926813759725
0.135687810090981	0.0405518208503784
1.24371887604357	0.85481158948799
1.76161460404586	0.998795483303276
2.32924914936815	1.16464332738191
-0.246744187489769	0.0819875861942725
3.2493353238897	1.10864834370629
1.42898338960615	0.478193832396807
3.2493353238897	1.10864834370629
1.31750988199552	0.570227547973807
-1.16255649541829	0.360535388481223
0.925335174824177	0.243267565805426
1.26432587214037	0.703752132776266
-0.371729277964481	0.109124865696984
1.94300081329777	1.20850190291419
1.31165057176086	0.579030865160352
-2.58557826662177	0.681302812577655
0.125944161747299	0.0432199706166619
-2.58557826662177	0.681302812577655
1.30675103647863	0.583158549436276
-0.649961670532414	0.158635340685799
3.25139583150282	1.09209130025117
0.124289330854257	0.0369322547195917
1.01254068844739	0.386785712184281
0.926974875419701	0.246284209674963
-0.372732473872603	0.110746709749891
1.95338582999428	0.463576578510391
0.507147811732689	0.180851748637007
0.597785099056344	0.310800429825457
0.926974875419701	0.246284209674963
0.139073148904902	0.0266055202308437
0.138169594891086	0.0265198668009027
0.138618353811657	0.0265211219118666
1.43954895388341	0.892005125985514
-1.80190156331263	0.405310176911618
0.929020853400311	0.244303524147299
0.639433294916704	0.204223062388441
1.95256933090985	0.464168557061862
0.138618353811657	0.0265211219118666
-0.649677393302236	0.159121336474823
-0.37373542401889	0.110004299970677
0.932732691442677	0.241118375689451
0.141628868364635	0.0268733845859336
0.137716344096337	0.0264356853006178
-2.58468514934926	0.681926813759725
0.138618353811657	0.0265211219118666
1.42822224336494	0.477074019570971
1.3069871315256	0.572362464671872
2.74531503858304	0.788587032684406
1.95584693887656	0.462330835133922
0.63611382542294	0.202940731306447
0.133502874099665	0.0402503094723903
0.927971507294548	0.243537608899139
1.95338582999428	0.463576578510391
1.42692741367696	0.472854481440801
1.43108326772595	0.478167346987275
-3.09407144090335	0.959647090123049
-0.372732473872603	0.110746709749891
-1.16152021660948	0.35929571617842
-1.80211551800213	0.40518546889285
-0.648677249821696	0.158587087101144
-2.58513149511835	0.689509113042442
0.926974875419701	0.246284209674963
0.427615653400743	0.171494994691856
0.144803086510497	0.0355043127546911
-3.09343711568729	0.972052225554497
0.139576085242422	0.0352987079074651
1.4300120770332	0.472328161227103
1.42190933723257	0.467369829987504
-1.16076621190063	0.359385238156804
1.95338582999428	0.463576578510391
0.137790482671227	0.0349173015404508
1.42795516831077	0.478570790474717
0.125681624662789	0.0430946049318035
0.925335174824177	0.243267565805426
0.930671315320304	0.244899140334393
0.139576085242422	0.0352987079074651
0.137716344096337	0.0264356853006178
0.138618353811657	0.0265211219118666
0.92732486785368	0.24306890205782
0.13806085974017	0.0349020150681185
2.7462498006239	0.778261278020301
-2.58468514934926	0.681926813759725
-0.377279345813368	0.110037093431777
0.929670085417592	0.244778423912617
0.138618353811657	0.0265211219118666
1.95338582999428	0.463576578510391
-0.650318276706871	0.160755761640221
0.926974875419701	0.246284209674963
3.25318829374075	1.10976895754928
0.138618353811657	0.0265211219118666
1.95338582999428	0.463576578510391
-1.80190156331263	0.405310176911618
0.641431038909059	0.206705899790905
0.926974875419701	0.246284209674963
0.639660215207864	0.203910262751024
0.140605369101782	0.0351308802058006
0.136676224470739	0.0411018975580698
0.92732486785368	0.24306890205782
0.138818714405564	0.0354421828043769
-0.650318276706871	0.160755761640221
-1.54462112347851	0.558792637671358
0.139073148904902	0.0266055202308437
0.640105850465034	0.203838328173808
-2.58513149511835	0.689509113042442
1.42898338960615	0.478193832396807
0.637110020884382	0.202981575807905
-1.80190156331263	0.405310176911618
0.137790482671227	0.0349173015404508
0.926329332609966	0.245803896301602
-0.649319222104321	0.16021039083734
0.926329332609966	0.245803896301602
0.641431038909059	0.206705899790905
0.134340225825743	0.0459478776911086
-0.649319222104321	0.16021039083734
4.54873547055567	2.56220336964595
2.74531503858304	0.788587032684406
-3.77336026249091	1.52994227958119
1.95584693887656	0.462330835133922
0.138169594891086	0.0265198668009027
-1.05289679402267	0.425457742295197
-0.648677249821696	0.158587087101144
1.01179148986041	0.390812379931115
0.139847419253076	0.0352678773972538
2.09439244536298	0.948783083649303
3.62467162070288	1.43500145314363
0.140849939775754	0.0415398473569265
2.09262654048795	0.926972758008952
1.01496655409926	0.392016410565643
0.926974875419701	0.246284209674963
3.622744731928	1.40801772966037
0.643202247298856	0.202776762796674
-1.15714724515563	0.352620115329855
1.01496655409926	0.392016410565643
-1.29451143883044	0.600706476246576
0.64542681911787	0.206101967608227
-0.650318276706871	0.160755761640221
2.74531503858304	0.788587032684406
3.2493353238897	1.10864834370629
2.09022812164202	0.945927753511983
1.26253075405875	0.70781550959232
1.42795516831077	0.478570790474717
-0.370960450535942	0.108999469994633
0.135687810090981	0.0405518208503784
1.76013150647469	0.990916540029876
1.42616742954426	0.471762089576048
0.637110020884382	0.202981575807905
2.7462498006239	0.778261278020301
0.134489699809032	0.0400924429288267
-0.248387997661862	0.0825807028479737
-2.58468514934926	0.681926813759725
-0.243241014092852	0.0808370662671502
1.95338582999428	0.463576578510391
3.25215396833713	1.09944519815717
0.141168720466643	0.026788068800843
-0.161924550637959	0.0595326272869975
-1.54262998859367	0.556084934561067
0.136919308020491	0.0408177028889142
0.644653544443343	0.203394918883316
-1.16255649541829	0.360535388481223
-0.371729277964481	0.109124865696984
0.50506436121652	0.18151153914028
2.09341097070047	0.951512192253766
2.7462498006239	0.778261278020301
0.64342341463051	0.205691875654135
2.74531503858304	0.788587032684406
3.91855812891033	1.72940162808931
0.644653544443343	0.203394918883316
-1.16227469880569	0.355295007054579
0.13840812259958	0.0408921198665596
1.01693374560247	0.388544360896459
0.929020853400311	0.244303524147299
3.24830720791551	1.09477551568481
-3.47805109780672	1.23545015867685
0.379747837050436	0.171346432234843
0.926974875419701	0.246284209674963
0.506008429814191	0.179936064673506
1.42719460355007	0.477448564652232
0.926329332609966	0.245803896301602
-0.372732473872603	0.110746709749891
2.7462498006239	0.778261278020301
0.925979622549504	0.243736825113843
1.43211444118756	0.474033268230349
1.01104201595136	0.385305051110661
0.647434198867694	0.204530170773019
3.2493353238897	1.10864834370629
0.926329332609966	0.245803896301602
0.644424999818512	0.207579266186308
1.303478642082	0.570952432784822
-1.16076621190063	0.359385238156804
0.505766542576991	0.183848744269859
-0.650959635012338	0.159168476600347
-2.58899611685113	0.683672524401667
-1.50480180909924	0.771951788837724
-0.650318276706871	0.160755761640221
1.79793422282707	0.704405735156038
1.26106194161776	0.705565073472897
0.63533835195479	0.202617768704467
0.805215646329513	0.344267959117367
0.926974875419701	0.246284209674963
0.637330363110719	0.200600181375881
0.504580075605894	0.183905699075097
1.01416833560208	0.381091797768648
0.800079574854174	0.341914550374125
3.62168394400497	1.42736372029797
1.79792720273559	0.699424862602515
-0.242788883618067	0.0808805347641532
0.925335174824177	0.243267565805426
0.140605369101782	0.0351308802058006
0.13431524967785	0.045406872446052
0.642202725024316	0.20486814652215
0.384863489590947	0.174885684504261
0.423315510192861	0.171523923653337
-0.754425233494808	0.261585538393113
0.140143013882091	0.0604319904374563
0.640432049403559	0.206671110179374
1.55108656873486	0.772983662632903
0.642430262122492	0.204551977387731
3.2493353238897	1.10864834370629
0.639433294916704	0.204223062388441
0.509270177453826	0.181806539089824
3.2493353238897	1.10864834370629
0.132517398019614	0.0400248322660559
0.138169594891086	0.0265198668009027
0.926974875419701	0.246284209674963
0.927971507294548	0.243537608899139
2.0916792997764	0.947020632233422
2.54392701202772	1.43286733070967
0.140605369101782	0.0351308802058006
1.95338582999428	0.463576578510391
3.62168394400497	1.42736372029797
1.0127751373005	0.389769011989825
-1.80190156331263	0.405310176911618
0.642202725024316	0.20486814652215
1.42822224336494	0.477074019570971
1.79770278509994	0.709688375349796
-0.746534217740653	0.262483449927324
-0.53927097726266	0.20974189922174
0.64542681911787	0.206101967608227
0.145565146619046	0.0360310894434119
3.25215396833713	1.09944519815717
0.132008056168482	0.0393965941991127
0.127549585831426	0.0385072991721353
3.62168394400497	1.42736372029797
-0.240212656341916	0.0783755091525726
-0.648677249821696	0.158587087101144
-0.750207197643262	0.259651555151019
2.09022812164202	0.945927753511983
1.0488329181685	0.510466369895979
-0.646622749070198	0.158987296788642
-1.16180306616162	0.360626829502971
1.80474378076778	0.699429162315007
-0.539810590839259	0.208041089834907
-3.09803658564349	0.963618638434641
3.25318829374075	1.10976895754928
0.132008056168482	0.0393965941991127
1.00258193666782	0.374951115907221
0.127549585831426	0.0385072991721353
-1.04965581966949	0.429420534826054
-1.1600126841405	0.35529503686347
0.130491514010977	0.0447267681525709
-0.376050641505638	0.110143849291774
0.125597591782963	0.0423287841173492
-3.770040500817	1.52983951262272
2.74438259751335	0.780038400688451
0.64542681911787	0.206101967608227
0.505766542576991	0.183848744269859
0.638106441805795	0.200917531067273
-0.650959635012338	0.159168476600347
0.138818714405564	0.0354421828043769
-0.244439790893105	0.0807612783384271
0.508537530559089	0.182163812136398
0.138818714405564	0.0354421828043769
1.7959287507101	0.710356981550796
0.503876995607107	0.183480745946702
1.30604689497771	0.574600894690801
1.79362133056664	0.692742298099508
1.01815356301985	0.385097139541497
0.929020853400311	0.244303524147299
0.927971507294548	0.243537608899139
0.141666634051722	0.0357514933011427
-1.3008768083133	0.600684810205012
0.644424999818512	0.207579266186308
2.74531503858304	0.788587032684406
0.134542642796399	0.0341445690681232
1.42822224336494	0.477074019570971
0.131947928994692	0.0390584570073534
-0.649319222104321	0.16021039083734
-2.30980644056343	1.18144640954193
-1.16180306616162	0.360626829502971
-1.16795525204921	0.35228719896774
-0.649677393302236	0.159121336474823
1.42795516831077	0.478570790474717
0.642650740895789	0.20298545340287
0.139073148904902	0.0266055202308437
0.137657029645535	0.0344892399783439
0.432526466772313	0.175579738668412
0.133621657798323	0.0257280473816019
0.137716344096337	0.0264356853006178
-0.650959635012338	0.159168476600347
-0.372732473872603	0.110746709749891
-0.372732473872603	0.110746709749891
0.138818714405564	0.0354421828043769
0.138818714405564	0.0354421828043769
0.139088984871223	0.0347391602259325
0.137716344096337	0.0264356853006178
3.25139583150282	1.09209130025117
0.141628868364635	0.0268733845859336
0.925335174824177	0.243267565805426
0.641203436908402	0.204828865510354
0.134986889048387	0.0462856031126629
0.926329332609966	0.245803896301602
1.95256933090985	0.464168557061862
0.138618353811657	0.0265211219118666
0.134805386154992	0.0338121207710829
0.139576085242422	0.0352987079074651
-3.46924124245495	1.26110671680306
0.926329332609966	0.245803896301602
-1.80583314024352	0.404036831265938
1.42498522338498	0.466870648976945
-0.650318276706871	0.160755761640221
-0.367964462335371	0.108363329225903
0.13806085974017	0.0349020150681185
-1.30216768890978	0.598701333632722
1.04913646577078	0.507645145343534
1.30651499432768	0.576631348210832
-0.371963944093828	0.110621992809151
0.923120742885382	0.240835684941142
2.7479767545239	0.782066977880158
0.141628868364635	0.0268733845859336
0.92732486785368	0.24306890205782
0.139847419253076	0.0352678773972538
0.141938162059784	0.0354191252721787
1.95338582999428	0.463576578510391
0.137716344096337	0.0264356853006178
0.132008056168482	0.0393965941991127
-0.751198712039969	0.263460624922869
0.128769833621831	0.038111433857996
0.926974875419701	0.246284209674963
2.7489176254429	0.781882431670721
-1.16152021660948	0.35929571617842
-1.16152021660948	0.35929571617842
0.129031576739853	0.0429514110639081
0.689043983177838	0.31563234104417
1.79492986711335	0.708745443595502
2.7489176254429	0.781882431670721
0.141628868364635	0.0268733845859336
0.93002098112329	0.244423585041229
1.79893570621489	0.71178866805356
1.95256933090985	0.464168557061862
0.925335174824177	0.243267565805426
-3.09343711568729	0.972052225554497
-0.650815605433229	0.158518447092606
0.634342685225005	0.200262051002372
0.802549426834567	0.341570842109923
3.61956389250147	1.43028882967321
-1.16756877193145	0.358467365380653
1.31000962917872	0.587023547729711
-1.05900411316214	0.424285528599581
-0.650318276706871	0.160755761640221
-0.242788883618067	0.0808805347641532
0.141666634051722	0.0357514933011427
1.30930772219347	0.578363663392743
3.91440476331281	1.72518419510354
1.30612916615763	0.552745409101574
-0.758903093547503	0.265752003191917
1.95584693887656	0.462330835133922
3.2493353238897	1.10864834370629
1.42795516831077	0.478570790474717
2.7462498006239	0.778261278020301
1.95338582999428	0.463576578510391
-3.46998743660351	1.26411646563651
-1.80211551800213	0.40518546889285
0.138618353811657	0.0265211219118666
1.43575974850663	0.470793566917827
0.138618353811657	0.0265211219118666
2.7462498006239	0.778261278020301
1.42719460355007	0.477448564652232
0.926974875419701	0.246284209674963
-1.80190156331263	0.405310176911618
1.42692741367696	0.472854481440801
3.25422405878576	1.0988640104023
-0.165320765543476	0.0607703071733124
-0.750500136544216	0.262945921354945
3.2493353238897	1.10864834370629
1.79770278509994	0.709688375349796
3.62062366405083	1.43326252584705
-1.80211551800213	0.40518546889285
-1.54716733927322	0.566283034461824
1.01179148986041	0.390812379931115
-1.15941464149533	0.35262764221233
0.925335174824177	0.243267565805426
-0.371963944093828	0.110621992809151
0.131769780715528	0.0397831026994758
1.79870938672057	0.706124174779807
0.930671315320304	0.244899140334393
1.8007131844382	0.713314573443425
-1.16227469880569	0.355295007054579
0.13806085974017	0.0349020150681185
-0.374056649896452	0.10984667872003
-1.16180306616162	0.360626829502971
0.92732486785368	0.24306890205782
3.91855812891033	1.72940162808931
0.804954811703476	0.345472225969279
0.92732486785368	0.24306890205782
0.139073148904902	0.0266055202308437
0.139073148904902	0.0266055202308437
1.43184622835253	0.479292741706694
0.141168720466643	0.026788068800843
-1.80190156331263	0.405310176911618
-1.16255649541829	0.360535388481223
1.95256933090985	0.464168557061862
-1.80190156331263	0.405310176911618
-1.80190156331263	0.405310176911618
-0.654165411001464	0.159831562379876
-0.749462000858586	0.2621567593617
0.925979622549504	0.243736825113843
-2.09051641699184	0.975356223053455
2.74438259751335	0.780038400688451
-0.649319222104321	0.16021039083734
1.80273428484614	0.698964218585329
-0.750500136544216	0.262945921354945
-1.80211551800213	0.40518546889285
1.95256933090985	0.464168557061862
0.139847419253076	0.0352678773972538
0.929670085417592	0.244778423912617
0.926974875419701	0.246284209674963
-0.415907891675929	0.231490315937551
0.134073230654708	0.0460155036809627
0.139073148904902	0.0266055202308437
0.133621657798323	0.0257280473816019
0.927971507294548	0.243537608899139
0.139073148904902	0.0266055202308437
0.922124936246008	0.243516971274684
0.133516783675935	0.0336393793939088
-0.243489732986148	0.0812398100864258
-1.16076621190063	0.359385238156804
-1.80211551800213	0.40518546889285
0.133621657798323	0.0257280473816019
-2.58468514934926	0.681926813759725
-0.649677393302236	0.159121336474823
-0.800133349206143	0.439447391459831
0.138169594891086	0.0265198668009027
3.62467162070288	1.43500145314363
1.30580229922326	0.576935208796654
1.95256933090985	0.464168557061862
0.140605369101782	0.0351308802058006
-0.544081214106925	0.211880882351101
-2.58945281070023	0.683631203527574
0.138169594891086	0.0265198668009027
1.42719460355007	0.477448564652232
-0.37705103334154	0.111772840936855
0.509745998189105	0.180414904745058
0.133806777422593	0.0455041881577386
0.646660380501026	0.201890156969149
0.134542642796399	0.0341445690681232
3.25422405878576	1.0988640104023
0.138618353811657	0.0265211219118666
1.95338582999428	0.463576578510391
-0.649677393302236	0.159121336474823
-2.58557826662177	0.681302812577655
2.7479767545239	0.782066977880158
0.134542642796399	0.0341445690681232
-1.80190156331263	0.405310176911618
-0.648677249821696	0.158587087101144
2.74531503858304	0.788587032684406
0.138169594891086	0.0265198668009027
1.42898338960615	0.478193832396807
0.139073148904902	0.0266055202308437
0.512994189853566	0.184777044587054
2.7462498006239	0.778261278020301
0.137716344096337	0.0264356853006178
1.8007131844382	0.713314573443425
-3.46924124245495	1.26110671680306
-0.378051187678928	0.111023447161183
-1.16255649541829	0.360535388481223
1.43184622835253	0.479292741706694
0.925335174824177	0.243267565805426
-0.749707900448518	0.266629197702648
-0.649319222104321	0.16021039083734
0.930671315320304	0.244899140334393
0.138618353811657	0.0265211219118666
0.139073148904902	0.0266055202308437
3.2493353238897	1.10864834370629
0.890165575625618	0.483506941346857
1.95338582999428	0.463576578510391
1.42395946891673	0.472583961120929
0.141628868364635	0.0268733845859336
0.641657829571976	0.201878292806112
0.136676224470739	0.0411018975580698
2.33765175135287	1.18205678305794
1.42795516831077	0.478570790474717
0.128532989649213	0.0387330108702786
0.929670085417592	0.244778423912617
0.138169594891086	0.0265198668009027
1.00999964610321	0.38485082720045
-0.368970569520409	0.108704530129129
0.13269968256925	0.0511668869959815
2.74531503858304	0.788587032684406
4.16524424719338	1.9963782573534
1.30184132398035	0.572606547674884
-1.53732327136021	0.558096879249065
2.26346993464839	1.75527090956091
-1.04569085125238	0.424269012979002
-0.62227249947377	0.30114408595004
-1.84364570734871	0.769128563045154
-0.0768905749579835	0.0328466880169167
-0.376278890867832	0.110765860075796
-0.377823620534237	0.111128034755999
0.927971507294548	0.243537608899139
-0.541486546335587	0.211448846736342
-0.540837584872468	0.211287314007882
0.488126235191128	0.304091296854348
-0.799622314144658	0.691921917768065
0.323849484057832	0.179922635132115
-0.112342313132849	0.0449811945404351
0.427316565804675	0.173552865810992
-0.244439790893105	0.0807612783384271
0.782499033606491	0.459028364096612
0.149640397054227	0.0784026675963137
-0.502420373004295	0.262064592528881
0.300784478464663	0.195919906397695
0.832597009684553	0.574265014329915
0.329676638658938	0.183285115863043
1.34883632027598	1.23370616621215
0.784081768775011	0.459311087985467
0.38028922997406	0.171691890692594
0.640204384260695	0.202440736609696
0.885062961172869	0.475250685703186
1.05288509231584	0.508043603644826
0.13273416326183	0.0446282262586656
-0.165320765543476	0.0607703071733124
0.639275982487849	0.450329942765113
-0.118586866959407	0.0472095058084317
0.780276343353852	0.468382954742763
0.678016177058057	0.317212663858027
0.142408810066052	0.0542361673425508
0.301434031632936	0.194470092778618
-0.696201437955865	0.554176424868565
0.526779070359649	0.292806744788563
0.698400378296503	0.458706370421434
0.505530077695085	0.312716054352514
1.61244488258851	1.12815236230667
0.450442878260587	0.290081212783315
-0.03728462678901	0.0178209782766589
0.329646457848539	0.182509017059594
0.636706161715273	0.450720909481626
-1.48096622077871	1.03690184958461
0.775218541888266	0.463255120635734
0.848102384473537	0.620916141834385
0.125033303465894	0.0428637016829975
0.787768134767552	0.61340404990663
0.593235457096343	0.308633791534247
-0.493170518144589	0.251891210854475
0.673835940333249	0.316446429142655
0.842008386257907	0.597035904152099
0.978385786970639	0.784444278473803
0.940683073825673	0.635973468584605
-0.555241016050424	0.355422550301378
0.950966938619911	0.636796096143463
0.939321116112458	0.623522622047829
0.328302446071064	0.182485872600745
